score,conf
0.6157148,0.6157148
0.5560659,0.5560659
0.56737787,0.56737787
0.5695593,0.5695593
0.59671587,0.59671587
0.6124185,0.6124185
0.6087746,0.6087746
0.62468845,0.62468845
0.5956201,0.5956201
0.6018475,0.6018475
0.5884721,0.5884721
0.5125227,0.5125227
0.49368468,0.49368468
0.4749094,0.4749094
0.55223846,0.55223846
0.49751967,0.49751967
0.4512685,0.4512685
0.5475338,0.5475338
0.6027524,0.6027524
0.5841957,0.5841957
0.47869432,0.47869432
0.5367647,0.5367647
0.4481992,0.4481992
0.5123921,0.5123921
0.38826275,0.38826275
0.46130013,0.46130013
0.41489714,0.41489714
0.56624436,0.56624436
0.6267284,0.6267284
0.6355176,0.6355176
0.62825817,0.62825817
0.5907492,0.5907492
0.54941803,0.54941803
0.5082834,0.5082834
0.38659248,0.38659248
0.56229126,0.56229126
0.5891575,0.5891575
0.56906724,0.56906724
0.61156714,0.61156714
0.48766842,0.48766842
0.59275866,0.59275866
0.52971125,0.52971125
0.52719057,0.52719057
0.5924667,0.5924667
0.5787443,0.5787443
0.6453459,0.6453459
0.5568187,0.5568187
0.5715002,0.5715002
0.5907014,0.5907014
0.6394336,0.6394336
0.6068688,0.6068688
0.65084887,0.65084887
0.5687913,0.5687913
0.6290765,0.6290765
0.61891764,0.61891764
0.6035671,0.6035671
0.5628426,0.5628426
0.62194383,0.62194383
0.58740324,0.58740324
0.60672396,0.60672396
0.5647611,0.5647611
0.57420456,0.57420456
0.5653623,0.5653623
0.43249476,0.43249476
0.44509968,0.44509968
0.58907115,0.58907115
0.5414715,0.5414715
0.58860725,0.58860725
0.6263519,0.6263519
0.5771316,0.5771316
0.6009101,0.6009101
0.59820014,0.59820014
0.6116616,0.6116616
0.56339777,0.56339777
0.6335032,0.6335032
0.60721606,0.60721606
0.6313478,0.6313478
0.60004336,0.60004336
0.6070766,0.6070766
0.5662481,0.5662481
0.71419203,0.71419203
0.5718323,0.5718323
0.5778293,0.5778293
0.5825932,0.5825932
0.63434285,0.63434285
0.6489402,0.6489402
0.54581326,0.54581326
0.57292986,0.57292986
0.6037153,0.6037153
0.60029906,0.60029906
0.58217895,0.58217895
0.5910852,0.5910852
0.5811602,0.5811602
0.55974686,0.55974686
0.6008658,0.6008658
0.60136515,0.60136515
0.64733,0.64733
0.58135754,0.58135754
0.572414,0.572414
0.6342726,0.6342726
0.5931832,0.5931832
0.6177464,0.6177464
0.5864457,0.5864457
0.5537909,0.5537909
0.6286454,0.6286454
0.61122423,0.61122423
0.61541146,0.61541146
0.6365873,0.6365873
0.64522874,0.64522874
0.60801697,0.60801697
0.5980792,0.5980792
0.56749487,0.56749487
0.5910086,0.5910086
0.6471077,0.6471077
0.60870105,0.60870105
0.59056115,0.59056115
0.64125687,0.64125687
0.59627146,0.59627146
0.5457414,0.5457414
0.59968024,0.59968024
0.65879667,0.65879667
0.6061544,0.6061544
0.5719884,0.5719884
0.6443905,0.6443905
0.6306492,0.6306492
0.5713583,0.5713583
0.6127308,0.6127308
0.61944866,0.61944866
0.6028073,0.6028073
0.6048022,0.6048022
0.5777633,0.5777633
0.61959213,0.61959213
0.6152647,0.6152647
0.629723,0.629723
0.6229156,0.6229156
0.63375545,0.63375545
0.6024696,0.6024696
0.5427651,0.5427651
0.6141702,0.6141702
0.6058411,0.6058411
0.5639119,0.5639119
0.6245352,0.6245352
0.60292345,0.60292345
0.63125384,0.63125384
0.6386163,0.6386163
0.6411028,0.6411028
0.6093138,0.6093138
0.578873,0.578873
0.64961654,0.64961654
0.59919786,0.59919786
0.57495713,0.57495713
0.56871545,0.56871545
0.58724123,0.58724123
0.59962195,0.59962195
0.60100496,0.60100496
0.5766761,0.5766761
0.640278,0.640278
0.56196284,0.56196284
0.63957155,0.63957155
0.60396016,0.60396016
0.6344844,0.6344844
0.5810645,0.5810645
0.5695121,0.5695121
0.57858276,0.57858276
0.6770676,0.6770676
0.61210555,0.61210555
0.6571251,0.6571251
0.6154137,0.6154137
0.60932136,0.60932136
0.56809,0.56809
0.60179013,0.60179013
0.5803322,0.5803322
0.56819874,0.56819874
0.6198107,0.6198107
0.5815095,0.5815095
0.59722316,0.59722316
0.5921074,0.5921074
0.5463116,0.5463116
0.5381824,0.5381824
0.6345075,0.6345075
0.6513411,0.6513411
0.5550046,0.5550046
0.5322974,0.5322974
0.640518,0.640518
0.5716957,0.5716957
0.55423987,0.55423987
0.4823448,0.4823448
0.4585361,0.4585361
0.47522917,0.47522917
0.5046876,0.5046876
0.40274227,0.40274227
0.5770772,0.5770772
0.5880701,0.5880701
0.6369825,0.6369825
0.5957787,0.5957787
0.62975645,0.62975645
0.6107987,0.6107987
0.56115055,0.56115055
0.55242294,0.55242294
0.57760096,0.57760096
0.605476,0.605476
0.5826826,0.5826826
0.60023963,0.60023963
0.5754356,0.5754356
0.59065706,0.59065706
0.57400686,0.57400686
0.62308913,0.62308913
0.5894323,0.5894323
0.6285679,0.6285679
0.61578983,0.61578983
0.58434296,0.58434296
0.59780127,0.59780127
0.49653077,0.49653077
0.6439447,0.6439447
0.45764,0.45764
0.3632206,0.3632206
0.545384,0.545384
0.59983695,0.59983695
0.53689116,0.53689116
0.40688622,0.40688622
0.4554399,0.4554399
0.5294758,0.5294758
0.51893157,0.51893157
0.51791835,0.51791835
0.47413364,0.47413364
0.4362903,0.4362903
0.53914505,0.53914505
0.42822248,0.42822248
0.5416887,0.5416887
0.37293792,0.37293792
0.4237445,0.4237445
0.43256328,0.43256328
0.43193206,0.43193206
0.5297958,0.5297958
0.35498938,0.35498938
0.4828285,0.4828285
0.42323098,0.42323098
0.57043,0.57043
0.5894202,0.5894202
0.4579563,0.4579563
0.48850816,0.48850816
0.5895434,0.5895434
0.5827522,0.5827522
0.6150999,0.6150999
0.60631305,0.60631305
0.62410915,0.62410915
0.59180886,0.59180886
0.58797973,0.58797973
0.49820563,0.49820563
0.632044,0.632044
0.636107,0.636107
0.5905689,0.5905689
0.629001,0.629001
0.58870864,0.58870864
0.6119217,0.6119217
0.5718371,0.5718371
0.6147279,0.6147279
0.6101053,0.6101053
0.6084453,0.6084453
0.5521072,0.5521072
0.61029255,0.61029255
0.63992745,0.63992745
0.5799345,0.5799345
0.61742014,0.61742014
0.6247989,0.6247989
0.60755754,0.60755754
0.5654045,0.5654045
0.65016204,0.65016204
0.57176197,0.57176197
0.6009416,0.6009416
0.6383055,0.6383055
0.55986965,0.55986965
0.60213184,0.60213184
0.6051103,0.6051103
0.64915824,0.64915824
0.5943815,0.5943815
0.57361186,0.57361186
0.6020313,0.6020313
0.62618804,0.62618804
0.59132034,0.59132034
0.6278182,0.6278182
0.62865824,0.62865824
0.5971254,0.5971254
0.5471313,0.5471313
0.5555627,0.5555627
0.5617739,0.5617739
0.5632074,0.5632074
0.5913852,0.5913852
0.58739173,0.58739173
0.60085917,0.60085917
0.6257191,0.6257191
0.5823944,0.5823944
0.59939027,0.59939027
0.5887987,0.5887987
0.5827388,0.5827388
0.58033884,0.58033884
0.5888305,0.5888305
0.5728074,0.5728074
0.5815621,0.5815621
0.5679971,0.5679971
0.6126243,0.6126243
0.6134267,0.6134267
0.6162697,0.6162697
0.52719504,0.52719504
0.6008471,0.6008471
0.5877046,0.5877046
0.6016045,0.6016045
0.58326817,0.58326817
0.60098535,0.60098535
0.5735441,0.5735441
0.5619132,0.5619132
0.6112101,0.6112101
0.5868455,0.5868455
0.6046844,0.6046844
0.60588384,0.60588384
0.58861023,0.58861023
0.58322567,0.58322567
0.51905483,0.51905483
0.56599253,0.56599253
0.6178932,0.6178932
0.64418364,0.64418364
0.54419804,0.54419804
0.5454845,0.5454845
0.554464,0.554464
0.5506168,0.5506168
0.53467906,0.53467906
0.54360414,0.54360414
0.4762921,0.4762921
0.5516735,0.5516735
0.45041394,0.45041394
0.51827544,0.51827544
0.46902937,0.46902937
0.6680045,0.6680045
0.6203691,0.6203691
0.62285596,0.62285596
0.6685239,0.6685239
0.589626,0.589626
0.53481853,0.53481853
0.58431536,0.58431536
0.5290454,0.5290454
0.6068451,0.6068451
0.64009976,0.64009976
0.61192834,0.61192834
0.59314716,0.59314716
0.5324381,0.5324381
0.5837916,0.5837916
0.5900871,0.5900871
0.61580294,0.61580294
0.5435363,0.5435363
0.6420778,0.6420778
0.617783,0.617783
0.6110665,0.6110665
0.5232799,0.5232799
0.59173924,0.59173924
0.593433,0.593433
0.5449868,0.5449868
0.6299507,0.6299507
0.5992022,0.5992022
0.6496226,0.6496226
0.5661563,0.5661563
0.61892307,0.61892307
0.5961969,0.5961969
0.6246819,0.6246819
0.6245634,0.6245634
0.62402666,0.62402666
0.618817,0.618817
0.5698674,0.5698674
0.561604,0.561604
0.49653232,0.49653232
0.43983117,0.43983117
0.5619261,0.5619261
0.55203253,0.55203253
0.60049015,0.60049015
0.6168741,0.6168741
0.5634279,0.5634279
0.6348241,0.6348241
0.62824833,0.62824833
0.66773117,0.66773117
0.53941154,0.53941154
0.6025712,0.6025712
0.59473443,0.59473443
0.599275,0.599275
0.58090127,0.58090127
0.567225,0.567225
0.5744271,0.5744271
0.6462575,0.6462575
0.6156499,0.6156499
0.5863937,0.5863937
0.564253,0.564253
0.5886565,0.5886565
0.5977468,0.5977468
0.57504153,0.57504153
0.6061599,0.6061599
0.6001854,0.6001854
0.56693846,0.56693846
0.5996765,0.5996765
0.6369573,0.6369573
0.56841505,0.56841505
0.6181002,0.6181002
0.57681376,0.57681376
0.610366,0.610366
0.62947834,0.62947834
0.60585606,0.60585606
0.6272062,0.6272062
0.6268647,0.6268647
0.58423597,0.58423597
0.58414197,0.58414197
0.62432355,0.62432355
0.5593087,0.5593087
0.5907408,0.5907408
0.63317984,0.63317984
0.59250295,0.59250295
0.64816207,0.64816207
0.60194474,0.60194474
0.6009311,0.6009311
0.56398815,0.56398815
0.5668965,0.5668965
0.58721113,0.58721113
0.60027975,0.60027975
0.58797145,0.58797145
0.60113317,0.60113317
0.61347646,0.61347646
0.63484836,0.63484836
0.53265744,0.53265744
0.56990236,0.56990236
0.6059441,0.6059441
0.6078676,0.6078676
0.6198069,0.6198069
0.627073,0.627073
0.610804,0.610804
0.5938638,0.5938638
0.57672745,0.57672745
0.6227604,0.6227604
0.6046819,0.6046819
0.5882287,0.5882287
0.58979684,0.58979684
0.6024781,0.6024781
0.61251616,0.61251616
0.58954376,0.58954376
0.61707973,0.61707973
0.6132395,0.6132395
0.61424434,0.61424434
0.5855588,0.5855588
0.55287033,0.55287033
0.6016484,0.6016484
0.57948214,0.57948214
0.61729145,0.61729145
0.6593803,0.6593803
0.65022945,0.65022945
0.5818993,0.5818993
0.64887726,0.64887726
0.6056685,0.6056685
0.58886254,0.58886254
0.62565494,0.62565494
0.6147941,0.6147941
0.5739337,0.5739337
0.58847797,0.58847797
0.6094738,0.6094738
0.6088804,0.6088804
0.5901221,0.5901221
0.5602889,0.5602889
0.6627853,0.6627853
0.58019125,0.58019125
0.63981694,0.63981694
0.5724376,0.5724376
0.6070456,0.6070456
0.60642534,0.60642534
0.58390796,0.58390796
0.58404714,0.58404714
0.62907237,0.62907237
0.58994114,0.58994114
0.57503027,0.57503027
0.5553202,0.5553202
0.55214274,0.55214274
0.56023026,0.56023026
0.5999457,0.5999457
0.6052147,0.6052147
0.6251398,0.6251398
0.5897243,0.5897243
0.63842523,0.63842523
0.61911994,0.61911994
0.6008393,0.6008393
0.5980727,0.5980727
0.5812988,0.5812988
0.6079564,0.6079564
0.5688442,0.5688442
0.6111109,0.6111109
0.5800307,0.5800307
0.5829296,0.5829296
0.6238428,0.6238428
0.5935051,0.5935051
0.6691291,0.6691291
0.60087997,0.60087997
0.603155,0.603155
0.53704643,0.53704643
0.60038495,0.60038495
0.5978391,0.5978391
0.58837885,0.58837885
0.5844813,0.5844813
0.5926587,0.5926587
0.5755421,0.5755421
0.58662635,0.58662635
0.6301434,0.6301434
0.5680801,0.5680801
0.6084339,0.6084339
0.58595353,0.58595353
0.58565706,0.58565706
0.61032724,0.61032724
0.61978096,0.61978096
0.5687339,0.5687339
0.42795876,0.42795876
0.50460577,0.50460577
0.48655695,0.48655695
0.65070766,0.65070766
0.4858944,0.4858944
0.502304,0.502304
0.4514943,0.4514943
0.47595662,0.47595662
0.47374105,0.47374105
0.6178499,0.6178499
0.5882319,0.5882319
0.61051285,0.61051285
0.57407886,0.57407886
0.5097539,0.5097539
0.4257461,0.4257461
0.5111707,0.5111707
0.5294646,0.5294646
0.5164056,0.5164056
0.48866647,0.48866647
0.4411684,0.4411684
0.5846365,0.5846365
0.38076556,0.38076556
0.4650556,0.4650556
0.43475482,0.43475482
0.5257279,0.5257279
0.6128748,0.6128748
0.4514885,0.4514885
0.5066942,0.5066942
0.50148684,0.50148684
0.50072694,0.50072694
0.45288038,0.45288038
0.63834906,0.63834906
0.59138423,0.59138423
0.47259235,0.47259235
0.5314477,0.5314477
0.4989942,0.4989942
0.48577574,0.48577574
0.52588993,0.52588993
0.5093541,0.5093541
0.5143408,0.5143408
0.63847876,0.63847876
0.5899471,0.5899471
0.52746546,0.52746546
0.52798915,0.52798915
0.4653901,0.4653901
0.41207016,0.41207016
0.5735617,0.5735617
0.6097782,0.6097782
0.42434725,0.42434725
0.475385,0.475385
0.47578013,0.47578013
0.42493856,0.42493856
0.41355643,0.41355643
0.5759123,0.5759123
0.48624998,0.48624998
0.4874231,0.4874231
0.41698185,0.41698185
0.44785088,0.44785088
0.6278592,0.6278592
0.6243144,0.6243144
0.6262981,0.6262981
0.3632652,0.3632652
0.4105576,0.4105576
0.47310045,0.47310045
0.43971702,0.43971702
0.48551315,0.48551315
0.40439156,0.40439156
0.50818884,0.50818884
0.6133453,0.6133453
0.65205514,0.65205514
0.6158948,0.6158948
0.57689226,0.57689226
0.62258774,0.62258774
0.60592425,0.60592425
0.63102174,0.63102174
0.62696415,0.62696415
0.6307975,0.6307975
0.6267735,0.6267735
0.581304,0.581304
0.5863443,0.5863443
0.6103029,0.6103029
0.6128927,0.6128927
0.6466531,0.6466531
0.5810746,0.5810746
0.6322042,0.6322042
0.63682735,0.63682735
0.58311707,0.58311707
0.5929873,0.5929873
0.60081244,0.60081244
0.61876154,0.61876154
0.5952952,0.5952952
0.63684905,0.63684905
0.5941568,0.5941568
0.6635491,0.6635491
0.59678274,0.59678274
0.6210328,0.6210328
0.624568,0.624568
0.6130841,0.6130841
0.61410373,0.61410373
0.619593,0.619593
0.6195081,0.6195081
0.5982764,0.5982764
0.5882601,0.5882601
0.5758972,0.5758972
0.5547037,0.5547037
0.6537782,0.6537782
0.5818794,0.5818794
0.6053719,0.6053719
0.5559955,0.5559955
0.6330706,0.6330706
0.6114895,0.6114895
0.29586717,0.29586717
0.39086106,0.39086106
0.40539515,0.40539515
0.3918657,0.3918657
0.4106606,0.4106606
0.3642314,0.3642314
0.41057804,0.41057804
0.51563096,0.51563096
0.48226607,0.48226607
0.4894201,0.4894201
0.47406963,0.47406963
0.41009545,0.41009545
0.4308908,0.4308908
0.62573737,0.62573737
0.60591793,0.60591793
0.63971066,0.63971066
0.413905,0.413905
0.4941736,0.4941736
0.4694359,0.4694359
0.5006645,0.5006645
0.67052835,0.67052835
0.66206133,0.66206133
0.52513933,0.52513933
0.49428082,0.49428082
0.49807343,0.49807343
0.43181998,0.43181998
0.45648274,0.45648274
0.46445337,0.46445337
0.49308884,0.49308884
0.46051916,0.46051916
0.42420352,0.42420352
0.4246459,0.4246459
0.42320725,0.42320725
0.5314496,0.5314496
0.526354,0.526354
0.39234117,0.39234117
0.5473642,0.5473642
0.6099326,0.6099326
0.40176573,0.40176573
0.5712848,0.5712848
0.6187594,0.6187594
0.5684984,0.5684984
0.65893143,0.65893143
0.3554321,0.3554321
0.41311613,0.41311613
0.62587655,0.62587655
0.38033342,0.38033342
0.5121412,0.5121412
0.56213444,0.56213444
0.43368772,0.43368772
0.39347214,0.39347214
0.5778147,0.5778147
0.5804837,0.5804837
0.37767735,0.37767735
0.45363623,0.45363623
0.4151063,0.4151063
0.38021013,0.38021013
0.3883321,0.3883321
0.40934125,0.40934125
0.60340035,0.60340035
0.6220625,0.6220625
0.44823992,0.44823992
0.4229386,0.4229386
0.558338,0.558338
0.39053842,0.39053842
0.4368623,0.4368623
0.45051613,0.45051613
0.41939095,0.41939095
0.59963673,0.59963673
0.56366384,0.56366384
0.4274727,0.4274727
0.4024232,0.4024232
0.63091785,0.63091785
0.5653959,0.5653959
0.6037509,0.6037509
0.66628414,0.66628414
0.58263206,0.58263206
0.5399096,0.5399096
0.49541226,0.49541226
0.45305264,0.45305264
0.44601682,0.44601682
0.45942312,0.45942312
0.48548272,0.48548272
0.47170612,0.47170612
0.43625823,0.43625823
0.42169997,0.42169997
0.6615718,0.6615718
0.6336913,0.6336913
0.6253642,0.6253642
0.43275586,0.43275586
0.5060066,0.5060066
0.45560443,0.45560443
0.48152965,0.48152965
0.5735982,0.5735982
0.46366656,0.46366656
0.44012073,0.44012073
0.41692293,0.41692293
0.49351048,0.49351048
0.47788382,0.47788382
0.49894193,0.49894193
0.37398762,0.37398762
0.4322446,0.4322446
0.55841666,0.55841666
0.5269641,0.5269641
0.34610966,0.34610966
0.38700432,0.38700432
0.3839848,0.3839848
0.41296732,0.41296732
0.43377966,0.43377966
0.49429545,0.49429545
0.5098239,0.5098239
0.55087095,0.55087095
0.44768524,0.44768524
0.35019657,0.35019657
0.3822666,0.3822666
0.43671876,0.43671876
0.44414967,0.44414967
0.6562361,0.6562361
0.60749066,0.60749066
0.54499274,0.54499274
0.5188886,0.5188886
0.5194401,0.5194401
0.49313024,0.49313024
0.67103523,0.67103523
0.50245434,0.50245434
0.4845041,0.4845041
0.44994932,0.44994932
0.45183328,0.45183328
0.48367134,0.48367134
0.48080212,0.48080212
0.46397823,0.46397823
0.3879529,0.3879529
0.3336234,0.3336234
0.40160424,0.40160424
0.41065142,0.41065142
0.39346212,0.39346212
0.5096375,0.5096375
0.42738995,0.42738995
0.43011984,0.43011984
0.522409,0.522409
0.5902852,0.5902852
0.5047589,0.5047589
0.49426892,0.49426892
0.44649234,0.44649234
0.43263426,0.43263426
0.61320454,0.61320454
0.66588604,0.66588604
0.5703078,0.5703078
0.5701655,0.5701655
0.6049874,0.6049874
0.56976277,0.56976277
0.5994945,0.5994945
0.534615,0.534615
0.59219897,0.59219897
0.4441472,0.4441472
0.51382256,0.51382256
0.4939967,0.4939967
0.42401767,0.42401767
0.47036535,0.47036535
0.49491292,0.49491292
0.48730734,0.48730734
0.46441674,0.46441674
0.5349939,0.5349939
0.5004362,0.5004362
0.6150739,0.6150739
0.66797686,0.66797686
0.38767055,0.38767055
0.49976757,0.49976757
0.5010052,0.5010052
0.49249792,0.49249792
0.44285533,0.44285533
0.4700662,0.4700662
0.36833617,0.36833617
0.4455066,0.4455066
0.38411635,0.38411635
0.48295337,0.48295337
0.4454573,0.4454573
0.4237954,0.4237954
0.4721579,0.4721579
0.42173186,0.42173186
0.44255573,0.44255573
0.47384152,0.47384152
0.4544075,0.4544075
0.42276663,0.42276663
0.46708992,0.46708992
0.5902505,0.5902505
0.6065117,0.6065117
0.5847431,0.5847431
0.58098036,0.58098036
0.606873,0.606873
0.529803,0.529803
0.4250341,0.4250341
0.6358336,0.6358336
0.45510617,0.45510617
0.5496282,0.5496282
0.48474553,0.48474553
0.53689784,0.53689784
0.5045393,0.5045393
0.41514224,0.41514224
0.45748943,0.45748943
0.46822122,0.46822122
0.44801417,0.44801417
0.6124486,0.6124486
0.58447737,0.58447737
0.4229021,0.4229021
0.48287717,0.48287717
0.528557,0.528557
0.50285727,0.50285727
0.43925408,0.43925408
0.4287759,0.4287759
0.62489045,0.62489045
0.7154771,0.7154771
0.59104896,0.59104896
0.5789976,0.5789976
0.43314612,0.43314612
0.43814024,0.43814024
0.4946185,0.4946185
0.5221994,0.5221994
0.52408034,0.52408034
0.5246622,0.5246622
0.42758757,0.42758757
0.6024037,0.6024037
0.61354625,0.61354625
0.61937284,0.61937284
0.5813477,0.5813477
0.6038863,0.6038863
0.56170565,0.56170565
0.6064757,0.6064757
0.4876815,0.4876815
0.5668111,0.5668111
0.57690924,0.57690924
0.4039702,0.4039702
0.48303488,0.48303488
0.46882227,0.46882227
0.48728386,0.48728386
0.52614456,0.52614456
0.480392,0.480392
0.56978536,0.56978536
0.486754,0.486754
0.43267408,0.43267408
0.4084417,0.4084417
0.49475983,0.49475983
0.53122574,0.53122574
0.434963,0.434963
0.485235,0.485235
0.4961938,0.4961938
0.4824076,0.4824076
0.6102418,0.6102418
0.57370424,0.57370424
0.52117485,0.52117485
0.42510998,0.42510998
0.38604861,0.38604861
0.4184203,0.4184203
0.5821365,0.5821365
0.52759856,0.52759856
0.53427637,0.53427637
0.55360323,0.55360323
0.4440515,0.4440515
0.41050303,0.41050303
0.4356417,0.4356417
0.4645832,0.4645832
0.45405874,0.45405874
0.44679496,0.44679496
0.41669834,0.41669834
0.41859028,0.41859028
0.3721291,0.3721291
0.51773036,0.51773036
0.59660035,0.59660035
0.5134564,0.5134564
0.40002,0.40002
0.38846135,0.38846135
0.4752592,0.4752592
0.58310443,0.58310443
0.42332235,0.42332235
0.46967527,0.46967527
0.61005914,0.61005914
0.3855003,0.3855003
0.43051192,0.43051192
0.3984225,0.3984225
0.38592723,0.38592723
0.42225143,0.42225143
0.63978964,0.63978964
0.5913368,0.5913368
0.56677663,0.56677663
0.42463037,0.42463037
0.45150793,0.45150793
0.4700484,0.4700484
0.46790063,0.46790063
0.6093716,0.6093716
0.5459499,0.5459499
0.3792666,0.3792666
0.41051814,0.41051814
0.44954628,0.44954628
0.37584245,0.37584245
0.43299052,0.43299052
0.45515087,0.45515087
0.40550265,0.40550265
0.49197254,0.49197254
0.48220834,0.48220834
0.48775765,0.48775765
0.46512857,0.46512857
0.4255252,0.4255252
0.41422337,0.41422337
0.5694137,0.5694137
0.49401832,0.49401832
0.41854513,0.41854513
0.39260775,0.39260775
0.43183178,0.43183178
0.47688138,0.47688138
0.52269155,0.52269155
0.49021584,0.49021584
0.5345773,0.5345773
0.5464935,0.5464935
0.5482055,0.5482055
0.504308,0.504308
0.49787867,0.49787867
0.47482014,0.47482014
0.4386741,0.4386741
0.4364293,0.4364293
0.48131305,0.48131305
0.5937635,0.5937635
0.61206424,0.61206424
0.6696359,0.6696359
0.47711873,0.47711873
0.4255618,0.4255618
0.43402576,0.43402576
0.3771241,0.3771241
0.65472364,0.65472364
0.39083946,0.39083946
0.4966503,0.4966503
0.4182034,0.4182034
0.47833365,0.47833365
0.42993966,0.42993966
0.63422316,0.63422316
0.6285279,0.6285279
0.42445412,0.42445412
0.43449333,0.43449333
0.43070865,0.43070865
0.6131563,0.6131563
0.57382894,0.57382894
0.4156649,0.4156649
0.40062663,0.40062663
0.36896515,0.36896515
0.476051,0.476051
0.39533547,0.39533547
0.46418938,0.46418938
0.51981574,0.51981574
0.44272318,0.44272318
0.44393483,0.44393483
0.4842124,0.4842124
0.46954608,0.46954608
0.43462852,0.43462852
0.4335336,0.4335336
0.49833494,0.49833494
0.64535874,0.64535874
0.5734965,0.5734965
0.5422155,0.5422155
0.5677858,0.5677858
0.40523744,0.40523744
0.41860774,0.41860774
0.587338,0.587338
0.5872482,0.5872482
0.6029377,0.6029377
0.64986825,0.64986825
0.44321212,0.44321212
0.4280936,0.4280936
0.4673122,0.4673122
0.49983078,0.49983078
0.63570017,0.63570017
0.3861004,0.3861004
0.6252434,0.6252434
0.63918257,0.63918257
0.49919167,0.49919167
0.49395862,0.49395862
0.51198864,0.51198864
0.41846794,0.41846794
0.6349821,0.6349821
0.5051275,0.5051275
0.528737,0.528737
0.45784298,0.45784298
0.44096088,0.44096088
0.5954947,0.5954947
0.50335485,0.50335485
0.49050316,0.49050316
0.61369044,0.61369044
0.60777545,0.60777545
0.61827666,0.61827666
0.6200877,0.6200877
0.66431767,0.66431767
0.627045,0.627045
0.62733376,0.62733376
0.5897755,0.5897755
0.51161414,0.51161414
0.5358265,0.5358265
0.51950574,0.51950574
0.60657495,0.60657495
0.6547607,0.6547607
0.6020981,0.6020981
0.5930867,0.5930867
0.5691609,0.5691609
0.42154333,0.42154333
0.48720217,0.48720217
0.42989329,0.42989329
0.6346876,0.6346876
0.66333115,0.66333115
0.42274573,0.42274573
0.4582294,0.4582294
0.64725316,0.64725316
0.49152938,0.49152938
0.5795691,0.5795691
0.48482877,0.48482877
0.46680096,0.46680096
0.51514506,0.51514506
0.5019698,0.5019698
0.49078986,0.49078986
0.41718787,0.41718787
0.44816363,0.44816363
0.59116894,0.59116894
0.5316375,0.5316375
0.57064223,0.57064223
0.42431656,0.42431656
0.4538293,0.4538293
0.49161503,0.49161503
0.46737322,0.46737322
0.5022556,0.5022556
0.59745145,0.59745145
0.60520315,0.60520315
0.42590654,0.42590654
0.48801127,0.48801127
0.43438214,0.43438214
0.47051856,0.47051856
0.5657891,0.5657891
0.45433694,0.45433694
0.56215054,0.56215054
0.40290484,0.40290484
0.45621163,0.45621163
0.4205386,0.4205386
0.6494969,0.6494969
0.67810875,0.67810875
0.6399902,0.6399902
0.34862718,0.34862718
0.4123877,0.4123877
0.4941194,0.4941194
0.45951554,0.45951554
0.47938493,0.47938493
0.4801662,0.4801662
0.42715347,0.42715347
0.57037926,0.57037926
0.58248127,0.58248127
0.59850055,0.59850055
0.6099806,0.6099806
0.6123531,0.6123531
0.64742523,0.64742523
0.6140008,0.6140008
0.5767179,0.5767179
0.55007625,0.55007625
0.5968057,0.5968057
0.6278374,0.6278374
0.49388897,0.49388897
0.53147465,0.53147465
0.4034266,0.4034266
0.54407334,0.54407334
0.50309074,0.50309074
0.52887225,0.52887225
0.5265927,0.5265927
0.51976675,0.51976675
0.43786827,0.43786827
0.47104436,0.47104436
0.4775399,0.4775399
0.45868027,0.45868027
0.43906355,0.43906355
0.47782844,0.47782844
0.6006629,0.6006629
0.53392744,0.53392744
0.50777584,0.50777584
0.52761996,0.52761996
0.5179265,0.5179265
0.599216,0.599216
0.44644368,0.44644368
0.451999,0.451999
0.46775064,0.46775064
0.4638707,0.4638707
0.4435614,0.4435614
0.5066589,0.5066589
0.4120033,0.4120033
0.422383,0.422383
0.4039877,0.4039877
0.43247813,0.43247813
0.5067686,0.5067686
0.356427,0.356427
0.3690972,0.3690972
0.56653816,0.56653816
0.6394383,0.6394383
0.5955277,0.5955277
0.54225147,0.54225147
0.47182992,0.47182992
0.36657676,0.36657676
0.45134318,0.45134318
0.4099935,0.4099935
0.46064803,0.46064803
0.38473165,0.38473165
0.40853915,0.40853915
0.46500364,0.46500364
0.5741427,0.5741427
0.5375042,0.5375042
0.44692692,0.44692692
0.43565348,0.43565348
0.48508418,0.48508418
0.4889546,0.4889546
0.44384116,0.44384116
0.44253424,0.44253424
0.566066,0.566066
0.50689834,0.50689834
0.61112666,0.61112666
0.52098787,0.52098787
0.43225828,0.43225828
0.40955874,0.40955874
0.45714745,0.45714745
0.67753184,0.67753184
0.46960598,0.46960598
0.46502432,0.46502432
0.53602904,0.53602904
0.5563617,0.5563617
0.54049695,0.54049695
0.3253882,0.3253882
0.3689928,0.3689928
0.36040273,0.36040273
0.47022206,0.47022206
0.6142883,0.6142883
0.544737,0.544737
0.44305667,0.44305667
0.45961535,0.45961535
0.60428745,0.60428745
0.5109361,0.5109361
0.38191175,0.38191175
0.43859723,0.43859723
0.62001455,0.62001455
0.6146262,0.6146262
0.3322918,0.3322918
0.4102472,0.4102472
0.41973317,0.41973317
0.34440252,0.34440252
0.4699898,0.4699898
0.5120172,0.5120172
0.5249633,0.5249633
0.5299569,0.5299569
0.41284457,0.41284457
0.4572045,0.4572045
0.46366698,0.46366698
0.43769234,0.43769234
0.39413407,0.39413407
0.40374574,0.40374574
0.41043815,0.41043815
0.5611273,0.5611273
0.4292568,0.4292568
0.6439828,0.6439828
0.5878023,0.5878023
0.6768093,0.6768093
0.4627279,0.4627279
0.48339194,0.48339194
0.5262628,0.5262628
0.572657,0.572657
0.6216012,0.6216012
0.5621516,0.5621516
0.63049686,0.63049686
0.528847,0.528847
0.46123987,0.46123987
0.48351,0.48351
0.387168,0.387168
0.66340554,0.66340554
0.44295406,0.44295406
0.46176094,0.46176094
0.658789,0.658789
0.6301264,0.6301264
0.3766785,0.3766785
0.57296133,0.57296133
0.6113597,0.6113597
0.6496861,0.6496861
0.6216029,0.6216029
0.3604555,0.3604555
0.4099963,0.4099963
0.39334792,0.39334792
0.46094856,0.46094856
0.45435125,0.45435125
0.54399693,0.54399693
0.6196506,0.6196506
0.57084125,0.57084125
0.553562,0.553562
0.55531853,0.55531853
0.5294084,0.5294084
0.5354095,0.5354095
0.55529547,0.55529547
0.53454614,0.53454614
0.5348524,0.5348524
0.5067478,0.5067478
0.5519928,0.5519928
0.4602795,0.4602795
0.47954068,0.47954068
0.5557973,0.5557973
0.62365407,0.62365407
0.59914994,0.59914994
0.5614081,0.5614081
0.5110039,0.5110039
0.49159232,0.49159232
0.32134318,0.32134318
0.38356313,0.38356313
0.46925932,0.46925932
0.5844829,0.5844829
0.56030124,0.56030124
0.5811011,0.5811011
0.5673577,0.5673577
0.6744055,0.6744055
0.640922,0.640922
0.6120035,0.6120035
0.45889533,0.45889533
0.4662384,0.4662384
0.43183145,0.43183145
0.40240246,0.40240246
0.3680203,0.3680203
0.51119417,0.51119417
0.66293776,0.66293776
0.5832387,0.5832387
0.5723368,0.5723368
0.43521863,0.43521863
0.45727625,0.45727625
0.45644936,0.45644936
0.44708475,0.44708475
0.5180072,0.5180072
0.4561636,0.4561636
0.43507642,0.43507642
0.47426963,0.47426963
0.4309847,0.4309847
0.4854093,0.4854093
0.41511548,0.41511548
0.37462908,0.37462908
0.40763453,0.40763453
0.4051525,0.4051525
0.4325567,0.4325567
0.3829077,0.3829077
0.39830723,0.39830723
0.51540154,0.51540154
0.4163993,0.4163993
0.46594256,0.46594256
0.45845777,0.45845777
0.64264303,0.64264303
0.50525105,0.50525105
0.46740893,0.46740893
0.43554747,0.43554747
0.48089388,0.48089388
0.58026785,0.58026785
0.57178515,0.57178515
0.6044095,0.6044095
0.44727787,0.44727787
0.55047643,0.55047643
0.45063922,0.45063922
0.47157535,0.47157535
0.45620972,0.45620972
0.49505633,0.49505633
0.54802203,0.54802203
0.5247149,0.5247149
0.5926448,0.5926448
0.4053415,0.4053415
0.38090268,0.38090268
0.4202448,0.4202448
0.36488384,0.36488384
0.58877355,0.58877355
0.5116553,0.5116553
0.5695559,0.5695559
0.42798862,0.42798862
0.40960974,0.40960974
0.48845947,0.48845947
0.47633484,0.47633484
0.44156232,0.44156232
0.59396267,0.59396267
0.52160376,0.52160376
0.54003924,0.54003924
0.629329,0.629329
0.5710386,0.5710386
0.45925432,0.45925432
0.48714888,0.48714888
0.53272796,0.53272796
0.5744025,0.5744025
0.5103509,0.5103509
0.32822716,0.32822716
0.4120045,0.4120045
0.4715942,0.4715942
0.4610147,0.4610147
0.43416575,0.43416575
0.4288778,0.4288778
0.46342757,0.46342757
0.4556352,0.4556352
0.51332384,0.51332384
0.6479636,0.6479636
0.6086787,0.6086787
0.57694995,0.57694995
0.6578537,0.6578537
0.43693408,0.43693408
0.5194151,0.5194151
0.3633974,0.3633974
0.3990904,0.3990904
0.31210643,0.31210643
0.41626966,0.41626966
0.3949222,0.3949222
0.5354635,0.5354635
0.58492196,0.58492196
0.40398338,0.40398338
0.42383626,0.42383626
0.54456735,0.54456735
0.55438924,0.55438924
0.5226794,0.5226794
0.44722873,0.44722873
0.48635745,0.48635745
0.49770075,0.49770075
0.44554874,0.44554874
0.5861375,0.5861375
0.44632372,0.44632372
0.42904606,0.42904606
0.5579041,0.5579041
0.60901916,0.60901916
0.6182802,0.6182802
0.57042634,0.57042634
0.596574,0.596574
0.47777262,0.47777262
0.5259491,0.5259491
0.6685718,0.6685718
0.5777812,0.5777812
0.45534083,0.45534083
0.4464146,0.4464146
0.6624409,0.6624409
0.5964192,0.5964192
0.5785544,0.5785544
0.4776369,0.4776369
0.48129153,0.48129153
0.5298009,0.5298009
0.4275836,0.4275836
0.6493554,0.6493554
0.56753135,0.56753135
0.6026879,0.6026879
0.36124095,0.36124095
0.47504917,0.47504917
0.42035276,0.42035276
0.46215403,0.46215403
0.42924777,0.42924777
0.40630338,0.40630338
0.48343173,0.48343173
0.4793421,0.4793421
0.44853422,0.44853422
0.42612785,0.42612785
0.453364,0.453364
0.62656116,0.62656116
0.59702486,0.59702486
0.60177827,0.60177827
0.589276,0.589276
0.6339499,0.6339499
0.62105775,0.62105775
0.6131706,0.6131706
0.57311416,0.57311416
0.5501704,0.5501704
0.60357267,0.60357267
0.55419576,0.55419576
0.58304626,0.58304626
0.6358547,0.6358547
0.606119,0.606119
0.6676992,0.6676992
0.58539015,0.58539015
0.52908605,0.52908605
0.530616,0.530616
0.57773685,0.57773685
0.5447591,0.5447591
0.58326006,0.58326006
0.5028824,0.5028824
0.5766145,0.5766145
0.5675873,0.5675873
0.5032771,0.5032771
0.590741,0.590741
0.6143128,0.6143128
0.62528175,0.62528175
0.6235731,0.6235731
0.6689465,0.6689465
0.6250581,0.6250581
0.6230582,0.6230582
0.60860395,0.60860395
0.6246967,0.6246967
0.55502343,0.55502343
0.4605384,0.4605384
0.44261765,0.44261765
0.4294383,0.4294383
0.46712422,0.46712422
0.60270864,0.60270864
0.58001184,0.58001184
0.409307,0.409307
0.43387952,0.43387952
0.45584312,0.45584312
0.40491366,0.40491366
0.61010677,0.61010677
0.384149,0.384149
0.6350456,0.6350456
0.64097077,0.64097077
0.59971416,0.59971416
0.5956162,0.5956162
0.5931335,0.5931335
0.5376887,0.5376887
0.4088446,0.4088446
0.4817821,0.4817821
0.38462585,0.38462585
0.36883345,0.36883345
0.48174524,0.48174524
0.516129,0.516129
0.59626955,0.59626955
0.62043494,0.62043494
0.50557697,0.50557697
0.45777357,0.45777357
0.43593675,0.43593675
0.3743304,0.3743304
0.41695765,0.41695765
0.4188393,0.4188393
0.4298847,0.4298847
0.41797778,0.41797778
0.42978013,0.42978013
0.5121492,0.5121492
0.48791724,0.48791724
0.4119803,0.4119803
0.55506176,0.55506176
0.6455269,0.6455269
0.71938914,0.71938914
0.3677119,0.3677119
0.48186174,0.48186174
0.5175563,0.5175563
0.56629056,0.56629056
0.3994888,0.3994888
0.5115109,0.5115109
0.489801,0.489801
0.55591697,0.55591697
0.46244767,0.46244767
0.42807752,0.42807752
0.42520693,0.42520693
0.4148356,0.4148356
0.40133187,0.40133187
0.61038107,0.61038107
0.42722484,0.42722484
0.4659207,0.4659207
0.4298915,0.4298915
0.5433569,0.5433569
0.43095714,0.43095714
0.4327435,0.4327435
0.4972828,0.4972828
0.59935784,0.59935784
0.6564372,0.6564372
0.43310475,0.43310475
0.56697667,0.56697667
0.5869105,0.5869105
0.41978174,0.41978174
0.4097301,0.4097301
0.4038841,0.4038841
0.49430576,0.49430576
0.49093658,0.49093658
0.35781613,0.35781613
0.4397259,0.4397259
0.39773014,0.39773014
0.4487571,0.4487571
0.47432446,0.47432446
0.3824299,0.3824299
0.49835274,0.49835274
0.5107314,0.5107314
0.4849057,0.4849057
0.5985181,0.5985181
0.39770752,0.39770752
0.38747895,0.38747895
0.51559985,0.51559985
0.62680405,0.62680405
0.6043095,0.6043095
0.43452838,0.43452838
0.4354922,0.4354922
0.4493627,0.4493627
0.37144512,0.37144512
0.4967006,0.4967006
0.4597576,0.4597576
0.43287167,0.43287167
0.37104204,0.37104204
0.42943728,0.42943728
0.44322455,0.44322455
0.43745,0.43745
0.6366666,0.6366666
0.5923595,0.5923595
0.4295071,0.4295071
0.44911334,0.44911334
0.42735997,0.42735997
0.5681021,0.5681021
0.53657097,0.53657097
0.61624956,0.61624956
0.63985926,0.63985926
0.5954421,0.5954421
0.623632,0.623632
0.6196769,0.6196769
0.6141583,0.6141583
0.5742045,0.5742045
0.61873734,0.61873734
0.6100627,0.6100627
0.6353083,0.6353083
0.60198486,0.60198486
0.5930736,0.5930736
0.63804984,0.63804984
0.59254175,0.59254175
0.5655651,0.5655651
0.633839,0.633839
0.623482,0.623482
0.58517575,0.58517575
0.5949154,0.5949154
0.48667085,0.48667085
0.5132149,0.5132149
0.61267173,0.61267173
0.63089657,0.63089657
0.6358915,0.6358915
0.6062554,0.6062554
0.66234535,0.66234535
0.6137188,0.6137188
0.6251407,0.6251407
0.41150492,0.41150492
0.5269664,0.5269664
0.39139524,0.39139524
0.37471405,0.37471405
0.42326894,0.42326894
0.6760208,0.6760208
0.68539745,0.68539745
0.58592266,0.58592266
0.6165442,0.6165442
0.3978365,0.3978365
0.3025203,0.3025203
0.31731856,0.31731856
0.39947245,0.39947245
0.64667207,0.64667207
0.5415992,0.5415992
0.606772,0.606772
0.61631954,0.61631954
0.58050376,0.58050376
0.6167913,0.6167913
0.5150535,0.5150535
0.60477513,0.60477513
0.5936454,0.5936454
0.3736303,0.3736303
0.43620744,0.43620744
0.4546623,0.4546623
0.4153752,0.4153752
0.41541597,0.41541597
0.38602483,0.38602483
0.45418453,0.45418453
0.41737038,0.41737038
0.46729586,0.46729586
0.6255742,0.6255742
0.557963,0.557963
0.6298223,0.6298223
0.6085238,0.6085238
0.6477659,0.6477659
0.59078074,0.59078074
0.63509977,0.63509977
0.5473263,0.5473263
0.36067358,0.36067358
0.40701708,0.40701708
0.6213444,0.6213444
0.6129846,0.6129846
0.4257272,0.4257272
0.4399299,0.4399299
0.39296058,0.39296058
0.40231496,0.40231496
0.47592643,0.47592643
0.620374,0.620374
0.59150976,0.59150976
0.4670543,0.4670543
0.4349756,0.4349756
0.6287442,0.6287442
0.6303561,0.6303561
0.4509386,0.4509386
0.4922777,0.4922777
0.5723328,0.5723328
0.6148682,0.6148682
0.5405577,0.5405577
0.516466,0.516466
0.40263224,0.40263224
0.37858093,0.37858093
0.3750806,0.3750806
0.44810718,0.44810718
0.62008953,0.62008953
0.6489964,0.6489964
0.6302453,0.6302453
0.68390185,0.68390185
0.5674831,0.5674831
0.5572124,0.5572124
0.5612581,0.5612581
0.616341,0.616341
0.5175903,0.5175903
0.57366145,0.57366145
0.53956944,0.53956944
0.5985707,0.5985707
0.5820947,0.5820947
0.61574686,0.61574686
0.60870177,0.60870177
0.6319626,0.6319626
0.6349605,0.6349605
0.6397314,0.6397314
0.59799147,0.59799147
0.58257633,0.58257633
0.59621966,0.59621966
0.62189996,0.62189996
0.58521825,0.58521825
0.6766931,0.6766931
0.6423499,0.6423499
0.60496885,0.60496885
0.60269123,0.60269123
0.64666426,0.64666426
0.5824198,0.5824198
0.5958329,0.5958329
0.5998513,0.5998513
0.62491363,0.62491363
0.613489,0.613489
0.4375441,0.4375441
0.49556997,0.49556997
0.55613405,0.55613405
0.5486364,0.5486364
0.5840261,0.5840261
0.56671304,0.56671304
0.60732496,0.60732496
0.64058316,0.64058316
0.60391396,0.60391396
0.6087421,0.6087421
0.6156614,0.6156614
0.57098603,0.57098603
0.6186437,0.6186437
0.5949147,0.5949147
0.547977,0.547977
0.4563208,0.4563208
0.58028436,0.58028436
0.5230046,0.5230046
0.63759923,0.63759923
0.6568888,0.6568888
0.58807117,0.58807117
0.5073683,0.5073683
0.5076027,0.5076027
0.5907574,0.5907574
0.64199483,0.64199483
0.5293938,0.5293938
0.5593327,0.5593327
0.5303858,0.5303858
0.5141367,0.5141367
0.5720449,0.5720449
0.52954596,0.52954596
0.539366,0.539366
0.58831066,0.58831066
0.5539319,0.5539319
0.5352698,0.5352698
0.5964981,0.5964981
0.55034953,0.55034953
0.5418056,0.5418056
0.5372048,0.5372048
0.6119455,0.6119455
0.652235,0.652235
0.56921756,0.56921756
0.6332222,0.6332222
0.6392466,0.6392466
0.66602343,0.66602343
0.60504293,0.60504293
0.58265686,0.58265686
0.6179845,0.6179845
0.61944795,0.61944795
0.5800252,0.5800252
0.5903036,0.5903036
0.61864305,0.61864305
0.60407573,0.60407573
0.5963351,0.5963351
0.59636253,0.59636253
0.6207114,0.6207114
0.61081755,0.61081755
0.6413261,0.6413261
0.5886107,0.5886107
0.61412776,0.61412776
0.5867904,0.5867904
0.6112358,0.6112358
0.6240214,0.6240214
0.6414959,0.6414959
0.5728102,0.5728102
0.6226532,0.6226532
0.5937529,0.5937529
0.6304391,0.6304391
0.57504463,0.57504463
0.59425545,0.59425545
0.6072986,0.6072986
0.6384989,0.6384989
0.603544,0.603544
0.62346643,0.62346643
0.5310333,0.5310333
0.56378907,0.56378907
0.604695,0.604695
0.46539843,0.46539843
0.6209582,0.6209582
0.596665,0.596665
0.45139968,0.45139968
0.43844482,0.43844482
0.41793475,0.41793475
0.46789098,0.46789098
0.5773297,0.5773297
0.572682,0.572682
0.60860217,0.60860217
0.63446915,0.63446915
0.6011215,0.6011215
0.585372,0.585372
0.59064835,0.59064835
0.5613709,0.5613709
0.6102153,0.6102153
0.52040195,0.52040195
0.5845396,0.5845396
0.55997735,0.55997735
0.5386323,0.5386323
0.47843474,0.47843474
0.50008917,0.50008917
0.54179674,0.54179674
0.55073065,0.55073065
0.5927012,0.5927012
0.51440865,0.51440865
0.5215005,0.5215005
0.6174181,0.6174181
0.5594885,0.5594885
0.5182973,0.5182973
0.48784563,0.48784563
0.49654716,0.49654716
0.5425341,0.5425341
0.54654604,0.54654604
0.5853227,0.5853227
0.6362999,0.6362999
0.6131865,0.6131865
0.57080185,0.57080185
0.6128957,0.6128957
0.55928445,0.55928445
0.62261254,0.62261254
0.5822948,0.5822948
0.5493029,0.5493029
0.57367843,0.57367843
0.529288,0.529288
0.57221985,0.57221985
0.57435817,0.57435817
0.5969741,0.5969741
0.4480053,0.4480053
0.4866838,0.4866838
0.55814445,0.55814445
0.5412152,0.5412152
0.5111442,0.5111442
0.47667298,0.47667298
0.4744034,0.4744034
0.58000743,0.58000743
0.5956551,0.5956551
0.5879435,0.5879435
0.60363954,0.60363954
0.6080673,0.6080673
0.5908702,0.5908702
0.5788717,0.5788717
0.60451525,0.60451525
0.5767086,0.5767086
0.57950944,0.57950944
0.5652169,0.5652169
0.62006414,0.62006414
0.6031923,0.6031923
0.5669592,0.5669592
0.6011757,0.6011757
0.52155197,0.52155197
0.59047264,0.59047264
0.5350166,0.5350166
0.6438554,0.6438554
0.5400086,0.5400086
0.5533434,0.5533434
0.6150543,0.6150543
0.5648369,0.5648369
0.62345046,0.62345046
0.5673353,0.5673353
0.59278834,0.59278834
0.50913,0.50913
0.63476384,0.63476384
0.5712119,0.5712119
0.6082662,0.6082662
0.59063846,0.59063846
0.5563003,0.5563003
0.61570734,0.61570734
0.50055707,0.50055707
0.59462905,0.59462905
0.61414105,0.61414105
0.60279393,0.60279393
0.6236243,0.6236243
0.6193558,0.6193558
0.5787327,0.5787327
0.5909257,0.5909257
0.58368236,0.58368236
0.6409282,0.6409282
0.6391137,0.6391137
0.6376245,0.6376245
0.6251665,0.6251665
0.6008583,0.6008583
0.5873841,0.5873841
0.62850213,0.62850213
0.6163155,0.6163155
0.59778625,0.59778625
0.6232339,0.6232339
0.58718264,0.58718264
0.59390813,0.59390813
0.62099254,0.62099254
0.5995998,0.5995998
0.61848336,0.61848336
0.6314843,0.6314843
0.5815034,0.5815034
0.59783715,0.59783715
0.6125181,0.6125181
0.5605065,0.5605065
0.6394365,0.6394365
0.5963061,0.5963061
0.61841124,0.61841124
0.5909411,0.5909411
0.6205645,0.6205645
0.6161315,0.6161315
0.6243698,0.6243698
0.61955106,0.61955106
0.623906,0.623906
0.62986785,0.62986785
0.62654984,0.62654984
0.598113,0.598113
0.5781063,0.5781063
0.6275942,0.6275942
0.6272394,0.6272394
0.6058699,0.6058699
0.61282384,0.61282384
0.6027987,0.6027987
0.61775565,0.61775565
0.6215976,0.6215976
0.6247946,0.6247946
0.58653635,0.58653635
0.5737805,0.5737805
0.6563544,0.6563544
0.6288475,0.6288475
0.5968097,0.5968097
0.67283076,0.67283076
0.6058073,0.6058073
0.61677396,0.61677396
0.6267381,0.6267381
0.5749447,0.5749447
0.5897757,0.5897757
0.6059791,0.6059791
0.63218296,0.63218296
0.64780575,0.64780575
0.6372763,0.6372763
0.62863016,0.62863016
0.5945918,0.5945918
0.6141796,0.6141796
0.583726,0.583726
0.513884,0.513884
0.4854798,0.4854798
0.50870025,0.50870025
0.34298542,0.34298542
0.35977393,0.35977393
0.41299105,0.41299105
0.42383417,0.42383417
0.40666574,0.40666574
0.5914298,0.5914298
0.60179657,0.60179657
0.5462229,0.5462229
0.5885617,0.5885617
0.5890896,0.5890896
0.59902817,0.59902817
0.6633563,0.6633563
0.6284623,0.6284623
0.5044186,0.5044186
0.56863666,0.56863666
0.5148012,0.5148012
0.621946,0.621946
0.6473994,0.6473994
0.66411674,0.66411674
0.617487,0.617487
0.59982944,0.59982944
0.58114886,0.58114886
0.6040144,0.6040144
0.61043406,0.61043406
0.59930956,0.59930956
0.6178833,0.6178833
0.6108906,0.6108906
0.6036131,0.6036131
0.625862,0.625862
0.5992963,0.5992963
0.6469944,0.6469944
0.61913157,0.61913157
0.6108448,0.6108448
0.61545086,0.61545086
0.61445594,0.61445594
0.62453306,0.62453306
0.62538254,0.62538254
0.5973237,0.5973237
0.6134794,0.6134794
0.57862276,0.57862276
0.62543243,0.62543243
0.57406986,0.57406986
0.58594394,0.58594394
0.58531743,0.58531743
0.5941045,0.5941045
0.5927331,0.5927331
0.62010807,0.62010807
0.59801626,0.59801626
0.61519957,0.61519957
0.58665484,0.58665484
0.6163108,0.6163108
0.6008775,0.6008775
0.5922385,0.5922385
0.6189773,0.6189773
0.66177297,0.66177297
0.6438641,0.6438641
0.64739037,0.64739037
0.5823969,0.5823969
0.605542,0.605542
0.5466533,0.5466533
0.5855884,0.5855884
0.6494308,0.6494308
0.5893445,0.5893445
0.604574,0.604574
0.6351649,0.6351649
0.5883604,0.5883604
0.62722373,0.62722373
0.5934317,0.5934317
0.60980445,0.60980445
0.5426661,0.5426661
0.5197379,0.5197379
0.4891283,0.4891283
0.4842964,0.4842964
0.60956275,0.60956275
0.5467917,0.5467917
0.45668694,0.45668694
0.4021922,0.4021922
0.42235023,0.42235023
0.41940105,0.41940105
0.41553873,0.41553873
0.3804694,0.3804694
0.39225805,0.39225805
0.519354,0.519354
0.5407244,0.5407244
0.5852118,0.5852118
0.38289648,0.38289648
0.37474433,0.37474433
0.4088175,0.4088175
0.55187994,0.55187994
0.464395,0.464395
0.4147827,0.4147827
0.3447115,0.3447115
0.34434563,0.34434563
0.33188364,0.33188364
0.50895673,0.50895673
0.5576122,0.5576122
0.57184577,0.57184577
0.4559528,0.4559528
0.41265953,0.41265953
0.51064366,0.51064366
0.31102863,0.31102863
0.34696797,0.34696797
0.36835143,0.36835143
0.35235414,0.35235414
0.3518437,0.3518437
0.31064448,0.31064448
0.3545852,0.3545852
0.30910993,0.30910993
0.31488574,0.31488574
0.36437726,0.36437726
0.3129769,0.3129769
0.3109929,0.3109929
0.32460138,0.32460138
0.25888193,0.25888193
0.5156896,0.5156896
0.5575164,0.5575164
0.6122921,0.6122921
0.61020726,0.61020726
0.5757979,0.5757979
0.5110684,0.5110684
0.48256996,0.48256996
0.43993914,0.43993914
0.53106844,0.53106844
0.31031325,0.31031325
0.35449052,0.35449052
0.27331626,0.27331626
0.30573884,0.30573884
0.3170781,0.3170781
0.30889538,0.30889538
0.28907466,0.28907466
0.29813936,0.29813936
0.29786325,0.29786325
0.34764758,0.34764758
0.48654142,0.48654142
0.45507514,0.45507514
0.46607018,0.46607018
0.58501875,0.58501875
0.58993936,0.58993936
0.56436014,0.56436014
0.5323288,0.5323288
0.4790082,0.4790082
0.35723153,0.35723153
0.40524864,0.40524864
0.41330132,0.41330132
0.42421043,0.42421043
0.5437802,0.5437802
0.5086025,0.5086025
0.58874667,0.58874667
0.65397143,0.65397143
0.56259125,0.56259125
0.5056817,0.5056817
0.4679059,0.4679059
0.571219,0.571219
0.389027,0.389027
0.3520831,0.3520831
0.27943265,0.27943265
0.26342025,0.26342025
0.34740344,0.34740344
0.39246178,0.39246178
0.38535932,0.38535932
0.3861818,0.3861818
0.3814669,0.3814669
0.44695032,0.44695032
0.62063444,0.62063444
0.63350946,0.63350946
0.50099295,0.50099295
0.51176906,0.51176906
0.49919507,0.49919507
0.44697276,0.44697276
0.5046735,0.5046735
0.4577049,0.4577049
0.40882888,0.40882888
0.39528817,0.39528817
0.35870644,0.35870644
0.37575537,0.37575537
0.5147106,0.5147106
0.5504537,0.5504537
0.4041683,0.4041683
0.35458568,0.35458568
0.38008773,0.38008773
0.38600266,0.38600266
0.34253582,0.34253582
0.36883938,0.36883938
0.34321052,0.34321052
0.4068105,0.4068105
0.35438588,0.35438588
0.5533695,0.5533695
0.35285142,0.35285142
0.42594674,0.42594674
0.35107958,0.35107958
0.43483633,0.43483633
0.3495253,0.3495253
0.42777848,0.42777848
0.5645457,0.5645457
0.4601515,0.4601515
0.4412515,0.4412515
0.41106516,0.41106516
0.44467723,0.44467723
0.40725932,0.40725932
0.46373558,0.46373558
0.50785965,0.50785965
0.5515449,0.5515449
0.6400516,0.6400516
0.6121648,0.6121648
0.5350467,0.5350467
0.5722234,0.5722234
0.38483593,0.38483593
0.43033087,0.43033087
0.34880754,0.34880754
0.31744194,0.31744194
0.3375049,0.3375049
0.38576117,0.38576117
0.43663958,0.43663958
0.360712,0.360712
0.39842272,0.39842272
0.4458184,0.4458184
0.3781892,0.3781892
0.36587703,0.36587703
0.5609024,0.5609024
0.5506622,0.5506622
0.48633984,0.48633984
0.36909318,0.36909318
0.3476005,0.3476005
0.44458118,0.44458118
0.45003337,0.45003337
0.46108153,0.46108153
0.4270396,0.4270396
0.37312594,0.37312594
0.41048047,0.41048047
0.39259842,0.39259842
0.5974409,0.5974409
0.6065882,0.6065882
0.614886,0.614886
0.5735939,0.5735939
0.60375315,0.60375315
0.61458784,0.61458784
0.6552461,0.6552461
0.62746286,0.62746286
0.5927537,0.5927537
0.64303976,0.64303976
0.564249,0.564249
0.60102105,0.60102105
0.5919466,0.5919466
0.573155,0.573155
0.6322268,0.6322268
0.57224715,0.57224715
0.62982816,0.62982816
0.5772634,0.5772634
0.5816679,0.5816679
0.5289615,0.5289615
0.3567955,0.3567955
0.3855857,0.3855857
0.39112514,0.39112514
0.427093,0.427093
0.42230928,0.42230928
0.3594478,0.3594478
0.43003255,0.43003255
0.37269592,0.37269592
0.32849765,0.32849765
0.3308873,0.3308873
0.39690384,0.39690384
0.37615547,0.37615547
0.44801527,0.44801527
0.40750542,0.40750542
0.51249,0.51249
0.6184044,0.6184044
0.59160477,0.59160477
0.62246025,0.62246025
0.6369205,0.6369205
0.6218291,0.6218291
0.6116075,0.6116075
0.61863786,0.61863786
0.62179077,0.62179077
0.6179107,0.6179107
0.61516273,0.61516273
0.632442,0.632442
0.59455186,0.59455186
0.63688236,0.63688236
0.6678787,0.6678787
0.58782685,0.58782685
0.59538996,0.59538996
0.5837865,0.5837865
0.59407973,0.59407973
0.60333455,0.60333455
0.62205553,0.62205553
0.61018366,0.61018366
0.5802212,0.5802212
0.6151054,0.6151054
0.6132595,0.6132595
0.6162723,0.6162723
0.58248955,0.58248955
0.61960566,0.61960566
0.6142755,0.6142755
0.62159365,0.62159365
0.60847455,0.60847455
0.59675574,0.59675574
0.615683,0.615683
0.657695,0.657695
0.5778768,0.5778768
0.6241772,0.6241772
0.5672229,0.5672229
0.58912593,0.58912593
0.5649106,0.5649106
0.5890766,0.5890766
0.61827236,0.61827236
0.6422168,0.6422168
0.6416089,0.6416089
0.62662524,0.62662524
0.5760325,0.5760325
0.61878246,0.61878246
0.59287375,0.59287375
0.6707553,0.6707553
0.615969,0.615969
0.58219284,0.58219284
0.57888293,0.57888293
0.49593547,0.49593547
0.31464726,0.31464726
0.43289056,0.43289056
0.60006565,0.60006565
0.58564794,0.58564794
0.5645485,0.5645485
0.5233217,0.5233217
0.55163807,0.55163807
0.64107674,0.64107674
0.6175888,0.6175888
0.50917566,0.50917566
0.5206129,0.5206129
0.49926886,0.49926886
0.49592757,0.49592757
0.51922303,0.51922303
0.5057796,0.5057796
0.5995992,0.5995992
0.5955877,0.5955877
0.6265512,0.6265512
0.5327081,0.5327081
0.3816225,0.3816225
0.44807538,0.44807538
0.42503107,0.42503107
0.34681734,0.34681734
0.37336576,0.37336576
0.4034371,0.4034371
0.3128879,0.3128879
0.37369934,0.37369934
0.29085252,0.29085252
0.33989707,0.33989707
0.3352134,0.3352134
0.40466183,0.40466183
0.39550114,0.39550114
0.35684392,0.35684392
0.3703509,0.3703509
0.42460468,0.42460468
0.408665,0.408665
0.41642797,0.41642797
0.51515764,0.51515764
0.6232923,0.6232923
0.59922284,0.59922284
0.5893495,0.5893495
0.59157133,0.59157133
0.6501417,0.6501417
0.5784521,0.5784521
0.61008054,0.61008054
0.5689028,0.5689028
0.6316715,0.6316715
0.6098339,0.6098339
0.62004995,0.62004995
0.5913383,0.5913383
0.58373183,0.58373183
0.6559431,0.6559431
0.64185345,0.64185345
0.5822502,0.5822502
0.5766257,0.5766257
0.61766344,0.61766344
0.59407914,0.59407914
0.625854,0.625854
0.5915795,0.5915795
0.6233439,0.6233439
0.59044886,0.59044886
0.6139166,0.6139166
0.577685,0.577685
0.65991163,0.65991163
0.6251936,0.6251936
0.60335857,0.60335857
0.6048551,0.6048551
0.34380585,0.34380585
0.3986278,0.3986278
0.615135,0.615135
0.57574964,0.57574964
0.5915154,0.5915154
0.6029373,0.6029373
0.53367186,0.53367186
0.65642303,0.65642303
0.31590065,0.31590065
0.36509162,0.36509162
0.4840673,0.4840673
0.4114718,0.4114718
0.4333525,0.4333525
0.59559304,0.59559304
0.5611096,0.5611096
0.5968438,0.5968438
0.49858868,0.49858868
0.37740052,0.37740052
0.36320117,0.36320117
0.4587645,0.4587645
0.36755684,0.36755684
0.38411123,0.38411123
0.36825114,0.36825114
0.36311874,0.36311874
0.40552008,0.40552008
0.38306916,0.38306916
0.35976562,0.35976562
0.40047657,0.40047657
0.39826396,0.39826396
0.42110685,0.42110685
0.3699578,0.3699578
0.5742178,0.5742178
0.61867857,0.61867857
0.4888208,0.4888208
0.35019407,0.35019407
0.40719888,0.40719888
0.3359618,0.3359618
0.4042987,0.4042987
0.44580442,0.44580442
0.47374412,0.47374412
0.5285675,0.5285675
0.33514214,0.33514214
0.3554529,0.3554529
0.37783745,0.37783745
0.35041472,0.35041472
0.42996463,0.42996463
0.5971374,0.5971374
0.4861145,0.4861145
0.563886,0.563886
0.37802765,0.37802765
0.3879956,0.3879956
0.59577656,0.59577656
0.6016928,0.6016928
0.48889795,0.48889795
0.38718313,0.38718313
0.37122384,0.37122384
0.40559635,0.40559635
0.36715958,0.36715958
0.47845897,0.47845897
0.46329653,0.46329653
0.44866535,0.44866535
0.5779727,0.5779727
0.39610863,0.39610863
0.5292958,0.5292958
0.4217568,0.4217568
0.3502433,0.3502433
0.49754527,0.49754527
0.5893856,0.5893856
0.35925248,0.35925248
0.41039836,0.41039836
0.5942235,0.5942235
0.61271644,0.61271644
0.5812737,0.5812737
0.5743572,0.5743572
0.5716063,0.5716063
0.59832376,0.59832376
0.59511745,0.59511745
0.46367994,0.46367994
0.39003444,0.39003444
0.42749438,0.42749438
0.42491147,0.42491147
0.42131716,0.42131716
0.33121368,0.33121368
0.36387086,0.36387086
0.30500436,0.30500436
0.40474358,0.40474358
0.36619157,0.36619157
0.28677467,0.28677467
0.3318392,0.3318392
0.38204816,0.38204816
0.6170614,0.6170614
0.62081933,0.62081933
0.6521627,0.6521627
0.59896773,0.59896773
0.62420434,0.62420434
0.5962073,0.5962073
0.605516,0.605516
0.61188257,0.61188257
0.60023737,0.60023737
0.3981408,0.3981408
0.46339178,0.46339178
0.35610247,0.35610247
0.32604727,0.32604727
0.56155294,0.56155294
0.65945154,0.65945154
0.580936,0.580936
0.39151916,0.39151916
0.439517,0.439517
0.4404795,0.4404795
0.4490516,0.4490516
0.37557912,0.37557912
0.3399129,0.3399129
0.4534578,0.4534578
0.4516309,0.4516309
0.597474,0.597474
0.50409746,0.50409746
0.3906308,0.3906308
0.44555876,0.44555876
0.3332978,0.3332978
0.3922868,0.3922868
0.37482062,0.37482062
0.50570667,0.50570667
0.6535699,0.6535699
0.6006148,0.6006148
0.62562746,0.62562746
0.63492507,0.63492507
0.60491145,0.60491145
0.62019515,0.62019515
0.5842057,0.5842057
0.5938218,0.5938218
0.5939248,0.5939248
0.6473066,0.6473066
0.58018905,0.58018905
0.6454802,0.6454802
0.6207941,0.6207941
0.63964516,0.63964516
0.55351186,0.55351186
0.6426735,0.6426735
0.5780746,0.5780746
0.6427755,0.6427755
0.56325644,0.56325644
0.51487243,0.51487243
0.4851353,0.4851353
0.57658005,0.57658005
0.6034275,0.6034275
0.6237646,0.6237646
0.61426437,0.61426437
0.6326912,0.6326912
0.581999,0.581999
0.61695445,0.61695445
0.59033096,0.59033096
0.6518996,0.6518996
0.6034487,0.6034487
0.66948664,0.66948664
0.6418965,0.6418965
0.47912404,0.47912404
0.3679733,0.3679733
0.41074958,0.41074958
0.4168043,0.4168043
0.6295115,0.6295115
0.5262357,0.5262357
0.6151551,0.6151551
0.57292324,0.57292324
0.5950437,0.5950437
0.6033514,0.6033514
0.63765675,0.63765675
0.6393378,0.6393378
0.5949989,0.5949989
0.63466126,0.63466126
0.6036952,0.6036952
0.5996141,0.5996141
0.5865445,0.5865445
0.6103147,0.6103147
0.58320117,0.58320117
0.5927832,0.5927832
0.5870574,0.5870574
0.5994787,0.5994787
0.6238564,0.6238564
0.5924425,0.5924425
0.60845757,0.60845757
0.6254765,0.6254765
0.60819596,0.60819596
0.59716076,0.59716076
0.6059096,0.6059096
0.5723767,0.5723767
0.6203575,0.6203575
0.5925171,0.5925171
0.5806511,0.5806511
0.58494043,0.58494043
0.59150267,0.59150267
0.6422843,0.6422843
0.627457,0.627457
0.60936934,0.60936934
0.5797076,0.5797076
0.5735863,0.5735863
0.61756814,0.61756814
0.6130643,0.6130643
0.5805362,0.5805362
0.6003681,0.6003681
0.5990489,0.5990489
0.59731066,0.59731066
0.60699445,0.60699445
0.6247509,0.6247509
0.6055827,0.6055827
0.6528464,0.6528464
0.6196877,0.6196877
0.5947425,0.5947425
0.6316335,0.6316335
0.5839107,0.5839107
0.60656095,0.60656095
0.61376345,0.61376345
0.57311046,0.57311046
0.53425825,0.53425825
0.5705191,0.5705191
0.52503824,0.52503824
0.5462977,0.5462977
0.46212032,0.46212032
0.38013607,0.38013607
0.46500278,0.46500278
0.42246282,0.42246282
0.55359685,0.55359685
0.57411224,0.57411224
0.4318831,0.4318831
0.43424293,0.43424293
0.37040076,0.37040076
0.35627118,0.35627118
0.5681239,0.5681239
0.5472539,0.5472539
0.35382682,0.35382682
0.43726996,0.43726996
0.54303515,0.54303515
0.49359274,0.49359274
0.41805387,0.41805387
0.44298112,0.44298112
0.3759806,0.3759806
0.64874965,0.64874965
0.63901776,0.63901776
0.65163636,0.65163636
0.50636756,0.50636756
0.3676748,0.3676748
0.42061532,0.42061532
0.6025619,0.6025619
0.3675632,0.3675632
0.4161178,0.4161178
0.41605034,0.41605034
0.42552596,0.42552596
0.3872797,0.3872797
0.3043449,0.3043449
0.35671738,0.35671738
0.3537985,0.3537985
0.4582149,0.4582149
0.5254909,0.5254909
0.6275792,0.6275792
0.6577399,0.6577399
0.6100416,0.6100416
0.6163931,0.6163931
0.55635375,0.55635375
0.5661537,0.5661537
0.52464277,0.52464277
0.58785135,0.58785135
0.58603835,0.58603835
0.45793295,0.45793295
0.4052716,0.4052716
0.40775737,0.40775737
0.40380406,0.40380406
0.40980637,0.40980637
0.40125278,0.40125278
0.3830491,0.3830491
0.4288366,0.4288366
0.44311184,0.44311184
0.39394718,0.39394718
0.33356076,0.33356076
0.38705012,0.38705012
0.3778338,0.3778338
0.45684245,0.45684245
0.60858876,0.60858876
0.5795916,0.5795916
0.61613786,0.61613786
0.61844194,0.61844194
0.62059605,0.62059605
0.60045034,0.60045034
0.63582313,0.63582313
0.62816745,0.62816745
0.6311798,0.6311798
0.58049333,0.58049333
0.5961821,0.5961821
0.6417255,0.6417255
0.5716878,0.5716878
0.59686315,0.59686315
0.5872355,0.5872355
0.582759,0.582759
0.60230577,0.60230577
0.58586645,0.58586645
0.6050892,0.6050892
0.654197,0.654197
0.6292953,0.6292953
0.6086192,0.6086192
0.5762884,0.5762884
0.6097736,0.6097736
0.5724884,0.5724884
0.5579819,0.5579819
0.5826763,0.5826763
0.5945635,0.5945635
0.5688239,0.5688239
0.6273707,0.6273707
0.58195794,0.58195794
0.62297654,0.62297654
0.66038495,0.66038495
0.620881,0.620881
0.6589658,0.6589658
0.52556235,0.52556235
0.47606578,0.47606578
0.39917636,0.39917636
0.463199,0.463199
0.591245,0.591245
0.5135271,0.5135271
0.55424243,0.55424243
0.42956677,0.42956677
0.39230394,0.39230394
0.3821894,0.3821894
0.32138082,0.32138082
0.44888753,0.44888753
0.38551372,0.38551372
0.4515244,0.4515244
0.48098984,0.48098984
0.47560167,0.47560167
0.51010555,0.51010555
0.60531443,0.60531443
0.40958455,0.40958455
0.41928944,0.41928944
0.4265339,0.4265339
0.4034485,0.4034485
0.40143263,0.40143263
0.38082033,0.38082033
0.37168592,0.37168592
0.37901878,0.37901878
0.33126304,0.33126304
0.31637385,0.31637385
0.4855098,0.4855098
0.56258124,0.56258124
0.59249043,0.59249043
0.51382643,0.51382643
0.392918,0.392918
0.4161318,0.4161318
0.47635692,0.47635692
0.5114036,0.5114036
0.56337744,0.56337744
0.6239603,0.6239603
0.6340522,0.6340522
0.57903713,0.57903713
0.58808565,0.58808565
0.60551524,0.60551524
0.5899314,0.5899314
0.60421836,0.60421836
0.61069655,0.61069655
0.63928103,0.63928103
0.60154504,0.60154504
0.6087748,0.6087748
0.48727652,0.48727652
0.5154161,0.5154161
0.39334854,0.39334854
0.4502049,0.4502049
0.42201936,0.42201936
0.45371675,0.45371675
0.508355,0.508355
0.39164236,0.39164236
0.30790797,0.30790797
0.54362416,0.54362416
0.46272472,0.46272472
0.61029035,0.61029035
0.520857,0.520857
0.45942718,0.45942718
0.3940998,0.3940998
0.4459913,0.4459913
0.4004353,0.4004353
0.36681855,0.36681855
0.39544347,0.39544347
0.42410314,0.42410314
0.43721628,0.43721628
0.4019287,0.4019287
0.45924327,0.45924327
0.3723792,0.3723792
0.35448417,0.35448417
0.3700846,0.3700846
0.5711003,0.5711003
0.5800182,0.5800182
0.55757207,0.55757207
0.5497124,0.5497124
0.55265576,0.55265576
0.61306655,0.61306655
0.600405,0.600405
0.595255,0.595255
0.6065302,0.6065302
0.6375836,0.6375836
0.6049585,0.6049585
0.6408625,0.6408625
0.60065806,0.60065806
0.62263435,0.62263435
0.59906065,0.59906065
0.61053246,0.61053246
0.6291877,0.6291877
0.6410925,0.6410925
0.61845386,0.61845386
0.60175085,0.60175085
0.6309921,0.6309921
0.4592602,0.4592602
0.43046704,0.43046704
0.401112,0.401112
0.4310155,0.4310155
0.41113582,0.41113582
0.36118007,0.36118007
0.36037958,0.36037958
0.35245433,0.35245433
0.33709192,0.33709192
0.33402765,0.33402765
0.35834295,0.35834295
0.3472798,0.3472798
0.3817326,0.3817326
0.41295224,0.41295224
0.51772815,0.51772815
0.46720162,0.46720162
0.6207394,0.6207394
0.62001127,0.62001127
0.59339875,0.59339875
0.5785632,0.5785632
0.6274583,0.6274583
0.5982567,0.5982567
0.60723907,0.60723907
0.6149234,0.6149234
0.6051004,0.6051004
0.634351,0.634351
0.61469054,0.61469054
0.5928326,0.5928326
0.63306653,0.63306653
0.5844023,0.5844023
0.60188097,0.60188097
0.5500934,0.5500934
0.62519336,0.62519336
0.5998399,0.5998399
0.5509832,0.5509832
0.34468758,0.34468758
0.37993035,0.37993035
0.5662198,0.5662198
0.5604561,0.5604561
0.50936216,0.50936216
0.60734844,0.60734844
0.5482678,0.5482678
0.53579867,0.53579867
0.38540393,0.38540393
0.5005121,0.5005121
0.4934595,0.4934595
0.5809784,0.5809784
0.48427883,0.48427883
0.34771127,0.34771127
0.30806586,0.30806586
0.37078968,0.37078968
0.5043939,0.5043939
0.52037674,0.52037674
0.54557604,0.54557604
0.61178845,0.61178845
0.61109704,0.61109704
0.6053118,0.6053118
0.5977005,0.5977005
0.36147526,0.36147526
0.38468552,0.38468552
0.42049822,0.42049822
0.37914687,0.37914687
0.41618964,0.41618964
0.3817274,0.3817274
0.3305324,0.3305324
0.40325907,0.40325907
0.5139619,0.5139619
0.6626647,0.6626647
0.47090825,0.47090825
0.5089121,0.5089121
0.45555273,0.45555273
0.46289495,0.46289495
0.42161742,0.42161742
0.43365383,0.43365383
0.4114021,0.4114021
0.48283738,0.48283738
0.56079537,0.56079537
0.58728725,0.58728725
0.3923676,0.3923676
0.53191286,0.53191286
0.6011055,0.6011055
0.6102686,0.6102686
0.6292779,0.6292779
0.5448963,0.5448963
0.50745887,0.50745887
0.5235323,0.5235323
0.62629735,0.62629735
0.5981422,0.5981422
0.42734513,0.42734513
0.44732168,0.44732168
0.4053867,0.4053867
0.3609842,0.3609842
0.36971527,0.36971527
0.3660221,0.3660221
0.3560001,0.3560001
0.34714943,0.34714943
0.57619286,0.57619286
0.5724707,0.5724707
0.38871312,0.38871312
0.39245126,0.39245126
0.4189432,0.4189432
0.40254346,0.40254346
0.41093773,0.41093773
0.41062704,0.41062704
0.38438627,0.38438627
0.5186002,0.5186002
0.497876,0.497876
0.57546353,0.57546353
0.6146405,0.6146405
0.5951896,0.5951896
0.6079812,0.6079812
0.524107,0.524107
0.41223112,0.41223112
0.32240072,0.32240072
0.36602706,0.36602706
0.35881987,0.35881987
0.37030002,0.37030002
0.39032963,0.39032963
0.44091648,0.44091648
0.49244553,0.49244553
0.37306482,0.37306482
0.5916015,0.5916015
0.589961,0.589961
0.6060636,0.6060636
0.4574754,0.4574754
0.30848494,0.30848494
0.42024353,0.42024353
0.47228032,0.47228032
0.62597233,0.62597233
0.5705394,0.5705394
0.38591036,0.38591036
0.47004762,0.47004762
0.46228945,0.46228945
0.39606833,0.39606833
0.42795637,0.42795637
0.5362544,0.5362544
0.36714482,0.36714482
0.3803442,0.3803442
0.5458548,0.5458548
0.5944169,0.5944169
0.52034926,0.52034926
0.46842438,0.46842438
0.32232562,0.32232562
0.30902177,0.30902177
0.3995876,0.3995876
0.3502092,0.3502092
0.43871573,0.43871573
0.338972,0.338972
0.36059067,0.36059067
0.34350735,0.34350735
0.442771,0.442771
0.58388954,0.58388954
0.3448238,0.3448238
0.40801862,0.40801862
0.5416516,0.5416516
0.5755337,0.5755337
0.5677752,0.5677752
0.36671117,0.36671117
0.37368396,0.37368396
0.4748639,0.4748639
0.4245743,0.4245743
0.32955062,0.32955062
0.42686263,0.42686263
0.5372776,0.5372776
0.6346986,0.6346986
0.4765216,0.4765216
0.33853444,0.33853444
0.2823973,0.2823973
0.3448953,0.3448953
0.44034034,0.44034034
0.5771216,0.5771216
0.5640885,0.5640885
0.5435409,0.5435409
0.6020469,0.6020469
0.55784714,0.55784714
0.6384329,0.6384329
0.6085118,0.6085118
0.5897539,0.5897539
0.63050675,0.63050675
0.5681618,0.5681618
0.5929964,0.5929964
0.62791306,0.62791306
0.6194567,0.6194567
0.62105364,0.62105364
0.56973606,0.56973606
0.6223723,0.6223723
0.5707079,0.5707079
0.5300564,0.5300564
0.5721776,0.5721776
0.56204474,0.56204474
0.40632418,0.40632418
0.6201011,0.6201011
0.5067495,0.5067495
0.42222545,0.42222545
0.5053449,0.5053449
0.6276859,0.6276859
0.6566784,0.6566784
0.48711064,0.48711064
0.44725865,0.44725865
0.57307506,0.57307506
0.6084933,0.6084933
0.61198825,0.61198825
0.5045297,0.5045297
0.6467012,0.6467012
0.61956525,0.61956525
0.55874586,0.55874586
0.51112646,0.51112646
0.5796966,0.5796966
0.5867432,0.5867432
0.46806854,0.46806854
0.5518709,0.5518709
0.5342709,0.5342709
0.4873558,0.4873558
0.55493575,0.55493575
0.4223389,0.4223389
0.4790148,0.4790148
0.44787118,0.44787118
0.40222323,0.40222323
0.40731594,0.40731594
0.34915426,0.34915426
0.3526911,0.3526911
0.37229574,0.37229574
0.4562825,0.4562825
0.36533523,0.36533523
0.3813374,0.3813374
0.36668348,0.36668348
0.37377602,0.37377602
0.3231125,0.3231125
0.3948685,0.3948685
0.55505425,0.55505425
0.5965026,0.5965026
0.34106785,0.34106785
0.4083032,0.4083032
0.474271,0.474271
0.46766093,0.46766093
0.36509436,0.36509436
0.39308724,0.39308724
0.5121553,0.5121553
0.5469851,0.5469851
0.62514365,0.62514365
0.5654801,0.5654801
0.53147274,0.53147274
0.5279586,0.5279586
0.358192,0.358192
0.40414056,0.40414056
0.5439967,0.5439967
0.56272966,0.56272966
0.6640257,0.6640257
0.63866186,0.63866186
0.5874989,0.5874989
0.64628595,0.64628595
0.5948412,0.5948412
0.6417025,0.6417025
0.60871446,0.60871446
0.603844,0.603844
0.59699947,0.59699947
0.5961052,0.5961052
0.6137742,0.6137742
0.62596077,0.62596077
0.5824032,0.5824032
0.5938722,0.5938722
0.61165965,0.61165965
0.649639,0.649639
0.6301961,0.6301961
0.59978473,0.59978473
0.60973054,0.60973054
0.65424436,0.65424436
0.6256083,0.6256083
0.62803245,0.62803245
0.58351827,0.58351827
0.6321515,0.6321515
0.57620865,0.57620865
0.58734804,0.58734804
0.6026026,0.6026026
0.6183033,0.6183033
0.5767847,0.5767847
0.47615042,0.47615042
0.41737053,0.41737053
0.40116653,0.40116653
0.40584877,0.40584877
0.42742234,0.42742234
0.45456985,0.45456985
0.4468114,0.4468114
0.3673819,0.3673819
0.40634415,0.40634415
0.39433572,0.39433572
0.380537,0.380537
0.4064201,0.4064201
0.40877905,0.40877905
0.4297857,0.4297857
0.39063358,0.39063358
0.3602635,0.3602635
0.38815743,0.38815743
0.58177894,0.58177894
0.51401716,0.51401716
0.608018,0.608018
0.6120246,0.6120246
0.63102454,0.63102454
0.6098287,0.6098287
0.5114291,0.5114291
0.44693625,0.44693625
0.37927365,0.37927365
0.42907107,0.42907107
0.3955998,0.3955998
0.38800797,0.38800797
0.41447255,0.41447255
0.39801642,0.39801642
0.31543562,0.31543562
0.37916452,0.37916452
0.32910764,0.32910764
0.30418253,0.30418253
0.3790393,0.3790393
0.3504219,0.3504219
0.4515875,0.4515875
0.52958035,0.52958035
0.60134727,0.60134727
0.62986946,0.62986946
0.5695932,0.5695932
0.5689194,0.5689194
0.60542405,0.60542405
0.6298332,0.6298332
0.63765967,0.63765967
0.6174853,0.6174853
0.39042076,0.39042076
0.49134594,0.49134594
0.45640016,0.45640016
0.61806834,0.61806834
0.5528877,0.5528877
0.52080023,0.52080023
0.6442507,0.6442507
0.63797104,0.63797104
0.60550195,0.60550195
0.54233813,0.54233813
0.50043005,0.50043005
0.5838563,0.5838563
0.60397106,0.60397106
0.61871445,0.61871445
0.5151436,0.5151436
0.5562959,0.5562959
0.6118261,0.6118261
0.6277676,0.6277676
0.60482514,0.60482514
0.6008912,0.6008912
0.623879,0.623879
0.59658086,0.59658086
0.49267405,0.49267405
0.5220448,0.5220448
0.54667056,0.54667056
0.5774983,0.5774983
0.61433536,0.61433536
0.57796484,0.57796484
0.5475459,0.5475459
0.5749068,0.5749068
0.6096231,0.6096231
0.60643953,0.60643953
0.59813154,0.59813154
0.61135745,0.61135745
0.67524016,0.67524016
0.66881806,0.66881806
0.5930297,0.5930297
0.62196976,0.62196976
0.6012799,0.6012799
0.61348397,0.61348397
0.6416537,0.6416537
0.55897754,0.55897754
0.62576103,0.62576103
0.6113225,0.6113225
0.5557426,0.5557426
0.5466196,0.5466196
0.44755903,0.44755903
0.44576544,0.44576544
0.52239835,0.52239835
0.51025134,0.51025134
0.5830608,0.5830608
0.39789042,0.39789042
0.43597722,0.43597722
0.4180178,0.4180178
0.39605066,0.39605066
0.3874565,0.3874565
0.41028062,0.41028062
0.418467,0.418467
0.47912472,0.47912472
0.43614212,0.43614212
0.3666129,0.3666129
0.55844855,0.55844855
0.6227268,0.6227268
0.60576695,0.60576695
0.62546766,0.62546766
0.36554256,0.36554256
0.35766768,0.35766768
0.37709114,0.37709114
0.46629992,0.46629992
0.47356626,0.47356626
0.40515012,0.40515012
0.48055157,0.48055157
0.42351255,0.42351255
0.43660197,0.43660197
0.4070786,0.4070786
0.5619092,0.5619092
0.51682615,0.51682615
0.57505643,0.57505643
0.60853493,0.60853493
0.5506332,0.5506332
0.40377784,0.40377784
0.5780307,0.5780307
0.47854754,0.47854754
0.37580225,0.37580225
0.36083382,0.36083382
0.33206984,0.33206984
0.41324067,0.41324067
0.36928263,0.36928263
0.66529334,0.66529334
0.59882444,0.59882444
0.60067165,0.60067165
0.6132971,0.6132971
0.64941746,0.64941746
0.5541877,0.5541877
0.5059544,0.5059544
0.5616692,0.5616692
0.51948583,0.51948583
0.56921345,0.56921345
0.60686153,0.60686153
0.5922254,0.5922254
0.5559322,0.5559322
0.34131348,0.34131348
0.3962763,0.3962763
0.59701705,0.59701705
0.50089025,0.50089025
0.43679094,0.43679094
0.56270725,0.56270725
0.5383806,0.5383806
0.4980855,0.4980855
0.45548365,0.45548365
0.5732219,0.5732219
0.41352704,0.41352704
0.4162722,0.4162722
0.39509887,0.39509887
0.31833124,0.31833124
0.36488283,0.36488283
0.41241425,0.41241425
0.49397644,0.49397644
0.49094307,0.49094307
0.5208489,0.5208489
0.51116467,0.51116467
0.41071603,0.41071603
0.5423336,0.5423336
0.61627173,0.61627173
0.45671695,0.45671695
0.48942518,0.48942518
0.4154739,0.4154739
0.43033817,0.43033817
0.44679177,0.44679177
0.42032722,0.42032722
0.4215285,0.4215285
0.33795255,0.33795255
0.3566144,0.3566144
0.3419265,0.3419265
0.38501546,0.38501546
0.41077885,0.41077885
0.32389957,0.32389957
0.5712367,0.5712367
0.5964419,0.5964419
0.58186144,0.58186144
0.6288791,0.6288791
0.5818296,0.5818296
0.5844022,0.5844022
0.5953135,0.5953135
0.6165262,0.6165262
0.6444264,0.6444264
0.64669704,0.64669704
0.624271,0.624271
0.6239995,0.6239995
0.5881162,0.5881162
0.6233184,0.6233184
0.6073052,0.6073052
0.5696882,0.5696882
0.6493193,0.6493193
0.6054087,0.6054087
0.59570855,0.59570855
0.6120339,0.6120339
0.5768311,0.5768311
0.6020113,0.6020113
0.62936395,0.62936395
0.6428964,0.6428964
0.5208396,0.5208396
0.45802072,0.45802072
0.42516172,0.42516172
0.4061941,0.4061941
0.4024052,0.4024052
0.5657743,0.5657743
0.38468513,0.38468513
0.4835058,0.4835058
0.4835952,0.4835952
0.3682011,0.3682011
0.5867831,0.5867831
0.5217926,0.5217926
0.49761352,0.49761352
0.4320733,0.4320733
0.37108043,0.37108043
0.45840424,0.45840424
0.64624983,0.64624983
0.5825368,0.5825368
0.52633077,0.52633077
0.46395153,0.46395153
0.4253122,0.4253122
0.40304044,0.40304044
0.40625945,0.40625945
0.40911934,0.40911934
0.41422644,0.41422644
0.5045464,0.5045464
0.41015607,0.41015607
0.30367878,0.30367878
0.31055233,0.31055233
0.443806,0.443806
0.36752898,0.36752898
0.40577534,0.40577534
0.3924783,0.3924783
0.3897003,0.3897003
0.39047924,0.39047924
0.4162455,0.4162455
0.59646827,0.59646827
0.6112465,0.6112465
0.5359878,0.5359878
0.461025,0.461025
0.45335233,0.45335233
0.4269019,0.4269019
0.3855967,0.3855967
0.46536246,0.46536246
0.36201414,0.36201414
0.43413156,0.43413156
0.47013152,0.47013152
0.33112457,0.33112457
0.41009104,0.41009104
0.4617195,0.4617195
0.33492625,0.33492625
0.39817506,0.39817506
0.4036697,0.4036697
0.46777904,0.46777904
0.40734145,0.40734145
0.33969876,0.33969876
0.56808627,0.56808627
0.56393176,0.56393176
0.5107653,0.5107653
0.59740233,0.59740233
0.57968754,0.57968754
0.5786618,0.5786618
0.40241316,0.40241316
0.474536,0.474536
0.46953738,0.46953738
0.36550918,0.36550918
0.5638923,0.5638923
0.53094786,0.53094786
0.34021857,0.34021857
0.37224266,0.37224266
0.36081153,0.36081153
0.39760876,0.39760876
0.39727736,0.39727736
0.3896251,0.3896251
0.35365918,0.35365918
0.34021425,0.34021425
0.51598865,0.51598865
0.599405,0.599405
0.61767685,0.61767685
0.44785893,0.44785893
0.36876518,0.36876518
0.39589107,0.39589107
0.45608,0.45608
0.5049122,0.5049122
0.54410625,0.54410625
0.6049725,0.6049725
0.3822259,0.3822259
0.4030936,0.4030936
0.60460395,0.60460395
0.6044617,0.6044617
0.39973867,0.39973867
0.3823625,0.3823625
0.36957797,0.36957797
0.3454292,0.3454292
0.37484008,0.37484008
0.48673683,0.48673683
0.5773547,0.5773547
0.50980306,0.50980306
0.46532288,0.46532288
0.37001672,0.37001672
0.38089198,0.38089198
0.3829301,0.3829301
0.56626636,0.56626636
0.58875304,0.58875304
0.6024511,0.6024511
0.5847208,0.5847208
0.60193586,0.60193586
0.6190082,0.6190082
0.59381026,0.59381026
0.6271204,0.6271204
0.61000526,0.61000526
0.5855487,0.5855487
0.6093724,0.6093724
0.5997537,0.5997537
0.6341937,0.6341937
0.6357808,0.6357808
0.60434175,0.60434175
0.6172612,0.6172612
0.6339542,0.6339542
0.6191358,0.6191358
0.61476,0.61476
0.58594155,0.58594155
0.6223633,0.6223633
0.5728636,0.5728636
0.62440056,0.62440056
0.61359847,0.61359847
0.60488385,0.60488385
0.66460997,0.66460997
0.57226884,0.57226884
0.6056998,0.6056998
0.6077801,0.6077801
0.6044044,0.6044044
0.60808784,0.60808784
0.6330699,0.6330699
0.6204203,0.6204203
0.5648408,0.5648408
0.40935314,0.40935314
0.5892738,0.5892738
0.6042259,0.6042259
0.46253216,0.46253216
0.39196432,0.39196432
0.5635077,0.5635077
0.50000495,0.50000495
0.45913082,0.45913082
0.33954173,0.33954173
0.3342554,0.3342554
0.36126953,0.36126953
0.4631703,0.4631703
0.4437413,0.4437413
0.43475485,0.43475485
0.5064871,0.5064871
0.53670716,0.53670716
0.44340992,0.44340992
0.43443203,0.43443203
0.3573972,0.3573972
0.5405763,0.5405763
0.39903736,0.39903736
0.553192,0.553192
0.34105745,0.34105745
0.394558,0.394558
0.45685077,0.45685077
0.5750263,0.5750263
0.56251425,0.56251425
0.38730806,0.38730806
0.3831166,0.3831166
0.3853965,0.3853965
0.35148415,0.35148415
0.484698,0.484698
0.3155662,0.3155662
0.5272375,0.5272375
0.5077957,0.5077957
0.36565366,0.36565366
0.41194916,0.41194916
0.41264507,0.41264507
0.5491514,0.5491514
0.65156674,0.65156674
0.47724357,0.47724357
0.45768803,0.45768803
0.37275532,0.37275532
0.45122394,0.45122394
0.551666,0.551666
0.60155255,0.60155255
0.61536884,0.61536884
0.5770462,0.5770462
0.35419577,0.35419577
0.38374522,0.38374522
0.34433037,0.34433037
0.36551085,0.36551085
0.35049927,0.35049927
0.6072685,0.6072685
0.618305,0.618305
0.58322036,0.58322036
0.3387178,0.3387178
0.3569112,0.3569112
0.37811765,0.37811765
0.4307693,0.4307693
0.5255407,0.5255407
0.57203627,0.57203627
0.54963493,0.54963493
0.6178805,0.6178805
0.5645268,0.5645268
0.6411237,0.6411237
0.6053452,0.6053452
0.588073,0.588073
0.62927705,0.62927705
0.6035274,0.6035274
0.5974429,0.5974429
0.6350383,0.6350383
0.6190936,0.6190936
0.60333216,0.60333216
0.5778744,0.5778744
0.632948,0.632948
0.6650298,0.6650298
0.60111386,0.60111386
0.5862208,0.5862208
0.60320073,0.60320073
0.5784319,0.5784319
0.6159395,0.6159395
0.62684894,0.62684894
0.6137042,0.6137042
0.6178767,0.6178767
0.6021933,0.6021933
0.5995073,0.5995073
0.59052515,0.59052515
0.5309308,0.5309308
0.32936096,0.32936096
0.3949282,0.3949282
0.39190426,0.39190426
0.40832552,0.40832552
0.4060732,0.4060732
0.33627814,0.33627814
0.34325346,0.34325346
0.6059417,0.6059417
0.5252428,0.5252428
0.42070603,0.42070603
0.3918069,0.3918069
0.3973261,0.3973261
0.5453887,0.5453887
0.52296436,0.52296436
0.566927,0.566927
0.34395537,0.34395537
0.3680614,0.3680614
0.359999,0.359999
0.43147397,0.43147397
0.51778644,0.51778644
0.5980756,0.5980756
0.6590388,0.6590388
0.60413784,0.60413784
0.62309957,0.62309957
0.5978977,0.5978977
0.6349678,0.6349678
0.5799359,0.5799359
0.63630927,0.63630927
0.6123332,0.6123332
0.6338031,0.6338031
0.5729752,0.5729752
0.5795389,0.5795389
0.59807336,0.59807336
0.505092,0.505092
0.45470715,0.45470715
0.50573003,0.50573003
0.6291624,0.6291624
0.6039213,0.6039213
0.4570517,0.4570517
0.5390601,0.5390601
0.5622411,0.5622411
0.4790107,0.4790107
0.39950195,0.39950195
0.49266982,0.49266982
0.5689099,0.5689099
0.5722942,0.5722942
0.62792635,0.62792635
0.59420943,0.59420943
0.5037906,0.5037906
0.42276818,0.42276818
0.52544546,0.52544546
0.49162397,0.49162397
0.44270372,0.44270372
0.46445215,0.46445215
0.44955626,0.44955626
0.6443447,0.6443447
0.6065982,0.6065982
0.38160464,0.38160464
0.35973647,0.35973647
0.6193853,0.6193853
0.59359884,0.59359884
0.5161499,0.5161499
0.53213096,0.53213096
0.37560266,0.37560266
0.49129242,0.49129242
0.6171433,0.6171433
0.65040016,0.65040016
0.5298676,0.5298676
0.54375166,0.54375166
0.48223734,0.48223734
0.48958004,0.48958004
0.40747762,0.40747762
0.4215002,0.4215002
0.47621298,0.47621298
0.60764253,0.60764253
0.64356804,0.64356804
0.61535376,0.61535376
0.6272237,0.6272237
0.59489304,0.59489304
0.62101305,0.62101305
0.6520587,0.6520587
0.61280304,0.61280304
0.62885535,0.62885535
0.61491525,0.61491525
0.6228643,0.6228643
0.47083482,0.47083482
0.6098902,0.6098902
0.5917877,0.5917877
0.46511745,0.46511745
0.50229263,0.50229263
0.62912667,0.62912667
0.40554795,0.40554795
0.3983915,0.3983915
0.47146732,0.47146732
0.5119364,0.5119364
0.58426356,0.58426356
0.50169015,0.50169015
0.4253595,0.4253595
0.37587038,0.37587038
0.4023651,0.4023651
0.43282652,0.43282652
0.43042207,0.43042207
0.44439852,0.44439852
0.3990904,0.3990904
0.49281436,0.49281436
0.44825006,0.44825006
0.36092302,0.36092302
0.30659088,0.30659088
0.3743568,0.3743568
0.40806574,0.40806574
0.4635722,0.4635722
0.54228836,0.54228836
0.6139501,0.6139501
0.46144587,0.46144587
0.39540544,0.39540544
0.41854224,0.41854224
0.63735926,0.63735926
0.58410025,0.58410025
0.6790848,0.6790848
0.48043627,0.48043627
0.46841228,0.46841228
0.4562605,0.4562605
0.43078983,0.43078983
0.47847673,0.47847673
0.55986077,0.55986077
0.55451536,0.55451536
0.46717283,0.46717283
0.46947175,0.46947175
0.43156502,0.43156502
0.45416602,0.45416602
0.41839182,0.41839182
0.48505744,0.48505744
0.5614,0.5614
0.57375497,0.57375497
0.4330548,0.4330548
0.4186139,0.4186139
0.48631153,0.48631153
0.47890428,0.47890428
0.444524,0.444524
0.43446133,0.43446133
0.5709582,0.5709582
0.6111491,0.6111491
0.513732,0.513732
0.39529213,0.39529213
0.4421397,0.4421397
0.4332991,0.4332991
0.4034178,0.4034178
0.4131385,0.4131385
0.45516574,0.45516574
0.42529467,0.42529467
0.47085425,0.47085425
0.5361835,0.5361835
0.41985497,0.41985497
0.43513983,0.43513983
0.4067536,0.4067536
0.5668893,0.5668893
0.6135143,0.6135143
0.61028373,0.61028373
0.5759338,0.5759338
0.55479723,0.55479723
0.59819293,0.59819293
0.6095277,0.6095277
0.63726956,0.63726956
0.53873575,0.53873575
0.5876045,0.5876045
0.39941522,0.39941522
0.42295447,0.42295447
0.60758543,0.60758543
0.59288234,0.59288234
0.54330057,0.54330057
0.6294424,0.6294424
0.4409627,0.4409627
0.44542798,0.44542798
0.4173207,0.4173207
0.40429205,0.40429205
0.3974564,0.3974564
0.59584093,0.59584093
0.6134724,0.6134724
0.5604076,0.5604076
0.58202595,0.58202595
0.6032576,0.6032576
0.50317645,0.50317645
0.47983238,0.47983238
0.57427657,0.57427657
0.6369451,0.6369451
0.6138806,0.6138806
0.5993706,0.5993706
0.584998,0.584998
0.4433227,0.4433227
0.4133069,0.4133069
0.4401975,0.4401975
0.5819509,0.5819509
0.63831586,0.63831586
0.47073328,0.47073328
0.4724584,0.4724584
0.5762285,0.5762285
0.5826307,0.5826307
0.5192667,0.5192667
0.41493815,0.41493815
0.6119871,0.6119871
0.5854051,0.5854051
0.517846,0.517846
0.62347853,0.62347853
0.4742607,0.4742607
0.49824733,0.49824733
0.4632781,0.4632781
0.46657985,0.46657985
0.54160976,0.54160976
0.6352057,0.6352057
0.5695729,0.5695729
0.5736042,0.5736042
0.5788723,0.5788723
0.47473693,0.47473693
0.5973036,0.5973036
0.6569837,0.6569837
0.61850023,0.61850023
0.45179382,0.45179382
0.40427876,0.40427876
0.5901603,0.5901603
0.649739,0.649739
0.5404435,0.5404435
0.5757812,0.5757812
0.6667331,0.6667331
0.6523559,0.6523559
0.47440842,0.47440842
0.42660922,0.42660922
0.45225197,0.45225197
0.61239076,0.61239076
0.59457546,0.59457546
0.64857566,0.64857566
0.5533536,0.5533536
0.5552221,0.5552221
0.62072873,0.62072873
0.6227813,0.6227813
0.55665046,0.55665046
0.4203374,0.4203374
0.45968604,0.45968604
0.5367755,0.5367755
0.54311234,0.54311234
0.6328847,0.6328847
0.37852514,0.37852514
0.48202094,0.48202094
0.5884387,0.5884387
0.6000328,0.6000328
0.55042845,0.55042845
0.45278388,0.45278388
0.47337896,0.47337896
0.48035753,0.48035753
0.5115031,0.5115031
0.46672034,0.46672034
0.6182978,0.6182978
0.5627152,0.5627152
0.51241636,0.51241636
0.55569303,0.55569303
0.5288076,0.5288076
0.46659335,0.46659335
0.5127355,0.5127355
0.5528843,0.5528843
0.5749268,0.5749268
0.64493775,0.64493775
0.6288299,0.6288299
0.5369092,0.5369092
0.51301134,0.51301134
0.60564935,0.60564935
0.5358014,0.5358014
0.5585534,0.5585534
0.57124853,0.57124853
0.4708208,0.4708208
0.5775934,0.5775934
0.488397,0.488397
0.4105183,0.4105183
0.43641773,0.43641773
0.4911551,0.4911551
0.61354923,0.61354923
0.6234345,0.6234345
0.6408573,0.6408573
0.60788053,0.60788053
0.6245622,0.6245622
0.5891231,0.5891231
0.5801611,0.5801611
0.47462273,0.47462273
0.47490194,0.47490194
0.48669547,0.48669547
0.53624606,0.53624606
0.56316596,0.56316596
0.5233892,0.5233892
0.57163787,0.57163787
0.5423451,0.5423451
0.3685061,0.3685061
0.4346732,0.4346732
0.44989136,0.44989136
0.5307001,0.5307001
0.39133126,0.39133126
0.4312873,0.4312873
0.43992683,0.43992683
0.5518901,0.5518901
0.5703846,0.5703846
0.61165345,0.61165345
0.5047436,0.5047436
0.60172254,0.60172254
0.5710407,0.5710407
0.6177316,0.6177316
0.51667106,0.51667106
0.4561538,0.4561538
0.39432648,0.39432648
0.3231506,0.3231506
0.3848379,0.3848379
0.39238077,0.39238077
0.36174163,0.36174163
0.41112718,0.41112718
0.6371609,0.6371609
0.6492951,0.6492951
0.63557726,0.63557726
0.5933024,0.5933024
0.6503741,0.6503741
0.5970678,0.5970678
0.6165218,0.6165218
0.59132427,0.59132427
0.64122945,0.64122945
0.6201624,0.6201624
0.62784207,0.62784207
0.62069637,0.62069637
0.59437233,0.59437233
0.60758835,0.60758835
0.63973266,0.63973266
0.6533301,0.6533301
0.6318249,0.6318249
0.58215463,0.58215463
0.61653435,0.61653435
0.5487994,0.5487994
0.6209247,0.6209247
0.4863216,0.4863216
0.47159064,0.47159064
0.5886725,0.5886725
0.6109467,0.6109467
0.54196364,0.54196364
0.5287089,0.5287089
0.47099298,0.47099298
0.44370902,0.44370902
0.4779342,0.4779342
0.5628194,0.5628194
0.5339549,0.5339549
0.63671166,0.63671166
0.52948,0.52948
0.6205004,0.6205004
0.47958997,0.47958997
0.47792548,0.47792548
0.43360317,0.43360317
0.4324081,0.4324081
0.5061289,0.5061289
0.6190322,0.6190322
0.6171966,0.6171966
0.59768146,0.59768146
0.5893034,0.5893034
0.6070436,0.6070436
0.6453089,0.6453089
0.64516973,0.64516973
0.6267995,0.6267995
0.5825518,0.5825518
0.57865167,0.57865167
0.5767966,0.5767966
0.6275054,0.6275054
0.608548,0.608548
0.6192467,0.6192467
0.6103889,0.6103889
0.4581998,0.4581998
0.60143924,0.60143924
0.6256459,0.6256459
0.5587762,0.5587762
0.56156427,0.56156427
0.5114156,0.5114156
0.65207994,0.65207994
0.5758461,0.5758461
0.3995577,0.3995577
0.605535,0.605535
0.4670999,0.4670999
0.45442176,0.45442176
0.5359688,0.5359688
0.5133912,0.5133912
0.42191088,0.42191088
0.44637874,0.44637874
0.616862,0.616862
0.6158244,0.6158244
0.5011298,0.5011298
0.6587642,0.6587642
0.6391168,0.6391168
0.558439,0.558439
0.41795057,0.41795057
0.41060063,0.41060063
0.37754807,0.37754807
0.42632374,0.42632374
0.44132373,0.44132373
0.63052064,0.63052064
0.64776754,0.64776754
0.33663797,0.33663797
0.56071454,0.56071454
0.6113302,0.6113302
0.4745998,0.4745998
0.48405913,0.48405913
0.42330265,0.42330265
0.43721586,0.43721586
0.43452957,0.43452957
0.6755517,0.6755517
0.41191587,0.41191587
0.45998782,0.45998782
0.67231965,0.67231965
0.6165263,0.6165263
0.58969593,0.58969593
0.622012,0.622012
0.5779949,0.5779949
0.3767657,0.3767657
0.34327576,0.34327576
0.3502527,0.3502527
0.5088294,0.5088294
0.5913212,0.5913212
0.6451003,0.6451003
0.54249954,0.54249954
0.44591188,0.44591188
0.5516401,0.5516401
0.5695604,0.5695604
0.6251909,0.6251909
0.59143037,0.59143037
0.6263491,0.6263491
0.5942175,0.5942175
0.6241184,0.6241184
0.6093535,0.6093535
0.59665066,0.59665066
0.48171934,0.48171934
0.5678723,0.5678723
0.5313693,0.5313693
0.5748643,0.5748643
0.46670958,0.46670958
0.40222865,0.40222865
0.43627656,0.43627656
0.46776763,0.46776763
0.6010357,0.6010357
0.5489055,0.5489055
0.43176693,0.43176693
0.48253542,0.48253542
0.45089197,0.45089197
0.60904485,0.60904485
0.5744521,0.5744521
0.5947442,0.5947442
0.58131313,0.58131313
0.5058829,0.5058829
0.4262053,0.4262053
0.51903623,0.51903623
0.6113467,0.6113467
0.5938442,0.5938442
0.5699787,0.5699787
0.4370929,0.4370929
0.47523162,0.47523162
0.46063212,0.46063212
0.4467513,0.4467513
0.48956472,0.48956472
0.3775336,0.3775336
0.4100325,0.4100325
0.52242565,0.52242565
0.6530325,0.6530325
0.61922437,0.61922437
0.60707074,0.60707074
0.59833646,0.59833646
0.58945274,0.58945274
0.61103404,0.61103404
0.5852489,0.5852489
0.57608145,0.57608145
0.6459349,0.6459349
0.60354376,0.60354376
0.5918251,0.5918251
0.63751405,0.63751405
0.5900784,0.5900784
0.6561831,0.6561831
0.45024484,0.45024484
0.5560015,0.5560015
0.6197087,0.6197087
0.6100784,0.6100784
0.5823539,0.5823539
0.41475534,0.41475534
0.45254368,0.45254368
0.61102366,0.61102366
0.6379371,0.6379371
0.58812654,0.58812654
0.57149285,0.57149285
0.5354399,0.5354399
0.40099236,0.40099236
0.5007961,0.5007961
0.40579057,0.40579057
0.45330858,0.45330858
0.43710002,0.43710002
0.5137577,0.5137577
0.6172003,0.6172003
0.444297,0.444297
0.47989726,0.47989726
0.60397947,0.60397947
0.58999145,0.58999145
0.57049674,0.57049674
0.5517997,0.5517997
0.5884845,0.5884845
0.43980578,0.43980578
0.4507853,0.4507853
0.42980227,0.42980227
0.5185012,0.5185012
0.40184668,0.40184668
0.3930249,0.3930249
0.43782422,0.43782422
0.54640794,0.54640794
0.41020277,0.41020277
0.41911167,0.41911167
0.49011678,0.49011678
0.61873406,0.61873406
0.5965026,0.5965026
0.5754524,0.5754524
0.509078,0.509078
0.48236796,0.48236796
0.4032596,0.4032596
0.38676676,0.38676676
0.60294485,0.60294485
0.69008714,0.69008714
0.6532237,0.6532237
0.4684684,0.4684684
0.3962199,0.3962199
0.4298889,0.4298889
0.38223737,0.38223737
0.43515828,0.43515828
0.49196434,0.49196434
0.48395285,0.48395285
0.5644004,0.5644004
0.4125142,0.4125142
0.41095805,0.41095805
0.41475382,0.41475382
0.46040094,0.46040094
0.5866635,0.5866635
0.62889445,0.62889445
0.620217,0.620217
0.634214,0.634214
0.57633585,0.57633585
0.59977615,0.59977615
0.6560903,0.6560903
0.5793099,0.5793099
0.5707134,0.5707134
0.5980006,0.5980006
0.6053505,0.6053505
0.5996552,0.5996552
0.63528496,0.63528496
0.63200366,0.63200366
0.41020563,0.41020563
0.44417766,0.44417766
0.48510116,0.48510116
0.41130123,0.41130123
0.51197183,0.51197183
0.5990145,0.5990145
0.56252944,0.56252944
0.5953366,0.5953366
0.58072907,0.58072907
0.6501118,0.6501118
0.60466367,0.60466367
0.6002015,0.6002015
0.5160353,0.5160353
0.46039495,0.46039495
0.44793588,0.44793588
0.43398085,0.43398085
0.6275801,0.6275801
0.6145535,0.6145535
0.5787471,0.5787471
0.40721682,0.40721682
0.3846762,0.3846762
0.42019406,0.42019406
0.5722622,0.5722622
0.62356097,0.62356097
0.6129046,0.6129046
0.49600714,0.49600714
0.34608006,0.34608006
0.4102842,0.4102842
0.48983246,0.48983246
0.3923688,0.3923688
0.4991224,0.4991224
0.6081534,0.6081534
0.5941745,0.5941745
0.5872657,0.5872657
0.59127253,0.59127253
0.6426546,0.6426546
0.60162693,0.60162693
0.59797704,0.59797704
0.6024945,0.6024945
0.6132833,0.6132833
0.5633701,0.5633701
0.64974624,0.64974624
0.6567166,0.6567166
0.5895848,0.5895848
0.5832592,0.5832592
0.53564185,0.53564185
0.48878706,0.48878706
0.48014736,0.48014736
0.6305675,0.6305675
0.5003404,0.5003404
0.40679908,0.40679908
0.5424733,0.5424733
0.5104389,0.5104389
0.58255905,0.58255905
0.580094,0.580094
0.3845855,0.3845855
0.46764237,0.46764237
0.6247362,0.6247362
0.6045262,0.6045262
0.44705862,0.44705862
0.53622586,0.53622586
0.50346404,0.50346404
0.4583522,0.4583522
0.46548507,0.46548507
0.46111915,0.46111915
0.4780805,0.4780805
0.5818281,0.5818281
0.42897034,0.42897034
0.5486246,0.5486246
0.4544335,0.4544335
0.5984427,0.5984427
0.57477933,0.57477933
0.5038637,0.5038637
0.63513744,0.63513744
0.45804554,0.45804554
0.40368748,0.40368748
0.61884534,0.61884534
0.6011083,0.6011083
0.57543033,0.57543033
0.49112526,0.49112526
0.51914585,0.51914585
0.56229866,0.56229866
0.5924774,0.5924774
0.545745,0.545745
0.5576571,0.5576571
0.5249248,0.5249248
0.46723807,0.46723807
0.61558676,0.61558676
0.5078183,0.5078183
0.45162055,0.45162055
0.39007488,0.39007488
0.45212185,0.45212185
0.4935525,0.4935525
0.60997605,0.60997605
0.6205167,0.6205167
0.56580526,0.56580526
0.5537556,0.5537556
0.6055989,0.6055989
0.6544072,0.6544072
0.39852202,0.39852202
0.3817559,0.3817559
0.57347673,0.57347673
0.5624123,0.5624123
0.43509978,0.43509978
0.4853499,0.4853499
0.4755071,0.4755071
0.6358737,0.6358737
0.5071697,0.5071697
0.64760005,0.64760005
0.6444434,0.6444434
0.609907,0.609907
0.5338586,0.5338586
0.60656095,0.60656095
0.65231234,0.65231234
0.5402361,0.5402361
0.56585187,0.56585187
0.6385927,0.6385927
0.5871966,0.5871966
0.59968823,0.59968823
0.63698363,0.63698363
0.59520274,0.59520274
0.5823204,0.5823204
0.5560733,0.5560733
0.45664614,0.45664614
0.38168344,0.38168344
0.5926727,0.5926727
0.6354668,0.6354668
0.47227326,0.47227326
0.546214,0.546214
0.52114046,0.52114046
0.47138673,0.47138673
0.47862667,0.47862667
0.4912912,0.4912912
0.5032679,0.5032679
0.44771025,0.44771025
0.43797982,0.43797982
0.59964603,0.59964603
0.557849,0.557849
0.6541243,0.6541243
0.564464,0.564464
0.6156112,0.6156112
0.48691365,0.48691365
0.5988018,0.5988018
0.5952803,0.5952803
0.4296915,0.4296915
0.53557354,0.53557354
0.6100766,0.6100766
0.53913534,0.53913534
0.50011975,0.50011975
0.4765927,0.4765927
0.55809575,0.55809575
0.60270566,0.60270566
0.54863846,0.54863846
0.4406647,0.4406647
0.5962151,0.5962151
0.5270952,0.5270952
0.6742769,0.6742769
0.5278374,0.5278374
0.54414284,0.54414284
0.5833497,0.5833497
0.5403457,0.5403457
0.5550412,0.5550412
0.49471915,0.49471915
0.48406953,0.48406953
0.45384914,0.45384914
0.6303132,0.6303132
0.5813488,0.5813488
0.6066614,0.6066614
0.6208182,0.6208182
0.46181172,0.46181172
0.55138034,0.55138034
0.63623136,0.63623136
0.44721916,0.44721916
0.46908337,0.46908337
0.4282601,0.4282601
0.4741157,0.4741157
0.5787205,0.5787205
0.6024824,0.6024824
0.6136404,0.6136404
0.53527325,0.53527325
0.5357256,0.5357256
0.45681095,0.45681095
0.6541776,0.6541776
0.60036755,0.60036755
0.5525478,0.5525478
0.61094475,0.61094475
0.5942136,0.5942136
0.5283762,0.5283762
0.47119778,0.47119778
0.6258201,0.6258201
0.505319,0.505319
0.46129146,0.46129146
0.45781177,0.45781177
0.43262845,0.43262845
0.48443648,0.48443648
0.35477516,0.35477516
0.4849782,0.4849782
0.5742184,0.5742184
0.601019,0.601019
0.5534056,0.5534056
0.44218716,0.44218716
0.45542696,0.45542696
0.42917413,0.42917413
0.534395,0.534395
0.5694661,0.5694661
0.35865977,0.35865977
0.35953906,0.35953906
0.44561386,0.44561386
0.46783206,0.46783206
0.59118754,0.59118754
0.5767298,0.5767298
0.5708057,0.5708057
0.5822068,0.5822068
0.590417,0.590417
0.5475147,0.5475147
0.54904693,0.54904693
0.6448724,0.6448724
0.6141448,0.6141448
0.640065,0.640065
0.58673996,0.58673996
0.63096726,0.63096726
0.59063035,0.59063035
0.5898804,0.5898804
0.5740619,0.5740619
0.5747889,0.5747889
0.59192085,0.59192085
0.5436199,0.5436199
0.48185685,0.48185685
0.59019864,0.59019864
0.5122115,0.5122115
0.40147176,0.40147176
0.41264322,0.41264322
0.43164662,0.43164662
0.57369244,0.57369244
0.59915674,0.59915674
0.639742,0.639742
0.6122235,0.6122235
0.4409991,0.4409991
0.35291344,0.35291344
0.6352653,0.6352653
0.5985284,0.5985284
0.40194046,0.40194046
0.44796386,0.44796386
0.41161358,0.41161358
0.45391518,0.45391518
0.4350991,0.4350991
0.48211777,0.48211777
0.6218887,0.6218887
0.47698212,0.47698212
0.60798097,0.60798097
0.5968836,0.5968836
0.5996134,0.5996134
0.60163516,0.60163516
0.47644845,0.47644845
0.55907214,0.55907214
0.55240214,0.55240214
0.6254839,0.6254839
0.61803323,0.61803323
0.55378735,0.55378735
0.5022457,0.5022457
0.5086798,0.5086798
0.42653176,0.42653176
0.42392084,0.42392084
0.50939447,0.50939447
0.5093156,0.5093156
0.45649877,0.45649877
0.5037413,0.5037413
0.4517731,0.4517731
0.4798132,0.4798132
0.44988424,0.44988424
0.46833354,0.46833354
0.47100803,0.47100803
0.47517183,0.47517183
0.32121837,0.32121837
0.44616205,0.44616205
0.3673878,0.3673878
0.39080536,0.39080536
0.49507517,0.49507517
0.56413376,0.56413376
0.48545608,0.48545608
0.49198708,0.49198708
0.3721921,0.3721921
0.38995528,0.38995528
0.39559394,0.39559394
0.39386553,0.39386553
0.47853312,0.47853312
0.59876096,0.59876096
0.5814866,0.5814866
0.57082444,0.57082444
0.60940355,0.60940355
0.62110025,0.62110025
0.6430922,0.6430922
0.6131614,0.6131614
0.6145812,0.6145812
0.61522526,0.61522526
0.6077451,0.6077451
0.5820861,0.5820861
0.5742135,0.5742135
0.5476143,0.5476143
0.422215,0.422215
0.4634664,0.4634664
0.3817723,0.3817723
0.36968452,0.36968452
0.4873547,0.4873547
0.48942423,0.48942423
0.43267217,0.43267217
0.55522066,0.55522066
0.61279124,0.61279124
0.44150224,0.44150224
0.44863638,0.44863638
0.61795324,0.61795324
0.58480096,0.58480096
0.63844687,0.63844687
0.5724556,0.5724556
0.48544028,0.48544028
0.44091445,0.44091445
0.4508931,0.4508931
0.47154576,0.47154576
0.44907093,0.44907093
0.6077269,0.6077269
0.53630865,0.53630865
0.38829815,0.38829815
0.4849963,0.4849963
0.43987262,0.43987262
0.6031004,0.6031004
0.617762,0.617762
0.5958836,0.5958836
0.647922,0.647922
0.51140755,0.51140755
0.42274198,0.42274198
0.5285678,0.5285678
0.3974548,0.3974548
0.50464946,0.50464946
0.4762441,0.4762441
0.46245176,0.46245176
0.4158116,0.4158116
0.4477533,0.4477533
0.45523524,0.45523524
0.60277814,0.60277814
0.60875064,0.60875064
0.6076414,0.6076414
0.60147643,0.60147643
0.508616,0.508616
0.4174981,0.4174981
0.566543,0.566543
0.603326,0.603326
0.56248194,0.56248194
0.6135803,0.6135803
0.61049825,0.61049825
0.45766303,0.45766303
0.41096455,0.41096455
0.45564207,0.45564207
0.5208742,0.5208742
0.4439597,0.4439597
0.5027896,0.5027896
0.47493726,0.47493726
0.6918844,0.6918844
0.6139349,0.6139349
0.6030829,0.6030829
0.58219576,0.58219576
0.44688994,0.44688994
0.6022989,0.6022989
0.6148641,0.6148641
0.52601796,0.52601796
0.6193955,0.6193955
0.5895016,0.5895016
0.4582706,0.4582706
0.4690505,0.4690505
0.5966636,0.5966636
0.5923524,0.5923524
0.62537825,0.62537825
0.4568385,0.4568385
0.4766206,0.4766206
0.40080455,0.40080455
0.46727273,0.46727273
0.47171125,0.47171125
0.4696746,0.4696746
0.43776754,0.43776754
0.5014489,0.5014489
0.5716006,0.5716006
0.5816902,0.5816902
0.6280408,0.6280408
0.6011877,0.6011877
0.68027556,0.68027556
0.52911884,0.52911884
0.57714796,0.57714796
0.59564286,0.59564286
0.5988469,0.5988469
0.5847017,0.5847017
0.60680425,0.60680425
0.58002216,0.58002216
0.42815006,0.42815006
0.3802043,0.3802043
0.4003364,0.4003364
0.41411063,0.41411063
0.39355108,0.39355108
0.37619007,0.37619007
0.6022915,0.6022915
0.582651,0.582651
0.62234044,0.62234044
0.61858755,0.61858755
0.6243628,0.6243628
0.5846131,0.5846131
0.62133896,0.62133896
0.56443024,0.56443024
0.6371945,0.6371945
0.6206623,0.6206623
0.5789209,0.5789209
0.6243085,0.6243085
0.4434827,0.4434827
0.53518677,0.53518677
0.45128512,0.45128512
0.3681791,0.3681791
0.44651642,0.44651642
0.44251385,0.44251385
0.4598697,0.4598697
0.5581305,0.5581305
0.44137076,0.44137076
0.4626258,0.4626258
0.6420794,0.6420794
0.60028076,0.60028076
0.42549655,0.42549655
0.37311026,0.37311026
0.504086,0.504086
0.4498065,0.4498065
0.5124381,0.5124381
0.39116544,0.39116544
0.40743685,0.40743685
0.5395857,0.5395857
0.4593308,0.4593308
0.43759698,0.43759698
0.5710735,0.5710735
0.58421516,0.58421516
0.5240096,0.5240096
0.56618845,0.56618845
0.4151762,0.4151762
0.45420954,0.45420954
0.47300464,0.47300464
0.45372784,0.45372784
0.4852682,0.4852682
0.48123816,0.48123816
0.44657087,0.44657087
0.4623079,0.4623079
0.62130654,0.62130654
0.63086426,0.63086426
0.63655937,0.63655937
0.4972163,0.4972163
0.61256254,0.61256254
0.39931208,0.39931208
0.35821187,0.35821187
0.60204494,0.60204494
0.6189979,0.6189979
0.5672364,0.5672364
0.42623988,0.42623988
0.44284686,0.44284686
0.66112083,0.66112083
0.6670433,0.6670433
0.63721997,0.63721997
0.6086964,0.6086964
0.46205637,0.46205637
0.40919745,0.40919745
0.3626012,0.3626012
0.37258923,0.37258923
0.4344429,0.4344429
0.39635783,0.39635783
0.4310231,0.4310231
0.5050293,0.5050293
0.46881318,0.46881318
0.39659247,0.39659247
0.47925928,0.47925928
0.47340617,0.47340617
0.44312465,0.44312465
0.4372638,0.4372638
0.45148188,0.45148188
0.57487506,0.57487506
0.6168684,0.6168684
0.45718277,0.45718277
0.45960876,0.45960876
0.4956563,0.4956563
0.43555903,0.43555903
0.4105547,0.4105547
0.3457741,0.3457741
0.4723651,0.4723651
0.46238214,0.46238214
0.44636264,0.44636264
0.5443091,0.5443091
0.63069624,0.63069624
0.3716941,0.3716941
0.4001377,0.4001377
0.39137918,0.39137918
0.43283388,0.43283388
0.6348932,0.6348932
0.5706398,0.5706398
0.6358575,0.6358575
0.58696,0.58696
0.57697254,0.57697254
0.6212474,0.6212474
0.61434424,0.61434424
0.5784732,0.5784732
0.6446916,0.6446916
0.585261,0.585261
0.50212455,0.50212455
0.6031559,0.6031559
0.56879,0.56879
0.5119946,0.5119946
0.40225634,0.40225634
0.5891719,0.5891719
0.5642643,0.5642643
0.5600674,0.5600674
0.46403238,0.46403238
0.46198344,0.46198344
0.39909977,0.39909977
0.4547506,0.4547506
0.5936659,0.5936659
0.66582286,0.66582286
0.4286836,0.4286836
0.4332253,0.4332253
0.45405376,0.45405376
0.44533604,0.44533604
0.59564734,0.59564734
0.5625231,0.5625231
0.6231166,0.6231166
0.61213446,0.61213446
0.4247431,0.4247431
0.4450632,0.4450632
0.44452664,0.44452664
0.434564,0.434564
0.61099106,0.61099106
0.42861906,0.42861906
0.47300124,0.47300124
0.51347345,0.51347345
0.55389607,0.55389607
0.56274617,0.56274617
0.42648783,0.42648783
0.49720386,0.49720386
0.5939384,0.5939384
0.58012086,0.58012086
0.42498687,0.42498687
0.4611024,0.4611024
0.46845064,0.46845064
0.44615403,0.44615403
0.48052806,0.48052806
0.50549495,0.50549495
0.45664006,0.45664006
0.6830742,0.6830742
0.40771165,0.40771165
0.51587886,0.51587886
0.6307609,0.6307609
0.61268085,0.61268085
0.61864406,0.61864406
0.5308962,0.5308962
0.45852086,0.45852086
0.4506422,0.4506422
0.41213036,0.41213036
0.60576606,0.60576606
0.58677727,0.58677727
0.6140892,0.6140892
0.42068794,0.42068794
0.4406618,0.4406618
0.45879486,0.45879486
0.5442697,0.5442697
0.5847305,0.5847305
0.607359,0.607359
0.607393,0.607393
0.65307856,0.65307856
0.57325625,0.57325625
0.65180254,0.65180254
0.5390444,0.5390444
0.57502455,0.57502455
0.5666314,0.5666314
0.5507323,0.5507323
0.57980824,0.57980824
0.55098873,0.55098873
0.5030533,0.5030533
0.50613385,0.50613385
0.6074569,0.6074569
0.6286427,0.6286427
0.6481352,0.6481352
0.6221469,0.6221469
0.61719257,0.61719257
0.53721064,0.53721064
0.41701105,0.41701105
0.6119286,0.6119286
0.56006616,0.56006616
0.6268,0.6268
0.6534972,0.6534972
0.60374695,0.60374695
0.43227026,0.43227026
0.49469468,0.49469468
0.39630193,0.39630193
0.4380917,0.4380917
0.6319661,0.6319661
0.5909061,0.5909061
0.5688536,0.5688536
0.5902618,0.5902618
0.6398525,0.6398525
0.5807272,0.5807272
0.5790062,0.5790062
0.6209748,0.6209748
0.5672166,0.5672166
0.58872026,0.58872026
0.5880317,0.5880317
0.62648606,0.62648606
0.6189438,0.6189438
0.6424153,0.6424153
0.6435635,0.6435635
0.6014206,0.6014206
0.582714,0.582714
0.56689364,0.56689364
0.5330212,0.5330212
0.51877373,0.51877373
0.43266293,0.43266293
0.42452398,0.42452398
0.56135875,0.56135875
0.6121806,0.6121806
0.45828867,0.45828867
0.38136896,0.38136896
0.505161,0.505161
0.519427,0.519427
0.5801732,0.5801732
0.44647533,0.44647533
0.4096294,0.4096294
0.43093386,0.43093386
0.49913186,0.49913186
0.41407076,0.41407076
0.49788147,0.49788147
0.49136204,0.49136204
0.4847929,0.4847929
0.4809426,0.4809426
0.43948922,0.43948922
0.41318968,0.41318968
0.43286437,0.43286437
0.64344764,0.64344764
0.63416326,0.63416326
0.5515028,0.5515028
0.56657904,0.56657904
0.63127434,0.63127434
0.5718655,0.5718655
0.57203645,0.57203645
0.50130254,0.50130254
0.44546467,0.44546467
0.42613107,0.42613107
0.4669261,0.4669261
0.48232183,0.48232183
0.43779665,0.43779665
0.47612864,0.47612864
0.42470625,0.42470625
0.42578638,0.42578638
0.44169363,0.44169363
0.4427971,0.4427971
0.44121346,0.44121346
0.48477304,0.48477304
0.50410515,0.50410515
0.45354316,0.45354316
0.4288598,0.4288598
0.43618286,0.43618286
0.46433997,0.46433997
0.4152277,0.4152277
0.42449456,0.42449456
0.6341804,0.6341804
0.629932,0.629932
0.4187157,0.4187157
0.4049889,0.4049889
0.6340743,0.6340743
0.6100057,0.6100057
0.6204354,0.6204354
0.5132387,0.5132387
0.4360927,0.4360927
0.42845556,0.42845556
0.4169147,0.4169147
0.4827098,0.4827098
0.46900904,0.46900904
0.66856384,0.66856384
0.55070823,0.55070823
0.5542172,0.5542172
0.42624846,0.42624846
0.54658395,0.54658395
0.4813547,0.4813547
0.38019803,0.38019803
0.44645092,0.44645092
0.5310084,0.5310084
0.4808075,0.4808075
0.46998948,0.46998948
0.53234655,0.53234655
0.4713668,0.4713668
0.44098508,0.44098508
0.5052752,0.5052752
0.43959907,0.43959907
0.46851403,0.46851403
0.58791476,0.58791476
0.5491398,0.5491398
0.5838878,0.5838878
0.5732085,0.5732085
0.4619087,0.4619087
0.45859295,0.45859295
0.44118086,0.44118086
0.42915052,0.42915052
0.41225576,0.41225576
0.3992045,0.3992045
0.40763855,0.40763855
0.63344944,0.63344944
0.51924056,0.51924056
0.53791225,0.53791225
0.5938454,0.5938454
0.62497795,0.62497795
0.6116701,0.6116701
0.62782645,0.62782645
0.42960787,0.42960787
0.48990527,0.48990527
0.5946052,0.5946052
0.58366996,0.58366996
0.6336131,0.6336131
0.591759,0.591759
0.538818,0.538818
0.46201113,0.46201113
0.45666155,0.45666155
0.52084297,0.52084297
0.62990034,0.62990034
0.6376725,0.6376725
0.60238487,0.60238487
0.5786191,0.5786191
0.57853,0.57853
0.6281674,0.6281674
0.60145855,0.60145855
0.64786154,0.64786154
0.5982199,0.5982199
0.47973636,0.47973636
0.5230546,0.5230546
0.50564367,0.50564367
0.4069561,0.4069561
0.47250834,0.47250834
0.3840158,0.3840158
0.44417736,0.44417736
0.40838644,0.40838644
0.44376096,0.44376096
0.53784084,0.53784084
0.41422772,0.41422772
0.4530377,0.4530377
0.45625025,0.45625025
0.41836217,0.41836217
0.40062606,0.40062606
0.5664639,0.5664639
0.62211525,0.62211525
0.63103616,0.63103616
0.60055894,0.60055894
0.45006156,0.45006156
0.49367338,0.49367338
0.5288114,0.5288114
0.54049844,0.54049844
0.5558623,0.5558623
0.4916903,0.4916903
0.52080995,0.52080995
0.51001936,0.51001936
0.4136809,0.4136809
0.40597886,0.40597886
0.5322471,0.5322471
0.48787126,0.48787126
0.45960268,0.45960268
0.4974148,0.4974148
0.48981264,0.48981264
0.5264408,0.5264408
0.6236475,0.6236475
0.44203392,0.44203392
0.47451365,0.47451365
0.47386348,0.47386348
0.61118764,0.61118764
0.63635254,0.63635254
0.7084692,0.7084692
0.4529857,0.4529857
0.60732794,0.60732794
0.56889784,0.56889784
0.5796968,0.5796968
0.6296762,0.6296762
0.61318016,0.61318016
0.6065822,0.6065822
0.6331018,0.6331018
0.53985,0.53985
0.48715106,0.48715106
0.606036,0.606036
0.62124604,0.62124604
0.61330307,0.61330307
0.51753485,0.51753485
0.40381482,0.40381482
0.43471837,0.43471837
0.47884643,0.47884643
0.48223636,0.48223636
0.49611855,0.49611855
0.549607,0.549607
0.42619368,0.42619368
0.6103331,0.6103331
0.5867301,0.5867301
0.50206864,0.50206864
0.43948346,0.43948346
0.42063987,0.42063987
0.61485815,0.61485815
0.5842057,0.5842057
0.5165001,0.5165001
0.49057186,0.49057186
0.4877085,0.4877085
0.39369857,0.39369857
0.41960272,0.41960272
0.4243243,0.4243243
0.55878717,0.55878717
0.4402468,0.4402468
0.4154892,0.4154892
0.58714515,0.58714515
0.5787155,0.5787155
0.5240084,0.5240084
0.473015,0.473015
0.49138168,0.49138168
0.60983753,0.60983753
0.66444784,0.66444784
0.42968872,0.42968872
0.41829824,0.41829824
0.47186255,0.47186255
0.41676328,0.41676328
0.39228892,0.39228892
0.55172324,0.55172324
0.5562711,0.5562711
0.5900384,0.5900384
0.44011122,0.44011122
0.45615396,0.45615396
0.5331233,0.5331233
0.5339946,0.5339946
0.60129035,0.60129035
0.5896913,0.5896913
0.4762607,0.4762607
0.43809006,0.43809006
0.65414935,0.65414935
0.6490321,0.6490321
0.608433,0.608433
0.5094776,0.5094776
0.46550563,0.46550563
0.4857038,0.4857038
0.57805896,0.57805896
0.5436229,0.5436229
0.5404755,0.5404755
0.47255325,0.47255325
0.46979865,0.46979865
0.44259888,0.44259888
0.4858981,0.4858981
0.3860292,0.3860292
0.5210809,0.5210809
0.64189744,0.64189744
0.6539702,0.6539702
0.5510654,0.5510654
0.38555,0.38555
0.44902167,0.44902167
0.6067273,0.6067273
0.5946133,0.5946133
0.5849222,0.5849222
0.6080052,0.6080052
0.61407715,0.61407715
0.65286815,0.65286815
0.5996002,0.5996002
0.58053714,0.58053714
0.630017,0.630017
0.5984327,0.5984327
0.6255134,0.6255134
0.59507996,0.59507996
0.57098097,0.57098097
0.5968666,0.5968666
0.62378734,0.62378734
0.6305042,0.6305042
0.58411795,0.58411795
0.60902804,0.60902804
0.54101324,0.54101324
0.5335111,0.5335111
0.3997593,0.3997593
0.50618744,0.50618744
0.50200796,0.50200796
0.4715358,0.4715358
0.4544254,0.4544254
0.4523856,0.4523856
0.3794467,0.3794467
0.37612796,0.37612796
0.42403102,0.42403102
0.5015069,0.5015069
0.59647477,0.59647477
0.5661355,0.5661355
0.47277674,0.47277674
0.5486227,0.5486227
0.45277488,0.45277488
0.5473227,0.5473227
0.50856215,0.50856215
0.3659371,0.3659371
0.3772322,0.3772322
0.399467,0.399467
0.4160229,0.4160229
0.4595684,0.4595684
0.404137,0.404137
0.45547545,0.45547545
0.43167445,0.43167445
0.46120518,0.46120518
0.5935624,0.5935624
0.6017658,0.6017658
0.62750125,0.62750125
0.5713169,0.5713169
0.56842315,0.56842315
0.66116977,0.66116977
0.6114914,0.6114914
0.5967017,0.5967017
0.5757248,0.5757248
0.6288975,0.6288975
0.53934455,0.53934455
0.49059665,0.49059665
0.45618457,0.45618457
0.53501064,0.53501064
0.6133117,0.6133117
0.6268468,0.6268468
0.60677916,0.60677916
0.59406114,0.59406114
0.60992414,0.60992414
0.57577586,0.57577586
0.6542065,0.6542065
0.5344694,0.5344694
0.5042542,0.5042542
0.5125319,0.5125319
0.62483776,0.62483776
0.61257386,0.61257386
0.64658433,0.64658433
0.3873505,0.3873505
0.51131964,0.51131964
0.53466326,0.53466326
0.60583174,0.60583174
0.4527493,0.4527493
0.62379247,0.62379247
0.60556686,0.60556686
0.42164814,0.42164814
0.49156275,0.49156275
0.6371524,0.6371524
0.5669456,0.5669456
0.47315773,0.47315773
0.5863684,0.5863684
0.51335365,0.51335365
0.42669594,0.42669594
0.47426435,0.47426435
0.4246991,0.4246991
0.55881226,0.55881226
0.4576889,0.4576889
0.4472125,0.4472125
0.5637056,0.5637056
0.62304735,0.62304735
0.6225827,0.6225827
0.45936733,0.45936733
0.4637388,0.4637388
0.47702572,0.47702572
0.5665725,0.5665725
0.4049836,0.4049836
0.46316472,0.46316472
0.7036771,0.7036771
0.48581904,0.48581904
0.5087001,0.5087001
0.44994172,0.44994172
0.4104883,0.4104883
0.6183636,0.6183636
0.584667,0.584667
0.5010293,0.5010293
0.48400077,0.48400077
0.62109184,0.62109184
0.55961174,0.55961174
0.59459835,0.59459835
0.572293,0.572293
0.6164661,0.6164661
0.47047305,0.47047305
0.48385185,0.48385185
0.5084447,0.5084447
0.61565703,0.61565703
0.63205904,0.63205904
0.42033258,0.42033258
0.39688894,0.39688894
0.3675631,0.3675631
0.5163167,0.5163167
0.6080136,0.6080136
0.42454,0.42454
0.48499838,0.48499838
0.53583574,0.53583574
0.40418342,0.40418342
0.43079495,0.43079495
0.55163765,0.55163765
0.40378508,0.40378508
0.4856762,0.4856762
0.61595184,0.61595184
0.49982902,0.49982902
0.5197308,0.5197308
0.4767163,0.4767163
0.43643597,0.43643597
0.4250239,0.4250239
0.43962833,0.43962833
0.46265778,0.46265778
0.4120411,0.4120411
0.55193156,0.55193156
0.45670587,0.45670587
0.41445228,0.41445228
0.32051718,0.32051718
0.43345422,0.43345422
0.45403755,0.45403755
0.4327994,0.4327994
0.5726438,0.5726438
0.6593362,0.6593362
0.62876433,0.62876433
0.5271429,0.5271429
0.57440877,0.57440877
0.6047865,0.6047865
0.6617112,0.6617112
0.61926496,0.61926496
0.61446536,0.61446536
0.52977717,0.52977717
0.41610274,0.41610274
0.566864,0.566864
0.55448663,0.55448663
0.51732165,0.51732165
0.58438057,0.58438057
0.50510603,0.50510603
0.4674574,0.4674574
0.47980967,0.47980967
0.47545293,0.47545293
0.4482641,0.4482641
0.49422687,0.49422687
0.47925642,0.47925642
0.47462413,0.47462413
0.5869381,0.5869381
0.3680328,0.3680328
0.4706981,0.4706981
0.56814,0.56814
0.4341112,0.4341112
0.47987598,0.47987598
0.43476325,0.43476325
0.45689616,0.45689616
0.60506237,0.60506237
0.4449513,0.4449513
0.6041431,0.6041431
0.50044084,0.50044084
0.5885629,0.5885629
0.5317625,0.5317625
0.6277805,0.6277805
0.48914835,0.48914835
0.58029294,0.58029294
0.41658863,0.41658863
0.59291404,0.59291404
0.58202446,0.58202446
0.48062104,0.48062104
0.5183204,0.5183204
0.51377803,0.51377803
0.48936978,0.48936978
0.61693186,0.61693186
0.59979045,0.59979045
0.51387113,0.51387113
0.49656808,0.49656808
0.4609236,0.4609236
0.45155126,0.45155126
0.42432535,0.42432535
0.48336136,0.48336136
0.64939195,0.64939195
0.59469664,0.59469664
0.50125533,0.50125533
0.45136374,0.45136374
0.59996146,0.59996146
0.6225051,0.6225051
0.534153,0.534153
0.48103052,0.48103052
0.48116848,0.48116848
0.4033413,0.4033413
0.48325726,0.48325726
0.573721,0.573721
0.57167107,0.57167107
0.6387203,0.6387203
0.6153865,0.6153865
0.54945,0.54945
0.43004674,0.43004674
0.48789585,0.48789585
0.42804334,0.42804334
0.44246978,0.44246978
0.4358791,0.4358791
0.567848,0.567848
0.5910615,0.5910615
0.33239588,0.33239588
0.37845176,0.37845176
0.43279982,0.43279982
0.4053494,0.4053494
0.38584918,0.38584918
0.5048989,0.5048989
0.56726646,0.56726646
0.5503101,0.5503101
0.5636043,0.5636043
0.60883725,0.60883725
0.5351442,0.5351442
0.5817151,0.5817151
0.6335413,0.6335413
0.61535794,0.61535794
0.6397766,0.6397766
0.60147405,0.60147405
0.56776005,0.56776005
0.60570234,0.60570234
0.5735582,0.5735582
0.5783026,0.5783026
0.6321456,0.6321456
0.6119511,0.6119511
0.6448333,0.6448333
0.5829123,0.5829123
0.6161081,0.6161081
0.60538274,0.60538274
0.6160811,0.6160811
0.6688629,0.6688629
0.5776164,0.5776164
0.60966784,0.60966784
0.46853843,0.46853843
0.44266605,0.44266605
0.5305916,0.5305916
0.6022125,0.6022125
0.52315855,0.52315855
0.5358748,0.5358748
0.53039765,0.53039765
0.5292727,0.5292727
0.50549394,0.50549394
0.42475435,0.42475435
0.50036556,0.50036556
0.5853676,0.5853676
0.5517278,0.5517278
0.6029272,0.6029272
0.6058738,0.6058738
0.6552446,0.6552446
0.47590092,0.47590092
0.46625125,0.46625125
0.5584754,0.5584754
0.57557607,0.57557607
0.7025877,0.7025877
0.6039311,0.6039311
0.40914607,0.40914607
0.55329716,0.55329716
0.6298395,0.6298395
0.5997026,0.5997026
0.5417848,0.5417848
0.5333576,0.5333576
0.44865075,0.44865075
0.5343291,0.5343291
0.6105871,0.6105871
0.3467321,0.3467321
0.5534512,0.5534512
0.5779269,0.5779269
0.58353746,0.58353746
0.4947623,0.4947623
0.51596457,0.51596457
0.6192506,0.6192506
0.56975937,0.56975937
0.5020759,0.5020759
0.58474815,0.58474815
0.6023725,0.6023725
0.4893414,0.4893414
0.47162962,0.47162962
0.46720275,0.46720275
0.4482352,0.4482352
0.46295777,0.46295777
0.5297994,0.5297994
0.4787143,0.4787143
0.5377821,0.5377821
0.5870742,0.5870742
0.58658147,0.58658147
0.5883626,0.5883626
0.5987738,0.5987738
0.52478325,0.52478325
0.3869488,0.3869488
0.40778556,0.40778556
0.47160897,0.47160897
0.4596221,0.4596221
0.64409363,0.64409363
0.5746425,0.5746425
0.47743157,0.47743157
0.42434856,0.42434856
0.5366122,0.5366122
0.5092882,0.5092882
0.44786575,0.44786575
0.44126615,0.44126615
0.60544246,0.60544246
0.66829133,0.66829133
0.58052015,0.58052015
0.49932098,0.49932098
0.4466729,0.4466729
0.47537526,0.47537526
0.4670768,0.4670768
0.4720991,0.4720991
0.44875297,0.44875297
0.3564863,0.3564863
0.433197,0.433197
0.6661852,0.6661852
0.59930974,0.59930974
0.5979633,0.5979633
0.4645651,0.4645651
0.5157357,0.5157357
0.5213053,0.5213053
0.6642928,0.6642928
0.67978436,0.67978436
0.69196105,0.69196105
0.5785487,0.5785487
0.5951234,0.5951234
0.45106104,0.45106104
0.5013578,0.5013578
0.5045427,0.5045427
0.42109647,0.42109647
0.43675005,0.43675005
0.4780217,0.4780217
0.44392702,0.44392702
0.70288044,0.70288044
0.5353552,0.5353552
0.6061059,0.6061059
0.604098,0.604098
0.40964478,0.40964478
0.40475354,0.40475354
0.40289807,0.40289807
0.4439211,0.4439211
0.44761252,0.44761252
0.56763464,0.56763464
0.51259845,0.51259845
0.5725413,0.5725413
0.638891,0.638891
0.608708,0.608708
0.5453059,0.5453059
0.5602114,0.5602114
0.4458784,0.4458784
0.41223723,0.41223723
0.49374783,0.49374783
0.5476281,0.5476281
0.60250777,0.60250777
0.5130962,0.5130962
0.4680516,0.4680516
0.40030435,0.40030435
0.65441036,0.65441036
0.55604255,0.55604255
0.5382307,0.5382307
0.5778882,0.5778882
0.65598935,0.65598935
0.46111357,0.46111357
0.5492444,0.5492444
0.48902437,0.48902437
0.4623132,0.4623132
0.636603,0.636603
0.453896,0.453896
0.4343759,0.4343759
0.50110793,0.50110793
0.5871235,0.5871235
0.5995634,0.5995634
0.602486,0.602486
0.61950874,0.61950874
0.44059646,0.44059646
0.6302084,0.6302084
0.61772925,0.61772925
0.5898912,0.5898912
0.6054576,0.6054576
0.6043348,0.6043348
0.59272045,0.59272045
0.5658825,0.5658825
0.59558743,0.59558743
0.5840902,0.5840902
0.6657897,0.6657897
0.59148955,0.59148955
0.6085512,0.6085512
0.6108929,0.6108929
0.63826174,0.63826174
0.63239866,0.63239866
0.6145642,0.6145642
0.5579295,0.5579295
0.44479704,0.44479704
0.436653,0.436653
0.47452837,0.47452837
0.4731008,0.4731008
0.45109415,0.45109415
0.61593413,0.61593413
0.5910177,0.5910177
0.62068576,0.62068576
0.6200732,0.6200732
0.5049057,0.5049057
0.47458947,0.47458947
0.40282023,0.40282023
0.48077756,0.48077756
0.61395186,0.61395186
0.6443765,0.6443765
0.5312429,0.5312429
0.5693258,0.5693258
0.42708212,0.42708212
0.45236057,0.45236057
0.52730256,0.52730256
0.4061568,0.4061568
0.6795979,0.6795979
0.6130118,0.6130118
0.48371792,0.48371792
0.4457093,0.4457093
0.43347672,0.43347672
0.5550335,0.5550335
0.6139828,0.6139828
0.6927117,0.6927117
0.5525053,0.5525053
0.618281,0.618281
0.5512938,0.5512938
0.4974814,0.4974814
0.37138364,0.37138364
0.47399443,0.47399443
0.515582,0.515582
0.5286834,0.5286834
0.42140067,0.42140067
0.42599985,0.42599985
0.44383785,0.44383785
0.44540727,0.44540727
0.42142567,0.42142567
0.37367237,0.37367237
0.44819704,0.44819704
0.48943642,0.48943642
0.5991504,0.5991504
0.6195502,0.6195502
0.59450185,0.59450185
0.6456431,0.6456431
0.586961,0.586961
0.5448112,0.5448112
0.6320591,0.6320591
0.5513684,0.5513684
0.39816558,0.39816558
0.48652416,0.48652416
0.39708737,0.39708737
0.38825616,0.38825616
0.45149845,0.45149845
0.4087752,0.4087752
0.43817917,0.43817917
0.5075767,0.5075767
0.6395912,0.6395912
0.4073552,0.4073552
0.6456379,0.6456379
0.58888525,0.58888525
0.5344116,0.5344116
0.5629288,0.5629288
0.65980494,0.65980494
0.67126334,0.67126334
0.62314016,0.62314016
0.603792,0.603792
0.5889526,0.5889526
0.48691425,0.48691425
0.47189802,0.47189802
0.4779086,0.4779086
0.453264,0.453264
0.43071687,0.43071687
0.61974716,0.61974716
0.55826485,0.55826485
0.43329838,0.43329838
0.5043376,0.5043376
0.53246546,0.53246546
0.5818505,0.5818505
0.48614115,0.48614115
0.503893,0.503893
0.4493372,0.4493372
0.46656978,0.46656978
0.48447496,0.48447496
0.6688729,0.6688729
0.59475505,0.59475505
0.54657984,0.54657984
0.48799783,0.48799783
0.4624946,0.4624946
0.4855418,0.4855418
0.5803239,0.5803239
0.42708167,0.42708167
0.5306875,0.5306875
0.4398129,0.4398129
0.38434756,0.38434756
0.5181339,0.5181339
0.6215812,0.6215812
0.5137371,0.5137371
0.54755104,0.54755104
0.44629776,0.44629776
0.5217408,0.5217408
0.45263022,0.45263022
0.46727034,0.46727034
0.48441336,0.48441336
0.48731336,0.48731336
0.503204,0.503204
0.63614035,0.63614035
0.57397443,0.57397443
0.425502,0.425502
0.5095425,0.5095425
0.4818883,0.4818883
0.4988962,0.4988962
0.41996008,0.41996008
0.5312945,0.5312945
0.41001457,0.41001457
0.6105801,0.6105801
0.47765547,0.47765547
0.66272396,0.66272396
0.6045975,0.6045975
0.5142195,0.5142195
0.4265325,0.4265325
0.36873436,0.36873436
0.5721215,0.5721215
0.40137607,0.40137607
0.48719904,0.48719904
0.48754683,0.48754683
0.47750166,0.47750166
0.49059275,0.49059275
0.5324629,0.5324629
0.62111616,0.62111616
0.35379857,0.35379857
0.42117274,0.42117274
0.4035903,0.4035903
0.55335987,0.55335987
0.44697306,0.44697306
0.59953666,0.59953666
0.62470233,0.62470233
0.6358593,0.6358593
0.45737073,0.45737073
0.51415694,0.51415694
0.5390786,0.5390786
0.4094829,0.4094829
0.48349786,0.48349786
0.44113135,0.44113135
0.4550028,0.4550028
0.44788677,0.44788677
0.42862687,0.42862687
0.41404453,0.41404453
0.40769356,0.40769356
0.44369772,0.44369772
0.40577474,0.40577474
0.38293895,0.38293895
0.43095905,0.43095905
0.48488763,0.48488763
0.4678107,0.4678107
0.3920606,0.3920606
0.47077754,0.47077754
0.42693645,0.42693645
0.4647647,0.4647647
0.44257894,0.44257894
0.44120649,0.44120649
0.481389,0.481389
0.43050915,0.43050915
0.5033416,0.5033416
0.4167297,0.4167297
0.47381988,0.47381988
0.5033264,0.5033264
0.6308843,0.6308843
0.38481992,0.38481992
0.5849527,0.5849527
0.5520595,0.5520595
0.54580957,0.54580957
0.48727503,0.48727503
0.5278284,0.5278284
0.4669172,0.4669172
0.50846094,0.50846094
0.6936245,0.6936245
0.57313824,0.57313824
0.5618884,0.5618884
0.43869644,0.43869644
0.5199696,0.5199696
0.44421667,0.44421667
0.57207704,0.57207704
0.4697689,0.4697689
0.5501286,0.5501286
0.44401157,0.44401157
0.4379959,0.4379959
0.48213595,0.48213595
0.36457828,0.36457828
0.4241069,0.4241069
0.4637817,0.4637817
0.40740785,0.40740785
0.48111203,0.48111203
0.5484695,0.5484695
0.5090672,0.5090672
0.554146,0.554146
0.46643496,0.46643496
0.39905155,0.39905155
0.49367198,0.49367198
0.47195184,0.47195184
0.5548423,0.5548423
0.45018306,0.45018306
0.5204547,0.5204547
0.42546317,0.42546317
0.4908785,0.4908785
0.46356106,0.46356106
0.46106693,0.46106693
0.53710645,0.53710645
0.56697434,0.56697434
0.5037244,0.5037244
0.43315277,0.43315277
0.41208094,0.41208094
0.45188707,0.45188707
0.40547124,0.40547124
0.47165406,0.47165406
0.5121834,0.5121834
0.520928,0.520928
0.49269012,0.49269012
0.40114006,0.40114006
0.50005394,0.50005394
0.6195411,0.6195411
0.6299055,0.6299055
0.6020628,0.6020628
0.46242648,0.46242648
0.3782324,0.3782324
0.5926725,0.5926725
0.57955503,0.57955503
0.5359323,0.5359323
0.49866313,0.49866313
0.48808935,0.48808935
0.5185724,0.5185724
0.5325405,0.5325405
0.5027552,0.5027552
0.582065,0.582065
0.6189744,0.6189744
0.5125811,0.5125811
0.6420977,0.6420977
0.56066453,0.56066453
0.59421647,0.59421647
0.6241827,0.6241827
0.4790185,0.4790185
0.42657632,0.42657632
0.5580148,0.5580148
0.49437797,0.49437797
0.42440856,0.42440856
0.49070272,0.49070272
0.45989215,0.45989215
0.5159737,0.5159737
0.50328726,0.50328726
0.4829442,0.4829442
0.4875248,0.4875248
0.5891113,0.5891113
0.5621276,0.5621276
0.59607804,0.59607804
0.58323604,0.58323604
0.44966668,0.44966668
0.65770656,0.65770656
0.55693245,0.55693245
0.417144,0.417144
0.518161,0.518161
0.48900244,0.48900244
0.44610876,0.44610876
0.46214435,0.46214435
0.600536,0.600536
0.52976257,0.52976257
0.46085668,0.46085668
0.47920886,0.47920886
0.6111571,0.6111571
0.4470721,0.4470721
0.48730755,0.48730755
0.4236793,0.4236793
0.39785677,0.39785677
0.42809618,0.42809618
0.56158787,0.56158787
0.55020577,0.55020577
0.40474582,0.40474582
0.41697747,0.41697747
0.4570246,0.4570246
0.43401465,0.43401465
0.44457772,0.44457772
0.46746248,0.46746248
0.4253559,0.4253559
0.43432376,0.43432376
0.4743441,0.4743441
0.53451866,0.53451866
0.5228275,0.5228275
0.5780065,0.5780065
0.4523588,0.4523588
0.48045507,0.48045507
0.42754784,0.42754784
0.47932315,0.47932315
0.52330554,0.52330554
0.49762917,0.49762917
0.5093751,0.5093751
0.49596828,0.49596828
0.49925444,0.49925444
0.5218983,0.5218983
0.4299618,0.4299618
0.47414434,0.47414434
0.5226165,0.5226165
0.6119758,0.6119758
0.53060865,0.53060865
0.39327398,0.39327398
0.6660782,0.6660782
0.6033714,0.6033714
0.6015623,0.6015623
0.62558794,0.62558794
0.6163274,0.6163274
0.64219254,0.64219254
0.61104846,0.61104846
0.6617436,0.6617436
0.5975719,0.5975719
0.5939795,0.5939795
0.44637564,0.44637564
0.6828692,0.6828692
0.484118,0.484118
0.64493954,0.64493954
0.5906363,0.5906363
0.620762,0.620762
0.39944807,0.39944807
0.45267487,0.45267487
0.44258335,0.44258335
0.45360303,0.45360303
0.5358339,0.5358339
0.4517628,0.4517628
0.5415596,0.5415596
0.5507592,0.5507592
0.4139093,0.4139093
0.63364005,0.63364005
0.6279374,0.6279374
0.5927033,0.5927033
0.4037746,0.4037746
0.43822452,0.43822452
0.4814161,0.4814161
0.4680698,0.4680698
0.5184462,0.5184462
0.5867463,0.5867463
0.5938225,0.5938225
0.60819465,0.60819465
0.4278287,0.4278287
0.40673342,0.40673342
0.48968983,0.48968983
0.42521527,0.42521527
0.47779068,0.47779068
0.5210312,0.5210312
0.48733646,0.48733646
0.4655969,0.4655969
0.4029636,0.4029636
0.59610146,0.59610146
0.60957247,0.60957247
0.6355795,0.6355795
0.48395178,0.48395178
0.58114433,0.58114433
0.6293098,0.6293098
0.5943545,0.5943545
0.59297657,0.59297657
0.58044183,0.58044183
0.45602235,0.45602235
0.47819,0.47819
0.4685976,0.4685976
0.459337,0.459337
0.566146,0.566146
0.59035623,0.59035623
0.6659744,0.6659744
0.5855683,0.5855683
0.49419528,0.49419528
0.38003415,0.38003415
0.41031852,0.41031852
0.48146206,0.48146206
0.46081492,0.46081492
0.6034115,0.6034115
0.6028455,0.6028455
0.6270035,0.6270035
0.58282226,0.58282226
0.63174,0.63174
0.59171635,0.59171635
0.36669594,0.36669594
0.4958045,0.4958045
0.56089383,0.56089383
0.5871743,0.5871743
0.38064966,0.38064966
0.39478683,0.39478683
0.4091547,0.4091547
0.4171175,0.4171175
0.5085124,0.5085124
0.564083,0.564083
0.6168836,0.6168836
0.55768085,0.55768085
0.5923932,0.5923932
0.4828481,0.4828481
0.511356,0.511356
0.5532511,0.5532511
0.5337752,0.5337752
0.5894226,0.5894226
0.6090932,0.6090932
0.6027908,0.6027908
0.61195195,0.61195195
0.550461,0.550461
0.61652106,0.61652106
0.59961367,0.59961367
0.60101575,0.60101575
0.61988366,0.61988366
0.55627567,0.55627567
0.5903645,0.5903645
0.57310915,0.57310915
0.53585815,0.53585815
0.56982833,0.56982833
0.53323317,0.53323317
0.5173421,0.5173421
0.64953107,0.64953107
0.63043445,0.63043445
0.58638674,0.58638674
0.47341084,0.47341084
0.49684027,0.49684027
0.5198391,0.5198391
0.5365957,0.5365957
0.5736213,0.5736213
0.6278691,0.6278691
0.6326038,0.6326038
0.61595714,0.61595714
0.61309105,0.61309105
0.60414106,0.60414106
0.46847302,0.46847302
0.45981804,0.45981804
0.45580345,0.45580345
0.60181266,0.60181266
0.49537557,0.49537557
0.47654933,0.47654933
0.5755158,0.5755158
0.48658338,0.48658338
0.50513333,0.50513333
0.6550727,0.6550727
0.5136957,0.5136957
0.5428581,0.5428581
0.56710494,0.56710494
0.53750414,0.53750414
0.49897277,0.49897277
0.4480301,0.4480301
0.46434134,0.46434134
0.45382726,0.45382726
0.5126873,0.5126873
0.594782,0.594782
0.57259464,0.57259464
0.6118288,0.6118288
0.5364657,0.5364657
0.4569009,0.4569009
0.49076214,0.49076214
0.48061755,0.48061755
0.5525499,0.5525499
0.61536425,0.61536425
0.58846843,0.58846843
0.62472355,0.62472355
0.47041032,0.47041032
0.48123646,0.48123646
0.45479318,0.45479318
0.49875432,0.49875432
0.5629388,0.5629388
0.47629926,0.47629926
0.44193286,0.44193286
0.38843828,0.38843828
0.61672467,0.61672467
0.65797937,0.65797937
0.553864,0.553864
0.5191411,0.5191411
0.5869574,0.5869574
0.5671759,0.5671759
0.6174469,0.6174469
0.5551895,0.5551895
0.5997328,0.5997328
0.5660139,0.5660139
0.57694334,0.57694334
0.5830247,0.5830247
0.61518395,0.61518395
0.61197126,0.61197126
0.49953204,0.49953204
0.54935384,0.54935384
0.49009427,0.49009427
0.6116968,0.6116968
0.6091494,0.6091494
0.61655223,0.61655223
0.61241865,0.61241865
0.47143936,0.47143936
0.49269277,0.49269277
0.5060636,0.5060636
0.5228442,0.5228442
0.4227613,0.4227613
0.5154762,0.5154762
0.5001541,0.5001541
0.4823014,0.4823014
0.60112077,0.60112077
0.62051356,0.62051356
0.6338498,0.6338498
0.5629164,0.5629164
0.62384486,0.62384486
0.57408416,0.57408416
0.5348306,0.5348306
0.5347709,0.5347709
0.48565993,0.48565993
0.49820504,0.49820504
0.4887148,0.4887148
0.546853,0.546853
0.65487844,0.65487844
0.6231226,0.6231226
0.5685572,0.5685572
0.5217725,0.5217725
0.5613973,0.5613973
0.6020563,0.6020563
0.6445666,0.6445666
0.63053805,0.63053805
0.62246126,0.62246126
0.56348145,0.56348145
0.4765553,0.4765553
0.5582649,0.5582649
0.61520296,0.61520296
0.4576962,0.4576962
0.51705015,0.51705015
0.53801423,0.53801423
0.6167538,0.6167538
0.5586264,0.5586264
0.5314676,0.5314676
0.47851667,0.47851667
0.59762114,0.59762114
0.49688965,0.49688965
0.5460274,0.5460274
0.5575061,0.5575061
0.5680815,0.5680815
0.59376824,0.59376824
0.63246775,0.63246775
0.6344239,0.6344239
0.6346041,0.6346041
0.6535054,0.6535054
0.6760962,0.6760962
0.59321034,0.59321034
0.657359,0.657359
0.6110258,0.6110258
0.60090196,0.60090196
0.6490571,0.6490571
0.6245549,0.6245549
0.5820446,0.5820446
0.47915298,0.47915298
0.5011884,0.5011884
0.54579234,0.54579234
0.43234834,0.43234834
0.41882345,0.41882345
0.47730795,0.47730795
0.4618007,0.4618007
0.62958765,0.62958765
0.4721561,0.4721561
0.45676765,0.45676765
0.49507508,0.49507508
0.5540998,0.5540998
0.41000733,0.41000733
0.50479513,0.50479513
0.533563,0.533563
0.4553402,0.4553402
0.4234164,0.4234164
0.42820606,0.42820606
0.48630464,0.48630464
0.621155,0.621155
0.6308883,0.6308883
0.5858103,0.5858103
0.5650159,0.5650159
0.48994458,0.48994458
0.37545866,0.37545866
0.52519417,0.52519417
0.5395729,0.5395729
0.553288,0.553288
0.54895175,0.54895175
0.4085994,0.4085994
0.5136326,0.5136326
0.34549335,0.34549335
0.42673454,0.42673454
0.44933188,0.44933188
0.6498841,0.6498841
0.46440244,0.46440244
0.45110095,0.45110095
0.506417,0.506417
0.5934442,0.5934442
0.42417848,0.42417848
0.55805105,0.55805105
0.6090346,0.6090346
0.46531695,0.46531695
0.5217436,0.5217436
0.50131935,0.50131935
0.44565657,0.44565657
0.59209347,0.59209347
0.5525888,0.5525888
0.62772113,0.62772113
0.5557244,0.5557244
0.53311354,0.53311354
0.4811557,0.4811557
0.5263439,0.5263439
0.53977674,0.53977674
0.55706036,0.55706036
0.55427706,0.55427706
0.4669657,0.4669657
0.5526463,0.5526463
0.5699272,0.5699272
0.616945,0.616945
0.6041167,0.6041167
0.593381,0.593381
0.6539056,0.6539056
0.40363184,0.40363184
0.44929644,0.44929644
0.4543982,0.4543982
0.479649,0.479649
0.6175672,0.6175672
0.6370298,0.6370298
0.54312164,0.54312164
0.4086681,0.4086681
0.6284104,0.6284104
0.64383435,0.64383435
0.6094383,0.6094383
0.5710769,0.5710769
0.55686224,0.55686224
0.4109533,0.4109533
0.38046587,0.38046587
0.4440878,0.4440878
0.5015968,0.5015968
0.47131056,0.47131056
0.5301858,0.5301858
0.4764058,0.4764058
0.38180527,0.38180527
0.46304482,0.46304482
0.5687336,0.5687336
0.49273133,0.49273133
0.57482773,0.57482773
0.54589564,0.54589564
0.54103464,0.54103464
0.49540612,0.49540612
0.35753763,0.35753763
0.38334775,0.38334775
0.42424193,0.42424193
0.44080517,0.44080517
0.54881805,0.54881805
0.32740635,0.32740635
0.565813,0.565813
0.39564145,0.39564145
0.4825274,0.4825274
0.48669943,0.48669943
0.44737476,0.44737476
0.46599442,0.46599442
0.6097422,0.6097422
0.5416798,0.5416798
0.6186942,0.6186942
0.4073397,0.4073397
0.36703137,0.36703137
0.4603384,0.4603384
0.42493957,0.42493957
0.45931175,0.45931175
0.38449866,0.38449866
0.42226282,0.42226282
0.3652,0.3652
0.3914775,0.3914775
0.33752978,0.33752978
0.37110007,0.37110007
0.38843477,0.38843477
0.36816186,0.36816186
0.46767473,0.46767473
0.40715614,0.40715614
0.38414073,0.38414073
0.5518297,0.5518297
0.5255388,0.5255388
0.42155832,0.42155832
0.42933413,0.42933413
0.3473525,0.3473525
0.38741696,0.38741696
0.47496283,0.47496283
0.4325892,0.4325892
0.43255,0.43255
0.43231848,0.43231848
0.37417918,0.37417918
0.3643293,0.3643293
0.45986181,0.45986181
0.48036006,0.48036006
0.33650818,0.33650818
0.5539873,0.5539873
0.6430409,0.6430409
0.59033793,0.59033793
0.49374306,0.49374306
0.5713967,0.5713967
0.63881505,0.63881505
0.58752316,0.58752316
0.55713713,0.55713713
0.50913566,0.50913566
0.5040048,0.5040048
0.5877732,0.5877732
0.36765233,0.36765233
0.4764041,0.4764041
0.44358814,0.44358814
0.553649,0.553649
0.5567763,0.5567763
0.5222388,0.5222388
0.42116103,0.42116103
0.44566026,0.44566026
0.40447748,0.40447748
0.40416226,0.40416226
0.42571968,0.42571968
0.43476108,0.43476108
0.3649758,0.3649758
0.37537232,0.37537232
0.5127465,0.5127465
0.38594443,0.38594443
0.59926593,0.59926593
0.67106646,0.67106646
0.4322932,0.4322932
0.49225605,0.49225605
0.49267063,0.49267063
0.64301753,0.64301753
0.61695844,0.61695844
0.6309756,0.6309756
0.58594435,0.58594435
0.5773538,0.5773538
0.57826465,0.57826465
0.42112926,0.42112926
0.31223106,0.31223106
0.4237055,0.4237055
0.43503582,0.43503582
0.46281254,0.46281254
0.4196003,0.4196003
0.46297008,0.46297008
0.4851503,0.4851503
0.55064154,0.55064154
0.3622021,0.3622021
0.4215265,0.4215265
0.4122272,0.4122272
0.42601663,0.42601663
0.3576416,0.3576416
0.44675082,0.44675082
0.45319808,0.45319808
0.47071868,0.47071868
0.45936272,0.45936272
0.5222259,0.5222259
0.42988992,0.42988992
0.60302144,0.60302144
0.50283927,0.50283927
0.42679843,0.42679843
0.5093926,0.5093926
0.5592463,0.5592463
0.64166903,0.64166903
0.6101013,0.6101013
0.48570058,0.48570058
0.46177164,0.46177164
0.4386475,0.4386475
0.50611204,0.50611204
0.48554766,0.48554766
0.5324202,0.5324202
0.41763744,0.41763744
0.38013184,0.38013184
0.51378536,0.51378536
0.3829648,0.3829648
0.38925648,0.38925648
0.53537554,0.53537554
0.6166403,0.6166403
0.5637728,0.5637728
0.4878457,0.4878457
0.47820902,0.47820902
0.2621879,0.2621879
0.44097936,0.44097936
0.43234432,0.43234432
0.40479463,0.40479463
0.44532797,0.44532797
0.43307835,0.43307835
0.41217244,0.41217244
0.40829128,0.40829128
0.50807667,0.50807667
0.5177935,0.5177935
0.6082317,0.6082317
0.63493645,0.63493645
0.6114998,0.6114998
0.5814928,0.5814928
0.60626173,0.60626173
0.65172404,0.65172404
0.64093894,0.64093894
0.5267209,0.5267209
0.5864377,0.5864377
0.40087065,0.40087065
0.44320577,0.44320577
0.42645288,0.42645288
0.46082342,0.46082342
0.53008443,0.53008443
0.6325282,0.6325282
0.6198022,0.6198022
0.56173635,0.56173635
0.5029884,0.5029884
0.47056895,0.47056895
0.4528403,0.4528403
0.47488138,0.47488138
0.4799172,0.4799172
0.37428367,0.37428367
0.41396976,0.41396976
0.38755363,0.38755363
0.38636804,0.38636804
0.32146806,0.32146806
0.37283793,0.37283793
0.47096354,0.47096354
0.45113182,0.45113182
0.33817816,0.33817816
0.54451495,0.54451495
0.51814693,0.51814693
0.56180614,0.56180614
0.36485773,0.36485773
0.4837927,0.4837927
0.4273177,0.4273177
0.41835514,0.41835514
0.563124,0.563124
0.54101723,0.54101723
0.4981755,0.4981755
0.4389502,0.4389502
0.47486368,0.47486368
0.47215638,0.47215638
0.4589743,0.4589743
0.63042283,0.63042283
0.4235977,0.4235977
0.39502084,0.39502084
0.37753937,0.37753937
0.3745956,0.3745956
0.36425474,0.36425474
0.39900905,0.39900905
0.56423944,0.56423944
0.4125177,0.4125177
0.41414732,0.41414732
0.46574482,0.46574482
0.5909788,0.5909788
0.41843075,0.41843075
0.41236588,0.41236588
0.43415716,0.43415716
0.39066118,0.39066118
0.41998613,0.41998613
0.35326338,0.35326338
0.49707803,0.49707803
0.65509546,0.65509546
0.4754973,0.4754973
0.5377696,0.5377696
0.5929496,0.5929496
0.6078127,0.6078127
0.6523089,0.6523089
0.6123877,0.6123877
0.46135384,0.46135384
0.40224618,0.40224618
0.4038981,0.4038981
0.5273673,0.5273673
0.47675636,0.47675636
0.5516619,0.5516619
0.50596267,0.50596267
0.49844635,0.49844635
0.43696696,0.43696696
0.41717798,0.41717798
0.4664815,0.4664815
0.40092787,0.40092787
0.4354067,0.4354067
0.5019514,0.5019514
0.55373716,0.55373716
0.60337824,0.60337824
0.5212815,0.5212815
0.4186007,0.4186007
0.4407967,0.4407967
0.5512789,0.5512789
0.52295464,0.52295464
0.63883156,0.63883156
0.34557095,0.34557095
0.41041154,0.41041154
0.48832923,0.48832923
0.44492546,0.44492546
0.5857577,0.5857577
0.5508227,0.5508227
0.38775083,0.38775083
0.40547943,0.40547943
0.53692234,0.53692234
0.40560755,0.40560755
0.40393996,0.40393996
0.48583236,0.48583236
0.41250917,0.41250917
0.4152697,0.4152697
0.4742683,0.4742683
0.39493316,0.39493316
0.4552076,0.4552076
0.4711422,0.4711422
0.3874689,0.3874689
0.40862018,0.40862018
0.41806868,0.41806868
0.4949833,0.4949833
0.424146,0.424146
0.40368077,0.40368077
0.52533656,0.52533656
0.4691416,0.4691416
0.45876974,0.45876974
0.53296196,0.53296196
0.44347808,0.44347808
0.40482187,0.40482187
0.5133823,0.5133823
0.47475317,0.47475317
0.5400742,0.5400742
0.40418622,0.40418622
0.41491225,0.41491225
0.39278585,0.39278585
0.516336,0.516336
0.46828178,0.46828178
0.49857184,0.49857184
0.63199365,0.63199365
0.6116267,0.6116267
0.6225308,0.6225308
0.61886305,0.61886305
0.608844,0.608844
0.63003623,0.63003623
0.43100566,0.43100566
0.53913033,0.53913033
0.44444332,0.44444332
0.50894445,0.50894445
0.39350393,0.39350393
0.3713507,0.3713507
0.46361783,0.46361783
0.43465966,0.43465966
0.34076986,0.34076986
0.3848986,0.3848986
0.5380541,0.5380541
0.637262,0.637262
0.59233576,0.59233576
0.41625088,0.41625088
0.56806344,0.56806344
0.59393626,0.59393626
0.3482152,0.3482152
0.39111492,0.39111492
0.5195737,0.5195737
0.43835407,0.43835407
0.48240525,0.48240525
0.4878712,0.4878712
0.5975265,0.5975265
0.5369738,0.5369738
0.4571305,0.4571305
0.48795483,0.48795483
0.45211294,0.45211294
0.46325836,0.46325836
0.41315332,0.41315332
0.37085494,0.37085494
0.35535234,0.35535234
0.42222422,0.42222422
0.38297647,0.38297647
0.39329937,0.39329937
0.63980126,0.63980126
0.6490629,0.6490629
0.50240296,0.50240296
0.4252463,0.4252463
0.36546215,0.36546215
0.39901274,0.39901274
0.38781032,0.38781032
0.39471534,0.39471534
0.36374226,0.36374226
0.34002736,0.34002736
0.38874686,0.38874686
0.3978341,0.3978341
0.50962424,0.50962424
0.58906996,0.58906996
0.59654516,0.59654516
0.41742113,0.41742113
0.41827777,0.41827777
0.41255102,0.41255102
0.38138232,0.38138232
0.42107305,0.42107305
0.47688577,0.47688577
0.38313577,0.38313577
0.3639971,0.3639971
0.44199482,0.44199482
0.4488663,0.4488663
0.4642864,0.4642864
0.50722325,0.50722325
0.62739724,0.62739724
0.6138017,0.6138017
0.56933796,0.56933796
0.59417415,0.59417415
0.46076035,0.46076035
0.4821057,0.4821057
0.46161258,0.46161258
0.43376267,0.43376267
0.5530163,0.5530163
0.5603192,0.5603192
0.5820597,0.5820597
0.41064912,0.41064912
0.6094703,0.6094703
0.6371222,0.6371222
0.57995766,0.57995766
0.56000936,0.56000936
0.5555475,0.5555475
0.4057646,0.4057646
0.46501836,0.46501836
0.45352107,0.45352107
0.5437519,0.5437519
0.515234,0.515234
0.39539438,0.39539438
0.39848357,0.39848357
0.61462283,0.61462283
0.57008475,0.57008475
0.40808168,0.40808168
0.38667527,0.38667527
0.44172698,0.44172698
0.4370751,0.4370751
0.417862,0.417862
0.39511243,0.39511243
0.43538535,0.43538535
0.45574722,0.45574722
0.4050487,0.4050487
0.3814477,0.3814477
0.6275199,0.6275199
0.5760309,0.5760309
0.553959,0.553959
0.36227745,0.36227745
0.3990738,0.3990738
0.42379758,0.42379758
0.4216551,0.4216551
0.42374277,0.42374277
0.43279746,0.43279746
0.39825356,0.39825356
0.38649806,0.38649806
0.5310996,0.5310996
0.56340444,0.56340444
0.5805971,0.5805971
0.3383505,0.3383505
0.52653986,0.52653986
0.5920171,0.5920171
0.6408728,0.6408728
0.3228747,0.3228747
0.46065697,0.46065697
0.397456,0.397456
0.47244558,0.47244558
0.48449507,0.48449507
0.55203813,0.55203813
0.5976716,0.5976716
0.59245193,0.59245193
0.5881497,0.5881497
0.61341864,0.61341864
0.58735704,0.58735704
0.6198546,0.6198546
0.56408286,0.56408286
0.52776486,0.52776486
0.43082875,0.43082875
0.43189743,0.43189743
0.40769407,0.40769407
0.5022007,0.5022007
0.54057217,0.54057217
0.579821,0.579821
0.45084128,0.45084128
0.46458173,0.46458173
0.40342814,0.40342814
0.40103665,0.40103665
0.42793489,0.42793489
0.38736004,0.38736004
0.40316173,0.40316173
0.44359875,0.44359875
0.42119142,0.42119142
0.4323899,0.4323899
0.43429074,0.43429074
0.5493352,0.5493352
0.50689244,0.50689244
0.58409953,0.58409953
0.6266484,0.6266484
0.6542551,0.6542551
0.6138914,0.6138914
0.6096477,0.6096477
0.6304828,0.6304828
0.63703185,0.63703185
0.61994547,0.61994547
0.60652137,0.60652137
0.61794806,0.61794806
0.5429409,0.5429409
0.44506285,0.44506285
0.44045675,0.44045675
0.48496515,0.48496515
0.4834925,0.4834925
0.40178505,0.40178505
0.35222307,0.35222307
0.37429112,0.37429112
0.46362698,0.46362698
0.5341125,0.5341125
0.57446945,0.57446945
0.5108029,0.5108029
0.56314135,0.56314135
0.534463,0.534463
0.5335619,0.5335619
0.51517713,0.51517713
0.5512429,0.5512429
0.41572663,0.41572663
0.4268824,0.4268824
0.4965703,0.4965703
0.4144233,0.4144233
0.44031143,0.44031143
0.50326014,0.50326014
0.5326154,0.5326154
0.57946014,0.57946014
0.358751,0.358751
0.4094002,0.4094002
0.4711247,0.4711247
0.5356505,0.5356505
0.5608423,0.5608423
0.5357696,0.5357696
0.43523324,0.43523324
0.47417837,0.47417837
0.6491973,0.6491973
0.5767834,0.5767834
0.44871175,0.44871175
0.48379645,0.48379645
0.5835078,0.5835078
0.43728083,0.43728083
0.43291333,0.43291333
0.45335808,0.45335808
0.4852203,0.4852203
0.48953876,0.48953876
0.48305145,0.48305145
0.56846714,0.56846714
0.6217217,0.6217217
0.48697126,0.48697126
0.57513976,0.57513976
0.6169796,0.6169796
0.58572805,0.58572805
0.59719723,0.59719723
0.5896805,0.5896805
0.46517667,0.46517667
0.3941838,0.3941838
0.49973604,0.49973604
0.38614294,0.38614294
0.44275665,0.44275665
0.37993428,0.37993428
0.36936727,0.36936727
0.39381322,0.39381322
0.46003902,0.46003902
0.42334777,0.42334777
0.41542742,0.41542742
0.43179592,0.43179592
0.37513426,0.37513426
0.5164251,0.5164251
0.44697523,0.44697523
0.4704041,0.4704041
0.40587088,0.40587088
0.4212815,0.4212815
0.4592634,0.4592634
0.46817276,0.46817276
0.48025903,0.48025903
0.43563268,0.43563268
0.4551123,0.4551123
0.37680188,0.37680188
0.506051,0.506051
0.44586736,0.44586736
0.58628154,0.58628154
0.58957225,0.58957225
0.4685491,0.4685491
0.3913167,0.3913167
0.46980822,0.46980822
0.48713863,0.48713863
0.42524177,0.42524177
0.4531185,0.4531185
0.48423195,0.48423195
0.42698228,0.42698228
0.50312406,0.50312406
0.4050544,0.4050544
0.47258818,0.47258818
0.40055168,0.40055168
0.45357072,0.45357072
0.5844738,0.5844738
0.44941494,0.44941494
0.49980032,0.49980032
0.39545715,0.39545715
0.44580448,0.44580448
0.5514438,0.5514438
0.6000052,0.6000052
0.57617545,0.57617545
0.60149086,0.60149086
0.6665824,0.6665824
0.6244806,0.6244806
0.36437884,0.36437884
0.5545985,0.5545985
0.4813358,0.4813358
0.5987708,0.5987708
0.37725106,0.37725106
0.38721192,0.38721192
0.43923858,0.43923858
0.4220075,0.4220075
0.4783354,0.4783354
0.48206148,0.48206148
0.409264,0.409264
0.44001064,0.44001064
0.43630463,0.43630463
0.46516204,0.46516204
0.47964942,0.47964942
0.4736768,0.4736768
0.4922509,0.4922509
0.40266064,0.40266064
0.36962143,0.36962143
0.54083675,0.54083675
0.44882676,0.44882676
0.46440044,0.46440044
0.35252303,0.35252303
0.4358743,0.4358743
0.4447855,0.4447855
0.44791052,0.44791052
0.42447233,0.42447233
0.40925723,0.40925723
0.42604026,0.42604026
0.49700284,0.49700284
0.5634697,0.5634697
0.60699654,0.60699654
0.5799217,0.5799217
0.59047997,0.59047997
0.4605112,0.4605112
0.5516904,0.5516904
0.66969943,0.66969943
0.5667625,0.5667625
0.59930366,0.59930366
0.45951536,0.45951536
0.40976235,0.40976235
0.43871757,0.43871757
0.43895918,0.43895918
0.5354594,0.5354594
0.43834594,0.43834594
0.41354838,0.41354838
0.5397799,0.5397799
0.6240717,0.6240717
0.6129438,0.6129438
0.49637696,0.49637696
0.52810764,0.52810764
0.48377338,0.48377338
0.3876399,0.3876399
0.40367347,0.40367347
0.46518323,0.46518323
0.3646896,0.3646896
0.3446192,0.3446192
0.549219,0.549219
0.56979674,0.56979674
0.5587017,0.5587017
0.39278385,0.39278385
0.36945364,0.36945364
0.43601936,0.43601936
0.42005852,0.42005852
0.47195,0.47195
0.4294408,0.4294408
0.37357137,0.37357137
0.375181,0.375181
0.3403892,0.3403892
0.414262,0.414262
0.46895087,0.46895087
0.59074074,0.59074074
0.6138501,0.6138501
0.62951124,0.62951124
0.5694025,0.5694025
0.42746276,0.42746276
0.48240805,0.48240805
0.47647578,0.47647578
0.6194728,0.6194728
0.58011216,0.58011216
0.5670738,0.5670738
0.43244874,0.43244874
0.4980848,0.4980848
0.45894983,0.45894983
0.5381951,0.5381951
0.48472488,0.48472488
0.39901385,0.39901385
0.35469764,0.35469764
0.33661747,0.33661747
0.36576107,0.36576107
0.5030586,0.5030586
0.6032655,0.6032655
0.6167515,0.6167515
0.5855578,0.5855578
0.46028608,0.46028608
0.43765986,0.43765986
0.43882155,0.43882155
0.4130685,0.4130685
0.52074736,0.52074736
0.6066349,0.6066349
0.63193786,0.63193786
0.57997537,0.57997537
0.624607,0.624607
0.6269189,0.6269189
0.41141418,0.41141418
0.40509748,0.40509748
0.44106275,0.44106275
0.46139172,0.46139172
0.42664897,0.42664897
0.39304015,0.39304015
0.38720894,0.38720894
0.546441,0.546441
0.6033095,0.6033095
0.60426706,0.60426706
0.62497485,0.62497485
0.63080513,0.63080513
0.60187346,0.60187346
0.6163712,0.6163712
0.46795073,0.46795073
0.46922684,0.46922684
0.49161986,0.49161986
0.5248889,0.5248889
0.5115441,0.5115441
0.38510153,0.38510153
0.3414344,0.3414344
0.4558666,0.4558666
0.4457975,0.4457975
0.4316663,0.4316663
0.43126008,0.43126008
0.40502974,0.40502974
0.49279338,0.49279338
0.58152574,0.58152574
0.6329135,0.6329135
0.5794796,0.5794796
0.61508185,0.61508185
0.6314076,0.6314076
0.63229716,0.63229716
0.47700015,0.47700015
0.42382193,0.42382193
0.5229726,0.5229726
0.6492126,0.6492126
0.61136293,0.61136293
0.47532263,0.47532263
0.47179422,0.47179422
0.4078985,0.4078985
0.5006756,0.5006756
0.5719496,0.5719496
0.55889547,0.55889547
0.539592,0.539592
0.4251613,0.4251613
0.35367197,0.35367197
0.47831813,0.47831813
0.50548565,0.50548565
0.5067666,0.5067666
0.54986084,0.54986084
0.6185497,0.6185497
0.50579846,0.50579846
0.50257945,0.50257945
0.42854658,0.42854658
0.46218783,0.46218783
0.6183967,0.6183967
0.6140819,0.6140819
0.47254398,0.47254398
0.41729438,0.41729438
0.5049211,0.5049211
0.6078159,0.6078159
0.506557,0.506557
0.56411123,0.56411123
0.53967756,0.53967756
0.4771353,0.4771353
0.5511324,0.5511324
0.38060448,0.38060448
0.36844435,0.36844435
0.40859678,0.40859678
0.4736892,0.4736892
0.4694918,0.4694918
0.4124997,0.4124997
0.4006584,0.4006584
0.37963864,0.37963864
0.4153862,0.4153862
0.62301517,0.62301517
0.43363452,0.43363452
0.45844576,0.45844576
0.55733824,0.55733824
0.6015282,0.6015282
0.59140795,0.59140795
0.57218903,0.57218903
0.5814468,0.5814468
0.4111759,0.4111759
0.39362112,0.39362112
0.47235563,0.47235563
0.59795755,0.59795755
0.6119765,0.6119765
0.38880277,0.38880277
0.38505924,0.38505924
0.3901693,0.3901693
0.30813143,0.30813143
0.3745618,0.3745618
0.3438824,0.3438824
0.56704307,0.56704307
0.50265086,0.50265086
0.5558811,0.5558811
0.41582808,0.41582808
0.48305276,0.48305276
0.4713855,0.4713855
0.39864808,0.39864808
0.43748814,0.43748814
0.51541317,0.51541317
0.4823169,0.4823169
0.37172684,0.37172684
0.41745165,0.41745165
0.5322425,0.5322425
0.5091266,0.5091266
0.4566279,0.4566279
0.5054488,0.5054488
0.51737535,0.51737535
0.49427727,0.49427727
0.5397914,0.5397914
0.50938934,0.50938934
0.5747731,0.5747731
0.59683293,0.59683293
0.67014724,0.67014724
0.46399695,0.46399695
0.48026896,0.48026896
0.42987242,0.42987242
0.43332642,0.43332642
0.44699243,0.44699243
0.41218233,0.41218233
0.38590756,0.38590756
0.39866018,0.39866018
0.4261402,0.4261402
0.40043905,0.40043905
0.37968886,0.37968886
0.43045446,0.43045446
0.40910867,0.40910867
0.46200317,0.46200317
0.41920546,0.41920546
0.47019398,0.47019398
0.40767393,0.40767393
0.4835057,0.4835057
0.6309807,0.6309807
0.5803876,0.5803876
0.5063317,0.5063317
0.45019192,0.45019192
0.33859205,0.33859205
0.4096154,0.4096154
0.37802547,0.37802547
0.40817538,0.40817538
0.5569913,0.5569913
0.52158284,0.52158284
0.5183472,0.5183472
0.4342578,0.4342578
0.4331099,0.4331099
0.404445,0.404445
0.40991947,0.40991947
0.44838703,0.44838703
0.44402555,0.44402555
0.4123122,0.4123122
0.4105554,0.4105554
0.52947205,0.52947205
0.4973492,0.4973492
0.6080515,0.6080515
0.62150896,0.62150896
0.49320263,0.49320263
0.47180128,0.47180128
0.48668796,0.48668796
0.5387031,0.5387031
0.49902868,0.49902868
0.46913132,0.46913132
0.3709155,0.3709155
0.37000552,0.37000552
0.47863272,0.47863272
0.3712179,0.3712179
0.38990924,0.38990924
0.41157454,0.41157454
0.40935987,0.40935987
0.40660506,0.40660506
0.44979554,0.44979554
0.47775227,0.47775227
0.38621232,0.38621232
0.47531924,0.47531924
0.48539007,0.48539007
0.5315612,0.5315612
0.56277376,0.56277376
0.5575895,0.5575895
0.60678864,0.60678864
0.59340584,0.59340584
0.45671225,0.45671225
0.48771632,0.48771632
0.5387289,0.5387289
0.4252794,0.4252794
0.43951228,0.43951228
0.4734252,0.4734252
0.59652704,0.59652704
0.48498246,0.48498246
0.44861335,0.44861335
0.45572793,0.45572793
0.52537113,0.52537113
0.6072117,0.6072117
0.40555498,0.40555498
0.4013743,0.4013743
0.4723171,0.4723171
0.49410754,0.49410754
0.5481479,0.5481479
0.5511872,0.5511872
0.5418696,0.5418696
0.434291,0.434291
0.43317986,0.43317986
0.36939496,0.36939496
0.38554496,0.38554496
0.37270844,0.37270844
0.41361833,0.41361833
0.40295973,0.40295973
0.4464899,0.4464899
0.47075838,0.47075838
0.39066556,0.39066556
0.41245338,0.41245338
0.4155798,0.4155798
0.45052153,0.45052153
0.4478867,0.4478867
0.43999916,0.43999916
0.39625368,0.39625368
0.5262178,0.5262178
0.33575144,0.33575144
0.43570948,0.43570948
0.44926742,0.44926742
0.3287845,0.3287845
0.2881944,0.2881944
0.29200438,0.29200438
0.4194599,0.4194599
0.5275074,0.5275074
0.4923453,0.4923453
0.40775505,0.40775505
0.44312647,0.44312647
0.6022001,0.6022001
0.60912704,0.60912704
0.5592001,0.5592001
0.37007415,0.37007415
0.42272678,0.42272678
0.43933067,0.43933067
0.5413481,0.5413481
0.4237847,0.4237847
0.4445188,0.4445188
0.4107378,0.4107378
0.45254025,0.45254025
0.42779282,0.42779282
0.4178581,0.4178581
0.5939329,0.5939329
0.652306,0.652306
0.5640086,0.5640086
0.53946847,0.53946847
0.31466618,0.31466618
0.39370385,0.39370385
0.39948016,0.39948016
0.54043037,0.54043037
0.44175798,0.44175798
0.47963867,0.47963867
0.35151008,0.35151008
0.376322,0.376322
0.3212434,0.3212434
0.49780968,0.49780968
0.60690683,0.60690683
0.6823177,0.6823177
0.53692067,0.53692067
0.5192876,0.5192876
0.60878146,0.60878146
0.6080716,0.6080716
0.6375837,0.6375837
0.54764974,0.54764974
0.43449256,0.43449256
0.44427434,0.44427434
0.5989438,0.5989438
0.5477035,0.5477035
0.42779696,0.42779696
0.48089164,0.48089164
0.4465733,0.4465733
0.5378604,0.5378604
0.5902744,0.5902744
0.61703825,0.61703825
0.5521429,0.5521429
0.61902386,0.61902386
0.4960171,0.4960171
0.60277766,0.60277766
0.6052204,0.6052204
0.6010174,0.6010174
0.51880336,0.51880336
0.48390296,0.48390296
0.48342696,0.48342696
0.4905681,0.4905681
0.40550324,0.40550324
0.3591476,0.3591476
0.3670917,0.3670917
0.39001697,0.39001697
0.3600258,0.3600258
0.5767606,0.5767606
0.49978292,0.49978292
0.586302,0.586302
0.49648947,0.49648947
0.44181338,0.44181338
0.4829786,0.4829786
0.46110165,0.46110165
0.40856835,0.40856835
0.5382406,0.5382406
0.63834393,0.63834393
0.5525472,0.5525472
0.497906,0.497906
0.3936558,0.3936558
0.5387326,0.5387326
0.4133739,0.4133739
0.42406902,0.42406902
0.4039348,0.4039348
0.36980522,0.36980522
0.39564925,0.39564925
0.38978487,0.38978487
0.34413332,0.34413332
0.58007115,0.58007115
0.61029977,0.61029977
0.61152774,0.61152774
0.5971642,0.5971642
0.5930028,0.5930028
0.6222065,0.6222065
0.6192417,0.6192417
0.62852186,0.62852186
0.62688047,0.62688047
0.57301897,0.57301897
0.6270463,0.6270463
0.45499876,0.45499876
0.48286024,0.48286024
0.45783317,0.45783317
0.4663985,0.4663985
0.4527209,0.4527209
0.4334855,0.4334855
0.4258509,0.4258509
0.41858554,0.41858554
0.44224638,0.44224638
0.5382481,0.5382481
0.39335525,0.39335525
0.426353,0.426353
0.48133042,0.48133042
0.50782853,0.50782853
0.6092396,0.6092396
0.39817557,0.39817557
0.46494198,0.46494198
0.57287836,0.57287836
0.535904,0.535904
0.43682787,0.43682787
0.36704287,0.36704287
0.4786314,0.4786314
0.44502023,0.44502023
0.45171288,0.45171288
0.6027359,0.6027359
0.6202063,0.6202063
0.5164171,0.5164171
0.46322218,0.46322218
0.50683236,0.50683236
0.61700445,0.61700445
0.48960894,0.48960894
0.5230096,0.5230096
0.5203509,0.5203509
0.46279395,0.46279395
0.48842534,0.48842534
0.53159434,0.53159434
0.6109956,0.6109956
0.5858889,0.5858889
0.54712546,0.54712546
0.35663587,0.35663587
0.38956827,0.38956827
0.4669838,0.4669838
0.45402467,0.45402467
0.6684945,0.6684945
0.45908317,0.45908317
0.5001618,0.5001618
0.4109625,0.4109625
0.37230006,0.37230006
0.4522575,0.4522575
0.5424113,0.5424113
0.5556367,0.5556367
0.43313769,0.43313769
0.38447377,0.38447377
0.43167573,0.43167573
0.40859914,0.40859914
0.35984588,0.35984588
0.5472985,0.5472985
0.5608356,0.5608356
0.51161224,0.51161224
0.42104998,0.42104998
0.40224832,0.40224832
0.5611275,0.5611275
0.50293154,0.50293154
0.40477923,0.40477923
0.51655614,0.51655614
0.58614767,0.58614767
0.35725474,0.35725474
0.41480413,0.41480413
0.5538344,0.5538344
0.584915,0.584915
0.5705168,0.5705168
0.43418795,0.43418795
0.4192366,0.4192366
0.39240927,0.39240927
0.38628837,0.38628837
0.42290562,0.42290562
0.47775564,0.47775564
0.48548344,0.48548344
0.4769138,0.4769138
0.47921377,0.47921377
0.4851402,0.4851402
0.511985,0.511985
0.42149776,0.42149776
0.47981793,0.47981793
0.5970501,0.5970501
0.6117875,0.6117875
0.5667303,0.5667303
0.579566,0.579566
0.58207786,0.58207786
0.5888117,0.5888117
0.64086264,0.64086264
0.5677695,0.5677695
0.42557725,0.42557725
0.45101458,0.45101458
0.4984205,0.4984205
0.36094427,0.36094427
0.42395407,0.42395407
0.5176233,0.5176233
0.50781053,0.50781053
0.5443804,0.5443804
0.4168203,0.4168203
0.509377,0.509377
0.6571826,0.6571826
0.57817084,0.57817084
0.45795068,0.45795068
0.47335133,0.47335133
0.38436145,0.38436145
0.48580775,0.48580775
0.48031855,0.48031855
0.46289003,0.46289003
0.57223594,0.57223594
0.5410896,0.5410896
0.48655105,0.48655105
0.48568302,0.48568302
0.45257092,0.45257092
0.44338334,0.44338334
0.38876235,0.38876235
0.35204974,0.35204974
0.61474884,0.61474884
0.5274907,0.5274907
0.5245138,0.5245138
0.42052335,0.42052335
0.43490776,0.43490776
0.43135965,0.43135965
0.6080154,0.6080154
0.5180614,0.5180614
0.5803142,0.5803142
0.5029713,0.5029713
0.4213368,0.4213368
0.3575916,0.3575916
0.36072373,0.36072373
0.39983743,0.39983743
0.51865596,0.51865596
0.57117844,0.57117844
0.5763008,0.5763008
0.56817925,0.56817925
0.5885113,0.5885113
0.5923376,0.5923376
0.65918756,0.65918756
0.6046603,0.6046603
0.45560342,0.45560342
0.49715975,0.49715975
0.48592255,0.48592255
0.5022074,0.5022074
0.47283825,0.47283825
0.3944538,0.3944538
0.39363584,0.39363584
0.47020906,0.47020906
0.39592245,0.39592245
0.41369516,0.41369516
0.425927,0.425927
0.4822655,0.4822655
0.4334323,0.4334323
0.45640454,0.45640454
0.44047076,0.44047076
0.49828947,0.49828947
0.38280562,0.38280562
0.3725203,0.3725203
0.42735448,0.42735448
0.40626955,0.40626955
0.42539603,0.42539603
0.41603452,0.41603452
0.37100354,0.37100354
0.42317617,0.42317617
0.48374096,0.48374096
0.50229406,0.50229406
0.42031178,0.42031178
0.4960569,0.4960569
0.47864637,0.47864637
0.44659495,0.44659495
0.36806858,0.36806858
0.42100963,0.42100963
0.5709556,0.5709556
0.46984944,0.46984944
0.58681273,0.58681273
0.4478314,0.4478314
0.4935098,0.4935098
0.5325373,0.5325373
0.46857417,0.46857417
0.4963843,0.4963843
0.632236,0.632236
0.60701895,0.60701895
0.58470786,0.58470786
0.60196173,0.60196173
0.6142667,0.6142667
0.60044605,0.60044605
0.595953,0.595953
0.6263075,0.6263075
0.5944427,0.5944427
0.5804929,0.5804929
0.62558436,0.62558436
0.556769,0.556769
0.4181675,0.4181675
0.41349202,0.41349202
0.4613797,0.4613797
0.461718,0.461718
0.45505053,0.45505053
0.3657331,0.3657331
0.39147362,0.39147362
0.43785676,0.43785676
0.3874551,0.3874551
0.4436276,0.4436276
0.43081808,0.43081808
0.39825752,0.39825752
0.38020405,0.38020405
0.444982,0.444982
0.46189347,0.46189347
0.6277147,0.6277147
0.52862006,0.52862006
0.38821864,0.38821864
0.38877934,0.38877934
0.39536107,0.39536107
0.5667812,0.5667812
0.5607541,0.5607541
0.60082364,0.60082364
0.61307544,0.61307544
0.3824054,0.3824054
0.40915412,0.40915412
0.44018185,0.44018185
0.56227887,0.56227887
0.61922884,0.61922884
0.45149246,0.45149246
0.5088875,0.5088875
0.4688163,0.4688163
0.63331115,0.63331115
0.6146151,0.6146151
0.60825104,0.60825104
0.62515295,0.62515295
0.59438497,0.59438497
0.44899884,0.44899884
0.38183334,0.38183334
0.35714242,0.35714242
0.34913224,0.34913224
0.4787405,0.4787405
0.37825266,0.37825266
0.4210149,0.4210149
0.3666731,0.3666731
0.4494418,0.4494418
0.5347068,0.5347068
0.4091111,0.4091111
0.38899973,0.38899973
0.45525235,0.45525235
0.42678416,0.42678416
0.4882557,0.4882557
0.46309736,0.46309736
0.6008592,0.6008592
0.5458565,0.5458565
0.47103065,0.47103065
0.4905761,0.4905761
0.47555465,0.47555465
0.5861795,0.5861795
0.39690778,0.39690778
0.41482618,0.41482618
0.41491273,0.41491273
0.49924266,0.49924266
0.6451609,0.6451609
0.58410543,0.58410543
0.48659644,0.48659644
0.55805606,0.55805606
0.46449938,0.46449938
0.4778356,0.4778356
0.38235295,0.38235295
0.4987035,0.4987035
0.51669264,0.51669264
0.4252291,0.4252291
0.43456334,0.43456334
0.41323924,0.41323924
0.38447684,0.38447684
0.42464408,0.42464408
0.44128704,0.44128704
0.43469885,0.43469885
0.4038479,0.4038479
0.38995472,0.38995472
0.40212095,0.40212095
0.3158085,0.3158085
0.36641008,0.36641008
0.35800454,0.35800454
0.46255475,0.46255475
0.3867942,0.3867942
0.42645404,0.42645404
0.43026778,0.43026778
0.63024116,0.63024116
0.53888345,0.53888345
0.54711044,0.54711044
0.37513873,0.37513873
0.41085953,0.41085953
0.39543104,0.39543104
0.38621333,0.38621333
0.39638987,0.39638987
0.5884521,0.5884521
0.5595589,0.5595589
0.6102439,0.6102439
0.49796462,0.49796462
0.5494534,0.5494534
0.59867877,0.59867877
0.5107106,0.5107106
0.45284733,0.45284733
0.59186655,0.59186655
0.40437427,0.40437427
0.41058928,0.41058928
0.48933122,0.48933122
0.61174136,0.61174136
0.54902214,0.54902214
0.44507757,0.44507757
0.39082542,0.39082542
0.39510414,0.39510414
0.49996063,0.49996063
0.3800827,0.3800827
0.38149485,0.38149485
0.47682744,0.47682744
0.49952185,0.49952185
0.40729356,0.40729356
0.36705658,0.36705658
0.46420383,0.46420383
0.41970536,0.41970536
0.40227324,0.40227324
0.3759097,0.3759097
0.3246566,0.3246566
0.5199381,0.5199381
0.5215863,0.5215863
0.41503966,0.41503966
0.42253432,0.42253432
0.39808875,0.39808875
0.47462502,0.47462502
0.5712281,0.5712281
0.51939946,0.51939946
0.5350277,0.5350277
0.45957896,0.45957896
0.49717167,0.49717167
0.55660176,0.55660176
0.34802812,0.34802812
0.4107042,0.4107042
0.41096044,0.41096044
0.40952957,0.40952957
0.43823037,0.43823037
0.52956617,0.52956617
0.6129792,0.6129792
0.4412364,0.4412364
0.41903394,0.41903394
0.39407563,0.39407563
0.4839721,0.4839721
0.45995563,0.45995563
0.52703255,0.52703255
0.64725107,0.64725107
0.5697696,0.5697696
0.47482443,0.47482443
0.4649023,0.4649023
0.38942924,0.38942924
0.46343172,0.46343172
0.4539812,0.4539812
0.45780912,0.45780912
0.3683393,0.3683393
0.4528796,0.4528796
0.5958494,0.5958494
0.57350916,0.57350916
0.5741982,0.5741982
0.47243708,0.47243708
0.38665393,0.38665393
0.49754485,0.49754485
0.43984237,0.43984237
0.54174536,0.54174536
0.5504331,0.5504331
0.5661368,0.5661368
0.55054945,0.55054945
0.4737162,0.4737162
0.4560206,0.4560206
0.5518261,0.5518261
0.5720745,0.5720745
0.379456,0.379456
0.45535353,0.45535353
0.4928145,0.4928145
0.5960811,0.5960811
0.61693096,0.61693096
0.5430256,0.5430256
0.42291313,0.42291313
0.40605363,0.40605363
0.4936121,0.4936121
0.36938104,0.36938104
0.46741197,0.46741197
0.43984982,0.43984982
0.5632644,0.5632644
0.6554071,0.6554071
0.47924787,0.47924787
0.41880548,0.41880548
0.35906908,0.35906908
0.3875207,0.3875207
0.3466931,0.3466931
0.3703037,0.3703037
0.43067583,0.43067583
0.60436904,0.60436904
0.44696534,0.44696534
0.41566357,0.41566357
0.45989218,0.45989218
0.51287746,0.51287746
0.52882093,0.52882093
0.6179571,0.6179571
0.5864507,0.5864507
0.4209268,0.4209268
0.42757764,0.42757764
0.4643682,0.4643682
0.42966464,0.42966464
0.4092386,0.4092386
0.5289744,0.5289744
0.4767306,0.4767306
0.5212106,0.5212106
0.4335561,0.4335561
0.48650295,0.48650295
0.40849024,0.40849024
0.5619308,0.5619308
0.42085028,0.42085028
0.45319444,0.45319444
0.4276169,0.4276169
0.5865129,0.5865129
0.5912847,0.5912847
0.6307718,0.6307718
0.57878375,0.57878375
0.5740283,0.5740283
0.47145626,0.47145626
0.44801524,0.44801524
0.46765262,0.46765262
0.41223955,0.41223955
0.3416581,0.3416581
0.36284366,0.36284366
0.4115365,0.4115365
0.32355294,0.32355294
0.4195265,0.4195265
0.53496784,0.53496784
0.44721323,0.44721323
0.4245361,0.4245361
0.36913988,0.36913988
0.41227177,0.41227177
0.5297347,0.5297347
0.36843452,0.36843452
0.41102713,0.41102713
0.4169007,0.4169007
0.3768721,0.3768721
0.36487573,0.36487573
0.37477204,0.37477204
0.41295576,0.41295576
0.48711947,0.48711947
0.62235504,0.62235504
0.51363283,0.51363283
0.3829048,0.3829048
0.36077613,0.36077613
0.44290268,0.44290268
0.52268565,0.52268565
0.4283102,0.4283102
0.39436236,0.39436236
0.45547026,0.45547026
0.35846856,0.35846856
0.4644408,0.4644408
0.40745303,0.40745303
0.4613668,0.4613668
0.5096063,0.5096063
0.57609856,0.57609856
0.5065227,0.5065227
0.57280856,0.57280856
0.44404587,0.44404587
0.4302881,0.4302881
0.40351808,0.40351808
0.617993,0.617993
0.5248164,0.5248164
0.5781338,0.5781338
0.40753004,0.40753004
0.4046432,0.4046432
0.45377892,0.45377892
0.47039893,0.47039893
0.47192505,0.47192505
0.3698458,0.3698458
0.3852254,0.3852254
0.38050058,0.38050058
0.4066639,0.4066639
0.452821,0.452821
0.48366004,0.48366004
0.53569126,0.53569126
0.3892124,0.3892124
0.43287846,0.43287846
0.58339816,0.58339816
0.6143107,0.6143107
0.41282603,0.41282603
0.48381394,0.48381394
0.47332117,0.47332117
0.4486569,0.4486569
0.45369145,0.45369145
0.6595868,0.6595868
0.62163824,0.62163824
0.625866,0.625866
0.5238096,0.5238096
0.62664396,0.62664396
0.6708912,0.6708912
0.6175296,0.6175296
0.5661045,0.5661045
0.51701784,0.51701784
0.5595882,0.5595882
0.5875236,0.5875236
0.6445546,0.6445546
0.64479876,0.64479876
0.45197555,0.45197555
0.52947897,0.52947897
0.51791424,0.51791424
0.48460478,0.48460478
0.43891534,0.43891534
0.40166184,0.40166184
0.50256306,0.50256306
0.41920114,0.41920114
0.5471048,0.5471048
0.3664899,0.3664899
0.40216386,0.40216386
0.5178919,0.5178919
0.45690197,0.45690197
0.5937975,0.5937975
0.5143641,0.5143641
0.47254357,0.47254357
0.4075081,0.4075081
0.4147351,0.4147351
0.4064696,0.4064696
0.5590814,0.5590814
0.53956753,0.53956753
0.5789365,0.5789365
0.5027152,0.5027152
0.45876458,0.45876458
0.3729229,0.3729229
0.41732714,0.41732714
0.4145814,0.4145814
0.3862205,0.3862205
0.4202515,0.4202515
0.44095165,0.44095165
0.43985167,0.43985167
0.5114655,0.5114655
0.58327776,0.58327776
0.62350494,0.62350494
0.5604078,0.5604078
0.46558455,0.46558455
0.36590943,0.36590943
0.43354565,0.43354565
0.42741358,0.42741358
0.4156155,0.4156155
0.43297338,0.43297338
0.4914814,0.4914814
0.45822147,0.45822147
0.49809617,0.49809617
0.45770735,0.45770735
0.519165,0.519165
0.46088475,0.46088475
0.3286757,0.3286757
0.42976952,0.42976952
0.5664804,0.5664804
0.6117334,0.6117334
0.5674992,0.5674992
0.5975674,0.5975674
0.64754933,0.64754933
0.59177214,0.59177214
0.6392676,0.6392676
0.61507046,0.61507046
0.6117952,0.6117952
0.48789233,0.48789233
0.48026776,0.48026776
0.557353,0.557353
0.40558395,0.40558395
0.4575911,0.4575911
0.51143926,0.51143926
0.4669742,0.4669742
0.45121711,0.45121711
0.4101354,0.4101354
0.48492295,0.48492295
0.6127196,0.6127196
0.6437876,0.6437876
0.59174824,0.59174824
0.545626,0.545626
0.4813905,0.4813905
0.5107453,0.5107453
0.50723666,0.50723666
0.493621,0.493621
0.471303,0.471303
0.48557693,0.48557693
0.47565767,0.47565767
0.41187602,0.41187602
0.41951156,0.41951156
0.3974886,0.3974886
0.4237742,0.4237742
0.45544294,0.45544294
0.39985222,0.39985222
0.4213165,0.4213165
0.5672689,0.5672689
0.5310449,0.5310449
0.5623557,0.5623557
0.530403,0.530403
0.48765665,0.48765665
0.5674199,0.5674199
0.60122055,0.60122055
0.6213524,0.6213524
0.58818525,0.58818525
0.48377097,0.48377097
0.63004947,0.63004947
0.5862432,0.5862432
0.53611296,0.53611296
0.48293078,0.48293078
0.42320725,0.42320725
0.45240375,0.45240375
0.46879736,0.46879736
0.4341727,0.4341727
0.48966756,0.48966756
0.40049264,0.40049264
0.39915964,0.39915964
0.37432572,0.37432572
0.43814903,0.43814903
0.529638,0.529638
0.6370596,0.6370596
0.497958,0.497958
0.4623461,0.4623461
0.46535763,0.46535763
0.41687134,0.41687134
0.40435112,0.40435112
0.5107094,0.5107094
0.55470914,0.55470914
0.36815646,0.36815646
0.60296005,0.60296005
0.5932069,0.5932069
0.43683642,0.43683642
0.47026327,0.47026327
0.42710584,0.42710584
0.5512496,0.5512496
0.52201146,0.52201146
0.5650396,0.5650396
0.5995764,0.5995764
0.6803706,0.6803706
0.519326,0.519326
0.49982312,0.49982312
0.40878925,0.40878925
0.42707494,0.42707494
0.569323,0.569323
0.5068592,0.5068592
0.5882317,0.5882317
0.4824816,0.4824816
0.4327766,0.4327766
0.48457932,0.48457932
0.41852182,0.41852182
0.41633564,0.41633564
0.37045237,0.37045237
0.38483158,0.38483158
0.3910402,0.3910402
0.3755565,0.3755565
0.3772941,0.3772941
0.38665566,0.38665566
0.42464194,0.42464194
0.56198573,0.56198573
0.5094108,0.5094108
0.5711438,0.5711438
0.37243772,0.37243772
0.40663072,0.40663072
0.43137,0.43137
0.44240588,0.44240588
0.3762294,0.3762294
0.44566962,0.44566962
0.37469503,0.37469503
0.43191803,0.43191803
0.43982872,0.43982872
0.43084013,0.43084013
0.45326456,0.45326456
0.519152,0.519152
0.42836744,0.42836744
0.42943263,0.42943263
0.47617733,0.47617733
0.46389806,0.46389806
0.4204587,0.4204587
0.46700618,0.46700618
0.50396913,0.50396913
0.52563304,0.52563304
0.4812498,0.4812498
0.56711537,0.56711537
0.45965517,0.45965517
0.4617424,0.4617424
0.6366559,0.6366559
0.64282995,0.64282995
0.627488,0.627488
0.6130544,0.6130544
0.5974046,0.5974046
0.47617736,0.47617736
0.33412075,0.33412075
0.43390766,0.43390766
0.57284063,0.57284063
0.5074142,0.5074142
0.45498618,0.45498618
0.47782004,0.47782004
0.53676134,0.53676134
0.40625876,0.40625876
0.61088115,0.61088115
0.5303942,0.5303942
0.5343402,0.5343402
0.35168275,0.35168275
0.35326692,0.35326692
0.44057995,0.44057995
0.44604376,0.44604376
0.5589191,0.5589191
0.60186464,0.60186464
0.36527404,0.36527404
0.34925666,0.34925666
0.57877403,0.57877403
0.6151729,0.6151729
0.50254524,0.50254524
0.5213765,0.5213765
0.5370274,0.5370274
0.5993017,0.5993017
0.61654377,0.61654377
0.6070246,0.6070246
0.3538012,0.3538012
0.5705597,0.5705597
0.50923055,0.50923055
0.5787408,0.5787408
0.41654542,0.41654542
0.4181203,0.4181203
0.51098174,0.51098174
0.44962886,0.44962886
0.3773278,0.3773278
0.40906373,0.40906373
0.46252024,0.46252024
0.5798856,0.5798856
0.525643,0.525643
0.5149467,0.5149467
0.5536553,0.5536553
0.36972624,0.36972624
0.35578734,0.35578734
0.33839205,0.33839205
0.3549942,0.3549942
0.31600356,0.31600356
0.34247255,0.34247255
0.34047136,0.34047136
0.35703632,0.35703632
0.3082328,0.3082328
0.3341153,0.3341153
0.58973086,0.58973086
0.57058614,0.57058614
0.4444929,0.4444929
0.443207,0.443207
0.59022903,0.59022903
0.64431185,0.64431185
0.45850828,0.45850828
0.577692,0.577692
0.6546434,0.6546434
0.6009813,0.6009813
0.42407382,0.42407382
0.41583133,0.41583133
0.55168283,0.55168283
0.5065769,0.5065769
0.44526148,0.44526148
0.60743433,0.60743433
0.5240375,0.5240375
0.3853266,0.3853266
0.51431876,0.51431876
0.5649026,0.5649026
0.41435286,0.41435286
0.45743468,0.45743468
0.45545805,0.45545805
0.43693906,0.43693906
0.42711473,0.42711473
0.39576298,0.39576298
0.41401926,0.41401926
0.47196254,0.47196254
0.47434473,0.47434473
0.46088213,0.46088213
0.48927233,0.48927233
0.45556402,0.45556402
0.40771207,0.40771207
0.4593787,0.4593787
0.4650775,0.4650775
0.6174602,0.6174602
0.6342863,0.6342863
0.5996161,0.5996161
0.64835006,0.64835006
0.6034839,0.6034839
0.56077147,0.56077147
0.40553755,0.40553755
0.44194365,0.44194365
0.44563958,0.44563958
0.59929305,0.59929305
0.40498626,0.40498626
0.5803065,0.5803065
0.63281536,0.63281536
0.58597416,0.58597416
0.46309155,0.46309155
0.53006214,0.53006214
0.60423565,0.60423565
0.42151296,0.42151296
0.37760282,0.37760282
0.5024664,0.5024664
0.523316,0.523316
0.3773651,0.3773651
0.41115925,0.41115925
0.38488483,0.38488483
0.42474583,0.42474583
0.488655,0.488655
0.4515756,0.4515756
0.4914201,0.4914201
0.4866734,0.4866734
0.5870867,0.5870867
0.36748764,0.36748764
0.43352157,0.43352157
0.3634624,0.3634624
0.4396687,0.4396687
0.47092938,0.47092938
0.5280136,0.5280136
0.3960179,0.3960179
0.5159777,0.5159777
0.46568772,0.46568772
0.46139646,0.46139646
0.5665832,0.5665832
0.44533184,0.44533184
0.45899907,0.45899907
0.38047808,0.38047808
0.569821,0.569821
0.4051941,0.4051941
0.44476038,0.44476038
0.35997975,0.35997975
0.42054135,0.42054135
0.5790803,0.5790803
0.5304049,0.5304049
0.56525177,0.56525177
0.50319093,0.50319093
0.30906987,0.30906987
0.2845665,0.2845665
0.4517101,0.4517101
0.40586647,0.40586647
0.41231406,0.41231406
0.49208155,0.49208155
0.4129171,0.4129171
0.3474763,0.3474763
0.53991556,0.53991556
0.61983424,0.61983424
0.52975047,0.52975047
0.4681503,0.4681503
0.43485332,0.43485332
0.49111414,0.49111414
0.46026263,0.46026263
0.4707618,0.4707618
0.43278292,0.43278292
0.55615777,0.55615777
0.6610346,0.6610346
0.414279,0.414279
0.5768366,0.5768366
0.44048116,0.44048116
0.36129206,0.36129206
0.35639572,0.35639572
0.413945,0.413945
0.40904543,0.40904543
0.42944816,0.42944816
0.49068174,0.49068174
0.55113333,0.55113333
0.6474702,0.6474702
0.6274447,0.6274447
0.6144158,0.6144158
0.6081828,0.6081828
0.39424974,0.39424974
0.41203198,0.41203198
0.5319203,0.5319203
0.4383881,0.4383881
0.59946865,0.59946865
0.64337087,0.64337087
0.47450376,0.47450376
0.4802622,0.4802622
0.51721144,0.51721144
0.48460633,0.48460633
0.49475074,0.49475074
0.4925436,0.4925436
0.43142116,0.43142116
0.43389416,0.43389416
0.44591662,0.44591662
0.45546705,0.45546705
0.44722015,0.44722015
0.44268546,0.44268546
0.4111138,0.4111138
0.47817025,0.47817025
0.5368485,0.5368485
0.59066594,0.59066594
0.4802249,0.4802249
0.50402814,0.50402814
0.58664155,0.58664155
0.463014,0.463014
0.37490943,0.37490943
0.43417487,0.43417487
0.49575907,0.49575907
0.6268553,0.6268553
0.54892147,0.54892147
0.38108176,0.38108176
0.45174918,0.45174918
0.38481632,0.38481632
0.4635623,0.4635623
0.5165028,0.5165028
0.5234931,0.5234931
0.58607733,0.58607733
0.423356,0.423356
0.42944193,0.42944193
0.3974057,0.3974057
0.50181925,0.50181925
0.5055389,0.5055389
0.4143503,0.4143503
0.44983542,0.44983542
0.3041349,0.3041349
0.38411638,0.38411638
0.5405064,0.5405064
0.61083734,0.61083734
0.5463114,0.5463114
0.41002795,0.41002795
0.44780374,0.44780374
0.45295286,0.45295286
0.40805808,0.40805808
0.38651702,0.38651702
0.3757013,0.3757013
0.4101312,0.4101312
0.4932893,0.4932893
0.43564385,0.43564385
0.48165008,0.48165008
0.33323294,0.33323294
0.45128092,0.45128092
0.54128504,0.54128504
0.53115237,0.53115237
0.42535996,0.42535996
0.43536797,0.43536797
0.61948293,0.61948293
0.62801224,0.62801224
0.5603191,0.5603191
0.58077747,0.58077747
0.4049603,0.4049603
0.45228615,0.45228615
0.4724161,0.4724161
0.41164756,0.41164756
0.39892134,0.39892134
0.5637533,0.5637533
0.34363204,0.34363204
0.41263396,0.41263396
0.39613912,0.39613912
0.39855352,0.39855352
0.30498752,0.30498752
0.41003552,0.41003552
0.5100774,0.5100774
0.4061354,0.4061354
0.41622242,0.41622242
0.42550626,0.42550626
0.40699401,0.40699401
0.45150924,0.45150924
0.3249479,0.3249479
0.3636557,0.3636557
0.37507147,0.37507147
0.36508423,0.36508423
0.5845379,0.5845379
0.60780656,0.60780656
0.5445755,0.5445755
0.5993117,0.5993117
0.6473413,0.6473413
0.4581894,0.4581894
0.4549893,0.4549893
0.546897,0.546897
0.62000734,0.62000734
0.4130823,0.4130823
0.578471,0.578471
0.67484385,0.67484385
0.5566117,0.5566117
0.50432384,0.50432384
0.5031952,0.5031952
0.4947135,0.4947135
0.4556416,0.4556416
0.4665733,0.4665733
0.4055246,0.4055246
0.37696433,0.37696433
0.48446223,0.48446223
0.46906763,0.46906763
0.46618333,0.46618333
0.50211066,0.50211066
0.51066697,0.51066697
0.49675182,0.49675182
0.4392243,0.4392243
0.46112075,0.46112075
0.45714793,0.45714793
0.47444382,0.47444382
0.43854523,0.43854523
0.45374352,0.45374352
0.64972603,0.64972603
0.6058971,0.6058971
0.6053981,0.6053981
0.600014,0.600014
0.4169778,0.4169778
0.40221426,0.40221426
0.43797457,0.43797457
0.51974404,0.51974404
0.56801504,0.56801504
0.5709947,0.5709947
0.51097476,0.51097476
0.41855893,0.41855893
0.40332893,0.40332893
0.53908837,0.53908837
0.37911484,0.37911484
0.34089586,0.34089586
0.326714,0.326714
0.39581484,0.39581484
0.39130652,0.39130652
0.38067797,0.38067797
0.47226194,0.47226194
0.50862616,0.50862616
0.44820082,0.44820082
0.4836876,0.4836876
0.48738366,0.48738366
0.4858511,0.4858511
0.4270615,0.4270615
0.43066174,0.43066174
0.4071052,0.4071052
0.42394447,0.42394447
0.42206612,0.42206612
0.44394827,0.44394827
0.42942664,0.42942664
0.5503575,0.5503575
0.6052257,0.6052257
0.55568707,0.55568707
0.57885367,0.57885367
0.5809808,0.5809808
0.65309155,0.65309155
0.63607216,0.63607216
0.6196401,0.6196401
0.62409145,0.62409145
0.5986872,0.5986872
0.598159,0.598159
0.62107277,0.62107277
0.68500537,0.68500537
0.60714114,0.60714114
0.5692871,0.5692871
0.6006532,0.6006532
0.5906808,0.5906808
0.6259435,0.6259435
0.5983747,0.5983747
0.639227,0.639227
0.520061,0.520061
0.40883872,0.40883872
0.49388173,0.49388173
0.5255528,0.5255528
0.53804326,0.53804326
0.59364504,0.59364504
0.64271545,0.64271545
0.5777809,0.5777809
0.41190958,0.41190958
0.4068798,0.4068798
0.38064492,0.38064492
0.37587124,0.37587124
0.45830742,0.45830742
0.53715515,0.53715515
0.5683488,0.5683488
0.42238483,0.42238483
0.38934273,0.38934273
0.44676864,0.44676864
0.490122,0.490122
0.5825496,0.5825496
0.42360783,0.42360783
0.45680615,0.45680615
0.5432504,0.5432504
0.42011544,0.42011544
0.4508824,0.4508824
0.4205711,0.4205711
0.49605885,0.49605885
0.4057064,0.4057064
0.48610798,0.48610798
0.6298463,0.6298463
0.64760685,0.64760685
0.58253056,0.58253056
0.41530257,0.41530257
0.46274924,0.46274924
0.60667187,0.60667187
0.51119953,0.51119953
0.5295565,0.5295565
0.70893055,0.70893055
0.52638584,0.52638584
0.46039343,0.46039343
0.47109142,0.47109142
0.4390723,0.4390723
0.5036547,0.5036547
0.6082423,0.6082423
0.60467595,0.60467595
0.6024959,0.6024959
0.36050168,0.36050168
0.39879736,0.39879736
0.4272624,0.4272624
0.43403774,0.43403774
0.3618792,0.3618792
0.38359538,0.38359538
0.40569982,0.40569982
0.4559999,0.4559999
0.4373136,0.4373136
0.45338988,0.45338988
0.4508207,0.4508207
0.6301807,0.6301807
0.59691274,0.59691274
0.54587835,0.54587835
0.43361586,0.43361586
0.4476574,0.4476574
0.46916932,0.46916932
0.62437916,0.62437916
0.52081835,0.52081835
0.42443997,0.42443997
0.5033453,0.5033453
0.54415494,0.54415494
0.5607576,0.5607576
0.56714976,0.56714976
0.59843695,0.59843695
0.4431564,0.4431564
0.42495567,0.42495567
0.4192799,0.4192799
0.4242975,0.4242975
0.44583973,0.44583973
0.40486994,0.40486994
0.43813834,0.43813834
0.56193614,0.56193614
0.4920369,0.4920369
0.422428,0.422428
0.46076277,0.46076277
0.4908533,0.4908533
0.5953087,0.5953087
0.49420863,0.49420863
0.4198885,0.4198885
0.4149485,0.4149485
0.4662501,0.4662501
0.56006575,0.56006575
0.5004163,0.5004163
0.5747306,0.5747306
0.54243404,0.54243404
0.4375044,0.4375044
0.46478063,0.46478063
0.40628368,0.40628368
0.43160677,0.43160677
0.48634255,0.48634255
0.46021515,0.46021515
0.40159765,0.40159765
0.3988607,0.3988607
0.3732994,0.3732994
0.47208774,0.47208774
0.40334737,0.40334737
0.466319,0.466319
0.39400032,0.39400032
0.43907118,0.43907118
0.3566843,0.3566843
0.39370582,0.39370582
0.42880476,0.42880476
0.40363875,0.40363875
0.46209085,0.46209085
0.46584356,0.46584356
0.4356656,0.4356656
0.38935497,0.38935497
0.40149117,0.40149117
0.39089388,0.39089388
0.41613507,0.41613507
0.4286706,0.4286706
0.43797916,0.43797916
0.7005268,0.7005268
0.6075321,0.6075321
0.56817704,0.56817704
0.54595953,0.54595953
0.51804996,0.51804996
0.53678983,0.53678983
0.5662647,0.5662647
0.49358422,0.49358422
0.5407762,0.5407762
0.39380014,0.39380014
0.38387424,0.38387424
0.44480917,0.44480917
0.34693405,0.34693405
0.4162631,0.4162631
0.43236947,0.43236947
0.40259674,0.40259674
0.33191994,0.33191994
0.3526608,0.3526608
0.39370054,0.39370054
0.39909038,0.39909038
0.41347858,0.41347858
0.47743228,0.47743228
0.60417134,0.60417134
0.53600013,0.53600013
0.2771234,0.2771234
0.3694755,0.3694755
0.39893866,0.39893866
0.46436253,0.46436253
0.43708664,0.43708664
0.43656126,0.43656126
0.3796685,0.3796685
0.4130936,0.4130936
0.40527958,0.40527958
0.45709842,0.45709842
0.38288796,0.38288796
0.6080577,0.6080577
0.61557573,0.61557573
0.565239,0.565239
0.5863246,0.5863246
0.61079293,0.61079293
0.5744138,0.5744138
0.5067943,0.5067943
0.4862035,0.4862035
0.54049814,0.54049814
0.5375358,0.5375358
0.5306904,0.5306904
0.4685865,0.4685865
0.51797014,0.51797014
0.57004344,0.57004344
0.45853165,0.45853165
0.3809525,0.3809525
0.3116583,0.3116583
0.3311215,0.3311215
0.42842987,0.42842987
0.3442342,0.3442342
0.31670636,0.31670636
0.42520186,0.42520186
0.4648739,0.4648739
0.4648391,0.4648391
0.45614877,0.45614877
0.45501676,0.45501676
0.4464878,0.4464878
0.41447186,0.41447186
0.43237138,0.43237138
0.63530844,0.63530844
0.54644954,0.54644954
0.6228331,0.6228331
0.51034707,0.51034707
0.54218495,0.54218495
0.590656,0.590656
0.62355834,0.62355834
0.6230904,0.6230904
0.60855305,0.60855305
0.59229773,0.59229773
0.6322713,0.6322713
0.56124204,0.56124204
0.5037876,0.5037876
0.50568897,0.50568897
0.38662624,0.38662624
0.39555013,0.39555013
0.43167627,0.43167627
0.44536883,0.44536883
0.4400939,0.4400939
0.5755738,0.5755738
0.54108953,0.54108953
0.45050257,0.45050257
0.52762634,0.52762634
0.7632158,0.7632158
0.5414268,0.5414268
0.41712382,0.41712382
0.503366,0.503366
0.46827438,0.46827438
0.4041923,0.4041923
0.6279231,0.6279231
0.51676434,0.51676434
0.62806046,0.62806046
0.5981383,0.5981383
0.41231132,0.41231132
0.4824325,0.4824325
0.41583326,0.41583326
0.4486026,0.4486026
0.50536776,0.50536776
0.43697914,0.43697914
0.5012814,0.5012814
0.4643147,0.4643147
0.58458763,0.58458763
0.54388785,0.54388785
0.40772617,0.40772617
0.39191443,0.39191443
0.4504027,0.4504027
0.44963565,0.44963565
0.4664432,0.4664432
0.54482085,0.54482085
0.47993892,0.47993892
0.42629153,0.42629153
0.38088256,0.38088256
0.49524572,0.49524572
0.5427515,0.5427515
0.44211432,0.44211432
0.48811185,0.48811185
0.38563138,0.38563138
0.5418989,0.5418989
0.52513945,0.52513945
0.46687213,0.46687213
0.6164596,0.6164596
0.37962604,0.37962604
0.49793327,0.49793327
0.67567253,0.67567253
0.3008622,0.3008622
0.38847673,0.38847673
0.4524873,0.4524873
0.41144547,0.41144547
0.5959975,0.5959975
0.4406706,0.4406706
0.40106398,0.40106398
0.40442434,0.40442434
0.4274405,0.4274405
0.5440704,0.5440704
0.42360765,0.42360765
0.37475082,0.37475082
0.3991284,0.3991284
0.46092567,0.46092567
0.5035025,0.5035025
0.37623423,0.37623423
0.5689659,0.5689659
0.5608655,0.5608655
0.39119956,0.39119956
0.39718032,0.39718032
0.48656905,0.48656905
0.5316917,0.5316917
0.3774153,0.3774153
0.5516274,0.5516274
0.564658,0.564658
0.4714425,0.4714425
0.4494876,0.4494876
0.4684276,0.4684276
0.48861128,0.48861128
0.42862827,0.42862827
0.48007318,0.48007318
0.5236181,0.5236181
0.3709901,0.3709901
0.47955972,0.47955972
0.38630435,0.38630435
0.53028345,0.53028345
0.49541226,0.49541226
0.47466367,0.47466367
0.6347453,0.6347453
0.61842054,0.61842054
0.5939412,0.5939412
0.5679452,0.5679452
0.54395694,0.54395694
0.5855009,0.5855009
0.60605156,0.60605156
0.54188067,0.54188067
0.60331774,0.60331774
0.5678238,0.5678238
0.5298518,0.5298518
0.46147797,0.46147797
0.5514097,0.5514097
0.6015205,0.6015205
0.65620863,0.65620863
0.6517267,0.6517267
0.47732237,0.47732237
0.49663213,0.49663213
0.5997646,0.5997646
0.6156287,0.6156287
0.6498086,0.6498086
0.5794194,0.5794194
0.5728665,0.5728665
0.5454185,0.5454185
0.50029397,0.50029397
0.475422,0.475422
0.4731237,0.4731237
0.46711507,0.46711507
0.4073805,0.4073805
0.38556215,0.38556215
0.4530915,0.4530915
0.4350729,0.4350729
0.38534757,0.38534757
0.49824318,0.49824318
0.6037734,0.6037734
0.5832805,0.5832805
0.6477646,0.6477646
0.6473242,0.6473242
0.6386596,0.6386596
0.6409427,0.6409427
0.50520873,0.50520873
0.5339021,0.5339021
0.5439294,0.5439294
0.39263365,0.39263365
0.49041712,0.49041712
0.4310197,0.4310197
0.48262662,0.48262662
0.36751646,0.36751646
0.41218686,0.41218686
0.43565544,0.43565544
0.4410664,0.4410664
0.39472806,0.39472806
0.4493773,0.4493773
0.4294921,0.4294921
0.45052767,0.45052767
0.46986267,0.46986267
0.53286403,0.53286403
0.44798774,0.44798774
0.39063028,0.39063028
0.41979846,0.41979846
0.47710872,0.47710872
0.47213513,0.47213513
0.6272637,0.6272637
0.6976252,0.6976252
0.62243384,0.62243384
0.3684298,0.3684298
0.50373733,0.50373733
0.3970339,0.3970339
0.4356463,0.4356463
0.39268556,0.39268556
0.44525367,0.44525367
0.36539534,0.36539534
0.3813012,0.3813012
0.3908579,0.3908579
0.4406778,0.4406778
0.4175149,0.4175149
0.5789012,0.5789012
0.45514092,0.45514092
0.43818715,0.43818715
0.45200595,0.45200595
0.5260873,0.5260873
0.46580046,0.46580046
0.40657842,0.40657842
0.4060057,0.4060057
0.4146404,0.4146404
0.58953583,0.58953583
0.51913613,0.51913613
0.5428381,0.5428381
0.645068,0.645068
0.598039,0.598039
0.4981485,0.4981485
0.54795116,0.54795116
0.59815097,0.59815097
0.5324584,0.5324584
0.61932683,0.61932683
0.5855153,0.5855153
0.5859787,0.5859787
0.5958493,0.5958493
0.56031865,0.56031865
0.5436679,0.5436679
0.5964561,0.5964561
0.6065016,0.6065016
0.57988304,0.57988304
0.5738675,0.5738675
0.6005078,0.6005078
0.32966638,0.32966638
0.3825693,0.3825693
0.3290857,0.3290857
0.4441823,0.4441823
0.5092616,0.5092616
0.5417978,0.5417978
0.43658918,0.43658918
0.41276115,0.41276115
0.44709685,0.44709685
0.521862,0.521862
0.46694803,0.46694803
0.44892788,0.44892788
0.4385025,0.4385025
0.54082257,0.54082257
0.40937203,0.40937203
0.5695554,0.5695554
0.56403935,0.56403935
0.5012836,0.5012836
0.41285473,0.41285473
0.4131333,0.4131333
0.43356442,0.43356442
0.45812503,0.45812503
0.4894536,0.4894536
0.41887486,0.41887486
0.46519694,0.46519694
0.45880955,0.45880955
0.328603,0.328603
0.382166,0.382166
0.64055824,0.64055824
0.5067235,0.5067235
0.5955391,0.5955391
0.6212796,0.6212796
0.36880478,0.36880478
0.44015998,0.44015998
0.3901346,0.3901346
0.40981427,0.40981427
0.42302966,0.42302966
0.4348412,0.4348412
0.44944662,0.44944662
0.5109758,0.5109758
0.591196,0.591196
0.6222042,0.6222042
0.5851415,0.5851415
0.41490552,0.41490552
0.4319656,0.4319656
0.4636897,0.4636897
0.4949842,0.4949842
0.5696803,0.5696803
0.52611464,0.52611464
0.4612645,0.4612645
0.43101564,0.43101564
0.6043832,0.6043832
0.5980425,0.5980425
0.6014969,0.6014969
0.5617832,0.5617832
0.53117955,0.53117955
0.5788173,0.5788173
0.61222845,0.61222845
0.6058507,0.6058507
0.57997364,0.57997364
0.6183148,0.6183148
0.6316674,0.6316674
0.5124942,0.5124942
0.49061248,0.49061248
0.5980483,0.5980483
0.4130755,0.4130755
0.41397595,0.41397595
0.44802848,0.44802848
0.47724396,0.47724396
0.52648914,0.52648914
0.6386255,0.6386255
0.63159573,0.63159573
0.5487896,0.5487896
0.51655364,0.51655364
0.41946504,0.41946504
0.45233727,0.45233727
0.45743126,0.45743126
0.47974905,0.47974905
0.38244492,0.38244492
0.42965564,0.42965564
0.4740017,0.4740017
0.39683235,0.39683235
0.40499318,0.40499318
0.42520055,0.42520055
0.42139396,0.42139396
0.45511857,0.45511857
0.43126062,0.43126062
0.40456435,0.40456435
0.43836185,0.43836185
0.5296407,0.5296407
0.43248653,0.43248653
0.43448445,0.43448445
0.39695016,0.39695016
0.38819772,0.38819772
0.51546836,0.51546836
0.4742432,0.4742432
0.6013785,0.6013785
0.4958338,0.4958338
0.45227972,0.45227972
0.440301,0.440301
0.3734202,0.3734202
0.44481397,0.44481397
0.40360424,0.40360424
0.43756777,0.43756777
0.42219952,0.42219952
0.54350233,0.54350233
0.5555077,0.5555077
0.61685616,0.61685616
0.59710586,0.59710586
0.5642835,0.5642835
0.5750017,0.5750017
0.57167715,0.57167715
0.47003222,0.47003222
0.6226531,0.6226531
0.6289091,0.6289091
0.625692,0.625692
0.6193452,0.6193452
0.6175098,0.6175098
0.6150427,0.6150427
0.6086652,0.6086652
0.60611784,0.60611784
0.5563993,0.5563993
0.58159834,0.58159834
0.515075,0.515075
0.43338755,0.43338755
0.47458643,0.47458643
0.44894934,0.44894934
0.47680068,0.47680068
0.41788948,0.41788948
0.41924503,0.41924503
0.43116802,0.43116802
0.38199577,0.38199577
0.35535118,0.35535118
0.37518853,0.37518853
0.40581393,0.40581393
0.55275416,0.55275416
0.58468735,0.58468735
0.62653613,0.62653613
0.4803654,0.4803654
0.5175169,0.5175169
0.6286288,0.6286288
0.6279331,0.6279331
0.5764507,0.5764507
0.52188647,0.52188647
0.5239474,0.5239474
0.4701016,0.4701016
0.53003573,0.53003573
0.6004348,0.6004348
0.41979864,0.41979864
0.44704917,0.44704917
0.58516467,0.58516467
0.55250186,0.55250186
0.5832883,0.5832883
0.55140585,0.55140585
0.4323841,0.4323841
0.3909132,0.3909132
0.51985025,0.51985025
0.5164874,0.5164874
0.5051294,0.5051294
0.55168945,0.55168945
0.5871026,0.5871026
0.5889769,0.5889769
0.59782606,0.59782606
0.6241948,0.6241948
0.60025454,0.60025454
0.6195549,0.6195549
0.61301124,0.61301124
0.43877834,0.43877834
0.48510656,0.48510656
0.5652828,0.5652828
0.57006794,0.57006794
0.6376302,0.6376302
0.6119949,0.6119949
0.37316895,0.37316895
0.42334926,0.42334926
0.56523937,0.56523937
0.47122952,0.47122952
0.47909757,0.47909757
0.46918154,0.46918154
0.60984015,0.60984015
0.575716,0.575716
0.6108947,0.6108947
0.5722964,0.5722964
0.5659902,0.5659902
0.61948526,0.61948526
0.44496444,0.44496444
0.45333368,0.45333368
0.6836728,0.6836728
0.62751794,0.62751794
0.598666,0.598666
0.5406581,0.5406581
0.44186592,0.44186592
0.5378094,0.5378094
0.6062053,0.6062053
0.6228908,0.6228908
0.57445437,0.57445437
0.37553468,0.37553468
0.46649647,0.46649647
0.54769045,0.54769045
0.6215948,0.6215948
0.5929115,0.5929115
0.51186264,0.51186264
0.41447398,0.41447398
0.6169258,0.6169258
0.5893398,0.5893398
0.49994,0.49994
0.435587,0.435587
0.41545692,0.41545692
0.4358761,0.4358761
0.44198057,0.44198057
0.4577333,0.4577333
0.5271329,0.5271329
0.53540796,0.53540796
0.5494387,0.5494387
0.4252726,0.4252726
0.46673754,0.46673754
0.5882491,0.5882491
0.48631692,0.48631692
0.36607617,0.36607617
0.55267274,0.55267274
0.6049473,0.6049473
0.53653705,0.53653705
0.6098151,0.6098151
0.5102938,0.5102938
0.51191103,0.51191103
0.37765443,0.37765443
0.43994293,0.43994293
0.48356295,0.48356295
0.54186857,0.54186857
0.4162794,0.4162794
0.6576644,0.6576644
0.5580885,0.5580885
0.4080219,0.4080219
0.6809476,0.6809476
0.56953496,0.56953496
0.62279373,0.62279373
0.63687146,0.63687146
0.4819105,0.4819105
0.49323595,0.49323595
0.45600975,0.45600975
0.46961498,0.46961498
0.35246885,0.35246885
0.37258565,0.37258565
0.56800044,0.56800044
0.5541493,0.5541493
0.59343463,0.59343463
0.55401015,0.55401015
0.6825194,0.6825194
0.5280981,0.5280981
0.3962474,0.3962474
0.5139997,0.5139997
0.4727508,0.4727508
0.43889737,0.43889737
0.48613507,0.48613507
0.640075,0.640075
0.587655,0.587655
0.60550994,0.60550994
0.48706928,0.48706928
0.48888272,0.48888272
0.60330606,0.60330606
0.47092757,0.47092757
0.43470448,0.43470448
0.46028277,0.46028277
0.5604226,0.5604226
0.5038711,0.5038711
0.36001655,0.36001655
0.41914025,0.41914025
0.48323688,0.48323688
0.46641824,0.46641824
0.5041996,0.5041996
0.4686713,0.4686713
0.5680476,0.5680476
0.43779472,0.43779472
0.4623917,0.4623917
0.47573295,0.47573295
0.44929424,0.44929424
0.56033045,0.56033045
0.5478731,0.5478731
0.54889435,0.54889435
0.5284075,0.5284075
0.43575343,0.43575343
0.61239713,0.61239713
0.5743615,0.5743615
0.55501753,0.55501753
0.46796674,0.46796674
0.49727294,0.49727294
0.577236,0.577236
0.4460197,0.4460197
0.5767912,0.5767912
0.58781016,0.58781016
0.45925307,0.45925307
0.4375894,0.4375894
0.4198507,0.4198507
0.4835241,0.4835241
0.48662186,0.48662186
0.42472073,0.42472073
0.66638637,0.66638637
0.5580439,0.5580439
0.55821717,0.55821717
0.42065123,0.42065123
0.44842827,0.44842827
0.4238226,0.4238226
0.427345,0.427345
0.58675295,0.58675295
0.6249352,0.6249352
0.6052382,0.6052382
0.6249915,0.6249915
0.6026323,0.6026323
0.57759625,0.57759625
0.60152197,0.60152197
0.61583656,0.61583656
0.6531865,0.6531865
0.61676,0.61676
0.36946994,0.36946994
0.5861303,0.5861303
0.45554104,0.45554104
0.47660977,0.47660977
0.445386,0.445386
0.52959996,0.52959996
0.6105068,0.6105068
0.54590166,0.54590166
0.44013783,0.44013783
0.3448181,0.3448181
0.37721884,0.37721884
0.45590517,0.45590517
0.66513085,0.66513085
0.5773794,0.5773794
0.5724824,0.5724824
0.46954334,0.46954334
0.608723,0.608723
0.5843758,0.5843758
0.5654803,0.5654803
0.60932165,0.60932165
0.6063591,0.6063591
0.48767966,0.48767966
0.40062076,0.40062076
0.40414402,0.40414402
0.3983511,0.3983511
0.51126355,0.51126355
0.5930044,0.5930044
0.558969,0.558969
0.6139693,0.6139693
0.59966785,0.59966785
0.6085745,0.6085745
0.5422467,0.5422467
0.51343447,0.51343447
0.6387726,0.6387726
0.56849563,0.56849563
0.61316323,0.61316323
0.5526001,0.5526001
0.6106351,0.6106351
0.555561,0.555561
0.52835405,0.52835405
0.5551991,0.5551991
0.5494674,0.5494674
0.46213275,0.46213275
0.42575884,0.42575884
0.41216886,0.41216886
0.6252867,0.6252867
0.624792,0.624792
0.6395466,0.6395466
0.5995915,0.5995915
0.6567699,0.6567699
0.50452274,0.50452274
0.53072286,0.53072286
0.5065311,0.5065311
0.54119515,0.54119515
0.53805697,0.53805697
0.471086,0.471086
0.52381855,0.52381855
0.4413248,0.4413248
0.48401874,0.48401874
0.499762,0.499762
0.47846448,0.47846448
0.49931377,0.49931377
0.51046276,0.51046276
0.56487924,0.56487924
0.6251171,0.6251171
0.6266852,0.6266852
0.55136156,0.55136156
0.6084568,0.6084568
0.6112948,0.6112948
0.5937906,0.5937906
0.44098583,0.44098583
0.37762254,0.37762254
0.41687012,0.41687012
0.50776744,0.50776744
0.4880821,0.4880821
0.4430303,0.4430303
0.5787302,0.5787302
0.6349379,0.6349379
0.50055534,0.50055534
0.4656649,0.4656649
0.5609081,0.5609081
0.5188309,0.5188309
0.46057817,0.46057817
0.510858,0.510858
0.5320278,0.5320278
0.57203656,0.57203656
0.6124663,0.6124663
0.65902597,0.65902597
0.5786269,0.5786269
0.6113372,0.6113372
0.595084,0.595084
0.6239895,0.6239895
0.6236231,0.6236231
0.6254762,0.6254762
0.63675445,0.63675445
0.5806897,0.5806897
0.44671738,0.44671738
0.53044903,0.53044903
0.5966417,0.5966417
0.5296315,0.5296315
0.5025107,0.5025107
0.44877037,0.44877037
0.42449296,0.42449296
0.59522945,0.59522945
0.5354256,0.5354256
0.5483152,0.5483152
0.5620142,0.5620142
0.5754764,0.5754764
0.55727106,0.55727106
0.6189551,0.6189551
0.5366259,0.5366259
0.4431708,0.4431708
0.4561181,0.4561181
0.42128417,0.42128417
0.46164396,0.46164396
0.35281974,0.35281974
0.37837568,0.37837568
0.403269,0.403269
0.4280533,0.4280533
0.38135952,0.38135952
0.44429997,0.44429997
0.56924474,0.56924474
0.5740703,0.5740703
0.5869366,0.5869366
0.6184076,0.6184076
0.61441064,0.61441064
0.3973577,0.3973577
0.49314138,0.49314138
0.6786743,0.6786743
0.5878451,0.5878451
0.6096561,0.6096561
0.43891025,0.43891025
0.46264347,0.46264347
0.45698133,0.45698133
0.46750075,0.46750075
0.55574423,0.55574423
0.5281085,0.5281085
0.47725624,0.47725624
0.38509205,0.38509205
0.37118343,0.37118343
0.4475235,0.4475235
0.5411379,0.5411379
0.59661955,0.59661955
0.5799639,0.5799639
0.5913034,0.5913034
0.5915255,0.5915255
0.61340696,0.61340696
0.37883484,0.37883484
0.45135176,0.45135176
0.41709316,0.41709316
0.43211523,0.43211523
0.4086432,0.4086432
0.5737393,0.5737393
0.6132713,0.6132713
0.5616514,0.5616514
0.6129552,0.6129552
0.38097277,0.38097277
0.44565666,0.44565666
0.46288306,0.46288306
0.49077064,0.49077064
0.59464115,0.59464115
0.38244832,0.38244832
0.46769634,0.46769634
0.4335514,0.4335514
0.43390718,0.43390718
0.4205488,0.4205488
0.42157918,0.42157918
0.6097193,0.6097193
0.5804641,0.5804641
0.5490398,0.5490398
0.5246829,0.5246829
0.5869386,0.5869386
0.49879086,0.49879086
0.5182719,0.5182719
0.57636416,0.57636416
0.5075091,0.5075091
0.48686615,0.48686615
0.6403561,0.6403561
0.56548,0.56548
0.4994627,0.4994627
0.4370652,0.4370652
0.41629654,0.41629654
0.47381026,0.47381026
0.57575995,0.57575995
0.6249344,0.6249344
0.46476272,0.46476272
0.6312513,0.6312513
0.6136516,0.6136516
0.6211708,0.6211708
0.6410056,0.6410056
0.605025,0.605025
0.4402698,0.4402698
0.6115093,0.6115093
0.5930401,0.5930401
0.6083767,0.6083767
0.5635945,0.5635945
0.5079175,0.5079175
0.5469815,0.5469815
0.61251974,0.61251974
0.4786593,0.4786593
0.48359007,0.48359007
0.60800433,0.60800433
0.50408024,0.50408024
0.45476666,0.45476666
0.5341718,0.5341718
0.4543304,0.4543304
0.40685257,0.40685257
0.6609153,0.6609153
0.49230573,0.49230573
0.44248432,0.44248432
0.56915903,0.56915903
0.6319156,0.6319156
0.63290507,0.63290507
0.43255773,0.43255773
0.5929875,0.5929875
0.5557117,0.5557117
0.50212556,0.50212556
0.42388132,0.42388132
0.6053834,0.6053834
0.4458834,0.4458834
0.48498768,0.48498768
0.41152522,0.41152522
0.6152443,0.6152443
0.5552529,0.5552529
0.46644965,0.46644965
0.44184887,0.44184887
0.39984626,0.39984626
0.5095968,0.5095968
0.40239,0.40239
0.42108902,0.42108902
0.46027046,0.46027046
0.5025234,0.5025234
0.4982304,0.4982304
0.48310843,0.48310843
0.50716734,0.50716734
0.5459625,0.5459625
0.5920807,0.5920807
0.60968655,0.60968655
0.6218306,0.6218306
0.41647616,0.41647616
0.40138197,0.40138197
0.42862928,0.42862928
0.38753015,0.38753015
0.42799798,0.42799798
0.48532742,0.48532742
0.45901772,0.45901772
0.49599552,0.49599552
0.6257304,0.6257304
0.64708996,0.64708996
0.661952,0.661952
0.64124703,0.64124703
0.56436574,0.56436574
0.35765907,0.35765907
0.41087073,0.41087073
0.6166552,0.6166552
0.6225735,0.6225735
0.5971818,0.5971818
0.58974725,0.58974725
0.44367224,0.44367224
0.4642131,0.4642131
0.5472547,0.5472547
0.5349999,0.5349999
0.3921425,0.3921425
0.41573325,0.41573325
0.43394378,0.43394378
0.52598846,0.52598846
0.5037425,0.5037425
0.5089892,0.5089892
0.4992373,0.4992373
0.4280243,0.4280243
0.4582184,0.4582184
0.40063527,0.40063527
0.33733734,0.33733734
0.3665554,0.3665554
0.4565063,0.4565063
0.4253466,0.4253466
0.4087144,0.4087144
0.43884423,0.43884423
0.53929096,0.53929096
0.61752677,0.61752677
0.54016656,0.54016656
0.51747775,0.51747775
0.49610886,0.49610886
0.50293046,0.50293046
0.5113061,0.5113061
0.43373337,0.43373337
0.4855444,0.4855444
0.507711,0.507711
0.52669144,0.52669144
0.44848663,0.44848663
0.48676693,0.48676693
0.40935013,0.40935013
0.476911,0.476911
0.4097917,0.4097917
0.6329708,0.6329708
0.61501765,0.61501765
0.6114879,0.6114879
0.61504525,0.61504525
0.510205,0.510205
0.4507785,0.4507785
0.50005704,0.50005704
0.55168533,0.55168533
0.6356697,0.6356697
0.5618906,0.5618906
0.57419384,0.57419384
0.61058617,0.61058617
0.53751826,0.53751826
0.6134843,0.6134843
0.59270376,0.59270376
0.5358464,0.5358464
0.6121643,0.6121643
0.6343105,0.6343105
0.5633832,0.5633832
0.5850151,0.5850151
0.46805814,0.46805814
0.6105812,0.6105812
0.6229403,0.6229403
0.5997368,0.5997368
0.61239797,0.61239797
0.58409256,0.58409256
0.61370313,0.61370313
0.6276845,0.6276845
0.608365,0.608365
0.62702715,0.62702715
0.6146864,0.6146864
0.48253042,0.48253042
0.37838373,0.37838373
0.60770524,0.60770524
0.5639577,0.5639577
0.47383672,0.47383672
0.6550869,0.6550869
0.60485506,0.60485506
0.5729967,0.5729967
0.51016104,0.51016104
0.38959596,0.38959596
0.50508064,0.50508064
0.44537544,0.44537544
0.462376,0.462376
0.3798562,0.3798562
0.38958234,0.38958234
0.43009716,0.43009716
0.4376292,0.4376292
0.43506247,0.43506247
0.45104244,0.45104244
0.36445874,0.36445874
0.6216754,0.6216754
0.47549763,0.47549763
0.5822565,0.5822565
0.6050628,0.6050628
0.48048168,0.48048168
0.39100274,0.39100274
0.42168823,0.42168823
0.64214337,0.64214337
0.4094314,0.4094314
0.42628425,0.42628425
0.4761429,0.4761429
0.47035658,0.47035658
0.5917479,0.5917479
0.5631067,0.5631067
0.43947202,0.43947202
0.5577809,0.5577809
0.623067,0.623067
0.5914209,0.5914209
0.47468245,0.47468245
0.5183334,0.5183334
0.5233368,0.5233368
0.5676569,0.5676569
0.56529576,0.56529576
0.5438781,0.5438781
0.5139459,0.5139459
0.59255284,0.59255284
0.5826356,0.5826356
0.4472128,0.4472128
0.42034477,0.42034477
0.43408757,0.43408757
0.44506457,0.44506457
0.3999262,0.3999262
0.3811063,0.3811063
0.43097496,0.43097496
0.5622901,0.5622901
0.5752935,0.5752935
0.34484202,0.34484202
0.36988524,0.36988524
0.41701844,0.41701844
0.45293027,0.45293027
0.47921702,0.47921702
0.5008535,0.5008535
0.40503618,0.40503618
0.5796909,0.5796909
0.61270666,0.61270666
0.6143691,0.6143691
0.5926461,0.5926461
0.62288636,0.62288636
0.6000376,0.6000376
0.56340057,0.56340057
0.5821402,0.5821402
0.48500213,0.48500213
0.4750557,0.4750557
0.45966968,0.45966968
0.47625026,0.47625026
0.424663,0.424663
0.5107225,0.5107225
0.45684883,0.45684883
0.54440933,0.54440933
0.54690444,0.54690444
0.5343027,0.5343027
0.57923955,0.57923955
0.51863056,0.51863056
0.64502376,0.64502376
0.42291498,0.42291498
0.50335425,0.50335425
0.5087841,0.5087841
0.51759446,0.51759446
0.6279607,0.6279607
0.6125797,0.6125797
0.5530814,0.5530814
0.56591827,0.56591827
0.61216927,0.61216927
0.5858075,0.5858075
0.59322745,0.59322745
0.56894237,0.56894237
0.60342515,0.60342515
0.6273296,0.6273296
0.54992616,0.54992616
0.6186992,0.6186992
0.6066525,0.6066525
0.46009153,0.46009153
0.62704355,0.62704355
0.59645796,0.59645796
0.62662446,0.62662446
0.5956094,0.5956094
0.6170055,0.6170055
0.56987023,0.56987023
0.5250272,0.5250272
0.45743772,0.45743772
0.49467725,0.49467725
0.4473532,0.4473532
0.3990627,0.3990627
0.42050663,0.42050663
0.44449347,0.44449347
0.46386442,0.46386442
0.48451272,0.48451272
0.41647416,0.41647416
0.4092746,0.4092746
0.5925589,0.5925589
0.65585965,0.65585965
0.48728892,0.48728892
0.52516896,0.52516896
0.6358915,0.6358915
0.640945,0.640945
0.5779316,0.5779316
0.47226495,0.47226495
0.4357156,0.4357156
0.44744548,0.44744548
0.427843,0.427843
0.5352826,0.5352826
0.63476574,0.63476574
0.5725842,0.5725842
0.48434663,0.48434663
0.4254143,0.4254143
0.3874355,0.3874355
0.53070796,0.53070796
0.4625706,0.4625706
0.5342247,0.5342247
0.5069127,0.5069127
0.41855764,0.41855764
0.6406818,0.6406818
0.5733997,0.5733997
0.58002406,0.58002406
0.5245163,0.5245163
0.618482,0.618482
0.5414841,0.5414841
0.5121936,0.5121936
0.48400941,0.48400941
0.46810558,0.46810558
0.46991032,0.46991032
0.445401,0.445401
0.56322414,0.56322414
0.572098,0.572098
0.6281289,0.6281289
0.63616717,0.63616717
0.47726008,0.47726008
0.44889435,0.44889435
0.4866425,0.4866425
0.5583479,0.5583479
0.59922564,0.59922564
0.53989065,0.53989065
0.43214756,0.43214756
0.46281287,0.46281287
0.57783705,0.57783705
0.42733538,0.42733538
0.47291324,0.47291324
0.60878927,0.60878927
0.414106,0.414106
0.4131468,0.4131468
0.5934705,0.5934705
0.6227138,0.6227138
0.63921976,0.63921976
0.39303532,0.39303532
0.38381752,0.38381752
0.43704247,0.43704247
0.43414116,0.43414116
0.41039658,0.41039658
0.4186165,0.4186165
0.43092445,0.43092445
0.44910616,0.44910616
0.6466274,0.6466274
0.57196283,0.57196283
0.5521319,0.5521319
0.5824737,0.5824737
0.6002236,0.6002236
0.5842563,0.5842563
0.4867083,0.4867083
0.40734282,0.40734282
0.601667,0.601667
0.59662193,0.59662193
0.60009754,0.60009754
0.5244434,0.5244434
0.44457546,0.44457546
0.38696626,0.38696626
0.41109276,0.41109276
0.45733532,0.45733532
0.6136656,0.6136656
0.63345844,0.63345844
0.53481513,0.53481513
0.49541068,0.49541068
0.4523535,0.4523535
0.42558843,0.42558843
0.5279153,0.5279153
0.55435777,0.55435777
0.41389245,0.41389245
0.38227323,0.38227323
0.41880122,0.41880122
0.49052456,0.49052456
0.456477,0.456477
0.44627213,0.44627213
0.49724734,0.49724734
0.50020903,0.50020903
0.640074,0.640074
0.54342437,0.54342437
0.52400476,0.52400476
0.5419807,0.5419807
0.44170058,0.44170058
0.3927398,0.3927398
0.42096227,0.42096227
0.4189144,0.4189144
0.45530364,0.45530364
0.4308564,0.4308564
0.48343813,0.48343813
0.5209768,0.5209768
0.591397,0.591397
0.51553667,0.51553667
0.5473334,0.5473334
0.58222115,0.58222115
0.51837474,0.51837474
0.6254904,0.6254904
0.5151618,0.5151618
0.5080933,0.5080933
0.42504832,0.42504832
0.43251786,0.43251786
0.43608978,0.43608978
0.4959108,0.4959108
0.37809384,0.37809384
0.33982626,0.33982626
0.47406772,0.47406772
0.4753469,0.4753469
0.49311116,0.49311116
0.5110125,0.5110125
0.4324689,0.4324689
0.5323418,0.5323418
0.5812597,0.5812597
0.47822317,0.47822317
0.65783846,0.65783846
0.64407974,0.64407974
0.5014584,0.5014584
0.4989661,0.4989661
0.60097116,0.60097116
0.57589567,0.57589567
0.51121813,0.51121813
0.45786473,0.45786473
0.5649825,0.5649825
0.6023671,0.6023671
0.6027293,0.6027293
0.5789836,0.5789836
0.6121483,0.6121483
0.5972451,0.5972451
0.6286221,0.6286221
0.61904144,0.61904144
0.6007751,0.6007751
0.62242395,0.62242395
0.57023543,0.57023543
0.58061194,0.58061194
0.6474422,0.6474422
0.5816529,0.5816529
0.6548972,0.6548972
0.63142484,0.63142484
0.5916452,0.5916452
0.5946107,0.5946107
0.55840445,0.55840445
0.43297097,0.43297097
0.43302947,0.43302947
0.44396538,0.44396538
0.4296761,0.4296761
0.45183697,0.45183697
0.5190596,0.5190596
0.5441279,0.5441279
0.42708448,0.42708448
0.5801807,0.5801807
0.5628499,0.5628499
0.4885408,0.4885408
0.47618273,0.47618273
0.588595,0.588595
0.63742393,0.63742393
0.5329196,0.5329196
0.58375055,0.58375055
0.60087854,0.60087854
0.448185,0.448185
0.53526264,0.53526264
0.52858865,0.52858865
0.5378926,0.5378926
0.44902322,0.44902322
0.65745866,0.65745866
0.5453196,0.5453196
0.6401002,0.6401002
0.54881394,0.54881394
0.618484,0.618484
0.5906232,0.5906232
0.5080402,0.5080402
0.41751996,0.41751996
0.40707478,0.40707478
0.5266891,0.5266891
0.50177765,0.50177765
0.56143075,0.56143075
0.6036292,0.6036292
0.6214885,0.6214885
0.62977487,0.62977487
0.60017335,0.60017335
0.60205835,0.60205835
0.565173,0.565173
0.5513521,0.5513521
0.48780045,0.48780045
0.4755572,0.4755572
0.48998109,0.48998109
0.5916492,0.5916492
0.56587315,0.56587315
0.5106634,0.5106634
0.47974348,0.47974348
0.57409394,0.57409394
0.6399211,0.6399211
0.61550343,0.61550343
0.5460178,0.5460178
0.4810557,0.4810557
0.457153,0.457153
0.43992314,0.43992314
0.42132002,0.42132002
0.3700408,0.3700408
0.56495506,0.56495506
0.52153605,0.52153605
0.51628304,0.51628304
0.5393922,0.5393922
0.4297957,0.4297957
0.5747715,0.5747715
0.61291635,0.61291635
0.5907633,0.5907633
0.5831716,0.5831716
0.56117314,0.56117314
0.6387903,0.6387903
0.587687,0.587687
0.6141412,0.6141412
0.45156497,0.45156497
0.43606022,0.43606022
0.64886093,0.64886093
0.6804295,0.6804295
0.45919815,0.45919815
0.3827342,0.3827342
0.42882377,0.42882377
0.5988501,0.5988501
0.38387284,0.38387284
0.43087757,0.43087757
0.49132,0.49132
0.36854008,0.36854008
0.49243936,0.49243936
0.5305607,0.5305607
0.5441896,0.5441896
0.6352313,0.6352313
0.57266426,0.57266426
0.44848365,0.44848365
0.61615074,0.61615074
0.5379153,0.5379153
0.55416834,0.55416834
0.44339684,0.44339684
0.61435986,0.61435986
0.6258612,0.6258612
0.5665765,0.5665765
0.610661,0.610661
0.45524362,0.45524362
0.45461786,0.45461786
0.4024786,0.4024786
0.4494654,0.4494654
0.4773264,0.4773264
0.50486326,0.50486326
0.52448666,0.52448666
0.5053314,0.5053314
0.45302486,0.45302486
0.5987167,0.5987167
0.54075396,0.54075396
0.39258137,0.39258137
0.4297274,0.4297274
0.46224463,0.46224463
0.46580192,0.46580192
0.4434164,0.4434164
0.4264628,0.4264628
0.46641976,0.46641976
0.57958555,0.57958555
0.62457246,0.62457246
0.56512475,0.56512475
0.5905937,0.5905937
0.5677729,0.5677729
0.6037382,0.6037382
0.5939979,0.5939979
0.62997675,0.62997675
0.46379942,0.46379942
0.46313506,0.46313506
0.44763207,0.44763207
0.49214384,0.49214384
0.4899235,0.4899235
0.47593322,0.47593322
0.5540864,0.5540864
0.4571182,0.4571182
0.5685719,0.5685719
0.61652493,0.61652493
0.6288794,0.6288794
0.47442788,0.47442788
0.5389622,0.5389622
0.585075,0.585075
0.6156402,0.6156402
0.4337501,0.4337501
0.4309351,0.4309351
0.47526762,0.47526762
0.5266344,0.5266344
0.58275694,0.58275694
0.6047487,0.6047487
0.46777043,0.46777043
0.49134472,0.49134472
0.47427142,0.47427142
0.5764014,0.5764014
0.44945186,0.44945186
0.48081967,0.48081967
0.42731407,0.42731407
0.36881405,0.36881405
0.43059736,0.43059736
0.45344582,0.45344582
0.36788926,0.36788926
0.38103196,0.38103196
0.3797864,0.3797864
0.41452873,0.41452873
0.45250332,0.45250332
0.59230316,0.59230316
0.6348475,0.6348475
0.60736537,0.60736537
0.62871975,0.62871975
0.60749197,0.60749197
0.5924812,0.5924812
0.61971354,0.61971354
0.5771152,0.5771152
0.5860421,0.5860421
0.47232506,0.47232506
0.45017093,0.45017093
0.45582986,0.45582986
0.57431763,0.57431763
0.61346656,0.61346656
0.47886622,0.47886622
0.6006702,0.6006702
0.47619224,0.47619224
0.4158421,0.4158421
0.46472058,0.46472058
0.6045733,0.6045733
0.48720273,0.48720273
0.41318852,0.41318852
0.55651397,0.55651397
0.52623034,0.52623034
0.38727745,0.38727745
0.49768722,0.49768722
0.49827674,0.49827674
0.5199834,0.5199834
0.449891,0.449891
0.5787411,0.5787411
0.612976,0.612976
0.60545695,0.60545695
0.47342816,0.47342816
0.5574772,0.5574772
0.40287048,0.40287048
0.56730205,0.56730205
0.4877254,0.4877254
0.4369792,0.4369792
0.6104061,0.6104061
0.44316906,0.44316906
0.6235825,0.6235825
0.6063849,0.6063849
0.5948754,0.5948754
0.5857466,0.5857466
0.49028227,0.49028227
0.44100785,0.44100785
0.42927152,0.42927152
0.4949202,0.4949202
0.66246533,0.66246533
0.6220825,0.6220825
0.61076933,0.61076933
0.5127654,0.5127654
0.6015842,0.6015842
0.49788323,0.49788323
0.56631446,0.56631446
0.62049043,0.62049043
0.50894016,0.50894016
0.44491512,0.44491512
0.41462868,0.41462868
0.5891782,0.5891782
0.6112742,0.6112742
0.5907539,0.5907539
0.49658334,0.49658334
0.54696465,0.54696465
0.41626957,0.41626957
0.36456916,0.36456916
0.4117078,0.4117078
0.5738707,0.5738707
0.6189022,0.6189022
0.38171852,0.38171852
0.44592154,0.44592154
0.43729383,0.43729383
0.4296462,0.4296462
0.46529478,0.46529478
0.5078472,0.5078472
0.40334788,0.40334788
0.5349641,0.5349641
0.4653967,0.4653967
0.37899208,0.37899208
0.40769216,0.40769216
0.40167502,0.40167502
0.38863775,0.38863775
0.41408262,0.41408262
0.492007,0.492007
0.45085168,0.45085168
0.54502714,0.54502714
0.5750065,0.5750065
0.5779532,0.5779532
0.57914627,0.57914627
0.60144293,0.60144293
0.6172596,0.6172596
0.59022766,0.59022766
0.619286,0.619286
0.44797313,0.44797313
0.6113038,0.6113038
0.4565711,0.4565711
0.5269343,0.5269343
0.4820389,0.4820389
0.42406654,0.42406654
0.42158118,0.42158118
0.46024334,0.46024334
0.46294373,0.46294373
0.53035265,0.53035265
0.46984732,0.46984732
0.48313573,0.48313573
0.4927493,0.4927493
0.6567139,0.6567139
0.63445365,0.63445365
0.42285013,0.42285013
0.39578417,0.39578417
0.3913533,0.3913533
0.4511544,0.4511544
0.4834467,0.4834467
0.47913826,0.47913826
0.39539883,0.39539883
0.46360254,0.46360254
0.43013918,0.43013918
0.5078374,0.5078374
0.609658,0.609658
0.55519027,0.55519027
0.42763314,0.42763314
0.4271445,0.4271445
0.5636448,0.5636448
0.44130182,0.44130182
0.3878078,0.3878078
0.39163363,0.39163363
0.38972506,0.38972506
0.5509714,0.5509714
0.6100515,0.6100515
0.6427222,0.6427222
0.64729077,0.64729077
0.6231591,0.6231591
0.6076417,0.6076417
0.61259043,0.61259043
0.61743426,0.61743426
0.6186563,0.6186563
0.56009144,0.56009144
0.6253854,0.6253854
0.62220436,0.62220436
0.61617875,0.61617875
0.6284557,0.6284557
0.584729,0.584729
0.60238886,0.60238886
0.63071007,0.63071007
0.40582567,0.40582567
0.47497717,0.47497717
0.62251353,0.62251353
0.5034212,0.5034212
0.46193242,0.46193242
0.44952452,0.44952452
0.539088,0.539088
0.5763441,0.5763441
0.509384,0.509384
0.4504577,0.4504577
0.43024322,0.43024322
0.46598202,0.46598202
0.51545715,0.51545715
0.46408683,0.46408683
0.4078962,0.4078962
0.49912572,0.49912572
0.5319255,0.5319255
0.5392838,0.5392838
0.61585057,0.61585057
0.58357084,0.58357084
0.53291804,0.53291804
0.60083693,0.60083693
0.4828628,0.4828628
0.53456926,0.53456926
0.6138015,0.6138015
0.59658974,0.59658974
0.6163034,0.6163034
0.5852008,0.5852008
0.5975474,0.5975474
0.6315632,0.6315632
0.62501436,0.62501436
0.49178582,0.49178582
0.6184676,0.6184676
0.6357724,0.6357724
0.62324166,0.62324166
0.6065868,0.6065868
0.5960952,0.5960952
0.4595223,0.4595223
0.4686045,0.4686045
0.57881933,0.57881933
0.5997498,0.5997498
0.5681104,0.5681104
0.584491,0.584491
0.5913026,0.5913026
0.608918,0.608918
0.53973734,0.53973734
0.5283084,0.5283084
0.5566662,0.5566662
0.6483978,0.6483978
0.59545213,0.59545213
0.562379,0.562379
0.40343967,0.40343967
0.3793963,0.3793963
0.41492406,0.41492406
0.4386256,0.4386256
0.42032135,0.42032135
0.64425653,0.64425653
0.5863381,0.5863381
0.63104063,0.63104063
0.6210467,0.6210467
0.64244753,0.64244753
0.5769813,0.5769813
0.59614754,0.59614754
0.61828136,0.61828136
0.62159455,0.62159455
0.6092602,0.6092602
0.6217905,0.6217905
0.58901024,0.58901024
0.6619048,0.6619048
0.6361121,0.6361121
0.6025188,0.6025188
0.60688275,0.60688275
0.6202613,0.6202613
0.612424,0.612424
0.62242943,0.62242943
0.61163497,0.61163497
0.61588895,0.61588895
0.64297026,0.64297026
0.5410758,0.5410758
0.5482678,0.5482678
0.624948,0.624948
0.5760601,0.5760601
0.4933684,0.4933684
0.42955866,0.42955866
0.61994255,0.61994255
0.5667642,0.5667642
0.4380343,0.4380343
0.57541126,0.57541126
0.54024947,0.54024947
0.6122397,0.6122397
0.6245566,0.6245566
0.65038365,0.65038365
0.5843269,0.5843269
0.59311986,0.59311986
0.601994,0.601994
0.59497344,0.59497344
0.5715135,0.5715135
0.61549443,0.61549443
0.6231661,0.6231661
0.6309863,0.6309863
0.6031855,0.6031855
0.6044073,0.6044073
0.5163639,0.5163639
0.6675568,0.6675568
0.6048398,0.6048398
0.61813384,0.61813384
0.6145117,0.6145117
0.6302048,0.6302048
0.61411047,0.61411047
0.6021164,0.6021164
0.58658934,0.58658934
0.59571433,0.59571433
0.6353238,0.6353238
0.60445404,0.60445404
0.60870814,0.60870814
0.55927545,0.55927545
0.51460373,0.51460373
0.46177477,0.46177477
0.4915669,0.4915669
0.5294342,0.5294342
0.5635953,0.5635953
0.53604454,0.53604454
0.5738172,0.5738172
0.58083606,0.58083606
0.5868828,0.5868828
0.59048,0.59048
0.6124507,0.6124507
0.63003063,0.63003063
0.6571014,0.6571014
0.5992896,0.5992896
0.56775635,0.56775635
0.60165954,0.60165954
0.5897509,0.5897509
0.62508845,0.62508845
0.5993775,0.5993775
0.5175884,0.5175884
0.49308223,0.49308223
0.5766095,0.5766095
0.42970887,0.42970887
0.3853232,0.3853232
0.4451471,0.4451471
0.40655348,0.40655348
0.4637132,0.4637132
0.48727056,0.48727056
0.36892372,0.36892372
0.34287375,0.34287375
0.42800796,0.42800796
0.36356866,0.36356866
0.59308356,0.59308356
0.5961695,0.5961695
0.6043575,0.6043575
0.5886196,0.5886196
0.6264157,0.6264157
0.6130906,0.6130906
0.4739037,0.4739037
0.42450872,0.42450872
0.39521393,0.39521393
0.46110654,0.46110654
0.47294414,0.47294414
0.43145615,0.43145615
0.39991888,0.39991888
0.4184282,0.4184282
0.56229186,0.56229186
0.6039146,0.6039146
0.60968626,0.60968626
0.60832727,0.60832727
0.6164186,0.6164186
0.57925785,0.57925785
0.62487286,0.62487286
0.6156099,0.6156099
0.6236165,0.6236165
0.6108749,0.6108749
0.61330867,0.61330867
0.6054606,0.6054606
0.6218582,0.6218582
0.57817477,0.57817477
0.64764804,0.64764804
0.6109751,0.6109751
0.6059715,0.6059715
0.629732,0.629732
0.5830214,0.5830214
0.5901202,0.5901202
0.5865611,0.5865611
0.6473054,0.6473054
0.61705345,0.61705345
0.62177324,0.62177324
0.58367264,0.58367264
0.626634,0.626634
0.5371802,0.5371802
0.6311661,0.6311661
0.5954498,0.5954498
0.6173181,0.6173181
0.59627765,0.59627765
0.604145,0.604145
0.60837257,0.60837257
0.64961743,0.64961743
0.5934651,0.5934651
0.65118974,0.65118974
0.5964988,0.5964988
0.6139698,0.6139698
0.5936544,0.5936544
0.59037834,0.59037834
0.5900703,0.5900703
0.6261758,0.6261758
0.5734099,0.5734099
0.6234769,0.6234769
0.53923243,0.53923243
0.6409651,0.6409651
0.62563974,0.62563974
0.64170885,0.64170885
0.6093524,0.6093524
0.59897995,0.59897995
0.6228897,0.6228897
0.62220436,0.62220436
0.6165137,0.6165137
0.60343033,0.60343033
0.5898688,0.5898688
0.62114537,0.62114537
0.57819736,0.57819736
0.56286836,0.56286836
0.6303303,0.6303303
0.6241093,0.6241093
0.67202264,0.67202264
0.63255215,0.63255215
0.6339234,0.6339234
0.57762915,0.57762915
0.6345533,0.6345533
0.6064988,0.6064988
0.63232076,0.63232076
0.6051723,0.6051723
0.5927461,0.5927461
0.5733556,0.5733556
0.6489009,0.6489009
0.5934156,0.5934156
0.6242748,0.6242748
0.6694287,0.6694287
0.6083357,0.6083357
0.63462603,0.63462603
0.6586801,0.6586801
0.58851534,0.58851534
0.6014135,0.6014135
0.5338906,0.5338906
0.40614814,0.40614814
0.38600132,0.38600132
0.58602077,0.58602077
0.5830737,0.5830737
0.619249,0.619249
0.56520516,0.56520516
0.49754158,0.49754158
0.6517237,0.6517237
0.58551705,0.58551705
0.54099596,0.54099596
0.48204502,0.48204502
0.41553634,0.41553634
0.42422247,0.42422247
0.53751206,0.53751206
0.5648865,0.5648865
0.5394896,0.5394896
0.5622782,0.5622782
0.4820875,0.4820875
0.62748605,0.62748605
0.4595049,0.4595049
0.43514776,0.43514776
0.522224,0.522224
0.45441434,0.45441434
0.55910486,0.55910486
0.5884241,0.5884241
0.43646434,0.43646434
0.4684679,0.4684679
0.54000205,0.54000205
0.633283,0.633283
0.50389874,0.50389874
0.4582573,0.4582573
0.6238164,0.6238164
0.43277726,0.43277726
0.4926477,0.4926477
0.51055807,0.51055807
0.6146505,0.6146505
0.63695264,0.63695264
0.4601289,0.4601289
0.43916535,0.43916535
0.41658494,0.41658494
0.47826737,0.47826737
0.47568762,0.47568762
0.44550794,0.44550794
0.4355417,0.4355417
0.3891231,0.3891231
0.58533716,0.58533716
0.5950926,0.5950926
0.47496077,0.47496077
0.45147002,0.45147002
0.41244444,0.41244444
0.4899543,0.4899543
0.5038094,0.5038094
0.5758188,0.5758188
0.5529855,0.5529855
0.5299692,0.5299692
0.56498355,0.56498355
0.60748786,0.60748786
0.62683874,0.62683874
0.58612436,0.58612436
0.5253918,0.5253918
0.5405128,0.5405128
0.4327893,0.4327893
0.5727753,0.5727753
0.4671775,0.4671775
0.47868147,0.47868147
0.5129848,0.5129848
0.37873766,0.37873766
0.454998,0.454998
0.4418538,0.4418538
0.49846128,0.49846128
0.48217425,0.48217425
0.49809083,0.49809083
0.58265144,0.58265144
0.5814645,0.5814645
0.58565825,0.58565825
0.62992746,0.62992746
0.5798719,0.5798719
0.6094754,0.6094754
0.6009159,0.6009159
0.58657175,0.58657175
0.42908788,0.42908788
0.5887885,0.5887885
0.6514694,0.6514694
0.5836807,0.5836807
0.5416674,0.5416674
0.43000692,0.43000692
0.4121868,0.4121868
0.49007142,0.49007142
0.50252384,0.50252384
0.39407316,0.39407316
0.59255135,0.59255135
0.45374218,0.45374218
0.42850828,0.42850828
0.496522,0.496522
0.51343715,0.51343715
0.5553132,0.5553132
0.5058469,0.5058469
0.45697966,0.45697966
0.4573845,0.4573845
0.45671445,0.45671445
0.63117564,0.63117564
0.6205824,0.6205824
0.61542916,0.61542916
0.5481058,0.5481058
0.43585283,0.43585283
0.47932902,0.47932902
0.40225622,0.40225622
0.41369203,0.41369203
0.5652473,0.5652473
0.5993256,0.5993256
0.61523944,0.61523944
0.579659,0.579659
0.55643725,0.55643725
0.43716878,0.43716878
0.56504095,0.56504095
0.56396383,0.56396383
0.43307498,0.43307498
0.42926943,0.42926943
0.59410566,0.59410566
0.61663455,0.61663455
0.62927943,0.62927943
0.4471364,0.4471364
0.34520748,0.34520748
0.45206428,0.45206428
0.59288585,0.59288585
0.56513846,0.56513846
0.5927151,0.5927151
0.6808828,0.6808828
0.44040713,0.44040713
0.36420426,0.36420426
0.47397515,0.47397515
0.54003483,0.54003483
0.6248628,0.6248628
0.51852,0.51852
0.6197933,0.6197933
0.509763,0.509763
0.6409588,0.6409588
0.63623554,0.63623554
0.5783808,0.5783808
0.452078,0.452078
0.46260625,0.46260625
0.59034264,0.59034264
0.5247229,0.5247229
0.5996889,0.5996889
0.48881698,0.48881698
0.47081694,0.47081694
0.4449887,0.4449887
0.4821045,0.4821045
0.53142524,0.53142524
0.4464718,0.4464718
0.5265225,0.5265225
0.47672793,0.47672793
0.41680413,0.41680413
0.4704439,0.4704439
0.48872754,0.48872754
0.62978125,0.62978125
0.5651842,0.5651842
0.63808423,0.63808423
0.621082,0.621082
0.46711075,0.46711075
0.5877305,0.5877305
0.47506997,0.47506997
0.50464535,0.50464535
0.60398,0.60398
0.6161352,0.6161352
0.5984664,0.5984664
0.60710573,0.60710573
0.4246276,0.4246276
0.5791007,0.5791007
0.43383285,0.43383285
0.47884777,0.47884777
0.4269606,0.4269606
0.39569366,0.39569366
0.47885925,0.47885925
0.5772586,0.5772586
0.5024337,0.5024337
0.51712817,0.51712817
0.39585078,0.39585078
0.3881961,0.3881961
0.39421567,0.39421567
0.38144818,0.38144818
0.43556374,0.43556374
0.4776487,0.4776487
0.47454593,0.47454593
0.4273616,0.4273616
0.47532514,0.47532514
0.46499157,0.46499157
0.6934004,0.6934004
0.592799,0.592799
0.6344309,0.6344309
0.6210772,0.6210772
0.6484201,0.6484201
0.58608866,0.58608866
0.6579102,0.6579102
0.6069397,0.6069397
0.509374,0.509374
0.4456604,0.4456604
0.4297064,0.4297064
0.4578941,0.4578941
0.46109065,0.46109065
0.458595,0.458595
0.35383382,0.35383382
0.396062,0.396062
0.5111783,0.5111783
0.5550126,0.5550126
0.600118,0.600118
0.5579489,0.5579489
0.6127156,0.6127156
0.5821492,0.5821492
0.6115442,0.6115442
0.6004646,0.6004646
0.60763764,0.60763764
0.63928574,0.63928574
0.5575984,0.5575984
0.5710568,0.5710568
0.5048132,0.5048132
0.6441293,0.6441293
0.46282497,0.46282497
0.58480906,0.58480906
0.5652439,0.5652439
0.5609271,0.5609271
0.5875025,0.5875025
0.57049096,0.57049096
0.6043897,0.6043897
0.5034459,0.5034459
0.5041059,0.5041059
0.5691585,0.5691585
0.58000326,0.58000326
0.6125456,0.6125456
0.48336107,0.48336107
0.46539357,0.46539357
0.41438428,0.41438428
0.58452827,0.58452827
0.5997218,0.5997218
0.6384737,0.6384737
0.40366217,0.40366217
0.40391073,0.40391073
0.543366,0.543366
0.5675287,0.5675287
0.5848771,0.5848771
0.5626385,0.5626385
0.5976278,0.5976278
0.6148806,0.6148806
0.5730699,0.5730699
0.5302748,0.5302748
0.5308709,0.5308709
0.4370442,0.4370442
0.505432,0.505432
0.46135002,0.46135002
0.46027133,0.46027133
0.44180706,0.44180706
0.48079407,0.48079407
0.5392013,0.5392013
0.6138208,0.6138208
0.64841574,0.64841574
0.44477332,0.44477332
0.42080924,0.42080924
0.41080478,0.41080478
0.34880894,0.34880894
0.4245758,0.4245758
0.50860524,0.50860524
0.51638424,0.51638424
0.5831162,0.5831162
0.57598424,0.57598424
0.6187036,0.6187036
0.59355503,0.59355503
0.5593875,0.5593875
0.49704948,0.49704948
0.5149413,0.5149413
0.39167377,0.39167377
0.42984003,0.42984003
0.54481333,0.54481333
0.5815088,0.5815088
0.6405448,0.6405448
0.54279935,0.54279935
0.51523805,0.51523805
0.52353024,0.52353024
0.58913505,0.58913505
0.61811256,0.61811256
0.49124277,0.49124277
0.5103378,0.5103378
0.4696925,0.4696925
0.46326137,0.46326137
0.47705236,0.47705236
0.4883279,0.4883279
0.4943855,0.4943855
0.60412616,0.60412616
0.5862967,0.5862967
0.48894697,0.48894697
0.5183007,0.5183007
0.66456234,0.66456234
0.5130894,0.5130894
0.43018168,0.43018168
0.53916353,0.53916353
0.583327,0.583327
0.57844687,0.57844687
0.6185664,0.6185664
0.5788213,0.5788213
0.5897441,0.5897441
0.52979773,0.52979773
0.6052287,0.6052287
0.5794695,0.5794695
0.6144789,0.6144789
0.5976149,0.5976149
0.6409102,0.6409102
0.5403878,0.5403878
0.61614233,0.61614233
0.60250545,0.60250545
0.57624024,0.57624024
0.5295971,0.5295971
0.57632107,0.57632107
0.59592956,0.59592956
0.60297817,0.60297817
0.605739,0.605739
0.60294074,0.60294074
0.5998773,0.5998773
0.49490494,0.49490494
0.3802651,0.3802651
0.40167785,0.40167785
0.40646538,0.40646538
0.4347964,0.4347964
0.5660362,0.5660362
0.6278352,0.6278352
0.5597835,0.5597835
0.53632975,0.53632975
0.48154378,0.48154378
0.46555403,0.46555403
0.57168937,0.57168937
0.605769,0.605769
0.6269509,0.6269509
0.59406555,0.59406555
0.5937934,0.5937934
0.5282463,0.5282463
0.618909,0.618909
0.52037334,0.52037334
0.6073349,0.6073349
0.63217944,0.63217944
0.5773015,0.5773015
0.5870926,0.5870926
0.50144386,0.50144386
0.5148219,0.5148219
0.58603597,0.58603597
0.62689555,0.62689555
0.5414607,0.5414607
0.55141526,0.55141526
0.49544066,0.49544066
0.5450424,0.5450424
0.4960986,0.4960986
0.5553444,0.5553444
0.63261896,0.63261896
0.6021371,0.6021371
0.5460731,0.5460731
0.5612956,0.5612956
0.56074774,0.56074774
0.608666,0.608666
0.6007045,0.6007045
0.5302987,0.5302987
0.5708925,0.5708925
0.6648555,0.6648555
0.58898485,0.58898485
0.5770319,0.5770319
0.49098584,0.49098584
0.57092386,0.57092386
0.5942934,0.5942934
0.57888126,0.57888126
0.64166933,0.64166933
0.58279324,0.58279324
0.59397787,0.59397787
0.6449188,0.6449188
0.48887545,0.48887545
0.4820875,0.4820875
0.5970193,0.5970193
0.6317461,0.6317461
0.59479517,0.59479517
0.5862575,0.5862575
0.50668585,0.50668585
0.6212879,0.6212879
0.5253535,0.5253535
0.5721863,0.5721863
0.6422194,0.6422194
0.62067336,0.62067336
0.6617257,0.6617257
0.6077741,0.6077741
0.56354547,0.56354547
0.59977853,0.59977853
0.61458397,0.61458397
0.5956658,0.5956658
0.48359618,0.48359618
0.4868674,0.4868674
0.42241073,0.42241073
0.39942625,0.39942625
0.39706954,0.39706954
0.36804032,0.36804032
0.4484737,0.4484737
0.54646033,0.54646033
0.4495737,0.4495737
0.6367324,0.6367324
0.67177445,0.67177445
0.5920841,0.5920841
0.50820917,0.50820917
0.5111125,0.5111125
0.63372016,0.63372016
0.58905005,0.58905005
0.5468875,0.5468875
0.51392835,0.51392835
0.5042583,0.5042583
0.5268833,0.5268833
0.42245486,0.42245486
0.42521682,0.42521682
0.40252295,0.40252295
0.44946542,0.44946542
0.44964033,0.44964033
0.5987785,0.5987785
0.6117264,0.6117264
0.6205349,0.6205349
0.4581776,0.4581776
0.5823426,0.5823426
0.5671025,0.5671025
0.5232451,0.5232451
0.4066002,0.4066002
0.5071341,0.5071341
0.588632,0.588632
0.59918797,0.59918797
0.54528636,0.54528636
0.42532012,0.42532012
0.43743813,0.43743813
0.5946965,0.5946965
0.59757715,0.59757715
0.6692967,0.6692967
0.43154705,0.43154705
0.44977674,0.44977674
0.45528278,0.45528278
0.5510339,0.5510339
0.51945734,0.51945734
0.43057427,0.43057427
0.630957,0.630957
0.59680986,0.59680986
0.5517209,0.5517209
0.558082,0.558082
0.5145811,0.5145811
0.58240753,0.58240753
0.54513204,0.54513204
0.5341042,0.5341042
0.59551895,0.59551895
0.53975564,0.53975564
0.57951105,0.57951105
0.48870516,0.48870516
0.46545136,0.46545136
0.6017565,0.6017565
0.43360138,0.43360138
0.4507836,0.4507836
0.45581916,0.45581916
0.51634496,0.51634496
0.53341305,0.53341305
0.5191771,0.5191771
0.5705031,0.5705031
0.537791,0.537791
0.5956715,0.5956715
0.46733457,0.46733457
0.642284,0.642284
0.6147192,0.6147192
0.60450715,0.60450715
0.5973314,0.5973314
0.5995066,0.5995066
0.5828488,0.5828488
0.64552474,0.64552474
0.5268867,0.5268867
0.54326946,0.54326946
0.5432584,0.5432584
0.49782774,0.49782774
0.42722437,0.42722437
0.6329172,0.6329172
0.6128537,0.6128537
0.61195683,0.61195683
0.41031027,0.41031027
0.44134775,0.44134775
0.3444315,0.3444315
0.38604057,0.38604057
0.48673508,0.48673508
0.49216887,0.49216887
0.57300866,0.57300866
0.5868006,0.5868006
0.58312625,0.58312625
0.5640681,0.5640681
0.5869099,0.5869099
0.59669703,0.59669703
0.64940375,0.64940375
0.5840007,0.5840007
0.61200327,0.61200327
0.51520675,0.51520675
0.6143276,0.6143276
0.6239048,0.6239048
0.64092296,0.64092296
0.6114961,0.6114961
0.6294531,0.6294531
0.63454354,0.63454354
0.5868073,0.5868073
0.5167911,0.5167911
0.5912746,0.5912746
0.59145355,0.59145355
0.3797489,0.3797489
0.46651942,0.46651942
0.44261318,0.44261318
0.55161834,0.55161834
0.5236962,0.5236962
0.6037396,0.6037396
0.6150741,0.6150741
0.6176691,0.6176691
0.61870253,0.61870253
0.6043158,0.6043158
0.5920452,0.5920452
0.5938111,0.5938111
0.64603925,0.64603925
0.57580316,0.57580316
0.6308437,0.6308437
0.62112033,0.62112033
0.5567275,0.5567275
0.5862653,0.5862653
0.5459496,0.5459496
0.6129197,0.6129197
0.5821992,0.5821992
0.53938264,0.53938264
0.49741358,0.49741358
0.58232,0.58232
0.59478414,0.59478414
0.62599504,0.62599504
0.54555994,0.54555994
0.61622745,0.61622745
0.5919119,0.5919119
0.57894003,0.57894003
0.6038434,0.6038434
0.52677524,0.52677524
0.4927993,0.4927993
0.44235468,0.44235468
0.55694103,0.55694103
0.60872334,0.60872334
0.62718236,0.62718236
0.55645716,0.55645716
0.41350538,0.41350538
0.55162793,0.55162793
0.63066477,0.63066477
0.5943572,0.5943572
0.5706564,0.5706564
0.6240912,0.6240912
0.59349394,0.59349394
0.61035085,0.61035085
0.5463934,0.5463934
0.50388795,0.50388795
0.4885953,0.4885953
0.5374958,0.5374958
0.59205323,0.59205323
0.5240866,0.5240866
0.57504624,0.57504624
0.44874024,0.44874024
0.4421525,0.4421525
0.5923513,0.5923513
0.6125469,0.6125469
0.65316075,0.65316075
0.58864045,0.58864045
0.6081571,0.6081571
0.6144726,0.6144726
0.61716217,0.61716217
0.587898,0.587898
0.63571066,0.63571066
0.6165802,0.6165802
0.5971144,0.5971144
0.60707325,0.60707325
0.59038043,0.59038043
0.6153169,0.6153169
0.47192335,0.47192335
0.4348889,0.4348889
0.47531053,0.47531053
0.39684385,0.39684385
0.40783033,0.40783033
0.47854722,0.47854722
0.5328495,0.5328495
0.5693979,0.5693979
0.5873686,0.5873686
0.47767523,0.47767523
0.77209437,0.77209437
0.51184934,0.51184934
0.54957926,0.54957926
0.53259444,0.53259444
0.44310153,0.44310153
0.5122002,0.5122002
0.4808642,0.4808642
0.49528217,0.49528217
0.4917032,0.4917032
0.4653494,0.4653494
0.54633385,0.54633385
0.52457356,0.52457356
0.6188792,0.6188792
0.41088614,0.41088614
0.61927885,0.61927885
0.6610751,0.6610751
0.5595964,0.5595964
0.5133214,0.5133214
0.43730474,0.43730474
0.54593647,0.54593647
0.55456793,0.55456793
0.5943774,0.5943774
0.59333706,0.59333706
0.56938636,0.56938636
0.57070243,0.57070243
0.6236352,0.6236352
0.6376459,0.6376459
0.56191224,0.56191224
0.5454013,0.5454013
0.5087346,0.5087346
0.5556359,0.5556359
0.6206497,0.6206497
0.59315675,0.59315675
0.5845906,0.5845906
0.54072064,0.54072064
0.54910463,0.54910463
0.64707226,0.64707226
0.6044341,0.6044341
0.6057542,0.6057542
0.6056975,0.6056975
0.5987487,0.5987487
0.622959,0.622959
0.63636005,0.63636005
0.5089036,0.5089036
0.43099517,0.43099517
0.39806458,0.39806458
0.52314705,0.52314705
0.537721,0.537721
0.59983855,0.59983855
0.5403086,0.5403086
0.50186664,0.50186664
0.48451483,0.48451483
0.58741397,0.58741397
0.52704585,0.52704585
0.6170968,0.6170968
0.5717789,0.5717789
0.6014524,0.6014524
0.5364654,0.5364654
0.49172798,0.49172798
0.6445623,0.6445623
0.6407051,0.6407051
0.5971616,0.5971616
0.50773966,0.50773966
0.5083445,0.5083445
0.5253806,0.5253806
0.44857258,0.44857258
0.6036854,0.6036854
0.57421285,0.57421285
0.5805973,0.5805973
0.5317062,0.5317062
0.5906172,0.5906172
0.5365662,0.5365662
0.540993,0.540993
0.5780854,0.5780854
0.6111241,0.6111241
0.6217919,0.6217919
0.41563556,0.41563556
0.60251033,0.60251033
0.5577777,0.5577777
0.47706696,0.47706696
0.645514,0.645514
0.5814443,0.5814443
0.60374165,0.60374165
0.5143602,0.5143602
0.56014895,0.56014895
0.52163076,0.52163076
0.6294113,0.6294113
0.59858745,0.59858745
0.6182879,0.6182879
0.5225173,0.5225173
0.527586,0.527586
0.63507897,0.63507897
0.59569675,0.59569675
0.50421345,0.50421345
0.49057022,0.49057022
0.629921,0.629921
0.5245678,0.5245678
0.5671233,0.5671233
0.62046015,0.62046015
0.5875324,0.5875324
0.61624473,0.61624473
0.6339318,0.6339318
0.59318703,0.59318703
0.5949977,0.5949977
0.586824,0.586824
0.59627926,0.59627926
0.5531806,0.5531806
0.5728342,0.5728342
0.60027325,0.60027325
0.61866415,0.61866415
0.5559011,0.5559011
0.6596444,0.6596444
0.5814098,0.5814098
0.6505414,0.6505414
0.6165435,0.6165435
0.52482146,0.52482146
0.53333586,0.53333586
0.5404476,0.5404476
0.49453834,0.49453834
0.59478885,0.59478885
0.5777839,0.5777839
0.5450696,0.5450696
0.46871424,0.46871424
0.5284071,0.5284071
0.5171332,0.5171332
0.48648807,0.48648807
0.5910119,0.5910119
0.57322764,0.57322764
0.606401,0.606401
0.5962148,0.5962148
0.5337096,0.5337096
0.6325637,0.6325637
0.6226447,0.6226447
0.6291398,0.6291398
0.566969,0.566969
0.6137558,0.6137558
0.6432902,0.6432902
0.65422523,0.65422523
0.65105957,0.65105957
0.6373723,0.6373723
0.58712816,0.58712816
0.6022322,0.6022322
0.65303695,0.65303695
0.6373396,0.6373396
0.6236791,0.6236791
0.60476875,0.60476875
0.6156725,0.6156725
0.6280535,0.6280535
0.59344995,0.59344995
0.6156,0.6156
0.58873004,0.58873004
0.6347761,0.6347761
0.6019125,0.6019125
0.5959817,0.5959817
0.6167493,0.6167493
0.5852454,0.5852454
0.59140617,0.59140617
0.67116445,0.67116445
0.60260314,0.60260314
0.6015887,0.6015887
0.648844,0.648844
0.61151695,0.61151695
0.6407635,0.6407635
0.64341265,0.64341265
0.6272953,0.6272953
0.6255467,0.6255467
0.6680084,0.6680084
0.60969996,0.60969996
0.6112224,0.6112224
0.6082981,0.6082981
0.62439823,0.62439823
0.59939057,0.59939057
0.58671474,0.58671474
0.62949914,0.62949914
0.61242473,0.61242473
0.6266979,0.6266979
0.6478408,0.6478408
0.6222148,0.6222148
0.6316067,0.6316067
0.6479042,0.6479042
0.6103911,0.6103911
0.6225333,0.6225333
0.6184455,0.6184455
0.51957536,0.51957536
0.5742379,0.5742379
0.55504954,0.55504954
0.61097366,0.61097366
0.590655,0.590655
0.5674797,0.5674797
0.6474601,0.6474601
0.600537,0.600537
0.57966924,0.57966924
0.6055007,0.6055007
0.6035254,0.6035254
0.57658774,0.57658774
0.57058007,0.57058007
0.6313424,0.6313424
0.6139332,0.6139332
0.62981,0.62981
0.58305424,0.58305424
0.64400756,0.64400756
0.60412055,0.60412055
0.5375823,0.5375823
0.5954634,0.5954634
0.5026262,0.5026262
0.56198907,0.56198907
0.6161759,0.6161759
0.60179967,0.60179967
0.6022798,0.6022798
0.55098534,0.55098534
0.6090449,0.6090449
0.5610476,0.5610476
0.6021134,0.6021134
0.52945846,0.52945846
0.5087994,0.5087994
0.34123337,0.34123337
0.34418917,0.34418917
0.3753875,0.3753875
0.37331766,0.37331766
0.34056994,0.34056994
0.3451369,0.3451369
0.40047815,0.40047815
0.35795188,0.35795188
0.45654687,0.45654687
0.5838939,0.5838939
0.54907185,0.54907185
0.5657343,0.5657343
0.6216644,0.6216644
0.5376238,0.5376238
0.47138417,0.47138417
0.5895666,0.5895666
0.6345518,0.6345518
0.47189003,0.47189003
0.5912787,0.5912787
0.6347539,0.6347539
0.635827,0.635827
0.49332625,0.49332625
0.45303172,0.45303172
0.5987812,0.5987812
0.6837071,0.6837071
0.55496967,0.55496967
0.61106294,0.61106294
0.45679727,0.45679727
0.5379431,0.5379431
0.5928293,0.5928293
0.54654187,0.54654187
0.5683179,0.5683179
0.6076063,0.6076063
0.5968162,0.5968162
0.6101986,0.6101986
0.60079193,0.60079193
0.5955513,0.5955513
0.57100034,0.57100034
0.52027935,0.52027935
0.61560386,0.61560386
0.60764474,0.60764474
0.609161,0.609161
0.61874473,0.61874473
0.562435,0.562435
0.5946484,0.5946484
0.58711976,0.58711976
0.62837803,0.62837803
0.6162958,0.6162958
0.61657643,0.61657643
0.6741598,0.6741598
0.58857274,0.58857274
0.6175884,0.6175884
0.603272,0.603272
0.5680931,0.5680931
0.59129524,0.59129524
0.599879,0.599879
0.56292313,0.56292313
0.5978137,0.5978137
0.59405214,0.59405214
0.5923349,0.5923349
0.61819404,0.61819404
0.6137026,0.6137026
0.6135517,0.6135517
0.62280303,0.62280303
0.6177012,0.6177012
0.614036,0.614036
0.64754725,0.64754725
0.5881896,0.5881896
0.6133476,0.6133476
0.6108931,0.6108931
0.63214564,0.63214564
0.6442829,0.6442829
0.6164569,0.6164569
0.6088976,0.6088976
0.66791004,0.66791004
0.5811114,0.5811114
0.6327352,0.6327352
0.6397372,0.6397372
0.575275,0.575275
0.5598735,0.5598735
0.5500861,0.5500861
0.58853066,0.58853066
0.5022101,0.5022101
0.5838489,0.5838489
0.5988819,0.5988819
0.5922314,0.5922314
0.4868254,0.4868254
0.41775143,0.41775143
0.36614582,0.36614582
0.47508585,0.47508585
0.5145159,0.5145159
0.4029475,0.4029475
0.3522211,0.3522211
0.4362701,0.4362701
0.37476957,0.37476957
0.46112496,0.46112496
0.41541597,0.41541597
0.45907286,0.45907286
0.3881506,0.3881506
0.35855386,0.35855386
0.36577672,0.36577672
0.3270367,0.3270367
0.34044006,0.34044006
0.42864433,0.42864433
0.42403984,0.42403984
0.36602348,0.36602348
0.36860445,0.36860445
0.393942,0.393942
0.42172006,0.42172006
0.45031932,0.45031932
0.527277,0.527277
0.49671793,0.49671793
0.49742904,0.49742904
0.5563925,0.5563925
0.5205508,0.5205508
0.52511126,0.52511126
0.5278564,0.5278564
0.528096,0.528096
0.5735577,0.5735577
0.6224161,0.6224161
0.6003986,0.6003986
0.56391376,0.56391376
0.6254736,0.6254736
0.5803405,0.5803405
0.61260355,0.61260355
0.62783754,0.62783754
0.636768,0.636768
0.6264139,0.6264139
0.5867448,0.5867448
0.6252781,0.6252781
0.40095824,0.40095824
0.46839803,0.46839803
0.43729475,0.43729475
0.41802546,0.41802546
0.43200278,0.43200278
0.35464346,0.35464346
0.3470836,0.3470836
0.38450265,0.38450265
0.3986753,0.3986753
0.35350358,0.35350358
0.39538786,0.39538786
0.3622708,0.3622708
0.3782967,0.3782967
0.31868058,0.31868058
0.29628843,0.29628843
0.25702393,0.25702393
0.40699342,0.40699342
0.3255743,0.3255743
0.39697143,0.39697143
0.60220724,0.60220724
0.53915817,0.53915817
0.4973291,0.4973291
0.5309159,0.5309159
0.59781516,0.59781516
0.6126354,0.6126354
0.65226066,0.65226066
0.6442201,0.6442201
0.56497175,0.56497175
0.5542672,0.5542672
0.4449435,0.4449435
0.48570126,0.48570126
0.50091386,0.50091386
0.48858756,0.48858756
0.3974292,0.3974292
0.34392864,0.34392864
0.40032348,0.40032348
0.42341813,0.42341813
0.4827085,0.4827085
0.5508446,0.5508446
0.6398885,0.6398885
0.60306484,0.60306484
0.6131776,0.6131776
0.5917434,0.5917434
0.5618157,0.5618157
0.6190088,0.6190088
0.63834256,0.63834256
0.5684704,0.5684704
0.5891743,0.5891743
0.6065515,0.6065515
0.6145019,0.6145019
0.6028771,0.6028771
0.5701409,0.5701409
0.6478903,0.6478903
0.5993998,0.5993998
0.39577734,0.39577734
0.47776505,0.47776505
0.41448322,0.41448322
0.40506193,0.40506193
0.4543339,0.4543339
0.45220506,0.45220506
0.47545832,0.47545832
0.5492316,0.5492316
0.54850495,0.54850495
0.55800974,0.55800974
0.31842715,0.31842715
0.40776306,0.40776306
0.41774353,0.41774353
0.41058183,0.41058183
0.3960222,0.3960222
0.44766232,0.44766232
0.39718488,0.39718488
0.39722136,0.39722136
0.5345421,0.5345421
0.5930348,0.5930348
0.51136786,0.51136786
0.30927405,0.30927405
0.33080888,0.33080888
0.40850994,0.40850994
0.4868728,0.4868728
0.39149356,0.39149356
0.5753008,0.5753008
0.45594716,0.45594716
0.5639829,0.5639829
0.5353356,0.5353356
0.3831247,0.3831247
0.32578665,0.32578665
0.3531407,0.3531407
0.39551193,0.39551193
0.5645905,0.5645905
0.5186158,0.5186158
0.35941258,0.35941258
0.39822528,0.39822528
0.38185456,0.38185456
0.41150367,0.41150367
0.4452256,0.4452256
0.42064786,0.42064786
0.38468295,0.38468295
0.3896279,0.3896279
0.36906457,0.36906457
0.37635332,0.37635332
0.5032882,0.5032882
0.50016326,0.50016326
0.3423353,0.3423353
0.44051376,0.44051376
0.4299471,0.4299471
0.39406046,0.39406046
0.3542989,0.3542989
0.360028,0.360028
0.39922175,0.39922175
0.39857414,0.39857414
0.5561707,0.5561707
0.5149336,0.5149336
0.60959077,0.60959077
0.5241951,0.5241951
0.29720512,0.29720512
0.3473481,0.3473481
0.5318816,0.5318816
0.50807667,0.50807667
0.39415792,0.39415792
0.40872616,0.40872616
0.4423963,0.4423963
0.4127241,0.4127241
0.39895293,0.39895293
0.4026572,0.4026572
0.40996337,0.40996337
0.4602574,0.4602574
0.43787557,0.43787557
0.50892264,0.50892264
0.4992451,0.4992451
0.6202515,0.6202515
0.48479703,0.48479703
0.4460074,0.4460074
0.4339832,0.4339832
0.55620086,0.55620086
0.61162066,0.61162066
0.5569924,0.5569924
0.54036295,0.54036295
0.55440587,0.55440587
0.58090174,0.58090174
0.51418436,0.51418436
0.413726,0.413726
0.661801,0.661801
0.5964354,0.5964354
0.56656337,0.56656337
0.4264021,0.4264021
0.54605716,0.54605716
0.5447458,0.5447458
0.50572455,0.50572455
0.53559524,0.53559524
0.43840092,0.43840092
0.38466543,0.38466543
0.3146943,0.3146943
0.31856757,0.31856757
0.30495718,0.30495718
0.37386408,0.37386408
0.46595934,0.46595934
0.35956454,0.35956454
0.44083604,0.44083604
0.6099554,0.6099554
0.53878397,0.53878397
0.5687269,0.5687269
0.4596021,0.4596021
0.39891753,0.39891753
0.47298628,0.47298628
0.39543587,0.39543587
0.47260484,0.47260484
0.57462233,0.57462233
0.56346154,0.56346154
0.51561344,0.51561344
0.61280125,0.61280125
0.54624003,0.54624003
0.4706587,0.4706587
0.4188735,0.4188735
0.59318185,0.59318185
0.63758016,0.63758016
0.5011971,0.5011971
0.3473868,0.3473868
0.29568177,0.29568177
0.31789863,0.31789863
0.44125748,0.44125748
0.4119204,0.4119204
0.4155347,0.4155347
0.5053606,0.5053606
0.48753887,0.48753887
0.44125465,0.44125465
0.5256022,0.5256022
0.56811684,0.56811684
0.49040198,0.49040198
0.41253412,0.41253412
0.37104556,0.37104556
0.40396532,0.40396532
0.5085915,0.5085915
0.3715976,0.3715976
0.48477337,0.48477337
0.5561823,0.5561823
0.4102519,0.4102519
0.4101874,0.4101874
0.43535355,0.43535355
0.41679996,0.41679996
0.6230149,0.6230149
0.5064002,0.5064002
0.45569488,0.45569488
0.40404165,0.40404165
0.5709738,0.5709738
0.5152954,0.5152954
0.4098884,0.4098884
0.3882184,0.3882184
0.652393,0.652393
0.44589105,0.44589105
0.5097361,0.5097361
0.42210376,0.42210376
0.470971,0.470971
0.36954272,0.36954272
0.38922262,0.38922262
0.5501935,0.5501935
0.5016123,0.5016123
0.4899595,0.4899595
0.37585106,0.37585106
0.4356368,0.4356368
0.4105526,0.4105526
0.38881367,0.38881367
0.55565745,0.55565745
0.3275374,0.3275374
0.34889323,0.34889323
0.3490401,0.3490401
0.37191123,0.37191123
0.41407156,0.41407156
0.51611793,0.51611793
0.63536376,0.63536376
0.51273453,0.51273453
0.40856674,0.40856674
0.4417009,0.4417009
0.5481388,0.5481388
0.54702884,0.54702884
0.46968463,0.46968463
0.5256888,0.5256888
0.6061766,0.6061766
0.5948161,0.5948161
0.5789333,0.5789333
0.6130853,0.6130853
0.49915108,0.49915108
0.6197937,0.6197937
0.6123859,0.6123859
0.5841526,0.5841526
0.42983338,0.42983338
0.43752944,0.43752944
0.39828894,0.39828894
0.35389805,0.35389805
0.33141235,0.33141235
0.3399685,0.3399685
0.3341273,0.3341273
0.56967354,0.56967354
0.5311767,0.5311767
0.5090736,0.5090736
0.46590862,0.46590862
0.48359886,0.48359886
0.4800119,0.4800119
0.401874,0.401874
0.35682335,0.35682335
0.33243486,0.33243486
0.31594434,0.31594434
0.5159666,0.5159666
0.50461835,0.50461835
0.52333754,0.52333754
0.47026846,0.47026846
0.4431405,0.4431405
0.36221674,0.36221674
0.44055194,0.44055194
0.39140797,0.39140797
0.436397,0.436397
0.39063948,0.39063948
0.46762615,0.46762615
0.4049639,0.4049639
0.4131771,0.4131771
0.39720926,0.39720926
0.39859408,0.39859408
0.37274617,0.37274617
0.38124195,0.38124195
0.4165335,0.4165335
0.44815475,0.44815475
0.51619965,0.51619965
0.43632168,0.43632168
0.40029228,0.40029228
0.38045812,0.38045812
0.32434726,0.32434726
0.43323818,0.43323818
0.6407484,0.6407484
0.47034663,0.47034663
0.5164921,0.5164921
0.5325797,0.5325797
0.41288248,0.41288248
0.47205296,0.47205296
0.6354177,0.6354177
0.5390378,0.5390378
0.4527194,0.4527194
0.43325,0.43325
0.3576159,0.3576159
0.37346497,0.37346497
0.37883854,0.37883854
0.4603084,0.4603084
0.63413537,0.63413537
0.49576393,0.49576393
0.396393,0.396393
0.6015623,0.6015623
0.516105,0.516105
0.5559259,0.5559259
0.50409895,0.50409895
0.43424135,0.43424135
0.43795183,0.43795183
0.58325654,0.58325654
0.5596635,0.5596635
0.5174303,0.5174303
0.3077245,0.3077245
0.35644698,0.35644698
0.38474047,0.38474047
0.4218562,0.4218562
0.36195758,0.36195758
0.5006037,0.5006037
0.61467904,0.61467904
0.5451371,0.5451371
0.55044633,0.55044633
0.41283873,0.41283873
0.39187458,0.39187458
0.41034198,0.41034198
0.43127918,0.43127918
0.48874706,0.48874706
0.48234308,0.48234308
0.52403075,0.52403075
0.5054368,0.5054368
0.69013315,0.69013315
0.41976416,0.41976416
0.48802224,0.48802224
0.3224804,0.3224804
0.35394415,0.35394415
0.36692047,0.36692047
0.3742018,0.3742018
0.43022144,0.43022144
0.40671355,0.40671355
0.41028804,0.41028804
0.43007573,0.43007573
0.3997897,0.3997897
0.40679547,0.40679547
0.5280003,0.5280003
0.57648873,0.57648873
0.42751226,0.42751226
0.36470747,0.36470747
0.38070664,0.38070664
0.38045356,0.38045356
0.34741396,0.34741396
0.34873322,0.34873322
0.47186217,0.47186217
0.5502826,0.5502826
0.61527586,0.61527586
0.6222915,0.6222915
0.6401643,0.6401643
0.6293895,0.6293895
0.63492393,0.63492393
0.57594365,0.57594365
0.6002108,0.6002108
0.58804566,0.58804566
0.600103,0.600103
0.5952793,0.5952793
0.5102362,0.5102362
0.38797012,0.38797012
0.4037478,0.4037478
0.32090858,0.32090858
0.45692384,0.45692384
0.59412676,0.59412676
0.46536127,0.46536127
0.55815053,0.55815053
0.55880696,0.55880696
0.49543008,0.49543008
0.42053798,0.42053798
0.42864892,0.42864892
0.46385726,0.46385726
0.44887844,0.44887844
0.45544437,0.45544437
0.5144601,0.5144601
0.43692338,0.43692338
0.4475043,0.4475043
0.45437855,0.45437855
0.4836526,0.4836526
0.4842851,0.4842851
0.45618397,0.45618397
0.38976598,0.38976598
0.41379547,0.41379547
0.36119705,0.36119705
0.40238473,0.40238473
0.5411374,0.5411374
0.4360301,0.4360301
0.52749854,0.52749854
0.4496276,0.4496276
0.45182693,0.45182693
0.413469,0.413469
0.4327913,0.4327913
0.41366643,0.41366643
0.36460838,0.36460838
0.4592817,0.4592817
0.5560701,0.5560701
0.45641845,0.45641845
0.36229518,0.36229518
0.5533801,0.5533801
0.58352184,0.58352184
0.44368032,0.44368032
0.47854894,0.47854894
0.46854162,0.46854162
0.41128308,0.41128308
0.49807894,0.49807894
0.4346504,0.4346504
0.40685195,0.40685195
0.40728027,0.40728027
0.45932776,0.45932776
0.4728091,0.4728091
0.35901296,0.35901296
0.33406392,0.33406392
0.37265536,0.37265536
0.41431206,0.41431206
0.42616874,0.42616874
0.44266674,0.44266674
0.4830605,0.4830605
0.48460057,0.48460057
0.37639523,0.37639523
0.3607467,0.3607467
0.365582,0.365582
0.442567,0.442567
0.39381135,0.39381135
0.39340055,0.39340055
0.6502805,0.6502805
0.587801,0.587801
0.5331259,0.5331259
0.4390418,0.4390418
0.43196106,0.43196106
0.42217758,0.42217758
0.46353698,0.46353698
0.44933912,0.44933912
0.46891144,0.46891144
0.43973064,0.43973064
0.40329912,0.40329912
0.5575686,0.5575686
0.5566619,0.5566619
0.44295394,0.44295394
0.5087859,0.5087859
0.5083752,0.5083752
0.48171338,0.48171338
0.41923356,0.41923356
0.5958319,0.5958319
0.5431066,0.5431066
0.67848,0.67848
0.44375482,0.44375482
0.49346614,0.49346614
0.46746126,0.46746126
0.44910422,0.44910422
0.47376263,0.47376263
0.44314706,0.44314706
0.43500748,0.43500748
0.51292306,0.51292306
0.4383166,0.4383166
0.49702233,0.49702233
0.5088531,0.5088531
0.557845,0.557845
0.35984492,0.35984492
0.35955134,0.35955134
0.41465193,0.41465193
0.41905028,0.41905028
0.49254495,0.49254495
0.43601564,0.43601564
0.36682093,0.36682093
0.4391817,0.4391817
0.45295012,0.45295012
0.42653817,0.42653817
0.5070297,0.5070297
0.47392353,0.47392353
0.39985296,0.39985296
0.40961903,0.40961903
0.39170042,0.39170042
0.46589226,0.46589226
0.5658157,0.5658157
0.59829986,0.59829986
0.6470152,0.6470152
0.5661469,0.5661469
0.5847982,0.5847982
0.657377,0.657377
0.5661091,0.5661091
0.61313134,0.61313134
0.59579736,0.59579736
0.6056448,0.6056448
0.6130603,0.6130603
0.5866316,0.5866316
0.5879438,0.5879438
0.42226437,0.42226437
0.49703398,0.49703398
0.39342025,0.39342025
0.41554636,0.41554636
0.4701841,0.4701841
0.44853568,0.44853568
0.4220575,0.4220575
0.35204715,0.35204715
0.38822764,0.38822764
0.40061194,0.40061194
0.3838761,0.3838761
0.49372646,0.49372646
0.4517713,0.4517713
0.475065,0.475065
0.51204556,0.51204556
0.47104627,0.47104627
0.4786131,0.4786131
0.4625917,0.4625917
0.45961314,0.45961314
0.46870402,0.46870402
0.4705517,0.4705517
0.43241155,0.43241155
0.4477988,0.4477988
0.416411,0.416411
0.45477536,0.45477536
0.60569066,0.60569066
0.44922486,0.44922486
0.58000654,0.58000654
0.38941383,0.38941383
0.35114267,0.35114267
0.33160633,0.33160633
0.35148007,0.35148007
0.42474085,0.42474085
0.39724633,0.39724633
0.40670547,0.40670547
0.4714036,0.4714036
0.4189001,0.4189001
0.45617402,0.45617402
0.36217818,0.36217818
0.37459642,0.37459642
0.3894458,0.3894458
0.35798898,0.35798898
0.39066318,0.39066318
0.39730185,0.39730185
0.39072084,0.39072084
0.42778325,0.42778325
0.44088632,0.44088632
0.48108968,0.48108968
0.45190197,0.45190197
0.44473168,0.44473168
0.4117637,0.4117637
0.4977656,0.4977656
0.49495447,0.49495447
0.512276,0.512276
0.53532875,0.53532875
0.46574384,0.46574384
0.4192023,0.4192023
0.5974166,0.5974166
0.5028013,0.5028013
0.50899076,0.50899076
0.4058305,0.4058305
0.4826117,0.4826117
0.46301803,0.46301803
0.51669556,0.51669556
0.49744695,0.49744695
0.34375605,0.34375605
0.36697334,0.36697334
0.4161252,0.4161252
0.45257667,0.45257667
0.5046377,0.5046377
0.42421645,0.42421645
0.3579647,0.3579647
0.37129897,0.37129897
0.30719283,0.30719283
0.30148736,0.30148736
0.29548064,0.29548064
0.32124263,0.32124263
0.3814596,0.3814596
0.6256294,0.6256294
0.60663414,0.60663414
0.5403374,0.5403374
0.55852544,0.55852544
0.6148994,0.6148994
0.6233471,0.6233471
0.59946305,0.59946305
0.6007294,0.6007294
0.634823,0.634823
0.61160743,0.61160743
0.5347631,0.5347631
0.5605568,0.5605568
0.60775924,0.60775924
0.61344355,0.61344355
0.6148863,0.6148863
0.57953733,0.57953733
0.6306036,0.6306036
0.6109558,0.6109558
0.63188267,0.63188267
0.5198577,0.5198577
0.46721154,0.46721154
0.5333107,0.5333107
0.39879784,0.39879784
0.45407495,0.45407495
0.46171102,0.46171102
0.47925442,0.47925442
0.4565699,0.4565699
0.4227785,0.4227785
0.42526796,0.42526796
0.37011084,0.37011084
0.38785142,0.38785142
0.3978361,0.3978361
0.37598088,0.37598088
0.4284952,0.4284952
0.39683026,0.39683026
0.40315863,0.40315863
0.4431568,0.4431568
0.4826932,0.4826932
0.50220585,0.50220585
0.38528252,0.38528252
0.40762883,0.40762883
0.4539605,0.4539605
0.4813717,0.4813717
0.5372229,0.5372229
0.41425928,0.41425928
0.40306976,0.40306976
0.42086306,0.42086306
0.4516415,0.4516415
0.45742524,0.45742524
0.47324175,0.47324175
0.46162894,0.46162894
0.5619737,0.5619737
0.40523225,0.40523225
0.5999335,0.5999335
0.5892396,0.5892396
0.6273466,0.6273466
0.5190067,0.5190067
0.46744993,0.46744993
0.49535617,0.49535617
0.44514075,0.44514075
0.38725385,0.38725385
0.48425412,0.48425412
0.45645428,0.45645428
0.45443872,0.45443872
0.42402574,0.42402574
0.4840814,0.4840814
0.44557813,0.44557813
0.48782468,0.48782468
0.46643695,0.46643695
0.44047627,0.44047627
0.42520642,0.42520642
0.41950497,0.41950497
0.41190794,0.41190794
0.37206557,0.37206557
0.5938651,0.5938651
0.47339785,0.47339785
0.33523846,0.33523846
0.41004986,0.41004986
0.46028912,0.46028912
0.5207142,0.5207142
0.36222133,0.36222133
0.40117463,0.40117463
0.3390683,0.3390683
0.33566555,0.33566555
0.3147292,0.3147292
0.33437473,0.33437473
0.26009473,0.26009473
0.4095564,0.4095564
0.40186897,0.40186897
0.54106396,0.54106396
0.59092766,0.59092766
0.5760161,0.5760161
0.6248908,0.6248908
0.5961264,0.5961264
0.55334175,0.55334175
0.483364,0.483364
0.5523735,0.5523735
0.61792356,0.61792356
0.59068245,0.59068245
0.47590145,0.47590145
0.36512506,0.36512506
0.46252176,0.46252176
0.47043923,0.47043923
0.46100938,0.46100938
0.4419071,0.4419071
0.4252559,0.4252559
0.41575533,0.41575533
0.45100823,0.45100823
0.4019462,0.4019462
0.4566071,0.4566071
0.5405523,0.5405523
0.62633324,0.62633324
0.436862,0.436862
0.4697668,0.4697668
0.5639722,0.5639722
0.5631499,0.5631499
0.5602899,0.5602899
0.46086723,0.46086723
0.46167064,0.46167064
0.55899525,0.55899525
0.5865066,0.5865066
0.56873226,0.56873226
0.41697973,0.41697973
0.5181129,0.5181129
0.5483305,0.5483305
0.57478845,0.57478845
0.42046067,0.42046067
0.40770763,0.40770763
0.5220845,0.5220845
0.4641404,0.4641404
0.43188158,0.43188158
0.37499925,0.37499925
0.42089847,0.42089847
0.37434927,0.37434927
0.31509376,0.31509376
0.3977065,0.3977065
0.5170484,0.5170484
0.4381039,0.4381039
0.46504444,0.46504444
0.475261,0.475261
0.59395784,0.59395784
0.50188035,0.50188035
0.45789775,0.45789775
0.631973,0.631973
0.5106658,0.5106658
0.48845652,0.48845652
0.5083639,0.5083639
0.3575492,0.3575492
0.42765796,0.42765796
0.40258625,0.40258625
0.40362653,0.40362653
0.4419729,0.4419729
0.58764917,0.58764917
0.48277497,0.48277497
0.57274497,0.57274497
0.40393686,0.40393686
0.38884643,0.38884643
0.33439696,0.33439696
0.39511025,0.39511025
0.6121834,0.6121834
0.6173843,0.6173843
0.57274103,0.57274103
0.4207798,0.4207798
0.43876442,0.43876442
0.47608253,0.47608253
0.4372094,0.4372094
0.4978579,0.4978579
0.46485287,0.46485287
0.44971234,0.44971234
0.4733655,0.4733655
0.365513,0.365513
0.4152487,0.4152487
0.52660495,0.52660495
0.60362947,0.60362947
0.5924908,0.5924908
0.62575585,0.62575585
0.58865476,0.58865476
0.61277676,0.61277676
0.6465959,0.6465959
0.6139207,0.6139207
0.6859268,0.6859268
0.6406541,0.6406541
0.43531615,0.43531615
0.43648672,0.43648672
0.54436284,0.54436284
0.55198884,0.55198884
0.5951923,0.5951923
0.5694738,0.5694738
0.40115592,0.40115592
0.44044992,0.44044992
0.4631621,0.4631621
0.5414034,0.5414034
0.4545671,0.4545671
0.49810407,0.49810407
0.4160318,0.4160318
0.40685925,0.40685925
0.40020895,0.40020895
0.44842437,0.44842437
0.37936538,0.37936538
0.60003173,0.60003173
0.46795258,0.46795258
0.5533559,0.5533559
0.6226675,0.6226675
0.30919203,0.30919203
0.50831217,0.50831217
0.36781418,0.36781418
0.4412211,0.4412211
0.46225515,0.46225515
0.46175492,0.46175492
0.3972041,0.3972041
0.3655784,0.3655784
0.3255878,0.3255878
0.48999953,0.48999953
0.48782504,0.48782504
0.648613,0.648613
0.64391834,0.64391834
0.6193886,0.6193886
0.6233277,0.6233277
0.6191281,0.6191281
0.59454566,0.59454566
0.6361502,0.6361502
0.5786044,0.5786044
0.6092134,0.6092134
0.58384216,0.58384216
0.64460486,0.64460486
0.6026103,0.6026103
0.5801415,0.5801415
0.6425946,0.6425946
0.58359724,0.58359724
0.635,0.635
0.62287486,0.62287486
0.6285011,0.6285011
0.6257903,0.6257903
0.6157989,0.6157989
0.61848086,0.61848086
0.60307777,0.60307777
0.59201145,0.59201145
0.57761735,0.57761735
0.646741,0.646741
0.5908376,0.5908376
0.61665726,0.61665726
0.646057,0.646057
0.5992399,0.5992399
0.61230385,0.61230385
0.6074642,0.6074642
0.59758407,0.59758407
0.6002163,0.6002163
0.46011528,0.46011528
0.402777,0.402777
0.5210282,0.5210282
0.30652848,0.30652848
0.34404042,0.34404042
0.35567802,0.35567802
0.4110731,0.4110731
0.44510865,0.44510865
0.44937462,0.44937462
0.43186334,0.43186334
0.40783694,0.40783694
0.4133993,0.4133993
0.59340084,0.59340084
0.59580225,0.59580225
0.47448707,0.47448707
0.37957466,0.37957466
0.44375715,0.44375715
0.34133318,0.34133318
0.49884754,0.49884754
0.50643194,0.50643194
0.55823344,0.55823344
0.6707916,0.6707916
0.4929281,0.4929281
0.3986347,0.3986347
0.42750224,0.42750224
0.4445976,0.4445976
0.6051546,0.6051546
0.53451043,0.53451043
0.38263667,0.38263667
0.4740766,0.4740766
0.41920602,0.41920602
0.40487814,0.40487814
0.52660096,0.52660096
0.4851331,0.4851331
0.47106582,0.47106582
0.5081261,0.5081261
0.39237925,0.39237925
0.3972155,0.3972155
0.40221468,0.40221468
0.40830496,0.40830496
0.4432136,0.4432136
0.52399606,0.52399606
0.42169482,0.42169482
0.41647372,0.41647372
0.49036527,0.49036527
0.41009822,0.41009822
0.44415522,0.44415522
0.39741704,0.39741704
0.40730065,0.40730065
0.3720851,0.3720851
0.35006908,0.35006908
0.36304584,0.36304584
0.34204918,0.34204918
0.519543,0.519543
0.5082398,0.5082398
0.62373614,0.62373614
0.5704977,0.5704977
0.62520486,0.62520486
0.60193336,0.60193336
0.6399326,0.6399326
0.6381905,0.6381905
0.6071763,0.6071763
0.63286847,0.63286847
0.5732429,0.5732429
0.6394218,0.6394218
0.6212034,0.6212034
0.6124458,0.6124458
0.62191314,0.62191314
0.6144393,0.6144393
0.56469995,0.56469995
0.58610547,0.58610547
0.5861721,0.5861721
0.60101193,0.60101193
0.68517333,0.68517333
0.6094065,0.6094065
0.58628434,0.58628434
0.59754175,0.59754175
0.61677873,0.61677873
0.6181175,0.6181175
0.60999614,0.60999614
0.6266275,0.6266275
0.6193106,0.6193106
0.59270793,0.59270793
0.62708294,0.62708294
0.62491024,0.62491024
0.6599365,0.6599365
0.6364029,0.6364029
0.61027527,0.61027527
0.64428306,0.64428306
0.5966052,0.5966052
0.48478886,0.48478886
0.5260168,0.5260168
0.5989635,0.5989635
0.64155835,0.64155835
0.6610608,0.6610608
0.4689486,0.4689486
0.4821656,0.4821656
0.46363848,0.46363848
0.4120344,0.4120344
0.5093026,0.5093026
0.49920344,0.49920344
0.40845975,0.40845975
0.4615576,0.4615576
0.41725984,0.41725984
0.5963744,0.5963744
0.6280678,0.6280678
0.56125665,0.56125665
0.3192451,0.3192451
0.3434648,0.3434648
0.4162209,0.4162209
0.50906867,0.50906867
0.51619303,0.51619303
0.5939459,0.5939459
0.5745208,0.5745208
0.4306206,0.4306206
0.4379849,0.4379849
0.4622792,0.4622792
0.47651127,0.47651127
0.42089814,0.42089814
0.36969608,0.36969608
0.4895746,0.4895746
0.42827097,0.42827097
0.43352833,0.43352833
0.40946475,0.40946475
0.53627867,0.53627867
0.5376836,0.5376836
0.5153576,0.5153576
0.54064125,0.54064125
0.5137165,0.5137165
0.52464515,0.52464515
0.6344784,0.6344784
0.47646967,0.47646967
0.40090886,0.40090886
0.3740109,0.3740109
0.43662903,0.43662903
0.37209654,0.37209654
0.39936072,0.39936072
0.38295582,0.38295582
0.41975853,0.41975853
0.3591845,0.3591845
0.39956746,0.39956746
0.43952185,0.43952185
0.48009378,0.48009378
0.49774656,0.49774656
0.4003182,0.4003182
0.39088106,0.39088106
0.43154442,0.43154442
0.4842989,0.4842989
0.56476694,0.56476694
0.56919545,0.56919545
0.46565986,0.46565986
0.42809412,0.42809412
0.444302,0.444302
0.3773232,0.3773232
0.4587012,0.4587012
0.5653622,0.5653622
0.51978993,0.51978993
0.36316907,0.36316907
0.5169865,0.5169865
0.4972133,0.4972133
0.57409364,0.57409364
0.34017238,0.34017238
0.32747114,0.32747114
0.35765293,0.35765293
0.5509582,0.5509582
0.5304198,0.5304198
0.39627072,0.39627072
0.3801994,0.3801994
0.4286561,0.4286561
0.37637055,0.37637055
0.38794696,0.38794696
0.38442644,0.38442644
0.4364263,0.4364263
0.40085253,0.40085253
0.42520756,0.42520756
0.49475154,0.49475154
0.47938558,0.47938558
0.44316435,0.44316435
0.6032348,0.6032348
0.40027943,0.40027943
0.4162626,0.4162626
0.37401834,0.37401834
0.38239604,0.38239604
0.510892,0.510892
0.45278326,0.45278326
0.59578043,0.59578043
0.5942652,0.5942652
0.6034334,0.6034334
0.43781504,0.43781504
0.44913554,0.44913554
0.39939266,0.39939266
0.41427043,0.41427043
0.4096478,0.4096478
0.51048946,0.51048946
0.5139059,0.5139059
0.5355387,0.5355387
0.42660058,0.42660058
0.40015078,0.40015078
0.46610954,0.46610954
0.4370522,0.4370522
0.39192182,0.39192182
0.393813,0.393813
0.44744483,0.44744483
0.60419756,0.60419756
0.49864537,0.49864537
0.54003656,0.54003656
0.5261722,0.5261722
0.34763148,0.34763148
0.40777892,0.40777892
0.45479235,0.45479235
0.4923085,0.4923085
0.541879,0.541879
0.5845446,0.5845446
0.442237,0.442237
0.5648093,0.5648093
0.64734197,0.64734197
0.55301136,0.55301136
0.48699346,0.48699346
0.6010145,0.6010145
0.6458575,0.6458575
0.5988837,0.5988837
0.5934415,0.5934415
0.6191041,0.6191041
0.5811583,0.5811583
0.5260426,0.5260426
0.565639,0.565639
0.55492336,0.55492336
0.6241489,0.6241489
0.5318453,0.5318453
0.4660122,0.4660122
0.5798965,0.5798965
0.6082468,0.6082468
0.57184476,0.57184476
0.61191934,0.61191934
0.6363142,0.6363142
0.4896683,0.4896683
0.53565615,0.53565615
0.44289577,0.44289577
0.37000865,0.37000865
0.36351657,0.36351657
0.32652152,0.32652152
0.39932865,0.39932865
0.45653304,0.45653304
0.44351298,0.44351298
0.41136083,0.41136083
0.3632107,0.3632107
0.34475067,0.34475067
0.4640387,0.4640387
0.5572542,0.5572542
0.5166285,0.5166285
0.46311587,0.46311587
0.50304985,0.50304985
0.5042026,0.5042026
0.47456616,0.47456616
0.50553113,0.50553113
0.5858476,0.5858476
0.5791444,0.5791444
0.60379976,0.60379976
0.45918685,0.45918685
0.43777812,0.43777812
0.44358414,0.44358414
0.4467214,0.4467214
0.42785546,0.42785546
0.39106432,0.39106432
0.36529663,0.36529663
0.3201341,0.3201341
0.38564277,0.38564277
0.4085826,0.4085826
0.4384012,0.4384012
0.65177774,0.65177774
0.59167075,0.59167075
0.62740505,0.62740505
0.60867417,0.60867417
0.667371,0.667371
0.60700786,0.60700786
0.66324085,0.66324085
0.61717916,0.61717916
0.59828746,0.59828746
0.65753376,0.65753376
0.60915387,0.60915387
0.6128342,0.6128342
0.6348037,0.6348037
0.6015419,0.6015419
0.68144894,0.68144894
0.6190957,0.6190957
0.6155081,0.6155081
0.5786745,0.5786745
0.6114152,0.6114152
0.66129273,0.66129273
0.65041214,0.65041214
0.57850873,0.57850873
0.60123867,0.60123867
0.6431033,0.6431033
0.54747254,0.54747254
0.48736653,0.48736653
0.57923853,0.57923853
0.64323515,0.64323515
0.5991218,0.5991218
0.52979165,0.52979165
0.62638,0.62638
0.5413963,0.5413963
0.40544373,0.40544373
0.4677731,0.4677731
0.37497175,0.37497175
0.5041365,0.5041365
0.55524284,0.55524284
0.6074166,0.6074166
0.6702815,0.6702815
0.42963773,0.42963773
0.47480977,0.47480977
0.47574177,0.47574177
0.41834918,0.41834918
0.43198124,0.43198124
0.42055777,0.42055777
0.44252816,0.44252816
0.45121852,0.45121852
0.43989706,0.43989706
0.39342672,0.39342672
0.43115705,0.43115705
0.4431776,0.4431776
0.5218089,0.5218089
0.40576643,0.40576643
0.3348306,0.3348306
0.42870516,0.42870516
0.47388104,0.47388104
0.48179397,0.48179397
0.46652144,0.46652144
0.5123963,0.5123963
0.4503114,0.4503114
0.35548002,0.35548002
0.43681934,0.43681934
0.5236574,0.5236574
0.35318112,0.35318112
0.37999266,0.37999266
0.4924168,0.4924168
0.43174985,0.43174985
0.41876453,0.41876453
0.38206276,0.38206276
0.3377245,0.3377245
0.3368974,0.3368974
0.37296313,0.37296313
0.3851383,0.3851383
0.38087767,0.38087767
0.3598177,0.3598177
0.4063717,0.4063717
0.4377255,0.4377255
0.36207387,0.36207387
0.62017673,0.62017673
0.381977,0.381977
0.42620844,0.42620844
0.62007374,0.62007374
0.65030086,0.65030086
0.432145,0.432145
0.3767232,0.3767232
0.43699855,0.43699855
0.4118269,0.4118269
0.37700975,0.37700975
0.341549,0.341549
0.362914,0.362914
0.36319506,0.36319506
0.39836857,0.39836857
0.40342686,0.40342686
0.41716427,0.41716427
0.4221536,0.4221536
0.5402211,0.5402211
0.41934127,0.41934127
0.3829992,0.3829992
0.41964483,0.41964483
0.45325384,0.45325384
0.4015472,0.4015472
0.3544356,0.3544356
0.41855964,0.41855964
0.40515816,0.40515816
0.34716213,0.34716213
0.41481978,0.41481978
0.43911117,0.43911117
0.4900282,0.4900282
0.59839875,0.59839875
0.6166686,0.6166686
0.6217079,0.6217079
0.5269609,0.5269609
0.6110347,0.6110347
0.5399796,0.5399796
0.5890896,0.5890896
0.5505409,0.5505409
0.53461933,0.53461933
0.5635426,0.5635426
0.57060415,0.57060415
0.5880228,0.5880228
0.6217976,0.6217976
0.5856555,0.5856555
0.605278,0.605278
0.59590465,0.59590465
0.47152397,0.47152397
0.40985852,0.40985852
0.35995847,0.35995847
0.46361983,0.46361983
0.46910673,0.46910673
0.41593307,0.41593307
0.40090424,0.40090424
0.49049535,0.49049535
0.43719733,0.43719733
0.51586646,0.51586646
0.3903445,0.3903445
0.4530661,0.4530661
0.5737051,0.5737051
0.5798378,0.5798378
0.610421,0.610421
0.44986078,0.44986078
0.41540822,0.41540822
0.41189715,0.41189715
0.466243,0.466243
0.46967223,0.46967223
0.42783654,0.42783654
0.32794124,0.32794124
0.3932711,0.3932711
0.4807092,0.4807092
0.37340048,0.37340048
0.37165833,0.37165833
0.3594524,0.3594524
0.3852634,0.3852634
0.3481412,0.3481412
0.35447574,0.35447574
0.37914115,0.37914115
0.53936934,0.53936934
0.54487014,0.54487014
0.549078,0.549078
0.58311456,0.58311456
0.496374,0.496374
0.5533893,0.5533893
0.64011353,0.64011353
0.58933467,0.58933467
0.6617795,0.6617795
0.63330936,0.63330936
0.6588131,0.6588131
0.5952573,0.5952573
0.62168574,0.62168574
0.60630673,0.60630673
0.54026335,0.54026335
0.61970013,0.61970013
0.5809466,0.5809466
0.60039526,0.60039526
0.49559373,0.49559373
0.4366369,0.4366369
0.55937433,0.55937433
0.5673924,0.5673924
0.54714954,0.54714954
0.5852918,0.5852918
0.5489405,0.5489405
0.6134374,0.6134374
0.52003354,0.52003354
0.47972152,0.47972152
0.46350017,0.46350017
0.40419978,0.40419978
0.44344714,0.44344714
0.43748298,0.43748298
0.3947832,0.3947832
0.3915171,0.3915171
0.39131007,0.39131007
0.3920163,0.3920163
0.41372347,0.41372347
0.42185062,0.42185062
0.42208567,0.42208567
0.43318722,0.43318722
0.43338257,0.43338257
0.55193514,0.55193514
0.3930392,0.3930392
0.63893056,0.63893056
0.6003186,0.6003186
0.6053714,0.6053714
0.6238242,0.6238242
0.60620254,0.60620254
0.6113639,0.6113639
0.6528143,0.6528143
0.6037006,0.6037006
0.6152845,0.6152845
0.60707027,0.60707027
0.64557207,0.64557207
0.59442836,0.59442836
0.6142081,0.6142081
0.60068625,0.60068625
0.45607516,0.45607516
0.3595501,0.3595501
0.401764,0.401764
0.5785838,0.5785838
0.4422804,0.4422804
0.5324649,0.5324649
0.52298146,0.52298146
0.44663545,0.44663545
0.39717385,0.39717385
0.48712328,0.48712328
0.4910505,0.4910505
0.46732336,0.46732336
0.43216226,0.43216226
0.46799806,0.46799806
0.51665366,0.51665366
0.45686385,0.45686385
0.4607988,0.4607988
0.40231618,0.40231618
0.4549451,0.4549451
0.47729397,0.47729397
0.43986362,0.43986362
0.48210645,0.48210645
0.4228706,0.4228706
0.41959366,0.41959366
0.40904066,0.40904066
0.5533941,0.5533941
0.52549124,0.52549124
0.49432427,0.49432427
0.32469806,0.32469806
0.43552554,0.43552554
0.4461039,0.4461039
0.4677792,0.4677792
0.5752118,0.5752118
0.5110011,0.5110011
0.40026632,0.40026632
0.47256625,0.47256625
0.41382718,0.41382718
0.5708738,0.5708738
0.5356852,0.5356852
0.39921176,0.39921176
0.43104878,0.43104878
0.45936006,0.45936006
0.49613094,0.49613094
0.4809367,0.4809367
0.3604231,0.3604231
0.2952032,0.2952032
0.37725592,0.37725592
0.41679594,0.41679594
0.36315593,0.36315593
0.31521556,0.31521556
0.33101958,0.33101958
0.34776032,0.34776032
0.36001515,0.36001515
0.42294785,0.42294785
0.41216657,0.41216657
0.379459,0.379459
0.5453333,0.5453333
0.39486665,0.39486665
0.42538553,0.42538553
0.4236168,0.4236168
0.4564279,0.4564279
0.45246348,0.45246348
0.43262035,0.43262035
0.40196756,0.40196756
0.5511127,0.5511127
0.45499915,0.45499915
0.5129051,0.5129051
0.59134895,0.59134895
0.5360891,0.5360891
0.4475935,0.4475935
0.46190566,0.46190566
0.48602137,0.48602137
0.41013214,0.41013214
0.41040587,0.41040587
0.40340266,0.40340266
0.4621326,0.4621326
0.47904375,0.47904375
0.5868805,0.5868805
0.51575184,0.51575184
0.47005367,0.47005367
0.47080603,0.47080603
0.47109222,0.47109222
0.37076646,0.37076646
0.44823778,0.44823778
0.47239253,0.47239253
0.48855433,0.48855433
0.41400415,0.41400415
0.47611463,0.47611463
0.4433215,0.4433215
0.5158409,0.5158409
0.5476926,0.5476926
0.47369552,0.47369552
0.4677079,0.4677079
0.51712346,0.51712346
0.43045118,0.43045118
0.51361996,0.51361996
0.51911247,0.51911247
0.47362968,0.47362968
0.46303788,0.46303788
0.3990109,0.3990109
0.5220614,0.5220614
0.4991589,0.4991589
0.39952755,0.39952755
0.45385876,0.45385876
0.48623675,0.48623675
0.44196993,0.44196993
0.46815512,0.46815512
0.45122826,0.45122826
0.5862476,0.5862476
0.39675346,0.39675346
0.36007658,0.36007658
0.4175061,0.4175061
0.40922266,0.40922266
0.50796807,0.50796807
0.47462133,0.47462133
0.5653158,0.5653158
0.59544384,0.59544384
0.6043724,0.6043724
0.51711214,0.51711214
0.46941358,0.46941358
0.44872716,0.44872716
0.50541556,0.50541556
0.51936495,0.51936495
0.43712822,0.43712822
0.56447244,0.56447244
0.47823894,0.47823894
0.6600752,0.6600752
0.6353315,0.6353315
0.5826874,0.5826874
0.5403619,0.5403619
0.44943145,0.44943145
0.59033203,0.59033203
0.52654296,0.52654296
0.3402706,0.3402706
0.42605314,0.42605314
0.54018056,0.54018056
0.50524217,0.50524217
0.62383366,0.62383366
0.5256453,0.5256453
0.36549795,0.36549795
0.42015857,0.42015857
0.4663068,0.4663068
0.54417807,0.54417807
0.4160163,0.4160163
0.4685633,0.4685633
0.43943602,0.43943602
0.49336264,0.49336264
0.39622554,0.39622554
0.47833854,0.47833854
0.44967034,0.44967034
0.552378,0.552378
0.5672797,0.5672797
0.4079483,0.4079483
0.3579681,0.3579681
0.37620878,0.37620878
0.46701297,0.46701297
0.47590548,0.47590548
0.61755365,0.61755365
0.4372319,0.4372319
0.49948135,0.49948135
0.37233162,0.37233162
0.45449722,0.45449722
0.4435321,0.4435321
0.5489638,0.5489638
0.55491275,0.55491275
0.5224118,0.5224118
0.4497465,0.4497465
0.44946775,0.44946775
0.48843446,0.48843446
0.4340919,0.4340919
0.4248728,0.4248728
0.47370172,0.47370172
0.4333939,0.4333939
0.4380464,0.4380464
0.39267987,0.39267987
0.61663246,0.61663246
0.5793712,0.5793712
0.510492,0.510492
0.37366,0.37366
0.4851749,0.4851749
0.4597096,0.4597096
0.38572294,0.38572294
0.50472116,0.50472116
0.32611078,0.32611078
0.50767934,0.50767934
0.39177063,0.39177063
0.36069635,0.36069635
0.4707248,0.4707248
0.4461419,0.4461419
0.60037774,0.60037774
0.62386805,0.62386805
0.43134567,0.43134567
0.3942223,0.3942223
0.5915096,0.5915096
0.59261227,0.59261227
0.38432303,0.38432303
0.48211664,0.48211664
0.62138623,0.62138623
0.5040306,0.5040306
0.59785724,0.59785724
0.627525,0.627525
0.37060666,0.37060666
0.37989825,0.37989825
0.37731892,0.37731892
0.54625547,0.54625547
0.57287997,0.57287997
0.6194996,0.6194996
0.6334514,0.6334514
0.6317535,0.6317535
0.55237913,0.55237913
0.6222793,0.6222793
0.33481258,0.33481258
0.46643633,0.46643633
0.32784784,0.32784784
0.41676044,0.41676044
0.59385586,0.59385586
0.60813975,0.60813975
0.6323274,0.6323274
0.6266883,0.6266883
0.6274493,0.6274493
0.47150826,0.47150826
0.5250068,0.5250068
0.49333686,0.49333686
0.37052655,0.37052655
0.36834818,0.36834818
0.53059965,0.53059965
0.48997965,0.48997965
0.5536727,0.5536727
0.5174374,0.5174374
0.43294993,0.43294993
0.47972757,0.47972757
0.4574653,0.4574653
0.5194232,0.5194232
0.52896494,0.52896494
0.4445469,0.4445469
0.51546496,0.51546496
0.5086805,0.5086805
0.4910644,0.4910644
0.47656736,0.47656736
0.54843426,0.54843426
0.5352228,0.5352228
0.49545774,0.49545774
0.4189707,0.4189707
0.46182913,0.46182913
0.5932459,0.5932459
0.59449255,0.59449255
0.5172875,0.5172875
0.45679343,0.45679343
0.50043905,0.50043905
0.5388861,0.5388861
0.33915097,0.33915097
0.33926117,0.33926117
0.43416443,0.43416443
0.47253326,0.47253326
0.47684824,0.47684824
0.49854407,0.49854407
0.43025896,0.43025896
0.63441026,0.63441026
0.5561163,0.5561163
0.44717753,0.44717753
0.39591855,0.39591855
0.36239552,0.36239552
0.41989806,0.41989806
0.42342263,0.42342263
0.38888758,0.38888758
0.42361817,0.42361817
0.47328278,0.47328278
0.44612834,0.44612834
0.5002087,0.5002087
0.44357553,0.44357553
0.41536748,0.41536748
0.41668108,0.41668108
0.48258635,0.48258635
0.41950062,0.41950062
0.46168485,0.46168485
0.48236555,0.48236555
0.32561716,0.32561716
0.4044518,0.4044518
0.37015954,0.37015954
0.41859913,0.41859913
0.43650004,0.43650004
0.48801392,0.48801392
0.50877476,0.50877476
0.38697305,0.38697305
0.47223803,0.47223803
0.41688842,0.41688842
0.3908652,0.3908652
0.6275836,0.6275836
0.6078696,0.6078696
0.36954066,0.36954066
0.43474108,0.43474108
0.6575845,0.6575845
0.6246119,0.6246119
0.5145283,0.5145283
0.3932395,0.3932395
0.5275752,0.5275752
0.5960592,0.5960592
0.52954113,0.52954113
0.39614356,0.39614356
0.418539,0.418539
0.4589103,0.4589103
0.46512553,0.46512553
0.43019167,0.43019167
0.38928035,0.38928035
0.46370742,0.46370742
0.38714194,0.38714194
0.44231832,0.44231832
0.42815983,0.42815983
0.43641093,0.43641093
0.4327758,0.4327758
0.65226454,0.65226454
0.5556202,0.5556202
0.59210503,0.59210503
0.49753094,0.49753094
0.47775066,0.47775066
0.454444,0.454444
0.3656666,0.3656666
0.38295966,0.38295966
0.423322,0.423322
0.37907857,0.37907857
0.401265,0.401265
0.41475362,0.41475362
0.42327285,0.42327285
0.426165,0.426165
0.4379518,0.4379518
0.4064369,0.4064369
0.4765522,0.4765522
0.4444124,0.4444124
0.4359431,0.4359431
0.3939582,0.3939582
0.4206102,0.4206102
0.49385935,0.49385935
0.4324446,0.4324446
0.49615145,0.49615145
0.48818386,0.48818386
0.47958815,0.47958815
0.5656167,0.5656167
0.61591303,0.61591303
0.5728528,0.5728528
0.61270463,0.61270463
0.55996966,0.55996966
0.62068444,0.62068444
0.4710652,0.4710652
0.45329356,0.45329356
0.5289298,0.5289298
0.43928528,0.43928528
0.49545395,0.49545395
0.4325999,0.4325999
0.6385289,0.6385289
0.618642,0.618642
0.559157,0.559157
0.5797492,0.5797492
0.5312723,0.5312723
0.6333222,0.6333222
0.4379005,0.4379005
0.49184495,0.49184495
0.44359192,0.44359192
0.4730853,0.4730853
0.6046041,0.6046041
0.62593037,0.62593037
0.55219096,0.55219096
0.58947474,0.58947474
0.6020308,0.6020308
0.58826184,0.58826184
0.6288262,0.6288262
0.62871414,0.62871414
0.5981636,0.5981636
0.59724796,0.59724796
0.56380635,0.56380635
0.5936864,0.5936864
0.65567315,0.65567315
0.63597274,0.63597274
0.63149124,0.63149124
0.64496726,0.64496726
0.60115457,0.60115457
0.59317946,0.59317946
0.6372692,0.6372692
0.59810543,0.59810543
0.6056398,0.6056398
0.471625,0.471625
0.56298274,0.56298274
0.6176798,0.6176798
0.5436198,0.5436198
0.44972238,0.44972238
0.46458876,0.46458876
0.47749102,0.47749102
0.44760284,0.44760284
0.42502818,0.42502818
0.46970972,0.46970972
0.45813227,0.45813227
0.44129464,0.44129464
0.50120723,0.50120723
0.46411648,0.46411648
0.43639153,0.43639153
0.4470282,0.4470282
0.46459603,0.46459603
0.48427355,0.48427355
0.4822152,0.4822152
0.5186384,0.5186384
0.4441607,0.4441607
0.54176944,0.54176944
0.5163761,0.5163761
0.37715128,0.37715128
0.5601123,0.5601123
0.53363,0.53363
0.44186085,0.44186085
0.4954863,0.4954863
0.5428196,0.5428196
0.5382782,0.5382782
0.5326241,0.5326241
0.55500406,0.55500406
0.6406977,0.6406977
0.5811613,0.5811613
0.49114507,0.49114507
0.48751757,0.48751757
0.48435748,0.48435748
0.43705443,0.43705443
0.60107756,0.60107756
0.56440645,0.56440645
0.592071,0.592071
0.5895675,0.5895675
0.59981656,0.59981656
0.47177008,0.47177008
0.47632462,0.47632462
0.49771324,0.49771324
0.46619233,0.46619233
0.5454334,0.5454334
0.6092669,0.6092669
0.6640846,0.6640846
0.58746696,0.58746696
0.35594153,0.35594153
0.33261204,0.33261204
0.4306384,0.4306384
0.38922086,0.38922086
0.45349985,0.45349985
0.6036976,0.6036976
0.5108522,0.5108522
0.5586744,0.5586744
0.6136734,0.6136734
0.59122187,0.59122187
0.6231889,0.6231889
0.61208016,0.61208016
0.4639181,0.4639181
0.5323399,0.5323399
0.6157934,0.6157934
0.55961895,0.55961895
0.5902497,0.5902497
0.53860056,0.53860056
0.5232414,0.5232414
0.5777887,0.5777887
0.49014255,0.49014255
0.38967878,0.38967878
0.52147007,0.52147007
0.5626981,0.5626981
0.5764167,0.5764167
0.55092174,0.55092174
0.5226023,0.5226023
0.51280063,0.51280063
0.48916075,0.48916075
0.53694963,0.53694963
0.5996197,0.5996197
0.5867733,0.5867733
0.6238861,0.6238861
0.41288778,0.41288778
0.558348,0.558348
0.5471954,0.5471954
0.5925811,0.5925811
0.562978,0.562978
0.5663303,0.5663303
0.5193446,0.5193446
0.4398965,0.4398965
0.42919284,0.42919284
0.5169034,0.5169034
0.43689752,0.43689752
0.4214237,0.4214237
0.64583784,0.64583784
0.52120906,0.52120906
0.5406396,0.5406396
0.6243758,0.6243758
0.63059473,0.63059473
0.58909357,0.58909357
0.494085,0.494085
0.41373518,0.41373518
0.404974,0.404974
0.5323081,0.5323081
0.59917307,0.59917307
0.40153164,0.40153164
0.4986701,0.4986701
0.47924265,0.47924265
0.3933705,0.3933705
0.42296147,0.42296147
0.48596427,0.48596427
0.62346536,0.62346536
0.61604977,0.61604977
0.56028414,0.56028414
0.49848506,0.49848506
0.5780082,0.5780082
0.5994059,0.5994059
0.5107771,0.5107771
0.49338564,0.49338564
0.59338754,0.59338754
0.5514852,0.5514852
0.61473423,0.61473423
0.6501921,0.6501921
0.58280647,0.58280647
0.4837402,0.4837402
0.4631466,0.4631466
0.5861606,0.5861606
0.60555565,0.60555565
0.5884003,0.5884003
0.6335154,0.6335154
0.6039025,0.6039025
0.6086158,0.6086158
0.6313288,0.6313288
0.6099731,0.6099731
0.5768275,0.5768275
0.56610155,0.56610155
0.6248177,0.6248177
0.58383316,0.58383316
0.545536,0.545536
0.65139437,0.65139437
0.63653356,0.63653356
0.37510383,0.37510383
0.41856542,0.41856542
0.45998514,0.45998514
0.44773415,0.44773415
0.47161233,0.47161233
0.46974522,0.46974522
0.45644557,0.45644557
0.44831324,0.44831324
0.44336352,0.44336352
0.5278242,0.5278242
0.54919016,0.54919016
0.5983012,0.5983012
0.589233,0.589233
0.5603355,0.5603355
0.6152737,0.6152737
0.5566175,0.5566175
0.54053307,0.54053307
0.4535483,0.4535483
0.46460044,0.46460044
0.5079708,0.5079708
0.4665857,0.4665857
0.53419846,0.53419846
0.5021647,0.5021647
0.54910374,0.54910374
0.408096,0.408096
0.6084341,0.6084341
0.6413672,0.6413672
0.6346766,0.6346766
0.52883536,0.52883536
0.43285862,0.43285862
0.6071632,0.6071632
0.40682274,0.40682274
0.45077485,0.45077485
0.42917243,0.42917243
0.48527902,0.48527902
0.5051396,0.5051396
0.5241152,0.5241152
0.48891982,0.48891982
0.59216475,0.59216475
0.6395353,0.6395353
0.47142947,0.47142947
0.41427955,0.41427955
0.45949534,0.45949534
0.5421807,0.5421807
0.5357555,0.5357555
0.51042557,0.51042557
0.5242685,0.5242685
0.5321525,0.5321525
0.44631398,0.44631398
0.47909,0.47909
0.45463336,0.45463336
0.43468788,0.43468788
0.48434103,0.48434103
0.5319467,0.5319467
0.52413684,0.52413684
0.5106238,0.5106238
0.5945716,0.5945716
0.6250386,0.6250386
0.5811938,0.5811938
0.5887505,0.5887505
0.47163782,0.47163782
0.44105855,0.44105855
0.47258475,0.47258475
0.5633853,0.5633853
0.57067,0.57067
0.55375123,0.55375123
0.5732586,0.5732586
0.4919896,0.4919896
0.601481,0.601481
0.6151264,0.6151264
0.56380403,0.56380403
0.4441082,0.4441082
0.6151061,0.6151061
0.64519984,0.64519984
0.6459386,0.6459386
0.48496446,0.48496446
0.57585317,0.57585317
0.6300291,0.6300291
0.57700783,0.57700783
0.57342917,0.57342917
0.5669,0.5669
0.5863322,0.5863322
0.46676287,0.46676287
0.5646283,0.5646283
0.48445907,0.48445907
0.50563496,0.50563496
0.53883076,0.53883076
0.5745141,0.5745141
0.546652,0.546652
0.50240004,0.50240004
0.53929496,0.53929496
0.60346353,0.60346353
0.63647795,0.63647795
0.60645276,0.60645276
0.60085475,0.60085475
0.62354296,0.62354296
0.6600841,0.6600841
0.63738054,0.63738054
0.5323968,0.5323968
0.5202122,0.5202122
0.6061684,0.6061684
0.520388,0.520388
0.5099118,0.5099118
0.4927993,0.4927993
0.47287047,0.47287047
0.5908504,0.5908504
0.62254554,0.62254554
0.4513542,0.4513542
0.40509468,0.40509468
0.5120636,0.5120636
0.50480354,0.50480354
0.44749716,0.44749716
0.39638522,0.39638522
0.49432167,0.49432167
0.51057535,0.51057535
0.4655609,0.4655609
0.5445881,0.5445881
0.53666306,0.53666306
0.59914786,0.59914786
0.63222504,0.63222504
0.5063694,0.5063694
0.6435958,0.6435958
0.58841586,0.58841586
0.52843535,0.52843535
0.47720173,0.47720173
0.49806872,0.49806872
0.5439042,0.5439042
0.47338745,0.47338745
0.5198322,0.5198322
0.580904,0.580904
0.6376678,0.6376678
0.5966629,0.5966629
0.62819934,0.62819934
0.5219838,0.5219838
0.574374,0.574374
0.5566301,0.5566301
0.39055827,0.39055827
0.46872565,0.46872565
0.53602207,0.53602207
0.5126332,0.5126332
0.6629813,0.6629813
0.637228,0.637228
0.63568157,0.63568157
0.6070683,0.6070683
0.58682406,0.58682406
0.5871904,0.5871904
0.65041834,0.65041834
0.63495034,0.63495034
0.5512884,0.5512884
0.5789725,0.5789725
0.6171243,0.6171243
0.6244624,0.6244624
0.61562526,0.61562526
0.6078883,0.6078883
0.6257241,0.6257241
0.587288,0.587288
0.66577244,0.66577244
0.6062535,0.6062535
0.6279123,0.6279123
0.65425545,0.65425545
0.52596736,0.52596736
0.5983753,0.5983753
0.6177777,0.6177777
0.6011215,0.6011215
0.6148007,0.6148007
0.6371726,0.6371726
0.5757865,0.5757865
0.63202274,0.63202274
0.577562,0.577562
0.6101442,0.6101442
0.6158577,0.6158577
0.6433688,0.6433688
0.62172097,0.62172097
0.6245248,0.6245248
0.5971357,0.5971357
0.6206683,0.6206683
0.6584058,0.6584058
0.61285263,0.61285263
0.61763525,0.61763525
0.6200294,0.6200294
0.5640669,0.5640669
0.61940306,0.61940306
0.60919785,0.60919785
0.5794232,0.5794232
0.62253183,0.62253183
0.6652484,0.6652484
0.62889755,0.62889755
0.59469527,0.59469527
0.5891571,0.5891571
0.6381701,0.6381701
0.6655916,0.6655916
0.6068833,0.6068833
0.6008591,0.6008591
0.59175104,0.59175104
0.6181231,0.6181231
0.59877646,0.59877646
0.6936087,0.6936087
0.67949605,0.67949605
0.6747687,0.6747687
0.63932633,0.63932633
0.609051,0.609051
0.5708475,0.5708475
0.5856318,0.5856318
0.61846894,0.61846894
0.58821714,0.58821714
0.61550206,0.61550206
0.5755034,0.5755034
0.604934,0.604934
0.6272029,0.6272029
0.5382839,0.5382839
0.6597499,0.6597499
0.57735676,0.57735676
0.562214,0.562214
0.55401564,0.55401564
0.6076316,0.6076316
0.5752198,0.5752198
0.5858338,0.5858338
0.6069256,0.6069256
0.57014424,0.57014424
0.58699375,0.58699375
0.5933751,0.5933751
0.60562086,0.60562086
0.6458962,0.6458962
0.627812,0.627812
0.5847996,0.5847996
0.63866496,0.63866496
0.6080135,0.6080135
0.62316084,0.62316084
0.5797601,0.5797601
0.582214,0.582214
0.64787155,0.64787155
0.57876223,0.57876223
0.51855946,0.51855946
0.44844186,0.44844186
0.50943065,0.50943065
0.6352626,0.6352626
0.6254712,0.6254712
0.59250045,0.59250045
0.4465459,0.4465459
0.60017794,0.60017794
0.56682646,0.56682646
0.6326138,0.6326138
0.592418,0.592418
0.56346315,0.56346315
0.5478899,0.5478899
0.48452482,0.48452482
0.5677658,0.5677658
0.6176688,0.6176688
0.66814363,0.66814363
0.61220086,0.61220086
0.6178605,0.6178605
0.63996124,0.63996124
0.6103285,0.6103285
0.62718624,0.62718624
0.6225934,0.6225934
0.47101322,0.47101322
0.41653177,0.41653177
0.42205268,0.42205268
0.39138648,0.39138648
0.43796423,0.43796423
0.49501964,0.49501964
0.45641446,0.45641446
0.6204692,0.6204692
0.6245108,0.6245108
0.5938864,0.5938864
0.59633684,0.59633684
0.6037945,0.6037945
0.6216314,0.6216314
0.6131452,0.6131452
0.65084124,0.65084124
0.6447238,0.6447238
0.58095515,0.58095515
0.55748886,0.55748886
0.56394947,0.56394947
0.59854585,0.59854585
0.62155885,0.62155885
0.60932964,0.60932964
0.58057106,0.58057106
0.5868049,0.5868049
0.6600764,0.6600764
0.6290206,0.6290206
0.6088965,0.6088965
0.63997585,0.63997585
0.6096286,0.6096286
0.56593335,0.56593335
0.47080505,0.47080505
0.5436061,0.5436061
0.63453656,0.63453656
0.5311228,0.5311228
0.3955665,0.3955665
0.46811712,0.46811712
0.46390697,0.46390697
0.5626201,0.5626201
0.48942956,0.48942956
0.5515971,0.5515971
0.534466,0.534466
0.5955243,0.5955243
0.56291413,0.56291413
0.5923359,0.5923359
0.63570786,0.63570786
0.6068116,0.6068116
0.6301171,0.6301171
0.6411826,0.6411826
0.6335091,0.6335091
0.583767,0.583767
0.50644565,0.50644565
0.44382116,0.44382116
0.42339182,0.42339182
0.46087965,0.46087965
0.49876675,0.49876675
0.41927505,0.41927505
0.4215458,0.4215458
0.46285644,0.46285644
0.4433897,0.4433897
0.43790174,0.43790174
0.49671072,0.49671072
0.47395712,0.47395712
0.54633665,0.54633665
0.50348747,0.50348747
0.49733645,0.49733645
0.5487913,0.5487913
0.6007643,0.6007643
0.6021416,0.6021416
0.6529779,0.6529779
0.6063574,0.6063574
0.56353587,0.56353587
0.6052164,0.6052164
0.64490247,0.64490247
0.5319205,0.5319205
0.5143761,0.5143761
0.4813408,0.4813408
0.45960975,0.45960975
0.6083317,0.6083317
0.6164349,0.6164349
0.64039296,0.64039296
0.6137186,0.6137186
0.50519174,0.50519174
0.40571988,0.40571988
0.475504,0.475504
0.5217739,0.5217739
0.43848628,0.43848628
0.5397628,0.5397628
0.6028741,0.6028741
0.6123169,0.6123169
0.6175311,0.6175311
0.6167606,0.6167606
0.6057302,0.6057302
0.6287291,0.6287291
0.57527757,0.57527757
0.4368333,0.4368333
0.57679325,0.57679325
0.61206776,0.61206776
0.5327908,0.5327908
0.46442533,0.46442533
0.52757114,0.52757114
0.44723633,0.44723633
0.4199224,0.4199224
0.4302892,0.4302892
0.48947293,0.48947293
0.4962054,0.4962054
0.5590813,0.5590813
0.46411237,0.46411237
0.6112135,0.6112135
0.63836324,0.63836324
0.57778716,0.57778716
0.6050626,0.6050626
0.5459635,0.5459635
0.4763662,0.4763662
0.35512522,0.35512522
0.3937031,0.3937031
0.42436096,0.42436096
0.4050696,0.4050696
0.42008805,0.42008805
0.37209514,0.37209514
0.41118658,0.41118658
0.5654788,0.5654788
0.5889266,0.5889266
0.6230747,0.6230747
0.6386159,0.6386159
0.61097133,0.61097133
0.6680507,0.6680507
0.52855384,0.52855384
0.51587814,0.51587814
0.6581182,0.6581182
0.53866607,0.53866607
0.49687645,0.49687645
0.550322,0.550322
0.6466489,0.6466489
0.5657555,0.5657555
0.54854286,0.54854286
0.5732123,0.5732123
0.573009,0.573009
0.5329872,0.5329872
0.41224885,0.41224885
0.52187717,0.52187717
0.5903547,0.5903547
0.5526392,0.5526392
0.4200327,0.4200327
0.41597345,0.41597345
0.46451217,0.46451217
0.5944169,0.5944169
0.5471097,0.5471097
0.3795337,0.3795337
0.4030492,0.4030492
0.36859694,0.36859694
0.47938785,0.47938785
0.38412932,0.38412932
0.50551397,0.50551397
0.5474199,0.5474199
0.35950994,0.35950994
0.37605911,0.37605911
0.5099523,0.5099523
0.5575094,0.5575094
0.58158666,0.58158666
0.47111985,0.47111985
0.47903338,0.47903338
0.3788538,0.3788538
0.41197503,0.41197503
0.4046851,0.4046851
0.4093267,0.4093267
0.51881665,0.51881665
0.5763223,0.5763223
0.59381706,0.59381706
0.5670558,0.5670558
0.3339434,0.3339434
0.36928016,0.36928016
0.5351623,0.5351623
0.5943829,0.5943829
0.55203015,0.55203015
0.459406,0.459406
0.4391387,0.4391387
0.42809504,0.42809504
0.4040778,0.4040778
0.3652149,0.3652149
0.40883523,0.40883523
0.6162175,0.6162175
0.63872975,0.63872975
0.6164135,0.6164135
0.4465262,0.4465262
0.39279822,0.39279822
0.37998295,0.37998295
0.41083246,0.41083246
0.54522395,0.54522395
0.5613415,0.5613415
0.49024102,0.49024102
0.50302076,0.50302076
0.5797865,0.5797865
0.54004866,0.54004866
0.45067963,0.45067963
0.44775718,0.44775718
0.59194297,0.59194297
0.58757526,0.58757526
0.54579246,0.54579246
0.4620961,0.4620961
0.51236176,0.51236176
0.5967011,0.5967011
0.62989676,0.62989676
0.5641204,0.5641204
0.44042665,0.44042665
0.46811247,0.46811247
0.5142498,0.5142498
0.5805093,0.5805093
0.59082395,0.59082395
0.579779,0.579779
0.62365717,0.62365717
0.6241221,0.6241221
0.56168765,0.56168765
0.5998552,0.5998552
0.61651134,0.61651134
0.5810988,0.5810988
0.5856302,0.5856302
0.4569308,0.4569308
0.39678246,0.39678246
0.4271427,0.4271427
0.3668008,0.3668008
0.38886863,0.38886863
0.41755992,0.41755992
0.38784054,0.38784054
0.3372141,0.3372141
0.40534794,0.40534794
0.368506,0.368506
0.36412376,0.36412376
0.40151283,0.40151283
0.35794324,0.35794324
0.402461,0.402461
0.42207345,0.42207345
0.431938,0.431938
0.5803075,0.5803075
0.6124472,0.6124472
0.5548573,0.5548573
0.45375377,0.45375377
0.5521174,0.5521174
0.53429,0.53429
0.52476656,0.52476656
0.47409552,0.47409552
0.47533143,0.47533143
0.43721136,0.43721136
0.5120538,0.5120538
0.5304547,0.5304547
0.5572239,0.5572239
0.50220996,0.50220996
0.53006285,0.53006285
0.59727794,0.59727794
0.62212706,0.62212706
0.600291,0.600291
0.6279305,0.6279305
0.6822716,0.6822716
0.6646782,0.6646782
0.6238526,0.6238526
0.6176252,0.6176252
0.61755186,0.61755186
0.5931693,0.5931693
0.629263,0.629263
0.5896089,0.5896089
0.62615585,0.62615585
0.58479506,0.58479506
0.57072806,0.57072806
0.6139371,0.6139371
0.63749784,0.63749784
0.61131215,0.61131215
0.6084356,0.6084356
0.56450945,0.56450945
0.59896654,0.59896654
0.6345478,0.6345478
0.6258546,0.6258546
0.6011032,0.6011032
0.62809813,0.62809813
0.57611483,0.57611483
0.67324567,0.67324567
0.5934724,0.5934724
0.60287863,0.60287863
0.6229075,0.6229075
0.6182652,0.6182652
0.54720324,0.54720324
0.5792348,0.5792348
0.5911793,0.5911793
0.46626538,0.46626538
0.46027014,0.46027014
0.5173174,0.5173174
0.6080401,0.6080401
0.603177,0.603177
0.41502938,0.41502938
0.4377313,0.4377313
0.5027618,0.5027618
0.43104285,0.43104285
0.36788934,0.36788934
0.35524938,0.35524938
0.45861045,0.45861045
0.36831278,0.36831278
0.47434238,0.47434238
0.50204414,0.50204414
0.5330636,0.5330636
0.51853824,0.51853824
0.5431951,0.5431951
0.38802224,0.38802224
0.43925428,0.43925428
0.3937715,0.3937715
0.51670164,0.51670164
0.50097764,0.50097764
0.44575763,0.44575763
0.4508079,0.4508079
0.38236457,0.38236457
0.3790099,0.3790099
0.34601858,0.34601858
0.34879538,0.34879538
0.4191991,0.4191991
0.56180584,0.56180584
0.39596063,0.39596063
0.4535756,0.4535756
0.4081491,0.4081491
0.51484716,0.51484716
0.48815322,0.48815322
0.4892128,0.4892128
0.36546883,0.36546883
0.45016667,0.45016667
0.434267,0.434267
0.4276497,0.4276497
0.35430777,0.35430777
0.53314245,0.53314245
0.5460953,0.5460953
0.51426786,0.51426786
0.6121629,0.6121629
0.6148531,0.6148531
0.53331757,0.53331757
0.5449375,0.5449375
0.48981524,0.48981524
0.51858747,0.51858747
0.52574015,0.52574015
0.5846736,0.5846736
0.3831,0.3831
0.40114242,0.40114242
0.42859918,0.42859918
0.3989492,0.3989492
0.4285757,0.4285757
0.4269051,0.4269051
0.45777938,0.45777938
0.439638,0.439638
0.44347087,0.44347087
0.383489,0.383489
0.36628187,0.36628187
0.44951224,0.44951224
0.44173765,0.44173765
0.45539883,0.45539883
0.5658014,0.5658014
0.5661471,0.5661471
0.6062202,0.6062202
0.5906727,0.5906727
0.625414,0.625414
0.39539924,0.39539924
0.3733997,0.3733997
0.410435,0.410435
0.44218472,0.44218472
0.46012723,0.46012723
0.4540126,0.4540126
0.42842335,0.42842335
0.38692904,0.38692904
0.39124432,0.39124432
0.49293754,0.49293754
0.53014743,0.53014743
0.3104655,0.3104655
0.3967535,0.3967535
0.39057776,0.39057776
0.42436737,0.42436737
0.38225555,0.38225555
0.5905636,0.5905636
0.5830446,0.5830446
0.50171006,0.50171006
0.60638064,0.60638064
0.60091466,0.60091466
0.6047189,0.6047189
0.63401437,0.63401437
0.527851,0.527851
0.52654326,0.52654326
0.45351353,0.45351353
0.39461765,0.39461765
0.42731652,0.42731652
0.49352184,0.49352184
0.5411207,0.5411207
0.56275207,0.56275207
0.57087123,0.57087123
0.46867776,0.46867776
0.33656174,0.33656174
0.3979133,0.3979133
0.47248217,0.47248217
0.38585758,0.38585758
0.47169796,0.47169796
0.52715474,0.52715474
0.5407571,0.5407571
0.49202865,0.49202865
0.5221672,0.5221672
0.6604141,0.6604141
0.63665235,0.63665235
0.61146414,0.61146414
0.37150264,0.37150264
0.52400804,0.52400804
0.46243012,0.46243012
0.41777542,0.41777542
0.44679332,0.44679332
0.40884426,0.40884426
0.36660632,0.36660632
0.40178072,0.40178072
0.42427394,0.42427394
0.35703364,0.35703364
0.4091421,0.4091421
0.36715737,0.36715737
0.35616815,0.35616815
0.37020117,0.37020117
0.573243,0.573243
0.62719876,0.62719876
0.6233792,0.6233792
0.62221605,0.62221605
0.63447934,0.63447934
0.5885702,0.5885702
0.47540283,0.47540283
0.33852547,0.33852547
0.4465928,0.4465928
0.43640277,0.43640277
0.3998894,0.3998894
0.39470175,0.39470175
0.4497222,0.4497222
0.57953286,0.57953286
0.5477903,0.5477903
0.6124829,0.6124829
0.5705516,0.5705516
0.5505623,0.5505623
0.43964657,0.43964657
0.42137787,0.42137787
0.40924934,0.40924934
0.44961134,0.44961134
0.4718514,0.4718514
0.5473957,0.5473957
0.6508347,0.6508347
0.5077189,0.5077189
0.42291948,0.42291948
0.46740237,0.46740237
0.49911955,0.49911955
0.37677705,0.37677705
0.40143472,0.40143472
0.43728355,0.43728355
0.5954383,0.5954383
0.65274096,0.65274096
0.61163175,0.61163175
0.583691,0.583691
0.6207195,0.6207195
0.6145671,0.6145671
0.6341277,0.6341277
0.61071026,0.61071026
0.57992697,0.57992697
0.5623446,0.5623446
0.6527005,0.6527005
0.63349116,0.63349116
0.6107927,0.6107927
0.63350356,0.63350356
0.6464795,0.6464795
0.6234508,0.6234508
0.5717179,0.5717179
0.5334914,0.5334914
0.60577935,0.60577935
0.48800892,0.48800892
0.35965642,0.35965642
0.34809545,0.34809545
0.48239407,0.48239407
0.45393702,0.45393702
0.42490548,0.42490548
0.6168994,0.6168994
0.55974,0.55974
0.39189094,0.39189094
0.42658937,0.42658937
0.55738956,0.55738956
0.6402122,0.6402122
0.51453745,0.51453745
0.49137777,0.49137777
0.4559186,0.4559186
0.5036223,0.5036223
0.3598826,0.3598826
0.57115763,0.57115763
0.5831271,0.5831271
0.47609827,0.47609827
0.4158705,0.4158705
0.6095895,0.6095895
0.5902621,0.5902621
0.49851054,0.49851054
0.45812044,0.45812044
0.4560408,0.4560408
0.49881446,0.49881446
0.57297057,0.57297057
0.55799055,0.55799055
0.63926214,0.63926214
0.61875117,0.61875117
0.43290642,0.43290642
0.5046593,0.5046593
0.48682535,0.48682535
0.46062863,0.46062863
0.40568623,0.40568623
0.3674319,0.3674319
0.35112035,0.35112035
0.35669866,0.35669866
0.4842814,0.4842814
0.51094437,0.51094437
0.5383456,0.5383456
0.545285,0.545285
0.45864695,0.45864695
0.39605427,0.39605427
0.42554513,0.42554513
0.478354,0.478354
0.46680102,0.46680102
0.53550655,0.53550655
0.432135,0.432135
0.52936316,0.52936316
0.61367553,0.61367553
0.5628946,0.5628946
0.6139089,0.6139089
0.41106662,0.41106662
0.47313958,0.47313958
0.59123003,0.59123003
0.40590632,0.40590632
0.51674074,0.51674074
0.49958044,0.49958044
0.5356361,0.5356361
0.49999344,0.49999344
0.51044995,0.51044995
0.44724694,0.44724694
0.49453086,0.49453086
0.54322165,0.54322165
0.5964082,0.5964082
0.58900636,0.58900636
0.6144999,0.6144999
0.58024293,0.58024293
0.49266535,0.49266535
0.51933926,0.51933926
0.54495126,0.54495126
0.6035773,0.6035773
0.52454233,0.52454233
0.46184477,0.46184477
0.45399678,0.45399678
0.42285457,0.42285457
0.4368573,0.4368573
0.46979585,0.46979585
0.36851203,0.36851203
0.4298105,0.4298105
0.38855115,0.38855115
0.3566407,0.3566407
0.3314352,0.3314352
0.37548137,0.37548137
0.3831778,0.3831778
0.4326661,0.4326661
0.4054222,0.4054222
0.39148632,0.39148632
0.47356075,0.47356075
0.44691727,0.44691727
0.36944368,0.36944368
0.39341176,0.39341176
0.37038895,0.37038895
0.39202854,0.39202854
0.490707,0.490707
0.60061747,0.60061747
0.5999673,0.5999673
0.6344612,0.6344612
0.41975942,0.41975942
0.4951929,0.4951929
0.502309,0.502309
0.6539194,0.6539194
0.59431064,0.59431064
0.49791557,0.49791557
0.46293643,0.46293643
0.47664723,0.47664723
0.6083733,0.6083733
0.5945158,0.5945158
0.5508892,0.5508892
0.45334467,0.45334467
0.49002704,0.49002704
0.47418535,0.47418535
0.45634067,0.45634067
0.44089994,0.44089994
0.43612587,0.43612587
0.526949,0.526949
0.47806954,0.47806954
0.4570726,0.4570726
0.3646061,0.3646061
0.36955598,0.36955598
0.4433128,0.4433128
0.40200695,0.40200695
0.5276156,0.5276156
0.46620086,0.46620086
0.48764345,0.48764345
0.47261,0.47261
0.46392053,0.46392053
0.41519603,0.41519603
0.6673119,0.6673119
0.6402625,0.6402625
0.40472397,0.40472397
0.5115367,0.5115367
0.54399514,0.54399514
0.4642681,0.4642681
0.47485504,0.47485504
0.3996561,0.3996561
0.40829518,0.40829518
0.53040636,0.53040636
0.37989137,0.37989137
0.5189151,0.5189151
0.45337287,0.45337287
0.41191798,0.41191798
0.38024855,0.38024855
0.39183044,0.39183044
0.38706186,0.38706186
0.41806573,0.41806573
0.50916475,0.50916475
0.40849778,0.40849778
0.40387696,0.40387696
0.4148962,0.4148962
0.4444809,0.4444809
0.4489457,0.4489457
0.38711777,0.38711777
0.38863373,0.38863373
0.46442828,0.46442828
0.33061498,0.33061498
0.44631234,0.44631234
0.6227232,0.6227232
0.59636164,0.59636164
0.5754214,0.5754214
0.5863408,0.5863408
0.46144298,0.46144298
0.3872049,0.3872049
0.37654302,0.37654302
0.4096568,0.4096568
0.3278728,0.3278728
0.3847425,0.3847425
0.5303875,0.5303875
0.53095764,0.53095764
0.36307043,0.36307043
0.39077106,0.39077106
0.35669035,0.35669035
0.35882482,0.35882482
0.41287062,0.41287062
0.43148777,0.43148777
0.45878622,0.45878622
0.40693542,0.40693542
0.50215095,0.50215095
0.4713997,0.4713997
0.44927582,0.44927582
0.3908502,0.3908502
0.38016146,0.38016146
0.3849173,0.3849173
0.4031273,0.4031273
0.4873357,0.4873357
0.47206336,0.47206336
0.6212867,0.6212867
0.41238296,0.41238296
0.47478122,0.47478122
0.55435985,0.55435985
0.4159536,0.4159536
0.39571768,0.39571768
0.36158362,0.36158362
0.542407,0.542407
0.5448962,0.5448962
0.60977465,0.60977465
0.5009878,0.5009878
0.42277583,0.42277583
0.39336166,0.39336166
0.445909,0.445909
0.37268075,0.37268075
0.38302696,0.38302696
0.3662317,0.3662317
0.52581793,0.52581793
0.5347327,0.5347327
0.42961583,0.42961583
0.42584652,0.42584652
0.57375777,0.57375777
0.3194877,0.3194877
0.42111215,0.42111215
0.49651828,0.49651828
0.36004966,0.36004966
0.46616,0.46616
0.41084793,0.41084793
0.6142691,0.6142691
0.6072308,0.6072308
0.581782,0.581782
0.58106863,0.58106863
0.6299315,0.6299315
0.61058027,0.61058027
0.61523306,0.61523306
0.5780179,0.5780179
0.61019546,0.61019546
0.63544357,0.63544357
0.6060007,0.6060007
0.6431974,0.6431974
0.6403139,0.6403139
0.63366073,0.63366073
0.59175336,0.59175336
0.6422815,0.6422815
0.64695084,0.64695084
0.62309134,0.62309134
0.64064264,0.64064264
0.60513246,0.60513246
0.651879,0.651879
0.6189457,0.6189457
0.5981292,0.5981292
0.6600293,0.6600293
0.6122026,0.6122026
0.57631344,0.57631344
0.5603385,0.5603385
0.5892949,0.5892949
0.63135564,0.63135564
0.6584218,0.6584218
0.6126604,0.6126604
0.5416616,0.5416616
0.5404908,0.5404908
0.43567568,0.43567568
0.42946547,0.42946547
0.4182787,0.4182787
0.39262724,0.39262724
0.35341284,0.35341284
0.34224916,0.34224916
0.40330005,0.40330005
0.34571216,0.34571216
0.3438989,0.3438989
0.30671197,0.30671197
0.3776157,0.3776157
0.36139515,0.36139515
0.36109677,0.36109677
0.537242,0.537242
0.58238614,0.58238614
0.6247597,0.6247597
0.6259322,0.6259322
0.42170998,0.42170998
0.46600688,0.46600688
0.50361145,0.50361145
0.55270433,0.55270433
0.6558131,0.6558131
0.6263883,0.6263883
0.5166329,0.5166329
0.46215683,0.46215683
0.664796,0.664796
0.60260814,0.60260814
0.55980086,0.55980086
0.43812203,0.43812203
0.46522704,0.46522704
0.41136202,0.41136202
0.57488143,0.57488143
0.59373915,0.59373915
0.37031385,0.37031385
0.48003757,0.48003757
0.45299393,0.45299393
0.43958485,0.43958485
0.4650925,0.4650925
0.44985056,0.44985056
0.5117324,0.5117324
0.4558414,0.4558414
0.53947955,0.53947955
0.5043374,0.5043374
0.54854125,0.54854125
0.6339955,0.6339955
0.46378735,0.46378735
0.44641075,0.44641075
0.4643445,0.4643445
0.50579715,0.50579715
0.41684473,0.41684473
0.6849754,0.6849754
0.65814346,0.65814346
0.68965346,0.68965346
0.56758076,0.56758076
0.38940027,0.38940027
0.42917973,0.42917973
0.45444465,0.45444465
0.57033163,0.57033163
0.6124528,0.6124528
0.5983573,0.5983573
0.48260847,0.48260847
0.6110797,0.6110797
0.6715458,0.6715458
0.4120673,0.4120673
0.46807927,0.46807927
0.47918463,0.47918463
0.4601832,0.4601832
0.4941674,0.4941674
0.46459723,0.46459723
0.5466336,0.5466336
0.39452133,0.39452133
0.50813836,0.50813836
0.5332595,0.5332595
0.48868674,0.48868674
0.48699528,0.48699528
0.4633158,0.4633158
0.44891348,0.44891348
0.49028102,0.49028102
0.50909704,0.50909704
0.38984835,0.38984835
0.5181174,0.5181174
0.45656654,0.45656654
0.46829164,0.46829164
0.43296546,0.43296546
0.41185123,0.41185123
0.45666605,0.45666605
0.54462904,0.54462904
0.5762603,0.5762603
0.54689187,0.54689187
0.5703051,0.5703051
0.60634834,0.60634834
0.4237773,0.4237773
0.33809066,0.33809066
0.46375388,0.46375388
0.4817743,0.4817743
0.4659812,0.4659812
0.44586512,0.44586512
0.45257998,0.45257998
0.45339575,0.45339575
0.4434313,0.4434313
0.46446288,0.46446288
0.49114424,0.49114424
0.53648585,0.53648585
0.50988215,0.50988215
0.44497433,0.44497433
0.4551354,0.4551354
0.4289664,0.4289664
0.41739196,0.41739196
0.403496,0.403496
0.5494848,0.5494848
0.5805191,0.5805191
0.62712944,0.62712944
0.5072348,0.5072348
0.4872548,0.4872548
0.5383589,0.5383589
0.5197339,0.5197339
0.5336904,0.5336904
0.58356065,0.58356065
0.6020606,0.6020606
0.53038675,0.53038675
0.6076022,0.6076022
0.6318908,0.6318908
0.6088527,0.6088527
0.660102,0.660102
0.55020124,0.55020124
0.56471616,0.56471616
0.4130991,0.4130991
0.42572182,0.42572182
0.5058027,0.5058027
0.4656015,0.4656015
0.43758708,0.43758708
0.45140493,0.45140493
0.47678825,0.47678825
0.48176715,0.48176715
0.5885961,0.5885961
0.55368936,0.55368936
0.41565478,0.41565478
0.44826534,0.44826534
0.6380678,0.6380678
0.6452881,0.6452881
0.56976455,0.56976455
0.41362226,0.41362226
0.461184,0.461184
0.44507238,0.44507238
0.40327638,0.40327638
0.39254683,0.39254683
0.5923458,0.5923458
0.55910176,0.55910176
0.5687951,0.5687951
0.5500398,0.5500398
0.39155713,0.39155713
0.46042493,0.46042493
0.42560738,0.42560738
0.46624306,0.46624306
0.44302097,0.44302097
0.58920705,0.58920705
0.4591603,0.4591603
0.50129324,0.50129324
0.41642714,0.41642714
0.35316718,0.35316718
0.5942329,0.5942329
0.40765044,0.40765044
0.3766621,0.3766621
0.5802142,0.5802142
0.515851,0.515851
0.41673845,0.41673845
0.40309095,0.40309095
0.60830206,0.60830206
0.58307475,0.58307475
0.5151205,0.5151205
0.52884656,0.52884656
0.56792265,0.56792265
0.5865915,0.5865915
0.58861315,0.58861315
0.32133725,0.32133725
0.4127526,0.4127526
0.46930444,0.46930444
0.549747,0.549747
0.5089395,0.5089395
0.40251696,0.40251696
0.40777108,0.40777108
0.48892662,0.48892662
0.6195612,0.6195612
0.5822359,0.5822359
0.6463231,0.6463231
0.63892406,0.63892406
0.6102916,0.6102916
0.5613405,0.5613405
0.5896589,0.5896589
0.5500427,0.5500427
0.6074674,0.6074674
0.5717921,0.5717921
0.6237912,0.6237912
0.5997524,0.5997524
0.6050453,0.6050453
0.61545134,0.61545134
0.5794131,0.5794131
0.53243876,0.53243876
0.59081835,0.59081835
0.5585273,0.5585273
0.57008576,0.57008576
0.5271323,0.5271323
0.5735697,0.5735697
0.5658895,0.5658895
0.5922499,0.5922499
0.5232613,0.5232613
0.50351745,0.50351745
0.5653334,0.5653334
0.60385895,0.60385895
0.5887913,0.5887913
0.583039,0.583039
0.5989405,0.5989405
0.6170071,0.6170071
0.59616995,0.59616995
0.64928997,0.64928997
0.59474707,0.59474707
0.60299295,0.60299295
0.6188111,0.6188111
0.60220104,0.60220104
0.6334395,0.6334395
0.5774391,0.5774391
0.6270942,0.6270942
0.5961842,0.5961842
0.58579123,0.58579123
0.57935196,0.57935196
0.6216696,0.6216696
0.5819361,0.5819361
0.617878,0.617878
0.636192,0.636192
0.6577912,0.6577912
0.6622575,0.6622575
0.5965292,0.5965292
0.5382571,0.5382571
0.50855815,0.50855815
0.56896764,0.56896764
0.5780829,0.5780829
0.5143802,0.5143802
0.5878373,0.5878373
0.57364094,0.57364094
0.582276,0.582276
0.627482,0.627482
0.59900224,0.59900224
0.5793139,0.5793139
0.61753654,0.61753654
0.54006976,0.54006976
0.6248988,0.6248988
0.60001224,0.60001224
0.5982096,0.5982096
0.6217101,0.6217101
0.6180928,0.6180928
0.647955,0.647955
0.5974271,0.5974271
0.55230373,0.55230373
0.51440096,0.51440096
0.53561544,0.53561544
0.48279786,0.48279786
0.42019632,0.42019632
0.41655344,0.41655344
0.4464775,0.4464775
0.41145408,0.41145408
0.45067582,0.45067582
0.47024965,0.47024965
0.61799437,0.61799437
0.62496054,0.62496054
0.51718444,0.51718444
0.50134355,0.50134355
0.5948523,0.5948523
0.56252146,0.56252146
0.5899762,0.5899762
0.6104666,0.6104666
0.6348479,0.6348479
0.62272155,0.62272155
0.5526969,0.5526969
0.39596128,0.39596128
0.45077828,0.45077828
0.43523374,0.43523374
0.5807731,0.5807731
0.65392816,0.65392816
0.61624765,0.61624765
0.6288395,0.6288395
0.5872158,0.5872158
0.5929646,0.5929646
0.63710153,0.63710153
0.5857702,0.5857702
0.6386916,0.6386916
0.5880781,0.5880781
0.5496689,0.5496689
0.64186025,0.64186025
0.58359843,0.58359843
0.61317164,0.61317164
0.5981269,0.5981269
0.6174384,0.6174384
0.5970685,0.5970685
0.6053138,0.6053138
0.6024685,0.6024685
0.6515571,0.6515571
0.6373898,0.6373898
0.6115718,0.6115718
0.63800496,0.63800496
0.60136425,0.60136425
0.58787674,0.58787674
0.64346117,0.64346117
0.60482067,0.60482067
0.6033307,0.6033307
0.5775817,0.5775817
0.6092238,0.6092238
0.63177913,0.63177913
0.62627375,0.62627375
0.6382256,0.6382256
0.6046784,0.6046784
0.5823745,0.5823745
0.62558997,0.62558997
0.62704635,0.62704635
0.6164277,0.6164277
0.6109199,0.6109199
0.60544145,0.60544145
0.6599728,0.6599728
0.6168683,0.6168683
0.60779136,0.60779136
0.6119765,0.6119765
0.58038896,0.58038896
0.66625804,0.66625804
0.58185816,0.58185816
0.58712447,0.58712447
0.5759206,0.5759206
0.6207853,0.6207853
0.48808342,0.48808342
0.46231583,0.46231583
0.6599183,0.6599183
0.62509686,0.62509686
0.6284682,0.6284682
0.59729123,0.59729123
0.5162688,0.5162688
0.56181294,0.56181294
0.6267618,0.6267618
0.6119629,0.6119629
0.58636886,0.58636886
0.47990727,0.47990727
0.49803048,0.49803048
0.6169311,0.6169311
0.544443,0.544443
0.5989441,0.5989441
0.5357061,0.5357061
0.49981248,0.49981248
0.57107896,0.57107896
0.6375697,0.6375697
0.62395906,0.62395906
0.6525472,0.6525472
0.5482901,0.5482901
0.58219355,0.58219355
0.46269912,0.46269912
0.47459596,0.47459596
0.5605153,0.5605153
0.6248939,0.6248939
0.6265646,0.6265646
0.621023,0.621023
0.58336073,0.58336073
0.58849907,0.58849907
0.5443434,0.5443434
0.5623343,0.5623343
0.6153759,0.6153759
0.5830422,0.5830422
0.5875873,0.5875873
0.6325042,0.6325042
0.6736806,0.6736806
0.6376598,0.6376598
0.61645174,0.61645174
0.6204522,0.6204522
0.5113599,0.5113599
0.6303941,0.6303941
0.5932353,0.5932353
0.5830091,0.5830091
0.6053421,0.6053421
0.5612067,0.5612067
0.5868074,0.5868074
0.5404897,0.5404897
0.50292283,0.50292283
0.5741005,0.5741005
0.4850454,0.4850454
0.49979654,0.49979654
0.64192194,0.64192194
0.6620302,0.6620302
0.5922946,0.5922946
0.5673281,0.5673281
0.5916251,0.5916251
0.4984148,0.4984148
0.5293835,0.5293835
0.59626985,0.59626985
0.5018092,0.5018092
0.566345,0.566345
0.5997851,0.5997851
0.63337654,0.63337654
0.61286426,0.61286426
0.5694238,0.5694238
0.61039054,0.61039054
0.58076286,0.58076286
0.5846988,0.5846988
0.58572763,0.58572763
0.5098111,0.5098111
0.5408669,0.5408669
0.5684807,0.5684807
0.60516906,0.60516906
0.5055288,0.5055288
0.5298082,0.5298082
0.58658904,0.58658904
0.53687704,0.53687704
0.5749933,0.5749933
0.5587128,0.5587128
0.5247123,0.5247123
0.53165436,0.53165436
0.6170747,0.6170747
0.60070527,0.60070527
0.6324188,0.6324188
0.62251925,0.62251925
0.6135007,0.6135007
0.56898105,0.56898105
0.63005495,0.63005495
0.5886226,0.5886226
0.5298231,0.5298231
0.5935311,0.5935311
0.56432414,0.56432414
0.53762734,0.53762734
0.52268463,0.52268463
0.56860834,0.56860834
0.50345755,0.50345755
0.5887975,0.5887975
0.52632314,0.52632314
0.56800777,0.56800777
0.62357754,0.62357754
0.59069073,0.59069073
0.6611623,0.6611623
0.61655957,0.61655957
0.4757801,0.4757801
0.5402934,0.5402934
0.4841551,0.4841551
0.5287511,0.5287511
0.5529963,0.5529963
0.5312967,0.5312967
0.6262288,0.6262288
0.66106415,0.66106415
0.5536691,0.5536691
0.5967578,0.5967578
0.57737374,0.57737374
0.64610666,0.64610666
0.5622924,0.5622924
0.61092913,0.61092913
0.62267786,0.62267786
0.6402424,0.6402424
0.5537907,0.5537907
0.59824073,0.59824073
0.62120855,0.62120855
0.5906508,0.5906508
0.57996035,0.57996035
0.5982775,0.5982775
0.46101788,0.46101788
0.48904243,0.48904243
0.56946284,0.56946284
0.55188763,0.55188763
0.53558856,0.53558856
0.5894478,0.5894478
0.6336714,0.6336714
0.60394365,0.60394365
0.6052456,0.6052456
0.5935968,0.5935968
0.6396203,0.6396203
0.5188078,0.5188078
0.53295153,0.53295153
0.6173694,0.6173694
0.61531097,0.61531097
0.5045063,0.5045063
0.53317785,0.53317785
0.5515668,0.5515668
0.6706458,0.6706458
0.6241559,0.6241559
0.6365662,0.6365662
0.59147006,0.59147006
0.4566813,0.4566813
0.41347572,0.41347572
0.36406904,0.36406904
0.35368025,0.35368025
0.41212204,0.41212204
0.45674574,0.45674574
0.67093503,0.67093503
0.6121946,0.6121946
0.5898382,0.5898382
0.58875275,0.58875275
0.6334727,0.6334727
0.5540298,0.5540298
0.59998107,0.59998107
0.63121176,0.63121176
0.60338366,0.60338366
0.5725941,0.5725941
0.5360075,0.5360075
0.57588744,0.57588744
0.51741165,0.51741165
0.40491262,0.40491262
0.42279452,0.42279452
0.49113864,0.49113864
0.436449,0.436449
0.4662416,0.4662416
0.5638612,0.5638612
0.5707272,0.5707272
0.6897742,0.6897742
0.6021301,0.6021301
0.6792775,0.6792775
0.5772124,0.5772124
0.41900745,0.41900745
0.4896958,0.4896958
0.5700076,0.5700076
0.55219805,0.55219805
0.60548866,0.60548866
0.4652476,0.4652476
0.610304,0.610304
0.5517116,0.5517116
0.49630347,0.49630347
0.55791,0.55791
0.44455013,0.44455013
0.58995074,0.58995074
0.6204337,0.6204337
0.61149186,0.61149186
0.5743157,0.5743157
0.4655708,0.4655708
0.6017853,0.6017853
0.60624486,0.60624486
0.6605377,0.6605377
0.6146513,0.6146513
0.56945056,0.56945056
0.5689609,0.5689609
0.47003403,0.47003403
0.5849158,0.5849158
0.6085258,0.6085258
0.6110038,0.6110038
0.49358556,0.49358556
0.4711406,0.4711406
0.60973006,0.60973006
0.6066949,0.6066949
0.6291564,0.6291564
0.63640875,0.63640875
0.5995402,0.5995402
0.6169466,0.6169466
0.47197208,0.47197208
0.61191386,0.61191386
0.53086,0.53086
0.6154222,0.6154222
0.49520224,0.49520224
0.5502432,0.5502432
0.5339849,0.5339849
0.44604826,0.44604826
0.41868955,0.41868955
0.49297553,0.49297553
0.50054306,0.50054306
0.6481943,0.6481943
0.6250473,0.6250473
0.61826104,0.61826104
0.6472383,0.6472383
0.592004,0.592004
0.61830664,0.61830664
0.60244286,0.60244286
0.67090786,0.67090786
0.617782,0.617782
0.622664,0.622664
0.6045493,0.6045493
0.6220838,0.6220838
0.6136383,0.6136383
0.5865035,0.5865035
0.6383804,0.6383804
0.5954506,0.5954506
0.6320603,0.6320603
0.63819826,0.63819826
0.59644186,0.59644186
0.65451133,0.65451133
0.62224,0.62224
0.5966597,0.5966597
0.67730117,0.67730117
0.5957064,0.5957064
0.63326794,0.63326794
0.6280464,0.6280464
0.6038251,0.6038251
0.63068753,0.63068753
0.6768114,0.6768114
0.45376852,0.45376852
0.48302272,0.48302272
0.37680185,0.37680185
0.40166613,0.40166613
0.4969464,0.4969464
0.63124955,0.63124955
0.5132562,0.5132562
0.53559,0.53559
0.5234963,0.5234963
0.50357234,0.50357234
0.60851556,0.60851556
0.60124505,0.60124505
0.6174057,0.6174057
0.62037885,0.62037885
0.6503005,0.6503005
0.61363137,0.61363137
0.63790834,0.63790834
0.41011685,0.41011685
0.36008418,0.36008418
0.3267167,0.3267167
0.47869354,0.47869354
0.623517,0.623517
0.608285,0.608285
0.69536597,0.69536597
0.60965514,0.60965514
0.59688234,0.59688234
0.34196663,0.34196663
0.47880206,0.47880206
0.34091252,0.34091252
0.41734707,0.41734707
0.41498607,0.41498607
0.4779665,0.4779665
0.40396446,0.40396446
0.44237456,0.44237456
0.5494477,0.5494477
0.5518206,0.5518206
0.41635758,0.41635758
0.34996548,0.34996548
0.5352431,0.5352431
0.67209446,0.67209446
0.56265527,0.56265527
0.47550482,0.47550482
0.42534947,0.42534947
0.36669573,0.36669573
0.54354084,0.54354084
0.37558606,0.37558606
0.54370797,0.54370797
0.5448839,0.5448839
0.5531698,0.5531698
0.5278358,0.5278358
0.5667919,0.5667919
0.60086274,0.60086274
0.5439658,0.5439658
0.4313485,0.4313485
0.37714905,0.37714905
0.4199855,0.4199855
0.42752132,0.42752132
0.481699,0.481699
0.508166,0.508166
0.4148487,0.4148487
0.5194574,0.5194574
0.4649544,0.4649544
0.34648412,0.34648412
0.36646828,0.36646828
0.3986193,0.3986193
0.56958145,0.56958145
0.3600017,0.3600017
0.45018882,0.45018882
0.5615947,0.5615947
0.5958366,0.5958366
0.5030847,0.5030847
0.36196756,0.36196756
0.46314904,0.46314904
0.3627457,0.3627457
0.42083445,0.42083445
0.43392688,0.43392688
0.42444468,0.42444468
0.41460565,0.41460565
0.4275833,0.4275833
0.39770624,0.39770624
0.31354097,0.31354097
0.3315217,0.3315217
0.39004642,0.39004642
0.30703294,0.30703294
0.34080672,0.34080672
0.30337647,0.30337647
0.29972288,0.29972288
0.29261804,0.29261804
0.31236252,0.31236252
0.42312294,0.42312294
0.58041537,0.58041537
0.4607523,0.4607523
0.40967068,0.40967068
0.5108423,0.5108423
0.6021476,0.6021476
0.5981022,0.5981022
0.51875705,0.51875705
0.4795532,0.4795532
0.4322291,0.4322291
0.4171271,0.4171271
0.3982209,0.3982209
0.3820055,0.3820055
0.3062188,0.3062188
0.33682993,0.33682993
0.3520747,0.3520747
0.3265751,0.3265751
0.28922755,0.28922755
0.29795605,0.29795605
0.3252536,0.3252536
0.32262385,0.32262385
0.41021225,0.41021225
0.3791485,0.3791485
0.5030339,0.5030339
0.63337916,0.63337916
0.61513025,0.61513025
0.43868935,0.43868935
0.4947666,0.4947666
0.60110587,0.60110587
0.5854179,0.5854179
0.46975258,0.46975258
0.5777604,0.5777604
0.41918895,0.41918895
0.52011824,0.52011824
0.47033212,0.47033212
0.45957342,0.45957342
0.4806165,0.4806165
0.6027469,0.6027469
0.41423798,0.41423798
0.5126626,0.5126626
0.5860645,0.5860645
0.5042378,0.5042378
0.5430055,0.5430055
0.6050096,0.6050096
0.5593827,0.5593827
0.46892548,0.46892548
0.59552866,0.59552866
0.50449246,0.50449246
0.5781479,0.5781479
0.60107595,0.60107595
0.6279633,0.6279633
0.60643625,0.60643625
0.60424596,0.60424596
0.6142455,0.6142455
0.6137597,0.6137597
0.6309072,0.6309072
0.60052276,0.60052276
0.60233057,0.60233057
0.6380723,0.6380723
0.65052366,0.65052366
0.6163506,0.6163506
0.62068087,0.62068087
0.6134104,0.6134104
0.6124153,0.6124153
0.57868177,0.57868177
0.5809771,0.5809771
0.57216316,0.57216316
0.60180837,0.60180837
0.6122316,0.6122316
0.60265017,0.60265017
0.5979766,0.5979766
0.62905693,0.62905693
0.61011887,0.61011887
0.59493476,0.59493476
0.63893586,0.63893586
0.6170978,0.6170978
0.6110144,0.6110144
0.5486632,0.5486632
0.64219034,0.64219034
0.62654907,0.62654907
0.57192504,0.57192504
0.54925054,0.54925054
0.52950275,0.52950275
0.520319,0.520319
0.5469776,0.5469776
0.5049863,0.5049863
0.62350994,0.62350994
0.56408435,0.56408435
0.56343156,0.56343156
0.5450691,0.5450691
0.4775221,0.4775221
0.4226953,0.4226953
0.4224838,0.4224838
0.42358002,0.42358002
0.42879245,0.42879245
0.43040478,0.43040478
0.42976037,0.42976037
0.40080023,0.40080023
0.4004046,0.4004046
0.38798156,0.38798156
0.4487017,0.4487017
0.36164337,0.36164337
0.43447304,0.43447304
0.41954827,0.41954827
0.3927805,0.3927805
0.50417787,0.50417787
0.4977572,0.4977572
0.6066439,0.6066439
0.53965515,0.53965515
0.6059907,0.6059907
0.56434834,0.56434834
0.48163816,0.48163816
0.39137876,0.39137876
0.4084324,0.4084324
0.36121413,0.36121413
0.3454754,0.3454754
0.3589028,0.3589028
0.42736188,0.42736188
0.5466548,0.5466548
0.58241147,0.58241147
0.6395146,0.6395146
0.6201253,0.6201253
0.56666976,0.56666976
0.5515119,0.5515119
0.4561221,0.4561221
0.44264618,0.44264618
0.4478693,0.4478693
0.51397943,0.51397943
0.47872192,0.47872192
0.5917001,0.5917001
0.61988664,0.61988664
0.4163025,0.4163025
0.4641927,0.4641927
0.5339935,0.5339935
0.37805045,0.37805045
0.42672792,0.42672792
0.36010703,0.36010703
0.56604695,0.56604695
0.55693865,0.55693865
0.5949625,0.5949625
0.39574984,0.39574984
0.43877932,0.43877932
0.44975448,0.44975448
0.42626187,0.42626187
0.39951056,0.39951056
0.35751206,0.35751206
0.4158575,0.4158575
0.47269148,0.47269148
0.3822698,0.3822698
0.3676181,0.3676181
0.43879008,0.43879008
0.33877796,0.33877796
0.5262164,0.5262164
0.6551184,0.6551184
0.54334694,0.54334694
0.34493244,0.34493244
0.38991675,0.38991675
0.5414742,0.5414742
0.5285449,0.5285449
0.5440733,0.5440733
0.49271688,0.49271688
0.41927823,0.41927823
0.36336112,0.36336112
0.3803777,0.3803777
0.34883243,0.34883243
0.4261313,0.4261313
0.415488,0.415488
0.36440977,0.36440977
0.3925324,0.3925324
0.5057466,0.5057466
0.33400542,0.33400542
0.39081895,0.39081895
0.35480443,0.35480443
0.50372136,0.50372136
0.4684517,0.4684517
0.42807788,0.42807788
0.4456346,0.4456346
0.45246327,0.45246327
0.4995174,0.4995174
0.46962425,0.46962425
0.4959876,0.4959876
0.49358302,0.49358302
0.44690597,0.44690597
0.39215985,0.39215985
0.37182373,0.37182373
0.3732224,0.3732224
0.5857616,0.5857616
0.5408545,0.5408545
0.50508153,0.50508153
0.51566005,0.51566005
0.47885764,0.47885764
0.52188444,0.52188444
0.48841766,0.48841766
0.5323822,0.5323822
0.6505843,0.6505843
0.57584196,0.57584196
0.6080682,0.6080682
0.61446035,0.61446035
0.3700161,0.3700161
0.60027707,0.60027707
0.6278159,0.6278159
0.62614846,0.62614846
0.6069045,0.6069045
0.6229944,0.6229944
0.47321784,0.47321784
0.50106585,0.50106585
0.58409435,0.58409435
0.56169003,0.56169003
0.5215539,0.5215539
0.43204778,0.43204778
0.504861,0.504861
0.57851124,0.57851124
0.57380974,0.57380974
0.52366376,0.52366376
0.55320823,0.55320823
0.39573032,0.39573032
0.43046165,0.43046165
0.37760538,0.37760538
0.4703095,0.4703095
0.42481434,0.42481434
0.4133077,0.4133077
0.42003825,0.42003825
0.43660694,0.43660694
0.43169266,0.43169266
0.5073646,0.5073646
0.5859397,0.5859397
0.7421999,0.7421999
0.5356156,0.5356156
0.4505892,0.4505892
0.54154587,0.54154587
0.48835346,0.48835346
0.37734398,0.37734398
0.2932476,0.2932476
0.29758415,0.29758415
0.37013155,0.37013155
0.4057712,0.4057712
0.46982393,0.46982393
0.5385202,0.5385202
0.4441925,0.4441925
0.5443654,0.5443654
0.49286717,0.49286717
0.47480473,0.47480473
0.49766764,0.49766764
0.46531823,0.46531823
0.61549586,0.61549586
0.68596715,0.68596715
0.3355289,0.3355289
0.4553197,0.4553197
0.4445863,0.4445863
0.46121687,0.46121687
0.40623784,0.40623784
0.52869564,0.52869564
0.5564672,0.5564672
0.520926,0.520926
0.52738196,0.52738196
0.36115083,0.36115083
0.5756419,0.5756419
0.6148091,0.6148091
0.5671526,0.5671526
0.5812211,0.5812211
0.3554128,0.3554128
0.4515384,0.4515384
0.40891188,0.40891188
0.6032285,0.6032285
0.5029422,0.5029422
0.63214827,0.63214827
0.57720584,0.57720584
0.59142953,0.59142953
0.60878545,0.60878545
0.61199015,0.61199015
0.5839334,0.5839334
0.4064445,0.4064445
0.40978125,0.40978125
0.36118108,0.36118108
0.36599845,0.36599845
0.40984493,0.40984493
0.44663447,0.44663447
0.42975265,0.42975265
0.44535914,0.44535914
0.4513845,0.4513845
0.45442048,0.45442048
0.41810036,0.41810036
0.5250682,0.5250682
0.5953794,0.5953794
0.6264798,0.6264798
0.62815326,0.62815326
0.6026252,0.6026252
0.6256816,0.6256816
0.59742314,0.59742314
0.60497904,0.60497904
0.6436563,0.6436563
0.626679,0.626679
0.5947514,0.5947514
0.5960829,0.5960829
0.59992,0.59992
0.6160373,0.6160373
0.60485196,0.60485196
0.65583855,0.65583855
0.6232083,0.6232083
0.5750027,0.5750027
0.6065634,0.6065634
0.5910796,0.5910796
0.61718553,0.61718553
0.62204546,0.62204546
0.5401856,0.5401856
0.55419064,0.55419064
0.7045465,0.7045465
0.48561522,0.48561522
0.43995517,0.43995517
0.5358373,0.5358373
0.60522205,0.60522205
0.35710508,0.35710508
0.31782344,0.31782344
0.3825163,0.3825163
0.3925299,0.3925299
0.71353304,0.71353304
0.4872203,0.4872203
0.35016352,0.35016352
0.3516373,0.3516373
0.45731893,0.45731893
0.44997442,0.44997442
0.6517339,0.6517339
0.569588,0.569588
0.6122961,0.6122961
0.6154799,0.6154799
0.5626063,0.5626063
0.47544554,0.47544554
0.49154982,0.49154982
0.58948135,0.58948135
0.5265138,0.5265138
0.37600768,0.37600768
0.4777812,0.4777812
0.42036033,0.42036033
0.5230907,0.5230907
0.44398284,0.44398284
0.47141793,0.47141793
0.48791155,0.48791155
0.41812193,0.41812193
0.4849537,0.4849537
0.46448916,0.46448916
0.4842998,0.4842998
0.43322107,0.43322107
0.54020643,0.54020643
0.36353445,0.36353445
0.38589692,0.38589692
0.32620946,0.32620946
0.40633985,0.40633985
0.40059307,0.40059307
0.4293401,0.4293401
0.48323137,0.48323137
0.45869473,0.45869473
0.43587908,0.43587908
0.419931,0.419931
0.42095953,0.42095953
0.6363218,0.6363218
0.5779129,0.5779129
0.54827136,0.54827136
0.5356411,0.5356411
0.52582824,0.52582824
0.63423645,0.63423645
0.40983292,0.40983292
0.41726562,0.41726562
0.50196135,0.50196135
0.5493676,0.5493676
0.38761517,0.38761517
0.43034837,0.43034837
0.4298495,0.4298495
0.6044752,0.6044752
0.5804159,0.5804159
0.63220626,0.63220626
0.6046676,0.6046676
0.40701306,0.40701306
0.4161118,0.4161118
0.5743097,0.5743097
0.59516954,0.59516954
0.599517,0.599517
0.56079185,0.56079185
0.60239416,0.60239416
0.44597688,0.44597688
0.5727626,0.5727626
0.5871509,0.5871509
0.57263845,0.57263845
0.4790659,0.4790659
0.533115,0.533115
0.5844349,0.5844349
0.42879742,0.42879742
0.4523565,0.4523565
0.42478728,0.42478728
0.4157297,0.4157297
0.42859522,0.42859522
0.44059357,0.44059357
0.36437413,0.36437413
0.42893142,0.42893142
0.34209317,0.34209317
0.36940506,0.36940506
0.3589119,0.3589119
0.38258132,0.38258132
0.37141055,0.37141055
0.35703745,0.35703745
0.38272405,0.38272405
0.4071595,0.4071595
0.40017104,0.40017104
0.48650405,0.48650405
0.5681825,0.5681825
0.57114375,0.57114375
0.6224665,0.6224665
0.57957363,0.57957363
0.58987314,0.58987314
0.47062844,0.47062844
0.48681447,0.48681447
0.6116172,0.6116172
0.616712,0.616712
0.6546576,0.6546576
0.5843219,0.5843219
0.5939195,0.5939195
0.6408514,0.6408514
0.6086109,0.6086109
0.59819496,0.59819496
0.5457932,0.5457932
0.5843531,0.5843531
0.5287857,0.5287857
0.49502033,0.49502033
0.59283656,0.59283656
0.54526955,0.54526955
0.5563435,0.5563435
0.48498958,0.48498958
0.5067786,0.5067786
0.42574397,0.42574397
0.4166374,0.4166374
0.3575523,0.3575523
0.45131588,0.45131588
0.49647263,0.49647263
0.40290082,0.40290082
0.37386948,0.37386948
0.5504473,0.5504473
0.43297136,0.43297136
0.3120584,0.3120584
0.28721097,0.28721097
0.3025695,0.3025695
0.31094438,0.31094438
0.4153374,0.4153374
0.38532317,0.38532317
0.3819471,0.3819471
0.46804252,0.46804252
0.4212211,0.4212211
0.3916995,0.3916995
0.6188288,0.6188288
0.5603917,0.5603917
0.39624166,0.39624166
0.3411818,0.3411818
0.42372113,0.42372113
0.46902582,0.46902582
0.4635215,0.4635215
0.41960356,0.41960356
0.38445947,0.38445947
0.5969683,0.5969683
0.58883655,0.58883655
0.36120147,0.36120147
0.48926097,0.48926097
0.40011036,0.40011036
0.40535998,0.40535998
0.47310624,0.47310624
0.4672734,0.4672734
0.48752797,0.48752797
0.37295234,0.37295234
0.3896144,0.3896144
0.39461973,0.39461973
0.43740025,0.43740025
0.4534955,0.4534955
0.42573762,0.42573762
0.5307848,0.5307848
0.48318353,0.48318353
0.48408473,0.48408473
0.47143728,0.47143728
0.48353136,0.48353136
0.49373347,0.49373347
0.5418659,0.5418659
0.6372822,0.6372822
0.6330709,0.6330709
0.59469587,0.59469587
0.5832131,0.5832131
0.63557076,0.63557076
0.6530955,0.6530955
0.59340817,0.59340817
0.6133265,0.6133265
0.63552666,0.63552666
0.5344173,0.5344173
0.4652674,0.4652674
0.45805073,0.45805073
0.62898594,0.62898594
0.6418876,0.6418876
0.6339706,0.6339706
0.5920683,0.5920683
0.4572418,0.4572418
0.5136947,0.5136947
0.5946655,0.5946655
0.56215185,0.56215185
0.5694625,0.5694625
0.61310995,0.61310995
0.63307416,0.63307416
0.4161604,0.4161604
0.39020786,0.39020786
0.35395724,0.35395724
0.4874426,0.4874426
0.6029257,0.6029257
0.60971653,0.60971653
0.49740693,0.49740693
0.42252982,0.42252982
0.39940178,0.39940178
0.4407336,0.4407336
0.4445573,0.4445573
0.4661765,0.4661765
0.38066325,0.38066325
0.36956954,0.36956954
0.42951646,0.42951646
0.5317984,0.5317984
0.48990133,0.48990133
0.6138929,0.6138929
0.56059635,0.56059635
0.41018492,0.41018492
0.36882845,0.36882845
0.43245924,0.43245924
0.42325988,0.42325988
0.3987419,0.3987419
0.38990766,0.38990766
0.4954077,0.4954077
0.37462693,0.37462693
0.3517357,0.3517357
0.38914892,0.38914892
0.45697126,0.45697126
0.35929888,0.35929888
0.34917787,0.34917787
0.56700325,0.56700325
0.5935904,0.5935904
0.4657168,0.4657168
0.41239733,0.41239733
0.35012946,0.35012946
0.42521867,0.42521867
0.4231704,0.4231704
0.3348758,0.3348758
0.42991522,0.42991522
0.51768416,0.51768416
0.43846536,0.43846536
0.54754436,0.54754436
0.43504617,0.43504617
0.49230093,0.49230093
0.523256,0.523256
0.4541753,0.4541753
0.47692007,0.47692007
0.5016228,0.5016228
0.61691934,0.61691934
0.49687523,0.49687523
0.54688394,0.54688394
0.45367375,0.45367375
0.61677045,0.61677045
0.6027217,0.6027217
0.6004853,0.6004853
0.547978,0.547978
0.44672135,0.44672135
0.43337032,0.43337032
0.48323035,0.48323035
0.48445627,0.48445627
0.695575,0.695575
0.5390027,0.5390027
0.32660082,0.32660082
0.37495542,0.37495542
0.36622533,0.36622533
0.367902,0.367902
0.57108134,0.57108134
0.47501615,0.47501615
0.45889124,0.45889124
0.43935385,0.43935385
0.47583082,0.47583082
0.5840175,0.5840175
0.39143106,0.39143106
0.35463545,0.35463545
0.36945316,0.36945316
0.41624537,0.41624537
0.456776,0.456776
0.57025695,0.57025695
0.61742383,0.61742383
0.60081923,0.60081923
0.5817933,0.5817933
0.5865964,0.5865964
0.55333203,0.55333203
0.57815474,0.57815474
0.63299775,0.63299775
0.6388695,0.6388695
0.62668914,0.62668914
0.56058306,0.56058306
0.55948895,0.55948895
0.59524995,0.59524995
0.6070831,0.6070831
0.6186627,0.6186627
0.6488312,0.6488312
0.5865246,0.5865246
0.66269094,0.66269094
0.585285,0.585285
0.6007146,0.6007146
0.6353468,0.6353468
0.6193987,0.6193987
0.56871986,0.56871986
0.49571204,0.49571204
0.48617342,0.48617342
0.36866114,0.36866114
0.54223645,0.54223645
0.63231516,0.63231516
0.57900536,0.57900536
0.514333,0.514333
0.40855643,0.40855643
0.40364474,0.40364474
0.43576962,0.43576962
0.61757225,0.61757225
0.6562998,0.6562998
0.52442545,0.52442545
0.42176962,0.42176962
0.5931921,0.5931921
0.44517434,0.44517434
0.4741735,0.4741735
0.48333693,0.48333693
0.5885221,0.5885221
0.5494739,0.5494739
0.42651016,0.42651016
0.43486616,0.43486616
0.5687968,0.5687968
0.54211485,0.54211485
0.6485387,0.6485387
0.6028255,0.6028255
0.625544,0.625544
0.61634773,0.61634773
0.62176245,0.62176245
0.60690063,0.60690063
0.5947724,0.5947724
0.5959644,0.5959644
0.546621,0.546621
0.6280959,0.6280959
0.58697706,0.58697706
0.58657736,0.58657736
0.60059243,0.60059243
0.59805727,0.59805727
0.59609586,0.59609586
0.5716035,0.5716035
0.51892364,0.51892364
0.4751482,0.4751482
0.36409366,0.36409366
0.3872905,0.3872905
0.4728365,0.4728365
0.5780256,0.5780256
0.5611818,0.5611818
0.5443566,0.5443566
0.38124865,0.38124865
0.47997737,0.47997737
0.43016326,0.43016326
0.4099946,0.4099946
0.39668968,0.39668968
0.5397683,0.5397683
0.6345624,0.6345624
0.6517005,0.6517005
0.39778882,0.39778882
0.4360957,0.4360957
0.61345994,0.61345994
0.6112549,0.6112549
0.5231006,0.5231006
0.4954119,0.4954119
0.42242804,0.42242804
0.37081483,0.37081483
0.39875764,0.39875764
0.4236023,0.4236023
0.43554154,0.43554154
0.40291232,0.40291232
0.5474029,0.5474029
0.46164697,0.46164697
0.46350828,0.46350828
0.50638896,0.50638896
0.30534503,0.30534503
0.36726102,0.36726102
0.43347806,0.43347806
0.54511607,0.54511607
0.502785,0.502785
0.3515283,0.3515283
0.4848051,0.4848051
0.40233073,0.40233073
0.38596925,0.38596925
0.45437136,0.45437136
0.43621543,0.43621543
0.4159826,0.4159826
0.37744233,0.37744233
0.4772965,0.4772965
0.39446166,0.39446166
0.45005482,0.45005482
0.44448406,0.44448406
0.44192037,0.44192037
0.41722405,0.41722405
0.41942388,0.41942388
0.5735504,0.5735504
0.3473877,0.3473877
0.37523478,0.37523478
0.38287768,0.38287768
0.40320668,0.40320668
0.39381346,0.39381346
0.4607282,0.4607282
0.5092457,0.5092457
0.46141568,0.46141568
0.4134096,0.4134096
0.4391539,0.4391539
0.41844097,0.41844097
0.4324434,0.4324434
0.44614366,0.44614366
0.54903054,0.54903054
0.5882484,0.5882484
0.48373547,0.48373547
0.50621736,0.50621736
0.46447083,0.46447083
0.3917964,0.3917964
0.5935702,0.5935702
0.61576945,0.61576945
0.5588331,0.5588331
0.6215243,0.6215243
0.59247357,0.59247357
0.6313675,0.6313675
0.5859518,0.5859518
0.37258202,0.37258202
0.45512792,0.45512792
0.45255494,0.45255494
0.4571792,0.4571792
0.35779053,0.35779053
0.42697954,0.42697954
0.38121796,0.38121796
0.4216634,0.4216634
0.4773964,0.4773964
0.41448385,0.41448385
0.58246094,0.58246094
0.48261216,0.48261216
0.41518846,0.41518846
0.38079125,0.38079125
0.57788634,0.57788634
0.6251013,0.6251013
0.49151927,0.49151927
0.4472598,0.4472598
0.4217511,0.4217511
0.45577943,0.45577943
0.40749007,0.40749007
0.44174516,0.44174516
0.41921964,0.41921964
0.37660572,0.37660572
0.44352862,0.44352862
0.6115945,0.6115945
0.6420381,0.6420381
0.6439918,0.6439918
0.57142967,0.57142967
0.6592315,0.6592315
0.6221019,0.6221019
0.6260534,0.6260534
0.6138056,0.6138056
0.55871975,0.55871975
0.6579147,0.6579147
0.61274475,0.61274475
0.36898726,0.36898726
0.4330746,0.4330746
0.3730705,0.3730705
0.36479008,0.36479008
0.49067748,0.49067748
0.3612488,0.3612488
0.36267117,0.36267117
0.45863494,0.45863494
0.5311333,0.5311333
0.5562605,0.5562605
0.5680083,0.5680083
0.6110328,0.6110328
0.56612444,0.56612444
0.6429945,0.6429945
0.55699277,0.55699277
0.57846904,0.57846904
0.624821,0.624821
0.6343114,0.6343114
0.6265125,0.6265125
0.61570054,0.61570054
0.6008313,0.6008313
0.61574537,0.61574537
0.58095187,0.58095187
0.536642,0.536642
0.52907115,0.52907115
0.40923125,0.40923125
0.6600726,0.6600726
0.58660126,0.58660126
0.34305173,0.34305173
0.51931155,0.51931155
0.44146577,0.44146577
0.468066,0.468066
0.44775063,0.44775063
0.51104677,0.51104677
0.4791767,0.4791767
0.47251853,0.47251853
0.5869626,0.5869626
0.47626257,0.47626257
0.6007065,0.6007065
0.5092227,0.5092227
0.44569895,0.44569895
0.42851213,0.42851213
0.40358153,0.40358153
0.46205923,0.46205923
0.49291414,0.49291414
0.4946596,0.4946596
0.5480847,0.5480847
0.40558833,0.40558833
0.5461777,0.5461777
0.44245964,0.44245964
0.48431402,0.48431402
0.6101985,0.6101985
0.4757779,0.4757779
0.43709326,0.43709326
0.46602875,0.46602875
0.32202962,0.32202962
0.43126592,0.43126592
0.43705174,0.43705174
0.5058497,0.5058497
0.5687438,0.5687438
0.603478,0.603478
0.40174365,0.40174365
0.4784942,0.4784942
0.45308077,0.45308077
0.5606464,0.5606464
0.4385118,0.4385118
0.4235165,0.4235165
0.54595494,0.54595494
0.64950395,0.64950395
0.5560292,0.5560292
0.39311805,0.39311805
0.41824147,0.41824147
0.6489689,0.6489689
0.62025434,0.62025434
0.4540822,0.4540822
0.4627657,0.4627657
0.4965141,0.4965141
0.447414,0.447414
0.44438997,0.44438997
0.34106115,0.34106115
0.37591153,0.37591153
0.593232,0.593232
0.56823987,0.56823987
0.4084577,0.4084577
0.40562668,0.40562668
0.3780338,0.3780338
0.40963686,0.40963686
0.467572,0.467572
0.3841538,0.3841538
0.3818202,0.3818202
0.48328993,0.48328993
0.54339015,0.54339015
0.5961236,0.5961236
0.45101565,0.45101565
0.46474767,0.46474767
0.39259896,0.39259896
0.4902652,0.4902652
0.43217975,0.43217975
0.38502944,0.38502944
0.3780148,0.3780148
0.44643927,0.44643927
0.62646466,0.62646466
0.5909282,0.5909282
0.5908806,0.5908806
0.49242368,0.49242368
0.42746207,0.42746207
0.5220013,0.5220013
0.4715781,0.4715781
0.43226638,0.43226638
0.42978394,0.42978394
0.48566222,0.48566222
0.44516298,0.44516298
0.40599328,0.40599328
0.43403453,0.43403453
0.43417042,0.43417042
0.6630421,0.6630421
0.57049954,0.57049954
0.57186127,0.57186127
0.46089828,0.46089828
0.32354388,0.32354388
0.38012892,0.38012892
0.36712927,0.36712927
0.4020185,0.4020185
0.39311507,0.39311507
0.43809995,0.43809995
0.39014032,0.39014032
0.45606098,0.45606098
0.40954083,0.40954083
0.39482108,0.39482108
0.3883081,0.3883081
0.43457696,0.43457696
0.43994442,0.43994442
0.6528818,0.6528818
0.5967221,0.5967221
0.58178145,0.58178145
0.5950159,0.5950159
0.60363716,0.60363716
0.58797336,0.58797336
0.5961784,0.5961784
0.605934,0.605934
0.5730963,0.5730963
0.4342529,0.4342529
0.6124998,0.6124998
0.628871,0.628871
0.634204,0.634204
0.50965506,0.50965506
0.5088602,0.5088602
0.42782462,0.42782462
0.42382616,0.42382616
0.4112595,0.4112595
0.35364473,0.35364473
0.37283984,0.37283984
0.40379468,0.40379468
0.57401764,0.57401764
0.588345,0.588345
0.6154455,0.6154455
0.6303777,0.6303777
0.55132735,0.55132735
0.57209575,0.57209575
0.59802693,0.59802693
0.57553166,0.57553166
0.60676414,0.60676414
0.60516083,0.60516083
0.5750458,0.5750458
0.65992934,0.65992934
0.5931804,0.5931804
0.61831903,0.61831903
0.61346847,0.61346847
0.61102223,0.61102223
0.6364972,0.6364972
0.6052153,0.6052153
0.6011866,0.6011866
0.57308495,0.57308495
0.5541064,0.5541064
0.62465227,0.62465227
0.57979804,0.57979804
0.60942996,0.60942996
0.62287855,0.62287855
0.6272729,0.6272729
0.672911,0.672911
0.60495794,0.60495794
0.55762863,0.55762863
0.59950376,0.59950376
0.6145296,0.6145296
0.61561704,0.61561704
0.6075717,0.6075717
0.5874634,0.5874634
0.6277226,0.6277226
0.6330033,0.6330033
0.6084447,0.6084447
0.567964,0.567964
0.5910547,0.5910547
0.4867752,0.4867752
0.49919513,0.49919513
0.50463665,0.50463665
0.45974275,0.45974275
0.4655562,0.4655562
0.5490069,0.5490069
0.5254546,0.5254546
0.54080015,0.54080015
0.45694202,0.45694202
0.42274097,0.42274097
0.50371456,0.50371456
0.42406958,0.42406958
0.49180943,0.49180943
0.4864573,0.4864573
0.46767431,0.46767431
0.40423957,0.40423957
0.40718818,0.40718818
0.40819624,0.40819624
0.42855293,0.42855293
0.501585,0.501585
0.47177795,0.47177795
0.51711535,0.51711535
0.43067488,0.43067488
0.48054537,0.48054537
0.5882701,0.5882701
0.5391056,0.5391056
0.47254336,0.47254336
0.42455792,0.42455792
0.6296912,0.6296912
0.58112496,0.58112496
0.48806867,0.48806867
0.45048335,0.45048335
0.48668593,0.48668593
0.43837312,0.43837312
0.6212514,0.6212514
0.5689884,0.5689884
0.59927744,0.59927744
0.38226125,0.38226125
0.4547338,0.4547338
0.6258586,0.6258586
0.5817267,0.5817267
0.44953495,0.44953495
0.46120676,0.46120676
0.42900008,0.42900008
0.44586423,0.44586423
0.5032885,0.5032885
0.5015648,0.5015648
0.44624308,0.44624308
0.6041793,0.6041793
0.60234374,0.60234374
0.62402886,0.62402886
0.52418065,0.52418065
0.45171863,0.45171863
0.38956568,0.38956568
0.44173902,0.44173902
0.5153171,0.5153171
0.45309,0.45309
0.41382664,0.41382664
0.44816542,0.44816542
0.41432607,0.41432607
0.4267035,0.4267035
0.39952236,0.39952236
0.42934084,0.42934084
0.4879279,0.4879279
0.616027,0.616027
0.59429437,0.59429437
0.58273846,0.58273846
0.6435198,0.6435198
0.63656116,0.63656116
0.5983741,0.5983741
0.6765147,0.6765147
0.6432779,0.6432779
0.6308571,0.6308571
0.63490707,0.63490707
0.60074365,0.60074365
0.40218362,0.40218362
0.3615192,0.3615192
0.3685582,0.3685582
0.3933769,0.3933769
0.40070993,0.40070993
0.44487587,0.44487587
0.48437834,0.48437834
0.52521914,0.52521914
0.3634214,0.3634214
0.47681963,0.47681963
0.48053944,0.48053944
0.45405376,0.45405376
0.620626,0.620626
0.6068751,0.6068751
0.5975562,0.5975562
0.6126823,0.6126823
0.6201565,0.6201565
0.60353124,0.60353124
0.61303174,0.61303174
0.6173119,0.6173119
0.5782408,0.5782408
0.67046535,0.67046535
0.60221946,0.60221946
0.5924077,0.5924077
0.6004481,0.6004481
0.59905446,0.59905446
0.5903987,0.5903987
0.5989822,0.5989822
0.59336776,0.59336776
0.6194113,0.6194113
0.6130146,0.6130146
0.5877134,0.5877134
0.6525727,0.6525727
0.65410393,0.65410393
0.5954721,0.5954721
0.6475335,0.6475335
0.7190479,0.7190479
0.6297056,0.6297056
0.65799534,0.65799534
0.5879922,0.5879922
0.60771894,0.60771894
0.643395,0.643395
0.60563886,0.60563886
0.5814019,0.5814019
0.6624312,0.6624312
0.62677974,0.62677974
0.61102146,0.61102146
0.61789185,0.61789185
0.6473582,0.6473582
0.6310502,0.6310502
0.6642354,0.6642354
0.607251,0.607251
0.6103439,0.6103439
0.61139417,0.61139417
0.638187,0.638187
0.6278531,0.6278531
0.59630865,0.59630865
0.6315792,0.6315792
0.6345825,0.6345825
0.63207495,0.63207495
0.64361674,0.64361674
0.6018836,0.6018836
0.6316103,0.6316103
0.5885218,0.5885218
0.5621411,0.5621411
0.58029705,0.58029705
0.5161438,0.5161438
0.57635826,0.57635826
0.5906388,0.5906388
0.57447314,0.57447314
0.59312004,0.59312004
0.5850903,0.5850903
0.60319936,0.60319936
0.6399759,0.6399759
0.63241684,0.63241684
0.5718799,0.5718799
0.59801507,0.59801507
0.5915142,0.5915142
0.6444337,0.6444337
0.62922055,0.62922055
0.63501287,0.63501287
0.60365695,0.60365695
0.6434433,0.6434433
0.6229567,0.6229567
0.61065835,0.61065835
0.647305,0.647305
0.60950255,0.60950255
0.61406547,0.61406547
0.58555084,0.58555084
0.6391247,0.6391247
0.65370953,0.65370953
0.5993863,0.5993863
0.6157963,0.6157963
0.59578097,0.59578097
0.5958797,0.5958797
0.61952615,0.61952615
0.6061057,0.6061057
0.62148184,0.62148184
0.62714565,0.62714565
0.6267246,0.6267246
0.46788573,0.46788573
0.6227552,0.6227552
0.6196567,0.6196567
0.5666918,0.5666918
0.6175479,0.6175479
0.65227515,0.65227515
0.6288335,0.6288335
0.6257975,0.6257975
0.62263876,0.62263876
0.6493898,0.6493898
0.5787476,0.5787476
0.43893918,0.43893918
0.6190168,0.6190168
0.62374395,0.62374395
0.5903811,0.5903811
0.5227932,0.5227932
0.5097441,0.5097441
0.63638175,0.63638175
0.64290124,0.64290124
0.6371037,0.6371037
0.63813645,0.63813645
0.5939001,0.5939001
0.6156829,0.6156829
0.59796685,0.59796685
0.6093343,0.6093343
0.6105899,0.6105899
0.6121279,0.6121279
0.61963254,0.61963254
0.6471314,0.6471314
0.60999554,0.60999554
0.6028657,0.6028657
0.59829265,0.59829265
0.6137529,0.6137529
0.6086849,0.6086849
0.47377574,0.47377574
0.5576892,0.5576892
0.6288581,0.6288581
0.65021694,0.65021694
0.61356044,0.61356044
0.6289578,0.6289578
0.61738646,0.61738646
0.6309824,0.6309824
0.59523296,0.59523296
0.52957165,0.52957165
0.5863717,0.5863717
0.5986163,0.5986163
0.47028047,0.47028047
0.5019715,0.5019715
0.4663567,0.4663567
0.5980175,0.5980175
0.6417295,0.6417295
0.5449612,0.5449612
0.62016326,0.62016326
0.64346737,0.64346737
0.61385155,0.61385155
0.6484768,0.6484768
0.62059647,0.62059647
0.6131445,0.6131445
0.6106225,0.6106225
0.63544816,0.63544816
0.6282775,0.6282775
0.55425125,0.55425125
0.6535749,0.6535749
0.6210485,0.6210485
0.6227827,0.6227827
0.6017616,0.6017616
0.67359585,0.67359585
0.66292435,0.66292435
0.6410213,0.6410213
0.6236989,0.6236989
0.60954934,0.60954934
0.6588197,0.6588197
0.61496425,0.61496425
0.6160087,0.6160087
0.55649185,0.55649185
0.536071,0.536071
0.6470182,0.6470182
0.6077062,0.6077062
0.5975393,0.5975393
0.43930826,0.43930826
0.39702985,0.39702985
0.5087765,0.5087765
0.57484055,0.57484055
0.5894832,0.5894832
0.44764817,0.44764817
0.43557572,0.43557572
0.5079234,0.5079234
0.60521156,0.60521156
0.58106494,0.58106494
0.61023897,0.61023897
0.628765,0.628765
0.39474818,0.39474818
0.4812589,0.4812589
0.6118275,0.6118275
0.4593763,0.4593763
0.4437976,0.4437976
0.5913014,0.5913014
0.58748764,0.58748764
0.61277187,0.61277187
0.6596486,0.6596486
0.60582674,0.60582674
0.6151689,0.6151689
0.5135621,0.5135621
0.6186126,0.6186126
0.6563955,0.6563955
0.5892452,0.5892452
0.5724211,0.5724211
0.39377224,0.39377224
0.5584288,0.5584288
0.44172674,0.44172674
0.53456616,0.53456616
0.41747865,0.41747865
0.40021965,0.40021965
0.422675,0.422675
0.587277,0.587277
0.60605526,0.60605526
0.5677841,0.5677841
0.61862403,0.61862403
0.61743224,0.61743224
0.5829624,0.5829624
0.37899438,0.37899438
0.44202527,0.44202527
0.37669772,0.37669772
0.37482753,0.37482753
0.40379444,0.40379444
0.4365981,0.4365981
0.4039675,0.4039675
0.4215229,0.4215229
0.6138268,0.6138268
0.56396073,0.56396073
0.62823915,0.62823915
0.48548225,0.48548225
0.3692524,0.3692524
0.55298126,0.55298126
0.4738022,0.4738022
0.36928952,0.36928952
0.53585064,0.53585064
0.61817306,0.61817306
0.6097147,0.6097147
0.65852076,0.65852076
0.61071634,0.61071634
0.667331,0.667331
0.6286727,0.6286727
0.61836565,0.61836565
0.59610385,0.59610385
0.6484955,0.6484955
0.59061366,0.59061366
0.5955675,0.5955675
0.59485143,0.59485143
0.6196712,0.6196712
0.6166078,0.6166078
0.6209299,0.6209299
0.46187866,0.46187866
0.4195398,0.4195398
0.4914834,0.4914834
0.58324057,0.58324057
0.62319547,0.62319547
0.5946876,0.5946876
0.5208269,0.5208269
0.5828445,0.5828445
0.61069155,0.61069155
0.58185035,0.58185035
0.6353414,0.6353414
0.61096257,0.61096257
0.59857666,0.59857666
0.6097169,0.6097169
0.58878297,0.58878297
0.6766788,0.6766788
0.6543862,0.6543862
0.61720324,0.61720324
0.5459278,0.5459278
0.41107473,0.41107473
0.41361523,0.41361523
0.44391498,0.44391498
0.5723067,0.5723067
0.6464744,0.6464744
0.5988775,0.5988775
0.4264346,0.4264346
0.65346736,0.65346736
0.61998373,0.61998373
0.5109605,0.5109605
0.3946793,0.3946793
0.5333523,0.5333523
0.57088727,0.57088727
0.52280337,0.52280337
0.6212513,0.6212513
0.5641512,0.5641512
0.49274984,0.49274984
0.47561166,0.47561166
0.5870369,0.5870369
0.60531026,0.60531026
0.5467391,0.5467391
0.6061472,0.6061472
0.5739122,0.5739122
0.5230582,0.5230582
0.59651893,0.59651893
0.53545266,0.53545266
0.47032595,0.47032595
0.4388234,0.4388234
0.49020094,0.49020094
0.5123619,0.5123619
0.53511554,0.53511554
0.54164445,0.54164445
0.5055693,0.5055693
0.45983872,0.45983872
0.4910448,0.4910448
0.5992081,0.5992081
0.5076036,0.5076036
0.6034929,0.6034929
0.6229655,0.6229655
0.62573814,0.62573814
0.58738047,0.58738047
0.57730365,0.57730365
0.606485,0.606485
0.65994704,0.65994704
0.5945674,0.5945674
0.61362547,0.61362547
0.603928,0.603928
0.62140894,0.62140894
0.5904933,0.5904933
0.5989335,0.5989335
0.5887882,0.5887882
0.6802139,0.6802139
0.626895,0.626895
0.5983115,0.5983115
0.3764068,0.3764068
0.5970003,0.5970003
0.6464445,0.6464445
0.4846312,0.4846312
0.4623711,0.4623711
0.5320983,0.5320983
0.4599514,0.4599514
0.47965035,0.47965035
0.4255314,0.4255314
0.45266694,0.45266694
0.402979,0.402979
0.4091182,0.4091182
0.45371276,0.45371276
0.5621056,0.5621056
0.37563586,0.37563586
0.5333173,0.5333173
0.50562483,0.50562483
0.41777787,0.41777787
0.59649426,0.59649426
0.5907835,0.5907835
0.60346663,0.60346663
0.61624146,0.61624146
0.49701214,0.49701214
0.38662565,0.38662565
0.35791826,0.35791826
0.38478494,0.38478494
0.41375685,0.41375685
0.5649902,0.5649902
0.60445136,0.60445136
0.6375512,0.6375512
0.5533485,0.5533485
0.52827907,0.52827907
0.650627,0.650627
0.47351784,0.47351784
0.53423315,0.53423315
0.60268706,0.60268706
0.6447507,0.6447507
0.58939886,0.58939886
0.59707016,0.59707016
0.48761046,0.48761046
0.56507486,0.56507486
0.43023175,0.43023175
0.45503044,0.45503044
0.63004017,0.63004017
0.60982645,0.60982645
0.6319021,0.6319021
0.54378307,0.54378307
0.44071084,0.44071084
0.41518632,0.41518632
0.40223247,0.40223247
0.5707508,0.5707508
0.6849914,0.6849914
0.55027926,0.55027926
0.61603993,0.61603993
0.5429038,0.5429038
0.4425465,0.4425465
0.42098042,0.42098042
0.45143047,0.45143047
0.47747535,0.47747535
0.52385736,0.52385736
0.48759228,0.48759228
0.57739973,0.57739973
0.59974486,0.59974486
0.66249657,0.66249657
0.60330254,0.60330254
0.5645879,0.5645879
0.5068815,0.5068815
0.54848564,0.54848564
0.5825425,0.5825425
0.60532266,0.60532266
0.6258534,0.6258534
0.4289233,0.4289233
0.433796,0.433796
0.53381205,0.53381205
0.60914356,0.60914356
0.5844995,0.5844995
0.5379485,0.5379485
0.45928407,0.45928407
0.44252056,0.44252056
0.59107083,0.59107083
0.5786773,0.5786773
0.58521295,0.58521295
0.55728835,0.55728835
0.5739546,0.5739546
0.5283392,0.5283392
0.6686421,0.6686421
0.61091673,0.61091673
0.63135666,0.63135666
0.44164225,0.44164225
0.43579695,0.43579695
0.5775807,0.5775807
0.53922117,0.53922117
0.5704059,0.5704059
0.4551423,0.4551423
0.45412073,0.45412073
0.6148269,0.6148269
0.64264524,0.64264524
0.5724269,0.5724269
0.55758256,0.55758256
0.64572626,0.64572626
0.6404118,0.6404118
0.57747644,0.57747644
0.63862556,0.63862556
0.5662214,0.5662214
0.6349996,0.6349996
0.55323684,0.55323684
0.675652,0.675652
0.5559573,0.5559573
0.5286256,0.5286256
0.46577394,0.46577394
0.43631795,0.43631795
0.44311813,0.44311813
0.4312005,0.4312005
0.495101,0.495101
0.59993535,0.59993535
0.63941383,0.63941383
0.6145005,0.6145005
0.54666895,0.54666895
0.6762029,0.6762029
0.60580343,0.60580343
0.5290125,0.5290125
0.4322968,0.4322968
0.4116463,0.4116463
0.43158275,0.43158275
0.4890586,0.4890586
0.4643943,0.4643943
0.47947937,0.47947937
0.640027,0.640027
0.63843817,0.63843817
0.4564686,0.4564686
0.62237644,0.62237644
0.63034457,0.63034457
0.6027497,0.6027497
0.6707695,0.6707695
0.40854418,0.40854418
0.5189801,0.5189801
0.5730769,0.5730769
0.48558065,0.48558065
0.40198007,0.40198007
0.5188381,0.5188381
0.5064171,0.5064171
0.38495067,0.38495067
0.43587503,0.43587503
0.60605025,0.60605025
0.6162103,0.6162103
0.6309713,0.6309713
0.53929114,0.53929114
0.4532679,0.4532679
0.57571083,0.57571083
0.514299,0.514299
0.33990425,0.33990425
0.5041306,0.5041306
0.48014176,0.48014176
0.44078535,0.44078535
0.4447438,0.4447438
0.6456611,0.6456611
0.52692884,0.52692884
0.3591358,0.3591358
0.42312554,0.42312554
0.48692557,0.48692557
0.5837944,0.5837944
0.587387,0.587387
0.45183012,0.45183012
0.40054476,0.40054476
0.4261522,0.4261522
0.49730802,0.49730802
0.57065725,0.57065725
0.5670115,0.5670115
0.5987286,0.5987286
0.45550144,0.45550144
0.51323193,0.51323193
0.5189749,0.5189749
0.53013045,0.53013045
0.52632856,0.52632856
0.4501224,0.4501224
0.43690854,0.43690854
0.5620447,0.5620447
0.61977166,0.61977166
0.46882305,0.46882305
0.45833233,0.45833233
0.51879865,0.51879865
0.56047636,0.56047636
0.6963916,0.6963916
0.554837,0.554837
0.5422865,0.5422865
0.44514418,0.44514418
0.45970988,0.45970988
0.4343457,0.4343457
0.4290571,0.4290571
0.39219803,0.39219803
0.37207106,0.37207106
0.42841858,0.42841858
0.60292,0.60292
0.55968654,0.55968654
0.6682126,0.6682126
0.6303158,0.6303158
0.58079153,0.58079153
0.57619035,0.57619035
0.63677704,0.63677704
0.5906206,0.5906206
0.45770472,0.45770472
0.45009345,0.45009345
0.5079438,0.5079438
0.43664128,0.43664128
0.5257957,0.5257957
0.47841415,0.47841415
0.48520538,0.48520538
0.52074796,0.52074796
0.5704824,0.5704824
0.46033418,0.46033418
0.51320344,0.51320344
0.53891414,0.53891414
0.50929105,0.50929105
0.42578274,0.42578274
0.47549617,0.47549617
0.52027124,0.52027124
0.4035717,0.4035717
0.5421749,0.5421749
0.45885062,0.45885062
0.5874401,0.5874401
0.621044,0.621044
0.6213813,0.6213813
0.58183306,0.58183306
0.62099206,0.62099206
0.6467538,0.6467538
0.45778474,0.45778474
0.4783139,0.4783139
0.5134277,0.5134277
0.52697676,0.52697676
0.53782094,0.53782094
0.49826643,0.49826643
0.49606737,0.49606737
0.44522467,0.44522467
0.49993858,0.49993858
0.5614041,0.5614041
0.38668466,0.38668466
0.47836944,0.47836944
0.45979705,0.45979705
0.5334394,0.5334394
0.48063368,0.48063368
0.49317202,0.49317202
0.5589248,0.5589248
0.48288643,0.48288643
0.43842933,0.43842933
0.49748635,0.49748635
0.3688237,0.3688237
0.33076504,0.33076504
0.49477914,0.49477914
0.457145,0.457145
0.4765852,0.4765852
0.47273856,0.47273856
0.435887,0.435887
0.4796526,0.4796526
0.4479743,0.4479743
0.54433167,0.54433167
0.61074305,0.61074305
0.45478377,0.45478377
0.5001822,0.5001822
0.4733498,0.4733498
0.45195824,0.45195824
0.557368,0.557368
0.5964373,0.5964373
0.591657,0.591657
0.44847438,0.44847438
0.47184554,0.47184554
0.49740323,0.49740323
0.6833797,0.6833797
0.5690784,0.5690784
0.49280882,0.49280882
0.62241274,0.62241274
0.60104114,0.60104114
0.5815538,0.5815538
0.6043766,0.6043766
0.60412836,0.60412836
0.62229353,0.62229353
0.5672191,0.5672191
0.632084,0.632084
0.6003848,0.6003848
0.61265093,0.61265093
0.56306344,0.56306344
0.56446725,0.56446725
0.59072566,0.59072566
0.5894497,0.5894497
0.64517975,0.64517975
0.61170155,0.61170155
0.610845,0.610845
0.6219171,0.6219171
0.599532,0.599532
0.6311863,0.6311863
0.617868,0.617868
0.60720366,0.60720366
0.6055627,0.6055627
0.61043984,0.61043984
0.6135177,0.6135177
0.5890305,0.5890305
0.57805556,0.57805556
0.61517966,0.61517966
0.5546166,0.5546166
0.5107503,0.5107503
0.4278934,0.4278934
0.37256533,0.37256533
0.45778912,0.45778912
0.4059169,0.4059169
0.42007673,0.42007673
0.44838133,0.44838133
0.40814698,0.40814698
0.45702887,0.45702887
0.41923416,0.41923416
0.4507572,0.4507572
0.48717195,0.48717195
0.39748424,0.39748424
0.39522877,0.39522877
0.41464728,0.41464728
0.5200019,0.5200019
0.61780375,0.61780375
0.59135497,0.59135497
0.5844948,0.5844948
0.60554063,0.60554063
0.6025538,0.6025538
0.6477559,0.6477559
0.6561459,0.6561459
0.6475616,0.6475616
0.58943194,0.58943194
0.6006865,0.6006865
0.63828295,0.63828295
0.61630636,0.61630636
0.6345811,0.6345811
0.59104365,0.59104365
0.6580275,0.6580275
0.60416406,0.60416406
0.63400066,0.63400066
0.6120212,0.6120212
0.63332516,0.63332516
0.6116848,0.6116848
0.6726112,0.6726112
0.65328544,0.65328544
0.49665603,0.49665603
0.61347485,0.61347485
0.62453747,0.62453747
0.5938737,0.5938737
0.6200965,0.6200965
0.64073193,0.64073193
0.6113402,0.6113402
0.58951825,0.58951825
0.5885065,0.5885065
0.5872705,0.5872705
0.61661994,0.61661994
0.6277518,0.6277518
0.6192155,0.6192155
0.62089896,0.62089896
0.6273437,0.6273437
0.61975855,0.61975855
0.6269026,0.6269026
0.61180604,0.61180604
0.5982642,0.5982642
0.6296479,0.6296479
0.5842581,0.5842581
0.6001974,0.6001974
0.60280615,0.60280615
0.603417,0.603417
0.6245016,0.6245016
0.6404868,0.6404868
0.5981166,0.5981166
0.6216433,0.6216433
0.6071853,0.6071853
0.60517424,0.60517424
0.6324561,0.6324561
0.6124491,0.6124491
0.60620725,0.60620725
0.5804803,0.5804803
0.5987891,0.5987891
0.6014855,0.6014855
0.61258215,0.61258215
0.61699176,0.61699176
0.6239819,0.6239819
0.67101604,0.67101604
0.5672868,0.5672868
0.60146654,0.60146654
0.4078521,0.4078521
0.40956485,0.40956485
0.49491882,0.49491882
0.41347906,0.41347906
0.4167735,0.4167735
0.4029272,0.4029272
0.42097417,0.42097417
0.42735174,0.42735174
0.39619198,0.39619198
0.40441033,0.40441033
0.4946295,0.4946295
0.6238446,0.6238446
0.65216684,0.65216684
0.6080394,0.6080394
0.6444113,0.6444113
0.59361905,0.59361905
0.5615601,0.5615601
0.64259183,0.64259183
0.6487074,0.6487074
0.65494174,0.65494174
0.6388267,0.6388267
0.5734449,0.5734449
0.6289469,0.6289469
0.6077604,0.6077604
0.6546968,0.6546968
0.6361435,0.6361435
0.56251293,0.56251293
0.62845224,0.62845224
0.59388316,0.59388316
0.6220962,0.6220962
0.6539199,0.6539199
0.62055296,0.62055296
0.59983915,0.59983915
0.59575236,0.59575236
0.6463934,0.6463934
0.57451415,0.57451415
0.5760137,0.5760137
0.6230139,0.6230139
0.6083927,0.6083927
0.6237159,0.6237159
0.61265445,0.61265445
0.60479754,0.60479754
0.6206168,0.6206168
0.6286569,0.6286569
0.6818446,0.6818446
0.581608,0.581608
0.60430545,0.60430545
0.616922,0.616922
0.60715014,0.60715014
0.62002707,0.62002707
0.62296385,0.62296385
0.6192611,0.6192611
0.6458856,0.6458856
0.60250384,0.60250384
0.5878323,0.5878323
0.5609322,0.5609322
0.5708459,0.5708459
0.5471358,0.5471358
0.5256852,0.5256852
0.5861047,0.5861047
0.5816564,0.5816564
0.60104865,0.60104865
0.5183125,0.5183125
0.6292763,0.6292763
0.63998556,0.63998556
0.5877542,0.5877542
0.62047124,0.62047124
0.48585182,0.48585182
0.6018291,0.6018291
0.70151514,0.70151514
0.65908104,0.65908104
0.6370395,0.6370395
0.54963744,0.54963744
0.5560878,0.5560878
0.62584865,0.62584865
0.6408099,0.6408099
0.59508663,0.59508663
0.600956,0.600956
0.5962782,0.5962782
0.622195,0.622195
0.6292536,0.6292536
0.5830004,0.5830004
0.5629377,0.5629377
0.5949082,0.5949082
0.57778484,0.57778484
0.588059,0.588059
0.63456124,0.63456124
0.6392305,0.6392305
0.60207564,0.60207564
0.56908005,0.56908005
0.65183544,0.65183544
0.62631446,0.62631446
0.6177339,0.6177339
0.6286844,0.6286844
0.57581943,0.57581943
0.5957111,0.5957111
0.68874526,0.68874526
0.64306164,0.64306164
0.54672545,0.54672545
0.4530384,0.4530384
0.4612373,0.4612373
0.5276086,0.5276086
0.5010087,0.5010087
0.66484296,0.66484296
0.5901786,0.5901786
0.5862233,0.5862233
0.60001564,0.60001564
0.5673763,0.5673763
0.50666517,0.50666517
0.49208874,0.49208874
0.44381157,0.44381157
0.47207403,0.47207403
0.5416979,0.5416979
0.6689716,0.6689716
0.57558453,0.57558453
0.6592466,0.6592466
0.58635134,0.58635134
0.44545123,0.44545123
0.6267088,0.6267088
0.46913767,0.46913767
0.51971567,0.51971567
0.47794515,0.47794515
0.4265644,0.4265644
0.68061244,0.68061244
0.44677955,0.44677955
0.5682868,0.5682868
0.57163787,0.57163787
0.518049,0.518049
0.60762554,0.60762554
0.5187723,0.5187723
0.5169355,0.5169355
0.53752077,0.53752077
0.6006208,0.6006208
0.51244944,0.51244944
0.4505575,0.4505575
0.56826985,0.56826985
0.5675446,0.5675446
0.50975364,0.50975364
0.5339299,0.5339299
0.47026363,0.47026363
0.5588786,0.5588786
0.5210268,0.5210268
0.42940837,0.42940837
0.40463573,0.40463573
0.4383548,0.4383548
0.3618539,0.3618539
0.50440603,0.50440603
0.67151004,0.67151004
0.59419,0.59419
0.5911377,0.5911377
0.60833776,0.60833776
0.46077773,0.46077773
0.39571783,0.39571783
0.42497188,0.42497188
0.4176098,0.4176098
0.4580186,0.4580186
0.5524383,0.5524383
0.6106381,0.6106381
0.5800133,0.5800133
0.5250565,0.5250565
0.4629118,0.4629118
0.49892482,0.49892482
0.5884297,0.5884297
0.49764955,0.49764955
0.4922076,0.4922076
0.5662306,0.5662306
0.63404804,0.63404804
0.5368539,0.5368539
0.5289086,0.5289086
0.51232547,0.51232547
0.4802926,0.4802926
0.37407392,0.37407392
0.54172707,0.54172707
0.48199248,0.48199248
0.41898444,0.41898444
0.4738342,0.4738342
0.596591,0.596591
0.40054715,0.40054715
0.44681588,0.44681588
0.4206627,0.4206627
0.55262244,0.55262244
0.5868751,0.5868751
0.447677,0.447677
0.46609762,0.46609762
0.43768308,0.43768308
0.59832186,0.59832186
0.6350018,0.6350018
0.61421645,0.61421645
0.60638684,0.60638684
0.58005756,0.58005756
0.6234448,0.6234448
0.5998436,0.5998436
0.5802412,0.5802412
0.58523357,0.58523357
0.63570184,0.63570184
0.60950494,0.60950494
0.56683,0.56683
0.5917926,0.5917926
0.63092303,0.63092303
0.6145014,0.6145014
0.6513864,0.6513864
0.63637704,0.63637704
0.5992755,0.5992755
0.61469907,0.61469907
0.6062029,0.6062029
0.5593438,0.5593438
0.60271883,0.60271883
0.6217481,0.6217481
0.6693997,0.6693997
0.61174273,0.61174273
0.4595365,0.4595365
0.5907996,0.5907996
0.5941005,0.5941005
0.5993779,0.5993779
0.5943172,0.5943172
0.5570688,0.5570688
0.6133786,0.6133786
0.63695884,0.63695884
0.62186956,0.62186956
0.49819243,0.49819243
0.51669806,0.51669806
0.5176305,0.5176305
0.66124815,0.66124815
0.5213947,0.5213947
0.43436366,0.43436366
0.4664758,0.4664758
0.44767982,0.44767982
0.5511208,0.5511208
0.3580026,0.3580026
0.33243272,0.33243272
0.4282986,0.4282986
0.38131776,0.38131776
0.39361385,0.39361385
0.3581256,0.3581256
0.34614432,0.34614432
0.4532276,0.4532276
0.66508484,0.66508484
0.5468317,0.5468317
0.59870285,0.59870285
0.6283453,0.6283453
0.59916484,0.59916484
0.60139954,0.60139954
0.59132457,0.59132457
0.590831,0.590831
0.5997713,0.5997713
0.60018444,0.60018444
0.6203622,0.6203622
0.6137498,0.6137498
0.5186358,0.5186358
0.48573914,0.48573914
0.59393454,0.59393454
0.4906474,0.4906474
0.4554163,0.4554163
0.49907148,0.49907148
0.40431073,0.40431073
0.42583683,0.42583683
0.52226096,0.52226096
0.57177466,0.57177466
0.4437489,0.4437489
0.48720413,0.48720413
0.49464005,0.49464005
0.6138153,0.6138153
0.5660686,0.5660686
0.545439,0.545439
0.5196701,0.5196701
0.47007784,0.47007784
0.47335768,0.47335768
0.50278103,0.50278103
0.5199519,0.5199519
0.5312076,0.5312076
0.43793648,0.43793648
0.5233681,0.5233681
0.5618611,0.5618611
0.53920454,0.53920454
0.37728804,0.37728804
0.42926243,0.42926243
0.39933679,0.39933679
0.37601858,0.37601858
0.487481,0.487481
0.5395892,0.5395892
0.47695208,0.47695208
0.47582853,0.47582853
0.46978208,0.46978208
0.4127931,0.4127931
0.48177034,0.48177034
0.42211807,0.42211807
0.3546662,0.3546662
0.5453102,0.5453102
0.45377362,0.45377362
0.5901066,0.5901066
0.5395439,0.5395439
0.55939907,0.55939907
0.5918205,0.5918205
0.6336345,0.6336345
0.5862774,0.5862774
0.57601416,0.57601416
0.45565918,0.45565918
0.53472465,0.53472465
0.61919814,0.61919814
0.40494773,0.40494773
0.5830561,0.5830561
0.5311431,0.5311431
0.54126287,0.54126287
0.5575212,0.5575212
0.56759304,0.56759304
0.5920896,0.5920896
0.5991606,0.5991606
0.45574257,0.45574257
0.36490282,0.36490282
0.5340662,0.5340662
0.56395036,0.56395036
0.63716865,0.63716865
0.47270915,0.47270915
0.5965838,0.5965838
0.49447775,0.49447775
0.44985265,0.44985265
0.6216179,0.6216179
0.6204769,0.6204769
0.57243955,0.57243955
0.5901962,0.5901962
0.616422,0.616422
0.6069484,0.6069484
0.578002,0.578002
0.49108738,0.49108738
0.50827485,0.50827485
0.5943491,0.5943491
0.6556628,0.6556628
0.47464946,0.47464946
0.50812536,0.50812536
0.6020154,0.6020154
0.4537807,0.4537807
0.57351434,0.57351434
0.5122546,0.5122546
0.5627468,0.5627468
0.388563,0.388563
0.49679628,0.49679628
0.49198958,0.49198958
0.5176038,0.5176038
0.5467277,0.5467277
0.5020742,0.5020742
0.5613307,0.5613307
0.5846556,0.5846556
0.56179017,0.56179017
0.60835767,0.60835767
0.6232239,0.6232239
0.6124239,0.6124239
0.57934755,0.57934755
0.5209081,0.5209081
0.5756854,0.5756854
0.50072443,0.50072443
0.5874759,0.5874759
0.5981042,0.5981042
0.6113891,0.6113891
0.6417548,0.6417548
0.5883081,0.5883081
0.6057735,0.6057735
0.6191274,0.6191274
0.6377506,0.6377506
0.59574115,0.59574115
0.6408893,0.6408893
0.6104994,0.6104994
0.62120754,0.62120754
0.58037055,0.58037055
0.58356726,0.58356726
0.5758129,0.5758129
0.57107055,0.57107055
0.59184283,0.59184283
0.5908688,0.5908688
0.60436517,0.60436517
0.6150927,0.6150927
0.62547165,0.62547165
0.61571825,0.61571825
0.63416547,0.63416547
0.62054527,0.62054527
0.63326406,0.63326406
0.59648186,0.59648186
0.6116924,0.6116924
0.61095786,0.61095786
0.61530423,0.61530423
0.59915406,0.59915406
0.61179143,0.61179143
0.60218906,0.60218906
0.60861605,0.60861605
0.64772177,0.64772177
0.62898934,0.62898934
0.6194849,0.6194849
0.6180789,0.6180789
0.5993927,0.5993927
0.6013797,0.6013797
0.59954107,0.59954107
0.5905649,0.5905649
0.6438688,0.6438688
0.5512364,0.5512364
0.5584431,0.5584431
0.62960815,0.62960815
0.6165952,0.6165952
0.64566594,0.64566594
0.58332753,0.58332753
0.598771,0.598771
0.56114423,0.56114423
0.59270126,0.59270126
0.6388629,0.6388629
0.56982327,0.56982327
0.6041121,0.6041121
0.6439229,0.6439229
0.6239647,0.6239647
0.6177059,0.6177059
0.56761974,0.56761974
0.6193929,0.6193929
0.5920005,0.5920005
0.57364184,0.57364184
0.60751975,0.60751975
0.67662525,0.67662525
0.6188797,0.6188797
0.6081199,0.6081199
0.61424106,0.61424106
0.5875784,0.5875784
0.5919857,0.5919857
0.60125154,0.60125154
0.60124105,0.60124105
0.638381,0.638381
0.5809141,0.5809141
0.6083403,0.6083403
0.5663175,0.5663175
0.6400682,0.6400682
0.646786,0.646786
0.5867188,0.5867188
0.53206354,0.53206354
0.5570534,0.5570534
0.62268066,0.62268066
0.5915123,0.5915123
0.6358229,0.6358229
0.47731927,0.47731927
0.45914423,0.45914423
0.55499166,0.55499166
0.5563466,0.5563466
0.6483748,0.6483748
0.6070232,0.6070232
0.5151319,0.5151319
0.46692473,0.46692473
0.44475573,0.44475573
0.53188235,0.53188235
0.58979225,0.58979225
0.5935489,0.5935489
0.57078993,0.57078993
0.58860236,0.58860236
0.56490946,0.56490946
0.5079702,0.5079702
0.51907134,0.51907134
0.6172313,0.6172313
0.60723495,0.60723495
0.6332294,0.6332294
0.62132335,0.62132335
0.58425844,0.58425844
0.54943115,0.54943115
0.52840644,0.52840644
0.6095643,0.6095643
0.53132415,0.53132415
0.56004596,0.56004596
0.5766524,0.5766524
0.5749755,0.5749755
0.62301505,0.62301505
0.5527009,0.5527009
0.437363,0.437363
0.47627458,0.47627458
0.53289896,0.53289896
0.4724829,0.4724829
0.41695824,0.41695824
0.53769696,0.53769696
0.610263,0.610263
0.636448,0.636448
0.6013989,0.6013989
0.6470043,0.6470043
0.61565894,0.61565894
0.62290204,0.62290204
0.5937676,0.5937676
0.5529364,0.5529364
0.6063279,0.6063279
0.61733586,0.61733586
0.5983951,0.5983951
0.59425783,0.59425783
0.62522554,0.62522554
0.63501805,0.63501805
0.6149106,0.6149106
0.5987213,0.5987213
0.59592754,0.59592754
0.58860576,0.58860576
0.5722755,0.5722755
0.59144044,0.59144044
0.58615756,0.58615756
0.6172692,0.6172692
0.6389652,0.6389652
0.5937305,0.5937305
0.623225,0.623225
0.6336564,0.6336564
0.60249275,0.60249275
0.6100071,0.6100071
0.6037648,0.6037648
0.65056455,0.65056455
0.5829543,0.5829543
0.5383775,0.5383775
0.5821847,0.5821847
0.63708186,0.63708186
0.59553725,0.59553725
0.65648365,0.65648365
0.61750835,0.61750835
0.63956153,0.63956153
0.61225384,0.61225384
0.5998766,0.5998766
0.63013685,0.63013685
0.6095912,0.6095912
0.61022043,0.61022043
0.6108631,0.6108631
0.6701677,0.6701677
0.6114608,0.6114608
0.62410724,0.62410724
0.616045,0.616045
0.6212014,0.6212014
0.5894036,0.5894036
0.6133187,0.6133187
0.6468396,0.6468396
0.6159753,0.6159753
0.55035883,0.55035883
0.6450245,0.6450245
0.52600306,0.52600306
0.5960548,0.5960548
0.4630162,0.4630162
0.51442415,0.51442415
0.5049822,0.5049822
0.4338259,0.4338259
0.5987808,0.5987808
0.546599,0.546599
0.5898026,0.5898026
0.586093,0.586093
0.41252553,0.41252553
0.5421032,0.5421032
0.38055193,0.38055193
0.46829903,0.46829903
0.45727202,0.45727202
0.5267612,0.5267612
0.53266615,0.53266615
0.4545491,0.4545491
0.44026342,0.44026342
0.4300639,0.4300639
0.45929825,0.45929825
0.6046354,0.6046354
0.6220232,0.6220232
0.570504,0.570504
0.53834176,0.53834176
0.59851635,0.59851635
0.62506413,0.62506413
0.48710176,0.48710176
0.4733941,0.4733941
0.4533644,0.4533644
0.41835883,0.41835883
0.65583694,0.65583694
0.46673724,0.46673724
0.4711074,0.4711074
0.44511473,0.44511473
0.5691996,0.5691996
0.61651164,0.61651164
0.61497456,0.61497456
0.596102,0.596102
0.59619874,0.59619874
0.6339035,0.6339035
0.60404587,0.60404587
0.62423736,0.62423736
0.6122362,0.6122362
0.56128067,0.56128067
0.5968959,0.5968959
0.5230258,0.5230258
0.5293002,0.5293002
0.45309997,0.45309997
0.4156688,0.4156688
0.45339397,0.45339397
0.5470614,0.5470614
0.577752,0.577752
0.5699987,0.5699987
0.4681485,0.4681485
0.50436795,0.50436795
0.47415027,0.47415027
0.4976943,0.4976943
0.5173166,0.5173166
0.45327517,0.45327517
0.55869,0.55869
0.5471484,0.5471484
0.5090367,0.5090367
0.5281513,0.5281513
0.44255346,0.44255346
0.39484486,0.39484486
0.619474,0.619474
0.52472496,0.52472496
0.6308391,0.6308391
0.6346255,0.6346255
0.6132288,0.6132288
0.4679593,0.4679593
0.42643386,0.42643386
0.60431916,0.60431916
0.51945347,0.51945347
0.4495849,0.4495849
0.47162503,0.47162503
0.53151184,0.53151184
0.54991174,0.54991174
0.42430848,0.42430848
0.43453687,0.43453687
0.51259243,0.51259243
0.38551763,0.38551763
0.4339453,0.4339453
0.41662008,0.41662008
0.3909848,0.3909848
0.41333824,0.41333824
0.48409003,0.48409003
0.5764651,0.5764651
0.44101357,0.44101357
0.3907992,0.3907992
0.40557733,0.40557733
0.42070103,0.42070103
0.42727965,0.42727965
0.45288172,0.45288172
0.5272583,0.5272583
0.52460337,0.52460337
0.5933358,0.5933358
0.6131557,0.6131557
0.6239149,0.6239149
0.5970447,0.5970447
0.6103547,0.6103547
0.5713488,0.5713488
0.4187623,0.4187623
0.42666262,0.42666262
0.4697232,0.4697232
0.44832882,0.44832882
0.41779515,0.41779515
0.4879258,0.4879258
0.4254004,0.4254004
0.40251443,0.40251443
0.5105867,0.5105867
0.4614001,0.4614001
0.4009069,0.4009069
0.40826687,0.40826687
0.4013426,0.4013426
0.44337997,0.44337997
0.48282546,0.48282546
0.5655576,0.5655576
0.45184007,0.45184007
0.47507837,0.47507837
0.46930507,0.46930507
0.45917156,0.45917156
0.4569871,0.4569871
0.45916268,0.45916268
0.4322935,0.4322935
0.38040817,0.38040817
0.43154404,0.43154404
0.53080356,0.53080356
0.5648126,0.5648126
0.59495664,0.59495664
0.62662,0.62662
0.5715079,0.5715079
0.6047445,0.6047445
0.5582323,0.5582323
0.5447831,0.5447831
0.6699124,0.6699124
0.6096646,0.6096646
0.64035666,0.64035666
0.6003797,0.6003797
0.6517765,0.6517765
0.6056962,0.6056962
0.6111864,0.6111864
0.6087311,0.6087311
0.59090537,0.59090537
0.61058414,0.61058414
0.6086178,0.6086178
0.57733667,0.57733667
0.57811034,0.57811034
0.60251397,0.60251397
0.5952447,0.5952447
0.6054977,0.6054977
0.66524327,0.66524327
0.59483844,0.59483844
0.44809473,0.44809473
0.55581075,0.55581075
0.6383308,0.6383308
0.622121,0.622121
0.61549467,0.61549467
0.62887263,0.62887263
0.43323216,0.43323216
0.58844966,0.58844966
0.5774357,0.5774357
0.6065568,0.6065568
0.5218733,0.5218733
0.5815311,0.5815311
0.58795875,0.58795875
0.5792442,0.5792442
0.58730215,0.58730215
0.62309265,0.62309265
0.53468704,0.53468704
0.6187457,0.6187457
0.5976688,0.5976688
0.5583845,0.5583845
0.66868025,0.66868025
0.5212354,0.5212354
0.55983,0.55983
0.5238658,0.5238658
0.51315486,0.51315486
0.45631796,0.45631796
0.44636586,0.44636586
0.36159474,0.36159474
0.39016944,0.39016944
0.3694266,0.3694266
0.40338564,0.40338564
0.45420107,0.45420107
0.47188076,0.47188076
0.46639255,0.46639255
0.45627654,0.45627654
0.46638298,0.46638298
0.45647386,0.45647386
0.3850116,0.3850116
0.40121597,0.40121597
0.33994573,0.33994573
0.3996243,0.3996243
0.37041172,0.37041172
0.3843285,0.3843285
0.3932385,0.3932385
0.40031263,0.40031263
0.38614058,0.38614058
0.43255764,0.43255764
0.45962277,0.45962277
0.3864657,0.3864657
0.42992812,0.42992812
0.41000664,0.41000664
0.45282498,0.45282498
0.41509414,0.41509414
0.3695782,0.3695782
0.40569174,0.40569174
0.45126566,0.45126566
0.44806924,0.44806924
0.56274235,0.56274235
0.42281702,0.42281702
0.44773927,0.44773927
0.58189106,0.58189106
0.48043567,0.48043567
0.44187272,0.44187272
0.4438846,0.4438846
0.60332143,0.60332143
0.4638172,0.4638172
0.5173459,0.5173459
0.61392987,0.61392987
0.58183736,0.58183736
0.47044086,0.47044086
0.4687581,0.4687581
0.48435342,0.48435342
0.492581,0.492581
0.46771857,0.46771857
0.5120883,0.5120883
0.5082766,0.5082766
0.5661356,0.5661356
0.4184937,0.4184937
0.43547153,0.43547153
0.46166664,0.46166664
0.49009112,0.49009112
0.4105605,0.4105605
0.4902686,0.4902686
0.4177726,0.4177726
0.5090363,0.5090363
0.6063576,0.6063576
0.41649055,0.41649055
0.54267365,0.54267365
0.5590222,0.5590222
0.54968566,0.54968566
0.53864014,0.53864014
0.6039947,0.6039947
0.5414825,0.5414825
0.42923743,0.42923743
0.43806502,0.43806502
0.4412684,0.4412684
0.45005098,0.45005098
0.4755498,0.4755498
0.55566233,0.55566233
0.4815815,0.4815815
0.5827234,0.5827234
0.475982,0.475982
0.42516443,0.42516443
0.44589683,0.44589683
0.43217632,0.43217632
0.6039753,0.6039753
0.5141729,0.5141729
0.6093424,0.6093424
0.6437726,0.6437726
0.53431076,0.53431076
0.44515896,0.44515896
0.4704268,0.4704268
0.47781163,0.47781163
0.54798573,0.54798573
0.48589495,0.48589495
0.41083628,0.41083628
0.5740537,0.5740537
0.46445,0.46445
0.3938282,0.3938282
0.53613687,0.53613687
0.5975022,0.5975022
0.6147815,0.6147815
0.4487766,0.4487766
0.41361135,0.41361135
0.40791893,0.40791893
0.66893697,0.66893697
0.6287294,0.6287294
0.5833698,0.5833698
0.45767573,0.45767573
0.49303383,0.49303383
0.516912,0.516912
0.3643847,0.3643847
0.41240036,0.41240036
0.45603815,0.45603815
0.4591081,0.4591081
0.42282057,0.42282057
0.4677486,0.4677486
0.6012036,0.6012036
0.5701774,0.5701774
0.42551228,0.42551228
0.44239056,0.44239056
0.4209661,0.4209661
0.4197299,0.4197299
0.45358992,0.45358992
0.53188807,0.53188807
0.61162627,0.61162627
0.58473223,0.58473223
0.56339496,0.56339496
0.45894584,0.45894584
0.5166733,0.5166733
0.5150643,0.5150643
0.50999415,0.50999415
0.46628588,0.46628588
0.4533665,0.4533665
0.40097743,0.40097743
0.58097696,0.58097696
0.5932566,0.5932566
0.5972054,0.5972054
0.57227606,0.57227606
0.40737227,0.40737227
0.39539537,0.39539537
0.42746878,0.42746878
0.49841318,0.49841318
0.50196016,0.50196016
0.50178576,0.50178576
0.5119326,0.5119326
0.51109654,0.51109654
0.5208733,0.5208733
0.48471946,0.48471946
0.6550492,0.6550492
0.4063338,0.4063338
0.45237005,0.45237005
0.4616585,0.4616585
0.5628238,0.5628238
0.6108573,0.6108573
0.6069845,0.6069845
0.6416463,0.6416463
0.4274236,0.4274236
0.48063684,0.48063684
0.48436895,0.48436895
0.5927596,0.5927596
0.6490466,0.6490466
0.5987803,0.5987803
0.6220744,0.6220744
0.6077647,0.6077647
0.41108632,0.41108632
0.47620523,0.47620523
0.4172334,0.4172334
0.5032293,0.5032293
0.6699813,0.6699813
0.6145205,0.6145205
0.6603529,0.6603529
0.48950955,0.48950955
0.49285266,0.49285266
0.43461838,0.43461838
0.43339753,0.43339753
0.5331355,0.5331355
0.552335,0.552335
0.5881031,0.5881031
0.4139536,0.4139536
0.39510146,0.39510146
0.44595042,0.44595042
0.6031753,0.6031753
0.6153619,0.6153619
0.5148228,0.5148228
0.5348979,0.5348979
0.58833665,0.58833665
0.4468947,0.4468947
0.44357482,0.44357482
0.47368,0.47368
0.46342364,0.46342364
0.50609976,0.50609976
0.49825963,0.49825963
0.5323939,0.5323939
0.49286106,0.49286106
0.4833654,0.4833654
0.45667186,0.45667186
0.4984185,0.4984185
0.49800605,0.49800605
0.47963142,0.47963142
0.5120752,0.5120752
0.4703105,0.4703105
0.52918833,0.52918833
0.4918629,0.4918629
0.4757899,0.4757899
0.53366333,0.53366333
0.6373959,0.6373959
0.5383736,0.5383736
0.4152445,0.4152445
0.48349166,0.48349166
0.3962993,0.3962993
0.47787282,0.47787282
0.4751023,0.4751023
0.4481023,0.4481023
0.4800054,0.4800054
0.46205065,0.46205065
0.4015029,0.4015029
0.47143286,0.47143286
0.51392585,0.51392585
0.4640289,0.4640289
0.5068464,0.5068464
0.5170494,0.5170494
0.49122247,0.49122247
0.55287755,0.55287755
0.49471822,0.49471822
0.48195446,0.48195446
0.52721065,0.52721065
0.3971599,0.3971599
0.5196712,0.5196712
0.47415933,0.47415933
0.49076766,0.49076766
0.53737265,0.53737265
0.4715327,0.4715327
0.62461066,0.62461066
0.5912438,0.5912438
0.5849678,0.5849678
0.5428113,0.5428113
0.60577315,0.60577315
0.58635116,0.58635116
0.529554,0.529554
0.55181134,0.55181134
0.4240689,0.4240689
0.41845107,0.41845107
0.37475312,0.37475312
0.45157775,0.45157775
0.5277421,0.5277421
0.42488766,0.42488766
0.43685216,0.43685216
0.41124582,0.41124582
0.40455914,0.40455914
0.52210724,0.52210724
0.48547703,0.48547703
0.4838531,0.4838531
0.55196613,0.55196613
0.48357794,0.48357794
0.50055784,0.50055784
0.49825174,0.49825174
0.53254753,0.53254753
0.5749574,0.5749574
0.5759648,0.5759648
0.37628517,0.37628517
0.46472323,0.46472323
0.41633886,0.41633886
0.40670705,0.40670705
0.4932708,0.4932708
0.5751235,0.5751235
0.37987143,0.37987143
0.41018552,0.41018552
0.4999862,0.4999862
0.4010674,0.4010674
0.4016026,0.4016026
0.49905092,0.49905092
0.6049587,0.6049587
0.5590879,0.5590879
0.62093276,0.62093276
0.6090149,0.6090149
0.51159173,0.51159173
0.57070184,0.57070184
0.52075714,0.52075714
0.6488905,0.6488905
0.51320374,0.51320374
0.589755,0.589755
0.5684651,0.5684651
0.429766,0.429766
0.48199263,0.48199263
0.61430985,0.61430985
0.4140546,0.4140546
0.48387647,0.48387647
0.5541124,0.5541124
0.4481825,0.4481825
0.5870171,0.5870171
0.5618528,0.5618528
0.56990165,0.56990165
0.4288232,0.4288232
0.40613717,0.40613717
0.45079365,0.45079365
0.39004397,0.39004397
0.5531786,0.5531786
0.5568186,0.5568186
0.56093085,0.56093085
0.58960134,0.58960134
0.62222296,0.62222296
0.55065197,0.55065197
0.5856988,0.5856988
0.5899429,0.5899429
0.60603404,0.60603404
0.500151,0.500151
0.43475157,0.43475157
0.5906486,0.5906486
0.4325965,0.4325965
0.5945513,0.5945513
0.6117837,0.6117837
0.5583251,0.5583251
0.45336604,0.45336604
0.45469224,0.45469224
0.3269193,0.3269193
0.413651,0.413651
0.5713346,0.5713346
0.5726934,0.5726934
0.48924336,0.48924336
0.50799894,0.50799894
0.54791135,0.54791135
0.48694992,0.48694992
0.4958992,0.4958992
0.5998787,0.5998787
0.59973127,0.59973127
0.57460463,0.57460463
0.6198994,0.6198994
0.5616164,0.5616164
0.5925831,0.5925831
0.5847433,0.5847433
0.61579823,0.61579823
0.46237233,0.46237233
0.45439813,0.45439813
0.51491046,0.51491046
0.4910613,0.4910613
0.44225392,0.44225392
0.4335189,0.4335189
0.46574524,0.46574524
0.53955364,0.53955364
0.514706,0.514706
0.41481236,0.41481236
0.40945175,0.40945175
0.4856405,0.4856405
0.64888835,0.64888835
0.60875845,0.60875845
0.5926032,0.5926032
0.55357534,0.55357534
0.60658073,0.60658073
0.63945395,0.63945395
0.60456455,0.60456455
0.62586826,0.62586826
0.5878127,0.5878127
0.598558,0.598558
0.5070718,0.5070718
0.53320134,0.53320134
0.52230936,0.52230936
0.5880694,0.5880694
0.45741656,0.45741656
0.45215294,0.45215294
0.43436965,0.43436965
0.4594674,0.4594674
0.40177625,0.40177625
0.43552357,0.43552357
0.48858854,0.48858854
0.3730885,0.3730885
0.4641894,0.4641894
0.62317735,0.62317735
0.41000134,0.41000134
0.44781324,0.44781324
0.38377216,0.38377216
0.4704613,0.4704613
0.46178162,0.46178162
0.49073848,0.49073848
0.40121427,0.40121427
0.4292864,0.4292864
0.48014942,0.48014942
0.44670263,0.44670263
0.4361527,0.4361527
0.43335372,0.43335372
0.3825619,0.3825619
0.3754607,0.3754607
0.39022455,0.39022455
0.41640487,0.41640487
0.37030467,0.37030467
0.41813695,0.41813695
0.4778512,0.4778512
0.48578215,0.48578215
0.4303669,0.4303669
0.39035967,0.39035967
0.52824473,0.52824473
0.51202375,0.51202375
0.48176795,0.48176795
0.49997714,0.49997714
0.4282856,0.4282856
0.5017084,0.5017084
0.6010724,0.6010724
0.6354307,0.6354307
0.5246737,0.5246737
0.44162768,0.44162768
0.38137797,0.38137797
0.44229132,0.44229132
0.5326831,0.5326831
0.5138626,0.5138626
0.558942,0.558942
0.45922104,0.45922104
0.32419717,0.32419717
0.29385456,0.29385456
0.30950916,0.30950916
0.38152078,0.38152078
0.43245637,0.43245637
0.38440138,0.38440138
0.4010609,0.4010609
0.415639,0.415639
0.39002988,0.39002988
0.41655454,0.41655454
0.44693455,0.44693455
0.3942865,0.3942865
0.43650606,0.43650606
0.49066725,0.49066725
0.61281526,0.61281526
0.54273826,0.54273826
0.59442765,0.59442765
0.6631631,0.6631631
0.6148676,0.6148676
0.5990945,0.5990945
0.47344628,0.47344628
0.51642734,0.51642734
0.5896096,0.5896096
0.5484641,0.5484641
0.52406454,0.52406454
0.4580454,0.4580454
0.4606334,0.4606334
0.46497792,0.46497792
0.45496306,0.45496306
0.44514346,0.44514346
0.39969188,0.39969188
0.4485992,0.4485992
0.36578467,0.36578467
0.39827773,0.39827773
0.6623997,0.6623997
0.43416485,0.43416485
0.5877098,0.5877098
0.41411227,0.41411227
0.5024464,0.5024464
0.5289742,0.5289742
0.4627846,0.4627846
0.45326352,0.45326352
0.47307602,0.47307602
0.37670565,0.37670565
0.49219638,0.49219638
0.5583117,0.5583117
0.51282114,0.51282114
0.3157338,0.3157338
0.4800944,0.4800944
0.39423016,0.39423016
0.54839015,0.54839015
0.40713152,0.40713152
0.53220177,0.53220177
0.61395687,0.61395687
0.5084439,0.5084439
0.4112785,0.4112785
0.46268725,0.46268725
0.40929013,0.40929013
0.50373,0.50373
0.6134631,0.6134631
0.62273526,0.62273526
0.5487191,0.5487191
0.40994683,0.40994683
0.43354,0.43354
0.49744534,0.49744534
0.42614245,0.42614245
0.5013522,0.5013522
0.54991937,0.54991937
0.5502262,0.5502262
0.45062247,0.45062247
0.52812016,0.52812016
0.39228827,0.39228827
0.38369256,0.38369256
0.33273995,0.33273995
0.47206545,0.47206545
0.57239807,0.57239807
0.4873707,0.4873707
0.39783043,0.39783043
0.40216383,0.40216383
0.50846314,0.50846314
0.5502288,0.5502288
0.6054407,0.6054407
0.3974073,0.3974073
0.40048677,0.40048677
0.5455936,0.5455936
0.4400331,0.4400331
0.4229225,0.4229225
0.45820174,0.45820174
0.44484174,0.44484174
0.47560218,0.47560218
0.342333,0.342333
0.37330255,0.37330255
0.41741434,0.41741434
0.3784316,0.3784316
0.4104785,0.4104785
0.3964896,0.3964896
0.40431708,0.40431708
0.46589416,0.46589416
0.38922727,0.38922727
0.44670144,0.44670144
0.3925149,0.3925149
0.3928437,0.3928437
0.38357762,0.38357762
0.5549766,0.5549766
0.48529124,0.48529124
0.52219784,0.52219784
0.39832363,0.39832363
0.37079996,0.37079996
0.41910398,0.41910398
0.37960258,0.37960258
0.42842466,0.42842466
0.45156443,0.45156443
0.4508387,0.4508387
0.39510047,0.39510047
0.3761516,0.3761516
0.43073875,0.43073875
0.45341873,0.45341873
0.45532277,0.45532277
0.47645736,0.47645736
0.53263295,0.53263295
0.5664138,0.5664138
0.5841034,0.5841034
0.4601121,0.4601121
0.5087686,0.5087686
0.45410985,0.45410985
0.5177445,0.5177445
0.5529798,0.5529798
0.6119191,0.6119191
0.40312412,0.40312412
0.42922142,0.42922142
0.46869102,0.46869102
0.44951344,0.44951344
0.5171267,0.5171267
0.5049347,0.5049347
0.5898356,0.5898356
0.41307333,0.41307333
0.39257616,0.39257616
0.44657862,0.44657862
0.49338913,0.49338913
0.4850053,0.4850053
0.45584127,0.45584127
0.46854013,0.46854013
0.47834828,0.47834828
0.48158967,0.48158967
0.4553393,0.4553393
0.4665819,0.4665819
0.37233686,0.37233686
0.42291987,0.42291987
0.48069602,0.48069602
0.39262354,0.39262354
0.4031482,0.4031482
0.37750325,0.37750325
0.37652752,0.37652752
0.4735203,0.4735203
0.37670693,0.37670693
0.39880154,0.39880154
0.38644943,0.38644943
0.51163787,0.51163787
0.52210456,0.52210456
0.53549063,0.53549063
0.48781878,0.48781878
0.43157744,0.43157744
0.40533358,0.40533358
0.4400994,0.4400994
0.5060966,0.5060966
0.40263724,0.40263724
0.4021218,0.4021218
0.3873731,0.3873731
0.37446058,0.37446058
0.46099558,0.46099558
0.60369676,0.60369676
0.49281114,0.49281114
0.5274149,0.5274149
0.38303843,0.38303843
0.40508795,0.40508795
0.4374725,0.4374725
0.60840327,0.60840327
0.54534346,0.54534346
0.48710534,0.48710534
0.5247634,0.5247634
0.5324787,0.5324787
0.6087652,0.6087652
0.48402318,0.48402318
0.43885756,0.43885756
0.49311665,0.49311665
0.45153943,0.45153943
0.49690303,0.49690303
0.40719393,0.40719393
0.35124204,0.35124204
0.4182221,0.4182221
0.4241123,0.4241123
0.41749698,0.41749698
0.40777603,0.40777603
0.4448733,0.4448733
0.5633979,0.5633979
0.6013464,0.6013464
0.5301894,0.5301894
0.43216327,0.43216327
0.5174485,0.5174485
0.50727993,0.50727993
0.4159438,0.4159438
0.5192358,0.5192358
0.4002906,0.4002906
0.415644,0.415644
0.3979643,0.3979643
0.45390508,0.45390508
0.35757104,0.35757104
0.41758078,0.41758078
0.4096773,0.4096773
0.45151764,0.45151764
0.4626524,0.4626524
0.62046826,0.62046826
0.593359,0.593359
0.57977813,0.57977813
0.39951938,0.39951938
0.42864233,0.42864233
0.43636012,0.43636012
0.42939618,0.42939618
0.56887627,0.56887627
0.57076186,0.57076186
0.5167312,0.5167312
0.44481617,0.44481617
0.48693028,0.48693028
0.46393508,0.46393508
0.41163385,0.41163385
0.44646573,0.44646573
0.43416166,0.43416166
0.4569827,0.4569827
0.45967656,0.45967656
0.5016414,0.5016414
0.42320266,0.42320266
0.41420043,0.41420043
0.3787151,0.3787151
0.41203955,0.41203955
0.4108258,0.4108258
0.43793568,0.43793568
0.5519564,0.5519564
0.67415917,0.67415917
0.41924495,0.41924495
0.41928545,0.41928545
0.49236006,0.49236006
0.40116635,0.40116635
0.38048267,0.38048267
0.5051134,0.5051134
0.627162,0.627162
0.6437184,0.6437184
0.57696235,0.57696235
0.5873904,0.5873904
0.5872247,0.5872247
0.57469004,0.57469004
0.6102145,0.6102145
0.59050804,0.59050804
0.5669888,0.5669888
0.59085923,0.59085923
0.66887903,0.66887903
0.59697247,0.59697247
0.45099762,0.45099762
0.47192135,0.47192135
0.3690413,0.3690413
0.43509835,0.43509835
0.45542333,0.45542333
0.40043443,0.40043443
0.38949826,0.38949826
0.30973864,0.30973864
0.30413496,0.30413496
0.45744142,0.45744142
0.4626175,0.4626175
0.4198467,0.4198467
0.51689434,0.51689434
0.4259306,0.4259306
0.3536961,0.3536961
0.4203679,0.4203679
0.52373606,0.52373606
0.41904315,0.41904315
0.46157935,0.46157935
0.40763584,0.40763584
0.38949028,0.38949028
0.7305294,0.7305294
0.4939876,0.4939876
0.5924926,0.5924926
0.42715204,0.42715204
0.47537607,0.47537607
0.43211818,0.43211818
0.46623638,0.46623638
0.45700216,0.45700216
0.49954304,0.49954304
0.46231726,0.46231726
0.42280442,0.42280442
0.42049924,0.42049924
0.4043737,0.4043737
0.4390126,0.4390126
0.5024954,0.5024954
0.41235116,0.41235116
0.36520678,0.36520678
0.5477532,0.5477532
0.4862818,0.4862818
0.4377522,0.4377522
0.62261015,0.62261015
0.57491505,0.57491505
0.60887086,0.60887086
0.4432717,0.4432717
0.45894626,0.45894626
0.40940726,0.40940726
0.46014887,0.46014887
0.5527162,0.5527162
0.5046781,0.5046781
0.4188671,0.4188671
0.42790115,0.42790115
0.4797661,0.4797661
0.55050945,0.55050945
0.55242753,0.55242753
0.38767964,0.38767964
0.6218216,0.6218216
0.43330565,0.43330565
0.48217517,0.48217517
0.42173666,0.42173666
0.46342334,0.46342334
0.37403217,0.37403217
0.38773474,0.38773474
0.48661023,0.48661023
0.44321573,0.44321573
0.5620182,0.5620182
0.54331744,0.54331744
0.52774346,0.52774346
0.4456617,0.4456617
0.38846108,0.38846108
0.43088567,0.43088567
0.5504341,0.5504341
0.4907457,0.4907457
0.43250942,0.43250942
0.4633779,0.4633779
0.47783265,0.47783265
0.37667596,0.37667596
0.5055334,0.5055334
0.7010372,0.7010372
0.5728699,0.5728699
0.3838036,0.3838036
0.4382628,0.4382628
0.44325334,0.44325334
0.4783313,0.4783313
0.4547597,0.4547597
0.48453915,0.48453915
0.54527557,0.54527557
0.5693672,0.5693672
0.5432574,0.5432574
0.41841877,0.41841877
0.37765938,0.37765938
0.3715781,0.3715781
0.4487807,0.4487807
0.4172424,0.4172424
0.45258796,0.45258796
0.5939491,0.5939491
0.4570073,0.4570073
0.43661207,0.43661207
0.34007663,0.34007663
0.46015772,0.46015772
0.49476862,0.49476862
0.38220266,0.38220266
0.41714102,0.41714102
0.44394588,0.44394588
0.4653753,0.4653753
0.48962516,0.48962516
0.47245052,0.47245052
0.45860973,0.45860973
0.6070875,0.6070875
0.45148405,0.45148405
0.63780767,0.63780767
0.5924235,0.5924235
0.59322804,0.59322804
0.5427616,0.5427616
0.6373569,0.6373569
0.5902795,0.5902795
0.55158675,0.55158675
0.61630964,0.61630964
0.64256597,0.64256597
0.6004983,0.6004983
0.40524954,0.40524954
0.47463983,0.47463983
0.39951587,0.39951587
0.3748768,0.3748768
0.43834043,0.43834043
0.47305235,0.47305235
0.46778426,0.46778426
0.40934676,0.40934676
0.34970546,0.34970546
0.5709927,0.5709927
0.5507745,0.5507745
0.5974168,0.5974168
0.49666217,0.49666217
0.46244287,0.46244287
0.48655593,0.48655593
0.5403824,0.5403824
0.63787866,0.63787866
0.44555533,0.44555533
0.5597629,0.5597629
0.6481033,0.6481033
0.6426818,0.6426818
0.5437955,0.5437955
0.29441574,0.29441574
0.28443477,0.28443477
0.31716523,0.31716523
0.35062596,0.35062596
0.43885052,0.43885052
0.4495776,0.4495776
0.50131685,0.50131685
0.4307244,0.4307244
0.4171811,0.4171811
0.4516136,0.4516136
0.48531586,0.48531586
0.39987588,0.39987588
0.43239936,0.43239936
0.4116278,0.4116278
0.5104566,0.5104566
0.6775723,0.6775723
0.61515415,0.61515415
0.3839305,0.3839305
0.3959168,0.3959168
0.42400038,0.42400038
0.52804136,0.52804136
0.39591238,0.39591238
0.4845979,0.4845979
0.45661288,0.45661288
0.45968795,0.45968795
0.41246095,0.41246095
0.48495018,0.48495018
0.56306815,0.56306815
0.57561874,0.57561874
0.41223386,0.41223386
0.44658569,0.44658569
0.4828126,0.4828126
0.44772324,0.44772324
0.43171856,0.43171856
0.45933217,0.45933217
0.38131547,0.38131547
0.38450217,0.38450217
0.38147408,0.38147408
0.44461158,0.44461158
0.39543682,0.39543682
0.4933104,0.4933104
0.5021623,0.5021623
0.39102915,0.39102915
0.40959576,0.40959576
0.38756394,0.38756394
0.427584,0.427584
0.46208513,0.46208513
0.40822798,0.40822798
0.37437055,0.37437055
0.47198367,0.47198367
0.47216594,0.47216594
0.37530982,0.37530982
0.45527267,0.45527267
0.453281,0.453281
0.42960903,0.42960903
0.4319254,0.4319254
0.43525767,0.43525767
0.4071342,0.4071342
0.39714196,0.39714196
0.39567575,0.39567575
0.40052226,0.40052226
0.43878034,0.43878034
0.46091488,0.46091488
0.45764896,0.45764896
0.47555408,0.47555408
0.40024272,0.40024272
0.37836432,0.37836432
0.34811896,0.34811896
0.35505614,0.35505614
0.4592302,0.4592302
0.4550441,0.4550441
0.43163928,0.43163928
0.44818747,0.44818747
0.45585176,0.45585176
0.45180085,0.45180085
0.49811244,0.49811244
0.53191483,0.53191483
0.40322238,0.40322238
0.47024068,0.47024068
0.44013596,0.44013596
0.4175128,0.4175128
0.32199457,0.32199457
0.36390927,0.36390927
0.3343234,0.3343234
0.36438188,0.36438188
0.36447072,0.36447072
0.5953685,0.5953685
0.31638503,0.31638503
0.37720573,0.37720573
0.3997118,0.3997118
0.41663143,0.41663143
0.376664,0.376664
0.45040357,0.45040357
0.4183506,0.4183506
0.3908863,0.3908863
0.40675595,0.40675595
0.38160554,0.38160554
0.3881325,0.3881325
0.54997617,0.54997617
0.46558252,0.46558252
0.63393444,0.63393444
0.5004577,0.5004577
0.37950847,0.37950847
0.45488298,0.45488298
0.5552834,0.5552834
0.41095707,0.41095707
0.47742763,0.47742763
0.49494153,0.49494153
0.46372232,0.46372232
0.47230348,0.47230348
0.6291523,0.6291523
0.46547294,0.46547294
0.49540162,0.49540162
0.44176027,0.44176027
0.46349847,0.46349847
0.4447391,0.4447391
0.42468542,0.42468542
0.47592905,0.47592905
0.48749727,0.48749727
0.4693445,0.4693445
0.608446,0.608446
0.6259014,0.6259014
0.5700035,0.5700035
0.5779999,0.5779999
0.54044956,0.54044956
0.4120464,0.4120464
0.4088291,0.4088291
0.47015658,0.47015658
0.45678112,0.45678112
0.43194678,0.43194678
0.43180814,0.43180814
0.44490373,0.44490373
0.42171246,0.42171246
0.4736759,0.4736759
0.49035445,0.49035445
0.5501919,0.5501919
0.62038285,0.62038285
0.4295081,0.4295081
0.28931242,0.28931242
0.4433065,0.4433065
0.45424896,0.45424896
0.44455087,0.44455087
0.4220309,0.4220309
0.41892433,0.41892433
0.50667006,0.50667006
0.4051638,0.4051638
0.34739137,0.34739137
0.31887373,0.31887373
0.47811526,0.47811526
0.5839316,0.5839316
0.570111,0.570111
0.5497843,0.5497843
0.6078306,0.6078306
0.5611069,0.5611069
0.60468847,0.60468847
0.625584,0.625584
0.5912929,0.5912929
0.61581236,0.61581236
0.6496782,0.6496782
0.6072268,0.6072268
0.59644884,0.59644884
0.49022812,0.49022812
0.4827362,0.4827362
0.48628312,0.48628312
0.4553123,0.4553123
0.50915927,0.50915927
0.38605908,0.38605908
0.38597515,0.38597515
0.44193307,0.44193307
0.373438,0.373438
0.39229947,0.39229947
0.4326838,0.4326838
0.4370191,0.4370191
0.41820714,0.41820714
0.47329825,0.47329825
0.570751,0.570751
0.5250553,0.5250553
0.5056941,0.5056941
0.509821,0.509821
0.52626,0.52626
0.42936388,0.42936388
0.4427742,0.4427742
0.4282517,0.4282517
0.3824871,0.3824871
0.47830322,0.47830322
0.65584046,0.65584046
0.53182495,0.53182495
0.5394249,0.5394249
0.54565066,0.54565066
0.4573192,0.4573192
0.5031691,0.5031691
0.387744,0.387744
0.42093307,0.42093307
0.42897877,0.42897877
0.45585546,0.45585546
0.44325697,0.44325697
0.5046705,0.5046705
0.50059557,0.50059557
0.44435176,0.44435176
0.42131853,0.42131853
0.43297493,0.43297493
0.55420274,0.55420274
0.5508575,0.5508575
0.4353518,0.4353518
0.37454903,0.37454903
0.44582704,0.44582704
0.58503205,0.58503205
0.56041217,0.56041217
0.4333555,0.4333555
0.47053224,0.47053224
0.40940866,0.40940866
0.5192985,0.5192985
0.63050467,0.63050467
0.5174391,0.5174391
0.41618648,0.41618648
0.52062666,0.52062666
0.45684692,0.45684692
0.43936712,0.43936712
0.35271755,0.35271755
0.43259737,0.43259737
0.40619165,0.40619165
0.45730755,0.45730755
0.4881719,0.4881719
0.38580653,0.38580653
0.36279938,0.36279938
0.3793248,0.3793248
0.36279902,0.36279902
0.4319619,0.4319619
0.42606038,0.42606038
0.39470923,0.39470923
0.6023154,0.6023154
0.57506007,0.57506007
0.4038066,0.4038066
0.4738527,0.4738527
0.45871213,0.45871213
0.46888342,0.46888342
0.40561292,0.40561292
0.4376863,0.4376863
0.38687047,0.38687047
0.4254988,0.4254988
0.4726255,0.4726255
0.43373668,0.43373668
0.4758001,0.4758001
0.48364678,0.48364678
0.6361543,0.6361543
0.5087905,0.5087905
0.36176914,0.36176914
0.35273203,0.35273203
0.44945106,0.44945106
0.45700407,0.45700407
0.46296948,0.46296948
0.36863866,0.36863866
0.39614305,0.39614305
0.45102936,0.45102936
0.54444283,0.54444283
0.42860898,0.42860898
0.5779662,0.5779662
0.33972868,0.33972868
0.5786417,0.5786417
0.5344351,0.5344351
0.42051706,0.42051706
0.46535593,0.46535593
0.45208842,0.45208842
0.40163472,0.40163472
0.4421963,0.4421963
0.45286688,0.45286688
0.38920572,0.38920572
0.42281392,0.42281392
0.5261736,0.5261736
0.59712446,0.59712446
0.45973435,0.45973435
0.45948702,0.45948702
0.43091747,0.43091747
0.45305333,0.45305333
0.5728915,0.5728915
0.5079183,0.5079183
0.63952655,0.63952655
0.5468783,0.5468783
0.39818522,0.39818522
0.4726935,0.4726935
0.5081851,0.5081851
0.5800806,0.5800806
0.54630584,0.54630584
0.36765426,0.36765426
0.3909628,0.3909628
0.4349651,0.4349651
0.41272876,0.41272876
0.4989545,0.4989545
0.44656098,0.44656098
0.4663831,0.4663831
0.56091475,0.56091475
0.62390023,0.62390023
0.633905,0.633905
0.6516339,0.6516339
0.5848418,0.5848418
0.6116967,0.6116967
0.6205697,0.6205697
0.5884338,0.5884338
0.6186958,0.6186958
0.62043905,0.62043905
0.639096,0.639096
0.44317964,0.44317964
0.44939026,0.44939026
0.48639175,0.48639175
0.46166065,0.46166065
0.4349056,0.4349056
0.4292853,0.4292853
0.46656793,0.46656793
0.44683847,0.44683847
0.45817694,0.45817694
0.46465027,0.46465027
0.4164616,0.4164616
0.4191349,0.4191349
0.43237004,0.43237004
0.46461985,0.46461985
0.5880678,0.5880678
0.5063319,0.5063319
0.47426912,0.47426912
0.531347,0.531347
0.48463908,0.48463908
0.45433336,0.45433336
0.41747606,0.41747606
0.45879456,0.45879456
0.41290832,0.41290832
0.38606516,0.38606516
0.4319913,0.4319913
0.60298234,0.60298234
0.5917642,0.5917642
0.53678095,0.53678095
0.5226156,0.5226156
0.60553586,0.60553586
0.46494853,0.46494853
0.51123613,0.51123613
0.5311394,0.5311394
0.36901617,0.36901617
0.5619534,0.5619534
0.50260806,0.50260806
0.46459663,0.46459663
0.37767342,0.37767342
0.34913522,0.34913522
0.4581025,0.4581025
0.44925803,0.44925803
0.40994364,0.40994364
0.40699562,0.40699562
0.4371068,0.4371068
0.5113291,0.5113291
0.4350098,0.4350098
0.56504154,0.56504154
0.6468951,0.6468951
0.5777077,0.5777077
0.49019635,0.49019635
0.5826762,0.5826762
0.42615312,0.42615312
0.54910856,0.54910856
0.49776694,0.49776694
0.35589376,0.35589376
0.3071007,0.3071007
0.32844642,0.32844642
0.61560637,0.61560637
0.6640949,0.6640949
0.65257484,0.65257484
0.6410752,0.6410752
0.5827233,0.5827233
0.5746088,0.5746088
0.3786839,0.3786839
0.4898685,0.4898685
0.44653162,0.44653162
0.549503,0.549503
0.57348144,0.57348144
0.6491016,0.6491016
0.38862717,0.38862717
0.36991832,0.36991832
0.34615445,0.34615445
0.47020322,0.47020322
0.4584844,0.4584844
0.47326913,0.47326913
0.4414607,0.4414607
0.40449464,0.40449464
0.43045565,0.43045565
0.5257697,0.5257697
0.52200955,0.52200955
0.5634439,0.5634439
0.6173292,0.6173292
0.5474355,0.5474355
0.49157098,0.49157098
0.49054652,0.49054652
0.52644706,0.52644706
0.5553948,0.5553948
0.5739826,0.5739826
0.61913115,0.61913115
0.62010175,0.62010175
0.45842505,0.45842505
0.49165517,0.49165517
0.46752483,0.46752483
0.48133755,0.48133755
0.5351018,0.5351018
0.4970149,0.4970149
0.4720343,0.4720343
0.3989411,0.3989411
0.377531,0.377531
0.43998656,0.43998656
0.4492689,0.4492689
0.5931349,0.5931349
0.3948042,0.3948042
0.4202133,0.4202133
0.4859252,0.4859252
0.41972688,0.41972688
0.4865956,0.4865956
0.47695535,0.47695535
0.4861656,0.4861656
0.43417454,0.43417454
0.470253,0.470253
0.48301932,0.48301932
0.49025667,0.49025667
0.45588243,0.45588243
0.45190033,0.45190033
0.38036773,0.38036773
0.4236946,0.4236946
0.395177,0.395177
0.41339657,0.41339657
0.4140403,0.4140403
0.41499475,0.41499475
0.4050421,0.4050421
0.49815783,0.49815783
0.51665086,0.51665086
0.48715815,0.48715815
0.35566536,0.35566536
0.39365506,0.39365506
0.445007,0.445007
0.45778918,0.45778918
0.47550195,0.47550195
0.48464736,0.48464736
0.57487077,0.57487077
0.535502,0.535502
0.5585693,0.5585693
0.3579411,0.3579411
0.42372435,0.42372435
0.3863663,0.3863663
0.3872039,0.3872039
0.40768808,0.40768808
0.4086421,0.4086421
0.4309309,0.4309309
0.36211225,0.36211225
0.4073723,0.4073723
0.41346404,0.41346404
0.37696654,0.37696654
0.37136775,0.37136775
0.44098023,0.44098023
0.45425275,0.45425275
0.442644,0.442644
0.58046293,0.58046293
0.5731964,0.5731964
0.559531,0.559531
0.46256903,0.46256903
0.4367473,0.4367473
0.45440486,0.45440486
0.4866144,0.4866144
0.48485997,0.48485997
0.52884823,0.52884823
0.39160165,0.39160165
0.45538536,0.45538536
0.4621163,0.4621163
0.5484626,0.5484626
0.5387555,0.5387555
0.52800095,0.52800095
0.4983058,0.4983058
0.6177697,0.6177697
0.6275674,0.6275674
0.64697194,0.64697194
0.58391327,0.58391327
0.4523665,0.4523665
0.4031922,0.4031922
0.43514568,0.43514568
0.4552674,0.4552674
0.43609864,0.43609864
0.42595163,0.42595163
0.46262735,0.46262735
0.43228456,0.43228456
0.41466,0.41466
0.49691656,0.49691656
0.552867,0.552867
0.36147842,0.36147842
0.49411565,0.49411565
0.41795686,0.41795686
0.45776632,0.45776632
0.38733405,0.38733405
0.50787544,0.50787544
0.40162268,0.40162268
0.474253,0.474253
0.51778567,0.51778567
0.6156507,0.6156507
0.62354195,0.62354195
0.49681523,0.49681523
0.47337255,0.47337255
0.31770778,0.31770778
0.5208502,0.5208502
0.5134747,0.5134747
0.3264935,0.3264935
0.3922711,0.3922711
0.60165036,0.60165036
0.45540288,0.45540288
0.47466764,0.47466764
0.39532924,0.39532924
0.48147556,0.48147556
0.44855666,0.44855666
0.4229296,0.4229296
0.4436015,0.4436015
0.4326482,0.4326482
0.46542758,0.46542758
0.50257653,0.50257653
0.5098626,0.5098626
0.3699703,0.3699703
0.44930485,0.44930485
0.47639322,0.47639322
0.42518133,0.42518133
0.45420277,0.45420277
0.40336463,0.40336463
0.41961768,0.41961768
0.42707133,0.42707133
0.41495547,0.41495547
0.5479633,0.5479633
0.5856425,0.5856425
0.5059057,0.5059057
0.44946823,0.44946823
0.44158745,0.44158745
0.4462361,0.4462361
0.4226062,0.4226062
0.38743144,0.38743144
0.47830585,0.47830585
0.5152459,0.5152459
0.5301754,0.5301754
0.62563443,0.62563443
0.386134,0.386134
0.3933539,0.3933539
0.5051894,0.5051894
0.42948225,0.42948225
0.41620997,0.41620997
0.45035216,0.45035216
0.5785362,0.5785362
0.5615299,0.5615299
0.69077706,0.69077706
0.60659736,0.60659736
0.5952849,0.5952849
0.57804555,0.57804555
0.5506829,0.5506829
0.5801046,0.5801046
0.5929843,0.5929843
0.5934812,0.5934812
0.5879993,0.5879993
0.6257908,0.6257908
0.43289328,0.43289328
0.4210917,0.4210917
0.52856874,0.52856874
0.34344694,0.34344694
0.53801465,0.53801465
0.53119653,0.53119653
0.57203263,0.57203263
0.40896207,0.40896207
0.47085652,0.47085652
0.53754896,0.53754896
0.5281737,0.5281737
0.4889194,0.4889194
0.6079393,0.6079393
0.45134342,0.45134342
0.38256067,0.38256067
0.48722008,0.48722008
0.40257892,0.40257892
0.4793212,0.4793212
0.4424248,0.4424248
0.42364973,0.42364973
0.44131407,0.44131407
0.4342087,0.4342087
0.3727144,0.3727144
0.41107905,0.41107905
0.3750766,0.3750766
0.5836679,0.5836679
0.4854034,0.4854034
0.40696302,0.40696302
0.479425,0.479425
0.48363692,0.48363692
0.45560285,0.45560285
0.5672518,0.5672518
0.58454126,0.58454126
0.61152136,0.61152136
0.5078546,0.5078546
0.5845684,0.5845684
0.43568733,0.43568733
0.3881518,0.3881518
0.4516724,0.4516724
0.43483156,0.43483156
0.45214143,0.45214143
0.42147797,0.42147797
0.40165913,0.40165913
0.39622572,0.39622572
0.5621052,0.5621052
0.48689887,0.48689887
0.4775193,0.4775193
0.49421215,0.49421215
0.454157,0.454157
0.53786117,0.53786117
0.48624003,0.48624003
0.4791584,0.4791584
0.48613954,0.48613954
0.5126115,0.5126115
0.5566816,0.5566816
0.6155098,0.6155098
0.5750967,0.5750967
0.5304126,0.5304126
0.5600589,0.5600589
0.6354802,0.6354802
0.38959843,0.38959843
0.4676543,0.4676543
0.38170892,0.38170892
0.36326686,0.36326686
0.39214674,0.39214674
0.49787378,0.49787378
0.48913658,0.48913658
0.5162182,0.5162182
0.41860723,0.41860723
0.40401992,0.40401992
0.41689274,0.41689274
0.50211644,0.50211644
0.5507708,0.5507708
0.56216633,0.56216633
0.5552139,0.5552139
0.46514136,0.46514136
0.40590325,0.40590325
0.4657985,0.4657985
0.45927855,0.45927855
0.4708413,0.4708413
0.5234372,0.5234372
0.48296028,0.48296028
0.40299416,0.40299416
0.38797662,0.38797662
0.57579607,0.57579607
0.5535827,0.5535827
0.4552361,0.4552361
0.43147263,0.43147263
0.39065182,0.39065182
0.40024683,0.40024683
0.5122539,0.5122539
0.518594,0.518594
0.40578598,0.40578598
0.4146975,0.4146975
0.50348854,0.50348854
0.45122352,0.45122352
0.45023015,0.45023015
0.4316993,0.4316993
0.43782184,0.43782184
0.46548453,0.46548453
0.41368258,0.41368258
0.45911244,0.45911244
0.5092622,0.5092622
0.5920808,0.5920808
0.5611775,0.5611775
0.48865786,0.48865786
0.4421228,0.4421228
0.4092972,0.4092972
0.35442948,0.35442948
0.36993244,0.36993244
0.34683236,0.34683236
0.37137422,0.37137422
0.4252991,0.4252991
0.60249925,0.60249925
0.47466,0.47466
0.5005287,0.5005287
0.61467785,0.61467785
0.49491957,0.49491957
0.3462515,0.3462515
0.38831452,0.38831452
0.40129477,0.40129477
0.45420375,0.45420375
0.44629502,0.44629502
0.49807712,0.49807712
0.38988867,0.38988867
0.38972193,0.38972193
0.37627554,0.37627554
0.40678692,0.40678692
0.46260887,0.46260887
0.52634627,0.52634627
0.48467746,0.48467746
0.5010507,0.5010507
0.5385944,0.5385944
0.5640624,0.5640624
0.5624045,0.5624045
0.60656244,0.60656244
0.55281985,0.55281985
0.5779775,0.5779775
0.5311881,0.5311881
0.5726114,0.5726114
0.5251191,0.5251191
0.55372536,0.55372536
0.44936162,0.44936162
0.45292857,0.45292857
0.5998911,0.5998911
0.48715124,0.48715124
0.48202634,0.48202634
0.50969523,0.50969523
0.44796002,0.44796002
0.4841774,0.4841774
0.4196476,0.4196476
0.48109856,0.48109856
0.43902233,0.43902233
0.45102528,0.45102528
0.4403451,0.4403451
0.3623212,0.3623212
0.43574235,0.43574235
0.44222158,0.44222158
0.41299084,0.41299084
0.48018414,0.48018414
0.4953203,0.4953203
0.58742523,0.58742523
0.54473054,0.54473054
0.47183,0.47183
0.4924769,0.4924769
0.5577863,0.5577863
0.28060818,0.28060818
0.45225736,0.45225736
0.47792172,0.47792172
0.54375184,0.54375184
0.36351573,0.36351573
0.45382166,0.45382166
0.3965563,0.3965563
0.46981126,0.46981126
0.44700208,0.44700208
0.395567,0.395567
0.37650204,0.37650204
0.40833804,0.40833804
0.473172,0.473172
0.3715255,0.3715255
0.29466125,0.29466125
0.40464425,0.40464425
0.45235178,0.45235178
0.48959586,0.48959586
0.42780107,0.42780107
0.42800188,0.42800188
0.41144004,0.41144004
0.3941781,0.3941781
0.53090924,0.53090924
0.5352698,0.5352698
0.4991626,0.4991626
0.41754404,0.41754404
0.47939458,0.47939458
0.5989078,0.5989078
0.5476105,0.5476105
0.57445216,0.57445216
0.41819292,0.41819292
0.40078038,0.40078038
0.42245027,0.42245027
0.45154154,0.45154154
0.45784068,0.45784068
0.46694088,0.46694088
0.44179592,0.44179592
0.4927324,0.4927324
0.46558756,0.46558756
0.5619782,0.5619782
0.523976,0.523976
0.44855946,0.44855946
0.5117484,0.5117484
0.4507051,0.4507051
0.47169146,0.47169146
0.42594624,0.42594624
0.4078467,0.4078467
0.32418182,0.32418182
0.42554367,0.42554367
0.44639072,0.44639072
0.3893422,0.3893422
0.51309544,0.51309544
0.40374783,0.40374783
0.4313568,0.4313568
0.47780952,0.47780952
0.569438,0.569438
0.62274694,0.62274694
0.598844,0.598844
0.52361286,0.52361286
0.54165614,0.54165614
0.434988,0.434988
0.5429949,0.5429949
0.6279096,0.6279096
0.50971556,0.50971556
0.5850289,0.5850289
0.47795805,0.47795805
0.50207555,0.50207555
0.5644241,0.5644241
0.55220234,0.55220234
0.5643904,0.5643904
0.44801626,0.44801626
0.44068938,0.44068938
0.3596389,0.3596389
0.43706378,0.43706378
0.39847344,0.39847344
0.36133474,0.36133474
0.42508236,0.42508236
0.4781682,0.4781682
0.45059848,0.45059848
0.60200006,0.60200006
0.48833132,0.48833132
0.43377045,0.43377045
0.43808192,0.43808192
0.43481162,0.43481162
0.38938642,0.38938642
0.43568563,0.43568563
0.41758782,0.41758782
0.410004,0.410004
0.42470738,0.42470738
0.46479312,0.46479312
0.35849297,0.35849297
0.41600117,0.41600117
0.48086646,0.48086646
0.49471727,0.49471727
0.4438848,0.4438848
0.47519714,0.47519714
0.51828426,0.51828426
0.63891333,0.63891333
0.5677878,0.5677878
0.32144633,0.32144633
0.34586465,0.34586465
0.40290344,0.40290344
0.4471546,0.4471546
0.45054033,0.45054033
0.51723933,0.51723933
0.61813235,0.61813235
0.52781343,0.52781343
0.5502162,0.5502162
0.44500372,0.44500372
0.43721375,0.43721375
0.43984416,0.43984416
0.38966542,0.38966542
0.47254005,0.47254005
0.4765907,0.4765907
0.44033715,0.44033715
0.43064833,0.43064833
0.45284784,0.45284784
0.46007726,0.46007726
0.47402558,0.47402558
0.421524,0.421524
0.5786445,0.5786445
0.5582403,0.5582403
0.46364465,0.46364465
0.49373648,0.49373648
0.45747387,0.45747387
0.44425803,0.44425803
0.429749,0.429749
0.5331706,0.5331706
0.6050873,0.6050873
0.64349854,0.64349854
0.58493257,0.58493257
0.62655765,0.62655765
0.5760987,0.5760987
0.6309917,0.6309917
0.58855647,0.58855647
0.53569216,0.53569216
0.39319867,0.39319867
0.4639489,0.4639489
0.46550274,0.46550274
0.5260248,0.5260248
0.4771357,0.4771357
0.42716163,0.42716163
0.64583343,0.64583343
0.5728938,0.5728938
0.42621493,0.42621493
0.52054715,0.52054715
0.38027957,0.38027957
0.66426855,0.66426855
0.6028352,0.6028352
0.61885095,0.61885095
0.48822886,0.48822886
0.3928302,0.3928302
0.32368782,0.32368782
0.49257803,0.49257803
0.5740391,0.5740391
0.42765197,0.42765197
0.38756645,0.38756645
0.5743355,0.5743355
0.61334753,0.61334753
0.5766719,0.5766719
0.38913202,0.38913202
0.55338556,0.55338556
0.5033011,0.5033011
0.5891865,0.5891865
0.538537,0.538537
0.4178751,0.4178751
0.4603446,0.4603446
0.43969923,0.43969923
0.49688584,0.49688584
0.46893385,0.46893385
0.47630018,0.47630018
0.4735181,0.4735181
0.4708016,0.4708016
0.514244,0.514244
0.5154979,0.5154979
0.5364975,0.5364975
0.52456975,0.52456975
0.464065,0.464065
0.5150277,0.5150277
0.5768842,0.5768842
0.6109761,0.6109761
0.5633762,0.5633762
0.59595567,0.59595567
0.5408836,0.5408836
0.5625968,0.5625968
0.6145788,0.6145788
0.5996393,0.5996393
0.5162285,0.5162285
0.5900942,0.5900942
0.619937,0.619937
0.59945536,0.59945536
0.58527285,0.58527285
0.5699084,0.5699084
0.5188592,0.5188592
0.52420306,0.52420306
0.3767339,0.3767339
0.44397408,0.44397408
0.45277953,0.45277953
0.4250367,0.4250367
0.6833745,0.6833745
0.5595568,0.5595568
0.5824849,0.5824849
0.58218044,0.58218044
0.48276293,0.48276293
0.4654912,0.4654912
0.45287618,0.45287618
0.61211044,0.61211044
0.5370878,0.5370878
0.4419415,0.4419415
0.45005405,0.45005405
0.46162367,0.46162367
0.44850445,0.44850445
0.525585,0.525585
0.6055352,0.6055352
0.57634944,0.57634944
0.53270143,0.53270143
0.58243835,0.58243835
0.5019303,0.5019303
0.5775799,0.5775799
0.61518025,0.61518025
0.44610947,0.44610947
0.5427264,0.5427264
0.5642546,0.5642546
0.5450133,0.5450133
0.51926464,0.51926464
0.48118666,0.48118666
0.43051115,0.43051115
0.69760346,0.69760346
0.62133884,0.62133884
0.6028993,0.6028993
0.6359274,0.6359274
0.49038118,0.49038118
0.5244894,0.5244894
0.52095366,0.52095366
0.4369638,0.4369638
0.5919957,0.5919957
0.6040033,0.6040033
0.52189034,0.52189034
0.52039886,0.52039886
0.46426332,0.46426332
0.40067193,0.40067193
0.45414227,0.45414227
0.61599356,0.61599356
0.6445175,0.6445175
0.56758815,0.56758815
0.57804453,0.57804453
0.5821557,0.5821557
0.5523541,0.5523541
0.5743389,0.5743389
0.5164518,0.5164518
0.37500146,0.37500146
0.46365318,0.46365318
0.5488919,0.5488919
0.4146965,0.4146965
0.39041126,0.39041126
0.36936337,0.36936337
0.40303367,0.40303367
0.42968187,0.42968187
0.5799772,0.5799772
0.52044797,0.52044797
0.45042711,0.45042711
0.44124156,0.44124156
0.47338122,0.47338122
0.4391577,0.4391577
0.48876047,0.48876047
0.36863306,0.36863306
0.4430676,0.4430676
0.4804749,0.4804749
0.46019396,0.46019396
0.48116016,0.48116016
0.5067672,0.5067672
0.5580433,0.5580433
0.37992483,0.37992483
0.47741497,0.47741497
0.5196718,0.5196718
0.4835386,0.4835386
0.4733531,0.4733531
0.4924809,0.4924809
0.59172976,0.59172976
0.44789752,0.44789752
0.45965317,0.45965317
0.41639993,0.41639993
0.47932938,0.47932938
0.6361025,0.6361025
0.6165952,0.6165952
0.69215477,0.69215477
0.48536476,0.48536476
0.3334713,0.3334713
0.4027991,0.4027991
0.46236214,0.46236214
0.423449,0.423449
0.42244223,0.42244223
0.44231734,0.44231734
0.41573572,0.41573572
0.4345358,0.4345358
0.50472677,0.50472677
0.49634153,0.49634153
0.50819397,0.50819397
0.44300476,0.44300476
0.48850644,0.48850644
0.37505877,0.37505877
0.45292577,0.45292577
0.35131136,0.35131136
0.45362768,0.45362768
0.34133643,0.34133643
0.34348673,0.34348673
0.35065645,0.35065645
0.35284463,0.35284463
0.45073375,0.45073375
0.42368248,0.42368248
0.583504,0.583504
0.40952617,0.40952617
0.41040006,0.41040006
0.62697124,0.62697124
0.6637489,0.6637489
0.61879426,0.61879426
0.4542915,0.4542915
0.4864825,0.4864825
0.43605766,0.43605766
0.47358644,0.47358644
0.46946818,0.46946818
0.5084515,0.5084515
0.4702096,0.4702096
0.49557653,0.49557653
0.5199635,0.5199635
0.49637187,0.49637187
0.41282344,0.41282344
0.42602456,0.42602456
0.4277684,0.4277684
0.49986842,0.49986842
0.5370576,0.5370576
0.46478936,0.46478936
0.46949282,0.46949282
0.67374605,0.67374605
0.6977872,0.6977872
0.64265496,0.64265496
0.5445791,0.5445791
0.46827528,0.46827528
0.3834147,0.3834147
0.6037264,0.6037264
0.56369084,0.56369084
0.5368933,0.5368933
0.4460828,0.4460828
0.47296903,0.47296903
0.4855782,0.4855782
0.4908282,0.4908282
0.52988815,0.52988815
0.42254514,0.42254514
0.53773314,0.53773314
0.6786135,0.6786135
0.5846389,0.5846389
0.504756,0.504756
0.46744686,0.46744686
0.4419653,0.4419653
0.41499156,0.41499156
0.5207638,0.5207638
0.5077669,0.5077669
0.45565152,0.45565152
0.45473257,0.45473257
0.4657753,0.4657753
0.5007602,0.5007602
0.6542997,0.6542997
0.49576542,0.49576542
0.46627793,0.46627793
0.4622962,0.4622962
0.6489257,0.6489257
0.60630566,0.60630566
0.58930534,0.58930534
0.6439519,0.6439519
0.62583774,0.62583774
0.61774015,0.61774015
0.59887564,0.59887564
0.6051161,0.6051161
0.58262134,0.58262134
0.55811304,0.55811304
0.6288693,0.6288693
0.5807316,0.5807316
0.6133224,0.6133224
0.6096448,0.6096448
0.5569628,0.5569628
0.5890982,0.5890982
0.6492925,0.6492925
0.57707024,0.57707024
0.5919656,0.5919656
0.616519,0.616519
0.39495918,0.39495918
0.4628273,0.4628273
0.3872681,0.3872681
0.46953985,0.46953985
0.49548134,0.49548134
0.42775658,0.42775658
0.43275958,0.43275958
0.504414,0.504414
0.4893139,0.4893139
0.4625789,0.4625789
0.37699673,0.37699673
0.48261723,0.48261723
0.40025648,0.40025648
0.4897955,0.4897955
0.50905097,0.50905097
0.5886053,0.5886053
0.44313353,0.44313353
0.44216302,0.44216302
0.51989174,0.51989174
0.36460298,0.36460298
0.5574788,0.5574788
0.63472927,0.63472927
0.48120326,0.48120326
0.41375858,0.41375858
0.41711578,0.41711578
0.43557212,0.43557212
0.46772015,0.46772015
0.5526757,0.5526757
0.51908964,0.51908964
0.5570251,0.5570251
0.5953836,0.5953836
0.44040632,0.44040632
0.5060578,0.5060578
0.5897102,0.5897102
0.5170955,0.5170955
0.4921261,0.4921261
0.53604907,0.53604907
0.5275199,0.5275199
0.5875479,0.5875479
0.5005244,0.5005244
0.487645,0.487645
0.47098985,0.47098985
0.43185163,0.43185163
0.5658283,0.5658283
0.5353468,0.5353468
0.6088278,0.6088278
0.61142504,0.61142504
0.6632956,0.6632956
0.5767777,0.5767777
0.45948654,0.45948654
0.46807164,0.46807164
0.48435053,0.48435053
0.4209275,0.4209275
0.42787468,0.42787468
0.42140776,0.42140776
0.4702061,0.4702061
0.47675025,0.47675025
0.4573598,0.4573598
0.5668975,0.5668975
0.61774516,0.61774516
0.5497689,0.5497689
0.6013167,0.6013167
0.60451055,0.60451055
0.6298282,0.6298282
0.585895,0.585895
0.58535504,0.58535504
0.58244467,0.58244467
0.66496456,0.66496456
0.5490965,0.5490965
0.50042117,0.50042117
0.46875796,0.46875796
0.461436,0.461436
0.45536998,0.45536998
0.47870144,0.47870144
0.5144189,0.5144189
0.45747072,0.45747072
0.4812145,0.4812145
0.5941304,0.5941304
0.5963329,0.5963329
0.4600233,0.4600233
0.59142774,0.59142774
0.63884467,0.63884467
0.60487205,0.60487205
0.6177442,0.6177442
0.5474485,0.5474485
0.42962238,0.42962238
0.45739213,0.45739213
0.51744276,0.51744276
0.48050508,0.48050508
0.5422959,0.5422959
0.61444116,0.61444116
0.46402657,0.46402657
0.45122403,0.45122403
0.5310472,0.5310472
0.54835695,0.54835695
0.44876182,0.44876182
0.40120956,0.40120956
0.5784248,0.5784248
0.5216913,0.5216913
0.5013775,0.5013775
0.48707274,0.48707274
0.6384574,0.6384574
0.6249827,0.6249827
0.5878061,0.5878061
0.57193875,0.57193875
0.505482,0.505482
0.5530311,0.5530311
0.5469563,0.5469563
0.5123558,0.5123558
0.57661307,0.57661307
0.4830608,0.4830608
0.41756406,0.41756406
0.44215572,0.44215572
0.59372383,0.59372383
0.38877267,0.38877267
0.5258525,0.5258525
0.53514564,0.53514564
0.5204387,0.5204387
0.45822492,0.45822492
0.44631818,0.44631818
0.45465735,0.45465735
0.5035127,0.5035127
0.4648327,0.4648327
0.3698598,0.3698598
0.55258423,0.55258423
0.57810754,0.57810754
0.5169096,0.5169096
0.4271767,0.4271767
0.37299523,0.37299523
0.4515564,0.4515564
0.4791607,0.4791607
0.5043224,0.5043224
0.5761093,0.5761093
0.3769429,0.3769429
0.4385269,0.4385269
0.3946879,0.3946879
0.5143424,0.5143424
0.568372,0.568372
0.40753382,0.40753382
0.39602828,0.39602828
0.42736697,0.42736697
0.48405927,0.48405927
0.55084914,0.55084914
0.47692102,0.47692102
0.46709552,0.46709552
0.50419706,0.50419706
0.4863756,0.4863756
0.523144,0.523144
0.5537276,0.5537276
0.634232,0.634232
0.5860261,0.5860261
0.5896172,0.5896172
0.49612844,0.49612844
0.37093228,0.37093228
0.52558637,0.52558637
0.4273065,0.4273065
0.5674395,0.5674395
0.5469149,0.5469149
0.4990896,0.4990896
0.4106863,0.4106863
0.56638,0.56638
0.5918827,0.5918827
0.45096275,0.45096275
0.55079055,0.55079055
0.50870657,0.50870657
0.50201946,0.50201946
0.47619984,0.47619984
0.56542736,0.56542736
0.47012737,0.47012737
0.42056397,0.42056397
0.5558776,0.5558776
0.62976676,0.62976676
0.64699733,0.64699733
0.6123615,0.6123615
0.51039815,0.51039815
0.42224777,0.42224777
0.4802674,0.4802674
0.4586474,0.4586474
0.5324446,0.5324446
0.40844953,0.40844953
0.43862647,0.43862647
0.38295496,0.38295496
0.41328353,0.41328353
0.4542513,0.4542513
0.44977063,0.44977063
0.5924523,0.5924523
0.5685639,0.5685639
0.5980954,0.5980954
0.57581025,0.57581025
0.6195112,0.6195112
0.5829549,0.5829549
0.48670882,0.48670882
0.43421718,0.43421718
0.5271466,0.5271466
0.43481085,0.43481085
0.5079365,0.5079365
0.48453993,0.48453993
0.57847613,0.57847613
0.60131794,0.60131794
0.55316514,0.55316514
0.40659827,0.40659827
0.44817775,0.44817775
0.47852835,0.47852835
0.48567706,0.48567706
0.6041544,0.6041544
0.60138845,0.60138845
0.575747,0.575747
0.6587046,0.6587046
0.5287274,0.5287274
0.62495005,0.62495005
0.56404686,0.56404686
0.6081344,0.6081344
0.62146485,0.62146485
0.6228168,0.6228168
0.4194126,0.4194126
0.42834875,0.42834875
0.45017993,0.45017993
0.39713764,0.39713764
0.3818539,0.3818539
0.40085673,0.40085673
0.47812396,0.47812396
0.38731313,0.38731313
0.44979322,0.44979322
0.6265087,0.6265087
0.5827676,0.5827676
0.6303711,0.6303711
0.55233574,0.55233574
0.556794,0.556794
0.61783195,0.61783195
0.5922382,0.5922382
0.44306347,0.44306347
0.43018666,0.43018666
0.36775944,0.36775944
0.42075747,0.42075747
0.45581728,0.45581728
0.37590426,0.37590426
0.34307358,0.34307358
0.36673218,0.36673218
0.32127887,0.32127887
0.46033475,0.46033475
0.6167905,0.6167905
0.54985136,0.54985136
0.6310355,0.6310355
0.5476074,0.5476074
0.42536294,0.42536294
0.5454063,0.5454063
0.52381784,0.52381784
0.57086664,0.57086664
0.44671416,0.44671416
0.39676246,0.39676246
0.40882304,0.40882304
0.4661255,0.4661255
0.41555852,0.41555852
0.38548976,0.38548976
0.4126618,0.4126618
0.42085287,0.42085287
0.38713574,0.38713574
0.37278554,0.37278554
0.4307994,0.4307994
0.55233014,0.55233014
0.5918008,0.5918008
0.6144548,0.6144548
0.6227966,0.6227966
0.5488286,0.5488286
0.47931904,0.47931904
0.5578528,0.5578528
0.46829525,0.46829525
0.39254913,0.39254913
0.45297983,0.45297983
0.4069476,0.4069476
0.4136092,0.4136092
0.32708737,0.32708737
0.4208535,0.4208535
0.40913692,0.40913692
0.4573777,0.4573777
0.37833434,0.37833434
0.4048236,0.4048236
0.37686136,0.37686136
0.38941303,0.38941303
0.5810161,0.5810161
0.53673303,0.53673303
0.5374909,0.5374909
0.43334383,0.43334383
0.4573836,0.4573836
0.37658295,0.37658295
0.51464885,0.51464885
0.6033554,0.6033554
0.63456774,0.63456774
0.5948236,0.5948236
0.5623702,0.5623702
0.58383524,0.58383524
0.58796436,0.58796436
0.62351143,0.62351143
0.6181907,0.6181907
0.54490596,0.54490596
0.5637213,0.5637213
0.60380876,0.60380876
0.5685065,0.5685065
0.59004164,0.59004164
0.5934522,0.5934522
0.6071025,0.6071025
0.6196189,0.6196189
0.5896813,0.5896813
0.439603,0.439603
0.4326434,0.4326434
0.29274845,0.29274845
0.32207325,0.32207325
0.37733817,0.37733817
0.41158372,0.41158372
0.4562362,0.4562362
0.33639142,0.33639142
0.37252548,0.37252548
0.45189583,0.45189583
0.37697738,0.37697738
0.4031364,0.4031364
0.4371109,0.4371109
0.4440968,0.4440968
0.44364768,0.44364768
0.44034612,0.44034612
0.50628626,0.50628626
0.41965324,0.41965324
0.40544802,0.40544802
0.37692058,0.37692058
0.5065714,0.5065714
0.39529467,0.39529467
0.5637386,0.5637386
0.4960082,0.4960082
0.51641273,0.51641273
0.4111581,0.4111581
0.39566374,0.39566374
0.49333692,0.49333692
0.41504726,0.41504726
0.3464169,0.3464169
0.397872,0.397872
0.51442605,0.51442605
0.46972075,0.46972075
0.35601833,0.35601833
0.40146664,0.40146664
0.37439027,0.37439027
0.37137064,0.37137064
0.5076499,0.5076499
0.4149805,0.4149805
0.48565862,0.48565862
0.47846532,0.47846532
0.56596136,0.56596136
0.64561206,0.64561206
0.4964651,0.4964651
0.41952315,0.41952315
0.39631724,0.39631724
0.5537684,0.5537684
0.55510527,0.55510527
0.5919154,0.5919154
0.47102216,0.47102216
0.5370088,0.5370088
0.43086854,0.43086854
0.46794185,0.46794185
0.46904197,0.46904197
0.45674008,0.45674008
0.5489053,0.5489053
0.5256048,0.5256048
0.47107947,0.47107947
0.49360284,0.49360284
0.5912058,0.5912058
0.6195758,0.6195758
0.60146725,0.60146725
0.576074,0.576074
0.48363084,0.48363084
0.39783785,0.39783785
0.5286403,0.5286403
0.5923144,0.5923144
0.6070013,0.6070013
0.5922069,0.5922069
0.58488464,0.58488464
0.5696899,0.5696899
0.54576653,0.54576653
0.5987881,0.5987881
0.56598365,0.56598365
0.59718066,0.59718066
0.60496676,0.60496676
0.6305058,0.6305058
0.59695494,0.59695494
0.6207963,0.6207963
0.5585571,0.5585571
0.6110751,0.6110751
0.49608266,0.49608266
0.5325703,0.5325703
0.55632424,0.55632424
0.4097653,0.4097653
0.35066175,0.35066175
0.38537964,0.38537964
0.41174707,0.41174707
0.42909452,0.42909452
0.40465203,0.40465203
0.56804436,0.56804436
0.52783877,0.52783877
0.64066285,0.64066285
0.38982737,0.38982737
0.41433886,0.41433886
0.4259747,0.4259747
0.3705107,0.3705107
0.37354165,0.37354165
0.36967582,0.36967582
0.61471343,0.61471343
0.4160691,0.4160691
0.39950547,0.39950547
0.5823598,0.5823598
0.5865786,0.5865786
0.5841836,0.5841836
0.4827426,0.4827426
0.4580702,0.4580702
0.45775262,0.45775262
0.44754943,0.44754943
0.47139585,0.47139585
0.5756998,0.5756998
0.40234783,0.40234783
0.39474067,0.39474067
0.38948897,0.38948897
0.40228695,0.40228695
0.43387875,0.43387875
0.4468491,0.4468491
0.39426345,0.39426345
0.53927654,0.53927654
0.44199586,0.44199586
0.47552696,0.47552696
0.4684857,0.4684857
0.6434759,0.6434759
0.5702486,0.5702486
0.36355826,0.36355826
0.47078007,0.47078007
0.4032288,0.4032288
0.31282654,0.31282654
0.42425853,0.42425853
0.4212524,0.4212524
0.37255508,0.37255508
0.54537,0.54537
0.5412069,0.5412069
0.47320196,0.47320196
0.31829107,0.31829107
0.4349428,0.4349428
0.39354596,0.39354596
0.3831203,0.3831203
0.5573543,0.5573543
0.4778634,0.4778634
0.442906,0.442906
0.3795556,0.3795556
0.38752937,0.38752937
0.36666188,0.36666188
0.570612,0.570612
0.3682665,0.3682665
0.37698933,0.37698933
0.5096578,0.5096578
0.43376127,0.43376127
0.43371943,0.43371943
0.5259102,0.5259102
0.59207463,0.59207463
0.6136278,0.6136278
0.4361288,0.4361288
0.3103664,0.3103664
0.37267268,0.37267268
0.29853576,0.29853576
0.53571457,0.53571457
0.5359282,0.5359282
0.5048729,0.5048729
0.41977608,0.41977608
0.43501094,0.43501094
0.515691,0.515691
0.42332566,0.42332566
0.49647588,0.49647588
0.48833328,0.48833328
0.45736122,0.45736122
0.58662015,0.58662015
0.4024016,0.4024016
0.3880858,0.3880858
0.44753832,0.44753832
0.42785317,0.42785317
0.5665709,0.5665709
0.4926847,0.4926847
0.4815334,0.4815334
0.38729474,0.38729474
0.36715963,0.36715963
0.4094233,0.4094233
0.40757233,0.40757233
0.4413668,0.4413668
0.36381158,0.36381158
0.39069358,0.39069358
0.37857965,0.37857965
0.4469581,0.4469581
0.47896704,0.47896704
0.48716298,0.48716298
0.40014765,0.40014765
0.37938216,0.37938216
0.40460974,0.40460974
0.6112008,0.6112008
0.60733885,0.60733885
0.4816873,0.4816873
0.32345003,0.32345003
0.34959918,0.34959918
0.3490662,0.3490662
0.42677033,0.42677033
0.42214254,0.42214254
0.513206,0.513206
0.5469831,0.5469831
0.516805,0.516805
0.40308833,0.40308833
0.44535252,0.44535252
0.42048827,0.42048827
0.41066843,0.41066843
0.41317907,0.41317907
0.47585472,0.47585472
0.58906806,0.58906806
0.5591127,0.5591127
0.5697548,0.5697548
0.503155,0.503155
0.5352042,0.5352042
0.5192856,0.5192856
0.56567234,0.56567234
0.58678,0.58678
0.5054611,0.5054611
0.3631522,0.3631522
0.39446557,0.39446557
0.43593347,0.43593347
0.39526942,0.39526942
0.41197404,0.41197404
0.6083126,0.6083126
0.566194,0.566194
0.5820318,0.5820318
0.60841346,0.60841346
0.6164678,0.6164678
0.61806333,0.61806333
0.6277224,0.6277224
0.5988815,0.5988815
0.3971249,0.3971249
0.5309289,0.5309289
0.5717725,0.5717725
0.5814966,0.5814966
0.58796346,0.58796346
0.585179,0.585179
0.47757304,0.47757304
0.52504754,0.52504754
0.5766292,0.5766292
0.63730055,0.63730055
0.6456943,0.6456943
0.6102357,0.6102357
0.6085659,0.6085659
0.48198572,0.48198572
0.36739066,0.36739066
0.46753362,0.46753362
0.477193,0.477193
0.4883877,0.4883877
0.48903093,0.48903093
0.41260302,0.41260302
0.4171287,0.4171287
0.39886427,0.39886427
0.4585839,0.4585839
0.4302204,0.4302204
0.4275095,0.4275095
0.41156456,0.41156456
0.3962536,0.3962536
0.42597964,0.42597964
0.43333325,0.43333325
0.4803038,0.4803038
0.46314737,0.46314737
0.55497706,0.55497706
0.5622232,0.5622232
0.46916926,0.46916926
0.48254892,0.48254892
0.49702895,0.49702895
0.5996845,0.5996845
0.394645,0.394645
0.50372326,0.50372326
0.45039624,0.45039624
0.50318295,0.50318295
0.64983785,0.64983785
0.5955322,0.5955322
0.51885116,0.51885116
0.53656703,0.53656703
0.6029138,0.6029138
0.5830161,0.5830161
0.6481029,0.6481029
0.6303278,0.6303278
0.34683654,0.34683654
0.50101256,0.50101256
0.58345675,0.58345675
0.49099126,0.49099126
0.41529357,0.41529357
0.40021637,0.40021637
0.6060585,0.6060585
0.6064342,0.6064342
0.41835052,0.41835052
0.52790016,0.52790016
0.63553935,0.63553935
0.62748414,0.62748414
0.60961586,0.60961586
0.5822901,0.5822901
0.62668127,0.62668127
0.60659254,0.60659254
0.5792154,0.5792154
0.42785653,0.42785653
0.4810541,0.4810541
0.5190429,0.5190429
0.47868088,0.47868088
0.5096359,0.5096359
0.49361244,0.49361244
0.6321851,0.6321851
0.47200236,0.47200236
0.45357725,0.45357725
0.5679368,0.5679368
0.58218884,0.58218884
0.44696876,0.44696876
0.6099034,0.6099034
0.5490657,0.5490657
0.4883923,0.4883923
0.43263495,0.43263495
0.47226673,0.47226673
0.42341977,0.42341977
0.49615896,0.49615896
0.37150863,0.37150863
0.42381847,0.42381847
0.43948135,0.43948135
0.42360234,0.42360234
0.43843877,0.43843877
0.40921435,0.40921435
0.4040143,0.4040143
0.43808055,0.43808055
0.42039672,0.42039672
0.4207937,0.4207937
0.4966538,0.4966538
0.49772772,0.49772772
0.49953833,0.49953833
0.48249778,0.48249778
0.55745006,0.55745006
0.6399405,0.6399405
0.5713078,0.5713078
0.6186462,0.6186462
0.6295866,0.6295866
0.6170012,0.6170012
0.5886993,0.5886993
0.58582276,0.58582276
0.62447983,0.62447983
0.6148932,0.6148932
0.5957351,0.5957351
0.6051065,0.6051065
0.4731609,0.4731609
0.41844648,0.41844648
0.459892,0.459892
0.63067544,0.63067544
0.63512,0.63512
0.5902931,0.5902931
0.5585503,0.5585503
0.48332646,0.48332646
0.5350063,0.5350063
0.5932983,0.5932983
0.3796076,0.3796076
0.35685867,0.35685867
0.38840503,0.38840503
0.3281996,0.3281996
0.44580188,0.44580188
0.6128906,0.6128906
0.593575,0.593575
0.62733537,0.62733537
0.6360825,0.6360825
0.63068706,0.63068706
0.58731294,0.58731294
0.5651088,0.5651088
0.61433846,0.61433846
0.5088136,0.5088136
0.48128664,0.48128664
0.49159414,0.49159414
0.38545853,0.38545853
0.395854,0.395854
0.44731528,0.44731528
0.44168073,0.44168073
0.4471174,0.4471174
0.3887072,0.3887072
0.44702148,0.44702148
0.39624614,0.39624614
0.3701255,0.3701255
0.5308981,0.5308981
0.53242934,0.53242934
0.61888885,0.61888885
0.6116317,0.6116317
0.6201727,0.6201727
0.3268058,0.3268058
0.6000591,0.6000591
0.61862415,0.61862415
0.65404046,0.65404046
0.6471238,0.6471238
0.64144564,0.64144564
0.44079152,0.44079152
0.37606275,0.37606275
0.34029615,0.34029615
0.5224558,0.5224558
0.3990744,0.3990744
0.37309557,0.37309557
0.40693805,0.40693805
0.4767289,0.4767289
0.39613548,0.39613548
0.39143422,0.39143422
0.40052277,0.40052277
0.5623521,0.5623521
0.626248,0.626248
0.5982781,0.5982781
0.47706607,0.47706607
0.61051285,0.61051285
0.6088429,0.6088429
0.4333542,0.4333542
0.49261954,0.49261954
0.57593536,0.57593536
0.5385874,0.5385874
0.4678413,0.4678413
0.4196146,0.4196146
0.3365109,0.3365109
0.52791387,0.52791387
0.39198688,0.39198688
0.41987425,0.41987425
0.452116,0.452116
0.5719289,0.5719289
0.584455,0.584455
0.6174889,0.6174889
0.43456954,0.43456954
0.43564153,0.43564153
0.48861566,0.48861566
0.551897,0.551897
0.48912904,0.48912904
0.4986496,0.4986496
0.5458667,0.5458667
0.3363466,0.3363466
0.41826946,0.41826946
0.52143055,0.52143055
0.5738192,0.5738192
0.5572087,0.5572087
0.6365419,0.6365419
0.35947868,0.35947868
0.48990858,0.48990858
0.3598581,0.3598581
0.31392086,0.31392086
0.44782624,0.44782624
0.34417892,0.34417892
0.3406167,0.3406167
0.39840123,0.39840123
0.36872965,0.36872965
0.36117947,0.36117947
0.37471154,0.37471154
0.5886824,0.5886824
0.4709027,0.4709027
0.34772775,0.34772775
0.42380163,0.42380163
0.40763444,0.40763444
0.466625,0.466625
0.3420616,0.3420616
0.43994015,0.43994015
0.4945643,0.4945643
0.5087016,0.5087016
0.4526818,0.4526818
0.4359854,0.4359854
0.5593611,0.5593611
0.6200438,0.6200438
0.40406048,0.40406048
0.43359828,0.43359828
0.61493546,0.61493546
0.5044927,0.5044927
0.5600652,0.5600652
0.5240128,0.5240128
0.6606167,0.6606167
0.46545786,0.46545786
0.5228321,0.5228321
0.40392414,0.40392414
0.40794298,0.40794298
0.41400737,0.41400737
0.45872283,0.45872283
0.57427365,0.57427365
0.5650201,0.5650201
0.41710284,0.41710284
0.36920974,0.36920974
0.42338428,0.42338428
