score,conf
0.53873694,0.53873694
0.6120526,0.6120526
0.61837524,0.61837524
0.5985581,0.5985581
0.576238,0.576238
0.55877,0.55877
0.55047625,0.55047625
0.58116966,0.58116966
0.65724206,0.65724206
0.5769282,0.5769282
0.58711034,0.58711034
0.6021764,0.6021764
0.581611,0.581611
0.58852994,0.58852994
0.5614625,0.5614625
0.56696635,0.56696635
0.5478112,0.5478112
0.59343237,0.59343237
0.6422831,0.6422831
0.61949074,0.61949074
0.60712814,0.60712814
0.62112874,0.62112874
0.56079537,0.56079537
0.6464508,0.6464508
0.6073313,0.6073313
0.6076625,0.6076625
0.6158842,0.6158842
0.5811627,0.5811627
0.6025466,0.6025466
0.57664156,0.57664156
0.46718743,0.46718743
0.56985146,0.56985146
0.61709756,0.61709756
0.5745133,0.5745133
0.5642327,0.5642327
0.5668731,0.5668731
0.59613156,0.59613156
0.59766805,0.59766805
0.5850699,0.5850699
0.64187133,0.64187133
0.6047604,0.6047604
0.6310096,0.6310096
0.62240994,0.62240994
0.58519083,0.58519083
0.6145625,0.6145625
0.6228203,0.6228203
0.5958573,0.5958573
0.5681104,0.5681104
0.6497289,0.6497289
0.5886204,0.5886204
0.5956511,0.5956511
0.5989234,0.5989234
0.6045423,0.6045423
0.6393149,0.6393149
0.5976913,0.5976913
0.5961164,0.5961164
0.6629707,0.6629707
0.58028775,0.58028775
0.60275495,0.60275495
0.5740893,0.5740893
0.5720554,0.5720554
0.573602,0.573602
0.6384933,0.6384933
0.65412444,0.65412444
0.6101821,0.6101821
0.6710454,0.6710454
0.5925844,0.5925844
0.6352378,0.6352378
0.5618041,0.5618041
0.61317307,0.61317307
0.6196505,0.6196505
0.6381216,0.6381216
0.61308855,0.61308855
0.6067335,0.6067335
0.593078,0.593078
0.58610743,0.58610743
0.6379545,0.6379545
0.55964416,0.55964416
0.58700734,0.58700734
0.602668,0.602668
0.58595586,0.58595586
0.6110533,0.6110533
0.6208865,0.6208865
0.5957253,0.5957253
0.5919787,0.5919787
0.56204695,0.56204695
0.61371577,0.61371577
0.60906696,0.60906696
0.6243734,0.6243734
0.6450465,0.6450465
0.5968475,0.5968475
0.59511435,0.59511435
0.5939542,0.5939542
0.65594506,0.65594506
0.599567,0.599567
0.5967792,0.5967792
0.6096053,0.6096053
0.5824225,0.5824225
0.6079084,0.6079084
0.5975312,0.5975312
0.61433405,0.61433405
0.6175703,0.6175703
0.53858924,0.53858924
0.5876279,0.5876279
0.582157,0.582157
0.5955098,0.5955098
0.6095274,0.6095274
0.61421514,0.61421514
0.65840787,0.65840787
0.622527,0.622527
0.5856203,0.5856203
0.567542,0.567542
0.57372314,0.57372314
0.6019419,0.6019419
0.66294,0.66294
0.6025206,0.6025206
0.6033054,0.6033054
0.63811076,0.63811076
0.60106623,0.60106623
0.6547478,0.6547478
0.5643057,0.5643057
0.6311791,0.6311791
0.55998623,0.55998623
0.62976193,0.62976193
0.6012826,0.6012826
0.6281054,0.6281054
0.54773474,0.54773474
0.58741647,0.58741647
0.5680667,0.5680667
0.5966149,0.5966149
0.58334714,0.58334714
0.64386773,0.64386773
0.6444939,0.6444939
0.5879379,0.5879379
0.613769,0.613769
0.6307759,0.6307759
0.5892516,0.5892516
0.5802786,0.5802786
0.605264,0.605264
0.6441607,0.6441607
0.6353376,0.6353376
0.62457395,0.62457395
0.62148404,0.62148404
0.6208726,0.6208726
0.5910139,0.5910139
0.6156054,0.6156054
0.5859827,0.5859827
0.612241,0.612241
0.6055887,0.6055887
0.6012801,0.6012801
0.61020243,0.61020243
0.5509847,0.5509847
0.60660356,0.60660356
0.5885049,0.5885049
0.60382706,0.60382706
0.5886227,0.5886227
0.59792495,0.59792495
0.45673877,0.45673877
0.52770376,0.52770376
0.60074496,0.60074496
0.5970385,0.5970385
0.5737336,0.5737336
0.5873223,0.5873223
0.62385565,0.62385565
0.5625023,0.5625023
0.6014896,0.6014896
0.5990856,0.5990856
0.6059026,0.6059026
0.590108,0.590108
0.5901898,0.5901898
0.58569366,0.58569366
0.617281,0.617281
0.59194535,0.59194535
0.5944808,0.5944808
0.60031193,0.60031193
0.6624107,0.6624107
0.5747803,0.5747803
0.6086075,0.6086075
0.5938425,0.5938425
0.58867484,0.58867484
0.5832201,0.5832201
0.59381133,0.59381133
0.57873106,0.57873106
0.61180747,0.61180747
0.5751842,0.5751842
0.5877549,0.5877549
0.58806604,0.58806604
0.5916551,0.5916551
0.61917895,0.61917895
0.6240273,0.6240273
0.61356914,0.61356914
0.5502078,0.5502078
0.51866394,0.51866394
0.5831598,0.5831598
0.6015828,0.6015828
0.6001991,0.6001991
0.58715606,0.58715606
0.62659305,0.62659305
0.5922266,0.5922266
0.61435145,0.61435145
0.60946447,0.60946447
0.57726675,0.57726675
0.58072025,0.58072025
0.5909949,0.5909949
0.5906864,0.5906864
0.5717522,0.5717522
0.57339144,0.57339144
0.59543294,0.59543294
0.60527194,0.60527194
0.5983607,0.5983607
0.62032366,0.62032366
0.63903546,0.63903546
0.5768279,0.5768279
0.51954067,0.51954067
0.53958255,0.53958255
0.6095806,0.6095806
0.6319269,0.6319269
0.5682128,0.5682128
0.54569435,0.54569435
0.6085094,0.6085094
0.5584504,0.5584504
0.60556376,0.60556376
0.5876623,0.5876623
0.6352574,0.6352574
0.61408514,0.61408514
0.5714973,0.5714973
0.5883223,0.5883223
0.60722274,0.60722274
0.5939968,0.5939968
0.64131904,0.64131904
0.5165133,0.5165133
0.6014086,0.6014086
0.6035126,0.6035126
0.6018233,0.6018233
0.60934436,0.60934436
0.5883671,0.5883671
0.56580377,0.56580377
0.5533773,0.5533773
0.58006716,0.58006716
0.6126668,0.6126668
0.5770462,0.5770462
0.60172814,0.60172814
0.6003759,0.6003759
0.585439,0.585439
0.6075891,0.6075891
0.5805626,0.5805626
0.5492877,0.5492877
0.56361985,0.56361985
0.58783454,0.58783454
0.5804656,0.5804656
0.5741573,0.5741573
0.58744365,0.58744365
0.57508385,0.57508385
0.62481827,0.62481827
0.6394404,0.6394404
0.6066296,0.6066296
0.6107544,0.6107544
0.6151439,0.6151439
0.5896999,0.5896999
0.61848015,0.61848015
0.6232893,0.6232893
0.6062423,0.6062423
0.6263502,0.6263502
0.63760376,0.63760376
0.57341075,0.57341075
0.5954902,0.5954902
0.6139462,0.6139462
0.6069044,0.6069044
0.5883598,0.5883598
0.6110926,0.6110926
0.60694313,0.60694313
0.6068259,0.6068259
0.6062002,0.6062002
0.5847352,0.5847352
0.6594693,0.6594693
0.645758,0.645758
0.5956096,0.5956096
0.62227005,0.62227005
0.61881334,0.61881334
0.6050394,0.6050394
0.5847696,0.5847696
0.53842956,0.53842956
0.5953908,0.5953908
0.5822712,0.5822712
0.5823039,0.5823039
0.6167176,0.6167176
0.64938134,0.64938134
0.57520187,0.57520187
0.60353005,0.60353005
0.5896556,0.5896556
0.61445063,0.61445063
0.5790502,0.5790502
0.65780324,0.65780324
0.61367625,0.61367625
0.5831589,0.5831589
0.5882335,0.5882335
0.6347974,0.6347974
0.6360279,0.6360279
0.58918226,0.58918226
0.6267083,0.6267083
0.5980843,0.5980843
0.6199299,0.6199299
0.5803208,0.5803208
0.58960205,0.58960205
0.62922287,0.62922287
0.5932755,0.5932755
0.62552196,0.62552196
0.6289477,0.6289477
0.6021481,0.6021481
0.6216701,0.6216701
0.56938106,0.56938106
0.5840501,0.5840501
0.63820416,0.63820416
0.61485636,0.61485636
0.5852185,0.5852185
0.5834531,0.5834531
0.6123443,0.6123443
0.60498637,0.60498637
0.60847896,0.60847896
0.62316626,0.62316626
0.6345014,0.6345014
0.5957371,0.5957371
0.5832473,0.5832473
0.61616284,0.61616284
0.58005303,0.58005303
0.6311963,0.6311963
0.64944726,0.64944726
0.60606354,0.60606354
0.6115793,0.6115793
0.63111734,0.63111734
0.6536736,0.6536736
0.5945764,0.5945764
0.580947,0.580947
0.6226892,0.6226892
0.604616,0.604616
0.6317993,0.6317993
0.5863435,0.5863435
0.5527027,0.5527027
0.5729841,0.5729841
0.57567173,0.57567173
0.5909771,0.5909771
0.5927615,0.5927615
0.59822756,0.59822756
0.5554627,0.5554627
0.62454677,0.62454677
0.59908295,0.59908295
0.58808565,0.58808565
0.601878,0.601878
0.619046,0.619046
0.6166901,0.6166901
0.6200075,0.6200075
0.54646057,0.54646057
0.6175692,0.6175692
0.5717018,0.5717018
0.6492529,0.6492529
0.6115125,0.6115125
0.5782566,0.5782566
0.59355694,0.59355694
0.5622458,0.5622458
0.59934187,0.59934187
0.6092006,0.6092006
0.616154,0.616154
0.5993219,0.5993219
0.61788946,0.61788946
0.5982958,0.5982958
0.58051145,0.58051145
0.5816252,0.5816252
0.58291334,0.58291334
0.57529026,0.57529026
0.6190069,0.6190069
0.5885846,0.5885846
0.60735095,0.60735095
0.57229155,0.57229155
0.58501744,0.58501744
0.6161043,0.6161043
0.59669834,0.59669834
0.58321685,0.58321685
0.5736207,0.5736207
0.60380024,0.60380024
0.63861954,0.63861954
0.562038,0.562038
0.6342058,0.6342058
0.58683705,0.58683705
0.63626325,0.63626325
0.63374424,0.63374424
0.60005164,0.60005164
0.5883259,0.5883259
0.6397526,0.6397526
0.62860024,0.62860024
0.60475,0.60475
0.5876709,0.5876709
0.5964371,0.5964371
0.6061625,0.6061625
0.64595205,0.64595205
0.64256024,0.64256024
0.5708073,0.5708073
0.584895,0.584895
0.6280505,0.6280505
0.59737813,0.59737813
0.6080629,0.6080629
0.6117432,0.6117432
0.57368994,0.57368994
0.61556906,0.61556906
0.6061445,0.6061445
0.56711143,0.56711143
0.6291702,0.6291702
0.64338005,0.64338005
0.5801711,0.5801711
0.6037998,0.6037998
0.6173235,0.6173235
0.63578504,0.63578504
0.6032335,0.6032335
0.5891453,0.5891453
0.618546,0.618546
0.55303276,0.55303276
0.5955633,0.5955633
0.6372063,0.6372063
0.62755066,0.62755066
0.60474503,0.60474503
0.6125611,0.6125611
0.6456614,0.6456614
0.5988708,0.5988708
0.600683,0.600683
0.59073377,0.59073377
0.59459656,0.59459656
0.6309132,0.6309132
0.59728074,0.59728074
0.57014364,0.57014364
0.635253,0.635253
0.5876254,0.5876254
0.5716808,0.5716808
0.5979759,0.5979759
0.6161281,0.6161281
0.58426464,0.58426464
0.60381377,0.60381377
0.5885235,0.5885235
0.6088414,0.6088414
0.60074157,0.60074157
0.5964682,0.5964682
0.6192457,0.6192457
0.6372957,0.6372957
0.5965913,0.5965913
0.6100344,0.6100344
0.6234937,0.6234937
0.60935813,0.60935813
0.61729735,0.61729735
0.58882815,0.58882815
0.668843,0.668843
0.54903495,0.54903495
0.62338287,0.62338287
0.6316556,0.6316556
0.6301968,0.6301968
0.61012244,0.61012244
0.5899262,0.5899262
0.5525902,0.5525902
0.5994552,0.5994552
0.58758223,0.58758223
0.5897397,0.5897397
0.59825164,0.59825164
0.6186308,0.6186308
0.6030464,0.6030464
0.6144944,0.6144944
0.58221525,0.58221525
0.6078115,0.6078115
0.6137332,0.6137332
0.5940304,0.5940304
0.64132494,0.64132494
0.6080199,0.6080199
0.64654016,0.64654016
0.60369533,0.60369533
0.61379045,0.61379045
0.62384206,0.62384206
0.5744175,0.5744175
0.6034723,0.6034723
0.6313479,0.6313479
0.57221067,0.57221067
0.62463754,0.62463754
0.6302327,0.6302327
0.5890286,0.5890286
0.6148207,0.6148207
0.59770423,0.59770423
0.6481407,0.6481407
0.62654614,0.62654614
0.5984085,0.5984085
0.59955704,0.59955704
0.5654364,0.5654364
0.5807045,0.5807045
0.6223407,0.6223407
0.59420884,0.59420884
0.6363336,0.6363336
0.6460859,0.6460859
0.606626,0.606626
0.57919663,0.57919663
0.5982903,0.5982903
0.6445722,0.6445722
0.5779736,0.5779736
0.6094909,0.6094909
0.60364413,0.60364413
0.632319,0.632319
0.60712117,0.60712117
0.53889334,0.53889334
0.5851121,0.5851121
0.5984247,0.5984247
0.607926,0.607926
0.5666593,0.5666593
0.58924085,0.58924085
0.5714334,0.5714334
0.61128455,0.61128455
0.63694745,0.63694745
0.59640306,0.59640306
0.59501517,0.59501517
0.62196755,0.62196755
0.57942283,0.57942283
0.5835924,0.5835924
0.5800391,0.5800391
0.5703582,0.5703582
0.59386885,0.59386885
0.607737,0.607737
0.60319364,0.60319364
0.6283327,0.6283327
0.6149692,0.6149692
0.58822167,0.58822167
0.57022506,0.57022506
0.59306717,0.59306717
0.6091462,0.6091462
0.55311745,0.55311745
0.5698877,0.5698877
0.5930717,0.5930717
0.5532204,0.5532204
0.57958704,0.57958704
0.5896293,0.5896293
0.58772844,0.58772844
0.59894896,0.59894896
0.63308233,0.63308233
0.57910705,0.57910705
0.5936355,0.5936355
0.5998752,0.5998752
0.6051837,0.6051837
0.6003977,0.6003977
0.6114482,0.6114482
0.62788117,0.62788117
0.5923871,0.5923871
0.5723988,0.5723988
0.608096,0.608096
0.60934633,0.60934633
0.6412796,0.6412796
0.5607609,0.5607609
0.5919852,0.5919852
0.6481515,0.6481515
0.64923775,0.64923775
0.59705424,0.59705424
0.6291743,0.6291743
0.56282496,0.56282496
0.61575806,0.61575806
0.603082,0.603082
0.5647559,0.5647559
0.6188161,0.6188161
0.64352584,0.64352584
0.5954826,0.5954826
0.5526844,0.5526844
0.5911006,0.5911006
0.5707997,0.5707997
0.57997876,0.57997876
0.61527485,0.61527485
0.6035495,0.6035495
0.59155697,0.59155697
0.5921282,0.5921282
0.6188216,0.6188216
0.56192446,0.56192446
0.5692766,0.5692766
0.59680396,0.59680396
0.5690743,0.5690743
0.5900274,0.5900274
0.5722342,0.5722342
0.65567976,0.65567976
0.62095,0.62095
0.60805416,0.60805416
0.5764757,0.5764757
0.5830756,0.5830756
0.59002393,0.59002393
0.5798338,0.5798338
0.63686764,0.63686764
0.59357643,0.59357643
0.5893632,0.5893632
0.6116647,0.6116647
0.53608483,0.53608483
0.6043642,0.6043642
0.6264014,0.6264014
0.6371656,0.6371656
0.6206716,0.6206716
0.63333815,0.63333815
0.6277398,0.6277398
0.63491184,0.63491184
0.6250002,0.6250002
0.6287924,0.6287924
0.6176072,0.6176072
0.6427599,0.6427599
0.6260302,0.6260302
0.5818277,0.5818277
0.6344019,0.6344019
0.59529024,0.59529024
0.6913825,0.6913825
0.6148748,0.6148748
0.610671,0.610671
0.61082804,0.61082804
0.61599666,0.61599666
0.6105731,0.6105731
0.60756284,0.60756284
0.63460916,0.63460916
0.63712704,0.63712704
0.55753344,0.55753344
0.6499165,0.6499165
0.6255006,0.6255006
0.58277,0.58277
0.5967888,0.5967888
0.6392023,0.6392023
0.6663225,0.6663225
0.6160354,0.6160354
0.5648025,0.5648025
0.59856623,0.59856623
0.59576875,0.59576875
0.5929036,0.5929036
0.5920011,0.5920011
0.5852725,0.5852725
0.6062137,0.6062137
0.56971884,0.56971884
0.5693416,0.5693416
0.6152156,0.6152156
0.6230252,0.6230252
0.614659,0.614659
0.60021627,0.60021627
0.5962483,0.5962483
0.5898044,0.5898044
0.6024683,0.6024683
0.59518397,0.59518397
0.6206016,0.6206016
0.6161437,0.6161437
0.5969535,0.5969535
0.60289174,0.60289174
0.60233647,0.60233647
0.61007637,0.61007637
0.58619845,0.58619845
0.55875635,0.55875635
0.63154286,0.63154286
0.58157295,0.58157295
0.5986968,0.5986968
0.61120874,0.61120874
0.56795377,0.56795377
0.5959372,0.5959372
0.62104213,0.62104213
0.5410792,0.5410792
0.5976967,0.5976967
0.60697377,0.60697377
0.6175222,0.6175222
0.60890317,0.60890317
0.6094111,0.6094111
0.6393872,0.6393872
0.65673345,0.65673345
0.5976521,0.5976521
0.6324423,0.6324423
0.5655181,0.5655181
0.5495274,0.5495274
0.5818279,0.5818279
0.6071371,0.6071371
0.587835,0.587835
0.6354886,0.6354886
0.598698,0.598698
0.5870635,0.5870635
0.645832,0.645832
0.5855579,0.5855579
0.5648565,0.5648565
0.5993557,0.5993557
0.563984,0.563984
0.62619644,0.62619644
0.6185778,0.6185778
0.60884875,0.60884875
0.59238344,0.59238344
0.60525185,0.60525185
0.6257251,0.6257251
0.5979703,0.5979703
0.6010478,0.6010478
0.6055912,0.6055912
0.61640567,0.61640567
0.58559036,0.58559036
0.56943476,0.56943476
0.5418914,0.5418914
0.55961543,0.55961543
0.598449,0.598449
0.6147758,0.6147758
0.59050167,0.59050167
0.6033951,0.6033951
0.6502482,0.6502482
0.6190308,0.6190308
0.59989333,0.59989333
0.6216669,0.6216669
0.64690703,0.64690703
0.6273206,0.6273206
0.63208985,0.63208985
0.6184799,0.6184799
0.597552,0.597552
0.5996439,0.5996439
0.59028524,0.59028524
0.62346184,0.62346184
0.57621837,0.57621837
0.65208876,0.65208876
0.5714654,0.5714654
0.6276754,0.6276754
0.61505276,0.61505276
0.6179305,0.6179305
0.5599747,0.5599747
0.6152679,0.6152679
0.5883467,0.5883467
0.6064418,0.6064418
0.61799943,0.61799943
0.6265131,0.6265131
0.60160565,0.60160565
0.6010778,0.6010778
0.5960459,0.5960459
0.5872419,0.5872419
0.6318406,0.6318406
0.56872666,0.56872666
0.6191401,0.6191401
0.62383634,0.62383634
0.57156056,0.57156056
0.61710984,0.61710984
0.5850857,0.5850857
0.6180094,0.6180094
0.6098362,0.6098362
0.6384748,0.6384748
0.6294894,0.6294894
0.55777603,0.55777603
0.59309685,0.59309685
0.6617247,0.6617247
0.60713583,0.60713583
0.6072674,0.6072674
0.5857971,0.5857971
0.59527755,0.59527755
0.5572488,0.5572488
0.60924244,0.60924244
0.5657079,0.5657079
0.56169647,0.56169647
0.58141077,0.58141077
0.57925975,0.57925975
0.59959376,0.59959376
0.6407722,0.6407722
0.5953371,0.5953371
0.59454393,0.59454393
0.57142234,0.57142234
0.57383204,0.57383204
0.6140509,0.6140509
0.6181365,0.6181365
0.6536431,0.6536431
0.6263367,0.6263367
0.6119152,0.6119152
0.6209402,0.6209402
0.60702586,0.60702586
0.6002334,0.6002334
0.59504575,0.59504575
0.61707103,0.61707103
0.6286278,0.6286278
0.584285,0.584285
0.6247087,0.6247087
0.6040845,0.6040845
0.6059245,0.6059245
0.6386089,0.6386089
0.61162835,0.61162835
0.57111084,0.57111084
0.6306347,0.6306347
0.5833116,0.5833116
0.6123691,0.6123691
0.64719135,0.64719135
0.64121675,0.64121675
0.6170805,0.6170805
0.6574251,0.6574251
0.62806386,0.62806386
0.6323707,0.6323707
0.59561557,0.59561557
0.59823674,0.59823674
0.57378197,0.57378197
0.5966102,0.5966102
0.6243157,0.6243157
0.6159896,0.6159896
0.56226623,0.56226623
0.6345747,0.6345747
0.6158085,0.6158085
0.59696037,0.59696037
0.61300355,0.61300355
0.584027,0.584027
0.61789805,0.61789805
0.6272896,0.6272896
0.6482311,0.6482311
0.6032763,0.6032763
0.59116775,0.59116775
0.6368156,0.6368156
0.60821927,0.60821927
0.61468416,0.61468416
0.6339457,0.6339457
0.5977493,0.5977493
0.6013349,0.6013349
0.60142857,0.60142857
0.60053396,0.60053396
0.61493325,0.61493325
0.61570245,0.61570245
0.6283821,0.6283821
0.5944347,0.5944347
0.61741,0.61741
0.5613735,0.5613735
0.5720109,0.5720109
0.5798153,0.5798153
0.5828329,0.5828329
0.56655204,0.56655204
0.56885165,0.56885165
0.5818119,0.5818119
0.582954,0.582954
0.59498703,0.59498703
0.6233663,0.6233663
0.6289183,0.6289183
0.5735975,0.5735975
0.5959066,0.5959066
0.6380065,0.6380065
0.5981232,0.5981232
0.6160887,0.6160887
0.61809224,0.61809224
0.56346375,0.56346375
0.60508966,0.60508966
0.62400204,0.62400204
0.6117056,0.6117056
0.54669374,0.54669374
0.5827054,0.5827054
0.59576786,0.59576786
0.6313522,0.6313522
0.59844494,0.59844494
0.58287215,0.58287215
0.6015802,0.6015802
0.59410316,0.59410316
0.6245832,0.6245832
0.59467363,0.59467363
0.62808204,0.62808204
0.5438964,0.5438964
0.61857736,0.61857736
0.5983701,0.5983701
0.58781934,0.58781934
0.56147814,0.56147814
0.615335,0.615335
0.60571426,0.60571426
0.59917206,0.59917206
0.58397007,0.58397007
0.6109398,0.6109398
0.5708521,0.5708521
0.63242847,0.63242847
0.6263588,0.6263588
0.62294537,0.62294537
0.58638424,0.58638424
0.63075256,0.63075256
0.62392634,0.62392634
0.56896156,0.56896156
0.5976003,0.5976003
0.6283897,0.6283897
0.58983725,0.58983725
0.62064135,0.62064135
0.5946494,0.5946494
0.6098269,0.6098269
0.6225428,0.6225428
0.61320263,0.61320263
0.59726006,0.59726006
0.5917433,0.5917433
0.56932133,0.56932133
0.6178403,0.6178403
0.6254122,0.6254122
0.6038144,0.6038144
0.613673,0.613673
0.643794,0.643794
0.62530404,0.62530404
0.64855874,0.64855874
0.57520324,0.57520324
0.6162903,0.6162903
0.5972813,0.5972813
0.58070016,0.58070016
0.5873945,0.5873945
0.6477949,0.6477949
0.6188949,0.6188949
0.5605815,0.5605815
0.6104805,0.6104805
0.60947937,0.60947937
0.59475785,0.59475785
0.5892058,0.5892058
0.6071416,0.6071416
0.6122306,0.6122306
0.61642176,0.61642176
0.61686516,0.61686516
0.60610104,0.60610104
0.62560105,0.62560105
0.5996377,0.5996377
0.61208355,0.61208355
0.58286804,0.58286804
0.5999255,0.5999255
0.58880955,0.58880955
0.597769,0.597769
0.6050655,0.6050655
0.65423834,0.65423834
0.5949459,0.5949459
0.61633766,0.61633766
0.61760604,0.61760604
0.632531,0.632531
0.63071185,0.63071185
0.5644586,0.5644586
0.6287894,0.6287894
0.6130133,0.6130133
0.5977268,0.5977268
0.60483295,0.60483295
0.6349512,0.6349512
0.5964063,0.5964063
0.6111836,0.6111836
0.6125468,0.6125468
0.59763896,0.59763896
0.5479071,0.5479071
0.5609936,0.5609936
0.585016,0.585016
0.57673913,0.57673913
0.6223447,0.6223447
0.56290865,0.56290865
0.56053036,0.56053036
0.5956293,0.5956293
0.60180354,0.60180354
0.60766464,0.60766464
0.61267126,0.61267126
0.62792635,0.62792635
0.57721555,0.57721555
0.6395648,0.6395648
0.58415,0.58415
0.59667045,0.59667045
0.5595643,0.5595643
0.58493835,0.58493835
0.62599677,0.62599677
0.56750643,0.56750643
0.6244385,0.6244385
0.6416618,0.6416618
0.62396157,0.62396157
0.60707974,0.60707974
0.616817,0.616817
0.59238845,0.59238845
0.60569346,0.60569346
0.60804754,0.60804754
0.6167894,0.6167894
0.59348804,0.59348804
0.6302568,0.6302568
0.6270853,0.6270853
0.60642743,0.60642743
0.5875846,0.5875846
0.59982777,0.59982777
0.5809332,0.5809332
0.5966915,0.5966915
0.5906113,0.5906113
0.6196603,0.6196603
0.6107171,0.6107171
0.58580923,0.58580923
0.59008753,0.59008753
0.5940657,0.5940657
0.5994836,0.5994836
0.6159116,0.6159116
0.582031,0.582031
0.5766102,0.5766102
0.60277605,0.60277605
0.5659263,0.5659263
0.5912826,0.5912826
0.5955882,0.5955882
0.5907305,0.5907305
0.5933204,0.5933204
0.5842041,0.5842041
0.6366531,0.6366531
0.6342955,0.6342955
0.61979395,0.61979395
0.5723376,0.5723376
0.5534921,0.5534921
0.597656,0.597656
0.56272966,0.56272966
0.6314732,0.6314732
0.59169877,0.59169877
0.60158366,0.60158366
0.5824352,0.5824352
0.6443034,0.6443034
0.6159103,0.6159103
0.6318708,0.6318708
0.6151964,0.6151964
0.6097758,0.6097758
0.62085915,0.62085915
0.5618339,0.5618339
0.59161097,0.59161097
0.6354149,0.6354149
0.6080285,0.6080285
0.63311505,0.63311505
0.6154568,0.6154568
0.6333657,0.6333657
0.59569144,0.59569144
0.5419086,0.5419086
0.59397596,0.59397596
0.59281486,0.59281486
0.6057396,0.6057396
0.56732213,0.56732213
0.648807,0.648807
0.61130637,0.61130637
0.6070551,0.6070551
0.5829672,0.5829672
0.61286885,0.61286885
0.6111175,0.6111175
0.6233925,0.6233925
0.58491135,0.58491135
0.5885265,0.5885265
0.6341102,0.6341102
0.6418239,0.6418239
0.61006683,0.61006683
0.59097636,0.59097636
0.60892534,0.60892534
0.60990894,0.60990894
0.5920301,0.5920301
0.5710061,0.5710061
0.6274549,0.6274549
0.6117074,0.6117074
0.6535936,0.6535936
0.6003036,0.6003036
0.62039346,0.62039346
0.62143177,0.62143177
0.60042924,0.60042924
0.57463086,0.57463086
0.5982527,0.5982527
0.6323813,0.6323813
0.5977145,0.5977145
0.626416,0.626416
0.5991377,0.5991377
0.6241748,0.6241748
0.6162835,0.6162835
0.59162134,0.59162134
0.58755285,0.58755285
0.60642403,0.60642403
0.6172755,0.6172755
0.61870396,0.61870396
0.6039391,0.6039391
0.5968486,0.5968486
0.58009726,0.58009726
0.5668393,0.5668393
0.62407166,0.62407166
0.61436445,0.61436445
0.60929185,0.60929185
0.58764267,0.58764267
0.58750224,0.58750224
0.6080788,0.6080788
0.59194154,0.59194154
0.5417785,0.5417785
0.6140745,0.6140745
0.5892985,0.5892985
0.652887,0.652887
0.6122236,0.6122236
0.5830295,0.5830295
0.5857304,0.5857304
0.57686454,0.57686454
0.6126792,0.6126792
0.60951555,0.60951555
0.6122712,0.6122712
0.62477714,0.62477714
0.61761016,0.61761016
0.5902242,0.5902242
0.5791862,0.5791862
0.60440254,0.60440254
0.5522708,0.5522708
0.61186415,0.61186415
0.57986796,0.57986796
0.6024574,0.6024574
0.59900767,0.59900767
0.615094,0.615094
0.55539846,0.55539846
0.622524,0.622524
0.5835937,0.5835937
0.6181211,0.6181211
0.6197014,0.6197014
0.5976413,0.5976413
0.6019056,0.6019056
0.5838652,0.5838652
0.56553954,0.56553954
0.5648254,0.5648254
0.60107994,0.60107994
0.62462676,0.62462676
0.6437971,0.6437971
0.62507904,0.62507904
0.64361244,0.64361244
0.5781947,0.5781947
0.57995874,0.57995874
0.5912123,0.5912123
0.6076595,0.6076595
0.5890519,0.5890519
0.5998256,0.5998256
0.6316786,0.6316786
0.5955043,0.5955043
0.57038516,0.57038516
0.6269396,0.6269396
0.60965335,0.60965335
0.5828178,0.5828178
0.57777804,0.57777804
0.5952228,0.5952228
0.59515196,0.59515196
0.5503829,0.5503829
0.5752731,0.5752731
0.6348695,0.6348695
0.59625435,0.59625435
0.60249656,0.60249656
0.6102281,0.6102281
0.616858,0.616858
0.55359083,0.55359083
0.63678825,0.63678825
0.594237,0.594237
0.6018513,0.6018513
0.6522162,0.6522162
0.5937837,0.5937837
0.5465027,0.5465027
0.61016077,0.61016077
0.63731813,0.63731813
0.64246804,0.64246804
0.60537195,0.60537195
0.5992928,0.5992928
0.60823214,0.60823214
0.57791597,0.57791597
0.594423,0.594423
0.59766775,0.59766775
0.5963206,0.5963206
0.54788464,0.54788464
0.61046594,0.61046594
0.5790017,0.5790017
0.54542977,0.54542977
0.58657146,0.58657146
0.614434,0.614434
0.67101,0.67101
0.63331187,0.63331187
0.59151655,0.59151655
0.60764545,0.60764545
0.59323996,0.59323996
0.5829463,0.5829463
0.6032959,0.6032959
0.6315127,0.6315127
0.6015197,0.6015197
0.594679,0.594679
0.6310033,0.6310033
0.6376079,0.6376079
0.5735744,0.5735744
0.6052939,0.6052939
0.6231273,0.6231273
0.60132813,0.60132813
0.5701282,0.5701282
0.59369385,0.59369385
0.60934585,0.60934585
0.5804603,0.5804603
0.6101275,0.6101275
0.6190497,0.6190497
0.6023994,0.6023994
0.61102146,0.61102146
0.64280945,0.64280945
0.652867,0.652867
0.54233676,0.54233676
0.6024785,0.6024785
0.59612906,0.59612906
0.61651903,0.61651903
0.62885445,0.62885445
0.60022616,0.60022616
0.5777487,0.5777487
0.6345687,0.6345687
0.57297313,0.57297313
0.58618885,0.58618885
0.62512773,0.62512773
0.5909784,0.5909784
0.5869316,0.5869316
0.61622983,0.61622983
0.6195156,0.6195156
0.5908217,0.5908217
0.62991977,0.62991977
0.5875905,0.5875905
0.6370737,0.6370737
0.5908269,0.5908269
0.6336075,0.6336075
0.63430053,0.63430053
0.6088497,0.6088497
0.56516945,0.56516945
0.61720914,0.61720914
0.60784477,0.60784477
0.60667455,0.60667455
0.6046607,0.6046607
0.61953115,0.61953115
0.5653941,0.5653941
0.5647648,0.5647648
0.597025,0.597025
0.6460961,0.6460961
0.6132523,0.6132523
0.56034595,0.56034595
0.61341846,0.61341846
0.600891,0.600891
0.6518326,0.6518326
0.6515791,0.6515791
0.603566,0.603566
0.60261184,0.60261184
0.6407818,0.6407818
0.6268054,0.6268054
0.62722635,0.62722635
0.59382105,0.59382105
0.59862256,0.59862256
0.60908335,0.60908335
0.5813855,0.5813855
0.5944401,0.5944401
0.62309885,0.62309885
0.5945035,0.5945035
0.58860195,0.58860195
0.5521302,0.5521302
0.5537612,0.5537612
0.6053449,0.6053449
0.63605005,0.63605005
0.5849635,0.5849635
0.6157634,0.6157634
0.58688366,0.58688366
0.618586,0.618586
0.57009584,0.57009584
0.6126515,0.6126515
0.618749,0.618749
0.5958947,0.5958947
0.619065,0.619065
0.5830047,0.5830047
0.6222575,0.6222575
0.6120621,0.6120621
0.6761772,0.6761772
0.61497116,0.61497116
0.59609216,0.59609216
0.6234379,0.6234379
0.58582276,0.58582276
0.62280774,0.62280774
0.6085757,0.6085757
0.5954322,0.5954322
0.5777948,0.5777948
0.591316,0.591316
0.54385996,0.54385996
0.6260548,0.6260548
0.60769296,0.60769296
0.6124006,0.6124006
0.6239737,0.6239737
0.5909315,0.5909315
0.6070725,0.6070725
0.593806,0.593806
0.59953564,0.59953564
0.59241426,0.59241426
0.5856583,0.5856583
0.6126528,0.6126528
0.57221127,0.57221127
0.594255,0.594255
0.6053681,0.6053681
0.60860467,0.60860467
0.5646211,0.5646211
0.57675415,0.57675415
0.6064359,0.6064359
0.6161094,0.6161094
0.6171016,0.6171016
0.5747689,0.5747689
0.5924484,0.5924484
0.59530926,0.59530926
0.6102001,0.6102001
0.60185087,0.60185087
0.5731446,0.5731446
0.55743915,0.55743915
0.5972613,0.5972613
0.5923536,0.5923536
0.61707735,0.61707735
0.666166,0.666166
0.6070115,0.6070115
0.5986063,0.5986063
0.60889953,0.60889953
0.6260596,0.6260596
0.63075614,0.63075614
0.598435,0.598435
0.6063728,0.6063728
0.6215592,0.6215592
0.6117683,0.6117683
0.5822622,0.5822622
0.60189474,0.60189474
0.57487816,0.57487816
0.56854653,0.56854653
0.5919414,0.5919414
0.58575004,0.58575004
0.5917689,0.5917689
0.6174236,0.6174236
0.5870138,0.5870138
0.610978,0.610978
0.61829877,0.61829877
0.6203454,0.6203454
0.610059,0.610059
0.5951209,0.5951209
0.5809013,0.5809013
0.61626047,0.61626047
0.5896332,0.5896332
0.61289275,0.61289275
0.6300976,0.6300976
0.62026626,0.62026626
0.5968462,0.5968462
0.59235877,0.59235877
0.6081456,0.6081456
0.61782074,0.61782074
0.62463003,0.62463003
0.59734243,0.59734243
0.5952378,0.5952378
0.55931175,0.55931175
0.6315747,0.6315747
0.5773048,0.5773048
0.56189793,0.56189793
0.57800186,0.57800186
0.62962633,0.62962633
0.5789191,0.5789191
0.6033287,0.6033287
0.57665586,0.57665586
0.5856784,0.5856784
0.5697434,0.5697434
0.5940097,0.5940097
0.57579136,0.57579136
0.6017527,0.6017527
0.6107234,0.6107234
0.6185649,0.6185649
0.6329746,0.6329746
0.61075,0.61075
0.63362163,0.63362163
0.58175004,0.58175004
0.60952747,0.60952747
0.64147836,0.64147836
0.61826444,0.61826444
0.58426315,0.58426315
0.57603556,0.57603556
0.6095739,0.6095739
0.59170866,0.59170866
0.5862213,0.5862213
0.58572924,0.58572924
0.63858455,0.63858455
0.60871595,0.60871595
0.634426,0.634426
0.57112867,0.57112867
0.5775393,0.5775393
0.59642243,0.59642243
0.6097102,0.6097102
0.5546354,0.5546354
0.63427234,0.63427234
0.5962089,0.5962089
0.5679332,0.5679332
0.56773365,0.56773365
0.59591717,0.59591717
0.6098912,0.6098912
0.58321863,0.58321863
0.5770977,0.5770977
0.5748114,0.5748114
0.59924173,0.59924173
0.63503957,0.63503957
0.581717,0.581717
0.6245298,0.6245298
0.6000791,0.6000791
0.62371457,0.62371457
0.62231433,0.62231433
0.60079193,0.60079193
0.63472927,0.63472927
0.6045609,0.6045609
0.60699695,0.60699695
0.6401799,0.6401799
0.61607176,0.61607176
0.5640806,0.5640806
0.5994838,0.5994838
0.59618783,0.59618783
0.5655209,0.5655209
0.5953958,0.5953958
0.599255,0.599255
0.5940507,0.5940507
0.643878,0.643878
0.6287744,0.6287744
0.5860797,0.5860797
0.6214528,0.6214528
0.55524886,0.55524886
0.58753955,0.58753955
0.5992209,0.5992209
0.6250751,0.6250751
0.617248,0.617248
0.5923558,0.5923558
0.5782932,0.5782932
0.6355551,0.6355551
0.6239277,0.6239277
0.5594137,0.5594137
0.57910955,0.57910955
0.5939876,0.5939876
0.59594345,0.59594345
0.59948015,0.59948015
0.6013833,0.6013833
0.614753,0.614753
0.57867986,0.57867986
0.6268665,0.6268665
0.61758196,0.61758196
0.60629064,0.60629064
0.6077446,0.6077446
0.61922026,0.61922026
0.64302045,0.64302045
0.61771375,0.61771375
0.59415674,0.59415674
0.61057156,0.61057156
0.5772606,0.5772606
0.5947368,0.5947368
0.60734755,0.60734755
0.6108162,0.6108162
0.58253807,0.58253807
0.5589583,0.5589583
0.63844657,0.63844657
0.6025481,0.6025481
0.6086902,0.6086902
0.6201686,0.6201686
0.58584255,0.58584255
0.60969216,0.60969216
0.5858955,0.5858955
0.6084815,0.6084815
0.6005198,0.6005198
0.5952903,0.5952903
0.62009287,0.62009287
0.6051559,0.6051559
0.61485416,0.61485416
0.58211064,0.58211064
0.5500985,0.5500985
0.5949616,0.5949616
0.6337641,0.6337641
0.61326605,0.61326605
0.6285565,0.6285565
0.5945357,0.5945357
0.5605013,0.5605013
0.5570979,0.5570979
0.55951977,0.55951977
0.5778089,0.5778089
0.60954696,0.60954696
0.6007913,0.6007913
0.5923787,0.5923787
0.6072476,0.6072476
0.58499086,0.58499086
0.58443743,0.58443743
0.61824435,0.61824435
0.62664276,0.62664276
0.6210334,0.6210334
0.6294944,0.6294944
0.62426746,0.62426746
0.63507175,0.63507175
0.576266,0.576266
0.6081795,0.6081795
0.6131817,0.6131817
0.5631129,0.5631129
0.5995199,0.5995199
0.57727724,0.57727724
0.6155885,0.6155885
0.59943867,0.59943867
0.6256102,0.6256102
0.57116264,0.57116264
0.58798134,0.58798134
0.5665589,0.5665589
0.56545585,0.56545585
0.5994966,0.5994966
0.60418636,0.60418636
0.5840702,0.5840702
0.5808266,0.5808266
0.60772926,0.60772926
0.6206581,0.6206581
0.58820426,0.58820426
0.60081726,0.60081726
0.5934106,0.5934106
0.5782985,0.5782985
0.5719289,0.5719289
0.5807269,0.5807269
0.61484796,0.61484796
0.5816611,0.5816611
0.6154964,0.6154964
0.57698166,0.57698166
0.60145575,0.60145575
0.5924725,0.5924725
0.59723455,0.59723455
0.60287285,0.60287285
0.60416573,0.60416573
0.5884742,0.5884742
0.6017964,0.6017964
0.56149775,0.56149775
0.58340734,0.58340734
0.62040776,0.62040776
0.6278295,0.6278295
0.5850056,0.5850056
0.6004584,0.6004584
0.5786006,0.5786006
0.58705723,0.58705723
0.5544745,0.5544745
0.5510499,0.5510499
0.5777017,0.5777017
0.58944386,0.58944386
0.5820999,0.5820999
0.5751355,0.5751355
0.5719292,0.5719292
0.5606629,0.5606629
0.6169822,0.6169822
0.59038854,0.59038854
0.6029774,0.6029774
0.61043507,0.61043507
0.6072925,0.6072925
0.59728134,0.59728134
0.57989573,0.57989573
0.618515,0.618515
0.6394762,0.6394762
0.6069931,0.6069931
0.64443135,0.64443135
0.61886483,0.61886483
0.6132498,0.6132498
0.5874604,0.5874604
0.5454304,0.5454304
0.49186635,0.49186635
0.59514064,0.59514064
0.6284986,0.6284986
0.5670002,0.5670002
0.5848699,0.5848699
0.5774185,0.5774185
0.63184357,0.63184357
0.6173169,0.6173169
0.6153713,0.6153713
0.6257189,0.6257189
0.61182535,0.61182535
0.5775626,0.5775626
0.61208355,0.61208355
0.62153023,0.62153023
0.6843392,0.6843392
0.63360065,0.63360065
0.6032216,0.6032216
0.59761536,0.59761536
0.6060334,0.6060334
0.6171575,0.6171575
0.5808631,0.5808631
0.5593139,0.5593139
0.5681067,0.5681067
0.5471987,0.5471987
0.60249305,0.60249305
0.58995575,0.58995575
0.60200435,0.60200435
0.6122962,0.6122962
0.57012737,0.57012737
0.5845012,0.5845012
0.5840012,0.5840012
0.575875,0.575875
0.63185215,0.63185215
0.5846434,0.5846434
0.58102393,0.58102393
0.6145049,0.6145049
0.62018156,0.62018156
0.61726093,0.61726093
0.6045067,0.6045067
0.6254674,0.6254674
0.63278306,0.63278306
0.58255124,0.58255124
0.6062557,0.6062557
0.5992957,0.5992957
0.5737398,0.5737398
0.5795104,0.5795104
0.63616323,0.63616323
0.598538,0.598538
0.6735514,0.6735514
0.6223718,0.6223718
0.6126334,0.6126334
0.62789476,0.62789476
0.59320676,0.59320676
0.59703827,0.59703827
0.6040946,0.6040946
0.60169023,0.60169023
0.63539714,0.63539714
0.6146813,0.6146813
0.5855998,0.5855998
0.64366436,0.64366436
0.61409795,0.61409795
0.64074284,0.64074284
0.59234345,0.59234345
0.5820461,0.5820461
0.6025997,0.6025997
0.6289843,0.6289843
0.6133066,0.6133066
0.6260403,0.6260403
0.6129006,0.6129006
0.61849743,0.61849743
0.5776666,0.5776666
0.6341908,0.6341908
0.63461363,0.63461363
0.6077501,0.6077501
0.5923274,0.5923274
0.609234,0.609234
0.5922496,0.5922496
0.57323945,0.57323945
0.5855837,0.5855837
0.62450415,0.62450415
0.6364001,0.6364001
0.5828393,0.5828393
0.6227975,0.6227975
0.58241117,0.58241117
0.6138481,0.6138481
0.59702784,0.59702784
0.58032715,0.58032715
0.5996961,0.5996961
0.606318,0.606318
0.59464896,0.59464896
0.59336287,0.59336287
0.6081429,0.6081429
0.60068125,0.60068125
0.6061102,0.6061102
0.6075479,0.6075479
0.6010015,0.6010015
0.62647223,0.62647223
0.6033797,0.6033797
0.6134596,0.6134596
0.58501834,0.58501834
0.5919582,0.5919582
0.5885425,0.5885425
0.57865596,0.57865596
0.61166,0.61166
0.6194809,0.6194809
0.5742286,0.5742286
0.6280801,0.6280801
0.6083843,0.6083843
0.5981646,0.5981646
0.5801384,0.5801384
0.6038741,0.6038741
0.6094304,0.6094304
0.60771984,0.60771984
0.6113487,0.6113487
0.5812548,0.5812548
0.6134187,0.6134187
0.6117381,0.6117381
0.5559041,0.5559041
0.6266036,0.6266036
0.6071118,0.6071118
0.5939805,0.5939805
0.58208466,0.58208466
0.5839891,0.5839891
0.597412,0.597412
0.61731595,0.61731595
0.59457165,0.59457165
0.6301811,0.6301811
0.6136062,0.6136062
0.60334927,0.60334927
0.6257761,0.6257761
0.6150263,0.6150263
0.60922533,0.60922533
0.61380637,0.61380637
0.58337075,0.58337075
0.61032474,0.61032474
0.63935924,0.63935924
0.6223506,0.6223506
0.60378444,0.60378444
0.59426874,0.59426874
0.5793119,0.5793119
0.5983452,0.5983452
0.5948147,0.5948147
0.6393626,0.6393626
0.5622315,0.5622315
0.58474255,0.58474255
0.6095569,0.6095569
0.6159307,0.6159307
0.5788142,0.5788142
0.59393823,0.59393823
0.5972676,0.5972676
0.62303835,0.62303835
0.5589951,0.5589951
0.5728683,0.5728683
0.6094019,0.6094019
0.57116437,0.57116437
0.5842482,0.5842482
0.593268,0.593268
0.6079737,0.6079737
0.58499175,0.58499175
0.5516993,0.5516993
0.61571836,0.61571836
0.6519913,0.6519913
0.58513755,0.58513755
0.630753,0.630753
0.61113644,0.61113644
0.6161708,0.6161708
0.59265167,0.59265167
0.632097,0.632097
0.6039642,0.6039642
0.63603204,0.63603204
0.614502,0.614502
0.6178005,0.6178005
0.5909639,0.5909639
0.59934604,0.59934604
0.575891,0.575891
0.54991704,0.54991704
0.5352054,0.5352054
0.58388335,0.58388335
0.55523324,0.55523324
0.61157006,0.61157006
0.6301702,0.6301702
0.63045645,0.63045645
0.60347855,0.60347855
0.59014976,0.59014976
0.62196994,0.62196994
0.61018026,0.61018026
0.5980566,0.5980566
0.62029827,0.62029827
0.610118,0.610118
0.63688993,0.63688993
0.6266083,0.6266083
0.6199231,0.6199231
0.62362033,0.62362033
0.59854484,0.59854484
0.5614812,0.5614812
0.6222554,0.6222554
0.5778848,0.5778848
0.6299904,0.6299904
0.6005734,0.6005734
0.5759304,0.5759304
0.59943587,0.59943587
0.605749,0.605749
0.645864,0.645864
0.59165573,0.59165573
0.5558025,0.5558025
0.6040002,0.6040002
0.5974897,0.5974897
0.56615174,0.56615174
0.57600206,0.57600206
0.5711815,0.5711815
0.6271687,0.6271687
0.6092463,0.6092463
0.6377126,0.6377126
0.6273222,0.6273222
0.62677306,0.62677306
0.6475548,0.6475548
0.5859811,0.5859811
0.5757162,0.5757162
0.5831056,0.5831056
0.5866357,0.5866357
0.5962103,0.5962103
0.60999775,0.60999775
0.62475646,0.62475646
0.55593157,0.55593157
0.5867908,0.5867908
0.59346163,0.59346163
0.61060494,0.61060494
0.60970324,0.60970324
0.6263769,0.6263769
0.626123,0.626123
0.6104042,0.6104042
0.58713096,0.58713096
0.61040515,0.61040515
0.59310186,0.59310186
0.59065574,0.59065574
0.6526863,0.6526863
0.5915721,0.5915721
0.59147555,0.59147555
0.6088733,0.6088733
0.5906633,0.5906633
0.6301425,0.6301425
0.59574085,0.59574085
0.59732735,0.59732735
0.577897,0.577897
0.61166054,0.61166054
0.583486,0.583486
0.603382,0.603382
0.6163115,0.6163115
0.6032836,0.6032836
0.62238604,0.62238604
0.6056813,0.6056813
0.6279942,0.6279942
0.6505317,0.6505317
0.60054666,0.60054666
0.6188108,0.6188108
0.6099856,0.6099856
0.6366763,0.6366763
0.59467834,0.59467834
0.594351,0.594351
0.60315603,0.60315603
0.60290146,0.60290146
0.5859009,0.5859009
0.6025057,0.6025057
0.6146387,0.6146387
0.61757904,0.61757904
0.59711456,0.59711456
0.5880265,0.5880265
0.62617636,0.62617636
0.5526669,0.5526669
0.59645635,0.59645635
0.60669386,0.60669386
0.5903067,0.5903067
0.6296308,0.6296308
0.64034796,0.64034796
0.598158,0.598158
0.6138395,0.6138395
0.59383595,0.59383595
0.6009,0.6009
0.6189827,0.6189827
0.58842385,0.58842385
0.6346741,0.6346741
0.5896767,0.5896767
0.5400368,0.5400368
0.6224948,0.6224948
0.6380064,0.6380064
0.58424604,0.58424604
0.58592623,0.58592623
0.59719163,0.59719163
0.5712204,0.5712204
0.59274423,0.59274423
0.5987675,0.5987675
0.6155015,0.6155015
0.60263014,0.60263014
0.64104384,0.64104384
0.6177287,0.6177287
0.6395546,0.6395546
0.59654546,0.59654546
0.6064387,0.6064387
0.60002965,0.60002965
0.59679204,0.59679204
0.61893904,0.61893904
0.5948497,0.5948497
0.58891976,0.58891976
0.5923785,0.5923785
0.5891506,0.5891506
0.5878917,0.5878917
0.5799383,0.5799383
0.5775861,0.5775861
0.6249826,0.6249826
0.6237817,0.6237817
0.6680914,0.6680914
0.6284726,0.6284726
0.60193986,0.60193986
0.5633894,0.5633894
0.62541604,0.62541604
0.57580596,0.57580596
0.5659756,0.5659756
0.6351352,0.6351352
0.5937427,0.5937427
0.59097743,0.59097743
0.59161544,0.59161544
0.5879296,0.5879296
0.58876157,0.58876157
0.59019923,0.59019923
0.59318215,0.59318215
0.56109697,0.56109697
0.5970105,0.5970105
0.60128456,0.60128456
0.6193684,0.6193684
0.5965285,0.5965285
0.62215406,0.62215406
0.5661216,0.5661216
0.5731238,0.5731238
0.55942553,0.55942553
0.5917086,0.5917086
0.61902606,0.61902606
0.5942555,0.5942555
0.56988263,0.56988263
0.5916826,0.5916826
0.62679076,0.62679076
0.5879741,0.5879741
0.58604753,0.58604753
0.6264789,0.6264789
0.5855296,0.5855296
0.60532296,0.60532296
0.57376814,0.57376814
0.55682486,0.55682486
0.55673474,0.55673474
0.61117005,0.61117005
0.627977,0.627977
0.6172042,0.6172042
0.5968289,0.5968289
0.58557934,0.58557934
0.6012483,0.6012483
0.6021254,0.6021254
0.6051503,0.6051503
0.59434694,0.59434694
0.5497489,0.5497489
0.58976436,0.58976436
0.5971512,0.5971512
0.5972249,0.5972249
0.59794056,0.59794056
0.63305384,0.63305384
0.6215712,0.6215712
0.6291642,0.6291642
0.6338776,0.6338776
0.6291808,0.6291808
0.58094627,0.58094627
0.6210542,0.6210542
0.5824668,0.5824668
0.5850515,0.5850515
0.6005411,0.6005411
0.63840073,0.63840073
0.576666,0.576666
0.56416845,0.56416845
0.63061464,0.63061464
0.62568223,0.62568223
0.6336394,0.6336394
0.6143327,0.6143327
0.6099465,0.6099465
0.6053945,0.6053945
0.5739889,0.5739889
0.5979897,0.5979897
0.6068028,0.6068028
0.6114805,0.6114805
0.5926489,0.5926489
0.53668904,0.53668904
0.6277529,0.6277529
0.584728,0.584728
0.62048686,0.62048686
0.6340592,0.6340592
0.58273953,0.58273953
0.5996831,0.5996831
0.5530891,0.5530891
0.5843008,0.5843008
0.6494409,0.6494409
0.61639804,0.61639804
0.6185778,0.6185778
0.6306506,0.6306506
0.5589128,0.5589128
0.6175392,0.6175392
0.595331,0.595331
0.64972013,0.64972013
0.592522,0.592522
0.59872246,0.59872246
0.6068007,0.6068007
0.6180968,0.6180968
0.623965,0.623965
0.60835946,0.60835946
0.5691415,0.5691415
0.5959493,0.5959493
0.6026811,0.6026811
0.60407895,0.60407895
0.6244392,0.6244392
0.6365327,0.6365327
0.61952776,0.61952776
0.61269903,0.61269903
0.60770774,0.60770774
0.59634703,0.59634703
0.6321738,0.6321738
0.61099297,0.61099297
0.59783787,0.59783787
0.60323125,0.60323125
0.6047575,0.6047575
0.5899259,0.5899259
0.6154622,0.6154622
0.6215945,0.6215945
0.597745,0.597745
0.6271927,0.6271927
0.59417945,0.59417945
0.588646,0.588646
0.5924367,0.5924367
0.63698626,0.63698626
0.63169104,0.63169104
0.6023995,0.6023995
0.6004957,0.6004957
0.6207163,0.6207163
0.61155057,0.61155057
0.6309634,0.6309634
0.5984418,0.5984418
0.6195412,0.6195412
0.59639984,0.59639984
0.62555236,0.62555236
0.56002355,0.56002355
0.52199656,0.52199656
0.59812266,0.59812266
0.61287177,0.61287177
0.5877781,0.5877781
0.6289213,0.6289213
0.56990254,0.56990254
0.593272,0.593272
0.62711835,0.62711835
0.6417028,0.6417028
0.60986096,0.60986096
0.5775547,0.5775547
0.60059154,0.60059154
0.60457647,0.60457647
0.6175569,0.6175569
0.5954615,0.5954615
0.62186414,0.62186414
0.59797764,0.59797764
0.5965544,0.5965544
0.6001821,0.6001821
0.628226,0.628226
0.56667864,0.56667864
0.5933143,0.5933143
0.59456396,0.59456396
0.5937851,0.5937851
0.5979836,0.5979836
0.582472,0.582472
0.61970145,0.61970145
0.58474547,0.58474547
0.5764637,0.5764637
0.63320893,0.63320893
0.61133987,0.61133987
0.6290225,0.6290225
0.5487022,0.5487022
0.6021811,0.6021811
0.5973029,0.5973029
0.6096085,0.6096085
0.59726214,0.59726214
0.56856436,0.56856436
0.5943208,0.5943208
0.59659535,0.59659535
0.63793576,0.63793576
0.6022762,0.6022762
0.6105009,0.6105009
0.62474495,0.62474495
0.6214317,0.6214317
0.568761,0.568761
0.5662777,0.5662777
0.60527545,0.60527545
0.6007244,0.6007244
0.62574136,0.62574136
0.60672605,0.60672605
0.61796963,0.61796963
0.5947956,0.5947956
0.6416461,0.6416461
0.6228485,0.6228485
0.6766303,0.6766303
0.607081,0.607081
0.5499106,0.5499106
0.56201285,0.56201285
0.5475155,0.5475155
0.612733,0.612733
0.6144742,0.6144742
0.58599085,0.58599085
0.583491,0.583491
0.58522093,0.58522093
0.6137367,0.6137367
0.6327613,0.6327613
0.6165385,0.6165385
0.588322,0.588322
0.6311913,0.6311913
0.6388512,0.6388512
0.60279024,0.60279024
0.5615525,0.5615525
0.6181762,0.6181762
0.576375,0.576375
0.58572567,0.58572567
0.5900333,0.5900333
0.60047555,0.60047555
0.58587223,0.58587223
0.59338087,0.59338087
0.6074093,0.6074093
0.6181969,0.6181969
0.6050444,0.6050444
0.60479516,0.60479516
0.58531904,0.58531904
0.5985827,0.5985827
0.59578556,0.59578556
0.6112216,0.6112216
0.5915354,0.5915354
0.6131783,0.6131783
0.60403055,0.60403055
0.6104129,0.6104129
0.6122796,0.6122796
0.6000967,0.6000967
0.5902184,0.5902184
0.60944843,0.60944843
0.5849417,0.5849417
0.5945664,0.5945664
0.5752942,0.5752942
0.5794914,0.5794914
0.62976086,0.62976086
0.5936043,0.5936043
0.6305791,0.6305791
0.60374427,0.60374427
0.5663436,0.5663436
0.57153463,0.57153463
0.6184855,0.6184855
0.59154403,0.59154403
0.6369342,0.6369342
0.5896217,0.5896217
0.59179664,0.59179664
0.5990249,0.5990249
0.6170087,0.6170087
0.5957154,0.5957154
0.6082339,0.6082339
0.57584286,0.57584286
0.58793575,0.58793575
0.5878338,0.5878338
0.5990953,0.5990953
0.5975439,0.5975439
0.6186877,0.6186877
0.6043182,0.6043182
0.61987716,0.61987716
0.6170358,0.6170358
0.61226207,0.61226207
0.60807264,0.60807264
0.6163493,0.6163493
0.5875775,0.5875775
0.6128022,0.6128022
0.6213767,0.6213767
0.63231385,0.63231385
0.62465733,0.62465733
0.61624885,0.61624885
0.61449945,0.61449945
0.6184355,0.6184355
0.61287564,0.61287564
0.638277,0.638277
0.60806614,0.60806614
0.58947355,0.58947355
0.5869003,0.5869003
0.6600757,0.6600757
0.6171136,0.6171136
0.6327537,0.6327537
0.60610414,0.60610414
0.6119028,0.6119028
0.54216564,0.54216564
0.56662995,0.56662995
0.5889447,0.5889447
0.5854722,0.5854722
0.5609012,0.5609012
0.58454114,0.58454114
0.627859,0.627859
0.6572479,0.6572479
0.61041355,0.61041355
0.6089095,0.6089095
0.58063114,0.58063114
0.626711,0.626711
0.6187611,0.6187611
0.61813486,0.61813486
0.60817224,0.60817224
0.59924126,0.59924126
0.60648966,0.60648966
0.611228,0.611228
0.5763342,0.5763342
0.6220975,0.6220975
0.55599564,0.55599564
0.5966701,0.5966701
0.60021156,0.60021156
0.5937341,0.5937341
0.6564849,0.6564849
0.5966618,0.5966618
0.6109573,0.6109573
0.62420166,0.62420166
0.6089605,0.6089605
0.64061356,0.64061356
0.63245416,0.63245416
0.62285197,0.62285197
0.5580036,0.5580036
0.6067299,0.6067299
0.553494,0.553494
0.5728847,0.5728847
0.5961435,0.5961435
0.5822878,0.5822878
0.6094596,0.6094596
0.58782506,0.58782506
0.6111702,0.6111702
0.63267916,0.63267916
0.5897767,0.5897767
0.6261328,0.6261328
0.6237043,0.6237043
0.6120839,0.6120839
0.60495937,0.60495937
0.6202753,0.6202753
0.6085716,0.6085716
0.64897233,0.64897233
0.62770784,0.62770784
0.609161,0.609161
0.6059466,0.6059466
0.5588197,0.5588197
0.604922,0.604922
0.5990529,0.5990529
0.59661424,0.59661424
0.5862452,0.5862452
0.61087674,0.61087674
0.5720872,0.5720872
0.595307,0.595307
0.58917576,0.58917576
0.59490955,0.59490955
0.5977263,0.5977263
0.57808405,0.57808405
0.5867317,0.5867317
0.5556653,0.5556653
0.5938991,0.5938991
0.62647974,0.62647974
0.6091111,0.6091111
0.57604134,0.57604134
0.5956534,0.5956534
0.62752044,0.62752044
0.6157943,0.6157943
0.6131445,0.6131445
0.5862196,0.5862196
0.5727798,0.5727798
0.53689593,0.53689593
0.5892977,0.5892977
0.6088302,0.6088302
0.59067595,0.59067595
0.5917909,0.5917909
0.59418535,0.59418535
0.57634604,0.57634604
0.58649695,0.58649695
0.5684355,0.5684355
0.6063064,0.6063064
0.6022392,0.6022392
0.6226895,0.6226895
0.62078136,0.62078136
0.60248256,0.60248256
0.5868323,0.5868323
0.63694435,0.63694435
0.5752281,0.5752281
0.57288426,0.57288426
0.59895754,0.59895754
0.5687348,0.5687348
0.5808208,0.5808208
0.6279426,0.6279426
0.59691167,0.59691167
0.5943447,0.5943447
0.6276879,0.6276879
0.5798541,0.5798541
0.6100015,0.6100015
0.6066697,0.6066697
0.5947379,0.5947379
0.59649247,0.59649247
0.5847164,0.5847164
0.61202955,0.61202955
0.6485372,0.6485372
0.60047114,0.60047114
0.61209524,0.61209524
0.62946,0.62946
0.6047395,0.6047395
0.6005302,0.6005302
0.6251444,0.6251444
0.55905557,0.55905557
0.5589797,0.5589797
0.6017376,0.6017376
0.576844,0.576844
0.56162345,0.56162345
0.58955103,0.58955103
0.63434714,0.63434714
0.60266614,0.60266614
0.6210333,0.6210333
0.55456895,0.55456895
0.5671404,0.5671404
0.6023243,0.6023243
0.6255007,0.6255007
0.5808116,0.5808116
0.6375155,0.6375155
0.60549676,0.60549676
0.6030379,0.6030379
0.56171185,0.56171185
0.6004024,0.6004024
0.6147097,0.6147097
0.62892324,0.62892324
0.60658365,0.60658365
0.62023526,0.62023526
0.58873117,0.58873117
0.5924423,0.5924423
0.6049908,0.6049908
0.5037246,0.5037246
0.51700705,0.51700705
0.5538385,0.5538385
0.59102535,0.59102535
0.58249384,0.58249384
0.5964633,0.5964633
0.6205958,0.6205958
0.5624009,0.5624009
0.5455377,0.5455377
0.53808403,0.53808403
0.5869291,0.5869291
0.59330755,0.59330755
0.6137361,0.6137361
0.6182924,0.6182924
0.62069577,0.62069577
0.6347016,0.6347016
0.5948082,0.5948082
0.5705103,0.5705103
0.56818193,0.56818193
0.45718518,0.45718518
0.57359296,0.57359296
0.57526827,0.57526827
0.5897732,0.5897732
0.62911475,0.62911475
0.5748115,0.5748115
0.61084086,0.61084086
0.5789999,0.5789999
0.6145122,0.6145122
0.5791626,0.5791626
0.60401547,0.60401547
0.6182227,0.6182227
0.64535946,0.64535946
0.6136935,0.6136935
0.59948,0.59948
0.6624471,0.6624471
0.62702805,0.62702805
0.58831966,0.58831966
0.5681846,0.5681846
0.61226434,0.61226434
0.59302825,0.59302825
0.622315,0.622315
0.62968653,0.62968653
0.6275748,0.6275748
0.58399385,0.58399385
0.60191375,0.60191375
0.55463076,0.55463076
0.5671871,0.5671871
0.55165845,0.55165845
0.5521426,0.5521426
0.5873742,0.5873742
0.60543156,0.60543156
0.6501981,0.6501981
0.5677462,0.5677462
0.5918717,0.5918717
0.59705687,0.59705687
0.6270876,0.6270876
0.5887507,0.5887507
0.59479153,0.59479153
0.59977335,0.59977335
0.6058747,0.6058747
0.60695136,0.60695136
0.59373564,0.59373564
0.59918565,0.59918565
0.5597139,0.5597139
0.4772122,0.4772122
0.5846392,0.5846392
0.5692385,0.5692385
0.5291136,0.5291136
0.5621808,0.5621808
0.53127795,0.53127795
0.5117042,0.5117042
0.45693794,0.45693794
0.48719072,0.48719072
0.5793098,0.5793098
0.5778281,0.5778281
0.47002512,0.47002512
0.5728842,0.5728842
0.5733406,0.5733406
0.5477105,0.5477105
0.60832477,0.60832477
0.61226016,0.61226016
0.59586984,0.59586984
0.6127541,0.6127541
0.6117071,0.6117071
0.574694,0.574694
0.5920891,0.5920891
0.60796946,0.60796946
0.61696416,0.61696416
0.6038649,0.6038649
0.6179077,0.6179077
0.62808746,0.62808746
0.62254584,0.62254584
0.6049451,0.6049451
0.57926023,0.57926023
0.58033204,0.58033204
0.5684111,0.5684111
0.5803292,0.5803292
0.5993991,0.5993991
0.60159546,0.60159546
0.6013721,0.6013721
0.63090914,0.63090914
0.58342344,0.58342344
0.5903723,0.5903723
0.62985533,0.62985533
0.61573875,0.61573875
0.6291554,0.6291554
0.60621834,0.60621834
0.59692824,0.59692824
0.6107003,0.6107003
0.6014124,0.6014124
0.6141297,0.6141297
0.6246313,0.6246313
0.6177575,0.6177575
0.6074812,0.6074812
0.55993783,0.55993783
0.63254327,0.63254327
0.6340735,0.6340735
0.61302865,0.61302865
0.65511715,0.65511715
0.6005624,0.6005624
0.6039279,0.6039279
0.57947546,0.57947546
0.60289943,0.60289943
0.60036993,0.60036993
0.6342219,0.6342219
0.5851492,0.5851492
0.606784,0.606784
0.62530714,0.62530714
0.62975526,0.62975526
0.60493565,0.60493565
0.6344634,0.6344634
0.6269169,0.6269169
0.58543295,0.58543295
0.5964051,0.5964051
0.5999164,0.5999164
0.6500073,0.6500073
0.6165459,0.6165459
0.59181005,0.59181005
0.6318648,0.6318648
0.62807226,0.62807226
0.60556006,0.60556006
0.59017414,0.59017414
0.5994353,0.5994353
0.6456976,0.6456976
0.6228422,0.6228422
0.58798844,0.58798844
0.42771494,0.42771494
0.41317877,0.41317877
0.46706897,0.46706897
0.55064166,0.55064166
0.5979991,0.5979991
0.62271816,0.62271816
0.62110007,0.62110007
0.5877674,0.5877674
0.59609056,0.59609056
0.6103804,0.6103804
0.57961434,0.57961434
0.59447646,0.59447646
0.6061966,0.6061966
0.61669916,0.61669916
0.5778213,0.5778213
0.55234706,0.55234706
0.44823453,0.44823453
0.5266952,0.5266952
0.58776724,0.58776724
0.5785924,0.5785924
0.620018,0.620018
0.58564717,0.58564717
0.5839022,0.5839022
0.57898206,0.57898206
0.5892288,0.5892288
0.61505944,0.61505944
0.58676094,0.58676094
0.5837081,0.5837081
0.6140054,0.6140054
0.59117365,0.59117365
0.58985454,0.58985454
0.5823484,0.5823484
0.6142592,0.6142592
0.5901214,0.5901214
0.62182426,0.62182426
0.6303254,0.6303254
0.61760867,0.61760867
0.5917707,0.5917707
0.560474,0.560474
0.57374793,0.57374793
0.6269038,0.6269038
0.59616053,0.59616053
0.5823783,0.5823783
0.5801034,0.5801034
0.6042707,0.6042707
0.5920222,0.5920222
0.6226735,0.6226735
0.5866691,0.5866691
0.5627376,0.5627376
0.5972011,0.5972011
0.56102616,0.56102616
0.6119383,0.6119383
0.6144355,0.6144355
0.59350413,0.59350413
0.63728136,0.63728136
0.6148341,0.6148341
0.6094717,0.6094717
0.6254064,0.6254064
0.6438614,0.6438614
0.60772014,0.60772014
0.59703153,0.59703153
0.5630002,0.5630002
0.59396076,0.59396076
0.52670354,0.52670354
0.609542,0.609542
0.6483135,0.6483135
0.63165045,0.63165045
0.60519814,0.60519814
0.58545876,0.58545876
0.6052303,0.6052303
0.5687756,0.5687756
0.58774817,0.58774817
0.5928347,0.5928347
0.5918036,0.5918036
0.57649446,0.57649446
0.61055493,0.61055493
0.5944763,0.5944763
0.6025412,0.6025412
0.58924013,0.58924013
0.6255684,0.6255684
0.5775134,0.5775134
0.58696026,0.58696026
0.58311975,0.58311975
0.62145716,0.62145716
0.6291875,0.6291875
0.6207005,0.6207005
0.58776206,0.58776206
0.5702938,0.5702938
0.5779174,0.5779174
0.5704569,0.5704569
0.5649696,0.5649696
0.5932426,0.5932426
0.6066121,0.6066121
0.5977638,0.5977638
0.60877734,0.60877734
0.59873533,0.59873533
0.5733028,0.5733028
0.5691038,0.5691038
0.609212,0.609212
0.6047351,0.6047351
0.59676147,0.59676147
0.59539264,0.59539264
0.6065701,0.6065701
0.61338294,0.61338294
0.6125726,0.6125726
0.6135215,0.6135215
0.60133225,0.60133225
0.6137012,0.6137012
0.5901777,0.5901777
0.58520514,0.58520514
0.56560075,0.56560075
0.559793,0.559793
0.5804541,0.5804541
0.61317176,0.61317176
0.610043,0.610043
0.5931218,0.5931218
0.59207034,0.59207034
0.63630164,0.63630164
0.5858046,0.5858046
0.5914686,0.5914686
0.59385556,0.59385556
0.53754467,0.53754467
0.6091207,0.6091207
0.5982174,0.5982174
0.6329095,0.6329095
0.6122376,0.6122376
0.5696829,0.5696829
0.588311,0.588311
0.58678234,0.58678234
0.57206464,0.57206464
0.57782036,0.57782036
0.58232844,0.58232844
0.6231795,0.6231795
0.60418683,0.60418683
0.60682493,0.60682493
0.6312119,0.6312119
0.5887894,0.5887894
0.5717353,0.5717353
0.58708405,0.58708405
0.5747925,0.5747925
0.600897,0.600897
0.5941697,0.5941697
0.5910347,0.5910347
0.58977365,0.58977365
0.58245546,0.58245546
0.5981605,0.5981605
0.6257241,0.6257241
0.58638084,0.58638084
0.61734414,0.61734414
0.6209949,0.6209949
0.58975387,0.58975387
0.5713995,0.5713995
0.60860234,0.60860234
0.58545184,0.58545184
0.5885817,0.5885817
0.624882,0.624882
0.6092481,0.6092481
0.5593905,0.5593905
0.6046885,0.6046885
0.57868785,0.57868785
0.59854424,0.59854424
0.6183809,0.6183809
0.624542,0.624542
0.61515456,0.61515456
0.57746756,0.57746756
0.59652203,0.59652203
0.5445727,0.5445727
0.60669374,0.60669374
0.5820469,0.5820469
0.5985937,0.5985937
0.593082,0.593082
0.57855785,0.57855785
0.599003,0.599003
0.5817932,0.5817932
0.62053037,0.62053037
0.5811305,0.5811305
0.5713427,0.5713427
0.5881969,0.5881969
0.55330837,0.55330837
0.6085109,0.6085109
0.59361583,0.59361583
0.5676776,0.5676776
0.5383937,0.5383937
0.57450813,0.57450813
0.59612095,0.59612095
0.6083703,0.6083703
0.5918904,0.5918904
0.6153294,0.6153294
0.5891863,0.5891863
0.54856825,0.54856825
0.6043233,0.6043233
0.596925,0.596925
0.5672058,0.5672058
0.59593046,0.59593046
0.6232606,0.6232606
0.62665486,0.62665486
0.6209441,0.6209441
0.5939529,0.5939529
0.59609467,0.59609467
0.55159515,0.55159515
0.586571,0.586571
0.59268194,0.59268194
0.6192344,0.6192344
0.56115407,0.56115407
0.5762089,0.5762089
0.6141968,0.6141968
0.59947515,0.59947515
0.5975292,0.5975292
0.57466334,0.57466334
0.5582819,0.5582819
0.5696236,0.5696236
0.5944941,0.5944941
0.61113346,0.61113346
0.5881288,0.5881288
0.6289168,0.6289168
0.61565113,0.61565113
0.5994083,0.5994083
0.59269404,0.59269404
0.56681615,0.56681615
0.5767346,0.5767346
0.59943396,0.59943396
0.59793216,0.59793216
0.5965449,0.5965449
0.5614565,0.5614565
0.5853428,0.5853428
0.55894774,0.55894774
0.5732155,0.5732155
0.5952654,0.5952654
0.6060183,0.6060183
0.566655,0.566655
0.5519117,0.5519117
0.57691336,0.57691336
0.57960016,0.57960016
0.6201494,0.6201494
0.564223,0.564223
0.59929305,0.59929305
0.58423,0.58423
0.619198,0.619198
0.59588397,0.59588397
0.6191584,0.6191584
0.57066745,0.57066745
0.55008763,0.55008763
0.5300611,0.5300611
0.56123096,0.56123096
0.57452947,0.57452947
0.58539814,0.58539814
0.60335267,0.60335267
0.6034499,0.6034499
0.62104255,0.62104255
0.61454195,0.61454195
0.62210906,0.62210906
0.62937945,0.62937945
0.58616066,0.58616066
0.5419182,0.5419182
0.54887074,0.54887074
0.59665656,0.59665656
0.6028336,0.6028336
0.61594176,0.61594176
0.45962742,0.45962742
0.4433862,0.4433862
0.44746146,0.44746146
0.42454374,0.42454374
0.4879406,0.4879406
0.48006985,0.48006985
0.45170322,0.45170322
0.41246837,0.41246837
0.56075317,0.56075317
0.49767438,0.49767438
0.41744617,0.41744617
0.40946305,0.40946305
0.45732278,0.45732278
0.40366873,0.40366873
0.47900382,0.47900382
0.51630664,0.51630664
0.49350014,0.49350014
0.5018853,0.5018853
0.4909684,0.4909684
0.4438435,0.4438435
0.4663517,0.4663517
0.42473465,0.42473465
0.43561688,0.43561688
0.49849087,0.49849087
0.5989217,0.5989217
0.382797,0.382797
0.3832499,0.3832499
0.4853861,0.4853861
0.46319345,0.46319345
0.4972067,0.4972067
0.42994323,0.42994323
0.45284823,0.45284823
0.47598517,0.47598517
0.44390076,0.44390076
0.44627848,0.44627848
0.52121717,0.52121717
0.5657653,0.5657653
0.48912176,0.48912176
0.4612521,0.4612521
0.46575892,0.46575892
0.47874957,0.47874957
0.5496006,0.5496006
0.5416352,0.5416352
0.5388516,0.5388516
0.58254147,0.58254147
0.48004195,0.48004195
0.46118975,0.46118975
0.4964769,0.4964769
0.4310776,0.4310776
0.43673328,0.43673328
0.44083184,0.44083184
0.52929676,0.52929676
0.51489073,0.51489073
0.4952749,0.4952749
0.51177394,0.51177394
0.5124426,0.5124426
0.44114557,0.44114557
0.49617958,0.49617958
0.4653014,0.4653014
0.4832856,0.4832856
0.6131428,0.6131428
0.6081039,0.6081039
0.5832711,0.5832711
0.6197754,0.6197754
0.6371361,0.6371361
0.6169431,0.6169431
0.52735084,0.52735084
0.47991893,0.47991893
0.4459364,0.4459364
0.43627703,0.43627703
0.4226128,0.4226128
0.41658038,0.41658038
0.44879594,0.44879594
0.4465686,0.4465686
0.43662828,0.43662828
0.46290174,0.46290174
0.5651093,0.5651093
0.54672784,0.54672784
0.5603245,0.5603245
0.56945366,0.56945366
0.60033065,0.60033065
0.53431606,0.53431606
0.49926817,0.49926817
0.44557172,0.44557172
0.4191318,0.4191318
0.42678857,0.42678857
0.41756684,0.41756684
0.4219973,0.4219973
0.3911115,0.3911115
0.41230544,0.41230544
0.44589153,0.44589153
0.41635337,0.41635337
0.54450905,0.54450905
0.5381109,0.5381109
0.5746601,0.5746601
0.56394875,0.56394875
0.42848015,0.42848015
0.43197298,0.43197298
0.42579708,0.42579708
0.38486713,0.38486713
0.42708793,0.42708793
0.47487497,0.47487497
0.5165647,0.5165647
0.48112324,0.48112324
0.4910832,0.4910832
0.54079974,0.54079974
0.4995243,0.4995243
0.4990599,0.4990599
0.5315396,0.5315396
0.52226245,0.52226245
0.54682475,0.54682475
0.4689424,0.4689424
0.47870997,0.47870997
0.4548947,0.4548947
0.48475713,0.48475713
0.5018004,0.5018004
0.4503635,0.4503635
0.54332787,0.54332787
0.55595565,0.55595565
0.5718209,0.5718209
0.58294857,0.58294857
0.4777573,0.4777573
0.39043602,0.39043602
0.42288437,0.42288437
0.47500005,0.47500005
0.43061206,0.43061206
0.4216208,0.4216208
0.48152527,0.48152527
0.49766842,0.49766842
0.48580843,0.48580843
0.5052116,0.5052116
0.4746936,0.4746936
0.45239884,0.45239884
0.62799305,0.62799305
0.613437,0.613437
0.61626905,0.61626905
0.5658818,0.5658818
0.4650909,0.4650909
0.40957093,0.40957093
0.4369782,0.4369782
0.44805005,0.44805005
0.46223354,0.46223354
0.4744887,0.4744887
0.47869825,0.47869825
0.5901624,0.5901624
0.5563226,0.5563226
0.5297318,0.5297318
0.5632658,0.5632658
0.61066043,0.61066043
0.61110413,0.61110413
0.62593436,0.62593436
0.55663854,0.55663854
0.46200353,0.46200353
0.50545406,0.50545406
0.449604,0.449604
0.49636096,0.49636096
0.49699932,0.49699932
0.5422676,0.5422676
0.5292779,0.5292779
0.65091157,0.65091157
0.5260066,0.5260066
0.42105737,0.42105737
0.41327277,0.41327277
0.41160235,0.41160235
0.37764502,0.37764502
0.3942803,0.3942803
0.46396628,0.46396628
0.49252152,0.49252152
0.44209808,0.44209808
0.4549645,0.4549645
0.4708316,0.4708316
0.55694115,0.55694115
0.48885658,0.48885658
0.47215143,0.47215143
0.50696576,0.50696576
0.5006051,0.5006051
0.5438658,0.5438658
0.5904729,0.5904729
0.60090894,0.60090894
0.5784265,0.5784265
0.55601877,0.55601877
0.40434584,0.40434584
0.47511914,0.47511914
0.44944453,0.44944453
0.4457641,0.4457641
0.446622,0.446622
0.46601415,0.46601415
0.46546596,0.46546596
0.42229405,0.42229405
0.39510626,0.39510626
0.4192881,0.4192881
0.51990545,0.51990545
0.55712354,0.55712354
0.53593427,0.53593427
0.4199736,0.4199736
0.40352038,0.40352038
0.50895995,0.50895995
0.5434228,0.5434228
0.600266,0.600266
0.5669766,0.5669766
0.45220268,0.45220268
0.48004758,0.48004758
0.50043136,0.50043136
0.5076346,0.5076346
0.5144411,0.5144411
0.525077,0.525077
0.5343577,0.5343577
0.55822915,0.55822915
0.5604511,0.5604511
0.52053475,0.52053475
0.6069594,0.6069594
0.62623316,0.62623316
0.6175842,0.6175842
0.6134484,0.6134484
0.5270257,0.5270257
0.49504492,0.49504492
0.5207625,0.5207625
0.5016067,0.5016067
0.48917264,0.48917264
0.41245088,0.41245088
0.4534382,0.4534382
0.50244564,0.50244564
0.54466546,0.54466546
0.5964951,0.5964951
0.5914224,0.5914224
0.6176603,0.6176603
0.5506946,0.5506946
0.5553558,0.5553558
0.53574204,0.53574204
0.5633083,0.5633083
0.5519238,0.5519238
0.53033125,0.53033125
0.5531001,0.5531001
0.5688411,0.5688411
0.5212832,0.5212832
0.42075846,0.42075846
0.4889893,0.4889893
0.5404968,0.5404968
0.51817185,0.51817185
0.51337606,0.51337606
0.58968556,0.58968556
0.5456736,0.5456736
0.5732464,0.5732464
0.5701127,0.5701127
0.58502895,0.58502895
0.51439095,0.51439095
0.5614829,0.5614829
0.60579413,0.60579413
0.5722765,0.5722765
0.57091385,0.57091385
0.54818654,0.54818654
0.58598596,0.58598596
0.5053161,0.5053161
0.4761725,0.4761725
0.5008782,0.5008782
0.5018298,0.5018298
0.5404324,0.5404324
0.5197988,0.5197988
0.51942325,0.51942325
0.48233822,0.48233822
0.6092497,0.6092497
0.61914223,0.61914223
0.5653262,0.5653262
0.4993683,0.4993683
0.5333843,0.5333843
0.6253413,0.6253413
0.61624753,0.61624753
0.6107621,0.6107621
0.53654695,0.53654695
0.4709195,0.4709195
0.4613452,0.4613452
0.45088223,0.45088223
0.43799844,0.43799844
0.4603403,0.4603403
0.45855334,0.45855334
0.4467457,0.4467457
0.45090285,0.45090285
0.563233,0.563233
0.58684707,0.58684707
0.5575824,0.5575824
0.4843722,0.4843722
0.555338,0.555338
0.5799075,0.5799075
0.55840707,0.55840707
0.60479337,0.60479337
0.6003689,0.6003689
0.6254396,0.6254396
0.52259326,0.52259326
0.51150507,0.51150507
0.49709237,0.49709237
0.47938088,0.47938088
0.5688625,0.5688625
0.5531512,0.5531512
0.5308962,0.5308962
0.48411584,0.48411584
0.5063317,0.5063317
0.50184447,0.50184447
0.5692325,0.5692325
0.57425,0.57425
0.58954376,0.58954376
0.60385114,0.60385114
0.6348873,0.6348873
0.59454304,0.59454304
0.6062829,0.6062829
0.60830593,0.60830593
0.51133335,0.51133335
0.55820215,0.55820215
0.60178727,0.60178727
0.6071287,0.6071287
0.5779686,0.5779686
0.6057089,0.6057089
0.606721,0.606721
0.56653875,0.56653875
0.60067594,0.60067594
0.6065026,0.6065026
0.5939338,0.5939338
0.6295474,0.6295474
0.60582566,0.60582566
0.5871107,0.5871107
0.6207958,0.6207958
0.6119079,0.6119079
0.59248745,0.59248745
0.5787115,0.5787115
0.6187419,0.6187419
0.6517915,0.6517915
0.6418588,0.6418588
0.6251152,0.6251152
0.6179927,0.6179927
0.44223273,0.44223273
0.45174292,0.45174292
0.42995766,0.42995766
0.41687092,0.41687092
0.46864018,0.46864018
0.4595219,0.4595219
0.47037652,0.47037652
0.4830789,0.4830789
0.5009112,0.5009112
0.43147352,0.43147352
0.42517474,0.42517474
0.53212315,0.53212315
0.50643265,0.50643265
0.5524449,0.5524449
0.46776825,0.46776825
0.39670902,0.39670902
0.4002532,0.4002532
0.40304622,0.40304622
0.4674353,0.4674353
0.49388173,0.49388173
0.517631,0.517631
0.4542931,0.4542931
0.5142188,0.5142188
0.48636574,0.48636574
0.48558408,0.48558408
0.4137568,0.4137568
0.43443066,0.43443066
0.4580341,0.4580341
0.41615367,0.41615367
0.41401255,0.41401255
0.5177907,0.5177907
0.5092527,0.5092527
0.54390067,0.54390067
0.6140676,0.6140676
0.5849283,0.5849283
0.5976215,0.5976215
0.58114713,0.58114713
0.56151736,0.56151736
0.57847726,0.57847726
0.5965842,0.5965842
0.49303305,0.49303305
0.47076434,0.47076434
0.49527162,0.49527162
0.52078533,0.52078533
0.49321964,0.49321964
0.54406804,0.54406804
0.5461044,0.5461044
0.52122885,0.52122885
0.5185443,0.5185443
0.50893784,0.50893784
0.51380914,0.51380914
0.52841294,0.52841294
0.533861,0.533861
0.5497658,0.5497658
0.49210438,0.49210438
0.53851986,0.53851986
0.6054702,0.6054702
0.5181333,0.5181333
0.5116235,0.5116235
0.50366414,0.50366414
0.56668967,0.56668967
0.5194131,0.5194131
0.5044183,0.5044183
0.53235626,0.53235626
0.46745133,0.46745133
0.5311835,0.5311835
0.48726726,0.48726726
0.45474127,0.45474127
0.4819775,0.4819775
0.614144,0.614144
0.5581654,0.5581654
0.4724984,0.4724984
0.52928346,0.52928346
0.5061537,0.5061537
0.59186894,0.59186894
0.63811994,0.63811994
0.54622734,0.54622734
0.5964796,0.5964796
0.5392868,0.5392868
0.5514985,0.5514985
0.5129689,0.5129689
0.5149821,0.5149821
0.5757417,0.5757417
0.5604296,0.5604296
0.5534474,0.5534474
0.57293606,0.57293606
0.5791357,0.5791357
0.54127127,0.54127127
0.55678856,0.55678856
0.5575054,0.5575054
0.52162844,0.52162844
0.58988136,0.58988136
0.5751802,0.5751802
0.5612794,0.5612794
0.50360084,0.50360084
0.560311,0.560311
0.56710106,0.56710106
0.57177716,0.57177716
0.57794327,0.57794327
0.5793763,0.5793763
0.5676053,0.5676053
0.5853315,0.5853315
0.5576458,0.5576458
0.507972,0.507972
0.5111184,0.5111184
0.5155712,0.5155712
0.54882973,0.54882973
0.5572292,0.5572292
0.54254955,0.54254955
0.5504226,0.5504226
0.5684058,0.5684058
0.56338024,0.56338024
0.53006655,0.53006655
0.545698,0.545698
0.58365774,0.58365774
0.5589219,0.5589219
0.55823576,0.55823576
0.593478,0.593478
0.6081248,0.6081248
0.55720544,0.55720544
0.570305,0.570305
0.55620307,0.55620307
0.5646928,0.5646928
0.61969125,0.61969125
0.55839115,0.55839115
0.5898116,0.5898116
0.57313204,0.57313204
0.52278966,0.52278966
0.3848836,0.3848836
0.42537558,0.42537558
0.45223683,0.45223683
0.4445564,0.4445564
0.4560158,0.4560158
0.5278219,0.5278219
0.6129656,0.6129656
0.6462935,0.6462935
0.57129306,0.57129306
0.44954085,0.44954085
0.4415472,0.4415472
0.5004854,0.5004854
0.46670976,0.46670976
0.55832976,0.55832976
0.58220935,0.58220935
0.59683174,0.59683174
0.6359661,0.6359661
0.6355263,0.6355263
0.63682926,0.63682926
0.59929866,0.59929866
0.57559645,0.57559645
0.6036397,0.6036397
0.5981336,0.5981336
0.5896002,0.5896002
0.5789638,0.5789638
0.44624048,0.44624048
0.41157147,0.41157147
0.42195055,0.42195055
0.4830175,0.4830175
0.47354597,0.47354597
0.5425009,0.5425009
0.44990563,0.44990563
0.41164708,0.41164708
0.46279833,0.46279833
0.5647506,0.5647506
0.5351027,0.5351027
0.38794196,0.38794196
0.45443666,0.45443666
0.42545915,0.42545915
0.50297403,0.50297403
0.5533359,0.5533359
0.41062385,0.41062385
0.5327024,0.5327024
0.57376456,0.57376456
0.54535353,0.54535353
0.6084723,0.6084723
0.5082651,0.5082651
0.38210058,0.38210058
0.38980806,0.38980806
0.42261797,0.42261797
0.5682294,0.5682294
0.54943895,0.54943895
0.5394716,0.5394716
0.399155,0.399155
0.50717133,0.50717133
0.55303913,0.55303913
0.5198674,0.5198674
0.5827916,0.5827916
0.6105628,0.6105628
0.5060222,0.5060222
0.48012462,0.48012462
0.4799921,0.4799921
0.47386378,0.47386378
0.54409957,0.54409957
0.5393336,0.5393336
0.47820017,0.47820017
0.46916136,0.46916136
0.46526352,0.46526352
0.48886365,0.48886365
0.51221156,0.51221156
0.53677475,0.53677475
0.54191005,0.54191005
0.49413392,0.49413392
0.5130332,0.5130332
0.5460267,0.5460267
0.52958417,0.52958417
0.47941083,0.47941083
0.46316418,0.46316418
0.55107,0.55107
0.5156584,0.5156584
0.5505688,0.5505688
0.5322382,0.5322382
0.4791702,0.4791702
0.49758676,0.49758676
0.5405177,0.5405177
0.4947422,0.4947422
0.433997,0.433997
0.47410613,0.47410613
0.5267989,0.5267989
0.48651305,0.48651305
0.5257638,0.5257638
0.46647477,0.46647477
0.43543088,0.43543088
0.45612895,0.45612895
0.60867256,0.60867256
0.62760854,0.62760854
0.5834177,0.5834177
0.43892068,0.43892068
0.47638732,0.47638732
0.54402024,0.54402024
0.5688808,0.5688808
0.5457417,0.5457417
0.4270137,0.4270137
0.50413156,0.50413156
0.51765996,0.51765996
0.49043965,0.49043965
0.5019234,0.5019234
0.53689927,0.53689927
0.57199484,0.57199484
0.63048345,0.63048345
0.59130496,0.59130496
0.61988884,0.61988884
0.5390841,0.5390841
0.51356614,0.51356614
0.47775802,0.47775802
0.44574443,0.44574443
0.4676062,0.4676062
0.5380388,0.5380388
0.53202015,0.53202015
0.5595087,0.5595087
0.47075477,0.47075477
0.567906,0.567906
0.6047903,0.6047903
0.5672682,0.5672682
0.5256246,0.5256246
0.42341915,0.42341915
0.43145645,0.43145645
0.4149188,0.4149188
0.4360641,0.4360641
0.42334688,0.42334688
0.43481946,0.43481946
0.48072314,0.48072314
0.5717948,0.5717948
0.52345717,0.52345717
0.5543196,0.5543196
0.51185894,0.51185894
0.58302605,0.58302605
0.59490865,0.59490865
0.56942785,0.56942785
0.51604855,0.51604855
0.5541726,0.5541726
0.5365636,0.5365636
0.53667194,0.53667194
0.5799429,0.5799429
0.5756194,0.5756194
0.6318937,0.6318937
0.6432558,0.6432558
0.5967748,0.5967748
0.5415923,0.5415923
0.56642574,0.56642574
0.5779814,0.5779814
0.5706146,0.5706146
0.5765388,0.5765388
0.5723406,0.5723406
0.5981751,0.5981751
0.5492452,0.5492452
0.53313404,0.53313404
0.5952217,0.5952217
0.625582,0.625582
0.61624575,0.61624575
0.59620064,0.59620064
0.59148747,0.59148747
0.5164421,0.5164421
0.5759201,0.5759201
0.55991954,0.55991954
0.5066469,0.5066469
0.52974063,0.52974063
0.48785135,0.48785135
0.5370456,0.5370456
0.5542772,0.5542772
0.4944102,0.4944102
0.55444944,0.55444944
0.46709886,0.46709886
0.5092389,0.5092389
0.5476792,0.5476792
0.55609757,0.55609757
0.58512115,0.58512115
0.5818241,0.5818241
0.5861145,0.5861145
0.5845095,0.5845095
0.5800437,0.5800437
0.49599126,0.49599126
0.40214393,0.40214393
0.43793574,0.43793574
0.43957227,0.43957227
0.50833434,0.50833434
0.5496649,0.5496649
0.46945348,0.46945348
0.45577708,0.45577708
0.45141214,0.45141214
0.530401,0.530401
0.5150308,0.5150308
0.4717115,0.4717115
0.5642404,0.5642404
0.5718297,0.5718297
0.57246435,0.57246435
0.5028985,0.5028985
0.5567072,0.5567072
0.5870245,0.5870245
0.58842987,0.58842987
0.6202375,0.6202375
0.59139216,0.59139216
0.50986636,0.50986636
0.50127614,0.50127614
0.43561274,0.43561274
0.41699657,0.41699657
0.47025648,0.47025648
0.5311436,0.5311436
0.5667797,0.5667797
0.6318575,0.6318575
0.59264576,0.59264576
0.5397839,0.5397839
0.5166918,0.5166918
0.5137093,0.5137093
0.48864308,0.48864308
0.490547,0.490547
0.49088618,0.49088618
0.55369216,0.55369216
0.5447235,0.5447235
0.5812383,0.5812383
0.57863265,0.57863265
0.57431924,0.57431924
0.55592424,0.55592424
0.508142,0.508142
0.4292809,0.4292809
0.49455684,0.49455684
0.5847315,0.5847315
0.5146552,0.5146552
0.5373912,0.5373912
0.5416183,0.5416183
0.5310075,0.5310075
0.45697984,0.45697984
0.4467686,0.4467686
0.5185928,0.5185928
0.61182415,0.61182415
0.5934959,0.5934959
0.58986163,0.58986163
0.59252274,0.59252274
0.622344,0.622344
0.6367065,0.6367065
0.61140805,0.61140805
0.5620175,0.5620175
0.59041786,0.59041786
0.6179245,0.6179245
0.6223074,0.6223074
0.56828034,0.56828034
0.54270345,0.54270345
0.56356025,0.56356025
0.54723686,0.54723686
0.5644247,0.5644247
0.60251963,0.60251963
0.61395955,0.61395955
0.5094199,0.5094199
0.59888387,0.59888387
0.60409504,0.60409504
0.61768574,0.61768574
0.5831235,0.5831235
0.5513539,0.5513539
0.52846295,0.52846295
0.5331668,0.5331668
0.503119,0.503119
0.4822387,0.4822387
0.62209225,0.62209225
0.5303238,0.5303238
0.48127887,0.48127887
0.4730221,0.4730221
0.44395876,0.44395876
0.41096023,0.41096023
0.46200144,0.46200144
0.49324116,0.49324116
0.56137806,0.56137806
0.57523054,0.57523054
0.4661283,0.4661283
0.38946977,0.38946977
0.44845575,0.44845575
0.43686578,0.43686578
0.4402604,0.4402604
0.4698455,0.4698455
0.4821582,0.4821582
0.47614086,0.47614086
0.449657,0.449657
0.41550753,0.41550753
0.40836057,0.40836057
0.42197514,0.42197514
0.45808247,0.45808247
0.52401644,0.52401644
0.48877954,0.48877954
0.5738908,0.5738908
0.5516251,0.5516251
0.56244576,0.56244576
0.6544002,0.6544002
0.57965684,0.57965684
0.51316357,0.51316357
0.4773307,0.4773307
0.545636,0.545636
0.5339004,0.5339004
0.61511356,0.61511356
0.6237396,0.6237396
0.6212418,0.6212418
0.5791285,0.5791285
0.5899364,0.5899364
0.57727206,0.57727206
0.59589064,0.59589064
0.59477705,0.59477705
0.5876338,0.5876338
0.5977651,0.5977651
0.63033456,0.63033456
0.5917821,0.5917821
0.55942136,0.55942136
0.56731224,0.56731224
0.5475532,0.5475532
0.60090744,0.60090744
0.59491944,0.59491944
0.54087996,0.54087996
0.49028808,0.49028808
0.50715154,0.50715154
0.49549136,0.49549136
0.45088023,0.45088023
0.44888437,0.44888437
0.49903002,0.49903002
0.4850654,0.4850654
0.49671456,0.49671456
0.5378061,0.5378061
0.47655785,0.47655785
0.47738686,0.47738686
0.46144378,0.46144378
0.48322207,0.48322207
0.5138328,0.5138328
0.5780088,0.5780088
0.46724495,0.46724495
0.5085822,0.5085822
0.4636758,0.4636758
0.42937392,0.42937392
0.5023627,0.5023627
0.5489309,0.5489309
0.43335155,0.43335155
0.47758555,0.47758555
0.46504208,0.46504208
0.54407966,0.54407966
0.5612388,0.5612388
0.4427341,0.4427341
0.529007,0.529007
0.50905585,0.50905585
0.47137228,0.47137228
0.5428737,0.5428737
0.41391224,0.41391224
0.44780186,0.44780186
0.46730134,0.46730134
0.49842906,0.49842906
0.46882463,0.46882463
0.46472123,0.46472123
0.5243008,0.5243008
0.5147888,0.5147888
0.4592054,0.4592054
0.45845163,0.45845163
0.48679098,0.48679098
0.52308875,0.52308875
0.49883494,0.49883494
0.4241685,0.4241685
0.50073045,0.50073045
0.5324643,0.5324643
0.51940364,0.51940364
0.599948,0.599948
0.54265386,0.54265386
0.5158148,0.5158148
0.47984764,0.47984764
0.47269866,0.47269866
0.40260395,0.40260395
0.4414583,0.4414583
0.4883326,0.4883326
0.4254753,0.4254753
0.47121072,0.47121072
0.5556101,0.5556101
0.5864475,0.5864475
0.57749104,0.57749104
0.49986014,0.49986014
0.4691562,0.4691562
0.4490659,0.4490659
0.43803436,0.43803436
0.42521268,0.42521268
0.4137861,0.4137861
0.39700896,0.39700896
0.46907586,0.46907586
0.5248835,0.5248835
0.5790966,0.5790966
0.61254114,0.61254114
0.606422,0.606422
0.58964854,0.58964854
0.60321987,0.60321987
0.64526594,0.64526594
0.60089916,0.60089916
0.5960416,0.5960416
0.56346834,0.56346834
0.60162514,0.60162514
0.59667176,0.59667176
0.5978438,0.5978438
0.5989047,0.5989047
0.6022519,0.6022519
0.60526764,0.60526764
0.56567764,0.56567764
0.44243434,0.44243434
0.5226487,0.5226487
0.5689761,0.5689761
0.48157528,0.48157528
0.53367317,0.53367317
0.52786994,0.52786994
0.5464775,0.5464775
0.44379202,0.44379202
0.49571338,0.49571338
0.49240178,0.49240178
0.49973124,0.49973124
0.39975736,0.39975736
0.47004756,0.47004756
0.52404994,0.52404994
0.50368243,0.50368243
0.54973733,0.54973733
0.5128391,0.5128391
0.55883306,0.55883306
0.57971877,0.57971877
0.5579714,0.5579714
0.5891771,0.5891771
0.52952236,0.52952236
0.5914761,0.5914761
0.5853722,0.5853722
0.5870254,0.5870254
0.58076483,0.58076483
0.48651192,0.48651192
0.48138392,0.48138392
0.56531924,0.56531924
0.52026945,0.52026945
0.44445077,0.44445077
0.4805258,0.4805258
0.51831096,0.51831096
0.40711448,0.40711448
0.4450844,0.4450844
0.47735953,0.47735953
0.5036229,0.5036229
0.47254717,0.47254717
0.44069144,0.44069144
0.47434863,0.47434863
0.47607198,0.47607198
0.512817,0.512817
0.5669813,0.5669813
0.6349325,0.6349325
0.607018,0.607018
0.6230282,0.6230282
0.6276223,0.6276223
0.60743165,0.60743165
0.6245723,0.6245723
0.62241125,0.62241125
0.60897124,0.60897124
0.61333543,0.61333543
0.59424627,0.59424627
0.5464322,0.5464322
0.5816965,0.5816965
0.5516988,0.5516988
0.51662385,0.51662385
0.5016703,0.5016703
0.5158321,0.5158321
0.53577495,0.53577495
0.52395856,0.52395856
0.5372335,0.5372335
0.58176315,0.58176315
0.5472406,0.5472406
0.5520174,0.5520174
0.51643264,0.51643264
0.5241149,0.5241149
0.6222342,0.6222342
0.58018816,0.58018816
0.59691393,0.59691393
0.60770303,0.60770303
0.57991296,0.57991296
0.57607955,0.57607955
0.6072081,0.6072081
0.5664322,0.5664322
0.55885357,0.55885357
0.5520518,0.5520518
0.5625072,0.5625072
0.5840539,0.5840539
0.6112997,0.6112997
0.6196509,0.6196509
0.61197263,0.61197263
0.60636055,0.60636055
0.60215515,0.60215515
0.60641646,0.60641646
0.6010025,0.6010025
0.58475244,0.58475244
0.6033958,0.6033958
0.62404746,0.62404746
0.57941604,0.57941604
0.596288,0.596288
0.60120744,0.60120744
0.58460087,0.58460087
0.57118696,0.57118696
0.61355865,0.61355865
0.59292513,0.59292513
0.606539,0.606539
0.6237604,0.6237604
0.6121338,0.6121338
0.5422215,0.5422215
0.42111272,0.42111272
0.43684638,0.43684638
0.49687326,0.49687326
0.54391545,0.54391545
0.5718134,0.5718134
0.5192895,0.5192895
0.52778316,0.52778316
0.52778316,0.52778316
0.52778316,0.52778316
0.52778316,0.52778316
0.52778316,0.52778316
0.52778316,0.52778316
0.52778316,0.52778316
0.52778316,0.52778316
0.52778316,0.52778316
0.52778316,0.52778316
0.52778316,0.52778316
0.52778316,0.52778316
0.52778316,0.52778316
0.52875537,0.52875537
0.51677597,0.51677597
0.46722552,0.46722552
0.4600876,0.4600876
0.4834728,0.4834728
0.46326822,0.46326822
0.40373677,0.40373677
0.45580217,0.45580217
0.44600514,0.44600514
0.52808726,0.52808726
0.53858596,0.53858596
0.41236544,0.41236544
0.4292208,0.4292208
0.46259668,0.46259668
0.4653573,0.4653573
0.42941752,0.42941752
0.43238175,0.43238175
0.37490064,0.37490064
0.38985023,0.38985023
0.4223754,0.4223754
0.47295287,0.47295287
0.45737788,0.45737788
0.46721083,0.46721083
0.48083037,0.48083037
0.50444674,0.50444674
0.47732934,0.47732934
0.47200167,0.47200167
0.44922957,0.44922957
0.52199244,0.52199244
0.5467383,0.5467383
0.52778316,0.52778316
0.52778316,0.52778316
0.52778316,0.52778316
0.52778316,0.52778316
0.52976376,0.52976376
0.5060174,0.5060174
0.4231778,0.4231778
0.44849765,0.44849765
0.47603953,0.47603953
0.4550686,0.4550686
0.42900884,0.42900884
0.48563996,0.48563996
0.48427165,0.48427165
0.45769605,0.45769605
0.4369431,0.4369431
0.5301348,0.5301348
0.5401738,0.5401738
0.46109366,0.46109366
0.41355065,0.41355065
0.43608332,0.43608332
0.48202792,0.48202792
0.5101654,0.5101654
0.51615554,0.51615554
0.47657064,0.47657064
0.46448854,0.46448854
0.47421744,0.47421744
0.4152921,0.4152921
0.4167376,0.4167376
0.36083946,0.36083946
0.409311,0.409311
0.51676923,0.51676923
0.5133664,0.5133664
0.4478474,0.4478474
0.45829773,0.45829773
0.49752134,0.49752134
0.45637158,0.45637158
0.49223256,0.49223256
0.45126075,0.45126075
0.529904,0.529904
0.52778316,0.52778316
0.52778316,0.52778316
0.52778316,0.52778316
0.52778316,0.52778316
0.52778316,0.52778316
0.52778316,0.52778316
0.52778316,0.52778316
0.52778316,0.52778316
0.52778316,0.52778316
0.52778316,0.52778316
0.52778316,0.52778316
0.52778316,0.52778316
0.52778316,0.52778316
0.52778316,0.52778316
0.52778316,0.52778316
0.52778316,0.52778316
0.52778316,0.52778316
0.52778316,0.52778316
0.52778316,0.52778316
0.52778316,0.52778316
0.52778316,0.52778316
0.52778316,0.52778316
0.52778316,0.52778316
0.52778316,0.52778316
0.52778316,0.52778316
0.52778316,0.52778316
0.52778316,0.52778316
0.52778316,0.52778316
0.52778316,0.52778316
0.52778316,0.52778316
0.52778316,0.52778316
0.52778316,0.52778316
0.52778316,0.52778316
0.52778316,0.52778316
0.52778316,0.52778316
0.52778316,0.52778316
0.52778316,0.52778316
0.52778316,0.52778316
0.52778316,0.52778316
0.52778316,0.52778316
0.52778316,0.52778316
0.52778316,0.52778316
0.52778316,0.52778316
0.52778316,0.52778316
0.52778316,0.52778316
0.52778316,0.52778316
0.52778316,0.52778316
0.52778316,0.52778316
0.52778316,0.52778316
0.52778316,0.52778316
0.52778316,0.52778316
0.52778316,0.52778316
0.52778316,0.52778316
0.52778316,0.52778316
0.52778316,0.52778316
0.52778316,0.52778316
0.52778316,0.52778316
0.52778316,0.52778316
0.52778316,0.52778316
0.52778316,0.52778316
0.52778316,0.52778316
0.52778316,0.52778316
0.52778316,0.52778316
0.52778316,0.52778316
0.52778316,0.52778316
0.52778316,0.52778316
0.52778316,0.52778316
0.52778316,0.52778316
0.52778316,0.52778316
0.52778316,0.52778316
0.52778316,0.52778316
0.52778316,0.52778316
0.52778316,0.52778316
0.52778316,0.52778316
0.52778316,0.52778316
0.52778316,0.52778316
0.52778316,0.52778316
0.52778316,0.52778316
0.5298479,0.5298479
0.55858994,0.55858994
0.6296208,0.6296208
0.63466024,0.63466024
0.59736365,0.59736365
0.5921668,0.5921668
0.6149355,0.6149355
0.62666065,0.62666065
0.61746216,0.61746216
0.613425,0.613425
0.5866293,0.5866293
0.59140295,0.59140295
0.6383326,0.6383326
0.5986898,0.5986898
0.59168804,0.59168804
0.6117232,0.6117232
0.6323541,0.6323541
0.61231875,0.61231875
0.5724925,0.5724925
0.59458435,0.59458435
0.6272057,0.6272057
0.6386862,0.6386862
0.61623496,0.61623496
0.57368875,0.57368875
0.59225404,0.59225404
0.6256086,0.6256086
0.56226945,0.56226945
0.5900725,0.5900725
0.59680897,0.59680897
0.5530923,0.5530923
0.62585086,0.62585086
0.6241689,0.6241689
0.6303242,0.6303242
0.6246761,0.6246761
0.559955,0.559955
0.47477466,0.47477466
0.5667627,0.5667627
0.5715824,0.5715824
0.48066694,0.48066694
0.46303612,0.46303612
0.548611,0.548611
0.45231426,0.45231426
0.4285869,0.4285869
0.42967322,0.42967322
0.46319357,0.46319357
0.5161191,0.5161191
0.48250768,0.48250768
0.4909169,0.4909169
0.459719,0.459719
0.44911698,0.44911698
0.43726397,0.43726397
0.47228798,0.47228798
0.48357078,0.48357078
0.44519678,0.44519678
0.4572629,0.4572629
0.44664067,0.44664067
0.4537292,0.4537292
0.50967455,0.50967455
0.52778316,0.52778316
0.52778316,0.52778316
0.52778316,0.52778316
0.52778316,0.52778316
0.52778316,0.52778316
0.52778316,0.52778316
0.52778316,0.52778316
0.52778316,0.52778316
0.52778316,0.52778316
0.52778316,0.52778316
0.52778316,0.52778316
0.52778316,0.52778316
0.52778316,0.52778316
0.52778316,0.52778316
0.52778316,0.52778316
0.52778316,0.52778316
0.52778316,0.52778316
0.52778316,0.52778316
0.52778316,0.52778316
0.5253429,0.5253429
0.4769224,0.4769224
0.40519843,0.40519843
0.52213246,0.52213246
0.50533265,0.50533265
0.5039435,0.5039435
0.5065013,0.5065013
0.45472568,0.45472568
0.50411564,0.50411564
0.47206712,0.47206712
0.40523726,0.40523726
0.41434142,0.41434142
0.5042459,0.5042459
0.49938804,0.49938804
0.45685318,0.45685318
0.4720524,0.4720524
0.44137678,0.44137678
0.42525178,0.42525178
0.4912867,0.4912867
0.46723562,0.46723562
0.45685637,0.45685637
0.40886378,0.40886378
0.460501,0.460501
0.38582623,0.38582623
0.4633578,0.4633578
0.46867958,0.46867958
0.44233125,0.44233125
0.2773936,0.2773936
0.3180331,0.3180331
0.38521308,0.38521308
0.42609265,0.42609265
0.5167609,0.5167609
0.4908251,0.4908251
0.43093714,0.43093714
0.37824702,0.37824702
0.43906975,0.43906975
0.4138465,0.4138465
0.45182395,0.45182395
0.41206947,0.41206947
0.5490771,0.5490771
0.48610938,0.48610938
0.38424727,0.38424727
0.34808224,0.34808224
0.39093575,0.39093575
0.43166023,0.43166023
0.45314625,0.45314625
0.46041137,0.46041137
0.47450793,0.47450793
0.48545456,0.48545456
0.47596258,0.47596258
0.5229683,0.5229683
0.6062927,0.6062927
0.51401675,0.51401675
0.5124737,0.5124737
0.48139423,0.48139423
0.52414703,0.52414703
0.508744,0.508744
0.46682388,0.46682388
0.5360435,0.5360435
0.5053855,0.5053855
0.501098,0.501098
0.51575625,0.51575625
0.37416333,0.37416333
0.43992853,0.43992853
0.44016713,0.44016713
0.4181971,0.4181971
0.43895018,0.43895018
0.48837727,0.48837727
0.467605,0.467605
0.489711,0.489711
0.48823613,0.48823613
0.5230327,0.5230327
0.5366149,0.5366149
0.4753544,0.4753544
0.5094637,0.5094637
0.5199874,0.5199874
0.53259504,0.53259504
0.47205806,0.47205806
0.5472219,0.5472219
0.5443,0.5443
0.52778316,0.52778316
0.52778316,0.52778316
0.52778316,0.52778316
0.52778316,0.52778316
0.52778316,0.52778316
0.52778316,0.52778316
0.52778316,0.52778316
0.52778316,0.52778316
0.52778316,0.52778316
0.52778316,0.52778316
0.52778316,0.52778316
0.5302523,0.5302523
0.5239472,0.5239472
0.531221,0.531221
0.5885014,0.5885014
0.4457102,0.4457102
0.4530835,0.4530835
0.43860555,0.43860555
0.47342482,0.47342482
0.47117084,0.47117084
0.4735527,0.4735527
0.47534478,0.47534478
0.441185,0.441185
0.44747892,0.44747892
0.44212988,0.44212988
0.49541122,0.49541122
0.52778316,0.52778316
0.52778316,0.52778316
0.52778316,0.52778316
0.52778316,0.52778316
0.52778316,0.52778316
0.536896,0.536896
0.5357655,0.5357655
0.4625582,0.4625582
0.47957793,0.47957793
0.57876563,0.57876563
0.6310786,0.6310786
0.6320351,0.6320351
0.5252054,0.5252054
0.40846032,0.40846032
0.4232923,0.4232923
0.48854548,0.48854548
0.5145281,0.5145281
0.506082,0.506082
0.48582393,0.48582393
0.51540655,0.51540655
0.50616676,0.50616676
0.55116147,0.55116147
0.5234604,0.5234604
0.45637935,0.45637935
0.44508287,0.44508287
0.46742517,0.46742517
0.4781887,0.4781887
0.47106892,0.47106892
0.53106916,0.53106916
0.52778316,0.52778316
0.52778316,0.52778316
0.52778316,0.52778316
0.52778316,0.52778316
0.52778316,0.52778316
0.52778316,0.52778316
0.52778316,0.52778316
0.52778316,0.52778316
0.52778316,0.52778316
0.52778316,0.52778316
0.52778316,0.52778316
0.52778316,0.52778316
0.52778316,0.52778316
0.52778316,0.52778316
0.52778316,0.52778316
0.52778316,0.52778316
0.52778316,0.52778316
0.52500606,0.52500606
0.498597,0.498597
0.47294557,0.47294557
0.5533327,0.5533327
0.5674758,0.5674758
0.47120115,0.47120115
0.41874376,0.41874376
0.45085222,0.45085222
0.45425627,0.45425627
0.46192527,0.46192527
0.4230719,0.4230719
0.41717654,0.41717654
0.44427443,0.44427443
0.42801368,0.42801368
0.43856883,0.43856883
0.47222942,0.47222942
0.56907725,0.56907725
0.5045142,0.5045142
0.45005864,0.45005864
0.4489299,0.4489299
0.47373998,0.47373998
0.56237745,0.56237745
0.4670461,0.4670461
0.50330275,0.50330275
0.5149645,0.5149645
0.48857126,0.48857126
0.48197895,0.48197895
0.48594126,0.48594126
0.4204064,0.4204064
0.3140148,0.3140148
0.38275382,0.38275382
0.46094707,0.46094707
0.46179518,0.46179518
0.49560285,0.49560285
0.3887576,0.3887576
0.45301464,0.45301464
0.56310934,0.56310934
0.5793038,0.5793038
0.55254096,0.55254096
0.5067301,0.5067301
0.4199509,0.4199509
0.46300322,0.46300322
0.5354913,0.5354913
0.5008169,0.5008169
0.47523004,0.47523004
0.5748658,0.5748658
0.5180055,0.5180055
0.4399273,0.4399273
0.45151564,0.45151564
0.49535653,0.49535653
0.3532287,0.3532287
0.4469135,0.4469135
0.5142599,0.5142599
0.47483182,0.47483182
0.43199933,0.43199933
0.45819813,0.45819813
0.53718525,0.53718525
0.5454791,0.5454791
0.48825616,0.48825616
0.33011842,0.33011842
0.3649117,0.3649117
0.51099724,0.51099724
0.49904603,0.49904603
0.56297076,0.56297076
0.45677274,0.45677274
0.4110398,0.4110398
0.49870652,0.49870652
0.43360123,0.43360123
0.39306197,0.39306197
0.462435,0.462435
0.5427786,0.5427786
0.47103497,0.47103497
0.48278964,0.48278964
0.54717386,0.54717386
0.49629736,0.49629736
0.46859214,0.46859214
0.45225364,0.45225364
0.5129756,0.5129756
0.4855539,0.4855539
0.4801242,0.4801242
0.5455512,0.5455512
0.5323404,0.5323404
0.525818,0.525818
0.52778316,0.52778316
0.52778316,0.52778316
0.52778316,0.52778316
0.52778316,0.52778316
0.52778316,0.52778316
0.52778316,0.52778316
0.52778316,0.52778316
0.52778316,0.52778316
0.52778316,0.52778316
0.52778316,0.52778316
0.52778316,0.52778316
0.52778316,0.52778316
0.52778316,0.52778316
0.52778316,0.52778316
0.52778316,0.52778316
0.52778316,0.52778316
0.52778316,0.52778316
0.52778316,0.52778316
0.52778316,0.52778316
0.52778316,0.52778316
0.52778316,0.52778316
0.52778316,0.52778316
0.52778316,0.52778316
0.52778316,0.52778316
0.52778316,0.52778316
0.52778316,0.52778316
0.52778316,0.52778316
0.52778316,0.52778316
0.52778316,0.52778316
0.52778316,0.52778316
0.52778316,0.52778316
0.52778316,0.52778316
0.52778316,0.52778316
0.52778316,0.52778316
0.52778316,0.52778316
0.52778316,0.52778316
0.52778316,0.52778316
0.52778316,0.52778316
0.52778316,0.52778316
0.52778316,0.52778316
0.52778316,0.52778316
0.52778316,0.52778316
0.54526484,0.54526484
0.52463984,0.52463984
0.38529608,0.38529608
0.4535559,0.4535559
0.46279293,0.46279293
0.4171283,0.4171283
0.37471068,0.37471068
0.3686233,0.3686233
0.42615184,0.42615184
0.52043027,0.52043027
0.509285,0.509285
0.53069633,0.53069633
0.57189244,0.57189244
0.50330955,0.50330955
0.5083277,0.5083277
0.45270306,0.45270306
0.42507106,0.42507106
0.40415937,0.40415937
0.42231575,0.42231575
0.4635252,0.4635252
0.5056946,0.5056946
0.48304358,0.48304358
0.4963231,0.4963231
0.47909144,0.47909144
0.499642,0.499642
0.5283335,0.5283335
0.48453036,0.48453036
0.52778316,0.52778316
0.52778316,0.52778316
0.52778316,0.52778316
0.52778316,0.52778316
0.52778316,0.52778316
0.52778316,0.52778316
0.52778316,0.52778316
0.52778316,0.52778316
0.52778316,0.52778316
0.52778316,0.52778316
0.52778316,0.52778316
0.52778316,0.52778316
0.52778316,0.52778316
0.52778316,0.52778316
0.52778316,0.52778316
0.52778316,0.52778316
0.52778316,0.52778316
0.5293227,0.5293227
0.51994485,0.51994485
0.5121707,0.5121707
0.5595678,0.5595678
0.5201317,0.5201317
0.4563483,0.4563483
0.3549777,0.3549777
0.46033305,0.46033305
0.4924725,0.4924725
0.5047453,0.5047453
0.47168636,0.47168636
0.395326,0.395326
0.38928485,0.38928485
0.39706144,0.39706144
0.49645528,0.49645528
0.40318078,0.40318078
0.40890884,0.40890884
0.4351007,0.4351007
0.42875218,0.42875218
0.43323,0.43323
0.4695487,0.4695487
0.50926656,0.50926656
0.5861895,0.5861895
0.64525926,0.64525926
0.66559756,0.66559756
0.63489276,0.63489276
0.5667929,0.5667929
0.49757206,0.49757206
0.40682378,0.40682378
0.4377285,0.4377285
0.46888328,0.46888328
0.5010462,0.5010462
0.55755055,0.55755055
0.63847625,0.63847625
0.6586107,0.6586107
0.63039553,0.63039553
0.54695094,0.54695094
0.4683363,0.4683363
0.50416845,0.50416845
0.47726053,0.47726053
0.44388738,0.44388738
0.5112982,0.5112982
0.52422446,0.52422446
0.5067541,0.5067541
0.4988297,0.4988297
0.5327284,0.5327284
0.53944033,0.53944033
0.52778316,0.52778316
0.52778316,0.52778316
0.52778316,0.52778316
0.52778316,0.52778316
0.52778316,0.52778316
0.52778316,0.52778316
0.52778316,0.52778316
0.52778316,0.52778316
0.52778316,0.52778316
0.52778316,0.52778316
0.52778316,0.52778316
0.52778316,0.52778316
0.52778316,0.52778316
0.52778316,0.52778316
0.52778316,0.52778316
0.52778316,0.52778316
0.52778316,0.52778316
0.52778316,0.52778316
0.52778316,0.52778316
0.52778316,0.52778316
0.52778316,0.52778316
0.52778316,0.52778316
0.52778316,0.52778316
0.52778316,0.52778316
0.52778316,0.52778316
0.52778316,0.52778316
0.52778316,0.52778316
0.52778316,0.52778316
0.52778316,0.52778316
0.52778316,0.52778316
0.52778316,0.52778316
0.52778316,0.52778316
0.52778316,0.52778316
0.52778316,0.52778316
0.52778316,0.52778316
0.52778316,0.52778316
0.52778316,0.52778316
0.52778316,0.52778316
0.52778316,0.52778316
0.52778316,0.52778316
0.52778316,0.52778316
0.5322561,0.5322561
0.5144545,0.5144545
0.42136437,0.42136437
0.3770094,0.3770094
0.40126663,0.40126663
0.39070114,0.39070114
0.42531276,0.42531276
0.437855,0.437855
0.43735996,0.43735996
0.45075202,0.45075202
0.45389825,0.45389825
0.46844092,0.46844092
0.40583795,0.40583795
0.4132302,0.4132302
0.44084376,0.44084376
0.43002224,0.43002224
0.3563576,0.3563576
0.43569782,0.43569782
0.5488213,0.5488213
0.56764823,0.56764823
0.70838904,0.70838904
0.6622073,0.6622073
0.49226817,0.49226817
0.47770348,0.47770348
0.51603776,0.51603776
0.5379673,0.5379673
0.50508356,0.50508356
0.51426554,0.51426554
0.51595324,0.51595324
0.5396806,0.5396806
0.5222202,0.5222202
0.5107018,0.5107018
0.55217254,0.55217254
0.52778316,0.52778316
0.52778316,0.52778316
0.5305293,0.5305293
0.519533,0.519533
0.44860584,0.44860584
0.38295525,0.38295525
0.38888055,0.38888055
0.38152957,0.38152957
0.3908599,0.3908599
0.4153654,0.4153654
0.39504424,0.39504424
0.35732695,0.35732695
0.4126851,0.4126851
0.50310624,0.50310624
0.5637525,0.5637525
0.5324127,0.5324127
0.5659251,0.5659251
0.47333154,0.47333154
0.34336632,0.34336632
0.4321617,0.4321617
0.5593009,0.5593009
0.55170304,0.55170304
0.54683715,0.54683715
0.591943,0.591943
0.608892,0.608892
0.5444085,0.5444085
0.4704962,0.4704962
0.42148834,0.42148834
0.4131643,0.4131643
0.4881153,0.4881153
0.51905024,0.51905024
0.40993863,0.40993863
0.46562594,0.46562594
0.5032657,0.5032657
0.5701588,0.5701588
0.61246747,0.61246747
0.5697208,0.5697208
0.50298095,0.50298095
0.47647747,0.47647747
0.555034,0.555034
0.5315606,0.5315606
0.5460349,0.5460349
0.5117204,0.5117204
0.5001543,0.5001543
0.48141688,0.48141688
0.42262927,0.42262927
0.42937005,0.42937005
0.5470059,0.5470059
0.62603056,0.62603056
0.68198806,0.68198806
0.535435,0.535435
0.5258017,0.5258017
0.5439048,0.5439048
0.5028222,0.5028222
0.4712297,0.4712297
0.48236614,0.48236614
0.49184746,0.49184746
0.5058483,0.5058483
0.4944966,0.4944966
0.5085449,0.5085449
0.48135915,0.48135915
0.47653544,0.47653544
0.50057846,0.50057846
0.52778316,0.52778316
0.52778316,0.52778316
0.52778316,0.52778316
0.52778316,0.52778316
0.52778316,0.52778316
0.52778316,0.52778316
0.52778316,0.52778316
0.52778316,0.52778316
0.52778316,0.52778316
0.52778316,0.52778316
0.52778316,0.52778316
0.52778316,0.52778316
0.52778316,0.52778316
0.52778316,0.52778316
0.52778316,0.52778316
0.52778316,0.52778316
0.52778316,0.52778316
0.52778316,0.52778316
0.52921253,0.52921253
0.5051356,0.5051356
0.46303985,0.46303985
0.5140588,0.5140588
0.525086,0.525086
0.53195405,0.53195405
0.48072267,0.48072267
0.43642718,0.43642718
0.4478344,0.4478344
0.42990223,0.42990223
0.38914645,0.38914645
0.3872291,0.3872291
0.42557532,0.42557532
0.44458082,0.44458082
0.42646557,0.42646557
0.40655264,0.40655264
0.43733895,0.43733895
0.5410047,0.5410047
0.47430143,0.47430143
0.46085808,0.46085808
0.47727978,0.47727978
0.4901023,0.4901023
0.5569836,0.5569836
0.5121875,0.5121875
0.4331984,0.4331984
0.40668768,0.40668768
0.46238977,0.46238977
0.46388587,0.46388587
0.47420856,0.47420856
0.5566695,0.5566695
0.5269222,0.5269222
0.4173166,0.4173166
0.42774665,0.42774665
0.43106565,0.43106565
0.4376758,0.4376758
0.43965742,0.43965742
0.46406284,0.46406284
0.54424024,0.54424024
0.5771532,0.5771532
0.41374895,0.41374895
0.38658157,0.38658157
0.41116217,0.41116217
0.42256933,0.42256933
0.4573019,0.4573019
0.4696797,0.4696797
0.5064621,0.5064621
0.54813427,0.54813427
0.6261301,0.6261301
0.54805297,0.54805297
0.5433849,0.5433849
0.5591119,0.5591119
0.5449009,0.5449009
0.5128794,0.5128794
0.509316,0.509316
0.50284904,0.50284904
0.47789007,0.47789007
0.42208365,0.42208365
0.51767135,0.51767135
0.5037487,0.5037487
0.46166304,0.46166304
0.44144773,0.44144773
0.42750958,0.42750958
0.47185493,0.47185493
0.5283062,0.5283062
0.4732532,0.4732532
0.3912347,0.3912347
0.45244348,0.45244348
0.47200638,0.47200638
0.465185,0.465185
0.44867763,0.44867763
0.47586402,0.47586402
0.54440325,0.54440325
0.4604955,0.4604955
0.4038213,0.4038213
0.5664265,0.5664265
0.5453621,0.5453621
0.5002956,0.5002956
0.4508203,0.4508203
0.5168406,0.5168406
0.63446426,0.63446426
0.51076967,0.51076967
0.45529434,0.45529434
0.4575541,0.4575541
0.41155124,0.41155124
0.44617173,0.44617173
0.51604813,0.51604813
0.5791829,0.5791829
0.4144442,0.4144442
0.4235095,0.4235095
0.3921089,0.3921089
0.41588068,0.41588068
0.42836973,0.42836973
0.42813104,0.42813104
0.44031885,0.44031885
0.3995976,0.3995976
0.3934907,0.3934907
0.412185,0.412185
0.46158963,0.46158963
0.43137518,0.43137518
0.43228152,0.43228152
0.47459015,0.47459015
0.43985668,0.43985668
0.41624632,0.41624632
0.391757,0.391757
0.40358052,0.40358052
0.4333945,0.4333945
0.4612565,0.4612565
0.4705552,0.4705552
0.4605409,0.4605409
0.4379915,0.4379915
0.4302973,0.4302973
0.38335687,0.38335687
0.35753897,0.35753897
0.38387522,0.38387522
0.36525667,0.36525667
0.3852326,0.3852326
0.4386831,0.4386831
0.4637241,0.4637241
0.5122608,0.5122608
0.45763633,0.45763633
0.44780555,0.44780555
0.4298114,0.4298114
0.4306761,0.4306761
0.4657676,0.4657676
0.5369695,0.5369695
0.52503484,0.52503484
0.48736578,0.48736578
0.4151237,0.4151237
0.4730155,0.4730155
0.5342621,0.5342621
0.4684842,0.4684842
0.5009156,0.5009156
0.5608587,0.5608587
0.50030136,0.50030136
0.6096145,0.6096145
0.6304153,0.6304153
0.61908704,0.61908704
0.58956605,0.58956605
0.54291624,0.54291624
0.53005344,0.53005344
0.5312994,0.5312994
0.53554374,0.53554374
0.5204073,0.5204073
0.47350883,0.47350883
0.5181512,0.5181512
0.56886536,0.56886536
0.57131743,0.57131743
0.51314,0.51314
0.42682245,0.42682245
0.49417636,0.49417636
0.58464444,0.58464444
0.45800868,0.45800868
0.4135325,0.4135325
0.42067137,0.42067137
0.38580793,0.38580793
0.45228776,0.45228776
0.54580766,0.54580766
0.5068599,0.5068599
0.47448838,0.47448838
0.41624403,0.41624403
0.5171364,0.5171364
0.5536191,0.5536191
0.50842196,0.50842196
0.5791456,0.5791456
0.4711969,0.4711969
0.5249555,0.5249555
0.5175782,0.5175782
0.4805258,0.4805258
0.4771051,0.4771051
0.5092352,0.5092352
0.5052996,0.5052996
0.5381192,0.5381192
0.5424292,0.5424292
0.5343176,0.5343176
0.5324932,0.5324932
0.48315808,0.48315808
0.480193,0.480193
0.48535314,0.48535314
0.52778316,0.52778316
0.52778316,0.52778316
0.52778316,0.52778316
0.53990215,0.53990215
0.509778,0.509778
0.40893835,0.40893835
0.44570282,0.44570282
0.4120907,0.4120907
0.46178398,0.46178398
0.58988965,0.58988965
0.6274633,0.6274633
0.62997365,0.62997365
0.51290965,0.51290965
0.49244013,0.49244013
0.48984396,0.48984396
0.5202393,0.5202393
0.5173939,0.5173939
0.50606555,0.50606555
0.49327728,0.49327728
0.5276817,0.5276817
0.47615725,0.47615725
0.46284947,0.46284947
0.507033,0.507033
0.52778316,0.52778316
0.52778316,0.52778316
0.539367,0.539367
0.5215602,0.5215602
0.438361,0.438361
0.50379604,0.50379604
0.6013167,0.6013167
0.5890979,0.5890979
0.51611435,0.51611435
0.45087257,0.45087257
0.4339015,0.4339015
0.45708236,0.45708236
0.5713201,0.5713201
0.5826516,0.5826516
0.47848693,0.47848693
0.48048568,0.48048568
0.45118618,0.45118618
0.48672184,0.48672184
0.49241114,0.49241114
0.49555004,0.49555004
0.43978512,0.43978512
0.46923554,0.46923554
0.408797,0.408797
0.410835,0.410835
0.4322591,0.4322591
0.40675265,0.40675265
0.39756835,0.39756835
0.48691392,0.48691392
0.4867675,0.4867675
0.50155205,0.50155205
0.47406545,0.47406545
0.3538274,0.3538274
0.39718232,0.39718232
0.38172823,0.38172823
0.426895,0.426895
0.4554171,0.4554171
0.5013778,0.5013778
0.55343276,0.55343276
0.54285854,0.54285854
0.569968,0.569968
0.52185476,0.52185476
0.49461967,0.49461967
0.43642905,0.43642905
0.44867453,0.44867453
0.54093593,0.54093593
0.6208446,0.6208446
0.5556703,0.5556703
0.42950404,0.42950404
0.4112855,0.4112855
0.46648717,0.46648717
0.45901296,0.45901296
0.44791025,0.44791025
0.47730225,0.47730225
0.42187876,0.42187876
0.41081968,0.41081968
0.42036387,0.42036387
0.4686617,0.4686617
0.5573659,0.5573659
0.57848895,0.57848895
0.5476677,0.5476677
0.42358613,0.42358613
0.38789916,0.38789916
0.4119295,0.4119295
0.4084787,0.4084787
0.4101888,0.4101888
0.42825517,0.42825517
0.44099352,0.44099352
0.44059497,0.44059497
0.42541158,0.42541158
0.42542383,0.42542383
0.4438353,0.4438353
0.5762351,0.5762351
0.5711302,0.5711302
0.48934314,0.48934314
0.38044387,0.38044387
0.46260417,0.46260417
0.4478871,0.4478871
0.47329324,0.47329324
0.59053165,0.59053165
0.59951156,0.59951156
0.55754226,0.55754226
0.5529753,0.5529753
0.5269253,0.5269253
0.5029606,0.5029606
0.53564984,0.53564984
0.53288007,0.53288007
0.5168383,0.5168383
0.49838147,0.49838147
0.51087004,0.51087004
0.56084865,0.56084865
0.51611865,0.51611865
0.52778316,0.52778316
0.52778316,0.52778316
0.52778316,0.52778316
0.52778316,0.52778316
0.53059834,0.53059834
0.5200683,0.5200683
0.44462413,0.44462413
0.3706788,0.3706788
0.40718606,0.40718606
0.42624456,0.42624456
0.41651255,0.41651255
0.4120389,0.4120389
0.42193803,0.42193803
0.45213395,0.45213395
0.39202255,0.39202255
0.35887474,0.35887474
0.36596,0.36596
0.3953652,0.3953652
0.4602249,0.4602249
0.47170997,0.47170997
0.50062007,0.50062007
0.45082533,0.45082533
0.43910047,0.43910047
0.45764247,0.45764247
0.43802172,0.43802172
0.45901364,0.45901364
0.47218388,0.47218388
0.47740605,0.47740605
0.51245946,0.51245946
0.61283565,0.61283565
0.5070949,0.5070949
0.42390376,0.42390376
0.42659163,0.42659163
0.43997917,0.43997917
0.40243706,0.40243706
0.44000155,0.44000155
0.4659539,0.4659539
0.4573084,0.4573084
0.420624,0.420624
0.37874833,0.37874833
0.37185356,0.37185356
0.42479306,0.42479306
0.49663803,0.49663803
0.43761367,0.43761367
0.37030807,0.37030807
0.43482372,0.43482372
0.42474568,0.42474568
0.41867763,0.41867763
0.46574622,0.46574622
0.46157798,0.46157798
0.40244487,0.40244487
0.40779173,0.40779173
0.46311244,0.46311244
0.530563,0.530563
0.45847535,0.45847535
0.35435483,0.35435483
0.45796016,0.45796016
0.49126396,0.49126396
0.4261593,0.4261593
0.42815623,0.42815623
0.4596935,0.4596935
0.3329391,0.3329391
0.38945517,0.38945517
0.5113963,0.5113963
0.4948443,0.4948443
0.4798386,0.4798386
0.51648176,0.51648176
0.59726334,0.59726334
0.60827416,0.60827416
0.5539539,0.5539539
0.5096132,0.5096132
0.5189552,0.5189552
0.48502088,0.48502088
0.5038753,0.5038753
0.5216293,0.5216293
0.51790667,0.51790667
0.5308621,0.5308621
0.5468584,0.5468584
0.53795856,0.53795856
0.5399213,0.5399213
0.5566979,0.5566979
0.52778316,0.52778316
0.52778316,0.52778316
0.52778316,0.52778316
0.52778316,0.52778316
0.52778316,0.52778316
0.54235035,0.54235035
0.53683853,0.53683853
0.4949503,0.4949503
0.51293415,0.51293415
0.4148085,0.4148085
0.4558686,0.4558686
0.53523153,0.53523153
0.49631613,0.49631613
0.45422268,0.45422268
0.4033974,0.4033974
0.5053496,0.5053496
0.52117395,0.52117395
0.5213921,0.5213921
0.47660625,0.47660625
0.42228234,0.42228234
0.42150617,0.42150617
0.43844742,0.43844742
0.4174956,0.4174956
0.4149661,0.4149661
0.40609598,0.40609598
0.40768537,0.40768537
0.4031678,0.4031678
0.42113826,0.42113826
0.51118886,0.51118886
0.5153242,0.5153242
0.4405486,0.4405486
0.399188,0.399188
0.4282559,0.4282559
0.4991029,0.4991029
0.44872242,0.44872242
0.4404728,0.4404728
0.4555547,0.4555547
0.44010937,0.44010937
0.47905684,0.47905684
0.4189763,0.4189763
0.38537267,0.38537267
0.3621256,0.3621256
0.3870236,0.3870236
0.34183738,0.34183738
0.31512564,0.31512564
0.39230564,0.39230564
0.5752001,0.5752001
0.58684605,0.58684605
0.4609448,0.4609448
0.46733773,0.46733773
0.49998018,0.49998018
0.47275507,0.47275507
0.4278809,0.4278809
0.41802227,0.41802227
0.52136725,0.52136725
0.631482,0.631482
0.5304164,0.5304164
0.43088958,0.43088958
0.43298766,0.43298766
0.3969087,0.3969087
0.37644202,0.37644202
0.42914546,0.42914546
0.43750456,0.43750456
0.40799546,0.40799546
0.45177275,0.45177275
0.5097876,0.5097876
0.5086434,0.5086434
0.40448844,0.40448844
0.34572586,0.34572586
0.4160308,0.4160308
0.5178377,0.5178377
0.6013595,0.6013595
0.5947942,0.5947942
0.5987935,0.5987935
0.53005254,0.53005254
0.4678636,0.4678636
0.44463557,0.44463557
0.3981724,0.3981724
0.39861906,0.39861906
0.41505533,0.41505533
0.5046012,0.5046012
0.59758246,0.59758246
0.56031835,0.56031835
0.5122473,0.5122473
0.47444725,0.47444725
0.49286583,0.49286583
0.46087515,0.46087515
0.4819414,0.4819414
0.5016873,0.5016873
0.4731925,0.4731925
0.5487433,0.5487433
0.5272556,0.5272556
0.5081963,0.5081963
0.51603085,0.51603085
0.5350086,0.5350086
0.54851186,0.54851186
0.5767535,0.5767535
0.555558,0.555558
0.51782924,0.51782924
0.5263059,0.5263059
0.50273854,0.50273854
0.4988064,0.4988064
0.51725894,0.51725894
0.51590335,0.51590335
0.49487075,0.49487075
0.5102385,0.5102385
0.52797997,0.52797997
0.49424165,0.49424165
0.49017417,0.49017417
0.51155925,0.51155925
0.49252996,0.49252996
0.52778316,0.52778316
0.52778316,0.52778316
0.52778316,0.52778316
0.52778316,0.52778316
0.52778316,0.52778316
0.52778316,0.52778316
0.52778316,0.52778316
0.52778316,0.52778316
0.52778316,0.52778316
0.52778316,0.52778316
0.52778316,0.52778316
0.52778316,0.52778316
0.52778316,0.52778316
0.52778316,0.52778316
0.52778316,0.52778316
0.52778316,0.52778316
0.52778316,0.52778316
0.52778316,0.52778316
0.52778316,0.52778316
0.52778316,0.52778316
0.52778316,0.52778316
0.52778316,0.52778316
0.52778316,0.52778316
0.52778316,0.52778316
0.52778316,0.52778316
0.52778316,0.52778316
0.52778316,0.52778316
0.52778316,0.52778316
0.52778316,0.52778316
0.52778316,0.52778316
0.52778316,0.52778316
0.5297401,0.5297401
0.5142115,0.5142115
0.45419663,0.45419663
0.4874399,0.4874399
0.610932,0.610932
0.54306793,0.54306793
0.4970845,0.4970845
0.49257615,0.49257615
0.5221519,0.5221519
0.46759823,0.46759823
0.44939238,0.44939238
0.43811175,0.43811175
0.42721096,0.42721096
0.47618362,0.47618362
0.47888178,0.47888178
0.49409506,0.49409506
0.51939976,0.51939976
0.62607276,0.62607276
0.5581765,0.5581765
0.5436154,0.5436154
0.5393075,0.5393075
0.46629807,0.46629807
0.46014696,0.46014696
0.41190895,0.41190895
0.42400718,0.42400718
0.4595795,0.4595795
0.5406595,0.5406595
0.55081666,0.55081666
0.5440571,0.5440571
0.52488333,0.52488333
0.52778316,0.52778316
0.52778316,0.52778316
0.52778316,0.52778316
0.52778316,0.52778316
0.52778316,0.52778316
0.52778316,0.52778316
0.5373783,0.5373783
0.51051855,0.51051855
0.41681325,0.41681325
0.40588382,0.40588382
0.38674504,0.38674504
0.36422807,0.36422807
0.40213677,0.40213677
0.45161816,0.45161816
0.47082958,0.47082958
0.45206434,0.45206434
0.4211108,0.4211108
0.4229651,0.4229651
0.43402117,0.43402117
0.43670845,0.43670845
0.47856086,0.47856086
0.54444546,0.54444546
0.6173212,0.6173212
0.6139871,0.6139871
0.53772163,0.53772163
0.56321996,0.56321996
0.54927343,0.54927343
0.51232344,0.51232344
0.51247215,0.51247215
0.50205,0.50205
0.5276337,0.5276337
0.5261775,0.5261775
0.47741506,0.47741506
0.531558,0.531558
0.5309686,0.5309686
0.52778316,0.52778316
0.52778316,0.52778316
0.52778316,0.52778316
0.52778316,0.52778316
0.52778316,0.52778316
0.52778316,0.52778316
0.52778316,0.52778316
0.52778316,0.52778316
0.52778316,0.52778316
0.52778316,0.52778316
0.52778316,0.52778316
0.52778316,0.52778316
0.52778316,0.52778316
0.52778316,0.52778316
0.52778316,0.52778316
0.52778316,0.52778316
0.52778316,0.52778316
0.52778316,0.52778316
0.52778316,0.52778316
0.52778316,0.52778316
0.52778316,0.52778316
0.52778316,0.52778316
0.52778316,0.52778316
0.52778316,0.52778316
0.52778316,0.52778316
0.52778316,0.52778316
0.52778316,0.52778316
0.52778316,0.52778316
0.52778316,0.52778316
0.52778316,0.52778316
0.52778316,0.52778316
0.52778316,0.52778316
0.52778316,0.52778316
0.52778316,0.52778316
0.52778316,0.52778316
0.52778316,0.52778316
0.52778316,0.52778316
0.52778316,0.52778316
0.52778316,0.52778316
0.52778316,0.52778316
0.52898335,0.52898335
0.48765498,0.48765498
0.3889022,0.3889022
0.38896677,0.38896677
0.45070383,0.45070383
0.46294248,0.46294248
0.46860808,0.46860808
0.47322085,0.47322085
0.5244031,0.5244031
0.5936158,0.5936158
0.54730386,0.54730386
0.527453,0.527453
0.552225,0.552225
0.6365527,0.6365527
0.63052434,0.63052434
0.5452534,0.5452534
0.55195135,0.55195135
0.5163293,0.5163293
0.49520043,0.49520043
0.48155764,0.48155764
0.49084717,0.49084717
0.483313,0.483313
0.5165498,0.5165498
0.5099237,0.5099237
0.4567558,0.4567558
0.4959597,0.4959597
0.52778316,0.52778316
0.51295507,0.51295507
0.503953,0.503953
0.5274604,0.5274604
0.5085295,0.5085295
0.53134817,0.53134817
0.5322954,0.5322954
0.45716697,0.45716697
0.39847454,0.39847454
0.4118101,0.4118101
0.4449862,0.4449862
0.41586125,0.41586125
0.38192347,0.38192347
0.36723727,0.36723727
0.39576927,0.39576927
0.4237988,0.4237988
0.43339857,0.43339857
0.48857364,0.48857364
0.51413655,0.51413655
0.3855288,0.3855288
0.34267023,0.34267023
0.42828047,0.42828047
0.550404,0.550404
0.55315757,0.55315757
0.6525547,0.6525547
0.5561247,0.5561247
0.4034594,0.4034594
0.4008944,0.4008944
0.4292321,0.4292321
0.44267443,0.44267443
0.49647096,0.49647096
0.53043836,0.53043836
0.5067555,0.5067555
0.54110557,0.54110557
0.6236552,0.6236552
0.5870055,0.5870055
0.58595806,0.58595806
0.5844761,0.5844761
0.55081713,0.55081713
0.47822636,0.47822636
0.44242203,0.44242203
0.43278804,0.43278804
0.50844973,0.50844973
0.5026027,0.5026027
0.5030244,0.5030244
0.5068979,0.5068979
0.48959064,0.48959064
0.4430409,0.4430409
0.4840692,0.4840692
0.412358,0.412358
0.42072427,0.42072427
0.5754741,0.5754741
0.55988044,0.55988044
0.5237732,0.5237732
0.5135246,0.5135246
0.49596173,0.49596173
0.48055395,0.48055395
0.48637,0.48637
0.46553335,0.46553335
0.4524159,0.4524159
0.4772206,0.4772206
0.45324078,0.45324078
0.4574487,0.4574487
0.50412357,0.50412357
0.54092956,0.54092956
0.52778316,0.52778316
0.52778316,0.52778316
0.52778316,0.52778316
0.52778316,0.52778316
0.52778316,0.52778316
0.52778316,0.52778316
0.52778316,0.52778316
0.52778316,0.52778316
0.52778316,0.52778316
0.52778316,0.52778316
0.5348952,0.5348952
0.5783865,0.5783865
0.56848955,0.56848955
0.4573724,0.4573724
0.48261327,0.48261327
0.49752414,0.49752414
0.5322152,0.5322152
0.6009577,0.6009577
0.63509166,0.63509166
0.56565976,0.56565976
0.49825367,0.49825367
0.5353006,0.5353006
0.5239442,0.5239442
0.49649924,0.49649924
0.501757,0.501757
0.50826436,0.50826436
0.4836425,0.4836425
0.48313636,0.48313636
0.49488223,0.49488223
0.5309032,0.5309032
0.5701156,0.5701156
0.6128751,0.6128751
0.5403773,0.5403773
0.5090009,0.5090009
0.53233916,0.53233916
0.56307507,0.56307507
0.5488351,0.5488351
0.54277956,0.54277956
0.55475444,0.55475444
0.5748047,0.5748047
0.5068083,0.5068083
0.4972973,0.4972973
0.6235529,0.6235529
0.5440295,0.5440295
0.4889266,0.4889266
0.43837,0.43837
0.4379779,0.4379779
0.4010257,0.4010257
0.5027214,0.5027214
0.5920974,0.5920974
0.53747463,0.53747463
0.52146256,0.52146256
0.45261776,0.45261776
0.45101145,0.45101145
0.5015839,0.5015839
0.5082564,0.5082564
0.4590286,0.4590286
0.45982683,0.45982683
0.47208592,0.47208592
0.46611106,0.46611106
0.45823607,0.45823607
0.45153195,0.45153195
0.4095439,0.4095439
0.40198112,0.40198112
0.441628,0.441628
0.4428264,0.4428264
0.4340185,0.4340185
0.41534907,0.41534907
0.43346742,0.43346742
0.44126695,0.44126695
0.48317078,0.48317078
0.54692,0.54692
0.5811575,0.5811575
0.562326,0.562326
0.54277444,0.54277444
0.48388076,0.48388076
0.47667465,0.47667465
0.49308765,0.49308765
0.4562095,0.4562095
0.50076216,0.50076216
0.55438155,0.55438155
0.5166867,0.5166867
0.47972623,0.47972623
0.48012114,0.48012114
0.44261295,0.44261295
0.43835717,0.43835717
0.4385235,0.4385235
0.48877597,0.48877597
0.46012428,0.46012428
0.44173408,0.44173408
0.4303573,0.4303573
0.43016207,0.43016207
0.42910686,0.42910686
0.44411018,0.44411018
0.4561555,0.4561555
0.44988242,0.44988242
0.3924896,0.3924896
0.3518731,0.3518731
0.4625311,0.4625311
0.59679544,0.59679544
0.53292674,0.53292674
0.45680073,0.45680073
0.39700446,0.39700446
0.39601985,0.39601985
0.5120595,0.5120595
0.50928676,0.50928676
0.40984523,0.40984523
0.44178355,0.44178355
0.46106884,0.46106884
0.46119162,0.46119162
0.43199226,0.43199226
0.45015964,0.45015964
0.46971786,0.46971786
0.4706241,0.4706241
0.45755517,0.45755517
0.37688765,0.37688765
0.3904982,0.3904982
0.361026,0.361026
0.36551708,0.36551708
0.4023176,0.4023176
0.4328204,0.4328204
0.43455565,0.43455565
0.44186682,0.44186682
0.4953186,0.4953186
0.52785736,0.52785736
0.44848308,0.44848308
0.4235797,0.4235797
0.42777303,0.42777303
0.4962794,0.4962794
0.51218206,0.51218206
0.46478394,0.46478394
0.37011108,0.37011108
0.4032282,0.4032282
0.45371485,0.45371485
0.43622407,0.43622407
0.42199907,0.42199907
0.436753,0.436753
0.49041337,0.49041337
0.4946505,0.4946505
0.41907015,0.41907015
0.45915627,0.45915627
0.4811125,0.4811125
0.550561,0.550561
0.58030194,0.58030194
0.53437597,0.53437597
0.49032027,0.49032027
0.41735283,0.41735283
0.39368623,0.39368623
0.41389427,0.41389427
0.427903,0.427903
0.42553693,0.42553693
0.49621427,0.49621427
0.5247527,0.5247527
0.5759852,0.5759852
0.6070159,0.6070159
0.607648,0.607648
0.47431886,0.47431886
0.38159472,0.38159472
0.4582209,0.4582209
0.443674,0.443674
0.46451902,0.46451902
0.44472757,0.44472757
0.44687536,0.44687536
0.48963097,0.48963097
0.57509285,0.57509285
0.58134216,0.58134216
0.5975715,0.5975715
0.48615715,0.48615715
0.39206657,0.39206657
0.40350038,0.40350038
0.3806339,0.3806339
0.39631024,0.39631024
0.4662711,0.4662711
0.6144676,0.6144676
0.56656003,0.56656003
0.41346535,0.41346535
0.3852847,0.3852847
0.3781177,0.3781177
0.44154358,0.44154358
0.5242741,0.5242741
0.5844107,0.5844107
0.58335376,0.58335376
0.53855884,0.53855884
0.5106792,0.5106792
0.5096093,0.5096093
0.48559463,0.48559463
0.49564886,0.49564886
0.45411736,0.45411736
0.42062977,0.42062977
0.43068463,0.43068463
0.5080029,0.5080029
0.59367645,0.59367645
0.5745826,0.5745826
0.4954498,0.4954498
0.45728183,0.45728183
0.4922514,0.4922514
0.49002126,0.49002126
0.500955,0.500955
0.4888267,0.4888267
0.4835799,0.4835799
0.47051343,0.47051343
0.4479259,0.4479259
0.42947495,0.42947495
0.4979367,0.4979367
0.5404677,0.5404677
0.45915505,0.45915505
0.4480301,0.4480301
0.39892718,0.39892718
0.4324721,0.4324721
0.4371707,0.4371707
0.44060454,0.44060454
0.4200411,0.4200411
0.425412,0.425412
0.45330822,0.45330822
0.43568248,0.43568248
0.44406942,0.44406942
0.45969415,0.45969415
0.4387456,0.4387456
0.411521,0.411521
0.39374292,0.39374292
0.41814345,0.41814345
0.42940667,0.42940667
0.40208492,0.40208492
0.3516913,0.3516913
0.35105795,0.35105795
0.36193237,0.36193237
0.4281954,0.4281954
0.3966546,0.3966546
0.35355607,0.35355607
0.48910415,0.48910415
0.61706066,0.61706066
0.62240446,0.62240446
0.5072575,0.5072575
0.39337835,0.39337835
0.46524835,0.46524835
0.5561582,0.5561582
0.46764776,0.46764776
0.4153666,0.4153666
0.4457318,0.4457318
0.41038284,0.41038284
0.4087902,0.4087902
0.47875053,0.47875053
0.5212442,0.5212442
0.4792859,0.4792859
0.4273096,0.4273096
0.45556656,0.45556656
0.45511788,0.45511788
0.48223206,0.48223206
0.44367418,0.44367418
0.39349478,0.39349478
0.40346995,0.40346995
0.41231263,0.41231263
0.45070204,0.45070204
0.49514312,0.49514312
0.5461159,0.5461159
0.5855913,0.5855913
0.57944185,0.57944185
0.62379277,0.62379277
0.54841053,0.54841053
0.40028644,0.40028644
0.39990047,0.39990047
0.42115778,0.42115778
0.43228146,0.43228146
0.4486118,0.4486118
0.53015965,0.53015965
0.553164,0.553164
0.5552853,0.5552853
0.5344104,0.5344104
0.47378823,0.47378823
0.38859904,0.38859904
0.45173952,0.45173952
0.5079614,0.5079614
0.50955343,0.50955343
0.4766978,0.4766978
0.43019307,0.43019307
0.44690812,0.44690812
0.4443313,0.4443313
0.43561378,0.43561378
0.43465218,0.43465218
0.4519701,0.4519701
0.48764443,0.48764443
0.41893655,0.41893655
0.45142412,0.45142412
0.4525106,0.4525106
0.39452845,0.39452845
0.39279416,0.39279416
0.39545247,0.39545247
0.34569165,0.34569165
0.34660983,0.34660983
0.4544629,0.4544629
0.561663,0.561663
0.59682506,0.59682506
0.6014289,0.6014289
0.5239411,0.5239411
0.5740714,0.5740714
0.56789947,0.56789947
0.44938675,0.44938675
0.43021986,0.43021986
0.41661245,0.41661245
0.4232325,0.4232325
0.44367367,0.44367367
0.42205206,0.42205206
0.44757372,0.44757372
0.4615198,0.4615198
0.44478992,0.44478992
0.51571274,0.51571274
0.607061,0.607061
0.5804841,0.5804841
0.5750154,0.5750154
0.53844494,0.53844494
0.56654686,0.56654686
0.5234001,0.5234001
0.54239327,0.54239327
0.57526296,0.57526296
0.5646921,0.5646921
0.53749377,0.53749377
0.54094744,0.54094744
0.46628404,0.46628404
0.45708987,0.45708987
0.46640745,0.46640745
0.44781706,0.44781706
0.42743427,0.42743427
0.4329985,0.4329985
0.45497116,0.45497116
0.44954705,0.44954705
0.42460418,0.42460418
0.370235,0.370235
0.40211296,0.40211296
0.46475646,0.46475646
0.49990556,0.49990556
0.5472178,0.5472178
0.5374718,0.5374718
0.54706424,0.54706424
0.4881992,0.4881992
0.53205764,0.53205764
0.5224723,0.5224723
0.49541605,0.49541605
0.423011,0.423011
0.40210217,0.40210217
0.42792398,0.42792398
0.44850916,0.44850916
0.5336733,0.5336733
0.64918876,0.64918876
0.55484855,0.55484855
0.45823672,0.45823672
0.42801046,0.42801046
0.45875397,0.45875397
0.44709423,0.44709423
0.44623363,0.44623363
0.45938247,0.45938247
0.46780285,0.46780285
0.48973715,0.48973715
0.4707676,0.4707676
0.46078315,0.46078315
0.4846403,0.4846403
0.44592103,0.44592103
0.42109984,0.42109984
0.4456668,0.4456668
0.44675708,0.44675708
0.46794772,0.46794772
0.47125962,0.47125962
0.45853183,0.45853183
0.45777455,0.45777455
0.50787055,0.50787055
0.5617233,0.5617233
0.4917244,0.4917244
0.39907196,0.39907196
0.39806232,0.39806232
0.44900885,0.44900885
0.4587653,0.4587653
0.43077752,0.43077752
0.5180125,0.5180125
0.57515514,0.57515514
0.5351411,0.5351411
0.46961433,0.46961433
0.40204006,0.40204006
0.43966275,0.43966275
0.442048,0.442048
0.46166757,0.46166757
0.5356197,0.5356197
0.60551244,0.60551244
0.61458987,0.61458987
0.5405358,0.5405358
0.37893844,0.37893844
0.40277562,0.40277562
0.41499546,0.41499546
0.40088853,0.40088853
0.4185951,0.4185951
0.46015292,0.46015292
0.44673628,0.44673628
0.41331577,0.41331577
0.40900153,0.40900153
0.47192597,0.47192597
0.45887998,0.45887998
0.39257595,0.39257595
0.46909088,0.46909088
0.45384377,0.45384377
0.43835676,0.43835676
0.41821232,0.41821232
0.42953062,0.42953062
0.45888293,0.45888293
0.43906665,0.43906665
0.3960185,0.3960185
0.420689,0.420689
0.4147522,0.4147522
0.40460715,0.40460715
0.3840702,0.3840702
0.44673765,0.44673765
0.5601574,0.5601574
0.5497781,0.5497781
0.50367796,0.50367796
0.43148914,0.43148914
0.41391742,0.41391742
0.38814908,0.38814908
0.43608263,0.43608263
0.43734318,0.43734318
0.41333026,0.41333026
0.41336194,0.41336194
0.4251865,0.4251865
0.45789188,0.45789188
0.5022341,0.5022341
0.5262426,0.5262426
0.4759889,0.4759889
0.39049077,0.39049077
0.41364902,0.41364902
0.511581,0.511581
0.49906108,0.49906108
0.48347688,0.48347688
0.39382845,0.39382845
0.42075372,0.42075372
0.42536694,0.42536694
0.4113592,0.4113592
0.39758885,0.39758885
0.39507845,0.39507845
0.37378252,0.37378252
0.44847307,0.44847307
0.4647265,0.4647265
0.41996992,0.41996992
0.4239067,0.4239067
0.4043109,0.4043109
0.46148187,0.46148187
0.51472217,0.51472217
0.39253777,0.39253777
0.4144889,0.4144889
0.38492855,0.38492855
0.41549212,0.41549212
0.42843822,0.42843822
0.45083192,0.45083192
0.5013909,0.5013909
0.5754217,0.5754217
0.5762033,0.5762033
0.5447236,0.5447236
0.5697187,0.5697187
0.5553858,0.5553858
0.54159063,0.54159063
0.58508915,0.58508915
0.53985155,0.53985155
0.53181314,0.53181314
0.53460944,0.53460944
0.5073104,0.5073104
0.51310116,0.51310116
0.49995285,0.49995285
0.43379667,0.43379667
0.41167766,0.41167766
0.41678208,0.41678208
0.44323775,0.44323775
0.50295615,0.50295615
0.59173715,0.59173715
0.5065991,0.5065991
0.40719834,0.40719834
0.43963474,0.43963474
0.40374327,0.40374327
0.41861668,0.41861668
0.43731168,0.43731168
0.43679586,0.43679586
0.4353348,0.4353348
0.5261439,0.5261439
0.6535315,0.6535315
0.53068125,0.53068125
0.37262353,0.37262353
0.3998782,0.3998782
0.3886672,0.3886672
0.42798713,0.42798713
0.5195424,0.5195424
0.5237068,0.5237068
0.48141167,0.48141167
0.46144712,0.46144712
0.40184665,0.40184665
0.42601147,0.42601147
0.50564456,0.50564456
0.5505067,0.5505067
0.4971069,0.4971069
0.44995928,0.44995928
0.42260316,0.42260316
0.38360196,0.38360196
0.3887212,0.3887212
0.46465552,0.46465552
0.5979477,0.5979477
0.60035384,0.60035384
0.5321227,0.5321227
0.51663244,0.51663244
0.46602237,0.46602237
0.43354928,0.43354928
0.41502166,0.41502166
0.43627256,0.43627256
0.51716137,0.51716137
0.56859905,0.56859905
0.52271515,0.52271515
0.39648306,0.39648306
0.4309321,0.4309321
0.48959452,0.48959452
0.54165804,0.54165804
0.48707262,0.48707262
0.40627778,0.40627778
0.48155722,0.48155722
0.57983124,0.57983124
0.5810444,0.5810444
0.5810612,0.5810612
0.49939218,0.49939218
0.37847793,0.37847793
0.38898933,0.38898933
0.42148486,0.42148486
0.45245495,0.45245495
0.42679185,0.42679185
0.472641,0.472641
0.47317672,0.47317672
0.41425893,0.41425893
0.43166265,0.43166265
0.50386083,0.50386083
0.47477674,0.47477674
0.37509272,0.37509272
0.38257205,0.38257205
0.38180828,0.38180828
0.41047186,0.41047186
0.4096686,0.4096686
0.45622984,0.45622984
0.5838692,0.5838692
0.50886786,0.50886786
0.3958458,0.3958458
0.41667,0.41667
0.4079445,0.4079445
0.42901522,0.42901522
0.48383534,0.48383534
0.5601695,0.5601695
0.58286726,0.58286726
0.56824464,0.56824464
0.5326059,0.5326059
0.5251002,0.5251002
0.4812775,0.4812775
0.42692354,0.42692354
0.47085267,0.47085267
0.505113,0.505113
0.5288106,0.5288106
0.50412947,0.50412947
0.49052525,0.49052525
0.48757562,0.48757562
0.49087542,0.49087542
0.49010572,0.49010572
0.47496602,0.47496602
0.48907658,0.48907658
0.54941297,0.54941297
0.52778316,0.52778316
0.52778316,0.52778316
0.52778316,0.52778316
0.52778316,0.52778316
0.52778316,0.52778316
0.52778316,0.52778316
0.52778316,0.52778316
0.52778316,0.52778316
0.54203457,0.54203457
0.51274604,0.51274604
0.43258053,0.43258053
0.4470275,0.4470275
0.49163175,0.49163175
0.5298762,0.5298762
0.45859605,0.45859605
0.39674774,0.39674774
0.45426467,0.45426467
0.44222844,0.44222844
0.4322993,0.4322993
0.37938356,0.37938356
0.42386127,0.42386127
0.44387662,0.44387662
0.40185347,0.40185347
0.375799,0.375799
0.41974014,0.41974014
0.37704548,0.37704548
0.3807035,0.3807035
0.42497718,0.42497718
0.48077112,0.48077112
0.55578226,0.55578226
0.6097701,0.6097701
0.6524163,0.6524163
0.58388054,0.58388054
0.43018872,0.43018872
0.32439128,0.32439128
0.37879175,0.37879175
0.36845103,0.36845103
0.40868178,0.40868178
0.46741727,0.46741727
0.502989,0.502989
0.5460652,0.5460652
0.55268663,0.55268663
0.44964194,0.44964194
0.34619477,0.34619477
0.37130836,0.37130836
0.36241165,0.36241165
0.36681515,0.36681515
0.3709435,0.3709435
0.36140862,0.36140862
0.39945394,0.39945394
0.46401,0.46401
0.5070529,0.5070529
0.48239625,0.48239625
0.46401516,0.46401516
0.48579895,0.48579895
0.55393875,0.55393875
0.6009775,0.6009775
0.58756214,0.58756214
0.5552572,0.5552572
0.53929615,0.53929615
0.49752995,0.49752995
0.49896935,0.49896935
0.483745,0.483745
0.48976603,0.48976603
0.49225143,0.49225143
0.49824584,0.49824584
0.50735915,0.50735915
0.5164416,0.5164416
0.5129109,0.5129109
0.52778316,0.52778316
0.52778316,0.52778316
0.52778316,0.52778316
0.52778316,0.52778316
0.52778316,0.52778316
0.52778316,0.52778316
0.52778316,0.52778316
0.52778316,0.52778316
0.52778316,0.52778316
0.52778316,0.52778316
0.52778316,0.52778316
0.52778316,0.52778316
0.52778316,0.52778316
0.52778316,0.52778316
0.52778316,0.52778316
0.52778316,0.52778316
0.52778316,0.52778316
0.52778316,0.52778316
0.52778316,0.52778316
0.52778316,0.52778316
0.52778316,0.52778316
0.52778316,0.52778316
0.52778316,0.52778316
0.52778316,0.52778316
0.52778316,0.52778316
0.52778316,0.52778316
0.52778316,0.52778316
0.52778316,0.52778316
0.52778316,0.52778316
0.52778316,0.52778316
0.52778316,0.52778316
0.52778316,0.52778316
0.52778316,0.52778316
0.52778316,0.52778316
0.52778316,0.52778316
0.52778316,0.52778316
0.52778316,0.52778316
0.52778316,0.52778316
0.52778316,0.52778316
0.52778316,0.52778316
0.52778316,0.52778316
0.52778316,0.52778316
0.52778316,0.52778316
0.52778316,0.52778316
0.52778316,0.52778316
0.52778316,0.52778316
0.52778316,0.52778316
0.52778316,0.52778316
0.52778316,0.52778316
0.52778316,0.52778316
0.52778316,0.52778316
0.52778316,0.52778316
0.52778316,0.52778316
0.52778316,0.52778316
0.52778316,0.52778316
0.52778316,0.52778316
0.52778316,0.52778316
0.52778316,0.52778316
0.52778316,0.52778316
0.52778316,0.52778316
0.52778316,0.52778316
0.52778316,0.52778316
0.52778316,0.52778316
0.52778316,0.52778316
0.52778316,0.52778316
0.52778316,0.52778316
0.52778316,0.52778316
0.52778316,0.52778316
0.52778316,0.52778316
0.52778316,0.52778316
0.52778316,0.52778316
0.52778316,0.52778316
0.52778316,0.52778316
0.52778316,0.52778316
0.52778316,0.52778316
0.52778316,0.52778316
0.52778316,0.52778316
0.52778316,0.52778316
0.52778316,0.52778316
0.52778316,0.52778316
0.52778316,0.52778316
0.52778316,0.52778316
0.52778316,0.52778316
0.52778316,0.52778316
0.52778316,0.52778316
0.52778316,0.52778316
0.52778316,0.52778316
0.52778316,0.52778316
0.52778316,0.52778316
0.52778316,0.52778316
0.52778316,0.52778316
0.52778316,0.52778316
0.52778316,0.52778316
0.52778316,0.52778316
0.52778316,0.52778316
0.5367251,0.5367251
0.5111041,0.5111041
0.4510964,0.4510964
0.43736732,0.43736732
0.4291836,0.4291836
0.4232988,0.4232988
0.4095882,0.4095882
0.454924,0.454924
0.51354116,0.51354116
0.60365134,0.60365134
0.64695185,0.64695185
0.564534,0.564534
0.52297217,0.52297217
0.5093057,0.5093057
0.47004026,0.47004026
0.46640864,0.46640864
0.49659258,0.49659258
0.525346,0.525346
0.5225218,0.5225218
0.49960315,0.49960315
0.47327706,0.47327706
0.47368872,0.47368872
0.5458164,0.5458164
0.52778316,0.52778316
0.52778316,0.52778316
0.52778316,0.52778316
0.52778316,0.52778316
0.52778316,0.52778316
0.52778316,0.52778316
0.52778316,0.52778316
0.52778316,0.52778316
0.540695,0.540695
0.51810163,0.51810163
0.46756652,0.46756652
0.4894351,0.4894351
0.47573638,0.47573638
0.45124018,0.45124018
0.4555573,0.4555573
0.46138638,0.46138638
0.48322383,0.48322383
0.46649152,0.46649152
0.47898275,0.47898275
0.49693036,0.49693036
0.44016778,0.44016778
0.44293237,0.44293237
0.45819837,0.45819837
0.5146594,0.5146594
0.46961418,0.46961418
0.40484592,0.40484592
0.43183154,0.43183154
0.47967216,0.47967216
0.47524384,0.47524384
0.3982738,0.3982738
0.42366695,0.42366695
0.41574124,0.41574124
0.41079447,0.41079447
0.39962256,0.39962256
0.44498122,0.44498122
0.48731288,0.48731288
0.4294489,0.4294489
0.4238356,0.4238356
0.49403378,0.49403378
0.5814462,0.5814462
0.55324745,0.55324745
0.5192408,0.5192408
0.44724056,0.44724056
0.4300521,0.4300521
0.42781195,0.42781195
0.4879062,0.4879062
0.58556014,0.58556014
0.5963265,0.5963265
0.6111696,0.6111696
0.5215762,0.5215762
0.42986798,0.42986798
0.45058793,0.45058793
0.44879144,0.44879144
0.43742394,0.43742394
0.40053043,0.40053043
0.35849628,0.35849628
0.40391594,0.40391594
0.41195711,0.41195711
0.3894101,0.3894101
0.41144925,0.41144925
0.41234222,0.41234222
0.4571024,0.4571024
0.54166687,0.54166687
0.57130545,0.57130545
0.56297326,0.56297326
0.5173176,0.5173176
0.4453225,0.4453225
0.4161106,0.4161106
0.4357938,0.4357938
0.46150872,0.46150872
0.45030951,0.45030951
0.45005527,0.45005527
0.43672314,0.43672314
0.4423146,0.4423146
0.4418308,0.4418308
0.44716984,0.44716984
0.46844178,0.46844178
0.45500922,0.45500922
0.4122608,0.4122608
0.38261336,0.38261336
0.39563742,0.39563742
0.50666434,0.50666434
0.56855583,0.56855583
0.56897926,0.56897926
0.6410449,0.6410449
0.6140759,0.6140759
0.4225889,0.4225889
0.34922728,0.34922728
0.36731824,0.36731824
0.37459114,0.37459114
0.44748563,0.44748563
0.57864875,0.57864875
0.60289407,0.60289407
0.61647004,0.61647004
0.6274949,0.6274949
0.52755994,0.52755994
0.4364586,0.4364586
0.4266811,0.4266811
0.39895123,0.39895123
0.44090044,0.44090044
0.4597007,0.4597007
0.5134893,0.5134893
0.5419969,0.5419969
0.55070746,0.55070746
0.63849044,0.63849044
0.54231036,0.54231036
0.3275388,0.3275388
0.26974356,0.26974356
0.30686095,0.30686095
0.40218183,0.40218183
0.4869233,0.4869233
0.4207388,0.4207388
0.41935375,0.41935375
0.51001084,0.51001084
0.487731,0.487731
0.4416796,0.4416796
0.44162875,0.44162875
0.47415483,0.47415483
0.61175585,0.61175585
0.60343707,0.60343707
0.47738063,0.47738063
0.38995397,0.38995397
0.42508584,0.42508584
0.44340813,0.44340813
0.41896257,0.41896257
0.39474282,0.39474282
0.42703664,0.42703664
0.46761966,0.46761966
0.53395456,0.53395456
0.5128923,0.5128923
0.37728113,0.37728113
0.3378734,0.3378734
0.33536035,0.33536035
0.33436966,0.33436966
0.36944693,0.36944693
0.43050233,0.43050233
0.41773897,0.41773897
0.40994373,0.40994373
0.43716288,0.43716288
0.43177268,0.43177268
0.43211827,0.43211827
0.4352639,0.4352639
0.3993139,0.3993139
0.42193717,0.42193717
0.46081933,0.46081933
0.43553174,0.43553174
0.43368527,0.43368527
0.44650707,0.44650707
0.4146653,0.4146653
0.40156612,0.40156612
0.43221876,0.43221876
0.45474806,0.45474806
0.5028061,0.5028061
0.59219706,0.59219706
0.5934888,0.5934888
0.5264124,0.5264124
0.49121678,0.49121678
0.43364534,0.43364534
0.43838942,0.43838942
0.42268795,0.42268795
0.42328897,0.42328897
0.5017857,0.5017857
0.5574167,0.5574167
0.5536466,0.5536466
0.46268198,0.46268198
0.40429842,0.40429842
0.40715596,0.40715596
0.39335117,0.39335117
0.38781294,0.38781294
0.4252633,0.4252633
0.4415647,0.4415647
0.48304877,0.48304877
0.49914432,0.49914432
0.41197613,0.41197613
0.46433,0.46433
0.52932096,0.52932096
0.5283885,0.5283885
0.4524238,0.4524238
0.43875492,0.43875492
0.5415286,0.5415286
0.58295983,0.58295983
0.44986033,0.44986033
0.4102183,0.4102183
0.4184068,0.4184068
0.4672985,0.4672985
0.5673804,0.5673804
0.5453731,0.5453731
0.41869184,0.41869184
0.42721525,0.42721525
0.5120981,0.5120981
0.47515857,0.47515857
0.38635853,0.38635853
0.40179646,0.40179646
0.39636514,0.39636514
0.3720404,0.3720404
0.39976332,0.39976332
0.5294787,0.5294787
0.530857,0.530857
0.48933193,0.48933193
0.48713255,0.48713255
0.4421944,0.4421944
0.49383494,0.49383494
0.44670847,0.44670847
0.38997355,0.38997355
0.4102902,0.4102902
0.4501055,0.4501055
0.42637882,0.42637882
0.42099586,0.42099586
0.4097186,0.4097186
0.44423628,0.44423628
0.4811475,0.4811475
0.50431603,0.50431603
0.50712836,0.50712836
0.48066768,0.48066768
0.39056206,0.39056206
0.37149233,0.37149233
0.39848042,0.39848042
0.4477679,0.4477679
0.4668677,0.4668677
0.48812935,0.48812935
0.5758936,0.5758936
0.5942863,0.5942863
0.5647757,0.5647757
0.55768156,0.55768156
0.5529552,0.5529552
0.48157123,0.48157123
0.3584237,0.3584237
0.34879205,0.34879205
0.47230682,0.47230682
0.50991863,0.50991863
0.41147992,0.41147992
0.44668224,0.44668224
0.45217487,0.45217487
0.52115536,0.52115536
0.611624,0.611624
0.5033444,0.5033444
0.3642056,0.3642056
0.38280776,0.38280776
0.4391779,0.4391779
0.4648964,0.4648964
0.41136393,0.41136393
0.41019338,0.41019338
0.4281862,0.4281862
0.4418873,0.4418873
0.43596315,0.43596315
0.43490398,0.43490398
0.45854467,0.45854467
0.4599593,0.4599593
0.4820473,0.4820473
0.5111387,0.5111387
0.53328264,0.53328264
0.47210065,0.47210065
0.41331425,0.41331425
0.44136974,0.44136974
0.48081976,0.48081976
0.53292155,0.53292155
0.5422443,0.5422443
0.50725037,0.50725037
0.47803447,0.47803447
0.49978456,0.49978456
0.50075483,0.50075483
0.4927397,0.4927397
0.49062344,0.49062344
0.4212066,0.4212066
0.34175116,0.34175116
0.42237246,0.42237246
0.43016747,0.43016747
0.4488007,0.4488007
0.42581704,0.42581704
0.43036154,0.43036154
0.5807294,0.5807294
0.57298553,0.57298553
0.49436444,0.49436444
0.5536996,0.5536996
0.6415054,0.6415054
0.6378978,0.6378978
0.45513436,0.45513436
0.337143,0.337143
0.46707517,0.46707517
0.5901411,0.5901411
0.60258406,0.60258406
0.5616411,0.5616411
0.44259065,0.44259065
0.41327307,0.41327307
0.38772824,0.38772824
0.40324903,0.40324903
0.46287256,0.46287256
0.40576503,0.40576503
0.3904466,0.3904466
0.4824981,0.4824981
0.5680795,0.5680795
0.50322473,0.50322473
0.44606048,0.44606048
0.5071262,0.5071262
0.51692116,0.51692116
0.5158544,0.5158544
0.5334493,0.5334493
0.5244751,0.5244751
0.5263639,0.5263639
0.5323451,0.5323451
0.5090347,0.5090347
0.47233307,0.47233307
0.47945607,0.47945607
0.52778316,0.52778316
0.52778316,0.52778316
0.52778316,0.52778316
0.52778316,0.52778316
0.52778316,0.52778316
0.52778316,0.52778316
0.52778316,0.52778316
0.52778316,0.52778316
0.52778316,0.52778316
0.52778316,0.52778316
0.5349587,0.5349587
0.5080952,0.5080952
0.45901066,0.45901066
0.46375296,0.46375296
0.44398406,0.44398406
0.42641762,0.42641762
0.52703184,0.52703184
0.63428694,0.63428694
0.633006,0.633006
0.60057634,0.60057634
0.55199075,0.55199075
0.53158164,0.53158164
0.50683796,0.50683796
0.48601815,0.48601815
0.5021845,0.5021845
0.5060073,0.5060073
0.48694748,0.48694748
0.5309309,0.5309309
0.58968085,0.58968085
0.6594307,0.6594307
0.5395648,0.5395648
0.37065592,0.37065592
0.39761323,0.39761323
0.43237284,0.43237284
0.51972073,0.51972073
0.5932759,0.5932759
0.5835591,0.5835591
0.55114025,0.55114025
0.43240103,0.43240103
0.33883014,0.33883014
0.3635283,0.3635283
0.36163437,0.36163437
0.35864058,0.35864058
0.39230743,0.39230743
0.40186104,0.40186104
0.39021322,0.39021322
0.384339,0.384339
0.40022433,0.40022433
0.4128894,0.4128894
0.3974509,0.3974509
0.3977195,0.3977195
0.40339717,0.40339717
0.4037927,0.4037927
0.4046966,0.4046966
0.4222268,0.4222268
0.41957077,0.41957077
0.4860531,0.4860531
0.5232517,0.5232517
0.49389687,0.49389687
0.5257874,0.5257874
0.54558533,0.54558533
0.42125812,0.42125812
0.35193297,0.35193297
0.39459828,0.39459828
0.41818303,0.41818303
0.4446929,0.4446929
0.46782818,0.46782818
0.4472554,0.4472554
0.4400332,0.4400332
0.45447,0.45447
0.46341288,0.46341288
0.4503453,0.4503453
0.47647157,0.47647157
0.5153154,0.5153154
0.51407516,0.51407516
0.51565564,0.51565564
0.4456279,0.4456279
0.43541214,0.43541214
0.5237964,0.5237964
0.57243633,0.57243633
0.4712572,0.4712572
0.43246347,0.43246347
0.4548808,0.4548808
0.4591539,0.4591539
0.44926846,0.44926846
0.45330775,0.45330775
0.45192868,0.45192868
0.4143904,0.4143904
0.41581136,0.41581136
0.42318738,0.42318738
0.4474536,0.4474536
0.45293018,0.45293018
0.47579193,0.47579193
0.5595248,0.5595248
0.60259616,0.60259616
0.5446288,0.5446288
0.51341784,0.51341784
0.5140941,0.5140941
0.50073296,0.50073296
0.49743116,0.49743116
0.48400196,0.48400196
0.5020881,0.5020881
0.5071459,0.5071459
0.49114296,0.49114296
0.50742537,0.50742537
0.5167894,0.5167894
0.47944215,0.47944215
0.56478477,0.56478477
0.51245874,0.51245874
0.340472,0.340472
0.3672811,0.3672811
0.4411041,0.4411041
0.4777476,0.4777476
0.4566294,0.4566294
0.45558736,0.45558736
0.45345262,0.45345262
0.47151235,0.47151235
0.4291185,0.4291185
0.5055697,0.5055697
0.55232596,0.55232596
0.49752104,0.49752104
0.5295079,0.5295079
0.53396666,0.53396666
0.53455466,0.53455466
0.54654336,0.54654336
0.49363264,0.49363264
0.45331675,0.45331675
0.46546602,0.46546602
0.5045368,0.5045368
0.5005279,0.5005279
0.5153493,0.5153493
0.5390104,0.5390104
0.52778316,0.52778316
0.52778316,0.52778316
0.52778316,0.52778316
0.52778316,0.52778316
0.52778316,0.52778316
0.52778316,0.52778316
0.52778316,0.52778316
0.52778316,0.52778316
0.52778316,0.52778316
0.52778316,0.52778316
0.52778316,0.52778316
0.52778316,0.52778316
0.52778316,0.52778316
0.52778316,0.52778316
0.52778316,0.52778316
0.52778316,0.52778316
0.52778316,0.52778316
0.52778316,0.52778316
0.52778316,0.52778316
0.52778316,0.52778316
0.52778316,0.52778316
0.52778316,0.52778316
0.52778316,0.52778316
0.52778316,0.52778316
0.52778316,0.52778316
0.52778316,0.52778316
0.52778316,0.52778316
0.52778316,0.52778316
0.52778316,0.52778316
0.52778316,0.52778316
0.52778316,0.52778316
0.52778316,0.52778316
0.52778316,0.52778316
0.52778316,0.52778316
0.52778316,0.52778316
0.52778316,0.52778316
0.52778316,0.52778316
0.52778316,0.52778316
0.52778316,0.52778316
0.52778316,0.52778316
0.52778316,0.52778316
0.5412634,0.5412634
0.5175301,0.5175301
0.47541827,0.47541827
0.49560165,0.49560165
0.48071876,0.48071876
0.45377988,0.45377988
0.45347843,0.45347843
0.46218687,0.46218687
0.47958496,0.47958496
0.5303192,0.5303192
0.60736847,0.60736847
0.62851363,0.62851363
0.5908586,0.5908586
0.5388793,0.5388793
0.52904767,0.52904767
0.5109617,0.5109617
0.48844576,0.48844576
0.47752014,0.47752014
0.4704473,0.4704473
0.46581453,0.46581453
0.46982938,0.46982938
0.48258016,0.48258016
0.51068956,0.51068956
0.5323095,0.5323095
0.52778316,0.52778316
0.52778316,0.52778316
0.52778316,0.52778316
0.52778316,0.52778316
0.52778316,0.52778316
0.52778316,0.52778316
0.52778316,0.52778316
0.52778316,0.52778316
0.52778316,0.52778316
0.52778316,0.52778316
0.52778316,0.52778316
0.52778316,0.52778316
0.52778316,0.52778316
0.52778316,0.52778316
0.52778316,0.52778316
0.52778316,0.52778316
0.52778316,0.52778316
0.5313755,0.5313755
0.5399285,0.5399285
0.4668242,0.4668242
0.40093538,0.40093538
0.44217888,0.44217888
0.45174086,0.45174086
0.4798619,0.4798619
0.5134989,0.5134989
0.59468067,0.59468067
0.555682,0.555682
0.413406,0.413406
0.43589333,0.43589333
0.47674716,0.47674716
0.4734128,0.4734128
0.45722792,0.45722792
0.47976232,0.47976232
0.49544972,0.49544972
0.52785987,0.52785987
0.5783661,0.5783661
0.5475003,0.5475003
0.45108476,0.45108476
0.34748936,0.34748936
0.317115,0.317115
0.3277442,0.3277442
0.3272438,0.3272438
0.31270045,0.31270045
0.32023397,0.32023397
0.3552702,0.3552702
0.37147677,0.37147677
0.39061162,0.39061162
0.39872852,0.39872852
0.41166627,0.41166627
0.4872171,0.4872171
0.53228587,0.53228587
0.5411919,0.5411919
0.586041,0.586041
0.5702013,0.5702013
0.52319574,0.52319574
0.48843014,0.48843014
0.38673228,0.38673228
0.38750413,0.38750413
0.4363349,0.4363349
0.44226238,0.44226238
0.44178018,0.44178018
0.44158298,0.44158298
0.44747055,0.44747055
0.412104,0.412104
0.39681953,0.39681953
0.3748419,0.3748419
0.38257518,0.38257518
0.38246602,0.38246602
0.37796792,0.37796792
0.42209628,0.42209628
0.43229437,0.43229437
0.4392259,0.4392259
0.46809974,0.46809974
0.45484206,0.45484206
0.47476518,0.47476518
0.46024603,0.46024603
0.42848235,0.42848235
0.42361718,0.42361718
0.41420627,0.41420627
0.45407364,0.45407364
0.52327013,0.52327013
0.45906723,0.45906723
0.41528967,0.41528967
0.436068,0.436068
0.41299802,0.41299802
0.44273442,0.44273442
0.52392566,0.52392566
0.4786316,0.4786316
0.44858745,0.44858745
0.553601,0.553601
0.57987815,0.57987815
0.46874014,0.46874014
0.39901847,0.39901847
0.39729157,0.39729157
0.37002861,0.37002861
0.37778804,0.37778804
0.4116407,0.4116407
0.45264795,0.45264795
0.45477477,0.45477477
0.4714305,0.4714305
0.48911175,0.48911175
0.4722304,0.4722304
0.45091942,0.45091942
0.43909466,0.43909466
0.45887035,0.45887035
0.45819333,0.45819333
0.44531313,0.44531313
0.42773297,0.42773297
0.46024558,0.46024558
0.48755568,0.48755568
0.3941804,0.3941804
0.2983679,0.2983679
0.43989488,0.43989488
0.57423943,0.57423943
0.49790093,0.49790093
0.431241,0.431241
0.44768646,0.44768646
0.3850938,0.3850938
0.36436534,0.36436534
0.4847281,0.4847281
0.52448535,0.52448535
0.46003512,0.46003512
0.4759608,0.4759608
0.52858084,0.52858084
0.57767814,0.57767814
0.50345975,0.50345975
0.37574458,0.37574458
0.389393,0.389393
0.41151834,0.41151834
0.4392806,0.4392806
0.4676132,0.4676132
0.48451272,0.48451272
0.4060548,0.4060548
0.37355754,0.37355754
0.42777076,0.42777076
0.42635646,0.42635646
0.43311077,0.43311077
0.40460846,0.40460846
0.42353246,0.42353246
0.50975597,0.50975597
0.51997244,0.51997244
0.4384419,0.4384419
0.36331812,0.36331812
0.40179187,0.40179187
0.42057312,0.42057312
0.3885445,0.3885445
0.38727844,0.38727844
0.4029475,0.4029475
0.39096525,0.39096525
0.35481688,0.35481688
0.35936874,0.35936874
0.38517046,0.38517046
0.3617132,0.3617132
0.3393541,0.3393541
0.32212052,0.32212052
0.3487469,0.3487469
0.36066017,0.36066017
0.35202488,0.35202488
0.36083722,0.36083722
0.36665565,0.36665565
0.3816865,0.3816865
0.44131365,0.44131365
0.5301399,0.5301399
0.55428994,0.55428994
0.55999255,0.55999255
0.63565433,0.63565433
0.59067416,0.59067416
0.47513452,0.47513452
0.49275687,0.49275687
0.47826415,0.47826415
0.4930541,0.4930541
0.49724194,0.49724194
0.4849681,0.4849681
0.514085,0.514085
0.55046916,0.55046916
0.50354207,0.50354207
0.4881957,0.4881957
0.5254452,0.5254452
0.52778316,0.52778316
0.52778316,0.52778316
0.52778316,0.52778316
0.52778316,0.52778316
0.52778316,0.52778316
0.52778316,0.52778316
0.52778316,0.52778316
0.52778316,0.52778316
0.52778316,0.52778316
0.52778316,0.52778316
0.52778316,0.52778316
0.52778316,0.52778316
0.52778316,0.52778316
0.52778316,0.52778316
0.52778316,0.52778316
0.52778316,0.52778316
0.52778316,0.52778316
0.52778316,0.52778316
0.52778316,0.52778316
0.52778316,0.52778316
0.52778316,0.52778316
0.52778316,0.52778316
0.52778316,0.52778316
0.52778316,0.52778316
0.52778316,0.52778316
0.52778316,0.52778316
0.52778316,0.52778316
0.52778316,0.52778316
0.52778316,0.52778316
0.52778316,0.52778316
0.52778316,0.52778316
0.52778316,0.52778316
0.52778316,0.52778316
0.52778316,0.52778316
0.52778316,0.52778316
0.52778316,0.52778316
0.52778316,0.52778316
0.52778316,0.52778316
0.52778316,0.52778316
0.52778316,0.52778316
0.5528967,0.5528967
0.45484856,0.45484856
0.31981468,0.31981468
0.37719765,0.37719765
0.4182158,0.4182158
0.42770416,0.42770416
0.42095855,0.42095855
0.39181852,0.39181852
0.364341,0.364341
0.39982456,0.39982456
0.50716954,0.50716954
0.5603653,0.5603653
0.5534968,0.5534968
0.47139642,0.47139642
0.42014918,0.42014918
0.48758307,0.48758307
0.50633466,0.50633466
0.4828944,0.4828944
0.4425454,0.4425454
0.46389908,0.46389908
0.529841,0.529841
0.48888743,0.48888743
0.42704672,0.42704672
0.45124307,0.45124307
0.5310363,0.5310363
0.6144989,0.6144989
0.56691337,0.56691337
0.4731058,0.4731058
0.5341756,0.5341756
0.59670305,0.59670305
0.5282594,0.5282594
0.5681797,0.5681797
0.58582914,0.58582914
0.531031,0.531031
0.4138419,0.4138419
0.3671018,0.3671018
0.40258205,0.40258205
0.41882986,0.41882986
0.47318932,0.47318932
0.4807877,0.4807877
0.49209672,0.49209672
0.51365983,0.51365983
0.43823305,0.43823305
0.4071527,0.4071527
0.4101689,0.4101689
0.44410303,0.44410303
0.49212873,0.49212873
0.52127177,0.52127177
0.4729923,0.4729923
0.43750095,0.43750095
0.49630138,0.49630138
0.56174016,0.56174016
0.5772462,0.5772462
0.500493,0.500493
0.49197254,0.49197254
0.49467197,0.49467197
0.50109965,0.50109965
0.5220622,0.5220622
0.52280885,0.52280885
0.54781157,0.54781157
0.54922473,0.54922473
0.51520836,0.51520836
0.51224446,0.51224446
0.5254785,0.5254785
0.52300626,0.52300626
0.52778316,0.52778316
0.52778316,0.52778316
0.52778316,0.52778316
0.52778316,0.52778316
0.52778316,0.52778316
0.52778316,0.52778316
0.52778316,0.52778316
0.52778316,0.52778316
0.52778316,0.52778316
0.52778316,0.52778316
0.52778316,0.52778316
0.52778316,0.52778316
0.52778316,0.52778316
0.52778316,0.52778316
0.52778316,0.52778316
0.52778316,0.52778316
0.52778316,0.52778316
0.52778316,0.52778316
0.52778316,0.52778316
0.52778316,0.52778316
0.52778316,0.52778316
0.52778316,0.52778316
0.52778316,0.52778316
0.52778316,0.52778316
0.52778316,0.52778316
0.52778316,0.52778316
0.52778316,0.52778316
0.52778316,0.52778316
0.52778316,0.52778316
0.52778316,0.52778316
0.52778316,0.52778316
0.52778316,0.52778316
0.52778316,0.52778316
0.52778316,0.52778316
0.52778316,0.52778316
0.52778316,0.52778316
0.52778316,0.52778316
0.52778316,0.52778316
0.52778316,0.52778316
0.52778316,0.52778316
0.52778316,0.52778316
0.52778316,0.52778316
0.52778316,0.52778316
0.52778316,0.52778316
0.52778316,0.52778316
0.52778316,0.52778316
0.52778316,0.52778316
0.52778316,0.52778316
0.52778316,0.52778316
0.52778316,0.52778316
0.52778316,0.52778316
0.52778316,0.52778316
0.52778316,0.52778316
0.52778316,0.52778316
0.52778316,0.52778316
0.52778316,0.52778316
0.52778316,0.52778316
0.52778316,0.52778316
0.52778316,0.52778316
0.52778316,0.52778316
0.52778316,0.52778316
0.52778316,0.52778316
0.52778316,0.52778316
0.52778316,0.52778316
0.52778316,0.52778316
0.52778316,0.52778316
0.52778316,0.52778316
0.52778316,0.52778316
0.52778316,0.52778316
0.52778316,0.52778316
0.52778316,0.52778316
0.52778316,0.52778316
0.52778316,0.52778316
0.52778316,0.52778316
0.52778316,0.52778316
0.52778316,0.52778316
0.52778316,0.52778316
0.52778316,0.52778316
0.52778316,0.52778316
0.52778316,0.52778316
0.52778316,0.52778316
0.52778316,0.52778316
0.52778316,0.52778316
0.52778316,0.52778316
0.52778316,0.52778316
0.52778316,0.52778316
0.52778316,0.52778316
0.52778316,0.52778316
0.52778316,0.52778316
0.52778316,0.52778316
0.52778316,0.52778316
0.52778316,0.52778316
0.52778316,0.52778316
0.52778316,0.52778316
0.52778316,0.52778316
0.52778316,0.52778316
0.52778316,0.52778316
0.52778316,0.52778316
0.52778316,0.52778316
0.52778316,0.52778316
0.52778316,0.52778316
0.52778316,0.52778316
0.52778316,0.52778316
0.52778316,0.52778316
0.52778316,0.52778316
0.52778316,0.52778316
0.52778316,0.52778316
0.52778316,0.52778316
0.52778316,0.52778316
0.52778316,0.52778316
0.52778316,0.52778316
0.52778316,0.52778316
0.52778316,0.52778316
0.52778316,0.52778316
0.52778316,0.52778316
0.52778316,0.52778316
0.52778316,0.52778316
0.52778316,0.52778316
0.52778316,0.52778316
0.52778316,0.52778316
0.52778316,0.52778316
0.52778316,0.52778316
0.52778316,0.52778316
0.52778316,0.52778316
0.52778316,0.52778316
0.52778316,0.52778316
0.52778316,0.52778316
0.52778316,0.52778316
0.52778316,0.52778316
0.52778316,0.52778316
0.52778316,0.52778316
0.52778316,0.52778316
0.52778316,0.52778316
0.52778316,0.52778316
0.52778316,0.52778316
0.52778316,0.52778316
0.52778316,0.52778316
0.52778316,0.52778316
0.52778316,0.52778316
0.52778316,0.52778316
0.52778316,0.52778316
0.52778316,0.52778316
0.52778316,0.52778316
0.52778316,0.52778316
0.52778316,0.52778316
0.52778316,0.52778316
0.52778316,0.52778316
0.52778316,0.52778316
0.52778316,0.52778316
0.52778316,0.52778316
0.52778316,0.52778316
0.52778316,0.52778316
0.52778316,0.52778316
0.52778316,0.52778316
0.52778316,0.52778316
0.52778316,0.52778316
0.52778316,0.52778316
0.53116816,0.53116816
0.53427964,0.53427964
0.46723878,0.46723878
0.42663217,0.42663217
0.4944487,0.4944487
0.56300205,0.56300205
0.49892318,0.49892318
0.4394165,0.4394165
0.570254,0.570254
0.5385847,0.5385847
0.49693584,0.49693584
0.5168318,0.5168318
0.49854925,0.49854925
0.5636607,0.5636607
0.5685484,0.5685484
0.57711947,0.57711947
0.51293916,0.51293916
0.48393977,0.48393977
0.4842678,0.4842678
0.44951147,0.44951147
0.45925015,0.45925015
0.4101184,0.4101184
0.41503054,0.41503054
0.44212902,0.44212902
0.4506136,0.4506136
0.44382152,0.44382152
0.41509175,0.41509175
0.41858345,0.41858345
0.46559268,0.46559268
0.5482685,0.5482685
0.6226872,0.6226872
0.5357223,0.5357223
0.418531,0.418531
0.3974205,0.3974205
0.4542207,0.4542207
0.48149714,0.48149714
0.42520338,0.42520338
0.45661795,0.45661795
0.46816802,0.46816802
0.4702373,0.4702373
0.45839807,0.45839807
0.42025942,0.42025942
0.40146777,0.40146777
0.36652422,0.36652422
0.33838016,0.33838016
0.37763998,0.37763998
0.38020685,0.38020685
0.40248212,0.40248212
0.40891534,0.40891534
0.40756345,0.40756345
0.5093515,0.5093515
0.6040615,0.6040615
0.5891036,0.5891036
0.4802133,0.4802133
0.48621783,0.48621783
0.5539552,0.5539552
0.54724216,0.54724216
0.474577,0.474577
0.3899233,0.3899233
0.5080878,0.5080878
0.6102488,0.6102488
0.62311816,0.62311816
0.5084339,0.5084339
0.39767244,0.39767244
0.44770733,0.44770733
0.465592,0.465592
0.46574056,0.46574056
0.4937128,0.4937128
0.49083316,0.49083316
0.42805874,0.42805874
0.44224918,0.44224918
0.4633155,0.4633155
0.47157106,0.47157106
0.47609204,0.47609204
0.45257884,0.45257884
0.49201792,0.49201792
0.54281276,0.54281276
0.49209282,0.49209282
0.48385802,0.48385802
0.52010185,0.52010185
0.5601281,0.5601281
0.6005295,0.6005295
0.5967966,0.5967966
0.58451957,0.58451957
0.54592234,0.54592234
0.48217332,0.48217332
0.47381043,0.47381043
0.47291997,0.47291997
0.49512252,0.49512252
0.5035394,0.5035394
0.48165393,0.48165393
0.48554054,0.48554054
0.5202781,0.5202781
0.52778316,0.52778316
0.52778316,0.52778316
0.52778316,0.52778316
0.52778316,0.52778316
0.52778316,0.52778316
0.52778316,0.52778316
0.52778316,0.52778316
0.52778316,0.52778316
0.52778316,0.52778316
0.52778316,0.52778316
0.52778316,0.52778316
0.52778316,0.52778316
0.52778316,0.52778316
0.52778316,0.52778316
0.52778316,0.52778316
0.52778316,0.52778316
0.52778316,0.52778316
0.52778316,0.52778316
0.52778316,0.52778316
0.52778316,0.52778316
0.52778316,0.52778316
0.52778316,0.52778316
0.52778316,0.52778316
0.52778316,0.52778316
0.52778316,0.52778316
0.52778316,0.52778316
0.52778316,0.52778316
0.52778316,0.52778316
0.52778316,0.52778316
0.52778316,0.52778316
0.52778316,0.52778316
0.52778316,0.52778316
0.52778316,0.52778316
0.52778316,0.52778316
0.52778316,0.52778316
0.52778316,0.52778316
0.52778316,0.52778316
0.52778316,0.52778316
0.52778316,0.52778316
0.52778316,0.52778316
0.52778316,0.52778316
0.52778316,0.52778316
0.52778316,0.52778316
0.52778316,0.52778316
0.52778316,0.52778316
0.52778316,0.52778316
0.52778316,0.52778316
0.52778316,0.52778316
0.52778316,0.52778316
0.52147543,0.52147543
0.48263374,0.48263374
0.43809023,0.43809023
0.43202856,0.43202856
0.4389138,0.4389138
0.4747876,0.4747876
0.50157934,0.50157934
0.5408008,0.5408008
0.4839852,0.4839852
0.3811334,0.3811334
0.5066515,0.5066515
0.60939056,0.60939056
0.5051133,0.5051133
0.41098034,0.41098034
0.41540262,0.41540262
0.40858674,0.40858674
0.40813124,0.40813124
0.47555682,0.47555682
0.5421448,0.5421448
0.55621034,0.55621034
0.56440926,0.56440926
0.46498707,0.46498707
0.47520408,0.47520408
0.5489273,0.5489273
0.4740362,0.4740362
0.42981398,0.42981398
0.4220667,0.4220667
0.45194736,0.45194736
0.48323616,0.48323616
0.455006,0.455006
0.50054646,0.50054646
0.58703196,0.58703196
0.5759144,0.5759144
0.5785363,0.5785363
0.67592436,0.67592436
0.7331282,0.7331282
0.60540235,0.60540235
0.5097968,0.5097968
0.50956875,0.50956875
0.50299454,0.50299454
0.51568633,0.51568633
0.53298074,0.53298074
0.5113306,0.5113306
0.46320534,0.46320534
0.45518985,0.45518985
0.49365517,0.49365517
0.46007878,0.46007878
0.40620786,0.40620786
0.42451787,0.42451787
0.4902689,0.4902689
0.4662799,0.4662799
0.40685198,0.40685198
0.4111843,0.4111843
0.37110263,0.37110263
0.44921008,0.44921008
0.57048965,0.57048965
0.58918184,0.58918184
0.49008664,0.49008664
0.38968426,0.38968426
0.47568926,0.47568926
0.5427675,0.5427675
0.4681537,0.4681537
0.41936305,0.41936305
0.471124,0.471124
0.56001467,0.56001467
0.5522002,0.5522002
0.49085993,0.49085993
0.5200139,0.5200139
0.57429355,0.57429355
0.5627774,0.5627774
0.55925256,0.55925256
0.5611229,0.5611229
0.48251367,0.48251367
0.42978886,0.42978886
0.4081871,0.4081871
0.3957233,0.3957233
0.388501,0.388501
0.386477,0.386477
0.413575,0.413575
0.4128509,0.4128509
0.41679204,0.41679204
0.4397935,0.4397935
0.4790486,0.4790486
0.59080416,0.59080416
0.5790859,0.5790859
0.5133938,0.5133938
0.539754,0.539754
0.5568322,0.5568322
0.576958,0.576958
0.6093641,0.6093641
0.5862104,0.5862104
0.47030574,0.47030574
0.4008297,0.4008297
0.41611332,0.41611332
0.4108703,0.4108703
0.3877012,0.3877012
0.41313457,0.41313457
0.41752213,0.41752213
0.41244462,0.41244462
0.4362836,0.4362836
0.4462832,0.4462832
0.44319174,0.44319174
0.49589002,0.49589002
0.5261067,0.5261067
0.48892313,0.48892313
0.54606503,0.54606503
0.61670405,0.61670405
0.5695013,0.5695013
0.49666137,0.49666137
0.49732506,0.49732506
0.4814322,0.4814322
0.49709558,0.49709558
0.5260656,0.5260656
0.5049958,0.5049958
0.48919836,0.48919836
0.5050325,0.5050325
0.467786,0.467786
0.4421323,0.4421323
0.48899534,0.48899534
0.52778316,0.52778316
0.52778316,0.52778316
0.52778316,0.52778316
0.52778316,0.52778316
0.52778316,0.52778316
0.52778316,0.52778316
0.52778316,0.52778316
0.528136,0.528136
0.56070065,0.56070065
0.5433552,0.5433552
0.49657163,0.49657163
0.5084348,0.5084348
0.48670837,0.48670837
0.4981327,0.4981327
0.54701084,0.54701084
0.5287456,0.5287456
0.49683622,0.49683622
0.49889785,0.49889785
0.471945,0.471945
0.4616185,0.4616185
0.5166661,0.5166661
0.5378999,0.5378999
0.52778316,0.52778316
0.52778316,0.52778316
0.52778316,0.52778316
0.52778316,0.52778316
0.52778316,0.52778316
0.52778316,0.52778316
0.52778316,0.52778316
0.52778316,0.52778316
0.52778316,0.52778316
0.52778316,0.52778316
0.52778316,0.52778316
0.52778316,0.52778316
0.52778316,0.52778316
0.52778316,0.52778316
0.55069566,0.55069566
0.5220298,0.5220298
0.46008313,0.46008313
0.43013814,0.43013814
0.4264948,0.4264948
0.42794275,0.42794275
0.42163453,0.42163453
0.4255252,0.4255252
0.4576178,0.4576178
0.45971507,0.45971507
0.3984711,0.3984711
0.4113494,0.4113494
0.47140634,0.47140634
0.52651566,0.52651566
0.59024644,0.59024644
0.55552727,0.55552727
0.5847444,0.5847444
0.6368161,0.6368161
0.6278385,0.6278385
0.5887128,0.5887128
0.48754296,0.48754296
0.4911663,0.4911663
0.5016117,0.5016117
0.5100637,0.5100637
0.4908341,0.4908341
0.49160218,0.49160218
0.5028175,0.5028175
0.49404296,0.49404296
0.52556926,0.52556926
0.5430732,0.5430732
0.52738947,0.52738947
0.52778316,0.52778316
0.52778316,0.52778316
0.52778316,0.52778316
0.52778316,0.52778316
0.52778316,0.52778316
0.52778316,0.52778316
0.52820957,0.52820957
0.50162125,0.50162125
0.45266622,0.45266622
0.45019174,0.45019174
0.4164186,0.4164186
0.37764266,0.37764266
0.3927217,0.3927217
0.38528594,0.38528594
0.3862078,0.3862078
0.4059699,0.4059699
0.42016605,0.42016605
0.4235034,0.4235034
0.43066213,0.43066213
0.43282133,0.43282133
0.43054858,0.43054858
0.44175586,0.44175586
0.5241726,0.5241726
0.5779737,0.5779737
0.5600377,0.5600377
0.5477893,0.5477893
0.6072675,0.6072675
0.7086451,0.7086451
0.6532083,0.6532083
0.565148,0.565148
0.5270722,0.5270722
0.49741918,0.49741918
0.5206627,0.5206627
0.5053893,0.5053893
0.4710329,0.4710329
0.48064303,0.48064303
0.51267296,0.51267296
0.53045094,0.53045094
0.53006554,0.53006554
0.5227857,0.5227857
0.46051073,0.46051073
0.3843386,0.3843386
0.37807715,0.37807715
0.42002833,0.42002833
0.43217415,0.43217415
0.42937344,0.42937344
0.47493306,0.47493306
0.5100578,0.5100578
0.57862014,0.57862014
0.63944465,0.63944465
0.5747563,0.5747563
0.48440966,0.48440966
0.4808685,0.4808685
0.53932154,0.53932154
0.5302161,0.5302161
0.5174891,0.5174891
0.5218454,0.5218454
0.5099368,0.5099368
0.5191947,0.5191947
0.5269474,0.5269474
0.53576994,0.53576994
0.5349269,0.5349269
0.52778316,0.52778316
0.52778316,0.52778316
0.52778316,0.52778316
0.52778316,0.52778316
0.52778316,0.52778316
0.52778316,0.52778316
0.52778316,0.52778316
0.52778316,0.52778316
0.52778316,0.52778316
0.52778316,0.52778316
0.52849275,0.52849275
0.5109665,0.5109665
0.47415423,0.47415423
0.48857883,0.48857883
0.4717437,0.4717437
0.402032,0.402032
0.38066447,0.38066447
0.40701082,0.40701082
0.42212158,0.42212158
0.43584648,0.43584648
0.542105,0.542105
0.6351093,0.6351093
0.5919268,0.5919268
0.6087184,0.6087184
0.65153706,0.65153706
0.5532484,0.5532484
0.49364987,0.49364987
0.5036501,0.5036501
0.5353338,0.5353338
0.52015984,0.52015984
0.50033605,0.50033605
0.49014482,0.49014482
0.44590497,0.44590497
0.4278864,0.4278864
0.40139183,0.40139183
0.3592826,0.3592826
0.34704992,0.34704992
0.38848943,0.38848943
0.40758076,0.40758076
0.45325652,0.45325652
0.53493,0.53493
0.5625124,0.5625124
0.47111017,0.47111017
0.40283653,0.40283653
0.4244683,0.4244683
0.43215904,0.43215904
0.4484419,0.4484419
0.46189764,0.46189764
0.5066646,0.5066646
0.5582893,0.5582893
0.587739,0.587739
0.56392425,0.56392425
0.5728838,0.5728838
0.55120045,0.55120045
0.4633559,0.4633559
0.45687252,0.45687252
0.4844404,0.4844404
0.48364663,0.48364663
0.4569322,0.4569322
0.42210606,0.42210606
0.40101254,0.40101254
0.46328774,0.46328774
0.5833289,0.5833289
0.62522995,0.62522995
0.54455084,0.54455084
0.4316275,0.4316275
0.4711504,0.4711504
0.51289797,0.51289797
0.44980022,0.44980022
0.4362673,0.4362673
0.51593816,0.51593816
0.53821886,0.53821886
0.4650874,0.4650874
0.4275095,0.4275095
0.41192243,0.41192243
0.41447574,0.41447574
0.41279662,0.41279662
0.4460645,0.4460645
0.4558378,0.4558378
0.44180736,0.44180736
0.5309963,0.5309963
0.5898213,0.5898213
0.5965115,0.5965115
0.53088313,0.53088313
0.4479893,0.4479893
0.44651246,0.44651246
0.49814445,0.49814445
0.58539104,0.58539104
0.5715641,0.5715641
0.4801692,0.4801692
0.43004015,0.43004015
0.42284247,0.42284247
0.43432373,0.43432373
0.4508896,0.4508896
0.42423394,0.42423394
0.41974702,0.41974702
0.50321627,0.50321627
0.5751776,0.5751776
0.4498094,0.4498094
0.39322832,0.39322832
0.46406502,0.46406502
0.44054365,0.44054365
0.48044118,0.48044118
0.5590335,0.5590335
0.5350438,0.5350438
0.4839726,0.4839726
0.4771547,0.4771547
0.49137667,0.49137667
0.49032193,0.49032193
0.46936184,0.46936184
0.43747115,0.43747115
0.42206252,0.42206252
0.4397255,0.4397255
0.50103533,0.50103533
0.5766419,0.5766419
0.5723045,0.5723045
0.47503707,0.47503707
0.42235744,0.42235744
0.4320225,0.4320225
0.5379057,0.5379057
0.58568746,0.58568746
0.51049703,0.51049703
0.48157975,0.48157975
0.4180037,0.4180037
0.42972198,0.42972198
0.5103909,0.5103909
0.50447965,0.50447965
0.39648724,0.39648724
0.342603,0.342603
0.45606735,0.45606735
0.53613937,0.53613937
0.4711602,0.4711602
0.40593666,0.40593666
0.42065835,0.42065835
0.42982164,0.42982164
0.39744875,0.39744875
0.47905684,0.47905684
0.5203702,0.5203702
0.43993992,0.43993992
0.40859118,0.40859118
0.40692523,0.40692523
0.43742535,0.43742535
0.533896,0.533896
0.51798755,0.51798755
0.48315528,0.48315528
0.42829564,0.42829564
0.333849,0.333849
0.37504697,0.37504697
0.37901756,0.37901756
0.48551038,0.48551038
0.5648087,0.5648087
0.45217717,0.45217717
0.3868962,0.3868962
0.38963786,0.38963786
0.4406354,0.4406354
0.51196605,0.51196605
0.52180886,0.52180886
0.41293684,0.41293684
0.37068394,0.37068394
0.45749852,0.45749852
0.44699135,0.44699135
0.40585187,0.40585187
0.42075658,0.42075658
0.44575864,0.44575864
0.5224566,0.5224566
0.5827159,0.5827159
0.56601655,0.56601655
0.46238083,0.46238083
0.41810802,0.41810802
0.4623922,0.4623922
0.5505805,0.5505805
0.62622947,0.62622947
0.5742991,0.5742991
0.5344196,0.5344196
0.5519248,0.5519248
0.58370656,0.58370656
0.61577314,0.61577314
0.5603021,0.5603021
0.47515538,0.47515538
0.44541293,0.44541293
0.47766197,0.47766197
0.5489074,0.5489074
0.5106385,0.5106385
0.43794763,0.43794763
0.43157035,0.43157035
0.4799762,0.4799762
0.50381845,0.50381845
0.4676943,0.4676943
0.51047146,0.51047146
0.5464799,0.5464799
0.52778316,0.52778316
0.52778316,0.52778316
0.52778316,0.52778316
0.52778316,0.52778316
0.52778316,0.52778316
0.52778316,0.52778316
0.52778316,0.52778316
0.52778316,0.52778316
0.52778316,0.52778316
0.52778316,0.52778316
0.52778316,0.52778316
0.52778316,0.52778316
0.52778316,0.52778316
0.52778316,0.52778316
0.52778316,0.52778316
0.52778316,0.52778316
0.52778316,0.52778316
0.52778316,0.52778316
0.52778316,0.52778316
0.52778316,0.52778316
0.52778316,0.52778316
0.52778316,0.52778316
0.52778316,0.52778316
0.52778316,0.52778316
0.52778316,0.52778316
0.52778316,0.52778316
0.52778316,0.52778316
0.52778316,0.52778316
0.52778316,0.52778316
0.52778316,0.52778316
0.52778316,0.52778316
0.52778316,0.52778316
0.52778316,0.52778316
0.52778316,0.52778316
0.52778316,0.52778316
0.52778316,0.52778316
0.52778316,0.52778316
0.52778316,0.52778316
0.52778316,0.52778316
0.52778316,0.52778316
0.52778316,0.52778316
0.52778316,0.52778316
0.52778316,0.52778316
0.52778316,0.52778316
0.52778316,0.52778316
0.52778316,0.52778316
0.52778316,0.52778316
0.52778316,0.52778316
0.52778316,0.52778316
0.52778316,0.52778316
0.52778316,0.52778316
0.52778316,0.52778316
0.52778316,0.52778316
0.52778316,0.52778316
0.52778316,0.52778316
0.52778316,0.52778316
0.52778316,0.52778316
0.52778316,0.52778316
0.52778316,0.52778316
0.52778316,0.52778316
0.49867326,0.49867326
0.50829643,0.50829643
0.5575192,0.5575192
0.47702706,0.47702706
0.38941354,0.38941354
0.35915908,0.35915908
0.46667296,0.46667296
0.55709094,0.55709094
0.49790102,0.49790102
0.4732549,0.4732549
0.4954559,0.4954559
0.5594421,0.5594421
0.6108621,0.6108621
0.562986,0.562986
0.48878387,0.48878387
0.49557242,0.49557242
0.6097951,0.6097951
0.615345,0.615345
0.54227555,0.54227555
0.4618753,0.4618753
0.40680164,0.40680164
0.45253608,0.45253608
0.47993195,0.47993195
0.50576556,0.50576556
0.47223628,0.47223628
0.44965893,0.44965893
0.47165513,0.47165513
0.43741152,0.43741152
0.4229513,0.4229513
0.48294032,0.48294032
0.5508491,0.5508491
0.5953042,0.5953042
0.5717501,0.5717501
0.49746698,0.49746698
0.43916652,0.43916652
0.45817915,0.45817915
0.45312807,0.45312807
0.42344978,0.42344978
0.41372624,0.41372624
0.4735813,0.4735813
0.5579237,0.5579237
0.44990432,0.44990432
0.41294426,0.41294426
0.48211786,0.48211786
0.5336975,0.5336975
0.6332566,0.6332566
0.59785086,0.59785086
0.5196602,0.5196602
0.51973045,0.51973045
0.42229724,0.42229724
0.36179724,0.36179724
0.43071622,0.43071622
0.43595937,0.43595937
0.42068225,0.42068225
0.5047256,0.5047256
0.5959801,0.5959801
0.51342714,0.51342714
0.43799108,0.43799108
0.46423936,0.46423936
0.4649984,0.4649984
0.45101634,0.45101634
0.4251427,0.4251427
0.40507197,0.40507197
0.4038455,0.4038455
0.4353162,0.4353162
0.49509752,0.49509752
0.43957368,0.43957368
0.40336785,0.40336785
0.47206327,0.47206327
0.51664346,0.51664346
0.53987813,0.53987813
0.5273866,0.5273866
0.4640912,0.4640912
0.41936174,0.41936174
0.45870054,0.45870054
0.5642278,0.5642278
0.6095575,0.6095575
0.50459003,0.50459003
0.4306196,0.4306196
0.46707997,0.46707997
0.430746,0.430746
0.38628933,0.38628933
0.49342483,0.49342483
0.57534444,0.57534444
0.57959086,0.57959086
0.58504236,0.58504236
0.5953808,0.5953808
0.62941164,0.62941164
0.649377,0.649377
0.5740628,0.5740628
0.48123655,0.48123655
0.5163082,0.5163082
0.53609157,0.53609157
0.52410924,0.52410924
0.54091156,0.54091156
0.5517797,0.5517797
0.5498891,0.5498891
0.44957417,0.44957417
0.39918774,0.39918774
0.48694032,0.48694032
0.5761447,0.5761447
0.554709,0.554709
0.5321512,0.5321512
0.47996554,0.47996554
0.43089107,0.43089107
0.43910253,0.43910253
0.46451876,0.46451876
0.5057962,0.5057962
0.55658245,0.55658245
0.5761325,0.5761325
0.5295479,0.5295479
0.46233788,0.46233788
0.41842416,0.41842416
0.47761256,0.47761256
0.4494195,0.4494195
0.38990235,0.38990235
0.42844075,0.42844075
0.45900133,0.45900133
0.49419415,0.49419415
0.5165357,0.5165357
0.5114389,0.5114389
0.53823364,0.53823364
0.50915855,0.50915855
0.4217966,0.4217966
0.39677334,0.39677334
0.39419064,0.39419064
0.38423017,0.38423017
0.37677583,0.37677583
0.40163186,0.40163186
0.4899735,0.4899735
0.5584769,0.5584769
0.5468794,0.5468794
0.48941597,0.48941597
0.52943116,0.52943116
0.57704544,0.57704544
0.49651387,0.49651387
0.47252277,0.47252277
0.50677204,0.50677204
0.5355004,0.5355004
0.57184845,0.57184845
0.56361294,0.56361294
0.48249993,0.48249993
0.42972147,0.42972147
0.4535697,0.4535697
0.47926712,0.47926712
0.5131825,0.5131825
0.49054217,0.49054217
0.46580613,0.46580613
0.51710224,0.51710224
0.49989304,0.49989304
0.4675781,0.4675781
0.49837133,0.49837133
0.5103985,0.5103985
0.4858805,0.4858805
0.43446797,0.43446797
0.42591718,0.42591718
0.42929885,0.42929885
0.41772607,0.41772607
0.42187837,0.42187837
0.48309556,0.48309556
0.50661093,0.50661093
0.47037774,0.47037774
0.47476798,0.47476798
0.48802093,0.48802093
0.4970503,0.4970503
0.48854998,0.48854998
0.47137552,0.47137552
0.488933,0.488933
0.45917088,0.45917088
0.4684623,0.4684623
0.6115857,0.6115857
0.5780955,0.5780955
0.4760764,0.4760764
0.51719475,0.51719475
0.53015316,0.53015316
0.5078732,0.5078732
0.52952105,0.52952105
0.57053983,0.57053983
0.5654044,0.5654044
0.528917,0.528917
0.5309495,0.5309495
0.5501293,0.5501293
0.56760955,0.56760955
0.522662,0.522662
0.49397787,0.49397787
0.5236601,0.5236601
0.5152176,0.5152176
0.50251603,0.50251603
0.52239305,0.52239305
0.50737745,0.50737745
0.4485231,0.4485231
0.43244666,0.43244666
0.47657964,0.47657964
0.4771436,0.4771436
0.46013796,0.46013796
0.43592194,0.43592194
0.4834852,0.4834852
0.5285038,0.5285038
0.45723,0.45723
0.44085056,0.44085056
0.4511493,0.4511493
0.4494037,0.4494037
0.42070815,0.42070815
0.44278178,0.44278178
0.46577698,0.46577698
0.44500774,0.44500774
0.5320596,0.5320596
0.6468478,0.6468478
0.7023361,0.7023361
0.6502221,0.6502221
0.54559785,0.54559785
0.49275747,0.49275747
0.4849044,0.4849044
0.48278505,0.48278505
0.48664135,0.48664135
0.47954553,0.47954553
0.4959776,0.4959776
0.46478114,0.46478114
0.4516783,0.4516783
0.45952973,0.45952973
0.45434266,0.45434266
0.4520481,0.4520481
0.452874,0.452874
0.46753418,0.46753418
0.43781763,0.43781763
0.51710224,0.51710224
0.6011466,0.6011466
0.49755323,0.49755323
0.462594,0.462594
0.48668027,0.48668027
0.4607882,0.4607882
0.39911124,0.39911124
0.39254025,0.39254025
0.43615246,0.43615246
0.4229912,0.4229912
0.45207787,0.45207787
0.46022326,0.46022326
0.4202656,0.4202656
0.40981713,0.40981713
0.4083448,0.4083448
0.3901744,0.3901744
0.34785765,0.34785765
0.40286925,0.40286925
0.44606003,0.44606003
0.4257388,0.4257388
0.4393845,0.4393845
0.47886163,0.47886163
0.5143702,0.5143702
0.46075523,0.46075523
0.45097196,0.45097196
0.43985558,0.43985558
0.43853536,0.43853536
0.5320796,0.5320796
0.5152005,0.5152005
0.40717804,0.40717804
0.3821386,0.3821386
0.49011272,0.49011272
0.5954526,0.5954526
0.6077388,0.6077388
0.6299142,0.6299142
0.591861,0.591861
0.4452084,0.4452084
0.37233815,0.37233815
0.3900737,0.3900737
0.4321531,0.4321531
0.45244867,0.45244867
0.44937918,0.44937918
0.46033284,0.46033284
0.4507943,0.4507943
0.4030267,0.4030267
0.408585,0.408585
0.4444874,0.4444874
0.49236536,0.49236536
0.5431133,0.5431133
0.59512854,0.59512854
0.6118677,0.6118677
0.54655856,0.54655856
0.47972515,0.47972515
0.47807536,0.47807536
0.50251406,0.50251406
0.49215397,0.49215397
0.4926456,0.4926456
0.5177995,0.5177995
0.5258675,0.5258675
0.49356338,0.49356338
0.50446415,0.50446415
0.532427,0.532427
0.52778316,0.52778316
0.52778316,0.52778316
0.52778316,0.52778316
0.52778316,0.52778316
0.52778316,0.52778316
0.52778316,0.52778316
0.52778316,0.52778316
0.52778316,0.52778316
0.52778316,0.52778316
0.53221816,0.53221816
0.5055141,0.5055141
0.476166,0.476166
0.4655213,0.4655213
0.45043397,0.45043397
0.45792055,0.45792055
0.4377794,0.4377794
0.41469184,0.41469184
0.41782394,0.41782394
0.4177749,0.4177749
0.41475514,0.41475514
0.41688746,0.41688746
0.42300367,0.42300367
0.41990376,0.41990376
0.41223732,0.41223732
0.4433922,0.4433922
0.49949256,0.49949256
0.5213857,0.5213857
0.497669,0.497669
0.4766572,0.4766572
0.5346103,0.5346103
0.58363336,0.58363336
0.5164926,0.5164926
0.45689556,0.45689556
0.42110696,0.42110696
0.4070664,0.4070664
0.421182,0.421182
0.41781092,0.41781092
0.44890606,0.44890606
0.45492458,0.45492458
0.43077126,0.43077126
0.42929104,0.42929104
0.41169006,0.41169006
0.44881505,0.44881505
0.46879575,0.46879575
0.4402155,0.4402155
0.42854708,0.42854708
0.4412525,0.4412525
0.4591918,0.4591918
0.510235,0.510235
0.49163496,0.49163496
0.40875527,0.40875527
0.3836137,0.3836137
0.40558615,0.40558615
0.45421496,0.45421496
0.5081212,0.5081212
0.51806873,0.51806873
0.531454,0.531454
0.5754686,0.5754686
0.50768024,0.50768024
0.44406268,0.44406268
0.52318203,0.52318203
0.61580575,0.61580575
0.6285881,0.6285881
0.6405928,0.6405928
0.5379798,0.5379798
0.43777072,0.43777072
0.45236528,0.45236528
0.46278325,0.46278325
0.41884217,0.41884217
0.37751648,0.37751648
0.38713512,0.38713512
0.42602006,0.42602006
0.5492098,0.5492098
0.57315886,0.57315886
0.47684824,0.47684824
0.4630318,0.4630318
0.45793295,0.45793295
0.46473292,0.46473292
0.47562408,0.47562408
0.54003453,0.54003453
0.5813226,0.5813226
0.56087214,0.56087214
0.48115996,0.48115996
0.4062086,0.4062086
0.39449158,0.39449158
0.37925932,0.37925932
0.39346698,0.39346698
0.3950379,0.3950379
0.38944232,0.38944232
0.4235471,0.4235471
0.44840273,0.44840273
0.4306413,0.4306413
0.42087618,0.42087618
0.46688488,0.46688488
0.54573345,0.54573345
0.55816823,0.55816823
0.57302547,0.57302547
0.5489879,0.5489879
0.53125304,0.53125304
0.53135985,0.53135985
0.48522618,0.48522618
0.44780737,0.44780737
0.4586294,0.4586294
0.49475843,0.49475843
0.48940042,0.48940042
0.49083078,0.49083078
0.5121803,0.5121803
0.5234358,0.5234358
0.52778316,0.52778316
0.52778316,0.52778316
0.52778316,0.52778316
0.52778316,0.52778316
0.52778316,0.52778316
0.52778316,0.52778316
0.52778316,0.52778316
0.52778316,0.52778316
0.52778316,0.52778316
0.52778316,0.52778316
0.52778316,0.52778316
0.52778316,0.52778316
0.53308314,0.53308314
0.56437385,0.56437385
0.5749773,0.5749773
0.53383017,0.53383017
0.52122897,0.52122897
0.52676535,0.52676535
0.5235113,0.5235113
0.5716921,0.5716921
0.55613387,0.55613387
0.48687717,0.48687717
0.5136355,0.5136355
0.5910572,0.5910572
0.5342904,0.5342904
0.43472466,0.43472466
0.41386726,0.41386726
0.46030694,0.46030694
0.5518277,0.5518277
0.5775017,0.5775017
0.54631954,0.54631954
0.5119843,0.5119843
0.46625897,0.46625897
0.42119882,0.42119882
0.45155624,0.45155624
0.43811786,0.43811786
0.38879567,0.38879567
0.39615813,0.39615813
0.4230627,0.4230627
0.4239853,0.4239853
0.4236019,0.4236019
0.41612026,0.41612026
0.50042176,0.50042176
0.6055915,0.6055915
0.6322374,0.6322374
0.61243224,0.61243224
0.5245727,0.5245727
0.46122414,0.46122414
0.49595755,0.49595755
0.49574864,0.49574864
0.47238764,0.47238764
0.47226575,0.47226575
0.46354496,0.46354496
0.5235572,0.5235572
0.50243,0.50243
0.44412705,0.44412705
0.44342598,0.44342598
0.43678516,0.43678516
0.43959546,0.43959546
0.45473024,0.45473024
0.43707487,0.43707487
0.417939,0.417939
0.43840823,0.43840823
0.4254733,0.4254733
0.41047966,0.41047966
0.42798665,0.42798665
0.42152822,0.42152822
0.4315661,0.4315661
0.45066792,0.45066792
0.4131149,0.4131149
0.3720672,0.3720672
0.38804194,0.38804194
0.4185639,0.4185639
0.44093198,0.44093198
0.50690335,0.50690335
0.531916,0.531916
0.49148944,0.49148944
0.52860767,0.52860767
0.5741825,0.5741825
0.57769036,0.57769036
0.56076175,0.56076175
0.5284453,0.5284453
0.54936284,0.54936284
0.5381349,0.5381349
0.49438432,0.49438432
0.4503073,0.4503073
0.4722123,0.4722123
0.521703,0.521703
0.46808398,0.46808398
0.41043484,0.41043484
0.47224385,0.47224385
0.5286597,0.5286597
0.52778316,0.52778316
0.52778316,0.52778316
0.52778316,0.52778316
0.52778316,0.52778316
0.52778316,0.52778316
0.52778316,0.52778316
0.52778316,0.52778316
0.52420366,0.52420366
0.46590248,0.46590248
0.45389757,0.45389757
0.4875961,0.4875961
0.5011433,0.5011433
0.5054873,0.5054873
0.48778224,0.48778224
0.4801919,0.4801919
0.46821257,0.46821257
0.455,0.455
0.46193004,0.46193004
0.46108216,0.46108216
0.42207688,0.42207688
0.39534697,0.39534697
0.42832366,0.42832366
0.44416526,0.44416526
0.52252567,0.52252567
0.57734376,0.57734376
0.6273897,0.6273897
0.6308579,0.6308579
0.48502758,0.48502758
0.37778905,0.37778905
0.38490564,0.38490564
0.40524632,0.40524632
0.4419882,0.4419882
0.5258684,0.5258684
0.5552073,0.5552073
0.48875433,0.48875433
0.44897032,0.44897032
0.44668645,0.44668645
0.5044201,0.5044201
0.5154467,0.5154467
0.47856724,0.47856724
0.44886857,0.44886857
0.44422483,0.44422483
0.4669388,0.4669388
0.43628126,0.43628126
0.5311041,0.5311041
0.6006685,0.6006685
0.50700766,0.50700766
0.44451383,0.44451383
0.44275206,0.44275206
0.490464,0.490464
0.4631093,0.4631093
0.41159856,0.41159856
0.3995966,0.3995966
0.5503806,0.5503806
0.6646071,0.6646071
0.5889619,0.5889619
0.4745819,0.4745819
0.4604819,0.4604819
0.49463978,0.49463978
0.489388,0.489388
0.46919438,0.46919438
0.4781025,0.4781025
0.53987646,0.53987646
0.5837007,0.5837007
0.5893305,0.5893305
0.48117176,0.48117176
0.43404746,0.43404746
0.48154396,0.48154396
0.4703643,0.4703643
0.44641468,0.44641468
0.4440151,0.4440151
0.47852027,0.47852027
0.4943612,0.4943612
0.50140315,0.50140315
0.5794836,0.5794836
0.55742776,0.55742776
0.5258657,0.5258657
0.50002164,0.50002164
0.4626267,0.4626267
0.4925036,0.4925036
0.51323986,0.51323986
0.5117892,0.5117892
0.51613766,0.51613766
0.5263157,0.5263157
0.5202822,0.5202822
0.56025994,0.56025994
0.5604412,0.5604412
0.52778316,0.52778316
0.52778316,0.52778316
0.52778316,0.52778316
0.52778316,0.52778316
0.52778316,0.52778316
0.52778316,0.52778316
0.52778316,0.52778316
0.52778316,0.52778316
0.52778316,0.52778316
0.52778316,0.52778316
0.52778316,0.52778316
0.52778316,0.52778316
0.52778316,0.52778316
0.52778316,0.52778316
0.52778316,0.52778316
0.52778316,0.52778316
0.52778316,0.52778316
0.5066462,0.5066462
0.52841944,0.52841944
0.5305027,0.5305027
0.53500146,0.53500146
0.53533953,0.53533953
0.503251,0.503251
0.5037993,0.5037993
0.5106934,0.5106934
0.506835,0.506835
0.50564665,0.50564665
0.4899764,0.4899764
0.4975698,0.4975698
0.52297825,0.52297825
0.5439784,0.5439784
0.54007524,0.54007524
0.52778316,0.52778316
0.52778316,0.52778316
0.52778316,0.52778316
0.52778316,0.52778316
0.52778316,0.52778316
0.52778316,0.52778316
0.52778316,0.52778316
0.52778316,0.52778316
0.52778316,0.52778316
0.52778316,0.52778316
0.52778316,0.52778316
0.52778316,0.52778316
0.52778316,0.52778316
0.52778316,0.52778316
0.52778316,0.52778316
0.52778316,0.52778316
0.52778316,0.52778316
0.52778316,0.52778316
0.52778316,0.52778316
0.52778316,0.52778316
0.52778316,0.52778316
0.52778316,0.52778316
0.52778316,0.52778316
0.52778316,0.52778316
0.52778316,0.52778316
0.52778316,0.52778316
0.52778316,0.52778316
0.52778316,0.52778316
0.52778316,0.52778316
0.52778316,0.52778316
0.52778316,0.52778316
0.52778316,0.52778316
0.52778316,0.52778316
0.52778316,0.52778316
0.52778316,0.52778316
0.52778316,0.52778316
0.52778316,0.52778316
0.52778316,0.52778316
0.52778316,0.52778316
0.52778316,0.52778316
0.52778316,0.52778316
0.52778316,0.52778316
0.52778316,0.52778316
0.52778316,0.52778316
0.52778316,0.52778316
0.52778316,0.52778316
0.52778316,0.52778316
0.54435545,0.54435545
0.44202414,0.44202414
0.3750326,0.3750326
0.4771591,0.4771591
0.50665766,0.50665766
0.4923758,0.4923758
0.5477671,0.5477671
0.56003237,0.56003237
0.50767034,0.50767034
0.5568331,0.5568331
0.5510211,0.5510211
0.4664779,0.4664779
0.408505,0.408505
0.39589533,0.39589533
0.43270543,0.43270543
0.44059584,0.44059584
0.41473818,0.41473818
0.4889558,0.4889558
0.57997996,0.57997996
0.5837234,0.5837234
0.59152114,0.59152114
0.59605384,0.59605384
0.53957796,0.53957796
0.4984609,0.4984609
0.52873933,0.52873933
0.5888857,0.5888857
0.54145783,0.54145783
0.49560905,0.49560905
0.6106096,0.6106096
0.53617,0.53617
0.48507303,0.48507303
0.53736216,0.53736216
0.5895083,0.5895083
0.6179981,0.6179981
0.5959346,0.5959346
0.60446024,0.60446024
0.5906168,0.5906168
0.56646484,0.56646484
0.52866745,0.52866745
0.500155,0.500155
0.50238454,0.50238454
0.4771123,0.4771123
0.47356835,0.47356835
0.496938,0.496938
0.48638344,0.48638344
0.49095592,0.49095592
0.5434226,0.5434226
0.54786,0.54786
0.52778316,0.52778316
0.52778316,0.52778316
0.52778316,0.52778316
0.52778316,0.52778316
0.52778316,0.52778316
0.52778316,0.52778316
0.52778316,0.52778316
0.52778316,0.52778316
0.52778316,0.52778316
0.52778316,0.52778316
0.52778316,0.52778316
0.52778316,0.52778316
0.52778316,0.52778316
0.52778316,0.52778316
0.52778316,0.52778316
0.52778316,0.52778316
0.52778316,0.52778316
0.52778316,0.52778316
0.52778316,0.52778316
0.52778316,0.52778316
0.52778316,0.52778316
0.52778316,0.52778316
0.52778316,0.52778316
0.53653413,0.53653413
0.5616691,0.5616691
0.5777439,0.5777439
0.5097062,0.5097062
0.4348435,0.4348435
0.43810531,0.43810531
0.4578877,0.4578877
0.51528156,0.51528156
0.58196515,0.58196515
0.5055743,0.5055743
0.45867735,0.45867735
0.5440268,0.5440268
0.48744377,0.48744377
0.4259638,0.4259638
0.476619,0.476619
0.46480766,0.46480766
0.42294994,0.42294994
0.42040223,0.42040223
0.429904,0.429904
0.46412557,0.46412557
0.46186778,0.46186778
0.47373113,0.47373113
0.5780857,0.5780857
0.66215885,0.66215885
0.57745546,0.57745546
0.43780765,0.43780765
0.39157462,0.39157462
0.39959818,0.39959818
0.47285852,0.47285852
0.5675956,0.5675956
0.50887597,0.50887597
0.40820414,0.40820414
0.39966735,0.39966735
0.4706981,0.4706981
0.48447838,0.48447838
0.44922978,0.44922978
0.45834267,0.45834267
0.4939787,0.4939787
0.49794444,0.49794444
0.44225118,0.44225118
0.42174086,0.42174086
0.42039692,0.42039692
0.41865265,0.41865265
0.45381185,0.45381185
0.53523844,0.53523844
0.56882733,0.56882733
0.56112546,0.56112546
0.45324883,0.45324883
0.38593802,0.38593802
0.39410448,0.39410448
0.3820514,0.3820514
0.44189802,0.44189802
0.46820968,0.46820968
0.44466028,0.44466028
0.42846957,0.42846957
0.5049333,0.5049333
0.5455686,0.5455686
0.4351255,0.4351255
0.42394635,0.42394635
0.476451,0.476451
0.47136492,0.47136492
0.4597137,0.4597137
0.42635497,0.42635497
0.446988,0.446988
0.4907685,0.4907685
0.44167584,0.44167584
0.42867404,0.42867404
0.43910474,0.43910474
0.4512843,0.4512843
0.42108276,0.42108276
0.39319053,0.39319053
0.41110525,0.41110525
0.51984066,0.51984066
0.5692915,0.5692915
0.5491592,0.5491592
0.5565738,0.5565738
0.60380226,0.60380226
0.63752604,0.63752604
0.5824068,0.5824068
0.561747,0.561747
0.56223637,0.56223637
0.59405303,0.59405303
0.5877088,0.5877088
0.5149205,0.5149205
0.49956012,0.49956012
0.45739612,0.45739612
0.49980167,0.49980167
0.50132376,0.50132376
0.49454597,0.49454597
0.49329197,0.49329197
0.4126763,0.4126763
0.44729772,0.44729772
0.45967796,0.45967796
0.4669234,0.4669234
0.49709815,0.49709815
0.46364424,0.46364424
0.45784846,0.45784846
0.52965534,0.52965534
0.5576879,0.5576879
0.48236316,0.48236316
0.4754922,0.4754922
0.49604163,0.49604163
0.45268926,0.45268926
0.45477924,0.45477924
0.45964882,0.45964882
0.44399416,0.44399416
0.4421941,0.4421941
0.45538718,0.45538718
0.43852156,0.43852156
0.44667813,0.44667813
0.4827594,0.4827594
0.507072,0.507072
0.51347053,0.51347053
0.5029813,0.5029813
0.47131753,0.47131753
0.441489,0.441489
0.51610655,0.51610655
0.49576336,0.49576336
0.46951374,0.46951374
0.46989554,0.46989554
0.42355242,0.42355242
0.4072547,0.4072547
0.40501642,0.40501642
0.45043504,0.45043504
0.5260864,0.5260864
0.6089334,0.6089334
0.5688353,0.5688353
0.47710112,0.47710112
0.43201953,0.43201953
0.43206778,0.43206778
0.4619072,0.4619072
0.5656063,0.5656063
0.5983671,0.5983671
0.4708811,0.4708811
0.45271325,0.45271325
0.5032215,0.5032215
0.47341764,0.47341764
0.4688324,0.4688324
0.46164638,0.46164638
0.44968042,0.44968042
0.49544448,0.49544448
0.55946755,0.55946755
0.44371468,0.44371468
0.41560605,0.41560605
0.48903874,0.48903874
0.49453458,0.49453458
0.48339456,0.48339456
0.45986074,0.45986074
0.47468197,0.47468197
0.48385814,0.48385814
0.50474626,0.50474626
0.45620036,0.45620036
0.42576256,0.42576256
0.545243,0.545243
0.59002084,0.59002084
0.5874429,0.5874429
0.59395784,0.59395784
0.5738603,0.5738603
0.5223363,0.5223363
0.5059229,0.5059229
0.49090973,0.49090973
0.43180075,0.43180075
0.50190467,0.50190467
0.54994637,0.54994637
0.48017272,0.48017272
0.42785937,0.42785937
0.41317025,0.41317025
0.43650395,0.43650395
0.45161796,0.45161796
0.4352114,0.4352114
0.4389444,0.4389444
0.44469988,0.44469988
0.44529414,0.44529414
0.4672697,0.4672697
0.46064746,0.46064746
0.4959892,0.4959892
0.537095,0.537095
0.5101736,0.5101736
0.49047804,0.49047804
0.48070952,0.48070952
0.44400904,0.44400904
0.4495948,0.4495948
0.51509696,0.51509696
0.513206,0.513206
0.4830189,0.4830189
0.50671685,0.50671685
0.48417145,0.48417145
0.46394283,0.46394283
0.50407535,0.50407535
0.52778316,0.52778316
0.52778316,0.52778316
0.52778316,0.52778316
0.52778316,0.52778316
0.52778316,0.52778316
0.52778316,0.52778316
0.52778316,0.52778316
0.52778316,0.52778316
0.52778316,0.52778316
0.52778316,0.52778316
0.52778316,0.52778316
0.5410059,0.5410059
0.517382,0.517382
0.46436656,0.46436656
0.4255157,0.4255157
0.4801832,0.4801832
0.49030155,0.49030155
0.52268517,0.52268517
0.5758823,0.5758823
0.48556113,0.48556113
0.42994902,0.42994902
0.44201332,0.44201332
0.5428505,0.5428505
0.49892154,0.49892154
0.4340957,0.4340957
0.47303507,0.47303507
0.5232429,0.5232429
0.439265,0.439265
0.41191688,0.41191688
0.4723209,0.4723209
0.58283114,0.58283114
0.48957542,0.48957542
0.41028452,0.41028452
0.45231625,0.45231625
0.45149395,0.45149395
0.5382719,0.5382719
0.61695796,0.61695796
0.48746374,0.48746374
0.38428563,0.38428563
0.36946663,0.36946663
0.37969163,0.37969163
0.42327228,0.42327228
0.4394776,0.4394776
0.4644014,0.4644014
0.47880206,0.47880206
0.4812864,0.4812864
0.48260927,0.48260927
0.5187009,0.5187009
0.54803634,0.54803634
0.6014214,0.6014214
0.59100705,0.59100705
0.60375637,0.60375637
0.6060957,0.6060957
0.5353634,0.5353634
0.47137743,0.47137743
0.5352855,0.5352855
0.5336471,0.5336471
0.5877324,0.5877324
0.5996439,0.5996439
0.5500414,0.5500414
0.6102093,0.6102093
0.63832074,0.63832074
0.5920448,0.5920448
0.53888965,0.53888965
0.6382027,0.6382027
0.7049336,0.7049336
0.61325663,0.61325663
0.5863817,0.5863817
0.6055848,0.6055848
0.5068055,0.5068055
0.446785,0.446785
0.47617698,0.47617698
0.51726085,0.51726085
0.49144134,0.49144134
0.50479907,0.50479907
0.45316267,0.45316267
0.440536,0.440536
0.4888734,0.4888734
0.52950245,0.52950245
0.49772266,0.49772266
0.45548186,0.45548186
0.46482486,0.46482486
0.45262092,0.45262092
0.47348928,0.47348928
0.5367797,0.5367797
0.4782027,0.4782027
0.4260349,0.4260349
0.45404276,0.45404276
0.47284615,0.47284615
0.4745084,0.4745084
0.47140023,0.47140023
0.44191638,0.44191638
0.469706,0.469706
0.44241637,0.44241637
0.4236779,0.4236779
0.43208745,0.43208745
0.43871576,0.43871576
0.447185,0.447185
0.45070982,0.45070982
0.4501172,0.4501172
0.41801924,0.41801924
0.48170772,0.48170772
0.42942348,0.42942348
0.3439207,0.3439207
0.39896107,0.39896107
0.39330634,0.39330634
0.3900288,0.3900288
0.5102246,0.5102246
0.44662148,0.44662148
0.3525901,0.3525901
0.42635453,0.42635453
0.4613799,0.4613799
0.46652177,0.46652177
0.45053908,0.45053908
0.38617805,0.38617805
0.3604809,0.3604809
0.35126996,0.35126996
0.35334057,0.35334057
0.40140134,0.40140134
0.42223218,0.42223218
0.40092692,0.40092692
0.38430178,0.38430178
0.40404248,0.40404248
0.4251982,0.4251982
0.4263688,0.4263688
0.4684446,0.4684446
0.51965654,0.51965654
0.5238877,0.5238877
0.5339018,0.5339018
0.48236957,0.48236957
0.49027136,0.49027136
0.52858245,0.52858245
0.5420425,0.5420425
0.5476047,0.5476047
0.5259148,0.5259148
0.51458675,0.51458675
0.53068215,0.53068215
0.5259694,0.5259694
0.5400774,0.5400774
0.5710833,0.5710833
0.5648004,0.5648004
0.5385357,0.5385357
0.52778316,0.52778316
0.52778316,0.52778316
0.52778316,0.52778316
0.52778316,0.52778316
0.52778316,0.52778316
0.52778316,0.52778316
0.52778316,0.52778316
0.52778316,0.52778316
0.52778316,0.52778316
0.52778316,0.52778316
0.52778316,0.52778316
0.52778316,0.52778316
0.52778316,0.52778316
0.52778316,0.52778316
0.52778316,0.52778316
0.52778316,0.52778316
0.52778316,0.52778316
0.52778316,0.52778316
0.52778316,0.52778316
0.52778316,0.52778316
0.52778316,0.52778316
0.52778316,0.52778316
0.52778316,0.52778316
0.52778316,0.52778316
0.52778316,0.52778316
0.52778316,0.52778316
0.52778316,0.52778316
0.52778316,0.52778316
0.52778316,0.52778316
0.52778316,0.52778316
0.52778316,0.52778316
0.52778316,0.52778316
0.52778316,0.52778316
0.52778316,0.52778316
0.52778316,0.52778316
0.52778316,0.52778316
0.52778316,0.52778316
0.52778316,0.52778316
0.52778316,0.52778316
0.52778316,0.52778316
0.52778316,0.52778316
0.52778316,0.52778316
0.52778316,0.52778316
0.52778316,0.52778316
0.52778316,0.52778316
0.52778316,0.52778316
0.52778316,0.52778316
0.52778316,0.52778316
0.52778316,0.52778316
0.52778316,0.52778316
0.52778316,0.52778316
0.52778316,0.52778316
0.52778316,0.52778316
0.52778316,0.52778316
0.52778316,0.52778316
0.52778316,0.52778316
0.52778316,0.52778316
0.52778316,0.52778316
0.52778316,0.52778316
0.53460956,0.53460956
0.53735656,0.53735656
0.44609153,0.44609153
0.38911638,0.38911638
0.4315516,0.4315516
0.46726033,0.46726033
0.45408332,0.45408332
0.52980137,0.52980137
0.5883424,0.5883424
0.58016247,0.58016247
0.5254183,0.5254183
0.48964036,0.48964036
0.42854825,0.42854825
0.40338942,0.40338942
0.40579596,0.40579596
0.37499982,0.37499982
0.49267498,0.49267498
0.5224124,0.5224124
0.5342363,0.5342363
0.5529071,0.5529071
0.47943428,0.47943428
0.4216191,0.4216191
0.40879482,0.40879482
0.36154753,0.36154753
0.35282403,0.35282403
0.40533563,0.40533563
0.43171602,0.43171602
0.43097517,0.43097517
0.41213325,0.41213325
0.42368576,0.42368576
0.44338843,0.44338843
0.4704446,0.4704446
0.46836412,0.46836412
0.4195514,0.4195514
0.41465572,0.41465572
0.4671908,0.4671908
0.5303063,0.5303063
0.5335352,0.5335352
0.5205372,0.5205372
0.52501315,0.52501315
0.45207676,0.45207676
0.43076244,0.43076244
0.44027835,0.44027835
0.47962362,0.47962362
0.5392436,0.5392436
0.49719787,0.49719787
0.4634866,0.4634866
0.5188479,0.5188479
0.53820354,0.53820354
0.52778316,0.52778316
0.52778316,0.52778316
0.52778316,0.52778316
0.52778316,0.52778316
0.52778316,0.52778316
0.52778316,0.52778316
0.52778316,0.52778316
0.52778316,0.52778316
0.52778316,0.52778316
0.52778316,0.52778316
0.52778316,0.52778316
0.52778316,0.52778316
0.49897656,0.49897656
0.49039453,0.49039453
0.5109482,0.5109482
0.5214876,0.5214876
0.5241224,0.5241224
0.52896404,0.52896404
0.48775452,0.48775452
0.44700503,0.44700503
0.45069098,0.45069098
0.4737138,0.4737138
0.5114511,0.5114511
0.5402348,0.5402348
0.49145305,0.49145305
0.4660416,0.4660416
0.49927077,0.49927077
0.5095537,0.5095537
0.47273612,0.47273612
0.461692,0.461692
0.4889806,0.4889806
0.50589305,0.50589305
0.4813527,0.4813527
0.48571795,0.48571795
0.5315025,0.5315025
0.5376975,0.5376975
0.52778316,0.52778316
0.52778316,0.52778316
0.52778316,0.52778316
0.52778316,0.52778316
0.52778316,0.52778316
0.52778316,0.52778316
0.52778316,0.52778316
0.52778316,0.52778316
0.52778316,0.52778316
0.52778316,0.52778316
0.52778316,0.52778316
0.52778316,0.52778316
0.52778316,0.52778316
0.52778316,0.52778316
0.52778316,0.52778316
0.52778316,0.52778316
0.52778316,0.52778316
0.52778316,0.52778316
0.52778316,0.52778316
0.52778316,0.52778316
0.52778316,0.52778316
0.52778316,0.52778316
0.52778316,0.52778316
0.52778316,0.52778316
0.52778316,0.52778316
0.52778316,0.52778316
0.52778316,0.52778316
0.52778316,0.52778316
0.52778316,0.52778316
0.52778316,0.52778316
0.52778316,0.52778316
0.52778316,0.52778316
0.52778316,0.52778316
0.52778316,0.52778316
0.52778316,0.52778316
0.52778316,0.52778316
0.52778316,0.52778316
0.52778316,0.52778316
0.52778316,0.52778316
0.52778316,0.52778316
0.52778316,0.52778316
0.52778316,0.52778316
0.52778316,0.52778316
0.52778316,0.52778316
0.52778316,0.52778316
0.52778316,0.52778316
0.52778316,0.52778316
0.52778316,0.52778316
0.52778316,0.52778316
0.52778316,0.52778316
0.52778316,0.52778316
0.52778316,0.52778316
0.52778316,0.52778316
0.52778316,0.52778316
0.52778316,0.52778316
0.52778316,0.52778316
0.52778316,0.52778316
0.52778316,0.52778316
0.52778316,0.52778316
0.52778316,0.52778316
0.52778316,0.52778316
0.52778316,0.52778316
0.52778316,0.52778316
0.52778316,0.52778316
0.52778316,0.52778316
0.52778316,0.52778316
0.52778316,0.52778316
0.52778316,0.52778316
0.52778316,0.52778316
0.52778316,0.52778316
0.52778316,0.52778316
0.52778316,0.52778316
0.52778316,0.52778316
0.52778316,0.52778316
0.52778316,0.52778316
0.52778316,0.52778316
0.52778316,0.52778316
0.52778316,0.52778316
0.52778316,0.52778316
0.52778316,0.52778316
0.52778316,0.52778316
0.52778316,0.52778316
0.52778316,0.52778316
0.52778316,0.52778316
0.52778316,0.52778316
0.52778316,0.52778316
0.52778316,0.52778316
0.52778316,0.52778316
0.52778316,0.52778316
0.52778316,0.52778316
0.52778316,0.52778316
0.52778316,0.52778316
0.52778316,0.52778316
0.52778316,0.52778316
0.52778316,0.52778316
0.52778316,0.52778316
0.52778316,0.52778316
0.5534611,0.5534611
0.4307284,0.4307284
0.333036,0.333036
0.36161065,0.36161065
0.4147003,0.4147003
0.4474378,0.4474378
0.4282944,0.4282944
0.40888026,0.40888026
0.42232472,0.42232472
0.42096588,0.42096588
0.38668483,0.38668483
0.39593112,0.39593112
0.3938652,0.3938652
0.5063753,0.5063753
0.57752246,0.57752246
0.60613596,0.60613596
0.6222979,0.6222979
0.61509,0.61509
0.5700653,0.5700653
0.53248227,0.53248227
0.5201062,0.5201062
0.50819594,0.50819594
0.5121235,0.5121235
0.49609748,0.49609748
0.48805946,0.48805946
0.51836795,0.51836795
0.53892183,0.53892183
0.5231721,0.5231721
0.5373237,0.5373237
0.5384283,0.5384283
0.52778316,0.52778316
0.52778316,0.52778316
0.52778316,0.52778316
0.52778316,0.52778316
0.52778316,0.52778316
0.52778316,0.52778316
0.52778316,0.52778316
0.52778316,0.52778316
0.52778316,0.52778316
0.52778316,0.52778316
0.52778316,0.52778316
0.52778316,0.52778316
0.52778316,0.52778316
0.52778316,0.52778316
0.52778316,0.52778316
0.52778316,0.52778316
0.52778316,0.52778316
0.52778316,0.52778316
0.52778316,0.52778316
0.52778316,0.52778316
0.52778316,0.52778316
0.52778316,0.52778316
0.52778316,0.52778316
0.52778316,0.52778316
0.52778316,0.52778316
0.5163241,0.5163241
0.62215954,0.62215954
0.5736071,0.5736071
0.48750076,0.48750076
0.47955832,0.47955832
0.46399888,0.46399888
0.4766051,0.4766051
0.48209798,0.48209798
0.44803202,0.44803202
0.46004984,0.46004984
0.47807142,0.47807142
0.47358477,0.47358477
0.4979631,0.4979631
0.52810353,0.52810353
0.5312366,0.5312366
0.52778316,0.52778316
0.52778316,0.52778316
0.52778316,0.52778316
0.52778316,0.52778316
0.52778316,0.52778316
0.52778316,0.52778316
0.52778316,0.52778316
0.52778316,0.52778316
0.52778316,0.52778316
0.52778316,0.52778316
0.52778316,0.52778316
0.52778316,0.52778316
0.52778316,0.52778316
0.52778316,0.52778316
0.52778316,0.52778316
0.52778316,0.52778316
0.52778316,0.52778316
0.52778316,0.52778316
0.52778316,0.52778316
0.52778316,0.52778316
0.52778316,0.52778316
0.52778316,0.52778316
0.52778316,0.52778316
0.52778316,0.52778316
0.52778316,0.52778316
0.52778316,0.52778316
0.52778316,0.52778316
0.52778316,0.52778316
0.52778316,0.52778316
0.52778316,0.52778316
0.52778316,0.52778316
0.52778316,0.52778316
0.52778316,0.52778316
0.52778316,0.52778316
0.52778316,0.52778316
0.52778316,0.52778316
0.52778316,0.52778316
0.52778316,0.52778316
0.52778316,0.52778316
0.52778316,0.52778316
0.52778316,0.52778316
0.52778316,0.52778316
0.52778316,0.52778316
0.52778316,0.52778316
0.52778316,0.52778316
0.52778316,0.52778316
0.52778316,0.52778316
0.52778316,0.52778316
0.52778316,0.52778316
0.52778316,0.52778316
0.52778316,0.52778316
0.52778316,0.52778316
0.52778316,0.52778316
0.52778316,0.52778316
0.52778316,0.52778316
0.52778316,0.52778316
0.52778316,0.52778316
0.52778316,0.52778316
0.52778316,0.52778316
0.52778316,0.52778316
0.52778316,0.52778316
0.52778316,0.52778316
0.52778316,0.52778316
0.52778316,0.52778316
0.52778316,0.52778316
0.52778316,0.52778316
0.52778316,0.52778316
0.52778316,0.52778316
0.52778316,0.52778316
0.52778316,0.52778316
0.52778316,0.52778316
0.52778316,0.52778316
0.52778316,0.52778316
0.52778316,0.52778316
0.52778316,0.52778316
0.52778316,0.52778316
0.52778316,0.52778316
0.52778316,0.52778316
0.52778316,0.52778316
0.52778316,0.52778316
0.52778316,0.52778316
0.52778316,0.52778316
0.52778316,0.52778316
0.52778316,0.52778316
0.52778316,0.52778316
0.52778316,0.52778316
0.52778316,0.52778316
0.52778316,0.52778316
0.52778316,0.52778316
0.52778316,0.52778316
0.52778316,0.52778316
0.52778316,0.52778316
0.52778316,0.52778316
0.52778316,0.52778316
0.52778316,0.52778316
0.52778316,0.52778316
0.52778316,0.52778316
0.52778316,0.52778316
0.52778316,0.52778316
0.52778316,0.52778316
0.52867365,0.52867365
0.49296582,0.49296582
0.4284575,0.4284575
0.4319043,0.4319043
0.42728013,0.42728013
0.43627936,0.43627936
0.54096806,0.54096806
0.57721037,0.57721037
0.49505234,0.49505234
0.46417242,0.46417242
0.5242488,0.5242488
0.5339616,0.5339616
0.46368346,0.46368346
0.4213625,0.4213625
0.43668142,0.43668142
0.45561296,0.45561296
0.45472264,0.45472264
0.47058952,0.47058952
0.53114253,0.53114253
0.4705399,0.4705399
0.4340898,0.4340898
0.48313642,0.48313642
0.51904404,0.51904404
0.52997386,0.52997386
0.53237545,0.53237545
0.52146167,0.52146167
0.49704686,0.49704686
0.51464844,0.51464844
0.5223194,0.5223194
0.45689994,0.45689994
0.47739598,0.47739598
0.5223224,0.5223224
0.52778316,0.52778316
0.52778316,0.52778316
0.52778316,0.52778316
0.52778316,0.52778316
0.52778316,0.52778316
0.52778316,0.52778316
0.52778316,0.52778316
0.52778316,0.52778316
0.52778316,0.52778316
0.52778316,0.52778316
0.52778316,0.52778316
0.52778316,0.52778316
0.52778316,0.52778316
0.52778316,0.52778316
0.52778316,0.52778316
0.52778316,0.52778316
0.52778316,0.52778316
0.52778316,0.52778316
0.52778316,0.52778316
0.52778316,0.52778316
0.52778316,0.52778316
0.52778316,0.52778316
0.52778316,0.52778316
0.52778316,0.52778316
0.52778316,0.52778316
0.52778316,0.52778316
0.52778316,0.52778316
0.52778316,0.52778316
0.52778316,0.52778316
0.52778316,0.52778316
0.52778316,0.52778316
0.52778316,0.52778316
0.52778316,0.52778316
0.52778316,0.52778316
0.52778316,0.52778316
0.52778316,0.52778316
0.52778316,0.52778316
0.52778316,0.52778316
0.52778316,0.52778316
0.52778316,0.52778316
0.52778316,0.52778316
0.52778316,0.52778316
0.52778316,0.52778316
0.52778316,0.52778316
0.52778316,0.52778316
0.52778316,0.52778316
0.52778316,0.52778316
0.52778316,0.52778316
0.52778316,0.52778316
0.52778316,0.52778316
0.551346,0.551346
0.518598,0.518598
0.48860514,0.48860514
0.53527105,0.53527105
0.5251647,0.5251647
0.4851506,0.4851506
0.48443234,0.48443234
0.40508187,0.40508187
0.45212033,0.45212033
0.53783405,0.53783405
0.63811344,0.63811344
0.57714415,0.57714415
0.5611416,0.5611416
0.5507054,0.5507054
0.61010206,0.61010206
0.6231244,0.6231244
0.5578234,0.5578234
0.47739565,0.47739565
0.46422336,0.46422336
0.5009429,0.5009429
0.49865493,0.49865493
0.5013572,0.5013572
0.49282184,0.49282184
0.46318942,0.46318942
0.45397443,0.45397443
0.4609843,0.4609843
0.5035956,0.5035956
0.52778316,0.52778316
0.52778316,0.52778316
0.52778316,0.52778316
0.52778316,0.52778316
0.52778316,0.52778316
0.52778316,0.52778316
0.52778316,0.52778316
0.52778316,0.52778316
0.52778316,0.52778316
0.52778316,0.52778316
0.52778316,0.52778316
0.52778316,0.52778316
0.52778316,0.52778316
0.52778316,0.52778316
0.52778316,0.52778316
0.52778316,0.52778316
0.52778316,0.52778316
0.52778316,0.52778316
0.52778316,0.52778316
0.52778316,0.52778316
0.52778316,0.52778316
0.52778316,0.52778316
0.52778316,0.52778316
0.52778316,0.52778316
0.52778316,0.52778316
0.52778316,0.52778316
0.52778316,0.52778316
0.52778316,0.52778316
0.52778316,0.52778316
0.52778316,0.52778316
0.52778316,0.52778316
0.52778316,0.52778316
0.52778316,0.52778316
0.52778316,0.52778316
0.52778316,0.52778316
0.55521554,0.55521554
0.41533396,0.41533396
0.3412756,0.3412756
0.32446617,0.32446617
0.3217983,0.3217983
0.42713496,0.42713496
0.49850738,0.49850738
0.42227635,0.42227635
0.3625499,0.3625499
0.46072754,0.46072754
0.5384385,0.5384385
0.50872314,0.50872314
0.5326627,0.5326627
0.5138739,0.5138739
0.50324875,0.50324875
0.53595895,0.53595895
0.46368074,0.46368074
0.38764554,0.38764554
0.410617,0.410617
0.41007987,0.41007987
0.35527307,0.35527307
0.35978034,0.35978034
0.43902442,0.43902442
0.5331436,0.5331436
0.60031277,0.60031277
0.5647,0.5647
0.6088831,0.6088831
0.5308911,0.5308911
0.4929075,0.4929075
0.47154775,0.47154775
0.4712232,0.4712232
0.47231466,0.47231466
0.4976808,0.4976808
0.51068056,0.51068056
0.49449208,0.49449208
0.50432503,0.50432503
0.5139205,0.5139205
0.47238716,0.47238716
0.49765122,0.49765122
0.52778316,0.52778316
0.52778316,0.52778316
0.52778316,0.52778316
0.52778316,0.52778316
0.52778316,0.52778316
0.52778316,0.52778316
0.52778316,0.52778316
0.52778316,0.52778316
0.52778316,0.52778316
0.52778316,0.52778316
0.52778316,0.52778316
0.52778316,0.52778316
0.52778316,0.52778316
0.52778316,0.52778316
0.52778316,0.52778316
0.52778316,0.52778316
0.52778316,0.52778316
0.52778316,0.52778316
0.52778316,0.52778316
0.52778316,0.52778316
0.52778316,0.52778316
0.52778316,0.52778316
0.52778316,0.52778316
0.52778316,0.52778316
0.52778316,0.52778316
0.52778316,0.52778316
0.52778316,0.52778316
0.52778316,0.52778316
0.52778316,0.52778316
0.52778316,0.52778316
0.52778316,0.52778316
0.52778316,0.52778316
0.52778316,0.52778316
0.52778316,0.52778316
0.52778316,0.52778316
0.52778316,0.52778316
0.52778316,0.52778316
0.52778316,0.52778316
0.52778316,0.52778316
0.52778316,0.52778316
0.52778316,0.52778316
0.52778316,0.52778316
0.52778316,0.52778316
0.52778316,0.52778316
0.52778316,0.52778316
0.52778316,0.52778316
0.52778316,0.52778316
0.52778316,0.52778316
0.52778316,0.52778316
0.52778316,0.52778316
0.52778316,0.52778316
0.52778316,0.52778316
0.52778316,0.52778316
0.52778316,0.52778316
0.52778316,0.52778316
0.52778316,0.52778316
0.52778316,0.52778316
0.52778316,0.52778316
0.52778316,0.52778316
0.52778316,0.52778316
0.52778316,0.52778316
0.52778316,0.52778316
0.52778316,0.52778316
0.52778316,0.52778316
0.52778316,0.52778316
0.52778316,0.52778316
0.52778316,0.52778316
0.52778316,0.52778316
0.52778316,0.52778316
0.52778316,0.52778316
0.52778316,0.52778316
0.52778316,0.52778316
0.52778316,0.52778316
0.52778316,0.52778316
0.52778316,0.52778316
0.52778316,0.52778316
0.52778316,0.52778316
0.52778316,0.52778316
0.52778316,0.52778316
0.52778316,0.52778316
0.52778316,0.52778316
0.52778316,0.52778316
0.52778316,0.52778316
0.52778316,0.52778316
0.52778316,0.52778316
0.52778316,0.52778316
0.52778316,0.52778316
0.52778316,0.52778316
0.52778316,0.52778316
0.52778316,0.52778316
0.52778316,0.52778316
0.52778316,0.52778316
0.52778316,0.52778316
0.52778316,0.52778316
0.52778316,0.52778316
0.52778316,0.52778316
0.52778316,0.52778316
0.52778316,0.52778316
0.52778316,0.52778316
0.52778316,0.52778316
0.52778316,0.52778316
0.52778316,0.52778316
0.52778316,0.52778316
0.52778316,0.52778316
0.52778316,0.52778316
0.52778316,0.52778316
0.52778316,0.52778316
0.52778316,0.52778316
0.52778316,0.52778316
0.52778316,0.52778316
0.52778316,0.52778316
0.52778316,0.52778316
0.52778316,0.52778316
0.52778316,0.52778316
0.52778316,0.52778316
0.52778316,0.52778316
0.52778316,0.52778316
0.52778316,0.52778316
0.52778316,0.52778316
0.52778316,0.52778316
0.52778316,0.52778316
0.52778316,0.52778316
0.52778316,0.52778316
0.52778316,0.52778316
0.52778316,0.52778316
0.52778316,0.52778316
0.52778316,0.52778316
0.52778316,0.52778316
0.52778316,0.52778316
0.52778316,0.52778316
0.52778316,0.52778316
0.52778316,0.52778316
0.52778316,0.52778316
0.52778316,0.52778316
0.52778316,0.52778316
0.52778316,0.52778316
0.52778316,0.52778316
0.52778316,0.52778316
0.52778316,0.52778316
0.52778316,0.52778316
0.52778316,0.52778316
0.52778316,0.52778316
0.52778316,0.52778316
0.52778316,0.52778316
0.52778316,0.52778316
0.52778316,0.52778316
0.52778316,0.52778316
0.52778316,0.52778316
0.52778316,0.52778316
0.52778316,0.52778316
0.52778316,0.52778316
0.52778316,0.52778316
0.52778316,0.52778316
0.52778316,0.52778316
0.52778316,0.52778316
0.52778316,0.52778316
0.52778316,0.52778316
0.52778316,0.52778316
0.52778316,0.52778316
0.52778316,0.52778316
0.52778316,0.52778316
0.52778316,0.52778316
0.52778316,0.52778316
0.52778316,0.52778316
0.52778316,0.52778316
0.52778316,0.52778316
0.53439975,0.53439975
0.46445283,0.46445283
0.43522447,0.43522447
0.42641637,0.42641637
0.42944807,0.42944807
0.4454371,0.4454371
0.45775288,0.45775288
0.46562105,0.46562105
0.44881654,0.44881654
0.43700856,0.43700856
0.45239848,0.45239848
0.43252552,0.43252552
0.52658516,0.52658516
0.57543135,0.57543135
0.48772454,0.48772454
0.41547522,0.41547522
0.41476947,0.41476947
0.43403652,0.43403652
0.4243594,0.4243594
0.42901832,0.42901832
0.3928318,0.3928318
0.44185656,0.44185656
0.4640039,0.4640039
0.4377639,0.4377639
0.45962313,0.45962313
0.44430858,0.44430858
0.39736766,0.39736766
0.37845993,0.37845993
0.40739927,0.40739927
0.5490727,0.5490727
0.6001667,0.6001667
0.5423267,0.5423267
0.4487027,0.4487027
0.4009685,0.4009685
0.41613144,0.41613144
0.39167592,0.39167592
0.37879828,0.37879828
0.3729183,0.3729183
0.37096044,0.37096044
0.40938658,0.40938658
0.43929094,0.43929094
0.41508976,0.41508976
0.40051606,0.40051606
0.40258783,0.40258783
0.42405802,0.42405802
0.5149947,0.5149947
0.542269,0.542269
0.588344,0.588344
0.5380438,0.5380438
0.5134671,0.5134671
0.56653595,0.56653595
0.47960293,0.47960293
0.4188504,0.4188504
0.46376997,0.46376997
0.50681776,0.50681776
0.5118632,0.5118632
0.5350961,0.5350961
0.54771304,0.54771304
0.47111994,0.47111994
0.492094,0.492094
0.52778316,0.52778316
0.52778316,0.52778316
0.52778316,0.52778316
0.52778316,0.52778316
0.52778316,0.52778316
0.52778316,0.52778316
0.52778316,0.52778316
0.52778316,0.52778316
0.52778316,0.52778316
0.52778316,0.52778316
0.52778316,0.52778316
0.52778316,0.52778316
0.52778316,0.52778316
0.52778316,0.52778316
0.52778316,0.52778316
0.52778316,0.52778316
0.52778316,0.52778316
0.52778316,0.52778316
0.52778316,0.52778316
0.52778316,0.52778316
0.52778316,0.52778316
0.52778316,0.52778316
0.52778316,0.52778316
0.52778316,0.52778316
0.52778316,0.52778316
0.52778316,0.52778316
0.52778316,0.52778316
0.52778316,0.52778316
0.52778316,0.52778316
0.52778316,0.52778316
0.52778316,0.52778316
0.52778316,0.52778316
0.52778316,0.52778316
0.52778316,0.52778316
0.52778316,0.52778316
0.52778316,0.52778316
0.52778316,0.52778316
0.52778316,0.52778316
0.52778316,0.52778316
0.5322765,0.5322765
0.4586427,0.4586427
0.39820352,0.39820352
0.42045432,0.42045432
0.4338584,0.4338584
0.53708965,0.53708965
0.5695859,0.5695859
0.4984141,0.4984141
0.4393558,0.4393558
0.4532384,0.4532384
0.45731288,0.45731288
0.4685483,0.4685483
0.4155517,0.4155517
0.50112003,0.50112003
0.55235314,0.55235314
0.5255958,0.5255958
0.4738241,0.4738241
0.44267854,0.44267854
0.4600159,0.4600159
0.47895598,0.47895598
0.46366552,0.46366552
0.46318647,0.46318647
0.43775526,0.43775526
0.474119,0.474119
0.4990993,0.4990993
0.5178537,0.5178537
0.528426,0.528426
0.52778316,0.52778316
0.52778316,0.52778316
0.52778316,0.52778316
0.52778316,0.52778316
0.52778316,0.52778316
0.52778316,0.52778316
0.52778316,0.52778316
0.52778316,0.52778316
0.52778316,0.52778316
0.52778316,0.52778316
0.52778316,0.52778316
0.52778316,0.52778316
0.52778316,0.52778316
0.52778316,0.52778316
0.52778316,0.52778316
0.52778316,0.52778316
0.52778316,0.52778316
0.52778316,0.52778316
0.52778316,0.52778316
0.52778316,0.52778316
0.52778316,0.52778316
0.52778316,0.52778316
0.52778316,0.52778316
0.52778316,0.52778316
0.52778316,0.52778316
0.52778316,0.52778316
0.52778316,0.52778316
0.52778316,0.52778316
0.52778316,0.52778316
0.52778316,0.52778316
0.52778316,0.52778316
0.52778316,0.52778316
0.52778316,0.52778316
0.52778316,0.52778316
0.52778316,0.52778316
0.52778316,0.52778316
0.52778316,0.52778316
0.52778316,0.52778316
0.52778316,0.52778316
0.52778316,0.52778316
0.52778316,0.52778316
0.52778316,0.52778316
0.52778316,0.52778316
0.52778316,0.52778316
0.52778316,0.52778316
0.52778316,0.52778316
0.52778316,0.52778316
0.52778316,0.52778316
0.52778316,0.52778316
0.52778316,0.52778316
0.52778316,0.52778316
0.48845986,0.48845986
0.41545784,0.41545784
0.44357637,0.44357637
0.49688917,0.49688917
0.55383134,0.55383134
0.44145972,0.44145972
0.46749222,0.46749222
0.4561979,0.4561979
0.42788282,0.42788282
0.5172749,0.5172749
0.5807367,0.5807367
0.52450293,0.52450293
0.4780337,0.4780337
0.4801243,0.4801243
0.4850475,0.4850475
0.49231413,0.49231413
0.48177898,0.48177898
0.4917123,0.4917123
0.47160858,0.47160858
0.46296483,0.46296483
0.4280834,0.4280834
0.48935828,0.48935828
0.6303303,0.6303303
0.6074948,0.6074948
0.52435046,0.52435046
0.535346,0.535346
0.49549282,0.49549282
0.52894473,0.52894473
0.51526314,0.51526314
0.5163989,0.5163989
0.5205314,0.5205314
0.51748276,0.51748276
0.5060704,0.5060704
0.51972085,0.51972085
0.57403356,0.57403356
0.5520784,0.5520784
0.52778316,0.52778316
0.52778316,0.52778316
0.52778316,0.52778316
0.52778316,0.52778316
0.52778316,0.52778316
0.52778316,0.52778316
0.52778316,0.52778316
0.52778316,0.52778316
0.52778316,0.52778316
0.52778316,0.52778316
0.52778316,0.52778316
0.52778316,0.52778316
0.52778316,0.52778316
0.52778316,0.52778316
0.52778316,0.52778316
0.52778316,0.52778316
0.52778316,0.52778316
0.52778316,0.52778316
0.52778316,0.52778316
0.52778316,0.52778316
0.52778316,0.52778316
0.52778316,0.52778316
0.52778316,0.52778316
0.52778316,0.52778316
0.52778316,0.52778316
0.52778316,0.52778316
0.52778316,0.52778316
0.52778316,0.52778316
0.52778316,0.52778316
0.52778316,0.52778316
0.52778316,0.52778316
0.52778316,0.52778316
0.52778316,0.52778316
0.52778316,0.52778316
0.52778316,0.52778316
0.54926234,0.54926234
0.48483324,0.48483324
0.4921123,0.4921123
0.51198745,0.51198745
0.47038364,0.47038364
0.43221503,0.43221503
0.47298658,0.47298658
0.45407078,0.45407078
0.4116241,0.4116241
0.37765965,0.37765965
0.3642102,0.3642102
0.36690855,0.36690855
0.39249608,0.39249608
0.42931056,0.42931056
0.41098753,0.41098753
0.4137361,0.4137361
0.42400852,0.42400852
0.45759764,0.45759764
0.43210438,0.43210438
0.42268264,0.42268264
0.534442,0.534442
0.577945,0.577945
0.47164515,0.47164515
0.58552945,0.58552945
0.6065036,0.6065036
0.63646877,0.63646877
0.6136907,0.6136907
0.49854976,0.49854976
0.48572186,0.48572186
0.49225897,0.49225897
0.5194777,0.5194777
0.5249696,0.5249696
0.4962042,0.4962042
0.5096159,0.5096159
0.5045085,0.5045085
0.53641796,0.53641796
0.5369505,0.5369505
0.5532048,0.5532048
0.54151344,0.54151344
0.52778316,0.52778316
0.52778316,0.52778316
0.52778316,0.52778316
0.52778316,0.52778316
0.52778316,0.52778316
0.52778316,0.52778316
0.52778316,0.52778316
0.52778316,0.52778316
0.52778316,0.52778316
0.52778316,0.52778316
0.52778316,0.52778316
0.52778316,0.52778316
0.52778316,0.52778316
0.52778316,0.52778316
0.52778316,0.52778316
0.52778316,0.52778316
0.52778316,0.52778316
0.52778316,0.52778316
0.52778316,0.52778316
0.52778316,0.52778316
0.52778316,0.52778316
0.52778316,0.52778316
0.52778316,0.52778316
0.52778316,0.52778316
0.52778316,0.52778316
0.52778316,0.52778316
0.52778316,0.52778316
0.52778316,0.52778316
0.52778316,0.52778316
0.52778316,0.52778316
0.52778316,0.52778316
0.52778316,0.52778316
0.52778316,0.52778316
0.52778316,0.52778316
0.52778316,0.52778316
0.52778316,0.52778316
0.52778316,0.52778316
0.52778316,0.52778316
0.52778316,0.52778316
0.52778316,0.52778316
0.52778316,0.52778316
0.52778316,0.52778316
0.52778316,0.52778316
0.52778316,0.52778316
0.52778316,0.52778316
0.52778316,0.52778316
0.52778316,0.52778316
0.52778316,0.52778316
0.52778316,0.52778316
0.52778316,0.52778316
0.52778316,0.52778316
0.52778316,0.52778316
0.52778316,0.52778316
0.52778316,0.52778316
0.52778316,0.52778316
0.52778316,0.52778316
0.52778316,0.52778316
0.52778316,0.52778316
0.52778316,0.52778316
0.52778316,0.52778316
0.52778316,0.52778316
0.52778316,0.52778316
0.52778316,0.52778316
0.52778316,0.52778316
0.52778316,0.52778316
0.52778316,0.52778316
0.52778316,0.52778316
0.52778316,0.52778316
0.52778316,0.52778316
0.52778316,0.52778316
0.52778316,0.52778316
0.52778316,0.52778316
0.52778316,0.52778316
0.52778316,0.52778316
0.52778316,0.52778316
0.52778316,0.52778316
0.52778316,0.52778316
0.52778316,0.52778316
0.52778316,0.52778316
0.52778316,0.52778316
0.52778316,0.52778316
0.52778316,0.52778316
0.52778316,0.52778316
0.52778316,0.52778316
0.52778316,0.52778316
0.52778316,0.52778316
0.52778316,0.52778316
0.52778316,0.52778316
0.52778316,0.52778316
0.52778316,0.52778316
0.52778316,0.52778316
0.52778316,0.52778316
0.52778316,0.52778316
0.52778316,0.52778316
0.52778316,0.52778316
0.52778316,0.52778316
0.52778316,0.52778316
0.52778316,0.52778316
0.52778316,0.52778316
0.52778316,0.52778316
0.52778316,0.52778316
0.52778316,0.52778316
0.52778316,0.52778316
0.52778316,0.52778316
0.52778316,0.52778316
0.52778316,0.52778316
0.52778316,0.52778316
0.52778316,0.52778316
0.52778316,0.52778316
0.52778316,0.52778316
0.52778316,0.52778316
0.52778316,0.52778316
0.52778316,0.52778316
0.52778316,0.52778316
0.52778316,0.52778316
0.52778316,0.52778316
0.52778316,0.52778316
0.52778316,0.52778316
0.52778316,0.52778316
0.52778316,0.52778316
0.52778316,0.52778316
0.52778316,0.52778316
0.52778316,0.52778316
0.52778316,0.52778316
0.52778316,0.52778316
0.52778316,0.52778316
0.52778316,0.52778316
0.52778316,0.52778316
0.52778316,0.52778316
0.52778316,0.52778316
0.52778316,0.52778316
0.52778316,0.52778316
0.52778316,0.52778316
0.52778316,0.52778316
0.52778316,0.52778316
0.52778316,0.52778316
0.52778316,0.52778316
0.52778316,0.52778316
0.52778316,0.52778316
0.52778316,0.52778316
0.52778316,0.52778316
0.52778316,0.52778316
0.52778316,0.52778316
0.52778316,0.52778316
0.52778316,0.52778316
0.52778316,0.52778316
0.52778316,0.52778316
0.52778316,0.52778316
0.52778316,0.52778316
0.52778316,0.52778316
0.52778316,0.52778316
0.52778316,0.52778316
0.52778316,0.52778316
0.52778316,0.52778316
0.52778316,0.52778316
0.52778316,0.52778316
0.52778316,0.52778316
0.52778316,0.52778316
0.52778316,0.52778316
0.52778316,0.52778316
0.52778316,0.52778316
0.52778316,0.52778316
0.52778316,0.52778316
0.52778316,0.52778316
0.52778316,0.52778316
0.52778316,0.52778316
0.52778316,0.52778316
0.52778316,0.52778316
0.52778316,0.52778316
0.52778316,0.52778316
0.52778316,0.52778316
0.52778316,0.52778316
0.52778316,0.52778316
0.52778316,0.52778316
0.52778316,0.52778316
0.52778316,0.52778316
0.52778316,0.52778316
0.52778316,0.52778316
0.52778316,0.52778316
0.52778316,0.52778316
0.52778316,0.52778316
0.52778316,0.52778316
0.5508408,0.5508408
0.46441844,0.46441844
0.4290277,0.4290277
0.42078045,0.42078045
0.44125172,0.44125172
0.4632838,0.4632838
0.42776555,0.42776555
0.4313994,0.4313994
0.52450895,0.52450895
0.4389482,0.4389482
0.4380835,0.4380835
0.4753638,0.4753638
0.42680576,0.42680576
0.40664566,0.40664566
0.485525,0.485525
0.59542644,0.59542644
0.49032113,0.49032113
0.43674678,0.43674678
0.4139945,0.4139945
0.4057941,0.4057941
0.4118865,0.4118865
0.42655316,0.42655316
0.44009343,0.44009343
0.4258114,0.4258114
0.41831857,0.41831857
0.40527588,0.40527588
0.40022084,0.40022084
0.48097563,0.48097563
0.45196158,0.45196158
0.38972148,0.38972148
0.40302247,0.40302247
0.50393665,0.50393665
0.54227644,0.54227644
0.4492207,0.4492207
0.47143668,0.47143668
0.50585973,0.50585973
0.54311293,0.54311293
0.5199,0.5199
0.5080158,0.5080158
0.4493856,0.4493856
0.42716983,0.42716983
0.4519547,0.4519547
0.5645827,0.5645827
0.57057655,0.57057655
0.5038732,0.5038732
0.42104095,0.42104095
0.40376586,0.40376586
0.42904156,0.42904156
0.51192254,0.51192254
0.5973211,0.5973211
0.55423427,0.55423427
0.43627116,0.43627116
0.4125277,0.4125277
0.4895829,0.4895829
0.53629017,0.53629017
0.42894349,0.42894349
0.3852094,0.3852094
0.36463544,0.36463544
0.36484814,0.36484814
0.42705625,0.42705625
0.41199267,0.41199267
0.41591573,0.41591573
0.4438951,0.4438951
0.528635,0.528635
0.43987432,0.43987432
0.37956336,0.37956336
0.37700137,0.37700137
0.439558,0.439558
0.453,0.453
0.44871175,0.44871175
0.38975897,0.38975897
0.34926373,0.34926373
0.37477505,0.37477505
0.3824714,0.3824714
0.4538812,0.4538812
0.5190238,0.5190238
0.6102386,0.6102386
0.50323176,0.50323176
0.45943978,0.45943978
0.5829645,0.5829645
0.5300855,0.5300855
0.48443484,0.48443484
0.4706231,0.4706231
0.45811912,0.45811912
0.46473077,0.46473077
0.45881996,0.45881996
0.49990407,0.49990407
0.49500898,0.49500898
0.5349644,0.5349644
0.5384712,0.5384712
0.52778316,0.52778316
0.52778316,0.52778316
0.52778316,0.52778316
0.52778316,0.52778316
0.52778316,0.52778316
0.52778316,0.52778316
0.52778316,0.52778316
0.5138533,0.5138533
0.5423052,0.5423052
0.52859324,0.52859324
0.50815576,0.50815576
0.5138915,0.5138915
0.51205117,0.51205117
0.5038113,0.5038113
0.46537283,0.46537283
0.48338386,0.48338386
0.47402695,0.47402695
0.45523387,0.45523387
0.45529464,0.45529464
0.450448,0.450448
0.43669942,0.43669942
0.5683538,0.5683538
0.5696837,0.5696837
0.5783253,0.5783253
0.4320799,0.4320799
0.41597635,0.41597635
0.45508146,0.45508146
0.50421983,0.50421983
0.434013,0.434013
0.43788916,0.43788916
0.43923154,0.43923154
0.4321762,0.4321762
0.41787103,0.41787103
0.41550893,0.41550893
0.4041081,0.4041081
0.43093997,0.43093997
0.43277058,0.43277058
0.41561472,0.41561472
0.4541699,0.4541699
0.50479823,0.50479823
0.5130799,0.5130799
0.5093309,0.5093309
0.41065252,0.41065252
0.41047576,0.41047576
0.4160353,0.4160353
0.49500096,0.49500096
0.48361623,0.48361623
0.47278294,0.47278294
0.4851572,0.4851572
0.49791095,0.49791095
0.47681195,0.47681195
0.52766645,0.52766645
0.6428208,0.6428208
0.6395121,0.6395121
0.6010137,0.6010137
0.6145797,0.6145797
0.55267626,0.55267626
0.5256132,0.5256132
0.5393491,0.5393491
0.48676643,0.48676643
0.46866253,0.46866253
0.5773156,0.5773156
0.4659059,0.4659059
0.44638547,0.44638547
0.45247963,0.45247963
0.41297877,0.41297877
0.42017058,0.42017058
0.4456707,0.4456707
0.4301145,0.4301145
0.41027036,0.41027036
0.36455384,0.36455384
0.3884173,0.3884173
0.42401728,0.42401728
0.436814,0.436814
0.48207343,0.48207343
0.44411847,0.44411847
0.4594162,0.4594162
0.57282394,0.57282394
0.59978336,0.59978336
0.5562427,0.5562427
0.45105046,0.45105046
0.4191314,0.4191314
0.42361376,0.42361376
0.47438172,0.47438172
0.43775,0.43775
0.4113807,0.4113807
0.5211957,0.5211957
0.54461914,0.54461914
0.5503587,0.5503587
0.5543004,0.5543004
0.52126426,0.52126426
0.5040116,0.5040116
0.49756396,0.49756396
0.5187177,0.5187177
0.4768755,0.4768755
0.62001413,0.62001413
0.5240022,0.5240022
0.51315075,0.51315075
0.5510244,0.5510244
0.50128496,0.50128496
0.48652604,0.48652604
0.5093662,0.5093662
0.51675475,0.51675475
0.51080185,0.51080185
0.51482826,0.51482826
0.5033514,0.5033514
0.5291352,0.5291352
0.5330531,0.5330531
0.52778316,0.52778316
0.52778316,0.52778316
0.52778316,0.52778316
0.53297013,0.53297013
0.5282739,0.5282739
0.44615328,0.44615328
0.43536556,0.43536556
0.43167883,0.43167883
0.43987334,0.43987334
0.55607086,0.55607086
0.52019316,0.52019316
0.43056074,0.43056074
0.41617742,0.41617742
0.45453537,0.45453537
0.4194473,0.4194473
0.41836253,0.41836253
0.47721457,0.47721457
0.49999163,0.49999163
0.41858658,0.41858658
0.44927445,0.44927445
0.48572883,0.48572883
0.43361002,0.43361002
0.42353353,0.42353353
0.52916306,0.52916306
0.5680666,0.5680666
0.54164255,0.54164255
0.55063313,0.55063313
0.5959366,0.5959366
0.68183494,0.68183494
0.6530323,0.6530323
0.5960773,0.5960773
0.5590832,0.5590832
0.57754475,0.57754475
0.47584397,0.47584397
0.4366307,0.4366307
0.43877023,0.43877023
0.48308316,0.48308316
0.47239816,0.47239816
0.44976267,0.44976267
0.45875597,0.45875597
0.51998466,0.51998466
0.46731877,0.46731877
0.41978958,0.41978958
0.42933804,0.42933804
0.44585812,0.44585812
0.43395963,0.43395963
0.4083463,0.4083463
0.35452884,0.35452884
0.44264203,0.44264203
0.5438284,0.5438284
0.53802973,0.53802973
0.60605085,0.60605085
0.555539,0.555539
0.56317234,0.56317234
0.5652052,0.5652052
0.5118697,0.5118697
0.50306416,0.50306416
0.52725065,0.52725065
0.54575205,0.54575205
0.5906495,0.5906495
0.5788136,0.5788136
0.49428672,0.49428672
0.4247323,0.4247323
0.42364132,0.42364132
0.46968353,0.46968353
0.5049802,0.5049802
0.63466746,0.63466746
0.60851604,0.60851604
0.57798445,0.57798445
0.48752654,0.48752654
0.5070071,0.5070071
0.49823198,0.49823198
0.49870554,0.49870554
0.5123913,0.5123913
0.52799314,0.52799314
0.49458826,0.49458826
0.487345,0.487345
0.4964009,0.4964009
0.50984377,0.50984377
0.51927364,0.51927364
0.51731485,0.51731485
0.52396214,0.52396214
0.52778316,0.52778316
0.52778316,0.52778316
0.52778316,0.52778316
0.52778316,0.52778316
0.52778316,0.52778316
0.52778316,0.52778316
0.52778316,0.52778316
0.52778316,0.52778316
0.52778316,0.52778316
0.52778316,0.52778316
0.52778316,0.52778316
0.52778316,0.52778316
0.5325928,0.5325928
0.5814763,0.5814763
0.5263688,0.5263688
0.46834683,0.46834683
0.42545268,0.42545268
0.4189301,0.4189301
0.45312995,0.45312995
0.45975858,0.45975858
0.46021456,0.46021456
0.4782359,0.4782359
0.47878182,0.47878182
0.46157205,0.46157205
0.42277154,0.42277154
0.4223695,0.4223695
0.385649,0.385649
0.38333273,0.38333273
0.51262826,0.51262826
0.57801443,0.57801443
0.55585027,0.55585027
0.4737499,0.4737499
0.43564123,0.43564123
0.4162477,0.4162477
0.4368611,0.4368611
0.44831073,0.44831073
0.47653964,0.47653964
0.5376265,0.5376265
0.61402506,0.61402506
0.6307933,0.6307933
0.50360554,0.50360554
0.48497528,0.48497528
0.5019715,0.5019715
0.49355426,0.49355426
0.4892735,0.4892735
0.47918305,0.47918305
0.4947925,0.4947925
0.5318456,0.5318456
0.53943866,0.53943866
0.53160864,0.53160864
0.52819073,0.52819073
0.52778316,0.52778316
0.52778316,0.52778316
0.52778316,0.52778316
0.5338905,0.5338905
0.50065285,0.50065285
0.50144905,0.50144905
0.53583884,0.53583884
0.42764547,0.42764547
0.41226536,0.41226536
0.438178,0.438178
0.41536576,0.41536576
0.4162019,0.4162019
0.41586846,0.41586846
0.40495318,0.40495318
0.39637685,0.39637685
0.41614652,0.41614652
0.49253747,0.49253747
0.57328546,0.57328546
0.54056585,0.54056585
0.522312,0.522312
0.4865513,0.4865513
0.47047642,0.47047642
0.45681697,0.45681697
0.4958623,0.4958623
0.4776363,0.4776363
0.48064882,0.48064882
0.43738317,0.43738317
0.3944005,0.3944005
0.41884747,0.41884747
0.52757084,0.52757084
0.52311426,0.52311426
0.5468679,0.5468679
0.47986463,0.47986463
0.5139907,0.5139907
0.46807268,0.46807268
0.45107394,0.45107394
0.47154257,0.47154257
0.60306543,0.60306543
0.5452918,0.5452918
0.4339577,0.4339577
0.46647242,0.46647242
0.49965277,0.49965277
0.46206015,0.46206015
0.44712633,0.44712633
0.42538685,0.42538685
0.4255327,0.4255327
0.4291173,0.4291173
0.44641483,0.44641483
0.4794863,0.4794863
0.46747118,0.46747118
0.4517152,0.4517152
0.46154553,0.46154553
0.47101036,0.47101036
0.4432354,0.4432354
0.383533,0.383533
0.40256763,0.40256763
0.4067355,0.4067355
0.41100973,0.41100973
0.4886869,0.4886869
0.5893537,0.5893537
0.5627864,0.5627864
0.53379005,0.53379005
0.5834239,0.5834239
0.5288941,0.5288941
0.39288288,0.39288288
0.3501007,0.3501007
0.35030106,0.35030106
0.47169876,0.47169876
0.5035076,0.5035076
0.5349225,0.5349225
0.53148514,0.53148514
0.4907802,0.4907802
0.4027892,0.4027892
0.3731237,0.3731237
0.37688273,0.37688273
0.43331748,0.43331748
0.457784,0.457784
0.48771217,0.48771217
0.4813639,0.4813639
0.5431248,0.5431248
0.44143465,0.44143465
0.40489617,0.40489617
0.5242931,0.5242931
0.60194474,0.60194474
0.57655996,0.57655996
0.61646813,0.61646813
0.5119567,0.5119567
0.4795571,0.4795571
0.51799256,0.51799256
0.56309754,0.56309754
0.56934845,0.56934845
0.4760856,0.4760856
0.53737205,0.53737205
0.525798,0.525798
0.54146063,0.54146063
0.52475125,0.52475125
0.48593143,0.48593143
0.5051212,0.5051212
0.52987933,0.52987933
0.48437595,0.48437595
0.5184158,0.5184158
0.4606287,0.4606287
0.43494198,0.43494198
0.45015973,0.45015973
0.43344972,0.43344972
0.42645586,0.42645586
0.404716,0.404716
0.45166773,0.45166773
0.5203957,0.5203957
0.6429426,0.6429426
0.5126334,0.5126334
0.42602438,0.42602438
0.47676393,0.47676393
0.45556056,0.45556056
0.52556056,0.52556056
0.6059771,0.6059771
0.562607,0.562607
0.39095154,0.39095154
0.4542231,0.4542231
0.4661458,0.4661458
0.4676494,0.4676494
0.5925397,0.5925397
0.63369155,0.63369155
0.51984507,0.51984507
0.47734705,0.47734705
0.49739543,0.49739543
0.49551806,0.49551806
0.49158028,0.49158028
0.49958512,0.49958512
0.48758796,0.48758796
0.5131015,0.5131015
0.527508,0.527508
0.52778316,0.52778316
0.52778316,0.52778316
0.52778316,0.52778316
0.52778316,0.52778316
0.47142157,0.47142157
0.37070155,0.37070155
0.36450547,0.36450547
0.5390634,0.5390634
0.58021337,0.58021337
0.5344037,0.5344037
0.5848866,0.5848866
0.4553672,0.4553672
0.41337556,0.41337556
0.6281793,0.6281793
0.6163368,0.6163368
0.47900733,0.47900733
0.57539684,0.57539684
0.576299,0.576299
0.5180071,0.5180071
0.5170329,0.5170329
0.47731528,0.47731528
0.5147361,0.5147361
0.47748965,0.47748965
0.44389367,0.44389367
0.45152014,0.45152014
0.46401045,0.46401045
0.44855982,0.44855982
0.4842684,0.4842684
0.5312759,0.5312759
0.53242105,0.53242105
0.52778316,0.52778316
0.52778316,0.52778316
0.52778316,0.52778316
0.52778316,0.52778316
0.52778316,0.52778316
0.52778316,0.52778316
0.52778316,0.52778316
0.52778316,0.52778316
0.52778316,0.52778316
0.52778316,0.52778316
0.52778316,0.52778316
0.52778316,0.52778316
0.52778316,0.52778316
0.52778316,0.52778316
0.52778316,0.52778316
0.52778316,0.52778316
0.52778316,0.52778316
0.52778316,0.52778316
0.52778316,0.52778316
0.52778316,0.52778316
0.52778316,0.52778316
0.5200803,0.5200803
0.38114837,0.38114837
0.40780005,0.40780005
0.44326967,0.44326967
0.41087443,0.41087443
0.40116,0.40116
0.56183356,0.56183356
0.5814538,0.5814538
0.5289792,0.5289792
0.4332139,0.4332139
0.4189831,0.4189831
0.49640492,0.49640492
0.5081598,0.5081598
0.4167056,0.4167056
0.39966917,0.39966917
0.44588315,0.44588315
0.54242134,0.54242134
0.6102079,0.6102079
0.5602596,0.5602596
0.3931372,0.3931372
0.5013901,0.5013901
0.557006,0.557006
0.5306336,0.5306336
0.58583283,0.58583283
0.6340761,0.6340761
0.56850106,0.56850106
0.52795136,0.52795136
0.49361482,0.49361482
0.5236058,0.5236058
0.5100287,0.5100287
0.53244007,0.53244007
0.51359075,0.51359075
0.5371968,0.5371968
0.5429173,0.5429173
0.49196824,0.49196824
0.47893995,0.47893995
0.5142199,0.5142199
0.52778316,0.52778316
0.52778316,0.52778316
0.52778316,0.52778316
0.52778316,0.52778316
0.52778316,0.52778316
0.52778316,0.52778316
0.52778316,0.52778316
0.52778316,0.52778316
0.52778316,0.52778316
0.52778316,0.52778316
0.52778316,0.52778316
0.52778316,0.52778316
0.52778316,0.52778316
0.52778316,0.52778316
0.52778316,0.52778316
0.52778316,0.52778316
0.52778316,0.52778316
0.52778316,0.52778316
0.53884155,0.53884155
0.5731554,0.5731554
0.57897085,0.57897085
0.49253905,0.49253905
0.47457516,0.47457516
0.42272332,0.42272332
0.5158622,0.5158622
0.48222026,0.48222026
0.4459467,0.4459467
0.4349266,0.4349266
0.4324888,0.4324888
0.58120865,0.58120865
0.560349,0.560349
0.5135594,0.5135594
0.49597064,0.49597064
0.4891325,0.4891325
0.48550108,0.48550108
0.52197987,0.52197987
0.5306047,0.5306047
0.52778316,0.52778316
0.52778316,0.52778316
0.52778316,0.52778316
0.52778316,0.52778316
0.52778316,0.52778316
0.52778316,0.52778316
0.52778316,0.52778316
0.52778316,0.52778316
0.52778316,0.52778316
0.52778316,0.52778316
0.52778316,0.52778316
0.52778316,0.52778316
0.52778316,0.52778316
0.52778316,0.52778316
0.52778316,0.52778316
0.52778316,0.52778316
0.52778316,0.52778316
0.52778316,0.52778316
0.52778316,0.52778316
0.52778316,0.52778316
0.52778316,0.52778316
0.52778316,0.52778316
0.52778316,0.52778316
0.52778316,0.52778316
0.52778316,0.52778316
0.52778316,0.52778316
0.52778316,0.52778316
0.52778316,0.52778316
0.52778316,0.52778316
0.52778316,0.52778316
0.52778316,0.52778316
0.52778316,0.52778316
0.52778316,0.52778316
0.52778316,0.52778316
0.52778316,0.52778316
0.52778316,0.52778316
0.52778316,0.52778316
0.52778316,0.52778316
0.52778316,0.52778316
0.52778316,0.52778316
0.52778316,0.52778316
0.52778316,0.52778316
0.52778316,0.52778316
0.52778316,0.52778316
0.52778316,0.52778316
0.52778316,0.52778316
0.52778316,0.52778316
0.52778316,0.52778316
0.52778316,0.52778316
0.52778316,0.52778316
0.52778316,0.52778316
0.52778316,0.52778316
0.52778316,0.52778316
0.52778316,0.52778316
0.52778316,0.52778316
0.52778316,0.52778316
0.52778316,0.52778316
0.52778316,0.52778316
0.52778316,0.52778316
0.52778316,0.52778316
0.52778316,0.52778316
0.52778316,0.52778316
0.52778316,0.52778316
0.52778316,0.52778316
0.52778316,0.52778316
0.5308993,0.5308993
0.481385,0.481385
0.50721264,0.50721264
0.57038903,0.57038903
0.5287131,0.5287131
0.54481375,0.54481375
0.41732255,0.41732255
0.422638,0.422638
0.4357666,0.4357666
0.39749786,0.39749786
0.3806682,0.3806682
0.36945084,0.36945084
0.40397725,0.40397725
0.4850477,0.4850477
0.56265223,0.56265223
0.48891345,0.48891345
0.45406288,0.45406288
0.45185724,0.45185724
0.5175271,0.5175271
0.52151364,0.52151364
0.50316715,0.50316715
0.5219496,0.5219496
0.5331891,0.5331891
0.49308807,0.49308807
0.48020634,0.48020634
0.49231803,0.49231803
0.53189236,0.53189236
0.5329621,0.5329621
0.52778316,0.52778316
0.52778316,0.52778316
0.52778316,0.52778316
0.52778316,0.52778316
0.52778316,0.52778316
0.52778316,0.52778316
0.52778316,0.52778316
0.52778316,0.52778316
0.52778316,0.52778316
0.52778316,0.52778316
0.52778316,0.52778316
0.52778316,0.52778316
0.52778316,0.52778316
0.52778316,0.52778316
0.52778316,0.52778316
0.52778316,0.52778316
0.52778316,0.52778316
0.52778316,0.52778316
0.52778316,0.52778316
0.52778316,0.52778316
0.52778316,0.52778316
0.52778316,0.52778316
0.52778316,0.52778316
0.52778316,0.52778316
0.52778316,0.52778316
0.52778316,0.52778316
0.52778316,0.52778316
0.52778316,0.52778316
0.52778316,0.52778316
0.52778316,0.52778316
0.52778316,0.52778316
0.52778316,0.52778316
0.52778316,0.52778316
0.52778316,0.52778316
0.52778316,0.52778316
0.52778316,0.52778316
0.52778316,0.52778316
0.52778316,0.52778316
0.52778316,0.52778316
0.52778316,0.52778316
0.52778316,0.52778316
0.52778316,0.52778316
0.52778316,0.52778316
0.52778316,0.52778316
0.52778316,0.52778316
0.52778316,0.52778316
0.52778316,0.52778316
0.52778316,0.52778316
0.52778316,0.52778316
0.52778316,0.52778316
0.52778316,0.52778316
0.52778316,0.52778316
0.52778316,0.52778316
0.52778316,0.52778316
0.52778316,0.52778316
0.52778316,0.52778316
0.52778316,0.52778316
0.52778316,0.52778316
0.52778316,0.52778316
0.5238206,0.5238206
0.47183436,0.47183436
0.47107893,0.47107893
0.43113554,0.43113554
0.37970558,0.37970558
0.39994282,0.39994282
0.4109745,0.4109745
0.40089503,0.40089503
0.42778948,0.42778948
0.41730592,0.41730592
0.34579894,0.34579894
0.42565164,0.42565164
0.41142347,0.41142347
0.39597696,0.39597696
0.41040945,0.41040945
0.44610745,0.44610745
0.45435688,0.45435688
0.53523594,0.53523594
0.45821115,0.45821115
0.4887874,0.4887874
0.5308363,0.5308363
0.5149921,0.5149921
0.49045295,0.49045295
0.4107898,0.4107898
0.35599893,0.35599893
0.41029826,0.41029826
0.5017118,0.5017118
0.4872559,0.4872559
0.5558618,0.5558618
0.45686877,0.45686877
0.43887916,0.43887916
0.46197253,0.46197253
0.50245696,0.50245696
0.58609223,0.58609223
0.5671147,0.5671147
0.4279178,0.4279178
0.43290156,0.43290156
0.441785,0.441785
0.42318624,0.42318624
0.43944195,0.43944195
0.4525388,0.4525388
0.48828176,0.48828176
0.49449566,0.49449566
0.44350615,0.44350615
0.35999873,0.35999873
0.37026477,0.37026477
0.37059546,0.37059546
0.39096949,0.39096949
0.38493744,0.38493744
0.41796902,0.41796902
0.506672,0.506672
0.5532003,0.5532003
0.46341267,0.46341267
0.40524724,0.40524724
0.5195814,0.5195814
0.49238217,0.49238217
0.41802835,0.41802835
0.4702583,0.4702583
0.4798804,0.4798804
0.585827,0.585827
0.6003456,0.6003456
0.58682805,0.58682805
0.48431846,0.48431846
0.43106547,0.43106547
0.42414644,0.42414644
0.43379825,0.43379825
0.53788173,0.53788173
0.57622993,0.57622993
0.5992554,0.5992554
0.5739092,0.5739092
0.43605778,0.43605778
0.3771769,0.3771769
0.38140264,0.38140264
0.41944373,0.41944373
0.44800574,0.44800574
0.4557266,0.4557266
0.4445381,0.4445381
0.4719255,0.4719255
0.46774843,0.46774843
0.38016763,0.38016763
0.47913,0.47913
0.45971373,0.45971373
0.49145287,0.49145287
0.51334697,0.51334697
0.47461876,0.47461876
0.4286456,0.4286456
0.433385,0.433385
0.4042384,0.4042384
0.44569632,0.44569632
0.4438198,0.4438198
0.5701388,0.5701388
0.6258522,0.6258522
0.56628364,0.56628364
0.5362483,0.5362483
0.45059517,0.45059517
0.4764337,0.4764337
0.5213891,0.5213891
0.42172673,0.42172673
0.4806351,0.4806351
0.51440066,0.51440066
0.4994165,0.4994165
0.43645048,0.43645048
0.43022224,0.43022224
0.42859483,0.42859483
0.5457987,0.5457987
0.5637446,0.5637446
0.5095086,0.5095086
0.5497615,0.5497615
0.52858526,0.52858526
0.48418933,0.48418933
0.5022773,0.5022773
0.5293573,0.5293573
0.5552606,0.5552606
0.48506007,0.48506007
0.50894195,0.50894195
0.49910012,0.49910012
0.50587726,0.50587726
0.5454522,0.5454522
0.61327475,0.61327475
0.6360132,0.6360132
0.60825306,0.60825306
0.5729659,0.5729659
0.59390575,0.59390575
0.55605,0.55605
0.53422785,0.53422785
0.54983115,0.54983115
0.55678505,0.55678505
0.4871356,0.4871356
0.4593978,0.4593978
0.49921897,0.49921897
0.45033246,0.45033246
0.4700363,0.4700363
0.46589932,0.46589932
0.4189867,0.4189867
0.5011658,0.5011658
0.45704576,0.45704576
0.45635852,0.45635852
0.47132096,0.47132096
0.5097264,0.5097264
0.4834963,0.4834963
0.44404575,0.44404575
0.45914653,0.45914653
0.49453986,0.49453986
0.51537985,0.51537985
0.4695845,0.4695845
0.4152704,0.4152704
0.4712655,0.4712655
0.5255166,0.5255166
0.45956466,0.45956466
0.4693027,0.4693027
0.55931693,0.55931693
0.445867,0.445867
0.4335415,0.4335415
0.40391877,0.40391877
0.4401411,0.4401411
0.43550953,0.43550953
0.4702305,0.4702305
0.49035406,0.49035406
0.4391302,0.4391302
0.4124275,0.4124275
0.41653097,0.41653097
0.4127827,0.4127827
0.47960302,0.47960302
0.579457,0.579457
0.6103087,0.6103087
0.6289206,0.6289206
0.6295221,0.6295221
0.61141586,0.61141586
0.5662689,0.5662689
0.6096079,0.6096079
0.57353723,0.57353723
0.49498636,0.49498636
0.52737945,0.52737945
0.5238702,0.5238702
0.5043742,0.5043742
0.40201926,0.40201926
0.49042046,0.49042046
0.47982726,0.47982726
0.47175744,0.47175744
0.511732,0.511732
0.45750687,0.45750687
0.42435402,0.42435402
0.43322298,0.43322298
0.43878058,0.43878058
0.42805243,0.42805243
0.4248389,0.4248389
0.5016591,0.5016591
0.54414004,0.54414004
0.4724974,0.4724974
0.50365746,0.50365746
0.49111935,0.49111935
0.48217535,0.48217535
0.49365547,0.49365547
0.5199129,0.5199129
0.48032865,0.48032865
0.49125612,0.49125612
0.4695421,0.4695421
0.47817907,0.47817907
0.48790994,0.48790994
0.51736104,0.51736104
0.52778316,0.52778316
0.52778316,0.52778316
0.52778316,0.52778316
0.52778316,0.52778316
0.52778316,0.52778316
0.52778316,0.52778316
0.52778316,0.52778316
0.52778316,0.52778316
0.52778316,0.52778316
0.52778316,0.52778316
0.52778316,0.52778316
0.52778316,0.52778316
0.52778316,0.52778316
0.52778316,0.52778316
0.52778316,0.52778316
0.5355954,0.5355954
0.4742685,0.4742685
0.45121554,0.45121554
0.44670644,0.44670644
0.4366782,0.4366782
0.4833737,0.4833737
0.4980057,0.4980057
0.56128305,0.56128305
0.5408222,0.5408222
0.594837,0.594837
0.58575153,0.58575153
0.5870793,0.5870793
0.5352181,0.5352181
0.5280182,0.5280182
0.5362297,0.5362297
0.5361936,0.5361936
0.51011,0.51011
0.55238914,0.55238914
0.44918242,0.44918242
0.40450546,0.40450546
0.42329562,0.42329562
0.43882462,0.43882462
0.4446377,0.4446377
0.43592465,0.43592465
0.45242277,0.45242277
0.46689987,0.46689987
0.5747229,0.5747229
0.5407677,0.5407677
0.53021014,0.53021014
0.55989164,0.55989164
0.45243627,0.45243627
0.4035559,0.4035559
0.41036624,0.41036624
0.407858,0.407858
0.37965113,0.37965113
0.44789046,0.44789046
0.52471143,0.52471143
0.44535655,0.44535655
0.4622165,0.4622165
0.5198206,0.5198206
0.50363195,0.50363195
0.5185873,0.5185873
0.51134497,0.51134497
0.5075252,0.5075252
0.4887856,0.4887856
0.52121836,0.52121836
0.52182645,0.52182645
0.5358705,0.5358705
0.53155595,0.53155595
0.52774286,0.52774286
0.52778316,0.52778316
0.52778316,0.52778316
0.52778316,0.52778316
0.52778316,0.52778316
0.52778316,0.52778316
0.52778316,0.52778316
0.52778316,0.52778316
0.52778316,0.52778316
0.52778316,0.52778316
0.52778316,0.52778316
0.52778316,0.52778316
0.52778316,0.52778316
0.52778316,0.52778316
0.52778316,0.52778316
0.52778316,0.52778316
0.52778316,0.52778316
0.52778316,0.52778316
0.52778316,0.52778316
0.52778316,0.52778316
0.52778316,0.52778316
0.52778316,0.52778316
0.52778316,0.52778316
0.52778316,0.52778316
0.52778316,0.52778316
0.52778316,0.52778316
0.52778316,0.52778316
0.52778316,0.52778316
0.52778316,0.52778316
0.52778316,0.52778316
0.52778316,0.52778316
0.52778316,0.52778316
0.52778316,0.52778316
0.52778316,0.52778316
0.52778316,0.52778316
0.52778316,0.52778316
0.52778316,0.52778316
0.52778316,0.52778316
0.52778316,0.52778316
0.52778316,0.52778316
0.52778316,0.52778316
0.52778316,0.52778316
0.52778316,0.52778316
0.52778316,0.52778316
0.52778316,0.52778316
0.52778316,0.52778316
0.52778316,0.52778316
0.52778316,0.52778316
0.5019419,0.5019419
0.4687202,0.4687202
0.41323847,0.41323847
0.31500396,0.31500396
0.37479138,0.37479138
0.39890388,0.39890388
0.33610538,0.33610538
0.4144723,0.4144723
0.42979077,0.42979077
0.5368539,0.5368539
0.5130069,0.5130069
0.44811174,0.44811174
0.44376683,0.44376683
0.5508744,0.5508744
0.4729077,0.4729077
0.47957754,0.47957754
0.49616042,0.49616042
0.5036413,0.5036413
0.4812402,0.4812402
0.4390931,0.4390931
0.42161247,0.42161247
0.4350531,0.4350531
0.5075481,0.5075481
0.45263278,0.45263278
0.44716722,0.44716722
0.47720453,0.47720453
0.4332761,0.4332761
0.486599,0.486599
0.51126146,0.51126146
0.51795673,0.51795673
0.53732353,0.53732353
0.49602413,0.49602413
0.40328103,0.40328103
0.40241665,0.40241665
0.40632853,0.40632853
0.44351482,0.44351482
0.47103688,0.47103688
0.47273797,0.47273797
0.45322064,0.45322064
0.43736717,0.43736717
0.46896267,0.46896267
0.46717572,0.46717572
0.44796008,0.44796008
0.46177375,0.46177375
0.5325703,0.5325703
0.5346843,0.5346843
0.52778316,0.52778316
0.52778316,0.52778316
0.52778316,0.52778316
0.52778316,0.52778316
0.52778316,0.52778316
0.52778316,0.52778316
0.52778316,0.52778316
0.52778316,0.52778316
0.52778316,0.52778316
0.52778316,0.52778316
0.52778316,0.52778316
0.52778316,0.52778316
0.52778316,0.52778316
0.52778316,0.52778316
0.52778316,0.52778316
0.52778316,0.52778316
0.52778316,0.52778316
0.52778316,0.52778316
0.52778316,0.52778316
0.52778316,0.52778316
0.52778316,0.52778316
0.52778316,0.52778316
0.52778316,0.52778316
0.52778316,0.52778316
0.52778316,0.52778316
0.52778316,0.52778316
0.52778316,0.52778316
0.52778316,0.52778316
0.52778316,0.52778316
0.52778316,0.52778316
0.52778316,0.52778316
0.52778316,0.52778316
0.52778316,0.52778316
0.52778316,0.52778316
0.52778316,0.52778316
0.52778316,0.52778316
0.52778316,0.52778316
0.52778316,0.52778316
0.52778316,0.52778316
0.52778316,0.52778316
0.52778316,0.52778316
0.52778316,0.52778316
0.53852296,0.53852296
0.4567523,0.4567523
0.36847323,0.36847323
0.531138,0.531138
0.51252955,0.51252955
0.5096734,0.5096734
0.48476398,0.48476398
0.55578744,0.55578744
0.46998617,0.46998617
0.50129557,0.50129557
0.5056897,0.5056897
0.39685377,0.39685377
0.5224984,0.5224984
0.48311672,0.48311672
0.44287723,0.44287723
0.4886905,0.4886905
0.45484248,0.45484248
0.5650815,0.5650815
0.46840602,0.46840602
0.36801407,0.36801407
0.3717922,0.3717922
0.36509103,0.36509103
0.4372747,0.4372747
0.4818931,0.4818931
0.44240144,0.44240144
0.45514974,0.45514974
0.45055392,0.45055392
0.4611063,0.4611063
0.41223055,0.41223055
0.40882808,0.40882808
0.44769838,0.44769838
0.41269124,0.41269124
0.43053135,0.43053135
0.55806893,0.55806893
0.56058973,0.56058973
0.5267152,0.5267152
0.54573786,0.54573786
0.563553,0.563553
0.5233252,0.5233252
0.53858584,0.53858584
0.5249161,0.5249161
0.47926337,0.47926337
0.44251767,0.44251767
0.49208882,0.49208882
0.50221,0.50221
0.4517983,0.4517983
0.4576261,0.4576261
0.46191698,0.46191698
0.4784672,0.4784672
0.46630394,0.46630394
0.5175794,0.5175794
0.5367534,0.5367534
0.54737455,0.54737455
0.61216885,0.61216885
0.5958265,0.5958265
0.5858199,0.5858199
0.6471928,0.6471928
0.5942316,0.5942316
0.46388668,0.46388668
0.41591,0.41591
0.39490178,0.39490178
0.41781616,0.41781616
0.41870254,0.41870254
0.42147374,0.42147374
0.52488226,0.52488226
0.53887016,0.53887016
0.58425397,0.58425397
0.4835346,0.4835346
0.54938614,0.54938614
0.52338225,0.52338225
0.46689153,0.46689153
0.4687687,0.4687687
0.4450708,0.4450708
0.40437466,0.40437466
0.40288794,0.40288794
0.40375334,0.40375334
0.42720875,0.42720875
0.40142626,0.40142626
0.42017543,0.42017543
0.52286583,0.52286583
0.5632082,0.5632082
0.6028813,0.6028813
0.54809946,0.54809946
0.45909202,0.45909202
0.43461424,0.43461424
0.43933755,0.43933755
0.44501925,0.44501925
0.52605486,0.52605486
0.56769735,0.56769735
0.61114067,0.61114067
0.5548186,0.5548186
0.55638015,0.55638015
0.5485631,0.5485631
0.52066356,0.52066356
0.49835113,0.49835113
0.53445446,0.53445446
0.413191,0.413191
0.45480004,0.45480004
0.5888287,0.5888287
0.5435358,0.5435358
0.42944363,0.42944363
0.3462921,0.3462921
0.41947436,0.41947436
0.47334993,0.47334993
0.46716973,0.46716973
0.40976888,0.40976888
0.46766946,0.46766946
0.5476529,0.5476529
0.59510875,0.59510875
0.48917374,0.48917374
0.50889957,0.50889957
0.51452464,0.51452464
0.5034677,0.5034677
0.5055751,0.5055751
0.45994014,0.45994014
0.41503674,0.41503674
0.45285004,0.45285004
0.41672185,0.41672185
0.44243315,0.44243315
0.462881,0.462881
0.4432268,0.4432268
0.42027253,0.42027253
0.3869559,0.3869559
0.39013815,0.39013815
0.41711673,0.41711673
0.5409809,0.5409809
0.4783984,0.4783984
0.5244556,0.5244556
0.6642622,0.6642622
0.59976506,0.59976506
0.54701346,0.54701346
0.510608,0.510608
0.49938235,0.49938235
0.51706177,0.51706177
0.48739117,0.48739117
0.5824485,0.5824485
0.42667258,0.42667258
0.62949586,0.62949586
0.5357444,0.5357444
0.51819885,0.51819885
0.42501274,0.42501274
0.55387133,0.55387133
0.55197525,0.55197525
0.44602314,0.44602314
0.462453,0.462453
0.48540118,0.48540118
0.49373642,0.49373642
0.43521518,0.43521518
0.4895979,0.4895979
0.45530224,0.45530224
0.60421884,0.60421884
0.5587824,0.5587824
0.5687448,0.5687448
0.5180491,0.5180491
0.520429,0.520429
0.5222073,0.5222073
0.5270497,0.5270497
0.53475076,0.53475076
0.51128036,0.51128036
0.5086189,0.5086189
0.5163186,0.5163186
0.4912293,0.4912293
0.48343095,0.48343095
0.5389662,0.5389662
0.53475416,0.53475416
0.52778316,0.52778316
0.52778316,0.52778316
0.52778316,0.52778316
0.52778316,0.52778316
0.52778316,0.52778316
0.52778316,0.52778316
0.52778316,0.52778316
0.52778316,0.52778316
0.52778316,0.52778316
0.52778316,0.52778316
0.52778316,0.52778316
0.52778316,0.52778316
0.52778316,0.52778316
0.52778316,0.52778316
0.52778316,0.52778316
0.52778316,0.52778316
0.52778316,0.52778316
0.52778316,0.52778316
0.52778316,0.52778316
0.52778316,0.52778316
0.52778316,0.52778316
0.52778316,0.52778316
0.52778316,0.52778316
0.52778316,0.52778316
0.52778316,0.52778316
0.52778316,0.52778316
0.52778316,0.52778316
0.52778316,0.52778316
0.52778316,0.52778316
0.5663487,0.5663487
0.48869947,0.48869947
0.46040452,0.46040452
0.39136863,0.39136863
0.4482375,0.4482375
0.45140404,0.45140404
0.41204634,0.41204634
0.45731354,0.45731354
0.43312952,0.43312952
0.4427032,0.4427032
0.47059408,0.47059408
0.4229139,0.4229139
0.42827016,0.42827016
0.41959858,0.41959858
0.50411063,0.50411063
0.573096,0.573096
0.50905216,0.50905216
0.5404154,0.5404154
0.41962984,0.41962984
0.44433248,0.44433248
0.45577672,0.45577672
0.47390988,0.47390988
0.46193433,0.46193433
0.45140967,0.45140967
0.43336254,0.43336254
0.4417067,0.4417067
0.4285881,0.4285881
0.4055797,0.4055797
0.41551796,0.41551796
0.45974153,0.45974153
0.4253428,0.4253428
0.5138837,0.5138837
0.5363814,0.5363814
0.6364533,0.6364533
0.56115234,0.56115234
0.3546046,0.3546046
0.36560026,0.36560026
0.46229196,0.46229196
0.5000925,0.5000925
0.50509936,0.50509936
0.65785587,0.65785587
0.6279384,0.6279384
0.5423888,0.5423888
0.46600118,0.46600118
0.50136316,0.50136316
0.5683957,0.5683957
0.6333277,0.6333277
0.5954647,0.5954647
0.4313487,0.4313487
0.4051353,0.4051353
0.4342174,0.4342174
0.4497748,0.4497748
0.4963702,0.4963702
0.5864257,0.5864257
0.50852793,0.50852793
0.47810882,0.47810882
0.58186686,0.58186686
0.60017234,0.60017234
0.5664754,0.5664754
0.5100068,0.5100068
0.45025235,0.45025235
0.47340125,0.47340125
0.5038992,0.5038992
0.5363398,0.5363398
0.5494277,0.5494277
0.46499217,0.46499217
0.47358274,0.47358274
0.46926007,0.46926007
0.5636258,0.5636258
0.47017825,0.47017825
0.40514106,0.40514106
0.40811208,0.40811208
0.54835117,0.54835117
0.43004823,0.43004823
0.4069421,0.4069421
0.47132957,0.47132957
0.48829666,0.48829666
0.44026113,0.44026113
0.44749612,0.44749612
0.44642425,0.44642425
0.45995012,0.45995012
0.5464815,0.5464815
0.5847287,0.5847287
0.4345732,0.4345732
0.5057954,0.5057954
0.5561916,0.5561916
0.568805,0.568805
0.45499542,0.45499542
0.4545236,0.4545236
0.66113997,0.66113997
0.62057424,0.62057424
0.54720414,0.54720414
0.48361957,0.48361957
0.4813327,0.4813327
0.4488372,0.4488372
0.44419044,0.44419044
0.4701385,0.4701385
0.501249,0.501249
0.45106304,0.45106304
0.35467976,0.35467976
0.35376966,0.35376966
0.38913158,0.38913158
0.3519565,0.3519565
0.3857475,0.3857475
0.38913316,0.38913316
0.40177608,0.40177608
0.42906952,0.42906952
0.5150006,0.5150006
0.4370403,0.4370403
0.42126936,0.42126936
0.47012123,0.47012123
0.47025314,0.47025314
0.42485753,0.42485753
0.4601564,0.4601564
0.5390663,0.5390663
0.4287173,0.4287173
0.42293668,0.42293668
0.5269199,0.5269199
0.5657582,0.5657582
0.45335814,0.45335814
0.422629,0.422629
0.43681788,0.43681788
0.64768803,0.64768803
0.5570131,0.5570131
0.5235841,0.5235841
0.44678637,0.44678637
0.44331697,0.44331697
0.4327244,0.4327244
0.409212,0.409212
0.43057445,0.43057445
0.41636294,0.41636294
0.443084,0.443084
0.4339452,0.4339452
0.4375262,0.4375262
0.53999704,0.53999704
0.49653372,0.49653372
0.5728341,0.5728341
0.6275947,0.6275947
0.56251866,0.56251866
0.48428357,0.48428357
0.47174972,0.47174972
0.5416912,0.5416912
0.40652683,0.40652683
0.43318483,0.43318483
0.44717053,0.44717053
0.45632416,0.45632416
0.48073843,0.48073843
0.5155424,0.5155424
0.5091975,0.5091975
0.50488394,0.50488394
0.54640853,0.54640853
0.55923754,0.55923754
0.48044965,0.48044965
0.5202915,0.5202915
0.53333616,0.53333616
0.49745345,0.49745345
0.46301985,0.46301985
0.51676047,0.51676047
0.5148612,0.5148612
0.55808705,0.55808705
0.50523,0.50523
0.45351416,0.45351416
0.41459697,0.41459697
0.5210024,0.5210024
0.49056095,0.49056095
0.49901146,0.49901146
0.46439913,0.46439913
0.42124283,0.42124283
0.51571935,0.51571935
0.50000566,0.50000566
0.49062055,0.49062055
0.47376496,0.47376496
0.52646387,0.52646387
0.44758824,0.44758824
0.39461172,0.39461172
0.4040134,0.4040134
0.42595544,0.42595544
0.4880526,0.4880526
0.49790785,0.49790785
0.5948538,0.5948538
0.58652806,0.58652806
0.5889419,0.5889419
0.46554962,0.46554962
0.44285345,0.44285345
0.41503486,0.41503486
0.5123704,0.5123704
0.5908137,0.5908137
0.5975062,0.5975062
0.5487069,0.5487069
0.60250276,0.60250276
0.6060533,0.6060533
0.61386436,0.61386436
0.60381186,0.60381186
0.6099573,0.6099573
0.55306965,0.55306965
0.54203427,0.54203427
0.4746365,0.4746365
0.4043735,0.4043735
0.45694235,0.45694235
0.4567137,0.4567137
0.44089705,0.44089705
0.48965344,0.48965344
0.44833463,0.44833463
0.47280246,0.47280246
0.54145676,0.54145676
0.59836584,0.59836584
0.45919806,0.45919806
0.53865874,0.53865874
0.61619693,0.61619693
0.55439603,0.55439603
0.50907576,0.50907576
0.5175268,0.5175268
0.46068293,0.46068293
0.44726562,0.44726562
0.46852723,0.46852723
0.4539292,0.4539292
0.5785374,0.5785374
0.62528324,0.62528324
0.587238,0.587238
0.59872967,0.59872967
0.54980266,0.54980266
0.49945083,0.49945083
0.5412185,0.5412185
0.53907984,0.53907984
0.53034216,0.53034216
0.46966335,0.46966335
0.5310192,0.5310192
0.51416165,0.51416165
0.47070384,0.47070384
0.40983152,0.40983152
0.41673785,0.41673785
0.46700144,0.46700144
0.46453434,0.46453434
0.43587053,0.43587053
0.5681703,0.5681703
0.7388239,0.7388239
0.5977778,0.5977778
0.5501654,0.5501654
0.4958396,0.4958396
0.47023195,0.47023195
0.50197035,0.50197035
0.53793925,0.53793925
0.5796929,0.5796929
0.576651,0.576651
0.57613826,0.57613826
0.54778516,0.54778516
0.47035512,0.47035512
0.46651214,0.46651214
0.5242682,0.5242682
0.53650707,0.53650707
0.4884875,0.4884875
0.43997246,0.43997246
0.40979058,0.40979058
0.42217925,0.42217925
0.42346498,0.42346498
0.5177517,0.5177517
0.5990481,0.5990481
0.64911807,0.64911807
0.48644903,0.48644903
0.50112355,0.50112355
0.58969843,0.58969843
0.5523537,0.5523537
0.52161217,0.52161217
0.4682898,0.4682898
0.41399816,0.41399816
0.4397776,0.4397776
0.45000643,0.45000643
0.4350669,0.4350669
0.41041574,0.41041574
0.435038,0.435038
0.4501092,0.4501092
0.44256487,0.44256487
0.43624097,0.43624097
0.4377733,0.4377733
0.42430183,0.42430183
0.4264265,0.4264265
0.426739,0.426739
0.4392904,0.4392904
0.4233576,0.4233576
0.4667381,0.4667381
0.4305571,0.4305571
0.47120765,0.47120765
0.51399994,0.51399994
0.6024723,0.6024723
0.55515724,0.55515724
0.49672318,0.49672318
0.437276,0.437276
0.5368236,0.5368236
0.53547585,0.53547585
0.54549557,0.54549557
0.52853197,0.52853197
0.5322513,0.5322513
0.56293595,0.56293595
0.52749944,0.52749944
0.44298145,0.44298145
0.40571696,0.40571696
0.3921604,0.3921604
0.41380537,0.41380537
0.44796792,0.44796792
0.4085479,0.4085479
0.37606332,0.37606332
0.42609894,0.42609894
0.42359886,0.42359886
0.43268993,0.43268993
0.4882787,0.4882787
0.48085523,0.48085523
0.4785666,0.4785666
0.48580748,0.48580748
0.49603668,0.49603668
0.51272076,0.51272076
0.44163105,0.44163105
0.39606664,0.39606664
0.5769705,0.5769705
0.61603135,0.61603135
0.48471487,0.48471487
0.45536962,0.45536962
0.5283464,0.5283464
0.5479801,0.5479801
0.4841386,0.4841386
0.48119578,0.48119578
0.53539515,0.53539515
0.4779485,0.4779485
0.44272485,0.44272485
0.44042075,0.44042075
0.44264036,0.44264036
0.4763798,0.4763798
0.5923111,0.5923111
0.592745,0.592745
0.46451086,0.46451086
0.48347005,0.48347005
0.55490875,0.55490875
0.49274868,0.49274868
0.47431013,0.47431013
0.50547254,0.50547254
0.57252204,0.57252204
0.5431159,0.5431159
0.6027545,0.6027545
0.4551652,0.4551652
0.38751206,0.38751206
0.4431978,0.4431978
0.41917187,0.41917187
0.43355167,0.43355167
0.4709553,0.4709553
0.50086606,0.50086606
0.486055,0.486055
0.39242372,0.39242372
0.39524987,0.39524987
0.5541308,0.5541308
0.6122416,0.6122416
0.42156255,0.42156255
0.39655402,0.39655402
0.41906616,0.41906616
0.41271073,0.41271073
0.43373874,0.43373874
0.42378652,0.42378652
0.48013413,0.48013413
0.55495346,0.55495346
0.5569564,0.5569564
0.6032486,0.6032486
0.5134246,0.5134246
0.5896065,0.5896065
0.52368754,0.52368754
0.4723937,0.4723937
0.54701024,0.54701024
0.46508038,0.46508038
0.63700074,0.63700074
0.5663444,0.5663444
0.43570644,0.43570644
0.53546107,0.53546107
0.451608,0.451608
0.49178752,0.49178752
0.40893427,0.40893427
0.60159814,0.60159814
0.5767688,0.5767688
0.43171394,0.43171394
0.5051116,0.5051116
0.50278246,0.50278246
0.47888076,0.47888076
0.47867063,0.47867063
0.5018461,0.5018461
0.547201,0.547201
0.52215004,0.52215004
0.53236663,0.53236663
0.4628837,0.4628837
0.52276266,0.52276266
0.53062403,0.53062403
0.55100596,0.55100596
0.49344012,0.49344012
0.46902934,0.46902934
0.45354038,0.45354038
0.40163237,0.40163237
0.44210324,0.44210324
0.5586526,0.5586526
0.56536734,0.56536734
0.5778101,0.5778101
0.64131075,0.64131075
0.62055945,0.62055945
0.52502805,0.52502805
0.4598497,0.4598497
0.45415336,0.45415336
0.4634392,0.4634392
0.5080754,0.5080754
0.55663687,0.55663687
0.50304127,0.50304127
0.50601137,0.50601137
0.48307952,0.48307952
0.5468874,0.5468874
0.5637484,0.5637484
0.5352626,0.5352626
0.52778316,0.52778316
0.52778316,0.52778316
0.53230745,0.53230745
0.553077,0.553077
0.43736923,0.43736923
0.42144707,0.42144707
0.46469837,0.46469837
0.59528697,0.59528697
0.51683944,0.51683944
0.6201162,0.6201162
0.54836345,0.54836345
0.516654,0.516654
0.4589831,0.4589831
0.46620092,0.46620092
0.49764928,0.49764928
0.47650212,0.47650212
0.40639707,0.40639707
0.40779713,0.40779713
0.50335616,0.50335616
0.54668844,0.54668844
0.4474473,0.4474473
0.48394063,0.48394063
0.5124171,0.5124171
0.611021,0.611021
0.5925236,0.5925236
0.55097985,0.55097985
0.43664777,0.43664777
0.4183284,0.4183284
0.46634346,0.46634346
0.5086661,0.5086661
0.530085,0.530085
0.49176693,0.49176693
0.58887327,0.58887327
0.51818013,0.51818013
0.5661305,0.5661305
0.39383537,0.39383537
0.3779218,0.3779218
0.5174917,0.5174917
0.64311993,0.64311993
0.62899804,0.62899804
0.418621,0.418621
0.474668,0.474668
0.45099902,0.45099902
0.49842638,0.49842638
0.40070418,0.40070418
0.37651142,0.37651142
0.4788138,0.4788138
0.45704395,0.45704395
0.36236888,0.36236888
0.41496018,0.41496018
0.42143658,0.42143658
0.39279827,0.39279827
0.51588655,0.51588655
0.43919164,0.43919164
0.4699584,0.4699584
0.4938816,0.4938816
0.47537458,0.47537458
0.5179782,0.5179782
0.5581225,0.5581225
0.45166984,0.45166984
0.4231566,0.4231566
0.42254147,0.42254147
0.41533688,0.41533688
0.37848905,0.37848905
0.38129354,0.38129354
0.5425596,0.5425596
0.3862964,0.3862964
0.42577827,0.42577827
0.42672098,0.42672098
0.37194565,0.37194565
0.35430887,0.35430887
0.38783664,0.38783664
0.3893811,0.3893811
0.4402286,0.4402286
0.44078815,0.44078815
0.41366377,0.41366377
0.37414727,0.37414727
0.43145314,0.43145314
0.4142889,0.4142889
0.4463693,0.4463693
0.49240404,0.49240404
0.5303569,0.5303569
0.51063114,0.51063114
0.42260554,0.42260554
0.43645132,0.43645132
0.46220976,0.46220976
0.43904918,0.43904918
0.52720654,0.52720654
0.5109369,0.5109369
0.4873649,0.4873649
0.44481337,0.44481337
0.41579357,0.41579357
0.42202455,0.42202455
0.452736,0.452736
0.5445519,0.5445519
0.41117004,0.41117004
0.3979082,0.3979082
0.5030185,0.5030185
0.56568974,0.56568974
0.54172385,0.54172385
0.5463087,0.5463087
0.42477852,0.42477852
0.46444097,0.46444097
0.5499646,0.5499646
0.4845897,0.4845897
0.52059186,0.52059186
0.52510774,0.52510774
0.47640124,0.47640124
0.4892854,0.4892854
0.47972667,0.47972667
0.40265375,0.40265375
0.40516725,0.40516725
0.48036942,0.48036942
0.46810234,0.46810234
0.4841738,0.4841738
0.46372294,0.46372294
0.51873624,0.51873624
0.46548167,0.46548167
0.43431452,0.43431452
0.4696893,0.4696893
0.48426387,0.48426387
0.4912817,0.4912817
0.42927924,0.42927924
0.47208115,0.47208115
0.4245483,0.4245483
0.3985698,0.3985698
0.40193412,0.40193412
0.5266098,0.5266098
0.5643781,0.5643781
0.5879699,0.5879699
0.6003341,0.6003341
0.62642205,0.62642205
0.5572842,0.5572842
0.52616185,0.52616185
0.54550964,0.54550964
0.46205455,0.46205455
0.53577054,0.53577054
0.51651925,0.51651925
0.510764,0.510764
0.46202892,0.46202892
0.46357927,0.46357927
0.4444552,0.4444552
0.52446693,0.52446693
0.53148705,0.53148705
0.52778316,0.52778316
0.5686035,0.5686035
0.5234522,0.5234522
0.5701876,0.5701876
0.58531934,0.58531934
0.49606964,0.49606964
0.44295081,0.44295081
0.54462224,0.54462224
0.5320228,0.5320228
0.48572403,0.48572403
0.50980437,0.50980437
0.4529386,0.4529386
0.51464725,0.51464725
0.49980214,0.49980214
0.49017847,0.49017847
0.51128364,0.51128364
0.37812892,0.37812892
0.42189038,0.42189038
0.36567286,0.36567286
0.4152227,0.4152227
0.44112626,0.44112626
0.5529548,0.5529548
0.49541923,0.49541923
0.45258045,0.45258045
0.40740958,0.40740958
0.3908273,0.3908273
0.45200047,0.45200047
0.44051322,0.44051322
0.4099084,0.4099084
0.4114696,0.4114696
0.39033586,0.39033586
0.4800378,0.4800378
0.5596888,0.5596888
0.5803219,0.5803219
0.53480196,0.53480196
0.5150782,0.5150782
0.51887935,0.51887935
0.46612644,0.46612644
0.44915542,0.44915542
0.44926763,0.44926763
0.50480783,0.50480783
0.5855985,0.5855985
0.603519,0.603519
0.44207904,0.44207904
0.47568753,0.47568753
0.4811886,0.4811886
0.43321878,0.43321878
0.4804205,0.4804205
0.44670087,0.44670087
0.5609552,0.5609552
0.6211876,0.6211876
0.6651055,0.6651055
0.41115564,0.41115564
0.3724397,0.3724397
0.39072877,0.39072877
0.31120214,0.31120214
0.42873144,0.42873144
0.4381546,0.4381546
0.4070169,0.4070169
0.40899274,0.40899274
0.461488,0.461488
0.5554917,0.5554917
0.6112418,0.6112418
0.60450315,0.60450315
0.4004864,0.4004864
0.38961315,0.38961315
0.40634295,0.40634295
0.39766267,0.39766267
0.47557923,0.47557923
0.5801235,0.5801235
0.5849411,0.5849411
0.49145952,0.49145952
0.43189263,0.43189263
0.38766816,0.38766816
0.42295298,0.42295298
0.49258894,0.49258894
0.55827767,0.55827767
0.5470908,0.5470908
0.46553007,0.46553007
0.50634366,0.50634366
0.50236416,0.50236416
0.47775054,0.47775054
0.46174714,0.46174714
0.4558751,0.4558751
0.5491681,0.5491681
0.4510579,0.4510579
0.5100971,0.5100971
0.5128701,0.5128701
0.47582448,0.47582448
0.5062881,0.5062881
0.4638281,0.4638281
0.47075045,0.47075045
0.43861237,0.43861237
0.46990016,0.46990016
0.5106016,0.5106016
0.51427734,0.51427734
0.51347095,0.51347095
0.50415456,0.50415456
0.5005373,0.5005373
0.5325891,0.5325891
0.5029208,0.5029208
0.5307468,0.5307468
0.47635978,0.47635978
0.4675026,0.4675026
0.49016672,0.49016672
0.5152972,0.5152972
0.40993232,0.40993232
0.4320275,0.4320275
0.39202967,0.39202967
0.392053,0.392053
0.4248234,0.4248234
0.5576861,0.5576861
0.6135116,0.6135116
0.5122091,0.5122091
0.4216057,0.4216057
0.40648502,0.40648502
0.42396197,0.42396197
0.41776493,0.41776493
0.4763983,0.4763983
0.40962046,0.40962046
0.4523237,0.4523237
0.5994192,0.5994192
0.58104783,0.58104783
0.48885465,0.48885465
0.45817378,0.45817378
0.3858244,0.3858244
0.44476414,0.44476414
0.526157,0.526157
0.5263677,0.5263677
0.5945442,0.5945442
0.6023451,0.6023451
0.60467315,0.60467315
0.3986049,0.3986049
0.49259242,0.49259242
0.53071636,0.53071636
0.5420798,0.5420798
0.38615376,0.38615376
0.42996386,0.42996386
0.44493145,0.44493145
0.54012936,0.54012936
0.59000945,0.59000945
0.6383622,0.6383622
0.571221,0.571221
0.46187666,0.46187666
0.48688743,0.48688743
0.49751332,0.49751332
0.536652,0.536652
0.51332057,0.51332057
0.49312246,0.49312246
0.49717396,0.49717396
0.51615614,0.51615614
0.53821003,0.53821003
0.47089663,0.47089663
0.5144387,0.5144387
0.527962,0.527962
0.52778316,0.52778316
0.52778316,0.52778316
0.52778316,0.52778316
0.52778316,0.52778316
0.52778316,0.52778316
0.52778316,0.52778316
0.52778316,0.52778316
0.52778316,0.52778316
0.53434837,0.53434837
0.48147207,0.48147207
0.4498786,0.4498786
0.35633105,0.35633105
0.44446105,0.44446105
0.40840867,0.40840867
0.38830966,0.38830966
0.44701385,0.44701385
0.54079354,0.54079354
0.57191575,0.57191575
0.5528162,0.5528162
0.40222397,0.40222397
0.43587244,0.43587244
0.40616828,0.40616828
0.44186214,0.44186214
0.37498417,0.37498417
0.43236768,0.43236768
0.4934824,0.4934824
0.4253041,0.4253041
0.403681,0.403681
0.4461728,0.4461728
0.4147033,0.4147033
0.42862582,0.42862582
0.44130737,0.44130737
0.41068566,0.41068566
0.54690206,0.54690206
0.5595575,0.5595575
0.38413563,0.38413563
0.4009601,0.4009601
0.44128627,0.44128627
0.5843878,0.5843878
0.6435545,0.6435545
0.458376,0.458376
0.45816788,0.45816788
0.5283946,0.5283946
0.6102418,0.6102418
0.5817814,0.5817814
0.5843342,0.5843342
0.48981085,0.48981085
0.409903,0.409903
0.3968659,0.3968659
0.58734745,0.58734745
0.58106405,0.58106405
0.52764744,0.52764744
0.5069469,0.5069469
0.54108006,0.54108006
0.49808282,0.49808282
0.38458794,0.38458794
0.33931944,0.33931944
0.38335803,0.38335803
0.4416227,0.4416227
0.57875854,0.57875854
0.5978895,0.5978895
0.60072994,0.60072994
0.4633065,0.4633065
0.3944254,0.3944254
0.38306907,0.38306907
0.39703158,0.39703158
0.43554872,0.43554872
0.38247082,0.38247082
0.368239,0.368239
0.40228075,0.40228075
0.39071915,0.39071915
0.45804086,0.45804086
0.5608982,0.5608982
0.6396324,0.6396324
0.5763056,0.5763056
0.5422127,0.5422127
0.56906384,0.56906384
0.66139627,0.66139627
0.62624776,0.62624776
0.54214275,0.54214275
0.45667478,0.45667478
0.62534684,0.62534684
0.6758309,0.6758309
0.5935549,0.5935549
0.58508986,0.58508986
0.60123444,0.60123444
0.56134707,0.56134707
0.5246495,0.5246495
0.54270715,0.54270715
0.57200235,0.57200235
0.5562194,0.5562194
0.3954088,0.3954088
0.46919885,0.46919885
0.46332154,0.46332154
0.55916893,0.55916893
0.5470105,0.5470105
0.50897163,0.50897163
0.5127329,0.5127329
0.5208574,0.5208574
0.49760243,0.49760243
0.5185509,0.5185509
0.48985255,0.48985255
0.4940573,0.4940573
0.4776802,0.4776802
0.46525168,0.46525168
0.4541852,0.4541852
0.37364593,0.37364593
0.48647314,0.48647314
0.4930976,0.4930976
0.47126627,0.47126627
0.4482745,0.4482745
0.44830692,0.44830692
0.45044783,0.45044783
0.41918647,0.41918647
0.4218272,0.4218272
0.41631946,0.41631946
0.45518738,0.45518738
0.44224316,0.44224316
0.43279716,0.43279716
0.4147884,0.4147884
0.44545767,0.44545767
0.48996615,0.48996615
0.40854853,0.40854853
0.52279884,0.52279884
0.54002684,0.54002684
0.56212485,0.56212485
0.47087964,0.47087964
0.41185796,0.41185796
0.4105947,0.4105947
0.447585,0.447585
0.48962316,0.48962316
0.4385981,0.4385981
0.58928114,0.58928114
0.53770775,0.53770775
0.49292374,0.49292374
0.44157392,0.44157392
0.47859415,0.47859415
0.5174649,0.5174649
0.46347338,0.46347338
0.4819831,0.4819831
0.47049797,0.47049797
0.49602538,0.49602538
0.4836037,0.4836037
0.5404938,0.5404938
0.53252923,0.53252923
0.52778316,0.52778316
0.52778316,0.52778316
0.52778316,0.52778316
0.52778316,0.52778316
0.52778316,0.52778316
0.52778316,0.52778316
0.52778316,0.52778316
0.52778316,0.52778316
0.52778316,0.52778316
0.52778316,0.52778316
0.52778316,0.52778316
0.52778316,0.52778316
0.52778316,0.52778316
0.52778316,0.52778316
0.52778316,0.52778316
0.52778316,0.52778316
0.52778316,0.52778316
0.52778316,0.52778316
0.52778316,0.52778316
0.52778316,0.52778316
0.52778316,0.52778316
0.52778316,0.52778316
0.52778316,0.52778316
0.52778316,0.52778316
0.52778316,0.52778316
0.52778316,0.52778316
0.52778316,0.52778316
0.52778316,0.52778316
0.52778316,0.52778316
0.52778316,0.52778316
0.52778316,0.52778316
0.52778316,0.52778316
0.52778316,0.52778316
0.52778316,0.52778316
0.52778316,0.52778316
0.52778316,0.52778316
0.52778316,0.52778316
0.52778316,0.52778316
0.52778316,0.52778316
0.52778316,0.52778316
0.52778316,0.52778316
0.52778316,0.52778316
0.52778316,0.52778316
0.52778316,0.52778316
0.52778316,0.52778316
0.52778316,0.52778316
0.52778316,0.52778316
0.52778316,0.52778316
0.52778316,0.52778316
0.52778316,0.52778316
0.52778316,0.52778316
0.52778316,0.52778316
0.52778316,0.52778316
0.52778316,0.52778316
0.52778316,0.52778316
0.52778316,0.52778316
0.52778316,0.52778316
0.52778316,0.52778316
0.52778316,0.52778316
0.52778316,0.52778316
0.52778316,0.52778316
0.52778316,0.52778316
0.52778316,0.52778316
0.52778316,0.52778316
0.52778316,0.52778316
0.52778316,0.52778316
0.52778316,0.52778316
0.52778316,0.52778316
0.52778316,0.52778316
0.52778316,0.52778316
0.52778316,0.52778316
0.52778316,0.52778316
0.52778316,0.52778316
0.52778316,0.52778316
0.52778316,0.52778316
0.52778316,0.52778316
0.52778316,0.52778316
0.52778316,0.52778316
0.52778316,0.52778316
0.52778316,0.52778316
0.52778316,0.52778316
0.52778316,0.52778316
0.52778316,0.52778316
0.52778316,0.52778316
0.52778316,0.52778316
0.52778316,0.52778316
0.52778316,0.52778316
0.52778316,0.52778316
0.52778316,0.52778316
0.52778316,0.52778316
0.52778316,0.52778316
0.52778316,0.52778316
0.52778316,0.52778316
0.52778316,0.52778316
0.52778316,0.52778316
0.52778316,0.52778316
0.52778316,0.52778316
0.52778316,0.52778316
0.52778316,0.52778316
0.52778316,0.52778316
0.52778316,0.52778316
0.52778316,0.52778316
0.52778316,0.52778316
0.52778316,0.52778316
0.52778316,0.52778316
0.52778316,0.52778316
0.52778316,0.52778316
0.52778316,0.52778316
0.52778316,0.52778316
0.52778316,0.52778316
0.52778316,0.52778316
0.52778316,0.52778316
0.52778316,0.52778316
0.52778316,0.52778316
0.52778316,0.52778316
0.52778316,0.52778316
0.52778316,0.52778316
0.52778316,0.52778316
0.52778316,0.52778316
0.52778316,0.52778316
0.52778316,0.52778316
0.52778316,0.52778316
0.52778316,0.52778316
0.52778316,0.52778316
0.52778316,0.52778316
0.52778316,0.52778316
0.52778316,0.52778316
0.52778316,0.52778316
0.52778316,0.52778316
0.52778316,0.52778316
0.52778316,0.52778316
0.52778316,0.52778316
0.52778316,0.52778316
0.52778316,0.52778316
0.52778316,0.52778316
0.52778316,0.52778316
0.52778316,0.52778316
0.52778316,0.52778316
0.52778316,0.52778316
0.52778316,0.52778316
0.52778316,0.52778316
0.52778316,0.52778316
0.52778316,0.52778316
0.52778316,0.52778316
0.52778316,0.52778316
0.52778316,0.52778316
0.52778316,0.52778316
0.52778316,0.52778316
0.52778316,0.52778316
0.52778316,0.52778316
0.52778316,0.52778316
0.52778316,0.52778316
0.52778316,0.52778316
0.52778316,0.52778316
0.52778316,0.52778316
0.52778316,0.52778316
0.52778316,0.52778316
0.52778316,0.52778316
0.52778316,0.52778316
0.52778316,0.52778316
0.52778316,0.52778316
0.52778316,0.52778316
0.52778316,0.52778316
0.52778316,0.52778316
0.52778316,0.52778316
0.52778316,0.52778316
0.52778316,0.52778316
0.52778316,0.52778316
0.52778316,0.52778316
0.52778316,0.52778316
0.52778316,0.52778316
0.52778316,0.52778316
0.52778316,0.52778316
0.52778316,0.52778316
0.52778316,0.52778316
0.52778316,0.52778316
0.52778316,0.52778316
0.52778316,0.52778316
0.52778316,0.52778316
0.52778316,0.52778316
0.52778316,0.52778316
0.52778316,0.52778316
0.52778316,0.52778316
0.52778316,0.52778316
0.52778316,0.52778316
0.52778316,0.52778316
0.52778316,0.52778316
0.52778316,0.52778316
0.52778316,0.52778316
0.52778316,0.52778316
0.52778316,0.52778316
0.52778316,0.52778316
0.52778316,0.52778316
0.52778316,0.52778316
0.52778316,0.52778316
0.52778316,0.52778316
0.52778316,0.52778316
0.52778316,0.52778316
0.52778316,0.52778316
0.52778316,0.52778316
0.52778316,0.52778316
0.52778316,0.52778316
0.52778316,0.52778316
0.52778316,0.52778316
0.52778316,0.52778316
0.52778316,0.52778316
0.52778316,0.52778316
0.52778316,0.52778316
0.52778316,0.52778316
0.52778316,0.52778316
0.52778316,0.52778316
0.52778316,0.52778316
0.52778316,0.52778316
0.52778316,0.52778316
0.52778316,0.52778316
0.52778316,0.52778316
0.52778316,0.52778316
0.52778316,0.52778316
0.52778316,0.52778316
0.52778316,0.52778316
0.52778316,0.52778316
0.52778316,0.52778316
0.52778316,0.52778316
0.52778316,0.52778316
0.52778316,0.52778316
0.52778316,0.52778316
0.52778316,0.52778316
0.52778316,0.52778316
0.52778316,0.52778316
0.52778316,0.52778316
0.52778316,0.52778316
0.52778316,0.52778316
0.52778316,0.52778316
0.52778316,0.52778316
0.52778316,0.52778316
0.52778316,0.52778316
0.52778316,0.52778316
0.52778316,0.52778316
0.52778316,0.52778316
0.52778316,0.52778316
0.52778316,0.52778316
0.52778316,0.52778316
0.52778316,0.52778316
0.52778316,0.52778316
0.52778316,0.52778316
0.52778316,0.52778316
0.52778316,0.52778316
0.52778316,0.52778316
0.52778316,0.52778316
0.52778316,0.52778316
0.52778316,0.52778316
0.52778316,0.52778316
0.52778316,0.52778316
0.52778316,0.52778316
0.52778316,0.52778316
0.52778316,0.52778316
0.52778316,0.52778316
0.52778316,0.52778316
0.52778316,0.52778316
0.52778316,0.52778316
0.52778316,0.52778316
0.52778316,0.52778316
0.52778316,0.52778316
0.52778316,0.52778316
0.52778316,0.52778316
0.52778316,0.52778316
0.52778316,0.52778316
0.52778316,0.52778316
0.52778316,0.52778316
0.52778316,0.52778316
0.52778316,0.52778316
0.52778316,0.52778316
0.52778316,0.52778316
0.52778316,0.52778316
0.52778316,0.52778316
0.52778316,0.52778316
0.52778316,0.52778316
0.52778316,0.52778316
0.52778316,0.52778316
0.52778316,0.52778316
0.52778316,0.52778316
0.52778316,0.52778316
0.52778316,0.52778316
0.52778316,0.52778316
0.52778316,0.52778316
0.52778316,0.52778316
0.52778316,0.52778316
0.52778316,0.52778316
0.52778316,0.52778316
0.52778316,0.52778316
0.52778316,0.52778316
0.52778316,0.52778316
0.52778316,0.52778316
0.52778316,0.52778316
0.52778316,0.52778316
0.52778316,0.52778316
0.52778316,0.52778316
0.52778316,0.52778316
0.52778316,0.52778316
0.52778316,0.52778316
0.52778316,0.52778316
0.52778316,0.52778316
0.52778316,0.52778316
0.52778316,0.52778316
0.52778316,0.52778316
0.52778316,0.52778316
0.52778316,0.52778316
0.52778316,0.52778316
0.52778316,0.52778316
0.52778316,0.52778316
0.52778316,0.52778316
0.52778316,0.52778316
0.52778316,0.52778316
0.52778316,0.52778316
0.52778316,0.52778316
0.52778316,0.52778316
0.52778316,0.52778316
0.52778316,0.52778316
0.52778316,0.52778316
0.52778316,0.52778316
0.52778316,0.52778316
0.52778316,0.52778316
0.52778316,0.52778316
0.52778316,0.52778316
0.52778316,0.52778316
0.52778316,0.52778316
0.52778316,0.52778316
0.52778316,0.52778316
0.52778316,0.52778316
0.52778316,0.52778316
0.52778316,0.52778316
0.52778316,0.52778316
0.52778316,0.52778316
0.52778316,0.52778316
0.52778316,0.52778316
0.52778316,0.52778316
0.52778316,0.52778316
0.52778316,0.52778316
0.52778316,0.52778316
0.52778316,0.52778316
0.52778316,0.52778316
0.52778316,0.52778316
0.52778316,0.52778316
0.52778316,0.52778316
0.52778316,0.52778316
0.52778316,0.52778316
0.52778316,0.52778316
0.52778316,0.52778316
0.52778316,0.52778316
0.52778316,0.52778316
0.52778316,0.52778316
0.52778316,0.52778316
0.52778316,0.52778316
0.52778316,0.52778316
0.52778316,0.52778316
0.52778316,0.52778316
0.52778316,0.52778316
0.52778316,0.52778316
0.52778316,0.52778316
0.52778316,0.52778316
0.52778316,0.52778316
0.52778316,0.52778316
0.52778316,0.52778316
0.52778316,0.52778316
0.52778316,0.52778316
0.52778316,0.52778316
0.52778316,0.52778316
0.52778316,0.52778316
0.52778316,0.52778316
0.52778316,0.52778316
0.52778316,0.52778316
0.52778316,0.52778316
0.52778316,0.52778316
0.52778316,0.52778316
0.52778316,0.52778316
0.52778316,0.52778316
0.52778316,0.52778316
0.52778316,0.52778316
0.52778316,0.52778316
0.52778316,0.52778316
0.52778316,0.52778316
0.52778316,0.52778316
0.52778316,0.52778316
0.52778316,0.52778316
0.52778316,0.52778316
0.52778316,0.52778316
0.52778316,0.52778316
0.52778316,0.52778316
0.52778316,0.52778316
0.52778316,0.52778316
0.52778316,0.52778316
0.52778316,0.52778316
0.52778316,0.52778316
0.52778316,0.52778316
0.52778316,0.52778316
0.52778316,0.52778316
0.52778316,0.52778316
0.52778316,0.52778316
0.52778316,0.52778316
0.52778316,0.52778316
0.52778316,0.52778316
0.52778316,0.52778316
0.52778316,0.52778316
0.52778316,0.52778316
0.52778316,0.52778316
0.52778316,0.52778316
0.52778316,0.52778316
0.52778316,0.52778316
0.52778316,0.52778316
0.52778316,0.52778316
0.52778316,0.52778316
0.52778316,0.52778316
0.52778316,0.52778316
0.52778316,0.52778316
0.52778316,0.52778316
0.52778316,0.52778316
0.52778316,0.52778316
0.52778316,0.52778316
0.52778316,0.52778316
0.52778316,0.52778316
0.52778316,0.52778316
0.52778316,0.52778316
0.52778316,0.52778316
0.52778316,0.52778316
0.52778316,0.52778316
0.52778316,0.52778316
0.52778316,0.52778316
0.52778316,0.52778316
0.52778316,0.52778316
0.52778316,0.52778316
0.52778316,0.52778316
0.52778316,0.52778316
0.52778316,0.52778316
0.52778316,0.52778316
0.52778316,0.52778316
0.52778316,0.52778316
0.52778316,0.52778316
0.52778316,0.52778316
0.52778316,0.52778316
0.52778316,0.52778316
0.52778316,0.52778316
0.52778316,0.52778316
0.52778316,0.52778316
0.52778316,0.52778316
0.52778316,0.52778316
0.52778316,0.52778316
0.52778316,0.52778316
0.52778316,0.52778316
0.52778316,0.52778316
0.52778316,0.52778316
0.52778316,0.52778316
0.52778316,0.52778316
0.52778316,0.52778316
0.52778316,0.52778316
0.52778316,0.52778316
0.52778316,0.52778316
0.52778316,0.52778316
0.52778316,0.52778316
0.52778316,0.52778316
0.52778316,0.52778316
0.52778316,0.52778316
0.52778316,0.52778316
0.52778316,0.52778316
0.52778316,0.52778316
0.52778316,0.52778316
0.52778316,0.52778316
0.52778316,0.52778316
0.52778316,0.52778316
0.52778316,0.52778316
0.52778316,0.52778316
0.52778316,0.52778316
0.52778316,0.52778316
0.52778316,0.52778316
0.52778316,0.52778316
0.52778316,0.52778316
0.52778316,0.52778316
0.52778316,0.52778316
0.52778316,0.52778316
0.52778316,0.52778316
0.52778316,0.52778316
0.52778316,0.52778316
0.52778316,0.52778316
0.52778316,0.52778316
0.52778316,0.52778316
0.52778316,0.52778316
0.52778316,0.52778316
0.52778316,0.52778316
0.52778316,0.52778316
0.52778316,0.52778316
0.52778316,0.52778316
0.52778316,0.52778316
0.52778316,0.52778316
0.52778316,0.52778316
0.52778316,0.52778316
0.52778316,0.52778316
0.52778316,0.52778316
0.52778316,0.52778316
0.52778316,0.52778316
0.52778316,0.52778316
0.52778316,0.52778316
0.52778316,0.52778316
0.52778316,0.52778316
0.52778316,0.52778316
0.52778316,0.52778316
0.52778316,0.52778316
0.52778316,0.52778316
0.52778316,0.52778316
0.52778316,0.52778316
0.52778316,0.52778316
0.52778316,0.52778316
0.52778316,0.52778316
0.52778316,0.52778316
0.52778316,0.52778316
0.52778316,0.52778316
0.52778316,0.52778316
0.52778316,0.52778316
0.52778316,0.52778316
0.52778316,0.52778316
0.52778316,0.52778316
0.52778316,0.52778316
0.52778316,0.52778316
0.52778316,0.52778316
0.52778316,0.52778316
0.52778316,0.52778316
0.52778316,0.52778316
0.52778316,0.52778316
0.52778316,0.52778316
0.52778316,0.52778316
0.52778316,0.52778316
0.52778316,0.52778316
0.52778316,0.52778316
0.52778316,0.52778316
0.52778316,0.52778316
0.52778316,0.52778316
0.52778316,0.52778316
0.5308653,0.5308653
0.4393458,0.4393458
0.42644355,0.42644355
0.4033399,0.4033399
0.41912043,0.41912043
0.4566753,0.4566753
0.47591007,0.47591007
0.47498018,0.47498018
0.48070902,0.48070902
0.49291748,0.49291748
0.49888095,0.49888095
0.5683568,0.5683568
0.50380915,0.50380915
0.5504748,0.5504748
0.47110274,0.47110274
0.45728096,0.45728096
0.39854097,0.39854097
0.33506674,0.33506674
0.33135566,0.33135566
0.4381092,0.4381092
0.5385888,0.5385888
0.6150334,0.6150334
0.51941687,0.51941687
0.5539588,0.5539588
0.4142037,0.4142037
0.43961358,0.43961358
0.4464459,0.4464459
0.4076689,0.4076689
0.418593,0.418593
0.57484114,0.57484114
0.5176014,0.5176014
0.51139736,0.51139736
0.5528863,0.5528863
0.5563654,0.5563654
0.53747296,0.53747296
0.54491144,0.54491144
0.55617166,0.55617166
0.59739435,0.59739435
0.65077776,0.65077776
0.53200704,0.53200704
0.505382,0.505382
0.40453333,0.40453333
0.44467294,0.44467294
0.47149932,0.47149932
0.4676474,0.4676474
0.48879686,0.48879686
0.50277025,0.50277025
0.5350308,0.5350308
0.46275523,0.46275523
0.51685596,0.51685596
0.52778316,0.52778316
0.52778316,0.52778316
0.52778316,0.52778316
0.52778316,0.52778316
0.52778316,0.52778316
0.52778316,0.52778316
0.52778316,0.52778316
0.52778316,0.52778316
0.52778316,0.52778316
0.52778316,0.52778316
0.52778316,0.52778316
0.52778316,0.52778316
0.52778316,0.52778316
0.52778316,0.52778316
0.52778316,0.52778316
0.52778316,0.52778316
0.52778316,0.52778316
0.52778316,0.52778316
0.52778316,0.52778316
0.52778316,0.52778316
0.52778316,0.52778316
0.52778316,0.52778316
0.52778316,0.52778316
0.52778316,0.52778316
0.52778316,0.52778316
0.52778316,0.52778316
0.52778316,0.52778316
0.52778316,0.52778316
0.52778316,0.52778316
0.52778316,0.52778316
0.52778316,0.52778316
0.52778316,0.52778316
0.52778316,0.52778316
0.52778316,0.52778316
0.52778316,0.52778316
0.52778316,0.52778316
0.52778316,0.52778316
0.52778316,0.52778316
0.52778316,0.52778316
0.52778316,0.52778316
0.52778316,0.52778316
0.52778316,0.52778316
0.52778316,0.52778316
0.52778316,0.52778316
0.52778316,0.52778316
0.52778316,0.52778316
0.52778316,0.52778316
0.52778316,0.52778316
0.52778316,0.52778316
0.52778316,0.52778316
0.52778316,0.52778316
0.52778316,0.52778316
0.52778316,0.52778316
0.52778316,0.52778316
0.52778316,0.52778316
0.52778316,0.52778316
0.52778316,0.52778316
0.52778316,0.52778316
0.52778316,0.52778316
0.52778316,0.52778316
0.52778316,0.52778316
0.52778316,0.52778316
0.52778316,0.52778316
0.52778316,0.52778316
0.52778316,0.52778316
0.52778316,0.52778316
0.52778316,0.52778316
0.52778316,0.52778316
0.52778316,0.52778316
0.52778316,0.52778316
0.52778316,0.52778316
0.52778316,0.52778316
0.52778316,0.52778316
0.52778316,0.52778316
0.52778316,0.52778316
0.52778316,0.52778316
0.52778316,0.52778316
0.52778316,0.52778316
0.52778316,0.52778316
0.52778316,0.52778316
0.52778316,0.52778316
0.52778316,0.52778316
0.52778316,0.52778316
0.52778316,0.52778316
0.52778316,0.52778316
0.52778316,0.52778316
0.52778316,0.52778316
0.52778316,0.52778316
0.52778316,0.52778316
0.52778316,0.52778316
0.52778316,0.52778316
0.52778316,0.52778316
0.52778316,0.52778316
0.52778316,0.52778316
0.52778316,0.52778316
0.52778316,0.52778316
0.52778316,0.52778316
0.52778316,0.52778316
0.52778316,0.52778316
0.52778316,0.52778316
0.52778316,0.52778316
0.52778316,0.52778316
0.52778316,0.52778316
0.52778316,0.52778316
0.52778316,0.52778316
0.52778316,0.52778316
0.52778316,0.52778316
0.52778316,0.52778316
0.52778316,0.52778316
0.52778316,0.52778316
0.52778316,0.52778316
0.52778316,0.52778316
0.52778316,0.52778316
0.52778316,0.52778316
0.52778316,0.52778316
0.52778316,0.52778316
0.52778316,0.52778316
0.52778316,0.52778316
0.52778316,0.52778316
0.52778316,0.52778316
0.52778316,0.52778316
0.52778316,0.52778316
0.52778316,0.52778316
0.52778316,0.52778316
0.52778316,0.52778316
0.52778316,0.52778316
0.52778316,0.52778316
0.52778316,0.52778316
0.52778316,0.52778316
0.52778316,0.52778316
0.52778316,0.52778316
0.52778316,0.52778316
0.52778316,0.52778316
0.52778316,0.52778316
0.52778316,0.52778316
0.52778316,0.52778316
0.52778316,0.52778316
0.52778316,0.52778316
0.52778316,0.52778316
0.52778316,0.52778316
0.52778316,0.52778316
0.52778316,0.52778316
0.52778316,0.52778316
0.52778316,0.52778316
0.52778316,0.52778316
0.52778316,0.52778316
0.52778316,0.52778316
0.52778316,0.52778316
0.52778316,0.52778316
0.52778316,0.52778316
0.52778316,0.52778316
0.52778316,0.52778316
0.52778316,0.52778316
0.52778316,0.52778316
0.52778316,0.52778316
0.52778316,0.52778316
0.52778316,0.52778316
0.52778316,0.52778316
0.52778316,0.52778316
0.52778316,0.52778316
0.52778316,0.52778316
0.52778316,0.52778316
0.52778316,0.52778316
0.52778316,0.52778316
0.52778316,0.52778316
0.52778316,0.52778316
0.52778316,0.52778316
0.52778316,0.52778316
0.52778316,0.52778316
0.52778316,0.52778316
0.52778316,0.52778316
0.52778316,0.52778316
0.52778316,0.52778316
0.52778316,0.52778316
0.52778316,0.52778316
0.52778316,0.52778316
0.52778316,0.52778316
0.52778316,0.52778316
0.52778316,0.52778316
0.52778316,0.52778316
0.52778316,0.52778316
0.52778316,0.52778316
0.52778316,0.52778316
0.52778316,0.52778316
0.52778316,0.52778316
0.52778316,0.52778316
0.52778316,0.52778316
0.52778316,0.52778316
0.52778316,0.52778316
0.52778316,0.52778316
0.52778316,0.52778316
0.52778316,0.52778316
0.52778316,0.52778316
0.52778316,0.52778316
0.52778316,0.52778316
0.52778316,0.52778316
0.52778316,0.52778316
0.52778316,0.52778316
0.52778316,0.52778316
0.52778316,0.52778316
0.52778316,0.52778316
0.52778316,0.52778316
0.52778316,0.52778316
0.52778316,0.52778316
0.52778316,0.52778316
0.52778316,0.52778316
0.52778316,0.52778316
0.52778316,0.52778316
0.52778316,0.52778316
0.52778316,0.52778316
0.52778316,0.52778316
0.52778316,0.52778316
0.52778316,0.52778316
0.52778316,0.52778316
0.52778316,0.52778316
0.52778316,0.52778316
0.52778316,0.52778316
0.52778316,0.52778316
0.52778316,0.52778316
0.52778316,0.52778316
0.52778316,0.52778316
0.52778316,0.52778316
0.52778316,0.52778316
0.52778316,0.52778316
0.52778316,0.52778316
0.52778316,0.52778316
0.52778316,0.52778316
0.52778316,0.52778316
0.52778316,0.52778316
0.52778316,0.52778316
0.52778316,0.52778316
0.52778316,0.52778316
0.52778316,0.52778316
0.52778316,0.52778316
0.52778316,0.52778316
0.52778316,0.52778316
0.52778316,0.52778316
0.52778316,0.52778316
0.52778316,0.52778316
0.52778316,0.52778316
0.52778316,0.52778316
0.52778316,0.52778316
0.52778316,0.52778316
0.52778316,0.52778316
0.52778316,0.52778316
0.52778316,0.52778316
0.52778316,0.52778316
0.52778316,0.52778316
0.52778316,0.52778316
0.52778316,0.52778316
0.52778316,0.52778316
0.52778316,0.52778316
0.52778316,0.52778316
0.52778316,0.52778316
0.52778316,0.52778316
0.52778316,0.52778316
0.52778316,0.52778316
0.52778316,0.52778316
0.52778316,0.52778316
0.52778316,0.52778316
0.52778316,0.52778316
0.52778316,0.52778316
0.52778316,0.52778316
0.52778316,0.52778316
0.52778316,0.52778316
0.52778316,0.52778316
0.52778316,0.52778316
0.52778316,0.52778316
0.52778316,0.52778316
0.52778316,0.52778316
0.52778316,0.52778316
0.52778316,0.52778316
0.52778316,0.52778316
0.52778316,0.52778316
0.52778316,0.52778316
0.52778316,0.52778316
0.52778316,0.52778316
0.52778316,0.52778316
0.52778316,0.52778316
0.52778316,0.52778316
0.52778316,0.52778316
0.52778316,0.52778316
0.52778316,0.52778316
0.52778316,0.52778316
0.52778316,0.52778316
0.52778316,0.52778316
0.52778316,0.52778316
0.52778316,0.52778316
0.52778316,0.52778316
0.52778316,0.52778316
0.52778316,0.52778316
0.52778316,0.52778316
0.52778316,0.52778316
0.52778316,0.52778316
0.52778316,0.52778316
0.52778316,0.52778316
0.52778316,0.52778316
0.52778316,0.52778316
0.52778316,0.52778316
0.52778316,0.52778316
0.52778316,0.52778316
0.52778316,0.52778316
0.52778316,0.52778316
0.52778316,0.52778316
0.52778316,0.52778316
0.52778316,0.52778316
0.52778316,0.52778316
0.52778316,0.52778316
0.52778316,0.52778316
0.52778316,0.52778316
0.52778316,0.52778316
0.52778316,0.52778316
0.52778316,0.52778316
0.52778316,0.52778316
0.52778316,0.52778316
0.52778316,0.52778316
0.52778316,0.52778316
0.52778316,0.52778316
0.52778316,0.52778316
0.52778316,0.52778316
0.52778316,0.52778316
0.52778316,0.52778316
0.52778316,0.52778316
0.52778316,0.52778316
0.52778316,0.52778316
0.52778316,0.52778316
0.52778316,0.52778316
0.52778316,0.52778316
0.52778316,0.52778316
0.52778316,0.52778316
0.52778316,0.52778316
0.52778316,0.52778316
0.52778316,0.52778316
0.5512493,0.5512493
0.48429087,0.48429087
0.49620944,0.49620944
0.3451571,0.3451571
0.38413382,0.38413382
0.44314757,0.44314757
0.43183428,0.43183428
0.50663,0.50663
0.5143648,0.5143648
0.50511104,0.50511104
0.4623798,0.4623798
0.41022813,0.41022813
0.4091357,0.4091357
0.36460012,0.36460012
0.37566465,0.37566465
0.3756392,0.3756392
0.29334715,0.29334715
0.50741965,0.50741965
0.5593198,0.5593198
0.5459184,0.5459184
0.47670364,0.47670364
0.45460302,0.45460302
0.46126318,0.46126318
0.46235698,0.46235698
0.4784299,0.4784299
0.48065746,0.48065746
0.4668581,0.4668581
0.43795925,0.43795925
0.45624104,0.45624104
0.4591168,0.4591168
0.54742193,0.54742193
0.5313833,0.5313833
0.52778316,0.52778316
0.52778316,0.52778316
0.52778316,0.52778316
0.52778316,0.52778316
0.52778316,0.52778316
0.52778316,0.52778316
0.52778316,0.52778316
0.52778316,0.52778316
0.52778316,0.52778316
0.52778316,0.52778316
0.49953234,0.49953234
0.5519952,0.5519952
0.4578426,0.4578426
0.47849113,0.47849113
0.4607941,0.4607941
0.45276225,0.45276225
0.43180817,0.43180817
0.42613783,0.42613783
0.4310771,0.4310771
0.46378425,0.46378425
0.4504541,0.4504541
0.4408066,0.4408066
0.4238427,0.4238427
0.4299558,0.4299558
0.574791,0.574791
0.69103247,0.69103247
0.50672436,0.50672436
0.52488774,0.52488774
0.42367685,0.42367685
0.4248283,0.4248283
0.4481188,0.4481188
0.4584631,0.4584631
0.4386958,0.4386958
0.39002693,0.39002693
0.46289483,0.46289483
0.45864582,0.45864582
0.4510105,0.4510105
0.40808597,0.40808597
0.3872447,0.3872447
0.41021147,0.41021147
0.5820652,0.5820652
0.6310828,0.6310828
0.61419487,0.61419487
0.5568557,0.5568557
0.37905332,0.37905332
0.43408993,0.43408993
0.4262359,0.4262359
0.38683176,0.38683176
0.42609262,0.42609262
0.41778594,0.41778594
0.5116707,0.5116707
0.54518723,0.54518723
0.56666136,0.56666136
0.5476964,0.5476964
0.54360527,0.54360527
0.54837143,0.54837143
0.6900487,0.6900487
0.5938741,0.5938741
0.57140696,0.57140696
0.50950086,0.50950086
0.52210826,0.52210826
0.5504473,0.5504473
0.46870697,0.46870697
0.5581914,0.5581914
0.4966777,0.4966777
0.52317905,0.52317905
0.5277671,0.5277671
0.52778316,0.52778316
0.52778316,0.52778316
0.52778316,0.52778316
0.52778316,0.52778316
0.53701913,0.53701913
0.46965912,0.46965912
0.6361296,0.6361296
0.56130993,0.56130993
0.5276757,0.5276757
0.6897221,0.6897221
0.5193931,0.5193931
0.4925526,0.4925526
0.4921643,0.4921643
0.50828725,0.50828725
0.49638548,0.49638548
0.47105953,0.47105953
0.4722649,0.4722649
0.46951297,0.46951297
0.5239123,0.5239123
0.5164021,0.5164021
0.46057108,0.46057108
0.51970774,0.51970774
0.52778316,0.52778316
0.52778316,0.52778316
0.52778316,0.52778316
0.52778316,0.52778316
0.52778316,0.52778316
0.52778316,0.52778316
0.52778316,0.52778316
0.52778316,0.52778316
0.52778316,0.52778316
0.52778316,0.52778316
0.52778316,0.52778316
0.52778316,0.52778316
0.5554001,0.5554001
0.45002237,0.45002237
0.43769056,0.43769056
0.43587798,0.43587798
0.4516855,0.4516855
0.46577907,0.46577907
0.5127969,0.5127969
0.66920143,0.66920143
0.7971764,0.7971764
0.54873425,0.54873425
0.5082609,0.5082609
0.49027842,0.49027842
0.48487914,0.48487914
0.4630879,0.4630879
0.44269654,0.44269654
0.48618025,0.48618025
0.46267802,0.46267802
0.45105726,0.45105726
0.47800493,0.47800493
0.4964701,0.4964701
0.52462476,0.52462476
0.52778316,0.52778316
0.52778316,0.52778316
0.52778316,0.52778316
0.52778316,0.52778316
0.52778316,0.52778316
0.52778316,0.52778316
0.52778316,0.52778316
0.52778316,0.52778316
0.52778316,0.52778316
0.52778316,0.52778316
0.52778316,0.52778316
0.52778316,0.52778316
0.52778316,0.52778316
0.52778316,0.52778316
0.52778316,0.52778316
0.52778316,0.52778316
0.52778316,0.52778316
0.52778316,0.52778316
0.52778316,0.52778316
0.52778316,0.52778316
0.52778316,0.52778316
0.52778316,0.52778316
0.52778316,0.52778316
0.52778316,0.52778316
0.52778316,0.52778316
0.52778316,0.52778316
0.52778316,0.52778316
0.52778316,0.52778316
0.52778316,0.52778316
0.52778316,0.52778316
0.52778316,0.52778316
0.52778316,0.52778316
0.52778316,0.52778316
0.52778316,0.52778316
0.52778316,0.52778316
0.52778316,0.52778316
0.52778316,0.52778316
0.52778316,0.52778316
0.52778316,0.52778316
0.52778316,0.52778316
0.52778316,0.52778316
0.52778316,0.52778316
0.52778316,0.52778316
0.52778316,0.52778316
0.52778316,0.52778316
0.52778316,0.52778316
0.52778316,0.52778316
0.52778316,0.52778316
0.52778316,0.52778316
0.52778316,0.52778316
0.52778316,0.52778316
0.52778316,0.52778316
0.52778316,0.52778316
0.52778316,0.52778316
0.52778316,0.52778316
0.52778316,0.52778316
0.52778316,0.52778316
0.52778316,0.52778316
0.52778316,0.52778316
0.52778316,0.52778316
0.52778316,0.52778316
0.52778316,0.52778316
0.52778316,0.52778316
0.52778316,0.52778316
0.52778316,0.52778316
0.52778316,0.52778316
0.52778316,0.52778316
0.52778316,0.52778316
0.52778316,0.52778316
0.52778316,0.52778316
0.52778316,0.52778316
0.52778316,0.52778316
0.52778316,0.52778316
0.52778316,0.52778316
0.52778316,0.52778316
0.52778316,0.52778316
0.52778316,0.52778316
0.52778316,0.52778316
0.52778316,0.52778316
0.52778316,0.52778316
0.52778316,0.52778316
0.52778316,0.52778316
0.52778316,0.52778316
0.52778316,0.52778316
0.52778316,0.52778316
0.52778316,0.52778316
0.52778316,0.52778316
0.52778316,0.52778316
0.52778316,0.52778316
0.52778316,0.52778316
0.52778316,0.52778316
0.52778316,0.52778316
0.52778316,0.52778316
0.52778316,0.52778316
0.52778316,0.52778316
0.52778316,0.52778316
0.52778316,0.52778316
0.52778316,0.52778316
0.52778316,0.52778316
0.52778316,0.52778316
0.52778316,0.52778316
0.52778316,0.52778316
0.52778316,0.52778316
0.52778316,0.52778316
0.52778316,0.52778316
0.52778316,0.52778316
0.52778316,0.52778316
0.52778316,0.52778316
0.52778316,0.52778316
0.52778316,0.52778316
0.52778316,0.52778316
0.52778316,0.52778316
0.52778316,0.52778316
0.52778316,0.52778316
0.52778316,0.52778316
0.52778316,0.52778316
0.52778316,0.52778316
0.52778316,0.52778316
0.52778316,0.52778316
0.52778316,0.52778316
0.52778316,0.52778316
0.52778316,0.52778316
0.52778316,0.52778316
0.52778316,0.52778316
0.52778316,0.52778316
0.52778316,0.52778316
0.52778316,0.52778316
0.52778316,0.52778316
0.52778316,0.52778316
0.52778316,0.52778316
0.52778316,0.52778316
0.52778316,0.52778316
0.52778316,0.52778316
0.52778316,0.52778316
0.52778316,0.52778316
0.52778316,0.52778316
0.52778316,0.52778316
0.52778316,0.52778316
0.52778316,0.52778316
0.52778316,0.52778316
0.52778316,0.52778316
0.52778316,0.52778316
0.52778316,0.52778316
0.52778316,0.52778316
0.52778316,0.52778316
0.52778316,0.52778316
0.52778316,0.52778316
0.52778316,0.52778316
0.52778316,0.52778316
0.52778316,0.52778316
0.52778316,0.52778316
0.52778316,0.52778316
0.52778316,0.52778316
0.559325,0.559325
0.5330151,0.5330151
0.5018861,0.5018861
0.45767516,0.45767516
0.51028883,0.51028883
0.47783276,0.47783276
0.56478846,0.56478846
0.5234883,0.5234883
0.62991995,0.62991995
0.5548734,0.5548734
0.55238026,0.55238026
0.4749873,0.4749873
0.5200016,0.5200016
0.48525319,0.48525319
0.4829537,0.4829537
0.45137253,0.45137253
0.45557398,0.45557398
0.47063568,0.47063568
0.50377005,0.50377005
0.47520554,0.47520554
0.52246636,0.52246636
0.52778316,0.52778316
0.52778316,0.52778316
0.52778316,0.52778316
0.52778316,0.52778316
0.52778316,0.52778316
0.52778316,0.52778316
0.52778316,0.52778316
0.52778316,0.52778316
0.52778316,0.52778316
0.52778316,0.52778316
0.52778316,0.52778316
0.52778316,0.52778316
0.52778316,0.52778316
0.52778316,0.52778316
0.52778316,0.52778316
0.52778316,0.52778316
0.52778316,0.52778316
0.52778316,0.52778316
0.52778316,0.52778316
0.52778316,0.52778316
0.52778316,0.52778316
0.52778316,0.52778316
0.52778316,0.52778316
0.52778316,0.52778316
0.52778316,0.52778316
0.52778316,0.52778316
0.52778316,0.52778316
0.52778316,0.52778316
0.52778316,0.52778316
0.52778316,0.52778316
0.52778316,0.52778316
0.52778316,0.52778316
0.52778316,0.52778316
0.52778316,0.52778316
0.52778316,0.52778316
0.52778316,0.52778316
0.52778316,0.52778316
0.52778316,0.52778316
0.52778316,0.52778316
0.52778316,0.52778316
0.52778316,0.52778316
0.52778316,0.52778316
0.52778316,0.52778316
0.52778316,0.52778316
0.52778316,0.52778316
0.52778316,0.52778316
0.52778316,0.52778316
0.52778316,0.52778316
0.52778316,0.52778316
0.52778316,0.52778316
0.52778316,0.52778316
0.52778316,0.52778316
0.52778316,0.52778316
0.52778316,0.52778316
0.52778316,0.52778316
0.52778316,0.52778316
0.52778316,0.52778316
0.52778316,0.52778316
0.52778316,0.52778316
0.52778316,0.52778316
0.52778316,0.52778316
0.52778316,0.52778316
0.52778316,0.52778316
0.52778316,0.52778316
0.52778316,0.52778316
0.52778316,0.52778316
0.52778316,0.52778316
0.52778316,0.52778316
0.52778316,0.52778316
0.52778316,0.52778316
0.52778316,0.52778316
0.52778316,0.52778316
0.52778316,0.52778316
0.52778316,0.52778316
0.52778316,0.52778316
0.52778316,0.52778316
0.52778316,0.52778316
0.52778316,0.52778316
0.52778316,0.52778316
0.52778316,0.52778316
0.52778316,0.52778316
0.52778316,0.52778316
0.52778316,0.52778316
0.52778316,0.52778316
0.52778316,0.52778316
0.52778316,0.52778316
0.52778316,0.52778316
0.52778316,0.52778316
0.52778316,0.52778316
0.52778316,0.52778316
0.52778316,0.52778316
0.52778316,0.52778316
0.52778316,0.52778316
0.52778316,0.52778316
0.52778316,0.52778316
0.52778316,0.52778316
0.52778316,0.52778316
0.52778316,0.52778316
0.52778316,0.52778316
0.52778316,0.52778316
0.52778316,0.52778316
0.52478516,0.52478516
0.51137036,0.51137036
0.50270456,0.50270456
0.4856899,0.4856899
0.4678977,0.4678977
0.46003664,0.46003664
0.43888125,0.43888125
0.52602744,0.52602744
0.49587426,0.49587426
0.5152952,0.5152952
0.53813136,0.53813136
0.56103814,0.56103814
0.44924858,0.44924858
0.5008192,0.5008192
0.4921155,0.4921155
0.524667,0.524667
0.41552848,0.41552848
0.43458986,0.43458986
0.55720997,0.55720997
0.5808727,0.5808727
0.59454703,0.59454703
0.4309008,0.4309008
0.4318772,0.4318772
0.4435189,0.4435189
0.44260973,0.44260973
0.42670047,0.42670047
0.4482569,0.4482569
0.6115,0.6115
0.5862487,0.5862487
0.5193712,0.5193712
0.5160125,0.5160125
0.53206927,0.53206927
0.47680247,0.47680247
0.47282764,0.47282764
0.49422815,0.49422815
0.50662076,0.50662076
0.50675774,0.50675774
0.51973164,0.51973164
0.49343184,0.49343184
0.49816275,0.49816275
0.4830513,0.4830513
0.46923384,0.46923384
0.4867896,0.4867896
0.48579338,0.48579338
0.47860646,0.47860646
0.4879923,0.4879923
0.48011705,0.48011705
0.49957448,0.49957448
0.46401992,0.46401992
0.4400153,0.4400153
0.44838464,0.44838464
0.52487123,0.52487123
0.567921,0.567921
0.55058706,0.55058706
0.59946424,0.59946424
0.6108869,0.6108869
0.5188927,0.5188927
0.45704645,0.45704645
0.45361888,0.45361888
0.5051643,0.5051643
0.45793474,0.45793474
0.48949665,0.48949665
0.44674265,0.44674265
0.4408212,0.4408212
0.4424256,0.4424256
0.5223223,0.5223223
0.5240509,0.5240509
0.6639495,0.6639495
0.5907068,0.5907068
0.4843328,0.4843328
0.5228752,0.5228752
0.49677584,0.49677584
0.634984,0.634984
0.70040226,0.70040226
0.6053031,0.6053031
0.54457456,0.54457456
0.44476593,0.44476593
0.6008076,0.6008076
0.5544384,0.5544384
0.5307895,0.5307895
0.6472817,0.6472817
0.63517785,0.63517785
0.5379321,0.5379321
0.5024579,0.5024579
0.5308593,0.5308593
0.53695035,0.53695035
0.52821213,0.52821213
0.47787946,0.47787946
0.5047221,0.5047221
0.53073937,0.53073937
0.5281945,0.5281945
0.52778316,0.52778316
0.52778316,0.52778316
0.52778316,0.52778316
0.52778316,0.52778316
0.52778316,0.52778316
0.52778316,0.52778316
0.52778316,0.52778316
0.52778316,0.52778316
0.52778316,0.52778316
0.52778316,0.52778316
0.52778316,0.52778316
0.52778316,0.52778316
0.52778316,0.52778316
0.52778316,0.52778316
0.52778316,0.52778316
0.52778316,0.52778316
0.52778316,0.52778316
0.52778316,0.52778316
0.52778316,0.52778316
0.52778316,0.52778316
0.52778316,0.52778316
0.52778316,0.52778316
0.52778316,0.52778316
0.52778316,0.52778316
0.52778316,0.52778316
0.52778316,0.52778316
0.52778316,0.52778316
0.52778316,0.52778316
0.52778316,0.52778316
0.52778316,0.52778316
0.52778316,0.52778316
0.52778316,0.52778316
0.52778316,0.52778316
0.52778316,0.52778316
0.52778316,0.52778316
0.52778316,0.52778316
0.52778316,0.52778316
0.52778316,0.52778316
0.52778316,0.52778316
0.52778316,0.52778316
0.52778316,0.52778316
0.52778316,0.52778316
0.52778316,0.52778316
0.52778316,0.52778316
0.52778316,0.52778316
0.52778316,0.52778316
0.52778316,0.52778316
0.52778316,0.52778316
0.52778316,0.52778316
0.52778316,0.52778316
0.52778316,0.52778316
0.52778316,0.52778316
0.52778316,0.52778316
0.52778316,0.52778316
0.52778316,0.52778316
0.52778316,0.52778316
0.52778316,0.52778316
0.52778316,0.52778316
0.52778316,0.52778316
0.52778316,0.52778316
0.52778316,0.52778316
0.52778316,0.52778316
0.52778316,0.52778316
0.52778316,0.52778316
0.52778316,0.52778316
0.52778316,0.52778316
0.52778316,0.52778316
0.52778316,0.52778316
0.52778316,0.52778316
0.52778316,0.52778316
0.52778316,0.52778316
0.52778316,0.52778316
0.52778316,0.52778316
0.52778316,0.52778316
0.52778316,0.52778316
0.52778316,0.52778316
0.52778316,0.52778316
0.52778316,0.52778316
0.52778316,0.52778316
0.52778316,0.52778316
0.52778316,0.52778316
0.52778316,0.52778316
0.52778316,0.52778316
0.52778316,0.52778316
0.52778316,0.52778316
0.52778316,0.52778316
0.52778316,0.52778316
0.52778316,0.52778316
0.52778316,0.52778316
0.52778316,0.52778316
0.52778316,0.52778316
0.52778316,0.52778316
0.52778316,0.52778316
0.52778316,0.52778316
0.52778316,0.52778316
0.52778316,0.52778316
0.52778316,0.52778316
0.52778316,0.52778316
0.52778316,0.52778316
0.52778316,0.52778316
0.52778316,0.52778316
0.52778316,0.52778316
0.52778316,0.52778316
0.52778316,0.52778316
0.52778316,0.52778316
0.52778316,0.52778316
0.52778316,0.52778316
0.52778316,0.52778316
0.52778316,0.52778316
0.52778316,0.52778316
0.52778316,0.52778316
0.52778316,0.52778316
0.52778316,0.52778316
0.52778316,0.52778316
0.52778316,0.52778316
0.52778316,0.52778316
0.52778316,0.52778316
0.52778316,0.52778316
0.52778316,0.52778316
0.52778316,0.52778316
0.52778316,0.52778316
0.52778316,0.52778316
0.52778316,0.52778316
0.52778316,0.52778316
0.52778316,0.52778316
0.52778316,0.52778316
0.52778316,0.52778316
0.52778316,0.52778316
0.52778316,0.52778316
0.52778316,0.52778316
0.52778316,0.52778316
0.52778316,0.52778316
0.52778316,0.52778316
0.52778316,0.52778316
0.52778316,0.52778316
0.52778316,0.52778316
0.52778316,0.52778316
0.52778316,0.52778316
0.52778316,0.52778316
0.52778316,0.52778316
0.52778316,0.52778316
0.52778316,0.52778316
0.52778316,0.52778316
0.52778316,0.52778316
0.52778316,0.52778316
0.52778316,0.52778316
0.52778316,0.52778316
0.52778316,0.52778316
0.52778316,0.52778316
0.52778316,0.52778316
0.52778316,0.52778316
0.52778316,0.52778316
0.52778316,0.52778316
0.52778316,0.52778316
0.52778316,0.52778316
0.52778316,0.52778316
0.52778316,0.52778316
0.52778316,0.52778316
0.52778316,0.52778316
0.52778316,0.52778316
0.52778316,0.52778316
0.52778316,0.52778316
0.52778316,0.52778316
0.52778316,0.52778316
0.52778316,0.52778316
0.52778316,0.52778316
0.52778316,0.52778316
0.52778316,0.52778316
0.52778316,0.52778316
0.52778316,0.52778316
0.52778316,0.52778316
0.52778316,0.52778316
0.52778316,0.52778316
0.52778316,0.52778316
0.52778316,0.52778316
0.52778316,0.52778316
0.52778316,0.52778316
0.52778316,0.52778316
0.52778316,0.52778316
0.52778316,0.52778316
0.52778316,0.52778316
0.52778316,0.52778316
0.52778316,0.52778316
0.52778316,0.52778316
0.52778316,0.52778316
0.52778316,0.52778316
0.52778316,0.52778316
0.52778316,0.52778316
0.52778316,0.52778316
0.52778316,0.52778316
0.52778316,0.52778316
0.52778316,0.52778316
0.52778316,0.52778316
0.52778316,0.52778316
0.52778316,0.52778316
0.52778316,0.52778316
0.52778316,0.52778316
0.52778316,0.52778316
0.52778316,0.52778316
0.52778316,0.52778316
0.52778316,0.52778316
0.52778316,0.52778316
0.52778316,0.52778316
0.52778316,0.52778316
0.52778316,0.52778316
0.52778316,0.52778316
0.52778316,0.52778316
0.52778316,0.52778316
0.52778316,0.52778316
0.52778316,0.52778316
0.52778316,0.52778316
0.52778316,0.52778316
0.52778316,0.52778316
0.52778316,0.52778316
0.52778316,0.52778316
0.52778316,0.52778316
0.52778316,0.52778316
0.52778316,0.52778316
0.52778316,0.52778316
0.52778316,0.52778316
0.52778316,0.52778316
0.52778316,0.52778316
0.52778316,0.52778316
0.52778316,0.52778316
0.52778316,0.52778316
0.52778316,0.52778316
0.52778316,0.52778316
0.52778316,0.52778316
0.52778316,0.52778316
0.52778316,0.52778316
0.52778316,0.52778316
0.52778316,0.52778316
0.52778316,0.52778316
0.52778316,0.52778316
0.52778316,0.52778316
0.52778316,0.52778316
0.52778316,0.52778316
0.52778316,0.52778316
0.52778316,0.52778316
0.52778316,0.52778316
0.52778316,0.52778316
0.52778316,0.52778316
0.52778316,0.52778316
0.52778316,0.52778316
0.52778316,0.52778316
0.52778316,0.52778316
0.52778316,0.52778316
0.52778316,0.52778316
0.52778316,0.52778316
0.52778316,0.52778316
0.52778316,0.52778316
0.52778316,0.52778316
0.52778316,0.52778316
0.52778316,0.52778316
0.52778316,0.52778316
0.52778316,0.52778316
0.52778316,0.52778316
0.52778316,0.52778316
0.52778316,0.52778316
0.52778316,0.52778316
0.52778316,0.52778316
0.52778316,0.52778316
0.52778316,0.52778316
0.52778316,0.52778316
0.52778316,0.52778316
0.52778316,0.52778316
0.52778316,0.52778316
0.52778316,0.52778316
0.52778316,0.52778316
0.52778316,0.52778316
0.52778316,0.52778316
0.52778316,0.52778316
0.52778316,0.52778316
0.52778316,0.52778316
0.52778316,0.52778316
0.52778316,0.52778316
0.52778316,0.52778316
0.52778316,0.52778316
0.52778316,0.52778316
0.52778316,0.52778316
0.52778316,0.52778316
0.52778316,0.52778316
0.52778316,0.52778316
0.52778316,0.52778316
0.52778316,0.52778316
0.52778316,0.52778316
0.52778316,0.52778316
0.52778316,0.52778316
0.52778316,0.52778316
0.52778316,0.52778316
0.52778316,0.52778316
0.52778316,0.52778316
0.52778316,0.52778316
0.52778316,0.52778316
0.52778316,0.52778316
0.52778316,0.52778316
0.52778316,0.52778316
0.52778316,0.52778316
0.52778316,0.52778316
0.52778316,0.52778316
0.52778316,0.52778316
0.52778316,0.52778316
0.52778316,0.52778316
0.52778316,0.52778316
0.52778316,0.52778316
0.52778316,0.52778316
0.52778316,0.52778316
0.52778316,0.52778316
0.52778316,0.52778316
0.52778316,0.52778316
0.52778316,0.52778316
0.52778316,0.52778316
0.52778316,0.52778316
0.52778316,0.52778316
0.52778316,0.52778316
0.52778316,0.52778316
0.52778316,0.52778316
0.52778316,0.52778316
0.52778316,0.52778316
0.52778316,0.52778316
0.52778316,0.52778316
0.52778316,0.52778316
0.52778316,0.52778316
0.52778316,0.52778316
0.52778316,0.52778316
0.52778316,0.52778316
0.52778316,0.52778316
0.52778316,0.52778316
0.52778316,0.52778316
0.52778316,0.52778316
0.52778316,0.52778316
0.52778316,0.52778316
0.52778316,0.52778316
0.52778316,0.52778316
0.52778316,0.52778316
0.52778316,0.52778316
0.52778316,0.52778316
0.52778316,0.52778316
0.52778316,0.52778316
0.52778316,0.52778316
0.52778316,0.52778316
0.52778316,0.52778316
0.52778316,0.52778316
0.52778316,0.52778316
0.52778316,0.52778316
0.52778316,0.52778316
0.52778316,0.52778316
0.52778316,0.52778316
0.52778316,0.52778316
0.52778316,0.52778316
0.52778316,0.52778316
0.52778316,0.52778316
0.52778316,0.52778316
0.52778316,0.52778316
0.52778316,0.52778316
0.52778316,0.52778316
0.52778316,0.52778316
0.52778316,0.52778316
0.52778316,0.52778316
0.52778316,0.52778316
0.52778316,0.52778316
0.52778316,0.52778316
0.52778316,0.52778316
0.52778316,0.52778316
0.52778316,0.52778316
0.52778316,0.52778316
0.52778316,0.52778316
0.52778316,0.52778316
0.52778316,0.52778316
0.52778316,0.52778316
0.52778316,0.52778316
0.52778316,0.52778316
0.52778316,0.52778316
0.52778316,0.52778316
0.52778316,0.52778316
0.52778316,0.52778316
0.52778316,0.52778316
0.52778316,0.52778316
0.52778316,0.52778316
0.52778316,0.52778316
0.52778316,0.52778316
0.52778316,0.52778316
0.52778316,0.52778316
0.52778316,0.52778316
0.52778316,0.52778316
0.52778316,0.52778316
0.52778316,0.52778316
0.52778316,0.52778316
0.52778316,0.52778316
0.52778316,0.52778316
0.52778316,0.52778316
0.52778316,0.52778316
0.52778316,0.52778316
0.52778316,0.52778316
0.52778316,0.52778316
0.52778316,0.52778316
0.52778316,0.52778316
0.52778316,0.52778316
0.52778316,0.52778316
0.52778316,0.52778316
0.52778316,0.52778316
0.52778316,0.52778316
0.52681535,0.52681535
0.46986565,0.46986565
0.5702836,0.5702836
0.36368027,0.36368027
0.2997515,0.2997515
0.37747854,0.37747854
0.34992135,0.34992135
0.52257395,0.52257395
0.5251882,0.5251882
0.542089,0.542089
0.44995824,0.44995824
0.4730371,0.4730371
0.46767646,0.46767646
0.47057036,0.47057036
0.5101578,0.5101578
0.51767856,0.51767856
0.45084015,0.45084015
0.4877234,0.4877234
0.42004886,0.42004886
0.4785307,0.4785307
0.43159854,0.43159854
0.39442116,0.39442116
0.46527708,0.46527708
0.4548556,0.4548556
0.46910596,0.46910596
0.42205626,0.42205626
0.45176923,0.45176923
0.4028934,0.4028934
0.39296147,0.39296147
0.39196745,0.39196745
0.5156386,0.5156386
0.47529852,0.47529852
0.42985946,0.42985946
0.39323002,0.39323002
0.4072526,0.4072526
0.39055836,0.39055836
0.3917334,0.3917334
0.40802124,0.40802124
0.59578246,0.59578246
0.56262726,0.56262726
0.54010373,0.54010373
0.4479462,0.4479462
0.5416318,0.5416318
0.6301441,0.6301441
0.49665073,0.49665073
0.55056745,0.55056745
0.52942586,0.52942586
0.43234506,0.43234506
0.480624,0.480624
0.44270894,0.44270894
0.43783373,0.43783373
0.42544848,0.42544848
0.46247804,0.46247804
0.4258665,0.4258665
0.37144387,0.37144387
0.6148029,0.6148029
0.5061495,0.5061495
0.41093332,0.41093332
0.36838117,0.36838117
0.42738882,0.42738882
0.39184192,0.39184192
0.35434443,0.35434443
0.37671253,0.37671253
0.3333489,0.3333489
0.3777592,0.3777592
0.54300565,0.54300565
0.5797137,0.5797137
0.431251,0.431251
0.42959216,0.42959216
0.44524693,0.44524693
0.4194124,0.4194124
0.3850375,0.3850375
0.37828106,0.37828106
0.4228442,0.4228442
0.44407365,0.44407365
0.41254684,0.41254684
0.4395076,0.4395076
0.41686022,0.41686022
0.3346292,0.3346292
0.4131625,0.4131625
0.42270523,0.42270523
0.4182204,0.4182204
0.42459273,0.42459273
0.58647436,0.58647436
0.55567455,0.55567455
0.48410848,0.48410848
0.4646442,0.4646442
0.48082867,0.48082867
0.43457976,0.43457976
0.5044257,0.5044257
0.47876695,0.47876695
0.47774443,0.47774443
0.36665776,0.36665776
0.45046544,0.45046544
0.50924796,0.50924796
0.48176852,0.48176852
0.50027287,0.50027287
0.52652836,0.52652836
0.52778316,0.52778316
0.52778316,0.52778316
0.52778316,0.52778316
0.52778316,0.52778316
0.52778316,0.52778316
0.52778316,0.52778316
0.52778316,0.52778316
0.52778316,0.52778316
0.52778316,0.52778316
0.52778316,0.52778316
0.52778316,0.52778316
0.52778316,0.52778316
0.52778316,0.52778316
0.52778316,0.52778316
0.52778316,0.52778316
0.52778316,0.52778316
0.52778316,0.52778316
0.52778316,0.52778316
0.52778316,0.52778316
0.52778316,0.52778316
0.52778316,0.52778316
0.52778316,0.52778316
0.52778316,0.52778316
0.52778316,0.52778316
0.52778316,0.52778316
0.5501565,0.5501565
0.2667811,0.2667811
0.55425614,0.55425614
0.49278164,0.49278164
0.5709165,0.5709165
0.4444919,0.4444919
0.48464382,0.48464382
0.45517185,0.45517185
0.5202092,0.5202092
0.4923707,0.4923707
0.48548064,0.48548064
0.44349694,0.44349694
0.50885403,0.50885403
0.5165848,0.5165848
0.5272936,0.5272936
0.52778316,0.52778316
0.52778316,0.52778316
0.5822569,0.5822569
0.45071808,0.45071808
0.47442535,0.47442535
0.46875405,0.46875405
0.55847573,0.55847573
0.46732256,0.46732256
0.41387498,0.41387498
0.38190812,0.38190812
0.39212564,0.39212564
0.5850825,0.5850825
0.4691195,0.4691195
0.42350128,0.42350128
0.42448258,0.42448258
0.36283562,0.36283562
0.35591558,0.35591558
0.5275128,0.5275128
0.5764993,0.5764993
0.5185523,0.5185523
0.5181669,0.5181669
0.54638207,0.54638207
0.511871,0.511871
0.5219277,0.5219277
0.4996835,0.4996835
0.53468883,0.53468883
0.39309326,0.39309326
0.55862886,0.55862886
0.6071238,0.6071238
0.5321662,0.5321662
0.40462896,0.40462896
0.42791525,0.42791525
0.42272958,0.42272958
0.4450012,0.4450012
0.3664716,0.3664716
0.51382905,0.51382905
0.60249513,0.60249513
0.5380115,0.5380115
0.55635434,0.55635434
0.65081996,0.65081996
0.55938107,0.55938107
0.50628537,0.50628537
0.5233046,0.5233046
0.45052332,0.45052332
0.49416816,0.49416816
0.588872,0.588872
0.55721986,0.55721986
0.5033251,0.5033251
0.45287222,0.45287222
0.47103438,0.47103438
0.4444133,0.4444133
0.45914862,0.45914862
0.4275879,0.4275879
0.45281354,0.45281354
0.4590106,0.4590106
0.45332855,0.45332855
0.50036126,0.50036126
0.45667568,0.45667568
0.5101407,0.5101407
0.5929733,0.5929733
0.5419166,0.5419166
0.37603512,0.37603512
0.4398743,0.4398743
0.4050962,0.4050962
0.41574448,0.41574448
0.48090234,0.48090234
0.4897117,0.4897117
0.60084176,0.60084176
0.42976624,0.42976624
0.4700165,0.4700165
0.45941624,0.45941624
0.4347389,0.4347389
0.46326467,0.46326467
0.41807008,0.41807008
0.42568287,0.42568287
0.42131028,0.42131028
0.47312257,0.47312257
0.3633584,0.3633584
0.37614965,0.37614965
0.4416723,0.4416723
0.42798108,0.42798108
0.38525635,0.38525635
0.41967055,0.41967055
0.52743125,0.52743125
0.51947486,0.51947486
0.5134851,0.5134851
0.28615332,0.28615332
0.35985836,0.35985836
0.4278662,0.4278662
0.51208836,0.51208836
0.55203897,0.55203897
0.5841242,0.5841242
0.76023614,0.76023614
0.54166496,0.54166496
0.5841195,0.5841195
0.4867583,0.4867583
0.43034473,0.43034473
0.51166457,0.51166457
0.49570584,0.49570584
0.47973788,0.47973788
0.5040727,0.5040727
0.49245352,0.49245352
0.49486357,0.49486357
0.5133826,0.5133826
0.5272724,0.5272724
0.52778316,0.52778316
0.52778316,0.52778316
0.52778316,0.52778316
0.52778316,0.52778316
0.52778316,0.52778316
0.52778316,0.52778316
0.52778316,0.52778316
0.52778316,0.52778316
0.56026834,0.56026834
0.46516424,0.46516424
0.48868263,0.48868263
0.40323824,0.40323824
0.52693605,0.52693605
0.4850802,0.4850802
0.43194875,0.43194875
0.43064332,0.43064332
0.45439252,0.45439252
0.4783554,0.4783554
0.45603612,0.45603612
0.5029439,0.5029439
0.50575125,0.50575125
0.51603657,0.51603657
0.6863493,0.6863493
0.60070986,0.60070986
0.4159569,0.4159569
0.47969392,0.47969392
0.5587084,0.5587084
0.38176033,0.38176033
0.3784326,0.3784326
0.41979766,0.41979766
0.6127675,0.6127675
0.632388,0.632388
0.52017707,0.52017707
0.58908784,0.58908784
0.52167183,0.52167183
0.43042836,0.43042836
0.44493392,0.44493392
0.4545336,0.4545336
0.44761086,0.44761086
0.49783573,0.49783573
0.46371242,0.46371242
0.5261339,0.5261339
0.5371181,0.5371181
0.52811384,0.52811384
0.5046807,0.5046807
0.3623648,0.3623648
0.39681953,0.39681953
0.40156454,0.40156454
0.41188344,0.41188344
0.3914939,0.3914939
0.40798718,0.40798718
0.5581471,0.5581471
0.58014727,0.58014727
0.46280333,0.46280333
0.5200858,0.5200858
0.503546,0.503546
0.47107413,0.47107413
0.49488917,0.49488917
0.49113935,0.49113935
0.4508476,0.4508476
0.4819258,0.4819258
0.45518818,0.45518818
0.48708513,0.48708513
0.4212196,0.4212196
0.5418665,0.5418665
0.5283814,0.5283814
0.52778316,0.52778316
0.52778316,0.52778316
0.52778316,0.52778316
0.52778316,0.52778316
0.52778316,0.52778316
0.52778316,0.52778316
0.52778316,0.52778316
0.52778316,0.52778316
0.52778316,0.52778316
0.52778316,0.52778316
0.52778316,0.52778316
0.52778316,0.52778316
0.52778316,0.52778316
0.52778316,0.52778316
0.52778316,0.52778316
0.52778316,0.52778316
0.52778316,0.52778316
0.52778316,0.52778316
0.52778316,0.52778316
0.52778316,0.52778316
0.52778316,0.52778316
0.52778316,0.52778316
0.52778316,0.52778316
0.52778316,0.52778316
0.52778316,0.52778316
0.52778316,0.52778316
0.52778316,0.52778316
0.52778316,0.52778316
0.52778316,0.52778316
0.52778316,0.52778316
0.52778316,0.52778316
0.52778316,0.52778316
0.52778316,0.52778316
0.52778316,0.52778316
0.52778316,0.52778316
0.52778316,0.52778316
0.52778316,0.52778316
0.52778316,0.52778316
0.52778316,0.52778316
0.52778316,0.52778316
0.52778316,0.52778316
0.52778316,0.52778316
0.52778316,0.52778316
0.52778316,0.52778316
0.52778316,0.52778316
0.52778316,0.52778316
0.52778316,0.52778316
0.52778316,0.52778316
0.52778316,0.52778316
0.52778316,0.52778316
0.52778316,0.52778316
0.52778316,0.52778316
0.52778316,0.52778316
0.52778316,0.52778316
0.52778316,0.52778316
0.52778316,0.52778316
0.52778316,0.52778316
0.52778316,0.52778316
0.52778316,0.52778316
0.52778316,0.52778316
0.52778316,0.52778316
0.52778316,0.52778316
0.52778316,0.52778316
0.52778316,0.52778316
0.52778316,0.52778316
0.52778316,0.52778316
0.52778316,0.52778316
0.52778316,0.52778316
0.52778316,0.52778316
0.52778316,0.52778316
0.52778316,0.52778316
0.52778316,0.52778316
0.52778316,0.52778316
0.52778316,0.52778316
0.52778316,0.52778316
0.52778316,0.52778316
0.52778316,0.52778316
0.52778316,0.52778316
0.52778316,0.52778316
0.52778316,0.52778316
0.52778316,0.52778316
0.52778316,0.52778316
0.52778316,0.52778316
0.52778316,0.52778316
0.52778316,0.52778316
0.52778316,0.52778316
0.52778316,0.52778316
0.52778316,0.52778316
0.52778316,0.52778316
0.52778316,0.52778316
0.52778316,0.52778316
0.52778316,0.52778316
0.52778316,0.52778316
0.52778316,0.52778316
0.52778316,0.52778316
0.52778316,0.52778316
0.52778316,0.52778316
0.52778316,0.52778316
0.52778316,0.52778316
0.52778316,0.52778316
0.52778316,0.52778316
0.52778316,0.52778316
0.52778316,0.52778316
0.52778316,0.52778316
0.52778316,0.52778316
0.52778316,0.52778316
0.52778316,0.52778316
0.52778316,0.52778316
0.52778316,0.52778316
0.52778316,0.52778316
0.52778316,0.52778316
0.52778316,0.52778316
0.52778316,0.52778316
0.52778316,0.52778316
0.52778316,0.52778316
0.52778316,0.52778316
0.52778316,0.52778316
0.52778316,0.52778316
0.52778316,0.52778316
0.52778316,0.52778316
0.52778316,0.52778316
0.52778316,0.52778316
0.52778316,0.52778316
0.52778316,0.52778316
0.52778316,0.52778316
0.52778316,0.52778316
0.52778316,0.52778316
0.52778316,0.52778316
0.52778316,0.52778316
0.52778316,0.52778316
0.52778316,0.52778316
0.52778316,0.52778316
0.52778316,0.52778316
0.52778316,0.52778316
0.52778316,0.52778316
0.52778316,0.52778316
0.52778316,0.52778316
0.52778316,0.52778316
0.52778316,0.52778316
0.52778316,0.52778316
0.52778316,0.52778316
0.52778316,0.52778316
0.52778316,0.52778316
0.52778316,0.52778316
0.52778316,0.52778316
0.52778316,0.52778316
0.52778316,0.52778316
0.52778316,0.52778316
0.52778316,0.52778316
0.52778316,0.52778316
0.52778316,0.52778316
0.52778316,0.52778316
0.52778316,0.52778316
0.52778316,0.52778316
0.52778316,0.52778316
0.52778316,0.52778316
0.52778316,0.52778316
0.52778316,0.52778316
0.52778316,0.52778316
0.52778316,0.52778316
0.52778316,0.52778316
0.52778316,0.52778316
0.52778316,0.52778316
0.52778316,0.52778316
0.52778316,0.52778316
0.52778316,0.52778316
0.52778316,0.52778316
0.52778316,0.52778316
0.52778316,0.52778316
0.52778316,0.52778316
0.52778316,0.52778316
0.52778316,0.52778316
0.52778316,0.52778316
0.52778316,0.52778316
0.52778316,0.52778316
0.52778316,0.52778316
0.52778316,0.52778316
0.52778316,0.52778316
0.52778316,0.52778316
0.52778316,0.52778316
0.52778316,0.52778316
0.52778316,0.52778316
0.52778316,0.52778316
0.52778316,0.52778316
0.52778316,0.52778316
0.52778316,0.52778316
0.52778316,0.52778316
0.52778316,0.52778316
0.52778316,0.52778316
0.52778316,0.52778316
0.52778316,0.52778316
0.52778316,0.52778316
0.52778316,0.52778316
0.52778316,0.52778316
0.52778316,0.52778316
0.52778316,0.52778316
0.52778316,0.52778316
0.52778316,0.52778316
0.52778316,0.52778316
0.52778316,0.52778316
0.52778316,0.52778316
0.52778316,0.52778316
0.52778316,0.52778316
0.52778316,0.52778316
0.52778316,0.52778316
0.52778316,0.52778316
0.52778316,0.52778316
0.52778316,0.52778316
0.52778316,0.52778316
0.52778316,0.52778316
0.52778316,0.52778316
0.52778316,0.52778316
0.52778316,0.52778316
0.52778316,0.52778316
0.52778316,0.52778316
0.52778316,0.52778316
0.52778316,0.52778316
0.52778316,0.52778316
0.52778316,0.52778316
0.52778316,0.52778316
0.52778316,0.52778316
0.52778316,0.52778316
0.52778316,0.52778316
0.52778316,0.52778316
0.52778316,0.52778316
0.52778316,0.52778316
0.52778316,0.52778316
0.52778316,0.52778316
0.52778316,0.52778316
0.52778316,0.52778316
0.52778316,0.52778316
0.52778316,0.52778316
0.52778316,0.52778316
0.52778316,0.52778316
0.52778316,0.52778316
0.52778316,0.52778316
0.52778316,0.52778316
0.52778316,0.52778316
0.52778316,0.52778316
0.52778316,0.52778316
0.52778316,0.52778316
0.52778316,0.52778316
0.52778316,0.52778316
0.52778316,0.52778316
0.52778316,0.52778316
0.52778316,0.52778316
0.52778316,0.52778316
0.52778316,0.52778316
0.52778316,0.52778316
0.52778316,0.52778316
0.51599693,0.51599693
0.45529938,0.45529938
0.39526194,0.39526194
0.43706772,0.43706772
0.462345,0.462345
0.4870693,0.4870693
0.37908047,0.37908047
0.3838388,0.3838388
0.3580766,0.3580766
0.5709024,0.5709024
0.5394119,0.5394119
0.5651658,0.5651658
0.4375387,0.4375387
0.4815355,0.4815355
0.46191296,0.46191296
0.43730435,0.43730435
0.5942089,0.5942089
0.5553874,0.5553874
0.5247796,0.5247796
0.48226294,0.48226294
0.42224827,0.42224827
0.4146448,0.4146448
0.41363615,0.41363615
0.42067215,0.42067215
0.4019019,0.4019019
0.48732984,0.48732984
0.42796245,0.42796245
0.46397483,0.46397483
0.4386008,0.4386008
0.3303693,0.3303693
0.3583356,0.3583356
0.39347476,0.39347476
0.39827767,0.39827767
0.3908034,0.3908034
0.3912872,0.3912872
0.44092986,0.44092986
0.46771732,0.46771732
0.47023442,0.47023442
0.45065686,0.45065686
0.5036537,0.5036537
0.44598165,0.44598165
0.46341136,0.46341136
0.48925677,0.48925677
0.4110255,0.4110255
0.4050145,0.4050145
0.41787457,0.41787457
0.4694024,0.4694024
0.44274184,0.44274184
0.40672234,0.40672234
0.420963,0.420963
0.43473452,0.43473452
0.48331153,0.48331153
0.47317782,0.47317782
0.41084152,0.41084152
0.43942106,0.43942106
0.4205375,0.4205375
0.40023336,0.40023336
0.40603656,0.40603656
0.43113983,0.43113983
0.4180812,0.4180812
0.46942335,0.46942335
0.40928912,0.40928912
0.4091527,0.4091527
0.35084718,0.35084718
0.525823,0.525823
0.52778316,0.52778316
0.52778316,0.52778316
0.52778316,0.52778316
0.52778316,0.52778316
0.52778316,0.52778316
0.52778316,0.52778316
0.52778316,0.52778316
0.52778316,0.52778316
0.52778316,0.52778316
0.52778316,0.52778316
0.52778316,0.52778316
0.52778316,0.52778316
0.52778316,0.52778316
0.52778316,0.52778316
0.52778316,0.52778316
0.52778316,0.52778316
0.52778316,0.52778316
0.52778316,0.52778316
0.52778316,0.52778316
0.52778316,0.52778316
0.52778316,0.52778316
0.52778316,0.52778316
0.52778316,0.52778316
0.52778316,0.52778316
0.52778316,0.52778316
0.52778316,0.52778316
0.52778316,0.52778316
0.52778316,0.52778316
0.52778316,0.52778316
0.52778316,0.52778316
0.52778316,0.52778316
0.52778316,0.52778316
0.52778316,0.52778316
0.52778316,0.52778316
0.52778316,0.52778316
0.52778316,0.52778316
0.52778316,0.52778316
0.52778316,0.52778316
0.52778316,0.52778316
0.52778316,0.52778316
0.52778316,0.52778316
0.52778316,0.52778316
0.52778316,0.52778316
0.52778316,0.52778316
0.52778316,0.52778316
0.52778316,0.52778316
0.52778316,0.52778316
0.52778316,0.52778316
0.52778316,0.52778316
0.52778316,0.52778316
0.52778316,0.52778316
0.52778316,0.52778316
0.52778316,0.52778316
0.52778316,0.52778316
0.52778316,0.52778316
0.52778316,0.52778316
0.52778316,0.52778316
0.52778316,0.52778316
0.52778316,0.52778316
0.52778316,0.52778316
0.52778316,0.52778316
0.52778316,0.52778316
0.52778316,0.52778316
0.52778316,0.52778316
0.52778316,0.52778316
0.52778316,0.52778316
0.52778316,0.52778316
0.52778316,0.52778316
0.52778316,0.52778316
0.52778316,0.52778316
0.52778316,0.52778316
0.52778316,0.52778316
0.52778316,0.52778316
0.52778316,0.52778316
0.52778316,0.52778316
0.52778316,0.52778316
0.52778316,0.52778316
0.52778316,0.52778316
0.52778316,0.52778316
0.52778316,0.52778316
0.52778316,0.52778316
0.52778316,0.52778316
0.52778316,0.52778316
0.52778316,0.52778316
0.52778316,0.52778316
0.52778316,0.52778316
0.52778316,0.52778316
0.52778316,0.52778316
0.52778316,0.52778316
0.52778316,0.52778316
0.52778316,0.52778316
0.52778316,0.52778316
0.52778316,0.52778316
0.52778316,0.52778316
0.52778316,0.52778316
0.52778316,0.52778316
0.52778316,0.52778316
0.52778316,0.52778316
0.52778316,0.52778316
0.52778316,0.52778316
0.52778316,0.52778316
0.52778316,0.52778316
0.52778316,0.52778316
0.52778316,0.52778316
0.52778316,0.52778316
0.52778316,0.52778316
0.52778316,0.52778316
0.52778316,0.52778316
0.52778316,0.52778316
0.52778316,0.52778316
0.52778316,0.52778316
0.52778316,0.52778316
0.52778316,0.52778316
0.52778316,0.52778316
0.52778316,0.52778316
0.52778316,0.52778316
0.52778316,0.52778316
0.52778316,0.52778316
0.52778316,0.52778316
0.52778316,0.52778316
0.52778316,0.52778316
0.52778316,0.52778316
0.52778316,0.52778316
0.52778316,0.52778316
0.52778316,0.52778316
0.52778316,0.52778316
0.52778316,0.52778316
0.52778316,0.52778316
0.52778316,0.52778316
0.52778316,0.52778316
0.52778316,0.52778316
0.52778316,0.52778316
0.52778316,0.52778316
0.52778316,0.52778316
0.52778316,0.52778316
0.52778316,0.52778316
0.52778316,0.52778316
0.52778316,0.52778316
0.52778316,0.52778316
0.52778316,0.52778316
0.52778316,0.52778316
0.52778316,0.52778316
0.52778316,0.52778316
0.52778316,0.52778316
0.52778316,0.52778316
0.52778316,0.52778316
0.52778316,0.52778316
0.52778316,0.52778316
0.52778316,0.52778316
0.52778316,0.52778316
0.52778316,0.52778316
0.52778316,0.52778316
0.52778316,0.52778316
0.52778316,0.52778316
0.52778316,0.52778316
0.52778316,0.52778316
0.52778316,0.52778316
0.52778316,0.52778316
0.52778316,0.52778316
0.52778316,0.52778316
