score,conf
0.39413747,0.39413747
0.46564847,0.46564847
0.5058881,0.5058881
0.4093686,0.4093686
0.5082372,0.5082372
0.50939846,0.50939846
0.52803797,0.52803797
0.46472403,0.46472403
0.4969038,0.4969038
0.40551093,0.40551093
0.46108767,0.46108767
0.37695497,0.37695497
0.2764006,0.2764006
0.32168436,0.32168436
0.4397801,0.4397801
0.39237905,0.39237905
0.4225398,0.4225398
0.34546793,0.34546793
0.55445516,0.55445516
0.5347479,0.5347479
0.40603483,0.40603483
0.4552046,0.4552046
0.43697762,0.43697762
0.48937184,0.48937184
0.5213679,0.5213679
0.5397015,0.5397015
0.48992133,0.48992133
0.4946317,0.4946317
0.49273035,0.49273035
0.50807863,0.50807863
0.46967265,0.46967265
0.5447469,0.5447469
0.47445837,0.47445837
0.5070628,0.5070628
0.54505974,0.54505974
0.5188862,0.5188862
0.5079157,0.5079157
0.44771627,0.44771627
0.4562358,0.4562358
0.438422,0.438422
0.41512665,0.41512665
0.42809853,0.42809853
0.43213984,0.43213984
0.4051533,0.4051533
0.41668257,0.41668257
0.40443897,0.40443897
0.4307417,0.4307417
0.38420016,0.38420016
0.5304804,0.5304804
0.4281281,0.4281281
0.42689955,0.42689955
0.42573845,0.42573845
0.43014818,0.43014818
0.4345078,0.4345078
0.44227245,0.44227245
0.45381063,0.45381063
0.5254266,0.5254266
0.51488966,0.51488966
0.43356386,0.43356386
0.41218904,0.41218904
0.50659806,0.50659806
0.53339446,0.53339446
0.5155396,0.5155396
0.47955322,0.47955322
0.5189633,0.5189633
0.5164093,0.5164093
0.5176385,0.5176385
0.46822917,0.46822917
0.49580362,0.49580362
0.49079064,0.49079064
0.49075654,0.49075654
0.47832713,0.47832713
0.4832689,0.4832689
0.47749776,0.47749776
0.39842448,0.39842448
0.38165468,0.38165468
0.46162793,0.46162793
0.5060661,0.5060661
0.54872406,0.54872406
0.531455,0.531455
0.5192128,0.5192128
0.5419848,0.5419848
0.48312294,0.48312294
0.49752304,0.49752304
0.5004958,0.5004958
0.45979097,0.45979097
0.4684019,0.4684019
0.4521206,0.4521206
0.5206179,0.5206179
0.52131754,0.52131754
0.4646219,0.4646219
0.43914667,0.43914667
0.46335652,0.46335652
0.48114452,0.48114452
0.43920794,0.43920794
0.4616378,0.4616378
0.45462427,0.45462427
0.44943604,0.44943604
0.47631428,0.47631428
0.47904593,0.47904593
0.4514143,0.4514143
0.44192103,0.44192103
0.46764266,0.46764266
0.42716122,0.42716122
0.36474606,0.36474606
0.4051862,0.4051862
0.40011606,0.40011606
0.510942,0.510942
0.4827481,0.4827481
0.44893607,0.44893607
0.41852862,0.41852862
0.4006901,0.4006901
0.44065621,0.44065621
0.38464502,0.38464502
0.38464502,0.38464502
0.38464502,0.38464502
0.38464502,0.38464502
0.38464502,0.38464502
0.38464502,0.38464502
0.38464502,0.38464502
0.38464502,0.38464502
0.38464502,0.38464502
0.38464502,0.38464502
0.40962473,0.40962473
0.41233966,0.41233966
0.44668928,0.44668928
0.4694376,0.4694376
0.51179034,0.51179034
0.5006521,0.5006521
0.5031318,0.5031318
0.45417434,0.45417434
0.40752253,0.40752253
0.4954576,0.4954576
0.47622216,0.47622216
0.5596112,0.5596112
0.41640308,0.41640308
0.5071646,0.5071646
0.53480566,0.53480566
0.44482332,0.44482332
0.48672003,0.48672003
0.4922725,0.4922725
0.4488362,0.4488362
0.44765246,0.44765246
0.51303756,0.51303756
0.5119441,0.5119441
0.49215078,0.49215078
0.47620186,0.47620186
0.5643035,0.5643035
0.5455192,0.5455192
0.39223072,0.39223072
0.48177856,0.48177856
0.43486366,0.43486366
0.48834935,0.48834935
0.42026615,0.42026615
0.46030605,0.46030605
0.42292798,0.42292798
0.48288834,0.48288834
0.49367204,0.49367204
0.52604294,0.52604294
0.6383666,0.6383666
0.50360435,0.50360435
0.42161167,0.42161167
0.42261526,0.42261526
0.40394977,0.40394977
0.4223911,0.4223911
0.4171093,0.4171093
0.40566954,0.40566954
0.46441367,0.46441367
0.45252398,0.45252398
0.4977986,0.4977986
0.49326256,0.49326256
0.49261215,0.49261215
0.46102706,0.46102706
0.51696056,0.51696056
0.5156398,0.5156398
0.50343186,0.50343186
0.500158,0.500158
0.4927812,0.4927812
0.37493658,0.37493658
0.4347874,0.4347874
0.45351735,0.45351735
0.4220693,0.4220693
0.39915618,0.39915618
0.43213025,0.43213025
0.4150549,0.4150549
0.49617013,0.49617013
0.45366725,0.45366725
0.36660802,0.36660802
0.37696332,0.37696332
0.35517034,0.35517034
0.41398352,0.41398352
0.45390326,0.45390326
0.34768125,0.34768125
0.35818735,0.35818735
0.38464502,0.38464502
0.38464502,0.38464502
0.38471347,0.38471347
0.40998903,0.40998903
0.45525202,0.45525202
0.51661134,0.51661134
0.4960923,0.4960923
0.45379567,0.45379567
0.4480114,0.4480114
0.4833958,0.4833958
0.38639536,0.38639536
0.5299076,0.5299076
0.44430372,0.44430372
0.44108585,0.44108585
0.502307,0.502307
0.48557222,0.48557222
0.48892033,0.48892033
0.49652234,0.49652234
0.55793583,0.55793583
0.5229616,0.5229616
0.5141462,0.5141462
0.48803672,0.48803672
0.5278343,0.5278343
0.4982508,0.4982508
0.5370965,0.5370965
0.5085608,0.5085608
0.4751104,0.4751104
0.47502387,0.47502387
0.4851053,0.4851053
0.48957223,0.48957223
0.48483175,0.48483175
0.4854619,0.4854619
0.44298673,0.44298673
0.4893241,0.4893241
0.5135595,0.5135595
0.4938392,0.4938392
0.46356234,0.46356234
0.4264437,0.4264437
0.48877445,0.48877445
0.5505211,0.5505211
0.4127767,0.4127767
0.43646428,0.43646428
0.4641823,0.4641823
0.44106367,0.44106367
0.43139705,0.43139705
0.42721525,0.42721525
0.40809444,0.40809444
0.3997208,0.3997208
0.41231528,0.41231528
0.377211,0.377211
0.38506183,0.38506183
0.38464502,0.38464502
0.38464502,0.38464502
0.38464502,0.38464502
0.38464502,0.38464502
0.38464502,0.38464502
0.38464502,0.38464502
0.38464502,0.38464502
0.38464502,0.38464502
0.38464502,0.38464502
0.38464502,0.38464502
0.38464502,0.38464502
0.38464502,0.38464502
0.38464502,0.38464502
0.38464502,0.38464502
0.38464502,0.38464502
0.38222802,0.38222802
0.43690467,0.43690467
0.50903827,0.50903827
0.5140669,0.5140669
0.51853895,0.51853895
0.4960985,0.4960985
0.4857994,0.4857994
0.3858983,0.3858983
0.38636613,0.38636613
0.46121243,0.46121243
0.54761696,0.54761696
0.42950696,0.42950696
0.53311765,0.53311765
0.32904893,0.32904893
0.46785256,0.46785256
0.47231343,0.47231343
0.45171443,0.45171443
0.46107665,0.46107665
0.44413394,0.44413394
0.44955897,0.44955897
0.45448542,0.45448542
0.47670075,0.47670075
0.40208003,0.40208003
0.42183056,0.42183056
0.45294103,0.45294103
0.4945234,0.4945234
0.48721987,0.48721987
0.52283,0.52283
0.50152546,0.50152546
0.4001063,0.4001063
0.41078764,0.41078764
0.4173282,0.4173282
0.43600583,0.43600583
0.36490512,0.36490512
0.42192337,0.42192337
0.46602768,0.46602768
0.4352543,0.4352543
0.6492797,0.6492797
0.48946062,0.48946062
0.46826908,0.46826908
0.53165483,0.53165483
0.48113737,0.48113737
0.45672867,0.45672867
0.5084815,0.5084815
0.4751048,0.4751048
0.5043424,0.5043424
0.4789646,0.4789646
0.45458323,0.45458323
0.5476771,0.5476771
0.513195,0.513195
0.47616625,0.47616625
0.5327133,0.5327133
0.52386254,0.52386254
0.5145541,0.5145541
0.48126897,0.48126897
0.48902258,0.48902258
0.46186867,0.46186867
0.50278527,0.50278527
0.50652087,0.50652087
0.4931971,0.4931971
0.48314714,0.48314714
0.46536294,0.46536294
0.4732818,0.4732818
0.49611422,0.49611422
0.5067094,0.5067094
0.48719066,0.48719066
0.4856718,0.4856718
0.45897233,0.45897233
0.48199147,0.48199147
0.49326122,0.49326122
0.5203502,0.5203502
0.6038901,0.6038901
0.538541,0.538541
0.38220534,0.38220534
0.47323158,0.47323158
0.40841913,0.40841913
0.4922698,0.4922698
0.4611291,0.4611291
0.49096647,0.49096647
0.50979555,0.50979555
0.47902352,0.47902352
0.46690887,0.46690887
0.43374598,0.43374598
0.50228006,0.50228006
0.4058774,0.4058774
0.47290733,0.47290733
0.3936251,0.3936251
0.41389322,0.41389322
0.3503271,0.3503271
0.45277974,0.45277974
0.36865377,0.36865377
0.4171297,0.4171297
0.39894384,0.39894384
0.4020987,0.4020987
0.49184048,0.49184048
0.47379264,0.47379264
0.48022708,0.48022708
0.44755387,0.44755387
0.46102852,0.46102852
0.43238014,0.43238014
0.4989312,0.4989312
0.4938635,0.4938635
0.47322366,0.47322366
0.48743683,0.48743683
0.41058397,0.41058397
0.39598376,0.39598376
0.37950113,0.37950113
0.3735016,0.3735016
0.42486614,0.42486614
0.33305162,0.33305162
0.46623692,0.46623692
0.36557016,0.36557016
0.4188055,0.4188055
0.41752335,0.41752335
0.41076398,0.41076398
0.42780435,0.42780435
0.4666324,0.4666324
0.41981462,0.41981462
0.4340631,0.4340631
0.44342035,0.44342035
0.4168994,0.4168994
0.4189536,0.4189536
0.4111182,0.4111182
0.38464502,0.38464502
0.38464502,0.38464502
0.38464502,0.38464502
0.38464502,0.38464502
0.38464502,0.38464502
0.38464502,0.38464502
0.3846175,0.3846175
0.42080674,0.42080674
0.48656368,0.48656368
0.5067146,0.5067146
0.50068086,0.50068086
0.50127053,0.50127053
0.49913198,0.49913198
0.49946404,0.49946404
0.4812499,0.4812499
0.41958743,0.41958743
0.34404078,0.34404078
0.38935873,0.38935873
0.4869805,0.4869805
0.51384294,0.51384294
0.46343154,0.46343154
0.50296694,0.50296694
0.49848783,0.49848783
0.51462513,0.51462513
0.47591048,0.47591048
0.5023783,0.5023783
0.57306546,0.57306546
0.4814388,0.4814388
0.43216535,0.43216535
0.42556864,0.42556864
0.46883813,0.46883813
0.4551466,0.4551466
0.5252074,0.5252074
0.55265355,0.55265355
0.53455323,0.53455323
0.4367821,0.4367821
0.4255675,0.4255675
0.42580894,0.42580894
0.38497618,0.38497618
0.40235436,0.40235436
0.36731225,0.36731225
0.42623153,0.42623153
0.4947816,0.4947816
0.4987625,0.4987625
0.46455395,0.46455395
0.4692671,0.4692671
0.493618,0.493618
0.4819134,0.4819134
0.584818,0.584818
0.47457457,0.47457457
0.45448443,0.45448443
0.4493057,0.4493057
0.47937512,0.47937512
0.4964839,0.4964839
0.49826854,0.49826854
0.5324624,0.5324624
0.48653302,0.48653302
0.446781,0.446781
0.49511543,0.49511543
0.4661796,0.4661796
0.5344346,0.5344346
0.52541363,0.52541363
0.48766023,0.48766023
0.4243901,0.4243901
0.4630829,0.4630829
0.51206195,0.51206195
0.51162183,0.51162183
0.4734833,0.4734833
0.56832993,0.56832993
0.45497414,0.45497414
0.48078796,0.48078796
0.45186672,0.45186672
0.43738478,0.43738478
0.44386598,0.44386598
0.43295634,0.43295634
0.43445647,0.43445647
0.36073413,0.36073413
0.37494648,0.37494648
0.39545798,0.39545798
0.40023232,0.40023232
0.44160473,0.44160473
0.4809503,0.4809503
0.42178303,0.42178303
0.43192175,0.43192175
0.4507757,0.4507757
0.39227018,0.39227018
0.47934082,0.47934082
0.4589559,0.4589559
0.4900619,0.4900619
0.42255563,0.42255563
0.47415847,0.47415847
0.4526944,0.4526944
0.4852286,0.4852286
0.51590145,0.51590145
0.46265164,0.46265164
0.44281736,0.44281736
0.3923593,0.3923593
0.49399894,0.49399894
0.42913696,0.42913696
0.37659785,0.37659785
0.42158222,0.42158222
0.4713184,0.4713184
0.43374634,0.43374634
0.40295103,0.40295103
0.4408486,0.4408486
0.4239621,0.4239621
0.40517783,0.40517783
0.47054067,0.47054067
0.42110547,0.42110547
0.4034756,0.4034756
0.38464502,0.38464502
0.38464502,0.38464502
0.38464502,0.38464502
0.38464502,0.38464502
0.38464502,0.38464502
0.38464502,0.38464502
0.38464502,0.38464502
0.38464502,0.38464502
0.4028516,0.4028516
0.4615248,0.4615248
0.44570616,0.44570616
0.44908446,0.44908446
0.4995819,0.4995819
0.41974083,0.41974083
0.4897276,0.4897276
0.45764232,0.45764232
0.53621435,0.53621435
0.4964673,0.4964673
0.4942344,0.4942344
0.39987177,0.39987177
0.45899403,0.45899403
0.45535675,0.45535675
0.4072069,0.4072069
0.44349092,0.44349092
0.47359958,0.47359958
0.5046449,0.5046449
0.530586,0.530586
0.50233656,0.50233656
0.52116454,0.52116454
0.4907551,0.4907551
0.48628816,0.48628816
0.49385095,0.49385095
0.49120316,0.49120316
0.52240515,0.52240515
0.45521376,0.45521376
0.4388006,0.4388006
0.4975013,0.4975013
0.5370508,0.5370508
0.47634453,0.47634453
0.5163992,0.5163992
0.50629425,0.50629425
0.51519555,0.51519555
0.44804016,0.44804016
0.45256817,0.45256817
0.47053498,0.47053498
0.4886067,0.4886067
0.5031128,0.5031128
0.5137312,0.5137312
0.54924154,0.54924154
0.45468742,0.45468742
0.4775388,0.4775388
0.49673218,0.49673218
0.43873015,0.43873015
0.4925379,0.4925379
0.39543918,0.39543918
0.38201186,0.38201186
0.40631998,0.40631998
0.5417286,0.5417286
0.43842643,0.43842643
0.45653912,0.45653912
0.42512515,0.42512515
0.5124216,0.5124216
0.45653716,0.45653716
0.53258204,0.53258204
0.5098723,0.5098723
0.49618283,0.49618283
0.47877622,0.47877622
0.454228,0.454228
0.53832555,0.53832555
0.38951954,0.38951954
0.4088249,0.4088249
0.4234215,0.4234215
0.46520695,0.46520695
0.42647853,0.42647853
0.43580636,0.43580636
0.37929627,0.37929627
0.41643426,0.41643426
0.41920727,0.41920727
0.34611523,0.34611523
0.406705,0.406705
0.42807454,0.42807454
0.4073732,0.4073732
0.37707603,0.37707603
0.4844264,0.4844264
0.4881966,0.4881966
0.5224036,0.5224036
0.47572705,0.47572705
0.49162942,0.49162942
0.5763266,0.5763266
0.52448225,0.52448225
0.4326274,0.4326274
0.46284825,0.46284825
0.43425438,0.43425438
0.499333,0.499333
0.49891648,0.49891648
0.46515983,0.46515983
0.48007712,0.48007712
0.4887931,0.4887931
0.49606383,0.49606383
0.50445133,0.50445133
0.5180967,0.5180967
0.41241536,0.41241536
0.45575926,0.45575926
0.4317577,0.4317577
0.53570414,0.53570414
0.5456676,0.5456676
0.5256203,0.5256203
0.5591842,0.5591842
0.49630442,0.49630442
0.5094309,0.5094309
0.52695036,0.52695036
0.531508,0.531508
0.45701495,0.45701495
0.48291802,0.48291802
0.5451231,0.5451231
0.46375674,0.46375674
0.51881945,0.51881945
0.42434657,0.42434657
0.5129087,0.5129087
0.45450437,0.45450437
0.43857604,0.43857604
0.4389104,0.4389104
0.4465361,0.4465361
0.42923138,0.42923138
0.44169095,0.44169095
0.49307212,0.49307212
0.4781293,0.4781293
0.45367724,0.45367724
0.5639595,0.5639595
0.522953,0.522953
0.49019682,0.49019682
0.42659357,0.42659357
0.39589927,0.39589927
0.40691388,0.40691388
0.5464702,0.5464702
0.5236117,0.5236117
0.54314524,0.54314524
0.52652496,0.52652496
0.48259082,0.48259082
0.4541602,0.4541602
0.40820995,0.40820995
0.45071104,0.45071104
0.49271974,0.49271974
0.40275726,0.40275726
0.47348937,0.47348937
0.47842106,0.47842106
0.43826795,0.43826795
0.4784014,0.4784014
0.44459602,0.44459602
0.48245895,0.48245895
0.45430106,0.45430106
0.49542502,0.49542502
0.5115514,0.5115514
0.46863654,0.46863654
0.45793942,0.45793942
0.35612,0.35612
0.39296815,0.39296815
0.47593677,0.47593677
0.4200912,0.4200912
0.40731597,0.40731597
0.4163022,0.4163022
0.35485578,0.35485578
0.38220206,0.38220206
0.38304445,0.38304445
0.3775176,0.3775176
0.43779263,0.43779263
0.39050803,0.39050803
0.39886567,0.39886567
0.37635493,0.37635493
0.44113335,0.44113335
0.50311995,0.50311995
0.5187192,0.5187192
0.48224017,0.48224017
0.48133707,0.48133707
0.4548313,0.4548313
0.4180194,0.4180194
0.51761913,0.51761913
0.498284,0.498284
0.5330717,0.5330717
0.42669794,0.42669794
0.50236017,0.50236017
0.41954622,0.41954622
0.39532706,0.39532706
0.5228488,0.5228488
0.49043792,0.49043792
0.46012607,0.46012607
0.51530254,0.51530254
0.5568079,0.5568079
0.5924038,0.5924038
0.40279728,0.40279728
0.5284123,0.5284123
0.49863365,0.49863365
0.48950243,0.48950243
0.46681866,0.46681866
0.46956402,0.46956402
0.51659614,0.51659614
0.47471634,0.47471634
0.47587612,0.47587612
0.53460455,0.53460455
0.56839234,0.56839234
0.43322417,0.43322417
0.49207437,0.49207437
0.48667985,0.48667985
0.42721742,0.42721742
0.46355215,0.46355215
0.50050014,0.50050014
0.5042793,0.5042793
0.49904975,0.49904975
0.50682205,0.50682205
0.52808446,0.52808446
0.5379561,0.5379561
0.5171067,0.5171067
0.5323759,0.5323759
0.4442603,0.4442603
0.42633867,0.42633867
0.4352458,0.4352458
0.3972818,0.3972818
0.47076124,0.47076124
0.39965516,0.39965516
0.41486472,0.41486472
0.40537047,0.40537047
0.4512691,0.4512691
0.41019583,0.41019583
0.4736791,0.4736791
0.45573962,0.45573962
0.3847009,0.3847009
0.4403442,0.4403442
0.4291932,0.4291932
0.39815032,0.39815032
0.38647783,0.38647783
0.34939912,0.34939912
0.40453774,0.40453774
0.34629458,0.34629458
0.4136308,0.4136308
0.38464502,0.38464502
0.38845977,0.38845977
0.4329591,0.4329591
0.48130587,0.48130587
0.4748035,0.4748035
0.5420134,0.5420134
0.54784,0.54784
0.47493505,0.47493505
0.5221712,0.5221712
0.49754393,0.49754393
0.40666175,0.40666175
0.46562228,0.46562228
0.42184716,0.42184716
0.5072612,0.5072612
0.4568279,0.4568279
0.41456044,0.41456044
0.4169574,0.4169574
0.47825205,0.47825205
0.49789682,0.49789682
0.43315995,0.43315995
0.42859536,0.42859536
0.42650968,0.42650968
0.4296912,0.4296912
0.47817197,0.47817197
0.46171442,0.46171442
0.4264226,0.4264226
0.45325097,0.45325097
0.51165986,0.51165986
0.48051524,0.48051524
0.4467101,0.4467101
0.43706188,0.43706188
0.4749403,0.4749403
0.51569736,0.51569736
0.5240081,0.5240081
0.46834186,0.46834186
0.50324327,0.50324327
0.49047628,0.49047628
0.50148016,0.50148016
0.480952,0.480952
0.47176537,0.47176537
0.5017421,0.5017421
0.5188991,0.5188991
0.5226112,0.5226112
0.51005447,0.51005447
0.50280344,0.50280344
0.44387248,0.44387248
0.44605187,0.44605187
0.5221282,0.5221282
0.43994832,0.43994832
0.43761536,0.43761536
0.50320274,0.50320274
0.5101325,0.5101325
0.5478523,0.5478523
0.49107435,0.49107435
0.4998554,0.4998554
0.47377968,0.47377968
0.48786163,0.48786163
0.43771577,0.43771577
0.5866407,0.5866407
0.41240737,0.41240737
0.4760397,0.4760397
0.49801174,0.49801174
0.49576515,0.49576515
0.49764228,0.49764228
0.488436,0.488436
0.46858892,0.46858892
0.43288505,0.43288505
0.54440236,0.54440236
0.46995088,0.46995088
0.47763807,0.47763807
0.49199554,0.49199554
0.4622315,0.4622315
0.44446024,0.44446024
0.3874383,0.3874383
0.4302428,0.4302428
0.3904383,0.3904383
0.4577349,0.4577349
0.42256308,0.42256308
0.39714634,0.39714634
0.3819781,0.3819781
0.40997988,0.40997988
0.41697565,0.41697565
0.39429888,0.39429888
0.40205848,0.40205848
0.33196265,0.33196265
0.32076082,0.32076082
0.38464502,0.38464502
0.38464502,0.38464502
0.38464502,0.38464502
0.38464502,0.38464502
0.38464502,0.38464502
0.38952893,0.38952893
0.49335396,0.49335396
0.5329686,0.5329686
0.48761806,0.48761806
0.5315082,0.5315082
0.5138545,0.5138545
0.50450456,0.50450456
0.48563358,0.48563358
0.4846114,0.4846114
0.45853037,0.45853037
0.44159356,0.44159356
0.4837134,0.4837134
0.51245296,0.51245296
0.48331615,0.48331615
0.4598989,0.4598989
0.35144538,0.35144538
0.42175245,0.42175245
0.48543903,0.48543903
0.5021606,0.5021606
0.530088,0.530088
0.44436502,0.44436502
0.45831683,0.45831683
0.4350758,0.4350758
0.44882157,0.44882157
0.48152506,0.48152506
0.4792407,0.4792407
0.44144186,0.44144186
0.48232222,0.48232222
0.47056493,0.47056493
0.48939332,0.48939332
0.4543943,0.4543943
0.46794242,0.46794242
0.44016182,0.44016182
0.43127117,0.43127117
0.4567195,0.4567195
0.45445383,0.45445383
0.43331903,0.43331903
0.47031313,0.47031313
0.47186917,0.47186917
0.42118466,0.42118466
0.44689992,0.44689992
0.5044716,0.5044716
0.5062016,0.5062016
0.52045375,0.52045375
0.48264232,0.48264232
0.40008882,0.40008882
0.33752573,0.33752573
0.4824537,0.4824537
0.5104579,0.5104579
0.47794783,0.47794783
0.43616757,0.43616757
0.47598997,0.47598997
0.4510977,0.4510977
0.5044779,0.5044779
0.41141224,0.41141224
0.43568912,0.43568912
0.44305933,0.44305933
0.43096784,0.43096784
0.4319133,0.4319133
0.50883496,0.50883496
0.49493453,0.49493453
0.5355637,0.5355637
0.49931553,0.49931553
0.4968091,0.4968091
0.42766514,0.42766514
0.49513555,0.49513555
0.51731795,0.51731795
0.5377531,0.5377531
0.48396942,0.48396942
0.506279,0.506279
0.4869794,0.4869794
0.46490556,0.46490556
0.45375568,0.45375568
0.4304045,0.4304045
0.48727146,0.48727146
0.49122024,0.49122024
0.44078645,0.44078645
0.35927492,0.35927492
0.47606778,0.47606778
0.49808732,0.49808732
0.50371355,0.50371355
0.48629904,0.48629904
0.4470148,0.4470148
0.3801261,0.3801261
0.49630883,0.49630883
0.43636826,0.43636826
0.46219674,0.46219674
0.4471778,0.4471778
0.43445542,0.43445542
0.4444984,0.4444984
0.52275527,0.52275527
0.4572623,0.4572623
0.40304804,0.40304804
0.37810776,0.37810776
0.44348577,0.44348577
0.53526235,0.53526235
0.43439737,0.43439737
0.51928484,0.51928484
0.5156576,0.5156576
0.5091096,0.5091096
0.47112864,0.47112864
0.43474463,0.43474463
0.4479392,0.4479392
0.474497,0.474497
0.49844155,0.49844155
0.4775354,0.4775354
0.49524358,0.49524358
0.48384702,0.48384702
0.4918569,0.4918569
0.47518057,0.47518057
0.48073384,0.48073384
0.47131905,0.47131905
0.48110688,0.48110688
0.5013702,0.5013702
0.4619638,0.4619638
0.5201912,0.5201912
0.454754,0.454754
0.48369434,0.48369434
0.4234023,0.4234023
0.47082824,0.47082824
0.45541427,0.45541427
0.45957655,0.45957655
0.429268,0.429268
0.49233583,0.49233583
0.43675703,0.43675703
0.39762476,0.39762476
0.4236868,0.4236868
0.39483133,0.39483133
0.3871674,0.3871674
0.377989,0.377989
0.3270032,0.3270032
0.4254438,0.4254438
0.50544435,0.50544435
0.45062336,0.45062336
0.4843933,0.4843933
0.49464113,0.49464113
0.49763507,0.49763507
0.5082016,0.5082016
0.5149322,0.5149322
0.5203043,0.5203043
0.5168766,0.5168766
0.5408212,0.5408212
0.42456797,0.42456797
0.44623196,0.44623196
0.48218408,0.48218408
0.49375442,0.49375442
0.47959903,0.47959903
0.51916325,0.51916325
0.44366303,0.44366303
0.41431397,0.41431397
0.42190254,0.42190254
0.47359046,0.47359046
0.4755662,0.4755662
0.50838405,0.50838405
0.5190857,0.5190857
0.45479968,0.45479968
0.42025495,0.42025495
0.38891333,0.38891333
0.49044752,0.49044752
0.4118048,0.4118048
0.4362215,0.4362215
0.38123372,0.38123372
0.42441022,0.42441022
0.4210401,0.4210401
0.46510383,0.46510383
0.40020704,0.40020704
0.42878953,0.42878953
0.36648288,0.36648288
0.46272016,0.46272016
0.3121368,0.3121368
0.38850337,0.38850337
0.4192422,0.4192422
0.4158656,0.4158656
0.44245145,0.44245145
0.42191887,0.42191887
0.36977032,0.36977032
0.41844603,0.41844603
0.434676,0.434676
0.367405,0.367405
0.36541265,0.36541265
0.3732255,0.3732255
0.36790597,0.36790597
0.37575755,0.37575755
0.38464502,0.38464502
0.38464502,0.38464502
0.3810309,0.3810309
0.4597357,0.4597357
0.4596069,0.4596069
0.40830845,0.40830845
0.40168214,0.40168214
0.50789636,0.50789636
0.5497963,0.5497963
0.38429812,0.38429812
0.40590772,0.40590772
0.4637686,0.4637686
0.47948295,0.47948295
0.51155424,0.51155424
0.46947014,0.46947014
0.40468156,0.40468156
0.41721067,0.41721067
0.44919452,0.44919452
0.4482471,0.4482471
0.5000102,0.5000102
0.4979821,0.4979821
0.4633197,0.4633197
0.4367679,0.4367679
0.48146412,0.48146412
0.47128567,0.47128567
0.4804086,0.4804086
0.47828665,0.47828665
0.43381357,0.43381357
0.33624464,0.33624464
0.40325642,0.40325642
0.41871083,0.41871083
0.50512403,0.50512403
0.5259663,0.5259663
0.51522547,0.51522547
0.48956323,0.48956323
0.49597344,0.49597344
0.46444815,0.46444815
0.5046271,0.5046271
0.5327357,0.5327357
0.46723634,0.46723634
0.41735658,0.41735658
0.4209423,0.4209423
0.3606228,0.3606228
0.5110094,0.5110094
0.49740645,0.49740645
0.55296665,0.55296665
0.44628072,0.44628072
0.50241965,0.50241965
0.38915414,0.38915414
0.43904862,0.43904862
0.41206142,0.41206142
0.4314773,0.4314773
0.4254335,0.4254335
0.5170798,0.5170798
0.5247059,0.5247059
0.49350893,0.49350893
0.41110018,0.41110018
0.5164685,0.5164685
0.48793036,0.48793036
0.5040324,0.5040324
0.5379684,0.5379684
0.5395643,0.5395643
0.524062,0.524062
0.49713382,0.49713382
0.42168137,0.42168137
0.47167277,0.47167277
0.4054939,0.4054939
0.46193144,0.46193144
0.4225277,0.4225277
0.42267597,0.42267597
0.48242414,0.48242414
0.5330635,0.5330635
0.46905512,0.46905512
0.4694647,0.4694647
0.5754122,0.5754122
0.52112365,0.52112365
0.47771278,0.47771278
0.50707304,0.50707304
0.49145564,0.49145564
0.4522948,0.4522948
0.4850915,0.4850915
0.466276,0.466276
0.4672247,0.4672247
0.51333916,0.51333916
0.5045571,0.5045571
0.46097088,0.46097088
0.43755,0.43755
0.46135002,0.46135002
0.42986643,0.42986643
0.45333672,0.45333672
0.4810908,0.4810908
0.41994008,0.41994008
0.39409453,0.39409453
0.39740136,0.39740136
0.40568432,0.40568432
0.48300493,0.48300493
0.37520036,0.37520036
0.482674,0.482674
0.37242132,0.37242132
0.43548402,0.43548402
0.4636864,0.4636864
0.49641025,0.49641025
0.5161509,0.5161509
0.5190065,0.5190065
0.49927235,0.49927235
0.45205846,0.45205846
0.47097847,0.47097847
0.47164273,0.47164273
0.49686745,0.49686745
0.44648957,0.44648957
0.38577703,0.38577703
0.4353743,0.4353743
0.48856497,0.48856497
0.40624958,0.40624958
0.3912041,0.3912041
0.42218858,0.42218858
0.42523754,0.42523754
0.42844138,0.42844138
0.48174453,0.48174453
0.49762818,0.49762818
0.41261938,0.41261938
0.4811735,0.4811735
0.4691142,0.4691142
0.52145004,0.52145004
0.39097086,0.39097086
0.50717473,0.50717473
0.39096403,0.39096403
0.3778283,0.3778283
0.35986808,0.35986808
0.37505212,0.37505212
0.48121282,0.48121282
0.48461154,0.48461154
0.4548417,0.4548417
0.50549185,0.50549185
0.4994885,0.4994885
0.49538398,0.49538398
0.45887575,0.45887575
0.3633094,0.3633094
0.393072,0.393072
0.49199468,0.49199468
0.48979056,0.48979056
0.514199,0.514199
0.44601873,0.44601873
0.430554,0.430554
0.47887623,0.47887623
0.48719501,0.48719501
0.43163577,0.43163577
0.5710095,0.5710095
0.45106706,0.45106706
0.44936925,0.44936925
0.4563963,0.4563963
0.4327286,0.4327286
0.38105205,0.38105205
0.40961334,0.40961334
0.4163066,0.4163066
0.4343426,0.4343426
0.42202872,0.42202872
0.41006827,0.41006827
0.48984343,0.48984343
0.47532147,0.47532147
0.49259725,0.49259725
0.50983316,0.50983316
0.48464683,0.48464683
0.47352383,0.47352383
0.47662258,0.47662258
0.58828896,0.58828896
0.46545961,0.46545961
0.50550056,0.50550056
0.50789446,0.50789446
0.43888012,0.43888012
0.48874846,0.48874846
0.4370387,0.4370387
0.4113821,0.4113821
0.35692504,0.35692504
0.517076,0.517076
0.44211227,0.44211227
0.46199477,0.46199477
0.48076966,0.48076966
0.46559218,0.46559218
0.47868127,0.47868127
0.54072547,0.54072547
0.46586743,0.46586743
0.48936865,0.48936865
0.4030231,0.4030231
0.3951625,0.3951625
0.37593704,0.37593704
0.4171611,0.4171611
0.3663943,0.3663943
0.43206778,0.43206778
0.43657565,0.43657565
0.41814905,0.41814905
0.47720882,0.47720882
0.37006083,0.37006083
0.45883113,0.45883113
0.42317134,0.42317134
0.49071723,0.49071723
0.3605492,0.3605492
0.44817472,0.44817472
0.4604529,0.4604529
0.47092593,0.47092593
0.47807392,0.47807392
0.45685026,0.45685026
0.39047685,0.39047685
0.45017755,0.45017755
0.48116052,0.48116052
0.4879049,0.4879049
0.4832697,0.4832697
0.44065928,0.44065928
0.49192002,0.49192002
0.44069952,0.44069952
0.43175384,0.43175384
0.5271872,0.5271872
0.41252667,0.41252667
0.41126326,0.41126326
0.44393283,0.44393283
0.4358285,0.4358285
0.44781062,0.44781062
0.3931982,0.3931982
0.49269825,0.49269825
0.53447247,0.53447247
0.5386456,0.5386456
0.42314887,0.42314887
0.4579562,0.4579562
0.42653617,0.42653617
0.44036773,0.44036773
0.459508,0.459508
0.43848035,0.43848035
0.51390845,0.51390845
0.45620966,0.45620966
0.52374446,0.52374446
0.52163976,0.52163976
0.51302,0.51302
0.5407997,0.5407997
0.52206546,0.52206546
0.526341,0.526341
0.5048801,0.5048801
0.46242222,0.46242222
0.5877976,0.5877976
0.45074055,0.45074055
0.40454575,0.40454575
0.42853087,0.42853087
0.38481146,0.38481146
0.39740002,0.39740002
0.43703687,0.43703687
0.4872849,0.4872849
0.49373406,0.49373406
0.36144647,0.36144647
0.42320794,0.42320794
0.41282102,0.41282102
0.4320655,0.4320655
0.44195765,0.44195765
0.4701846,0.4701846
0.39719257,0.39719257
0.40217263,0.40217263
0.40274537,0.40274537
0.47027054,0.47027054
0.39504972,0.39504972
0.42678973,0.42678973
0.39572018,0.39572018
0.35448948,0.35448948
0.417132,0.417132
0.43041828,0.43041828
0.45020762,0.45020762
0.47494534,0.47494534
0.447773,0.447773
0.44200793,0.44200793
0.60464084,0.60464084
0.50254375,0.50254375
0.42544425,0.42544425
0.4384037,0.4384037
0.41207984,0.41207984
0.42038825,0.42038825
0.39532802,0.39532802
0.44978338,0.44978338
0.4550556,0.4550556
0.49499446,0.49499446
0.4978797,0.4978797
0.44755396,0.44755396
0.48303822,0.48303822
0.48925623,0.48925623
0.471781,0.471781
0.56062293,0.56062293
0.4966196,0.4966196
0.5133367,0.5133367
0.49715948,0.49715948
0.3967265,0.3967265
0.39547217,0.39547217
0.45698127,0.45698127
0.44229177,0.44229177
0.42778644,0.42778644
0.39104575,0.39104575
0.39428535,0.39428535
0.42233115,0.42233115
0.41975743,0.41975743
0.43019125,0.43019125
0.36178258,0.36178258
0.4155146,0.4155146
0.44545984,0.44545984
0.45194915,0.45194915
0.5002259,0.5002259
0.5290152,0.5290152
0.52017266,0.52017266
0.45574662,0.45574662
0.45744944,0.45744944
0.43663663,0.43663663
0.51189667,0.51189667
0.5031466,0.5031466
0.51903415,0.51903415
0.5232761,0.5232761
0.5381685,0.5381685
0.5118017,0.5118017
0.48614487,0.48614487
0.41668618,0.41668618
0.4305161,0.4305161
0.49802315,0.49802315
0.52969587,0.52969587
0.50115496,0.50115496
0.4219973,0.4219973
0.51456076,0.51456076
0.44436565,0.44436565
0.48618636,0.48618636
0.50001764,0.50001764
0.5108398,0.5108398
0.5490922,0.5490922
0.49576268,0.49576268
0.43484756,0.43484756
0.4801556,0.4801556
0.5311989,0.5311989
0.5513013,0.5513013
0.5223685,0.5223685
0.51556337,0.51556337
0.44001433,0.44001433
0.40766513,0.40766513
0.4490946,0.4490946
0.5316033,0.5316033
0.4811493,0.4811493
0.4318064,0.4318064
0.48109415,0.48109415
0.46422973,0.46422973
0.4742399,0.4742399
0.51603824,0.51603824
0.5066873,0.5066873
0.46150407,0.46150407
0.43247473,0.43247473
0.3827421,0.3827421
0.35381982,0.35381982
0.41081578,0.41081578
0.37756145,0.37756145
0.4080463,0.4080463
0.4525865,0.4525865
0.40639707,0.40639707
0.35012037,0.35012037
0.38039866,0.38039866
0.48024166,0.48024166
0.4649396,0.4649396
0.51348984,0.51348984
0.5419628,0.5419628
0.2679245,0.2679245
0.31544086,0.31544086
0.38305196,0.38305196
0.44451156,0.44451156
0.44411328,0.44411328
0.43627927,0.43627927
0.47406617,0.47406617
0.4594629,0.4594629
0.5097028,0.5097028
0.5504869,0.5504869
0.5145603,0.5145603
0.49992573,0.49992573
0.4684936,0.4684936
0.40561265,0.40561265
0.4323139,0.4323139
0.5014788,0.5014788
0.434988,0.434988
0.47527203,0.47527203
0.4610213,0.4610213
0.5073674,0.5073674
0.4762499,0.4762499
0.45920873,0.45920873
0.4769267,0.4769267
0.47548443,0.47548443
0.5223692,0.5223692
0.48172495,0.48172495
0.4761088,0.4761088
0.47034708,0.47034708
0.53836274,0.53836274
0.48913506,0.48913506
0.47401437,0.47401437
0.484971,0.484971
0.5514422,0.5514422
0.5222249,0.5222249
0.5216103,0.5216103
0.52867144,0.52867144
0.5053425,0.5053425
0.42310783,0.42310783
0.41816345,0.41816345
0.4460866,0.4460866
0.4310874,0.4310874
0.418959,0.418959
0.4249955,0.4249955
0.36774686,0.36774686
0.36053348,0.36053348
0.37432796,0.37432796
0.38587448,0.38587448
0.3965574,0.3965574
0.33275965,0.33275965
0.38464502,0.38464502
0.38464502,0.38464502
0.38464502,0.38464502
0.38464502,0.38464502
0.38464502,0.38464502
0.38188687,0.38188687
0.42122146,0.42122146
0.4587199,0.4587199
0.49209797,0.49209797
0.490431,0.490431
0.50574577,0.50574577
0.48686346,0.48686346
0.4822211,0.4822211
0.55807763,0.55807763
0.49456996,0.49456996
0.5006205,0.5006205
0.46730006,0.46730006
0.47600085,0.47600085
0.41006967,0.41006967
0.38353762,0.38353762
0.4950029,0.4950029
0.5145851,0.5145851
0.53981084,0.53981084
0.5189595,0.5189595
0.52843726,0.52843726
0.5826042,0.5826042
0.45907506,0.45907506
0.597916,0.597916
0.40811965,0.40811965
0.35767376,0.35767376
0.38048598,0.38048598
0.38812238,0.38812238
0.43247738,0.43247738
0.49551877,0.49551877
0.51037914,0.51037914
0.424285,0.424285
0.37604073,0.37604073
0.33056995,0.33056995
0.36349288,0.36349288
0.383526,0.383526
0.41731748,0.41731748
0.3244179,0.3244179
0.32706374,0.32706374
0.38758686,0.38758686
0.35994303,0.35994303
0.4853888,0.4853888
0.4423875,0.4423875
0.3676212,0.3676212
0.45538315,0.45538315
0.51880515,0.51880515
0.4968181,0.4968181
0.4966602,0.4966602
0.5147137,0.5147137
0.51571643,0.51571643
0.4972589,0.4972589
0.44996342,0.44996342
0.48190033,0.48190033
0.46718007,0.46718007
0.50992113,0.50992113
0.40282437,0.40282437
0.51250744,0.51250744
0.46836185,0.46836185
0.38732508,0.38732508
0.474711,0.474711
0.4713582,0.4713582
0.5194598,0.5194598
0.47004673,0.47004673
0.44524753,0.44524753
0.4649488,0.4649488
0.43097833,0.43097833
0.4677527,0.4677527
0.52907443,0.52907443
0.39628777,0.39628777
0.47966397,0.47966397
0.5361321,0.5361321
0.5203652,0.5203652
0.4892856,0.4892856
0.5208703,0.5208703
0.44515225,0.44515225
0.44403374,0.44403374
0.4292884,0.4292884
0.36858818,0.36858818
0.53200364,0.53200364
0.5207392,0.5207392
0.4761753,0.4761753
0.4554353,0.4554353
0.43106878,0.43106878
0.46572575,0.46572575
0.4912141,0.4912141
0.49122074,0.49122074
0.48378477,0.48378477
0.4612272,0.4612272
0.4456443,0.4456443
0.40339282,0.40339282
0.4342182,0.4342182
0.42223257,0.42223257
0.43576112,0.43576112
0.5593818,0.5593818
0.47813866,0.47813866
0.42959112,0.42959112
0.4084842,0.4084842
0.48171878,0.48171878
0.46267894,0.46267894
0.46042007,0.46042007
0.37639108,0.37639108
0.4034069,0.4034069
0.37782654,0.37782654
0.4286621,0.4286621
0.44026384,0.44026384
0.46115,0.46115
0.36566943,0.36566943
0.34761408,0.34761408
0.43438408,0.43438408
0.4898167,0.4898167
0.55949694,0.55949694
0.53475255,0.53475255
0.47564137,0.47564137
0.53504163,0.53504163
0.48207536,0.48207536
0.54030937,0.54030937
0.5114317,0.5114317
0.48755413,0.48755413
0.38032535,0.38032535
0.4500168,0.4500168
0.404489,0.404489
0.488778,0.488778
0.42209128,0.42209128
0.42258373,0.42258373
0.45455527,0.45455527
0.46016738,0.46016738
0.69524705,0.69524705
0.42586634,0.42586634
0.456239,0.456239
0.42914075,0.42914075
0.41902786,0.41902786
0.4151033,0.4151033
0.4177766,0.4177766
0.5127565,0.5127565
0.45281255,0.45281255
0.49673682,0.49673682
0.51252055,0.51252055
0.50756425,0.50756425
0.423752,0.423752
0.39794806,0.39794806
0.49313173,0.49313173
0.49984,0.49984
0.50478953,0.50478953
0.48227665,0.48227665
0.42536077,0.42536077
0.43562254,0.43562254
0.42343658,0.42343658
0.4205404,0.4205404
0.4050648,0.4050648
0.3774425,0.3774425
0.36605242,0.36605242
0.3782627,0.3782627
0.33007836,0.33007836
0.3934943,0.3934943
0.41704324,0.41704324
0.43497446,0.43497446
0.47292286,0.47292286
0.47563866,0.47563866
0.4349245,0.4349245
0.44853383,0.44853383
0.4933027,0.4933027
0.5131185,0.5131185
0.49602357,0.49602357
0.52272654,0.52272654
0.5334625,0.5334625
0.519861,0.519861
0.5017703,0.5017703
0.457329,0.457329
0.50377136,0.50377136
0.5186977,0.5186977
0.48450056,0.48450056
0.46373323,0.46373323
0.42729917,0.42729917
0.48748487,0.48748487
0.55337113,0.55337113
0.4097902,0.4097902
0.4604869,0.4604869
0.5381943,0.5381943
0.5615958,0.5615958
0.48081988,0.48081988
0.47612962,0.47612962
0.5167876,0.5167876
0.5131163,0.5131163
0.5339484,0.5339484
0.4934297,0.4934297
0.5147023,0.5147023
0.50380105,0.50380105
0.5068862,0.5068862
0.51001394,0.51001394
0.49389076,0.49389076
0.5277834,0.5277834
0.40700617,0.40700617
0.480882,0.480882
0.5122778,0.5122778
0.5521729,0.5521729
0.54146415,0.54146415
0.5388795,0.5388795
0.54170364,0.54170364
0.54030997,0.54030997
0.4916593,0.4916593
0.43487743,0.43487743
0.44322982,0.44322982
0.50199604,0.50199604
0.5043237,0.5043237
0.49762487,0.49762487
0.47891033,0.47891033
0.43074745,0.43074745
0.42692435,0.42692435
0.45658046,0.45658046
0.4201073,0.4201073
0.44787896,0.44787896
0.4626111,0.4626111
0.50912786,0.50912786
0.51579136,0.51579136
0.49538282,0.49538282
0.47625235,0.47625235
0.53974515,0.53974515
0.4646555,0.4646555
0.50710905,0.50710905
0.52419204,0.52419204
0.53904355,0.53904355
0.500545,0.500545
0.4586792,0.4586792
0.51604176,0.51604176
0.4454678,0.4454678
0.61969215,0.61969215
0.540377,0.540377
0.46357527,0.46357527
0.5140559,0.5140559
0.43328598,0.43328598
0.4732872,0.4732872
0.5401028,0.5401028
0.5357975,0.5357975
0.56594133,0.56594133
0.5298437,0.5298437
0.5110608,0.5110608
0.5405609,0.5405609
0.48711547,0.48711547
0.4498896,0.4498896
0.50295323,0.50295323
0.50280815,0.50280815
0.4702275,0.4702275
0.44477934,0.44477934
0.42514995,0.42514995
0.4638797,0.4638797
0.49933532,0.49933532
0.48899084,0.48899084
0.4392715,0.4392715
0.47795415,0.47795415
0.5415705,0.5415705
0.47555596,0.47555596
0.36941975,0.36941975
0.46962035,0.46962035
0.4882346,0.4882346
0.50052637,0.50052637
0.45470956,0.45470956
0.47078,0.47078
0.518964,0.518964
0.5185421,0.5185421
0.53259104,0.53259104
0.5231794,0.5231794
0.5256406,0.5256406
0.5139076,0.5139076
0.5113587,0.5113587
0.5103723,0.5103723
0.5014694,0.5014694
0.5340506,0.5340506
0.51973337,0.51973337
0.5159546,0.5159546
0.48730376,0.48730376
0.4667439,0.4667439
0.45576334,0.45576334
0.46210292,0.46210292
0.3809837,0.3809837
0.5285493,0.5285493
0.42305908,0.42305908
0.4651534,0.4651534
0.52677256,0.52677256
0.5012886,0.5012886
0.4960349,0.4960349
0.46221468,0.46221468
0.46330154,0.46330154
0.5002775,0.5002775
0.50981504,0.50981504
0.49753365,0.49753365
0.51436937,0.51436937
0.545271,0.545271
0.5193385,0.5193385
0.52794707,0.52794707
0.5195394,0.5195394
0.49552357,0.49552357
0.48767796,0.48767796
0.46193317,0.46193317
0.47821292,0.47821292
0.4189905,0.4189905
0.41280448,0.41280448
0.40629378,0.40629378
0.4239245,0.4239245
0.44039193,0.44039193
0.47369155,0.47369155
0.45769155,0.45769155
0.5286638,0.5286638
0.5259002,0.5259002
0.5424983,0.5424983
0.48871988,0.48871988
0.417772,0.417772
0.46407676,0.46407676
0.51758844,0.51758844
0.48350382,0.48350382
0.44482517,0.44482517
0.47707555,0.47707555
0.4518757,0.4518757
0.47343802,0.47343802
0.53374946,0.53374946
0.4302353,0.4302353
0.3971405,0.3971405
0.49021778,0.49021778
0.46523753,0.46523753
0.4530844,0.4530844
0.46094176,0.46094176
0.5576778,0.5576778
0.4929208,0.4929208
0.43397668,0.43397668
0.52176887,0.52176887
0.5150431,0.5150431
0.5229767,0.5229767
0.43695432,0.43695432
0.504715,0.504715
0.5204801,0.5204801
0.50412524,0.50412524
0.44973633,0.44973633
0.47909257,0.47909257
0.3931032,0.3931032
0.46616924,0.46616924
0.47071275,0.47071275
0.47757545,0.47757545
0.49074805,0.49074805
0.49877548,0.49877548
0.41588163,0.41588163
0.36575234,0.36575234
0.41394848,0.41394848
0.40747094,0.40747094
0.53351825,0.53351825
0.5129296,0.5129296
0.57017606,0.57017606
0.46566215,0.46566215
0.4832073,0.4832073
0.3933147,0.3933147
0.3663934,0.3663934
0.50546074,0.50546074
0.49900284,0.49900284
0.4649716,0.4649716
0.52494967,0.52494967
0.59595865,0.59595865
0.4898397,0.4898397
0.48469955,0.48469955
0.4909455,0.4909455
0.43908414,0.43908414
0.42845532,0.42845532
0.4366316,0.4366316
0.45345727,0.45345727
0.49281767,0.49281767
0.5009709,0.5009709
0.4298565,0.4298565
0.50070345,0.50070345
0.48388255,0.48388255
0.5500579,0.5500579
0.46448192,0.46448192
0.49293992,0.49293992
0.5193135,0.5193135
0.4936917,0.4936917
0.49869525,0.49869525
0.5205101,0.5205101
0.5148477,0.5148477
0.49670178,0.49670178
0.43473056,0.43473056
0.4028829,0.4028829
0.48590904,0.48590904
0.43512577,0.43512577
0.43410614,0.43410614
0.4984742,0.4984742
0.4296687,0.4296687
0.3621527,0.3621527
0.36303028,0.36303028
0.5183105,0.5183105
0.531854,0.531854
0.46143025,0.46143025
0.46795842,0.46795842
0.43633962,0.43633962
0.49975482,0.49975482
0.5042419,0.5042419
0.50405467,0.50405467
0.509187,0.509187
0.47813496,0.47813496
0.48319206,0.48319206
0.49830496,0.49830496
0.51618904,0.51618904
0.463289,0.463289
0.50551,0.50551
0.46356183,0.46356183
0.4634997,0.4634997
0.52102524,0.52102524
0.4930725,0.4930725
0.48293865,0.48293865
0.46612003,0.46612003
0.4265979,0.4265979
0.46050578,0.46050578
0.45285127,0.45285127
0.5001548,0.5001548
0.44901258,0.44901258
0.445102,0.445102
0.45612004,0.45612004
0.34268373,0.34268373
0.44212276,0.44212276
0.39403397,0.39403397
0.44163612,0.44163612
0.43051517,0.43051517
0.41050375,0.41050375
0.43692055,0.43692055
0.4520758,0.4520758
0.44257623,0.44257623
0.41301033,0.41301033
0.4653939,0.4653939
0.44103423,0.44103423
0.42507467,0.42507467
0.3947556,0.3947556
0.41651925,0.41651925
0.44405708,0.44405708
0.5185615,0.5185615
0.43292606,0.43292606
0.43684816,0.43684816
0.51350594,0.51350594
0.55336857,0.55336857
0.45647886,0.45647886
0.44786498,0.44786498
0.5048057,0.5048057
0.45288324,0.45288324
0.46832988,0.46832988
0.5343391,0.5343391
0.49335712,0.49335712
0.5077783,0.5077783
0.52296656,0.52296656
0.4944007,0.4944007
0.47183073,0.47183073
0.4745737,0.4745737
0.45679733,0.45679733
0.521996,0.521996
0.4852541,0.4852541
0.49530524,0.49530524
0.45615733,0.45615733
0.43236682,0.43236682
0.4744998,0.4744998
0.51077217,0.51077217
0.4612935,0.4612935
0.4882462,0.4882462
0.46740484,0.46740484
0.5116393,0.5116393
0.5462445,0.5462445
0.38885215,0.38885215
0.41407135,0.41407135
0.47866374,0.47866374
0.41473705,0.41473705
0.3308544,0.3308544
0.50366235,0.50366235
0.47120965,0.47120965
0.44550174,0.44550174
0.46477616,0.46477616
0.5040588,0.5040588
0.5099272,0.5099272
0.46167433,0.46167433
0.52051616,0.52051616
0.52104354,0.52104354
0.5258366,0.5258366
0.51071995,0.51071995
0.5385027,0.5385027
0.46245223,0.46245223
0.47728896,0.47728896
0.49326935,0.49326935
0.4781099,0.4781099
0.45014706,0.45014706
0.45252654,0.45252654
0.5294909,0.5294909
0.5425371,0.5425371
0.57458836,0.57458836
0.41240135,0.41240135
0.516508,0.516508
0.5379895,0.5379895
0.49367455,0.49367455
0.51572317,0.51572317
0.5111235,0.5111235
0.46300742,0.46300742
0.49005306,0.49005306
0.4575311,0.4575311
0.50228703,0.50228703
0.4263948,0.4263948
0.40581116,0.40581116
0.4996828,0.4996828
0.45770308,0.45770308
0.4607825,0.4607825
0.393488,0.393488
0.48309678,0.48309678
0.54454213,0.54454213
0.413108,0.413108
0.48089755,0.48089755
0.48689273,0.48689273
0.43517965,0.43517965
0.51337236,0.51337236
0.43493772,0.43493772
0.5363304,0.5363304
0.51127005,0.51127005
0.39370823,0.39370823
0.42114648,0.42114648
0.42438918,0.42438918
0.44468102,0.44468102
0.45268142,0.45268142
0.531316,0.531316
0.53003466,0.53003466
0.5097376,0.5097376
0.48856923,0.48856923
0.45952773,0.45952773
0.4408863,0.4408863
0.46643138,0.46643138
0.5036854,0.5036854
0.5178863,0.5178863
0.4559086,0.4559086
0.4925577,0.4925577
0.36087248,0.36087248
0.42314196,0.42314196
0.49617988,0.49617988
0.483589,0.483589
0.49707946,0.49707946
0.5000594,0.5000594
0.43024364,0.43024364
0.45213684,0.45213684
0.5034824,0.5034824
0.47809246,0.47809246
0.45319512,0.45319512
0.45675296,0.45675296
0.41408452,0.41408452
0.44353253,0.44353253
0.5000211,0.5000211
0.4257586,0.4257586
0.3497671,0.3497671
0.44456634,0.44456634
0.43069673,0.43069673
0.47887954,0.47887954
0.47052255,0.47052255
0.51951313,0.51951313
0.41167402,0.41167402
0.48443064,0.48443064
0.44484133,0.44484133
0.44213814,0.44213814
0.49959725,0.49959725
0.52678347,0.52678347
0.5121951,0.5121951
0.45504114,0.45504114
0.5952171,0.5952171
0.44463524,0.44463524
0.46211258,0.46211258
0.50069416,0.50069416
0.48258442,0.48258442
0.47882617,0.47882617
0.4633741,0.4633741
0.43502012,0.43502012
0.49318138,0.49318138
0.49148548,0.49148548
0.48062834,0.48062834
0.46580195,0.46580195
0.4782204,0.4782204
0.5135166,0.5135166
0.50704485,0.50704485
0.51223755,0.51223755
0.51213175,0.51213175
0.48688802,0.48688802
0.4758027,0.4758027
0.49857792,0.49857792
0.512969,0.512969
0.43306208,0.43306208
0.4947274,0.4947274
0.4895842,0.4895842
0.45718363,0.45718363
0.519557,0.519557
0.45646015,0.45646015
0.45978913,0.45978913
0.46407837,0.46407837
0.46809193,0.46809193
0.48145148,0.48145148
0.43215194,0.43215194
0.4227126,0.4227126
0.44758874,0.44758874
0.4262417,0.4262417
0.40650666,0.40650666
0.43876103,0.43876103
0.4719678,0.4719678
0.449943,0.449943
0.41281444,0.41281444
0.49142304,0.49142304
0.5279287,0.5279287
0.50193435,0.50193435
0.46739814,0.46739814
0.45486835,0.45486835
0.48910436,0.48910436
0.4819685,0.4819685
0.46328256,0.46328256
0.455292,0.455292
0.5185484,0.5185484
0.5345224,0.5345224
0.49787867,0.49787867
0.5105138,0.5105138
0.49144006,0.49144006
0.5128569,0.5128569
0.53208166,0.53208166
0.5403156,0.5403156
0.51602775,0.51602775
0.49006927,0.49006927
0.42449093,0.42449093
0.47240144,0.47240144
0.4680892,0.4680892
0.5177497,0.5177497
0.43817714,0.43817714
0.3540161,0.3540161
0.41256487,0.41256487
0.48215547,0.48215547
0.38423574,0.38423574
0.4312537,0.4312537
0.50189036,0.50189036
0.45442075,0.45442075
0.4599348,0.4599348
0.5140856,0.5140856
0.445313,0.445313
0.42779908,0.42779908
0.40019068,0.40019068
0.44770423,0.44770423
0.3460958,0.3460958
0.50069505,0.50069505
0.4734355,0.4734355
0.40195227,0.40195227
0.45587525,0.45587525
0.4945013,0.4945013
0.54891914,0.54891914
0.48579133,0.48579133
0.5054178,0.5054178
0.5354052,0.5354052
0.523873,0.523873
0.536104,0.536104
0.49385884,0.49385884
0.48710397,0.48710397
0.465194,0.465194
0.42733076,0.42733076
0.383868,0.383868
0.39804822,0.39804822
0.5044746,0.5044746
0.46218884,0.46218884
0.4990123,0.4990123
0.49147335,0.49147335
0.46682578,0.46682578
0.43628776,0.43628776
0.40670437,0.40670437
0.48689404,0.48689404
0.5279803,0.5279803
0.4855273,0.4855273
0.48777515,0.48777515
0.4888321,0.4888321
0.54711586,0.54711586
0.5459061,0.5459061
0.48122692,0.48122692
0.47347417,0.47347417
0.41330254,0.41330254
0.39842573,0.39842573
0.46439147,0.46439147
0.4226446,0.4226446
0.4829808,0.4829808
0.37445793,0.37445793
0.44873253,0.44873253
0.47790128,0.47790128
0.49154758,0.49154758
0.44640297,0.44640297
0.4736688,0.4736688
0.4695975,0.4695975
0.45505172,0.45505172
0.48178694,0.48178694
0.5126499,0.5126499
0.5188728,0.5188728
0.5053359,0.5053359
0.5295762,0.5295762
0.48292968,0.48292968
0.5164069,0.5164069
0.45291469,0.45291469
0.44127718,0.44127718
0.42747405,0.42747405
0.6002574,0.6002574
0.42102206,0.42102206
0.38237232,0.38237232
0.42724466,0.42724466
0.47348818,0.47348818
0.38003132,0.38003132
0.40995726,0.40995726
0.4581911,0.4581911
0.43215713,0.43215713
0.42666596,0.42666596
0.48868445,0.48868445
0.4539962,0.4539962
0.42382526,0.42382526
0.5253576,0.5253576
0.530141,0.530141
0.5073893,0.5073893
0.45940554,0.45940554
0.37893048,0.37893048
0.40088147,0.40088147
0.4849845,0.4849845
0.44072583,0.44072583
0.4624523,0.4624523
0.37783855,0.37783855
0.4109941,0.4109941
0.3938022,0.3938022
0.41652316,0.41652316
0.37611437,0.37611437
0.42413777,0.42413777
0.39370105,0.39370105
0.4212965,0.4212965
0.382546,0.382546
0.38089073,0.38089073
0.3964757,0.3964757
0.38709727,0.38709727
0.48532125,0.48532125
0.5350054,0.5350054
0.5297977,0.5297977
0.47539547,0.47539547
0.46921432,0.46921432
0.5066567,0.5066567
0.5055334,0.5055334
0.50252146,0.50252146
0.5181161,0.5181161
0.49156007,0.49156007
0.5478998,0.5478998
0.4996739,0.4996739
0.46096197,0.46096197
0.4941325,0.4941325
0.66660404,0.66660404
0.53883445,0.53883445
0.4589451,0.4589451
0.49656788,0.49656788
0.5122823,0.5122823
0.4826974,0.4826974
0.5158931,0.5158931
0.4753583,0.4753583
0.5249707,0.5249707
0.49868208,0.49868208
0.5474405,0.5474405
0.4232975,0.4232975
0.37185702,0.37185702
0.37658015,0.37658015
0.4759334,0.4759334
0.49600947,0.49600947
0.44430193,0.44430193
0.47187585,0.47187585
0.42835465,0.42835465
0.41988418,0.41988418
0.4266973,0.4266973
0.48478407,0.48478407
0.5364937,0.5364937
0.4727159,0.4727159
0.4848617,0.4848617
0.41236103,0.41236103
0.4353136,0.4353136
0.40843824,0.40843824
0.4406341,0.4406341
0.41532087,0.41532087
0.4369026,0.4369026
0.4440271,0.4440271
0.45839712,0.45839712
0.41372538,0.41372538
0.48390055,0.48390055
0.45329025,0.45329025
0.42605966,0.42605966
0.43785077,0.43785077
0.4884452,0.4884452
0.4933778,0.4933778
0.44994396,0.44994396
0.44978532,0.44978532
0.42587176,0.42587176
0.41884398,0.41884398
0.5354325,0.5354325
0.44021282,0.44021282
0.462918,0.462918
0.44362694,0.44362694
0.38116342,0.38116342
0.4518355,0.4518355
0.39282462,0.39282462
0.39229736,0.39229736
0.43452543,0.43452543
0.41831747,0.41831747
0.41718602,0.41718602
0.4413863,0.4413863
0.40140754,0.40140754
0.37557462,0.37557462
0.45884606,0.45884606
0.41988447,0.41988447
0.38464502,0.38464502
0.38464502,0.38464502
0.3842886,0.3842886
0.4305861,0.4305861
0.47325397,0.47325397
0.46657276,0.46657276
0.4650265,0.4650265
0.50571966,0.50571966
0.51434433,0.51434433
0.5137622,0.5137622
0.50312465,0.50312465
0.54826355,0.54826355
0.4803363,0.4803363
0.3995551,0.3995551
0.40954134,0.40954134
0.42901117,0.42901117
0.45443803,0.45443803
0.39841735,0.39841735
0.41334283,0.41334283
0.40483823,0.40483823
0.38464502,0.38464502
0.38464502,0.38464502
0.38464502,0.38464502
0.38464502,0.38464502
0.38464502,0.38464502
0.38464502,0.38464502
0.38464502,0.38464502
0.38464502,0.38464502
0.38464502,0.38464502
0.38464502,0.38464502
0.38464502,0.38464502
0.38464502,0.38464502
0.38464502,0.38464502
0.38762334,0.38762334
0.4426435,0.4426435
0.49811265,0.49811265
0.50532347,0.50532347
0.48356405,0.48356405
0.45060623,0.45060623
0.41425467,0.41425467
0.42641264,0.42641264
0.4215233,0.4215233
0.40941435,0.40941435
0.41648728,0.41648728
0.38224432,0.38224432
0.46289113,0.46289113
0.44335252,0.44335252
0.49292168,0.49292168
0.4379096,0.4379096
0.39596048,0.39596048
0.4331945,0.4331945
0.3979848,0.3979848
0.5169694,0.5169694
0.35385886,0.35385886
0.39518446,0.39518446
0.37587476,0.37587476
0.48861346,0.48861346
0.5155537,0.5155537
0.43396938,0.43396938
0.34701937,0.34701937
0.41267926,0.41267926
0.47047666,0.47047666
0.43671048,0.43671048
0.48362902,0.48362902
0.6174622,0.6174622
0.44049466,0.44049466
0.43885913,0.43885913
0.5996849,0.5996849
0.45389852,0.45389852
0.48967296,0.48967296
0.42123333,0.42123333
0.344671,0.344671
0.45639524,0.45639524
0.4785842,0.4785842
0.50760615,0.50760615
0.46560487,0.46560487
0.5241435,0.5241435
0.4632546,0.4632546
0.46696806,0.46696806
0.40572584,0.40572584
0.4366764,0.4366764
0.44006082,0.44006082
0.46679872,0.46679872
0.51922125,0.51922125
0.52213085,0.52213085
0.5322236,0.5322236
0.5451765,0.5451765
0.5512147,0.5512147
0.52573,0.52573
0.49439308,0.49439308
0.37379724,0.37379724
0.456319,0.456319
0.4671,0.4671
0.49405703,0.49405703
0.5587318,0.5587318
0.44877723,0.44877723
0.399588,0.399588
0.45120403,0.45120403
0.49350622,0.49350622
0.45157778,0.45157778
0.42065313,0.42065313
0.4450481,0.4450481
0.4555288,0.4555288
0.45544168,0.45544168
0.40638644,0.40638644
0.4127514,0.4127514
0.50989664,0.50989664
0.42810756,0.42810756
0.4518167,0.4518167
0.4336718,0.4336718
0.42725155,0.42725155
0.49311188,0.49311188
0.53386635,0.53386635
0.5336072,0.5336072
0.51902354,0.51902354
0.51503754,0.51503754
0.5533771,0.5533771
0.44754973,0.44754973
0.4332526,0.4332526
0.47285402,0.47285402
0.4497067,0.4497067
0.45287034,0.45287034
0.47223985,0.47223985
0.47001645,0.47001645
0.5032645,0.5032645
0.36581743,0.36581743
0.3900114,0.3900114
0.29425684,0.29425684
0.57985574,0.57985574
0.3966162,0.3966162
0.508932,0.508932
0.50340664,0.50340664
0.5425626,0.5425626
0.3954594,0.3954594
0.38617972,0.38617972
0.48605543,0.48605543
0.5024728,0.5024728
0.46614817,0.46614817
0.47497642,0.47497642
0.5373656,0.5373656
0.4936043,0.4936043
0.40140492,0.40140492
0.45108882,0.45108882
0.53679097,0.53679097
0.43963876,0.43963876
0.43319657,0.43319657
0.46069872,0.46069872
0.5102573,0.5102573
0.3785311,0.3785311
0.4960559,0.4960559
0.5251358,0.5251358
0.48500288,0.48500288
0.4710217,0.4710217
0.47594175,0.47594175
0.5069512,0.5069512
0.48179373,0.48179373
0.52509475,0.52509475
0.48204076,0.48204076
0.4247545,0.4247545
0.41914907,0.41914907
0.6190685,0.6190685
0.44062838,0.44062838
0.47768524,0.47768524
0.44317317,0.44317317
0.44267413,0.44267413
0.42745626,0.42745626
0.45087856,0.45087856
0.4445379,0.4445379
0.52544904,0.52544904
0.49127087,0.49127087
0.47637495,0.47637495
0.5910716,0.5910716
0.5054802,0.5054802
0.43131933,0.43131933
0.38761288,0.38761288
0.3988169,0.3988169
0.50549227,0.50549227
0.45852533,0.45852533
0.54465187,0.54465187
0.45740515,0.45740515
0.40817642,0.40817642
0.40442744,0.40442744
0.39756095,0.39756095
0.48452172,0.48452172
0.5273397,0.5273397
0.50954014,0.50954014
0.46828607,0.46828607
0.46531218,0.46531218
0.414464,0.414464
0.41323075,0.41323075
0.34029895,0.34029895
0.31741494,0.31741494
0.40653786,0.40653786
0.59289885,0.59289885
0.41102645,0.41102645
0.4513239,0.4513239
0.41587126,0.41587126
0.37057498,0.37057498
0.3283598,0.3283598
0.4118397,0.4118397
0.40105864,0.40105864
0.38234708,0.38234708
0.45381454,0.45381454
0.35399166,0.35399166
0.4535128,0.4535128
0.46984243,0.46984243
0.469642,0.469642
0.5104727,0.5104727
0.5214682,0.5214682
0.5146909,0.5146909
0.40596393,0.40596393
0.41320205,0.41320205
0.4392317,0.4392317
0.40908593,0.40908593
0.46283194,0.46283194
0.510863,0.510863
0.37562034,0.37562034
0.34365103,0.34365103
0.46290448,0.46290448
0.33511356,0.33511356
0.4312963,0.4312963
0.5419037,0.5419037
0.4589822,0.4589822
0.40734893,0.40734893
0.4077042,0.4077042
0.39422947,0.39422947
0.3737201,0.3737201
0.55264527,0.55264527
0.44083107,0.44083107
0.39833948,0.39833948
0.37313882,0.37313882
0.44642478,0.44642478
0.47783327,0.47783327
0.3536922,0.3536922
0.47080263,0.47080263
0.4898884,0.4898884
0.47721913,0.47721913
0.4650057,0.4650057
0.5209702,0.5209702
0.50575507,0.50575507
0.52009934,0.52009934
0.4556186,0.4556186
0.465633,0.465633
0.47755417,0.47755417
0.3913512,0.3913512
0.38260883,0.38260883
0.42328906,0.42328906
0.44088626,0.44088626
0.47129115,0.47129115
0.48048517,0.48048517
0.48964497,0.48964497
0.44578183,0.44578183
0.42289212,0.42289212
0.37983543,0.37983543
0.5153326,0.5153326
0.47141737,0.47141737
0.45545343,0.45545343
0.49791247,0.49791247
0.5411257,0.5411257
0.5026297,0.5026297
0.3627116,0.3627116
0.4446068,0.4446068
0.40592045,0.40592045
0.357155,0.357155
0.44715706,0.44715706
0.4324457,0.4324457
0.3988444,0.3988444
0.41408828,0.41408828
0.52146506,0.52146506
0.5125379,0.5125379
0.5015871,0.5015871
0.49232802,0.49232802
0.5162102,0.5162102
0.5177241,0.5177241
0.46077985,0.46077985
0.48161376,0.48161376
0.47085315,0.47085315
0.5590094,0.5590094
0.4612673,0.4612673
0.46682596,0.46682596
0.4396935,0.4396935
0.44852576,0.44852576
0.41981256,0.41981256
0.48050162,0.48050162
0.41839242,0.41839242
0.43047476,0.43047476
0.45392862,0.45392862
0.45946038,0.45946038
0.46909168,0.46909168
0.43387073,0.43387073
0.4187157,0.4187157
0.4238912,0.4238912
0.531403,0.531403
0.49713418,0.49713418
0.49120322,0.49120322
0.42598924,0.42598924
0.40881777,0.40881777
0.43918365,0.43918365
0.44559065,0.44559065
0.44668058,0.44668058
0.42939368,0.42939368
0.49405688,0.49405688
0.39263013,0.39263013
0.44131383,0.44131383
0.4360229,0.4360229
0.47313753,0.47313753
0.46357062,0.46357062
0.5247671,0.5247671
0.4869239,0.4869239
0.53540266,0.53540266
0.46994886,0.46994886
0.47218037,0.47218037
0.49049088,0.49049088
0.49389687,0.49389687
0.46160668,0.46160668
0.44686478,0.44686478
0.4522854,0.4522854
0.34180441,0.34180441
0.34750745,0.34750745
0.424783,0.424783
0.4288755,0.4288755
0.45068735,0.45068735
0.49086806,0.49086806
0.48792258,0.48792258
0.47069123,0.47069123
0.4689735,0.4689735
0.44729257,0.44729257
0.43100324,0.43100324
0.43034622,0.43034622
0.33150858,0.33150858
0.44725865,0.44725865
0.41827866,0.41827866
0.45958123,0.45958123
0.40425152,0.40425152
0.48572594,0.48572594
0.46015966,0.46015966
0.41163018,0.41163018
0.50207573,0.50207573
0.48246604,0.48246604
0.44603485,0.44603485
0.47020543,0.47020543
0.47907284,0.47907284
0.4654053,0.4654053
0.45474392,0.45474392
0.51106536,0.51106536
0.4476202,0.4476202
0.41631895,0.41631895
0.46407723,0.46407723
0.4335065,0.4335065
0.42445368,0.42445368
0.664223,0.664223
0.4993904,0.4993904
0.44593552,0.44593552
0.47969708,0.47969708
0.4540819,0.4540819
0.38903263,0.38903263
0.47434962,0.47434962
0.46561685,0.46561685
0.55876184,0.55876184
0.47192743,0.47192743
0.41963792,0.41963792
0.5166399,0.5166399
0.5319347,0.5319347
0.52432156,0.52432156
0.48732302,0.48732302
0.45927152,0.45927152
0.5086639,0.5086639
0.6024037,0.6024037
0.4431012,0.4431012
0.39284864,0.39284864
0.42764366,0.42764366
0.44286144,0.44286144
0.48678592,0.48678592
0.46555877,0.46555877
0.45187688,0.45187688
0.5150451,0.5150451
0.43032742,0.43032742
0.4216487,0.4216487
0.378529,0.378529
0.39716995,0.39716995
0.41580048,0.41580048
0.47117084,0.47117084
0.50208545,0.50208545
0.48076764,0.48076764
0.5356346,0.5356346
0.51119286,0.51119286
0.46831897,0.46831897
0.45376086,0.45376086
0.45121002,0.45121002
0.39613992,0.39613992
0.38273013,0.38273013
0.50627434,0.50627434
0.48756954,0.48756954
0.45635527,0.45635527
0.4908934,0.4908934
0.4025847,0.4025847
0.38462433,0.38462433
0.49378514,0.49378514
0.47679675,0.47679675
0.42155844,0.42155844
0.51207745,0.51207745
0.5168314,0.5168314
0.4545392,0.4545392
0.46307054,0.46307054
0.420759,0.420759
0.49042484,0.49042484
0.5066293,0.5066293
0.46401164,0.46401164
0.4952558,0.4952558
0.47909,0.47909
0.46737173,0.46737173
0.42484388,0.42484388
0.4960196,0.4960196
0.4762978,0.4762978
0.46110016,0.46110016
0.44881034,0.44881034
0.4837264,0.4837264
0.49685395,0.49685395
0.49859086,0.49859086
0.5008211,0.5008211
0.4864445,0.4864445
0.47301328,0.47301328
0.4792483,0.4792483
0.5296322,0.5296322
0.46364284,0.46364284
0.4984812,0.4984812
0.47099575,0.47099575
0.48836198,0.48836198
0.5243473,0.5243473
0.44403747,0.44403747
0.45496315,0.45496315
0.4161989,0.4161989
0.39926583,0.39926583
0.49262154,0.49262154
0.430149,0.430149
0.38059032,0.38059032
0.4902618,0.4902618
0.52239406,0.52239406
0.44545937,0.44545937
0.51835656,0.51835656
0.55489075,0.55489075
0.5498797,0.5498797
0.54169416,0.54169416
0.44937092,0.44937092
0.47947094,0.47947094
0.4746725,0.4746725
0.7296958,0.7296958
0.468464,0.468464
0.551424,0.551424
0.4534785,0.4534785
0.3648412,0.3648412
0.43275508,0.43275508
0.483605,0.483605
0.40440133,0.40440133
0.4278976,0.4278976
0.44761896,0.44761896
0.43138447,0.43138447
0.47984454,0.47984454
0.46941993,0.46941993
0.49291867,0.49291867
0.4158527,0.4158527
0.52102983,0.52102983
0.52999306,0.52999306
0.5271213,0.5271213
0.5052208,0.5052208
0.48013562,0.48013562
0.44104752,0.44104752
0.42735878,0.42735878
0.3904691,0.3904691
0.3441296,0.3441296
0.36345232,0.36345232
0.46503773,0.46503773
0.48458615,0.48458615
0.48719847,0.48719847
0.44423783,0.44423783
0.45093122,0.45093122
0.5059878,0.5059878
0.4404383,0.4404383
0.44615898,0.44615898
0.49272665,0.49272665
0.5289624,0.5289624
0.5046535,0.5046535
0.50691974,0.50691974
0.41672373,0.41672373
0.4042179,0.4042179
0.43999165,0.43999165
0.4838599,0.4838599
0.39469364,0.39469364
0.5067436,0.5067436
0.5654607,0.5654607
0.48829797,0.48829797
0.49256974,0.49256974
0.54008204,0.54008204
0.48808655,0.48808655
0.4485305,0.4485305
0.4014506,0.4014506
0.41580385,0.41580385
0.46631777,0.46631777
0.41881013,0.41881013
0.44142264,0.44142264
0.40416855,0.40416855
0.4913165,0.4913165
0.5071151,0.5071151
0.44461456,0.44461456
0.49335268,0.49335268
0.41546148,0.41546148
0.41142678,0.41142678
0.3754979,0.3754979
0.37147856,0.37147856
0.4291868,0.4291868
0.4401532,0.4401532
0.47689795,0.47689795
0.4700753,0.4700753
0.44927904,0.44927904
0.50209635,0.50209635
0.499218,0.499218
0.54837435,0.54837435
0.43855786,0.43855786
0.45552567,0.45552567
0.43396285,0.43396285
0.47625592,0.47625592
0.43871534,0.43871534
0.4162277,0.4162277
0.414017,0.414017
0.37743595,0.37743595
0.5095986,0.5095986
0.51666945,0.51666945
0.49929103,0.49929103
0.51645935,0.51645935
0.5114317,0.5114317
0.51555806,0.51555806
0.42871574,0.42871574
0.36552373,0.36552373
0.43800956,0.43800956
0.4368057,0.4368057
0.41318235,0.41318235
0.39486247,0.39486247
0.43791106,0.43791106
0.4336503,0.4336503
0.47907814,0.47907814
0.46454343,0.46454343
0.5022831,0.5022831
0.41017827,0.41017827
0.33337522,0.33337522
0.46711564,0.46711564
0.45839596,0.45839596
0.48735982,0.48735982
0.50243956,0.50243956
0.492134,0.492134
0.502504,0.502504
0.4987801,0.4987801
0.4952424,0.4952424
0.50109583,0.50109583
0.54195464,0.54195464
0.4669237,0.4669237
0.45825103,0.45825103
0.43590826,0.43590826
0.5131888,0.5131888
0.5092216,0.5092216
0.54235655,0.54235655
0.50768816,0.50768816
0.37650746,0.37650746
0.4671034,0.4671034
0.48501068,0.48501068
0.4199581,0.4199581
0.44507,0.44507
0.4575562,0.4575562
0.42262962,0.42262962
0.3750665,0.3750665
0.5061887,0.5061887
0.4970662,0.4970662
0.4778783,0.4778783
0.53611124,0.53611124
0.50358164,0.50358164
0.5617964,0.5617964
0.5211246,0.5211246
0.53284603,0.53284603
0.50818515,0.50818515
0.44764245,0.44764245
0.4890825,0.4890825
0.5427807,0.5427807
0.47524932,0.47524932
0.53303117,0.53303117
0.44759995,0.44759995
0.45914024,0.45914024
0.49027744,0.49027744
0.57731885,0.57731885
0.53628427,0.53628427
0.4290424,0.4290424
0.43005922,0.43005922
0.4168943,0.4168943
0.5226383,0.5226383
0.4797844,0.4797844
0.47899103,0.47899103
0.4826949,0.4826949
0.54651386,0.54651386
0.5392257,0.5392257
0.46619746,0.46619746
0.51477075,0.51477075
0.4775321,0.4775321
0.41572008,0.41572008
0.44300205,0.44300205
0.4575031,0.4575031
0.4100062,0.4100062
0.4581332,0.4581332
0.48768666,0.48768666
0.4052479,0.4052479
0.46660456,0.46660456
0.4439297,0.4439297
0.4771288,0.4771288
0.5018727,0.5018727
0.46691582,0.46691582
0.5096807,0.5096807
0.51243687,0.51243687
0.47361985,0.47361985
0.52645427,0.52645427
0.48317918,0.48317918
0.47415313,0.47415313
0.47432992,0.47432992
0.43020043,0.43020043
0.3961006,0.3961006
0.3589252,0.3589252
0.37059096,0.37059096
0.37035176,0.37035176
0.48672578,0.48672578
0.5094594,0.5094594
0.5069908,0.5069908
0.5208741,0.5208741
0.5097326,0.5097326
0.48578292,0.48578292
0.48558155,0.48558155
0.4896055,0.4896055
0.48565942,0.48565942
0.50467485,0.50467485
0.4820549,0.4820549
0.42477927,0.42477927
0.46124527,0.46124527
0.50967854,0.50967854
0.42229608,0.42229608
0.4472252,0.4472252
0.39453998,0.39453998
0.3852835,0.3852835
0.4485325,0.4485325
0.53595686,0.53595686
0.5118368,0.5118368
0.5116772,0.5116772
0.44705924,0.44705924
0.44635645,0.44635645
0.44178015,0.44178015
0.4582031,0.4582031
0.38470528,0.38470528
0.43518686,0.43518686
0.49372238,0.49372238
0.54220426,0.54220426
0.49470413,0.49470413
0.44775409,0.44775409
0.38919204,0.38919204
0.42464906,0.42464906
0.4377766,0.4377766
0.44260985,0.44260985
0.4736293,0.4736293
0.50817245,0.50817245
0.4378582,0.4378582
0.46528903,0.46528903
0.4971244,0.4971244
0.5461337,0.5461337
0.5438917,0.5438917
0.5109111,0.5109111
0.51750606,0.51750606
0.45279044,0.45279044
0.48205304,0.48205304
0.47646868,0.47646868
0.6302962,0.6302962
0.5340565,0.5340565
0.5303875,0.5303875
0.44838852,0.44838852
0.4320147,0.4320147
0.41408497,0.41408497
0.46354252,0.46354252
0.42651007,0.42651007
0.42773327,0.42773327
0.4636227,0.4636227
0.46915925,0.46915925
0.38246867,0.38246867
0.41828623,0.41828623
0.43775713,0.43775713
0.4653195,0.4653195
0.48914495,0.48914495
0.6594714,0.6594714
0.42654914,0.42654914
0.53362,0.53362
0.53539926,0.53539926
0.4972786,0.4972786
0.5158494,0.5158494
0.49609756,0.49609756
0.5140586,0.5140586
0.47248164,0.47248164
0.50269467,0.50269467
0.4741361,0.4741361
0.42948374,0.42948374
0.4427627,0.4427627
0.48346412,0.48346412
0.40585056,0.40585056
0.4674057,0.4674057
0.48282683,0.48282683
0.47953027,0.47953027
0.4294419,0.4294419
0.47067553,0.47067553
0.39693016,0.39693016
0.38979003,0.38979003
0.4530819,0.4530819
0.44540295,0.44540295
0.44802755,0.44802755
0.44301465,0.44301465
0.46670192,0.46670192
0.47667032,0.47667032
0.47030765,0.47030765
0.43441543,0.43441543
0.4700935,0.4700935
0.4773491,0.4773491
0.48406735,0.48406735
0.46584496,0.46584496
0.50784636,0.50784636
0.38849777,0.38849777
0.44300622,0.44300622
0.48273245,0.48273245
0.5008767,0.5008767
0.4770297,0.4770297
0.46369785,0.46369785
0.4319779,0.4319779
0.46389657,0.46389657
0.4362204,0.4362204
0.5032398,0.5032398
0.49328324,0.49328324
0.5186758,0.5186758
0.46073297,0.46073297
0.5122625,0.5122625
0.50107235,0.50107235
0.5375981,0.5375981
0.49454987,0.49454987
0.5407884,0.5407884
0.48199847,0.48199847
0.4890649,0.4890649
0.39929536,0.39929536
0.46324182,0.46324182
0.48903564,0.48903564
0.508541,0.508541
0.43330526,0.43330526
0.47928387,0.47928387
0.4699293,0.4699293
0.48899826,0.48899826
0.4967351,0.4967351
0.467424,0.467424
0.48651108,0.48651108
0.4929594,0.4929594
0.49738175,0.49738175
0.4665116,0.4665116
0.44078338,0.44078338
0.4942221,0.4942221
0.44661894,0.44661894
0.5026968,0.5026968
0.49543962,0.49543962
0.4376123,0.4376123
0.34462717,0.34462717
0.4827138,0.4827138
0.507014,0.507014
0.468598,0.468598
0.4472167,0.4472167
0.44593635,0.44593635
0.4431733,0.4431733
0.5990764,0.5990764
0.5012365,0.5012365
0.5390997,0.5390997
0.563381,0.563381
0.43390328,0.43390328
0.37290484,0.37290484
0.40650436,0.40650436
0.37735555,0.37735555
0.41430256,0.41430256
0.35915837,0.35915837
0.3702662,0.3702662
0.38464502,0.38464502
0.38464502,0.38464502
0.38464502,0.38464502
0.38464502,0.38464502
0.38464502,0.38464502
0.38464502,0.38464502
0.38464502,0.38464502
0.38464502,0.38464502
0.38464502,0.38464502
0.38464502,0.38464502
0.38464502,0.38464502
0.38464502,0.38464502
0.38464502,0.38464502
0.38464502,0.38464502
0.38920808,0.38920808
0.44795138,0.44795138
0.46684453,0.46684453
0.4609476,0.4609476
0.50492156,0.50492156
0.48770726,0.48770726
0.4307246,0.4307246
0.44696972,0.44696972
0.44963092,0.44963092
0.4028785,0.4028785
0.5163814,0.5163814
0.38586533,0.38586533
0.4995354,0.4995354
0.48781386,0.48781386
0.47286874,0.47286874
0.45902303,0.45902303
0.3900253,0.3900253
0.5021539,0.5021539
0.45412657,0.45412657
0.3624364,0.3624364
0.5395506,0.5395506
0.43688956,0.43688956
0.49545258,0.49545258
0.5168407,0.5168407
0.50164926,0.50164926
0.5008385,0.5008385
0.4930697,0.4930697
0.49673957,0.49673957
0.42458567,0.42458567
0.4635081,0.4635081
0.41644114,0.41644114
0.4525825,0.4525825
0.5085181,0.5085181
0.5128917,0.5128917
0.4927748,0.4927748
0.52093434,0.52093434
0.45839053,0.45839053
0.46373108,0.46373108
0.5092647,0.5092647
0.4538206,0.4538206
0.47570664,0.47570664
0.53057927,0.53057927
0.5039367,0.5039367
0.415336,0.415336
0.4815986,0.4815986
0.4967537,0.4967537
0.462805,0.462805
0.48548838,0.48548838
0.44752848,0.44752848
0.4301055,0.4301055
0.43272638,0.43272638
0.49800724,0.49800724
0.5628547,0.5628547
0.4716621,0.4716621
0.4652021,0.4652021
0.4450535,0.4450535
0.48595744,0.48595744
0.5185043,0.5185043
0.4780769,0.4780769
0.5319925,0.5319925
0.413053,0.413053
0.53270304,0.53270304
0.51869965,0.51869965
0.4656005,0.4656005
0.43335956,0.43335956
0.46083462,0.46083462
0.46705392,0.46705392
0.4852805,0.4852805
0.4836819,0.4836819
0.502989,0.502989
0.47310308,0.47310308
0.4481595,0.4481595
0.44370812,0.44370812
0.42621812,0.42621812
0.44674492,0.44674492
0.5087743,0.5087743
0.4577463,0.4577463
0.37969664,0.37969664
0.42895415,0.42895415
0.4162203,0.4162203
0.4105541,0.4105541
0.39387697,0.39387697
0.4243997,0.4243997
0.43589422,0.43589422
0.406521,0.406521
0.41847885,0.41847885
0.40844235,0.40844235
0.44666094,0.44666094
0.5055863,0.5055863
0.44861132,0.44861132
0.4708846,0.4708846
0.46068785,0.46068785
0.4745706,0.4745706
0.45102435,0.45102435
0.46446458,0.46446458
0.43980253,0.43980253
0.45001593,0.45001593
0.4386148,0.4386148
0.4337056,0.4337056
0.43265688,0.43265688
0.34370947,0.34370947
0.42049816,0.42049816
0.39703235,0.39703235
0.35552323,0.35552323
0.42536741,0.42536741
0.394679,0.394679
0.46522528,0.46522528
0.51371783,0.51371783
0.42420837,0.42420837
0.47608256,0.47608256
0.47395042,0.47395042
0.4409145,0.4409145
0.474163,0.474163
0.4474855,0.4474855
0.40660205,0.40660205
0.43450016,0.43450016
0.45172578,0.45172578
0.42948496,0.42948496
0.4486278,0.4486278
0.517151,0.517151
0.4813264,0.4813264
0.4994006,0.4994006
0.55969614,0.55969614
0.49323094,0.49323094
0.5361559,0.5361559
0.5235609,0.5235609
0.49884352,0.49884352
0.5763564,0.5763564
0.487812,0.487812
0.42901647,0.42901647
0.43076646,0.43076646
0.47793284,0.47793284
0.5041259,0.5041259
0.47716838,0.47716838
0.5169839,0.5169839
0.3968963,0.3968963
0.45073968,0.45073968
0.5052027,0.5052027
0.49785754,0.49785754
0.4987925,0.4987925
0.45745787,0.45745787
0.42341778,0.42341778
0.4504598,0.4504598
0.47348928,0.47348928
0.45804173,0.45804173
0.44055563,0.44055563
0.42042956,0.42042956
0.46924707,0.46924707
0.51323086,0.51323086
0.4820421,0.4820421
0.49996382,0.49996382
0.50105083,0.50105083
0.5223225,0.5223225
0.46361303,0.46361303
0.40949306,0.40949306
0.43999156,0.43999156
0.44245476,0.44245476
0.48172566,0.48172566
0.49993023,0.49993023
0.5087599,0.5087599
0.45568082,0.45568082
0.44845837,0.44845837
0.44811407,0.44811407
0.45099702,0.45099702
0.47041765,0.47041765
0.47753358,0.47753358
0.47865582,0.47865582
0.49201724,0.49201724
0.4320194,0.4320194
0.45060328,0.45060328
0.4188024,0.4188024
0.4931345,0.4931345
0.51304495,0.51304495
0.490867,0.490867
0.4505463,0.4505463
0.5118896,0.5118896
0.5331431,0.5331431
0.5365704,0.5365704
0.5401408,0.5401408
0.4250664,0.4250664
0.44523865,0.44523865
0.48222372,0.48222372
0.42875832,0.42875832
0.5154404,0.5154404
0.51784295,0.51784295
0.5090712,0.5090712
0.34563148,0.34563148
0.4048114,0.4048114
0.4389881,0.4389881
0.38464502,0.38464502
0.38464502,0.38464502
0.38464502,0.38464502
0.38464502,0.38464502
0.38464502,0.38464502
0.38464502,0.38464502
0.38464502,0.38464502
0.38464502,0.38464502
0.38464502,0.38464502
0.38464502,0.38464502
0.38464502,0.38464502
0.38464502,0.38464502
0.38464502,0.38464502
0.38464502,0.38464502
0.38464502,0.38464502
0.4173049,0.4173049
0.42904446,0.42904446
0.4563173,0.4563173
0.41471538,0.41471538
0.4306421,0.4306421
0.5058053,0.5058053
0.4676801,0.4676801
0.41907787,0.41907787
0.47284892,0.47284892
0.48905247,0.48905247
0.4659205,0.4659205
0.44056803,0.44056803
0.4909589,0.4909589
0.48829928,0.48829928
0.4118502,0.4118502
0.5306251,0.5306251
0.46987414,0.46987414
0.54375815,0.54375815
0.5001276,0.5001276
0.4728316,0.4728316
0.49035403,0.49035403
0.50080174,0.50080174
0.495796,0.495796
0.46736178,0.46736178
0.44528693,0.44528693
0.45718804,0.45718804
0.44469315,0.44469315
0.49239525,0.49239525
0.48615506,0.48615506
0.5073434,0.5073434
0.5304902,0.5304902
0.4937599,0.4937599
0.47155285,0.47155285
0.4368828,0.4368828
0.36939842,0.36939842
0.4924201,0.4924201
0.47813803,0.47813803
0.47482318,0.47482318
0.5126287,0.5126287
0.55524635,0.55524635
0.48165545,0.48165545
0.49148393,0.49148393
0.5211224,0.5211224
0.47149763,0.47149763
0.4744023,0.4744023
0.4941768,0.4941768
0.47140098,0.47140098
0.4504223,0.4504223
0.5098032,0.5098032
0.47369412,0.47369412
0.51225233,0.51225233
0.519566,0.519566
0.47194633,0.47194633
0.46306643,0.46306643
0.49289125,0.49289125
0.4533446,0.4533446
0.45273012,0.45273012
0.47973683,0.47973683
0.5109916,0.5109916
0.47053292,0.47053292
0.5089011,0.5089011
0.48450643,0.48450643
0.46196556,0.46196556
0.50778544,0.50778544
0.530107,0.530107
0.5250235,0.5250235
0.45804238,0.45804238
0.47867298,0.47867298
0.46750015,0.46750015
0.47400376,0.47400376
0.4607323,0.4607323
0.4516888,0.4516888
0.4619316,0.4619316
0.4979916,0.4979916
0.45379886,0.45379886
0.47507223,0.47507223
0.48365188,0.48365188
0.503079,0.503079
0.51975596,0.51975596
0.53213227,0.53213227
0.52348775,0.52348775
0.5354045,0.5354045
0.45317748,0.45317748
0.4301463,0.4301463
0.42558217,0.42558217
0.48100394,0.48100394
0.4137234,0.4137234
0.46902913,0.46902913
0.52554697,0.52554697
0.48363277,0.48363277
0.43714306,0.43714306
0.48685738,0.48685738
0.51994145,0.51994145
0.5145572,0.5145572
0.50426996,0.50426996
0.5054882,0.5054882
0.4874992,0.4874992
0.50986254,0.50986254
0.50298095,0.50298095
0.52083707,0.52083707
0.4924577,0.4924577
0.517585,0.517585
0.49655196,0.49655196
0.47091946,0.47091946
0.47853646,0.47853646
0.45991632,0.45991632
0.47953397,0.47953397
0.49993584,0.49993584
0.46071622,0.46071622
0.45277226,0.45277226
0.45654684,0.45654684
0.47015187,0.47015187
0.4940452,0.4940452
0.573695,0.573695
0.41055146,0.41055146
0.51079106,0.51079106
0.46162245,0.46162245
0.5321298,0.5321298
0.44402373,0.44402373
0.48493984,0.48493984
0.5130039,0.5130039
0.54247797,0.54247797
0.4892857,0.4892857
0.46790683,0.46790683
0.42664465,0.42664465
0.48975343,0.48975343
0.49907407,0.49907407
0.47936055,0.47936055
0.47699514,0.47699514
0.50536394,0.50536394
0.5047556,0.5047556
0.48775223,0.48775223
0.46518594,0.46518594
0.46375427,0.46375427
0.49931815,0.49931815
0.4958285,0.4958285
0.4410399,0.4410399
0.4533226,0.4533226
0.47111472,0.47111472
0.4690677,0.4690677
0.47087964,0.47087964
0.49861878,0.49861878
0.4185234,0.4185234
0.41250035,0.41250035
0.49506956,0.49506956
0.5067093,0.5067093
0.48934972,0.48934972
0.45606545,0.45606545
0.4648613,0.4648613
0.47956267,0.47956267
0.48351422,0.48351422
0.39912006,0.39912006
0.4051749,0.4051749
0.38864356,0.38864356
0.50124216,0.50124216
0.4896717,0.4896717
0.49095047,0.49095047
0.48029435,0.48029435
0.50460166,0.50460166
0.5196948,0.5196948
0.48162135,0.48162135
0.45759493,0.45759493
0.42003465,0.42003465
0.40306446,0.40306446
0.501156,0.501156
0.43826348,0.43826348
0.45212194,0.45212194
0.4986205,0.4986205
0.48001602,0.48001602
0.45932373,0.45932373
0.4353589,0.4353589
0.47769365,0.47769365
0.44680578,0.44680578
0.4588335,0.4588335
0.4433545,0.4433545
0.51884985,0.51884985
0.52695,0.52695
0.55783975,0.55783975
0.5025153,0.5025153
0.49364796,0.49364796
0.45308048,0.45308048
0.43969905,0.43969905
0.4447757,0.4447757
0.51470774,0.51470774
0.48987857,0.48987857
0.50059795,0.50059795
0.53447235,0.53447235
0.5526346,0.5526346
0.5095162,0.5095162
0.52182454,0.52182454
0.4298685,0.4298685
0.44165647,0.44165647
0.45377666,0.45377666
0.4667996,0.4667996
0.5012245,0.5012245
0.50500935,0.50500935
0.4857201,0.4857201
0.4400738,0.4400738
0.385363,0.385363
0.38545612,0.38545612
0.33957407,0.33957407
0.35447362,0.35447362
0.44035736,0.44035736
0.39532372,0.39532372
0.41833284,0.41833284
0.43030757,0.43030757
0.46798372,0.46798372
0.41152945,0.41152945
0.45425045,0.45425045
0.4663239,0.4663239
0.508139,0.508139
0.5070914,0.5070914
0.5263218,0.5263218
0.5299497,0.5299497
0.52000916,0.52000916
0.49763256,0.49763256
0.44896412,0.44896412
0.47886536,0.47886536
0.4442019,0.4442019
0.45925394,0.45925394
0.4171197,0.4171197
0.46068555,0.46068555
0.48463646,0.48463646
0.4985923,0.4985923
0.5171078,0.5171078
0.4895789,0.4895789
0.5168559,0.5168559
0.46336833,0.46336833
0.47793418,0.47793418
0.4775537,0.4775537
0.53098863,0.53098863
0.49315435,0.49315435
0.49715585,0.49715585
0.5051108,0.5051108
0.5285014,0.5285014
0.42913717,0.42913717
0.511359,0.511359
0.5251712,0.5251712
0.5120325,0.5120325
0.598876,0.598876
0.43307894,0.43307894
0.4847684,0.4847684
0.5475495,0.5475495
0.40799972,0.40799972
0.44262633,0.44262633
0.4352986,0.4352986
0.46843633,0.46843633
0.51736915,0.51736915
0.5250082,0.5250082
0.53314984,0.53314984
0.5959451,0.5959451
0.46138644,0.46138644
0.46329227,0.46329227
0.4643791,0.4643791
0.43239322,0.43239322
0.4446999,0.4446999
0.5350126,0.5350126
0.51116765,0.51116765
0.50624347,0.50624347
0.5188787,0.5188787
0.5322973,0.5322973
0.525106,0.525106
0.5123283,0.5123283
0.37391895,0.37391895
0.4695024,0.4695024
0.50284,0.50284
0.5294376,0.5294376
0.4940092,0.4940092
0.46628198,0.46628198
0.52548444,0.52548444
0.46072382,0.46072382
0.4127317,0.4127317
0.40405327,0.40405327
0.39883518,0.39883518
0.48622227,0.48622227
0.4179272,0.4179272
0.43533948,0.43533948
0.5056619,0.5056619
0.53817517,0.53817517
0.4874488,0.4874488
0.50057226,0.50057226
0.49617898,0.49617898
0.5778765,0.5778765
0.5609026,0.5609026
0.48740026,0.48740026
0.5144095,0.5144095
0.6021198,0.6021198
0.51287436,0.51287436
0.3697683,0.3697683
0.45143518,0.45143518
0.39803296,0.39803296
0.5281442,0.5281442
0.40350214,0.40350214
0.49613178,0.49613178
0.52174455,0.52174455
0.4898114,0.4898114
0.49442804,0.49442804
0.48118523,0.48118523
0.5186106,0.5186106
0.52187246,0.52187246
0.49830693,0.49830693
0.44393855,0.44393855
0.46362445,0.46362445
0.46224937,0.46224937
0.4359076,0.4359076
0.52642125,0.52642125
0.48603684,0.48603684
0.50712204,0.50712204
0.49239707,0.49239707
0.50526536,0.50526536
0.52292186,0.52292186
0.50389755,0.50389755
0.49706957,0.49706957
0.47987527,0.47987527
0.46528226,0.46528226
0.46636975,0.46636975
0.39652237,0.39652237
0.48406777,0.48406777
0.46986708,0.46986708
0.42218873,0.42218873
0.3431224,0.3431224
0.35708097,0.35708097
0.40577573,0.40577573
0.43940276,0.43940276
0.40991005,0.40991005
0.3830903,0.3830903
0.38464502,0.38464502
0.38464502,0.38464502
0.38464502,0.38464502
0.38464502,0.38464502
0.38464502,0.38464502
0.38464502,0.38464502
0.38464502,0.38464502
0.38464502,0.38464502
0.38464502,0.38464502
0.38464502,0.38464502
0.38464502,0.38464502
0.38464502,0.38464502
0.38464502,0.38464502
0.38464502,0.38464502
0.38464502,0.38464502
0.38207337,0.38207337
0.4663689,0.4663689
0.4840071,0.4840071
0.48820326,0.48820326
0.44166836,0.44166836
0.4814873,0.4814873
0.49181858,0.49181858
0.48109615,0.48109615
0.42851987,0.42851987
0.48230636,0.48230636
0.4956664,0.4956664
0.4998758,0.4998758
0.51827383,0.51827383
0.43639487,0.43639487
0.3817081,0.3817081
0.44698524,0.44698524
0.50636923,0.50636923
0.5236289,0.5236289
0.52232385,0.52232385
0.51951605,0.51951605
0.48538086,0.48538086
0.4833058,0.4833058
0.46444395,0.46444395
0.44883105,0.44883105
0.3707416,0.3707416
0.46842715,0.46842715
0.44017792,0.44017792
0.45193762,0.45193762
0.49591726,0.49591726
0.50325704,0.50325704
0.4843212,0.4843212
0.4652596,0.4652596
0.40123263,0.40123263
0.43955025,0.43955025
0.46623498,0.46623498
0.5836491,0.5836491
0.42025515,0.42025515
0.5111156,0.5111156
0.4703862,0.4703862
0.46111298,0.46111298
0.48599732,0.48599732
0.5169841,0.5169841
0.5194037,0.5194037
0.5152954,0.5152954
0.48627698,0.48627698
0.50195116,0.50195116
0.45086583,0.45086583
0.50168073,0.50168073
0.49084637,0.49084637
0.4965496,0.4965496
0.4814513,0.4814513
0.47713265,0.47713265
0.4763185,0.4763185
0.4417521,0.4417521
0.44066486,0.44066486
0.47342157,0.47342157
0.43416554,0.43416554
0.3760373,0.3760373
0.46545362,0.46545362
0.5028853,0.5028853
0.5191972,0.5191972
0.5172359,0.5172359
0.4579428,0.4579428
0.4552766,0.4552766
0.4926785,0.4926785
0.4758801,0.4758801
0.46465346,0.46465346
0.5011572,0.5011572
0.5279716,0.5279716
0.5654243,0.5654243
0.48146045,0.48146045
0.48764244,0.48764244
0.46439898,0.46439898
0.5358864,0.5358864
0.44470918,0.44470918
0.44612592,0.44612592
0.469953,0.469953
0.5262413,0.5262413
0.49463043,0.49463043
0.5065613,0.5065613
0.4692832,0.4692832
0.52444166,0.52444166
0.48286027,0.48286027
0.51346093,0.51346093
0.4984319,0.4984319
0.49093452,0.49093452
0.50120187,0.50120187
0.4427628,0.4427628
0.4529623,0.4529623
0.50479317,0.50479317
0.45191506,0.45191506
0.4981654,0.4981654
0.49907246,0.49907246
0.4725291,0.4725291
0.4882701,0.4882701
0.49804792,0.49804792
0.4981012,0.4981012
0.4855552,0.4855552
0.44834214,0.44834214
0.485221,0.485221
0.50260156,0.50260156
0.74593914,0.74593914
0.46123815,0.46123815
0.4900819,0.4900819
0.51812816,0.51812816
0.52619535,0.52619535
0.5045962,0.5045962
0.50021017,0.50021017
0.43583876,0.43583876
0.4974925,0.4974925
0.55476636,0.55476636
0.5338168,0.5338168
0.5287472,0.5287472
0.44471565,0.44471565
0.50446326,0.50446326
0.41889116,0.41889116
0.46856937,0.46856937
0.42441562,0.42441562
0.487746,0.487746
0.4796304,0.4796304
0.46933725,0.46933725
0.47029358,0.47029358
0.45820752,0.45820752
0.4573402,0.4573402
0.49417916,0.49417916
0.47346595,0.47346595
0.42673,0.42673
0.54326373,0.54326373
0.4997373,0.4997373
0.5135859,0.5135859
0.39129147,0.39129147
0.49560902,0.49560902
0.52742004,0.52742004
0.4505465,0.4505465
0.50684637,0.50684637
0.46577194,0.46577194
0.42533353,0.42533353
0.5102806,0.5102806
0.54411477,0.54411477
0.5071568,0.5071568
0.5144141,0.5144141
0.44042563,0.44042563
0.53145576,0.53145576
0.54673773,0.54673773
0.5113545,0.5113545
0.4870446,0.4870446
0.43034032,0.43034032
0.47994292,0.47994292
0.4694124,0.4694124
0.5271478,0.5271478
0.5111926,0.5111926
0.5085046,0.5085046
0.5181414,0.5181414
0.5196469,0.5196469
0.50474596,0.50474596
0.45752904,0.45752904
0.5096554,0.5096554
0.46507186,0.46507186
0.35559618,0.35559618
0.45033333,0.45033333
0.5278182,0.5278182
0.4398934,0.4398934
0.5121348,0.5121348
0.37925836,0.37925836
0.5567788,0.5567788
0.5519219,0.5519219
0.420813,0.420813
0.45073497,0.45073497
0.38026428,0.38026428
0.4300962,0.4300962
0.45717436,0.45717436
0.41221082,0.41221082
0.4914459,0.4914459
0.45593655,0.45593655
0.49238393,0.49238393
0.46565825,0.46565825
0.4932459,0.4932459
0.50085545,0.50085545
0.51181406,0.51181406
0.46573505,0.46573505
0.5229625,0.5229625
0.68397343,0.68397343
0.46819326,0.46819326
0.51295036,0.51295036
0.5013858,0.5013858
0.5032447,0.5032447
0.43679044,0.43679044
0.452816,0.452816
0.46611518,0.46611518
0.47956783,0.47956783
0.4979102,0.4979102
0.5114996,0.5114996
0.5278152,0.5278152
0.47856754,0.47856754
0.4721534,0.4721534
0.53083974,0.53083974
0.49487516,0.49487516
0.45824134,0.45824134
0.4653902,0.4653902
0.3890792,0.3890792
0.3841429,0.3841429
0.40557426,0.40557426
0.46545753,0.46545753
0.44712383,0.44712383
0.46087736,0.46087736
0.47100073,0.47100073
0.435972,0.435972
0.4460218,0.4460218
0.44636983,0.44636983
0.47965217,0.47965217
0.413006,0.413006
0.45615008,0.45615008
0.54092765,0.54092765
0.46735203,0.46735203
0.48553833,0.48553833
0.52730155,0.52730155
0.53574395,0.53574395
0.46641713,0.46641713
0.44098482,0.44098482
0.4393868,0.4393868
0.4301829,0.4301829
0.46563414,0.46563414
0.43964943,0.43964943
0.47763887,0.47763887
0.46577656,0.46577656
0.4831843,0.4831843
0.5412974,0.5412974
0.5691609,0.5691609
0.5110759,0.5110759
0.4786583,0.4786583
0.47681168,0.47681168
0.47859395,0.47859395
0.4688057,0.4688057
0.46903604,0.46903604
0.40832418,0.40832418
0.43165526,0.43165526
0.47881395,0.47881395
0.45177752,0.45177752
0.48307428,0.48307428
0.46752617,0.46752617
0.48696753,0.48696753
0.4570572,0.4570572
0.49244538,0.49244538
0.48527694,0.48527694
0.45688626,0.45688626
0.4708982,0.4708982
0.43197426,0.43197426
0.40180978,0.40180978
0.3926813,0.3926813
0.3980356,0.3980356
0.5015126,0.5015126
0.41413063,0.41413063
0.45232007,0.45232007
0.49087882,0.49087882
0.49631986,0.49631986
0.5008788,0.5008788
0.4930169,0.4930169
0.45611975,0.45611975
0.45213082,0.45213082
0.50249076,0.50249076
0.42797965,0.42797965
0.44595656,0.44595656
0.44174105,0.44174105
0.48264813,0.48264813
0.5294435,0.5294435
0.50013745,0.50013745
0.45136517,0.45136517
0.5067089,0.5067089
0.4523149,0.4523149
0.51988244,0.51988244
0.50036615,0.50036615
0.5116775,0.5116775
0.51286143,0.51286143
0.50327116,0.50327116
0.5800415,0.5800415
0.4811378,0.4811378
0.41060856,0.41060856
0.35229626,0.35229626
0.41853386,0.41853386
0.48663843,0.48663843
0.4949539,0.4949539
0.42184037,0.42184037
0.42517823,0.42517823
0.41557276,0.41557276
0.40916413,0.40916413
0.3739531,0.3739531
0.38464502,0.38464502
0.3908898,0.3908898
0.45199424,0.45199424
0.37720555,0.37720555
0.46059492,0.46059492
0.42902565,0.42902565
0.38066018,0.38066018
0.45111674,0.45111674
0.5104974,0.5104974
0.4684974,0.4684974
0.42691955,0.42691955
0.47384188,0.47384188
0.52253926,0.52253926
0.44466248,0.44466248
0.4799441,0.4799441
0.50644994,0.50644994
0.5035503,0.5035503
0.51810163,0.51810163
0.5133069,0.5133069
0.54142517,0.54142517
0.5334376,0.5334376
0.52161515,0.52161515
0.43525344,0.43525344
0.34420025,0.34420025
0.43337104,0.43337104
0.41395858,0.41395858
0.46241495,0.46241495
0.46845824,0.46845824
0.45798612,0.45798612
0.47073033,0.47073033
0.44601345,0.44601345
0.47712684,0.47712684
0.45631182,0.45631182
0.5517696,0.5517696
0.52219313,0.52219313
0.5160342,0.5160342
0.45572197,0.45572197
0.44127753,0.44127753
0.4518946,0.4518946
0.470049,0.470049
0.47231203,0.47231203
0.5244623,0.5244623
0.5307165,0.5307165
0.45773953,0.45773953
0.43595347,0.43595347
0.45872933,0.45872933
0.47569397,0.47569397
0.4798896,0.4798896
0.45812762,0.45812762
0.49791685,0.49791685
0.49818823,0.49818823
0.4683804,0.4683804
0.4755945,0.4755945
0.56096345,0.56096345
0.5766054,0.5766054
0.4849935,0.4849935
0.45017976,0.45017976
0.4236152,0.4236152
0.48703745,0.48703745
0.4633923,0.4633923
0.33539063,0.33539063
0.4881665,0.4881665
0.4765498,0.4765498
0.4827238,0.4827238
0.3549337,0.3549337
0.4386376,0.4386376
0.4958249,0.4958249
0.4800194,0.4800194
0.533598,0.533598
0.49240547,0.49240547
0.41603383,0.41603383
0.4221579,0.4221579
0.45141965,0.45141965
0.48791274,0.48791274
0.46968594,0.46968594
0.4297104,0.4297104
0.3941892,0.3941892
0.47800645,0.47800645
0.4865974,0.4865974
0.5577121,0.5577121
0.5091067,0.5091067
0.50612575,0.50612575
0.5003632,0.5003632
0.47095388,0.47095388
0.48481333,0.48481333
0.62214744,0.62214744
0.45565188,0.45565188
0.60323304,0.60323304
0.49934053,0.49934053
0.5284134,0.5284134
0.564469,0.564469
0.5291278,0.5291278
0.60756713,0.60756713
0.5509189,0.5509189
0.48333645,0.48333645
0.3977975,0.3977975
0.48875922,0.48875922
0.5293891,0.5293891
0.4282089,0.4282089
0.48926407,0.48926407
0.47090727,0.47090727
0.5606755,0.5606755
0.50483674,0.50483674
0.45012888,0.45012888
0.46876118,0.46876118
0.49195075,0.49195075
0.48185053,0.48185053
0.4821406,0.4821406
0.45694306,0.45694306
0.4478967,0.4478967
0.47919303,0.47919303
0.48907766,0.48907766
0.45579955,0.45579955
0.5130212,0.5130212
0.561868,0.561868
0.5203182,0.5203182
0.49361855,0.49361855
0.5722819,0.5722819
0.53485066,0.53485066
0.44966576,0.44966576
0.49139297,0.49139297
0.52339095,0.52339095
0.50592476,0.50592476
0.49750915,0.49750915
0.500824,0.500824
0.4612745,0.4612745
0.48493052,0.48493052
0.47823566,0.47823566
0.5775181,0.5775181
0.50967735,0.50967735
0.44984365,0.44984365
0.49211308,0.49211308
0.5770998,0.5770998
0.4075872,0.4075872
0.4380056,0.4380056
0.48555413,0.48555413
0.4816666,0.4816666
0.48629877,0.48629877
0.53298163,0.53298163
0.5294434,0.5294434
0.50550145,0.50550145
0.5393986,0.5393986
0.566902,0.566902
0.5141673,0.5141673
0.5255997,0.5255997
0.44503665,0.44503665
0.40216437,0.40216437
0.49483842,0.49483842
0.4470638,0.4470638
0.49613962,0.49613962
0.49274963,0.49274963
0.52439636,0.52439636
0.5561991,0.5561991
0.4426883,0.4426883
0.45228603,0.45228603
0.39059478,0.39059478
0.422846,0.422846
0.5004883,0.5004883
0.51186264,0.51186264
0.4842585,0.4842585
0.42092496,0.42092496
0.4826282,0.4826282
0.51472795,0.51472795
0.4849239,0.4849239
0.42507234,0.42507234
0.5315412,0.5315412
0.563537,0.563537
0.5111649,0.5111649
0.5006975,0.5006975
0.44676492,0.44676492
0.5051355,0.5051355
0.4806798,0.4806798
0.51150566,0.51150566
0.5195514,0.5195514
0.5289818,0.5289818
0.51193637,0.51193637
0.46346757,0.46346757
0.55168974,0.55168974
0.44273716,0.44273716
0.43495825,0.43495825
0.4856943,0.4856943
0.49236584,0.49236584
0.4601961,0.4601961
0.48561326,0.48561326
0.44396824,0.44396824
0.46583116,0.46583116
0.42512915,0.42512915
0.4599678,0.4599678
0.47879288,0.47879288
0.4939326,0.4939326
0.5093631,0.5093631
0.5306729,0.5306729
0.5061439,0.5061439
0.53679854,0.53679854
0.49953443,0.49953443
0.43007553,0.43007553
0.45624515,0.45624515
0.5073164,0.5073164
0.5350469,0.5350469
0.47130626,0.47130626
0.4912547,0.4912547
0.49462393,0.49462393
0.42527094,0.42527094
0.48685923,0.48685923
0.5264946,0.5264946
0.5225204,0.5225204
0.4464915,0.4464915
0.47892135,0.47892135
0.41578895,0.41578895
0.4886267,0.4886267
0.41608983,0.41608983
0.39236,0.39236
0.43126422,0.43126422
0.50566876,0.50566876
0.50983584,0.50983584
0.5062031,0.5062031
0.5149193,0.5149193
0.50663906,0.50663906
0.5202934,0.5202934
0.49662745,0.49662745
0.46233222,0.46233222
0.4240369,0.4240369
0.4470362,0.4470362
0.42390016,0.42390016
0.4173334,0.4173334
0.45464882,0.45464882
0.50609565,0.50609565
0.47441763,0.47441763
0.4902085,0.4902085
0.49625906,0.49625906
0.48926017,0.48926017
0.4427673,0.4427673
0.44457135,0.44457135
0.4984286,0.4984286
0.48956645,0.48956645
0.48565182,0.48565182
0.47079077,0.47079077
0.4449875,0.4449875
0.3899239,0.3899239
0.45389804,0.45389804
0.43749905,0.43749905
0.432936,0.432936
0.48949406,0.48949406
0.503454,0.503454
0.4723135,0.4723135
0.46712628,0.46712628
0.4148253,0.4148253
0.3389615,0.3389615
0.42123315,0.42123315
0.357082,0.357082
0.47647285,0.47647285
0.5413943,0.5413943
0.4693642,0.4693642
0.51467973,0.51467973
0.53421324,0.53421324
0.49648547,0.49648547
0.49661395,0.49661395
0.4322481,0.4322481
0.4797645,0.4797645
0.41626254,0.41626254
0.42941839,0.42941839
0.41413233,0.41413233
0.5133036,0.5133036
0.41453224,0.41453224
0.4323753,0.4323753
0.40127265,0.40127265
0.42990878,0.42990878
0.40020114,0.40020114
0.36705497,0.36705497
0.4904839,0.4904839
0.49866134,0.49866134
0.45653185,0.45653185
0.47606492,0.47606492
0.47581816,0.47581816
0.42953223,0.42953223
0.461447,0.461447
0.4624303,0.4624303
0.43276814,0.43276814
0.4210846,0.4210846
0.4868169,0.4868169
0.5065911,0.5065911
0.46770063,0.46770063
0.43742558,0.43742558
0.4374935,0.4374935
0.44104087,0.44104087
0.48685554,0.48685554
0.45668995,0.45668995
0.44032466,0.44032466
0.44040972,0.44040972
0.43858406,0.43858406
0.3964269,0.3964269
0.43833113,0.43833113
0.49346134,0.49346134
0.46662483,0.46662483
0.4717439,0.4717439
0.4670552,0.4670552
0.5101175,0.5101175
0.5350579,0.5350579
0.49885225,0.49885225
0.53963906,0.53963906
0.48054594,0.48054594
0.517256,0.517256
0.49146488,0.49146488
0.4256763,0.4256763
0.42740303,0.42740303
0.46958503,0.46958503
0.49764353,0.49764353
0.59382015,0.59382015
0.4988096,0.4988096
0.4236888,0.4236888
0.46313968,0.46313968
0.45333257,0.45333257
0.48788652,0.48788652
0.4766716,0.4766716
0.5121181,0.5121181
0.46599367,0.46599367
0.5403612,0.5403612
0.47872728,0.47872728
0.437365,0.437365
0.47046468,0.47046468
0.48588315,0.48588315
0.54272044,0.54272044
0.4566631,0.4566631
0.51003474,0.51003474
0.4638751,0.4638751
0.47260606,0.47260606
0.4178632,0.4178632
0.49607453,0.49607453
0.50609684,0.50609684
0.4161001,0.4161001
0.42021057,0.42021057
0.44164416,0.44164416
0.44056916,0.44056916
0.44912425,0.44912425
0.44105828,0.44105828
0.4455255,0.4455255
0.40452155,0.40452155
0.44833407,0.44833407
0.48960254,0.48960254
0.41752604,0.41752604
0.47996145,0.47996145
0.5301904,0.5301904
0.5200977,0.5200977
0.43686062,0.43686062
0.40927485,0.40927485
0.41353828,0.41353828
0.40170214,0.40170214
0.39966765,0.39966765
0.38020006,0.38020006
0.41380426,0.41380426
0.38464502,0.38464502
0.38464502,0.38464502
0.38464502,0.38464502
0.38464502,0.38464502
0.38464502,0.38464502
0.38464502,0.38464502
0.38464502,0.38464502
0.38464502,0.38464502
0.38464502,0.38464502
0.38464502,0.38464502
0.38464502,0.38464502
0.38464502,0.38464502
0.38464502,0.38464502
0.38464502,0.38464502
0.38464502,0.38464502
0.38464502,0.38464502
0.38464502,0.38464502
0.40176138,0.40176138
0.3863355,0.3863355
0.46013275,0.46013275
0.43007383,0.43007383
0.47409332,0.47409332
0.3960371,0.3960371
0.47176102,0.47176102
0.44223654,0.44223654
0.44776797,0.44776797
0.39854228,0.39854228
0.46313772,0.46313772
0.49770433,0.49770433
0.4421704,0.4421704
0.48550114,0.48550114
0.5014644,0.5014644
0.5027789,0.5027789
0.46984592,0.46984592
0.39790025,0.39790025
0.47429368,0.47429368
0.50961286,0.50961286
0.42436415,0.42436415
0.3977032,0.3977032
0.43623838,0.43623838
0.4305926,0.4305926
0.54092234,0.54092234
0.41963693,0.41963693
0.47793302,0.47793302
0.43123245,0.43123245
0.44936928,0.44936928
0.4954028,0.4954028
0.45089644,0.45089644
0.45943242,0.45943242
0.38546488,0.38546488
0.36109713,0.36109713
0.4657129,0.4657129
0.4617745,0.4617745
0.48552254,0.48552254
0.48004547,0.48004547
0.46647716,0.46647716
0.5044259,0.5044259
0.5034435,0.5034435
0.4090538,0.4090538
0.47043836,0.47043836
0.49156106,0.49156106
0.4748981,0.4748981
0.415491,0.415491
0.48524103,0.48524103
0.44891447,0.44891447
0.44088015,0.44088015
0.41193426,0.41193426
0.42750898,0.42750898
0.46611953,0.46611953
0.51336956,0.51336956
0.39830703,0.39830703
0.44829756,0.44829756
0.45198902,0.45198902
0.49309877,0.49309877
0.47681066,0.47681066
0.48951244,0.48951244
0.5509045,0.5509045
0.53982735,0.53982735
0.52482414,0.52482414
0.50995135,0.50995135
0.5116184,0.5116184
0.42338663,0.42338663
0.4406014,0.4406014
0.49718812,0.49718812
0.4938832,0.4938832
0.46167463,0.46167463
0.46896702,0.46896702
0.5056001,0.5056001
0.45679426,0.45679426
0.46514028,0.46514028
0.44961765,0.44961765
0.4956685,0.4956685
0.4128529,0.4128529
0.46491095,0.46491095
0.44563806,0.44563806
0.34101394,0.34101394
0.4746762,0.4746762
0.43462247,0.43462247
0.4173774,0.4173774
0.42673188,0.42673188
0.52865475,0.52865475
0.5567934,0.5567934
0.5052804,0.5052804
0.5622628,0.5622628
0.5227229,0.5227229
0.52982914,0.52982914
0.5251009,0.5251009
0.562436,0.562436
0.40823707,0.40823707
0.48707733,0.48707733
0.45970023,0.45970023
0.4639105,0.4639105
0.44494173,0.44494173
0.45068166,0.45068166
0.4442705,0.4442705
0.45496133,0.45496133
0.4147769,0.4147769
0.41153243,0.41153243
0.47256353,0.47256353
0.51754206,0.51754206
0.462247,0.462247
0.40328828,0.40328828
0.43526262,0.43526262
0.45311868,0.45311868
0.49873033,0.49873033
0.52054745,0.52054745
0.47487533,0.47487533
0.48063722,0.48063722
0.47233838,0.47233838
0.49308822,0.49308822
0.5272503,0.5272503
0.540966,0.540966
0.5485873,0.5485873
0.574707,0.574707
0.55891716,0.55891716
0.5080868,0.5080868
0.51716053,0.51716053
0.37361783,0.37361783
0.3784176,0.3784176
0.43644843,0.43644843
0.4257887,0.4257887
0.43520302,0.43520302
0.4029373,0.4029373
0.42309496,0.42309496
0.40756735,0.40756735
0.38464502,0.38464502
0.38464502,0.38464502
0.38464502,0.38464502
0.38464502,0.38464502
0.38464502,0.38464502
0.38464502,0.38464502
0.38464502,0.38464502
0.38464502,0.38464502
0.38464502,0.38464502
0.38464502,0.38464502
0.38464502,0.38464502
0.38464502,0.38464502
0.38464502,0.38464502
0.404563,0.404563
0.4091016,0.4091016
0.44248456,0.44248456
0.39519793,0.39519793
0.449619,0.449619
0.39760384,0.39760384
0.39355618,0.39355618
0.38962677,0.38962677
0.39836764,0.39836764
0.40894836,0.40894836
0.4644502,0.4644502
0.48957378,0.48957378
0.4725655,0.4725655
0.43598732,0.43598732
0.48062932,0.48062932
0.47602996,0.47602996
0.5366748,0.5366748
0.5219229,0.5219229
0.46327522,0.46327522
0.5001036,0.5001036
0.4849039,0.4849039
0.44555977,0.44555977
0.42332828,0.42332828
0.45985812,0.45985812
0.49706867,0.49706867
0.49476197,0.49476197
0.48312664,0.48312664
0.45089805,0.45089805
0.42066747,0.42066747
0.45962107,0.45962107
0.5443234,0.5443234
0.44584072,0.44584072
0.39381903,0.39381903
0.4564737,0.4564737
0.43159294,0.43159294
0.38735884,0.38735884
0.40444854,0.40444854
0.37876597,0.37876597
0.39171478,0.39171478
0.41949168,0.41949168
0.38464502,0.38464502
0.38464502,0.38464502
0.38464502,0.38464502
0.38464502,0.38464502
0.38464502,0.38464502
0.38464502,0.38464502
0.38464502,0.38464502
0.38464502,0.38464502
0.38464502,0.38464502
0.38464502,0.38464502
0.38464502,0.38464502
0.38464502,0.38464502
0.38464502,0.38464502
0.38464502,0.38464502
0.38464502,0.38464502
0.38464502,0.38464502
0.38464502,0.38464502
0.38464502,0.38464502
0.38464502,0.38464502
0.38464502,0.38464502
0.38464502,0.38464502
0.38464502,0.38464502
0.38464502,0.38464502
0.38464502,0.38464502
0.38464502,0.38464502
0.38464502,0.38464502
0.38464502,0.38464502
0.38464502,0.38464502
0.38464502,0.38464502
0.38464502,0.38464502
0.38464502,0.38464502
0.38464502,0.38464502
0.38464502,0.38464502
0.38464502,0.38464502
0.38464502,0.38464502
0.38464502,0.38464502
0.38464502,0.38464502
0.38464502,0.38464502
0.38464502,0.38464502
0.38464502,0.38464502
0.38464502,0.38464502
0.38464502,0.38464502
0.38464502,0.38464502
0.38464502,0.38464502
0.38464502,0.38464502
0.38464502,0.38464502
0.38464502,0.38464502
0.38464502,0.38464502
0.38464502,0.38464502
0.38464502,0.38464502
0.38464502,0.38464502
0.38464502,0.38464502
0.38464502,0.38464502
0.4245303,0.4245303
0.44969043,0.44969043
0.46446204,0.46446204
0.4686278,0.4686278
0.48409295,0.48409295
0.52443933,0.52443933
0.42833456,0.42833456
0.4161674,0.4161674
0.49622238,0.49622238
0.50060755,0.50060755
0.60686946,0.60686946
0.4092485,0.4092485
0.4351941,0.4351941
0.38923883,0.38923883
0.42414656,0.42414656
0.41189304,0.41189304
0.43780786,0.43780786
0.4360809,0.4360809
0.4238849,0.4238849
0.37283286,0.37283286
0.37937418,0.37937418
0.3599201,0.3599201
0.38464502,0.38464502
0.38464502,0.38464502
0.38464502,0.38464502
0.38464502,0.38464502
0.38464502,0.38464502
0.38464502,0.38464502
0.38464502,0.38464502
0.38464502,0.38464502
0.38464502,0.38464502
0.38464502,0.38464502
0.38464502,0.38464502
0.38464502,0.38464502
0.38464502,0.38464502
0.38464502,0.38464502
0.38464502,0.38464502
0.38464502,0.38464502
0.38464502,0.38464502
0.38464502,0.38464502
0.38464502,0.38464502
0.38464502,0.38464502
0.38464502,0.38464502
0.38464502,0.38464502
0.38464502,0.38464502
0.38464502,0.38464502
0.38464502,0.38464502
0.38464502,0.38464502
0.38464502,0.38464502
0.38464502,0.38464502
0.3819051,0.3819051
0.36121058,0.36121058
0.50859725,0.50859725
0.49862772,0.49862772
0.44879076,0.44879076
0.43873775,0.43873775
0.40644285,0.40644285
0.43087792,0.43087792
0.4273287,0.4273287
0.37080538,0.37080538
0.34001777,0.34001777
0.46850106,0.46850106
0.49616325,0.49616325
0.54984224,0.54984224
0.5204315,0.5204315
0.48968658,0.48968658
0.50671744,0.50671744
0.5026256,0.5026256
0.52526945,0.52526945
0.45670596,0.45670596
0.47236305,0.47236305
0.515957,0.515957
0.48977354,0.48977354
0.43048942,0.43048942
0.4111641,0.4111641
0.4715534,0.4715534
0.5048543,0.5048543
0.47631457,0.47631457
0.45027086,0.45027086
0.49099657,0.49099657
0.46865356,0.46865356
0.46020928,0.46020928
0.43954837,0.43954837
0.43165973,0.43165973
0.44252908,0.44252908
0.5042429,0.5042429
0.47340614,0.47340614
0.48946795,0.48946795
0.46780005,0.46780005
0.47441933,0.47441933
0.47950676,0.47950676
0.513985,0.513985
0.51343346,0.51343346
0.4383515,0.4383515
0.46798915,0.46798915
0.4377283,0.4377283
0.49292952,0.49292952
0.500099,0.500099
0.5294542,0.5294542
0.5722954,0.5722954
0.53117055,0.53117055
0.44475365,0.44475365
0.46740726,0.46740726
0.45435932,0.45435932
0.45712426,0.45712426
0.47921026,0.47921026
0.46096694,0.46096694
0.3638424,0.3638424
0.33929372,0.33929372
0.44590297,0.44590297
0.4419033,0.4419033
0.41316265,0.41316265
0.4027128,0.4027128
0.4123271,0.4123271
0.40454718,0.40454718
0.42878798,0.42878798
0.4223115,0.4223115
0.5226928,0.5226928
0.5096034,0.5096034
0.4871928,0.4871928
0.452514,0.452514
0.4429284,0.4429284
0.48288614,0.48288614
0.46071398,0.46071398
0.45333135,0.45333135
0.47729364,0.47729364
0.57450294,0.57450294
0.48626512,0.48626512
0.4870222,0.4870222
0.55006754,0.55006754
0.41369918,0.41369918
0.40102053,0.40102053
0.4829984,0.4829984
0.47558612,0.47558612
0.4865755,0.4865755
0.50905293,0.50905293
0.43707782,0.43707782
0.47337738,0.47337738
0.5257224,0.5257224
0.52101344,0.52101344
0.5116488,0.5116488
0.5024066,0.5024066
0.42423475,0.42423475
0.4819994,0.4819994
0.3759864,0.3759864
0.37937778,0.37937778
0.4652587,0.4652587
0.479159,0.479159
0.4985719,0.4985719
0.3944514,0.3944514
0.48708236,0.48708236
0.528287,0.528287
0.47687262,0.47687262
0.464989,0.464989
0.48151946,0.48151946
0.4948648,0.4948648
0.45099986,0.45099986
0.48437005,0.48437005
0.41887543,0.41887543
0.48323897,0.48323897
0.5515467,0.5515467
0.5345612,0.5345612
0.48115012,0.48115012
0.46950626,0.46950626
0.52317965,0.52317965
0.53442764,0.53442764
0.47292224,0.47292224
0.43892533,0.43892533
0.42511567,0.42511567
0.66363806,0.66363806
0.43458545,0.43458545
0.49552968,0.49552968
0.43872604,0.43872604
0.49069107,0.49069107
0.52218986,0.52218986
0.47097677,0.47097677
0.51633614,0.51633614
0.48875287,0.48875287
0.53547484,0.53547484
0.5437882,0.5437882
0.5391959,0.5391959
0.43547818,0.43547818
0.5117074,0.5117074
0.5073791,0.5073791
0.50091136,0.50091136
0.5009052,0.5009052
0.4997272,0.4997272
0.4423729,0.4423729
0.3767278,0.3767278
0.45551303,0.45551303
0.43752134,0.43752134
0.47885674,0.47885674
0.40808254,0.40808254
0.4706867,0.4706867
0.44910732,0.44910732
0.41871285,0.41871285
0.5385759,0.5385759
0.40158996,0.40158996
0.47393718,0.47393718
0.5291935,0.5291935
0.49601012,0.49601012
0.51641995,0.51641995
0.4361684,0.4361684
0.44546077,0.44546077
0.4887919,0.4887919
0.3998365,0.3998365
0.44819796,0.44819796
0.4083453,0.4083453
0.50979996,0.50979996
0.5364595,0.5364595
0.46629354,0.46629354
0.33497995,0.33497995
0.36355928,0.36355928
0.39809188,0.39809188
0.45634905,0.45634905
0.46899995,0.46899995
0.45828363,0.45828363
0.44573414,0.44573414
0.5064783,0.5064783
0.46000585,0.46000585
0.47568285,0.47568285
0.45931953,0.45931953
0.45338267,0.45338267
0.49935564,0.49935564
0.4935165,0.4935165
0.47919565,0.47919565
0.45263135,0.45263135
0.47329718,0.47329718
0.4136833,0.4136833
0.4036378,0.4036378
0.40939486,0.40939486
0.42018047,0.42018047
0.4146075,0.4146075
0.3757451,0.3757451
0.42171884,0.42171884
0.4946896,0.4946896
0.5074999,0.5074999
0.45041576,0.45041576
0.39809585,0.39809585
0.48178583,0.48178583
0.44528937,0.44528937
0.4319162,0.4319162
0.43938047,0.43938047
0.42571104,0.42571104
0.35534868,0.35534868
0.4162402,0.4162402
0.4673191,0.4673191
0.45461243,0.45461243
0.46716872,0.46716872
0.44334367,0.44334367
0.43233874,0.43233874
0.39112192,0.39112192
0.4431921,0.4431921
0.50614494,0.50614494
0.47363263,0.47363263
0.4630703,0.4630703
0.5117593,0.5117593
0.5521074,0.5521074
0.4139663,0.4139663
0.46528074,0.46528074
0.5075253,0.5075253
0.50647783,0.50647783
0.4780321,0.4780321
0.47818422,0.47818422
0.44859105,0.44859105
0.39577356,0.39577356
0.39722154,0.39722154
0.38409036,0.38409036
0.4161425,0.4161425
0.41212204,0.41212204
0.48087376,0.48087376
0.4189885,0.4189885
0.4151868,0.4151868
0.39451933,0.39451933
0.35968244,0.35968244
0.3638743,0.3638743
0.3749676,0.3749676
0.39034572,0.39034572
0.39812326,0.39812326
0.38464502,0.38464502
0.38464502,0.38464502
0.38464502,0.38464502
0.38464502,0.38464502
0.4182775,0.4182775
0.4973046,0.4973046
0.52606803,0.52606803
0.5275261,0.5275261
0.5219213,0.5219213
0.5082189,0.5082189
0.46478102,0.46478102
0.4534257,0.4534257
0.46375555,0.46375555
0.4567546,0.4567546
0.44895718,0.44895718
0.50115025,0.50115025
0.48439407,0.48439407
0.5139632,0.5139632
0.43936077,0.43936077
0.5749225,0.5749225
0.42567223,0.42567223
0.4790988,0.4790988
0.44282138,0.44282138
0.5141385,0.5141385
0.53145784,0.53145784
0.48181164,0.48181164
0.52321464,0.52321464
0.5390822,0.5390822
0.45415583,0.45415583
0.5020751,0.5020751
0.51036876,0.51036876
0.5010568,0.5010568
0.46429062,0.46429062
0.47726387,0.47726387
0.5113935,0.5113935
0.5456722,0.5456722
0.53102374,0.53102374
0.5566084,0.5566084
0.5293099,0.5293099
0.54140246,0.54140246
0.51315624,0.51315624
0.51800275,0.51800275
0.5366591,0.5366591
0.40318638,0.40318638
0.34719095,0.34719095
0.33497182,0.33497182
0.3960284,0.3960284
0.4590906,0.4590906
0.48721284,0.48721284
0.48344195,0.48344195
0.45191965,0.45191965
0.43712112,0.43712112
0.49355698,0.49355698
0.5299495,0.5299495
0.44903877,0.44903877
0.56476516,0.56476516
0.44700998,0.44700998
0.47593334,0.47593334
0.44073087,0.44073087
0.42139226,0.42139226
0.44725496,0.44725496
0.38719484,0.38719484
0.50393444,0.50393444
0.50230044,0.50230044
0.45181206,0.45181206
0.50444484,0.50444484
0.54292727,0.54292727
0.5200872,0.5200872
0.45382947,0.45382947
0.5410547,0.5410547
0.53196305,0.53196305
0.50573605,0.50573605
0.49303186,0.49303186
0.44678906,0.44678906
0.48895752,0.48895752
0.4502425,0.4502425
0.4036409,0.4036409
0.44060487,0.44060487
0.46020585,0.46020585
0.50708604,0.50708604
0.43702015,0.43702015
0.45472017,0.45472017
0.44900647,0.44900647
0.5165738,0.5165738
0.49399275,0.49399275
0.47210598,0.47210598
0.47606388,0.47606388
0.43660235,0.43660235
0.3409731,0.3409731
0.39529446,0.39529446
0.46435282,0.46435282
0.48852596,0.48852596
0.45155588,0.45155588
0.4455541,0.4455541
0.47995463,0.47995463
0.4430728,0.4430728
0.37636846,0.37636846
0.43957248,0.43957248
0.46671394,0.46671394
0.47740874,0.47740874
0.44902077,0.44902077
0.48777464,0.48777464
0.50486517,0.50486517
0.5091793,0.5091793
0.4994225,0.4994225
0.48008355,0.48008355
0.43387997,0.43387997
0.39305738,0.39305738
0.5028664,0.5028664
0.502997,0.502997
0.5335735,0.5335735
0.5370788,0.5370788
0.49192902,0.49192902
0.45090133,0.45090133
0.45886695,0.45886695
0.5836014,0.5836014
0.40887824,0.40887824
0.47131658,0.47131658
0.52916265,0.52916265
0.4626827,0.4626827
0.44946185,0.44946185
0.44430944,0.44430944
0.42808396,0.42808396
0.4450632,0.4450632
0.38659826,0.38659826
0.4476948,0.4476948
0.37771592,0.37771592
0.4263778,0.4263778
0.41839918,0.41839918
0.42158088,0.42158088
0.41892827,0.41892827
0.41539326,0.41539326
0.39162377,0.39162377
0.44735768,0.44735768
0.46163243,0.46163243
0.40084606,0.40084606
0.4389434,0.4389434
0.47857717,0.47857717
0.4434023,0.4434023
0.4312476,0.4312476
0.3248038,0.3248038
0.36412376,0.36412376
0.44650128,0.44650128
0.5505429,0.5505429
0.4710728,0.4710728
0.35939974,0.35939974
0.4501206,0.4501206
0.33150095,0.33150095
0.4499911,0.4499911
0.5037344,0.5037344
0.5152664,0.5152664
0.49312487,0.49312487
0.35164315,0.35164315
0.44662768,0.44662768
0.44136685,0.44136685
0.40241554,0.40241554
0.3117851,0.3117851
0.38995013,0.38995013
0.49236178,0.49236178
0.29538122,0.29538122
0.40450177,0.40450177
0.48533434,0.48533434
0.5181579,0.5181579
0.48478502,0.48478502
0.3825301,0.3825301
0.39838284,0.39838284
0.45586786,0.45586786
0.50484455,0.50484455
0.50426716,0.50426716
0.40983263,0.40983263
0.42618078,0.42618078
0.42521766,0.42521766
0.40495884,0.40495884
0.5032027,0.5032027
0.48436636,0.48436636
0.4909067,0.4909067
0.48246357,0.48246357
0.5190519,0.5190519
0.49714303,0.49714303
0.5161203,0.5161203
0.5354381,0.5354381
0.506202,0.506202
0.49358356,0.49358356
0.45257849,0.45257849
0.41690126,0.41690126
0.4261018,0.4261018
0.4837897,0.4837897
0.51887435,0.51887435
0.4902624,0.4902624
0.4717326,0.4717326
0.47186726,0.47186726
0.48734394,0.48734394
0.5024836,0.5024836
0.49958602,0.49958602
0.49836013,0.49836013
0.5050898,0.5050898
0.5099119,0.5099119
0.44923085,0.44923085
0.38497847,0.38497847
0.48323032,0.48323032
0.4479771,0.4479771
0.49461487,0.49461487
0.47336823,0.47336823
0.4522468,0.4522468
0.5488836,0.5488836
0.38044998,0.38044998
0.46190345,0.46190345
0.5698972,0.5698972
0.50406724,0.50406724
0.45955515,0.45955515
0.49824524,0.49824524
0.50980496,0.50980496
0.43919274,0.43919274
0.45483437,0.45483437
0.43716377,0.43716377
0.48491198,0.48491198
0.44782165,0.44782165
0.46110475,0.46110475
0.44526082,0.44526082
0.4633513,0.4633513
0.48844182,0.48844182
0.51439506,0.51439506
0.49185935,0.49185935
0.48051795,0.48051795
0.4656659,0.4656659
0.5405875,0.5405875
0.46519235,0.46519235
0.47227997,0.47227997
0.51079035,0.51079035
0.44118127,0.44118127
0.40764827,0.40764827
0.42193598,0.42193598
0.43274218,0.43274218
0.47245362,0.47245362
0.42548522,0.42548522
0.41499934,0.41499934
0.3943729,0.3943729
0.39519814,0.39519814
0.4122256,0.4122256
0.36041358,0.36041358
0.44136187,0.44136187
0.50778806,0.50778806
0.52928644,0.52928644
0.47242787,0.47242787
0.40852657,0.40852657
0.45312867,0.45312867
0.58476555,0.58476555
0.44428754,0.44428754
0.4312894,0.4312894
0.49995235,0.49995235
0.375245,0.375245
0.5059134,0.5059134
0.51151586,0.51151586
0.46424365,0.46424365
0.48847747,0.48847747
0.48461577,0.48461577
0.5037799,0.5037799
0.5050663,0.5050663
0.53932005,0.53932005
0.48427817,0.48427817
0.49933052,0.49933052
0.49905795,0.49905795
0.5203538,0.5203538
0.4779494,0.4779494
0.41955876,0.41955876
0.40515944,0.40515944
0.44572398,0.44572398
0.48194203,0.48194203
0.43097454,0.43097454
0.3535665,0.3535665
0.3612663,0.3612663
0.38982135,0.38982135
0.4379063,0.4379063
0.37416172,0.37416172
0.44420323,0.44420323
0.4793523,0.4793523
0.49184993,0.49184993
0.4702305,0.4702305
0.528525,0.528525
0.53561354,0.53561354
0.52011603,0.52011603
0.43459162,0.43459162
0.41188613,0.41188613
0.43587646,0.43587646
0.5182176,0.5182176
0.39785218,0.39785218
0.38132763,0.38132763
0.4577619,0.4577619
0.45888937,0.45888937
0.34447742,0.34447742
0.47502938,0.47502938
0.48364237,0.48364237
0.4830845,0.4830845
0.4855578,0.4855578
0.45219058,0.45219058
0.39621642,0.39621642
0.46182108,0.46182108
0.47491202,0.47491202
0.465227,0.465227
0.42591208,0.42591208
0.48807067,0.48807067
0.47854823,0.47854823
0.457191,0.457191
0.48518434,0.48518434
0.4877546,0.4877546
0.4206988,0.4206988
0.3948674,0.3948674
0.3983409,0.3983409
0.43148687,0.43148687
0.40400982,0.40400982
0.43421865,0.43421865
0.40768602,0.40768602
0.49389702,0.49389702
0.5220206,0.5220206
0.41094488,0.41094488
0.5206472,0.5206472
0.4476575,0.4476575
0.5219744,0.5219744
0.45846596,0.45846596
0.572658,0.572658
0.37560406,0.37560406
0.4594968,0.4594968
0.5242153,0.5242153
0.5217767,0.5217767
0.5319696,0.5319696
0.5271478,0.5271478
0.49814966,0.49814966
0.4462585,0.4462585
0.4827055,0.4827055
0.47967392,0.47967392
0.40686366,0.40686366
0.4364019,0.4364019
0.48203924,0.48203924
0.45058274,0.45058274
0.48105243,0.48105243
0.4167693,0.4167693
0.49576452,0.49576452
0.5103514,0.5103514
0.5290199,0.5290199
0.50352603,0.50352603
0.5430852,0.5430852
0.5179008,0.5179008
0.5102651,0.5102651
0.52569336,0.52569336
0.45643288,0.45643288
0.44466722,0.44466722
0.4313444,0.4313444
0.4446756,0.4446756
0.49642408,0.49642408
0.49761316,0.49761316
0.47069785,0.47069785
0.502285,0.502285
0.44192153,0.44192153
0.46612886,0.46612886
0.3567972,0.3567972
0.43902466,0.43902466
0.44165114,0.44165114
0.4769852,0.4769852
0.46800122,0.46800122
0.47925976,0.47925976
0.47942537,0.47942537
0.5134195,0.5134195
0.47524264,0.47524264
0.47347912,0.47347912
0.5280864,0.5280864
0.52697605,0.52697605
0.46375635,0.46375635
0.4433566,0.4433566
0.44823846,0.44823846
0.46025988,0.46025988
0.5233609,0.5233609
0.62994707,0.62994707
0.47279897,0.47279897
0.4402634,0.4402634
0.48593393,0.48593393
0.4438722,0.4438722
0.43327072,0.43327072
0.5123725,0.5123725
0.52476,0.52476
0.53049403,0.53049403
0.44300637,0.44300637
0.41594696,0.41594696
0.42148262,0.42148262
0.47914323,0.47914323
0.48184374,0.48184374
0.48240462,0.48240462
0.501484,0.501484
0.45603213,0.45603213
0.44030523,0.44030523
0.41325763,0.41325763
0.43228275,0.43228275
0.5032545,0.5032545
0.47443715,0.47443715
0.47475904,0.47475904
0.45190585,0.45190585
0.45588085,0.45588085
0.4440395,0.4440395
0.45405146,0.45405146
0.42673892,0.42673892
0.49149537,0.49149537
0.46410626,0.46410626
0.5212978,0.5212978
0.52076805,0.52076805
0.674398,0.674398
0.46227872,0.46227872
0.53311837,0.53311837
0.41829443,0.41829443
0.493358,0.493358
0.45908982,0.45908982
0.49952254,0.49952254
0.46532995,0.46532995
0.46902713,0.46902713
0.41199598,0.41199598
0.4431621,0.4431621
0.4044706,0.4044706
0.45658296,0.45658296
0.45964348,0.45964348
0.45872745,0.45872745
0.4704949,0.4704949
0.47461906,0.47461906
0.44318247,0.44318247
0.46383375,0.46383375
0.4755783,0.4755783
0.50024855,0.50024855
0.36982936,0.36982936
0.4232657,0.4232657
0.39492103,0.39492103
0.4222055,0.4222055
0.41642022,0.41642022
0.47914064,0.47914064
0.5201579,0.5201579
0.49878636,0.49878636
0.45806426,0.45806426
0.4483705,0.4483705
0.51099026,0.51099026
0.51373404,0.51373404
0.51076084,0.51076084
0.5098844,0.5098844
0.52822024,0.52822024
0.517324,0.517324
0.48778665,0.48778665
0.42837697,0.42837697
0.4472607,0.4472607
0.51085985,0.51085985
0.34464315,0.34464315
0.43059006,0.43059006
0.43070924,0.43070924
0.4042744,0.4042744
0.43118536,0.43118536
0.3785222,0.3785222
0.47852013,0.47852013
0.44963062,0.44963062
0.40849373,0.40849373
0.48637328,0.48637328
0.4994276,0.4994276
0.50356907,0.50356907
0.5251423,0.5251423
0.5296447,0.5296447
0.52755326,0.52755326
0.5243218,0.5243218
0.45824683,0.45824683
0.46032804,0.46032804
0.47921747,0.47921747
0.49010217,0.49010217
0.49387568,0.49387568
0.49338573,0.49338573
0.46634594,0.46634594
0.43115994,0.43115994
0.43069562,0.43069562
0.5199231,0.5199231
0.5353482,0.5353482
0.5378194,0.5378194
0.4948783,0.4948783
0.45874158,0.45874158
0.48903963,0.48903963
0.55077803,0.55077803
0.49930707,0.49930707
0.49464646,0.49464646
0.52099484,0.52099484
0.4689724,0.4689724
0.47729957,0.47729957
0.46778694,0.46778694
0.46515366,0.46515366
0.53630465,0.53630465
0.54522175,0.54522175
0.53125024,0.53125024
0.50570995,0.50570995
0.51781666,0.51781666
0.51473224,0.51473224
0.48385632,0.48385632
0.38511902,0.38511902
0.38140973,0.38140973
0.444735,0.444735
0.44543582,0.44543582
0.33954674,0.33954674
0.41093826,0.41093826
0.39204514,0.39204514
0.40009475,0.40009475
0.40416604,0.40416604
0.42741475,0.42741475
0.39938313,0.39938313
0.45465186,0.45465186
0.3927223,0.3927223
0.48476723,0.48476723
0.5172824,0.5172824
0.39393565,0.39393565
0.4075514,0.4075514
0.4159947,0.4159947
0.46774572,0.46774572
0.48596555,0.48596555
0.4464644,0.4464644
0.47209117,0.47209117
0.4662818,0.4662818
0.4678474,0.4678474
0.5072936,0.5072936
0.53168875,0.53168875
0.5037573,0.5037573
0.5271699,0.5271699
0.5154245,0.5154245
0.46243095,0.46243095
0.46451783,0.46451783
0.45686933,0.45686933
0.49475992,0.49475992
0.4348547,0.4348547
0.38155058,0.38155058
0.4834424,0.4834424
0.55218804,0.55218804
0.44168597,0.44168597
0.47846287,0.47846287
0.5278294,0.5278294
0.45260566,0.45260566
0.51603884,0.51603884
0.531482,0.531482
0.5000276,0.5000276
0.4846873,0.4846873
0.50996524,0.50996524
0.5006304,0.5006304
0.46263802,0.46263802
0.43056014,0.43056014
0.39696988,0.39696988
0.3551461,0.3551461
0.45609364,0.45609364
0.45170325,0.45170325
0.4837878,0.4837878
0.48742312,0.48742312
0.56557816,0.56557816
0.42647433,0.42647433
0.44288984,0.44288984
0.50817007,0.50817007
0.4661593,0.4661593
0.45433924,0.45433924
0.4290472,0.4290472
0.47632727,0.47632727
0.49195638,0.49195638
0.47622564,0.47622564
0.42096275,0.42096275
0.48403868,0.48403868
0.38131362,0.38131362
0.52605677,0.52605677
0.5300656,0.5300656
0.48334932,0.48334932
0.57651,0.57651
0.5302099,0.5302099
0.48709878,0.48709878
0.500123,0.500123
0.44024795,0.44024795
0.50482124,0.50482124
0.5283414,0.5283414
0.44915152,0.44915152
0.46427065,0.46427065
0.4716579,0.4716579
0.5003916,0.5003916
0.5127924,0.5127924
0.5011362,0.5011362
0.57059675,0.57059675
0.42321452,0.42321452
0.5297339,0.5297339
0.5463396,0.5463396
0.51138014,0.51138014
0.5238313,0.5238313
0.5329897,0.5329897
0.5220391,0.5220391
0.54732084,0.54732084
0.5385492,0.5385492
0.5482659,0.5482659
0.55599374,0.55599374
0.50680727,0.50680727
0.47863716,0.47863716
0.45985433,0.45985433
0.41484475,0.41484475
0.48049468,0.48049468
0.4241702,0.4241702
0.41405502,0.41405502
0.47327572,0.47327572
0.40044454,0.40044454
0.50803304,0.50803304
0.5678558,0.5678558
0.39926255,0.39926255
0.44870913,0.44870913
0.4687058,0.4687058
0.4486395,0.4486395
0.47350582,0.47350582
0.5040517,0.5040517
0.5056057,0.5056057
0.5780727,0.5780727
0.49102685,0.49102685
0.39026296,0.39026296
0.51385456,0.51385456
0.40473092,0.40473092
0.40593955,0.40593955
0.39320233,0.39320233
0.49101135,0.49101135
0.5401856,0.5401856
0.43740436,0.43740436
0.4684595,0.4684595
0.4209045,0.4209045
0.45074368,0.45074368
0.4351604,0.4351604
0.5242309,0.5242309
0.5097083,0.5097083
0.50557065,0.50557065
0.5451016,0.5451016
0.43794832,0.43794832
0.35930002,0.35930002
0.3860526,0.3860526
0.46814603,0.46814603
0.45609966,0.45609966
0.43816167,0.43816167
0.46652755,0.46652755
0.4528164,0.4528164
0.3616423,0.3616423
0.39712545,0.39712545
0.41321006,0.41321006
0.35605884,0.35605884
0.3492363,0.3492363
0.3923778,0.3923778
0.42176354,0.42176354
0.38377443,0.38377443
0.4199533,0.4199533
0.3478404,0.3478404
0.34207326,0.34207326
0.5010686,0.5010686
0.33241916,0.33241916
0.45885786,0.45885786
0.4974357,0.4974357
0.5101513,0.5101513
0.4819165,0.4819165
0.5253106,0.5253106
0.51319075,0.51319075
0.4642253,0.4642253
0.4856683,0.4856683
0.46479967,0.46479967
0.45470172,0.45470172
0.4021085,0.4021085
0.36433375,0.36433375
0.41461346,0.41461346
0.35377735,0.35377735
0.4245972,0.4245972
0.36183026,0.36183026
0.3619118,0.3619118
0.4395007,0.4395007
0.41652486,0.41652486
0.38420078,0.38420078
0.33999565,0.33999565
0.36536902,0.36536902
0.4652959,0.4652959
0.50872463,0.50872463
0.53318095,0.53318095
0.52081335,0.52081335
0.53831315,0.53831315
0.5372462,0.5372462
0.544598,0.544598
0.52798206,0.52798206
0.4506783,0.4506783
0.42648867,0.42648867
0.43925196,0.43925196
0.42765176,0.42765176
0.43396005,0.43396005
0.40852717,0.40852717
0.4690201,0.4690201
0.4862166,0.4862166
0.49374786,0.49374786
0.45211178,0.45211178
0.43496943,0.43496943
0.43546852,0.43546852
0.427335,0.427335
0.43803954,0.43803954
0.4035891,0.4035891
0.6484421,0.6484421
0.4998324,0.4998324
0.4311088,0.4311088
0.44213146,0.44213146
0.3768223,0.3768223
0.40983465,0.40983465
0.39879736,0.39879736
0.41368878,0.41368878
0.3875128,0.3875128
0.360539,0.360539
0.45201397,0.45201397
0.4605553,0.4605553
0.4763282,0.4763282
0.46930707,0.46930707
0.481137,0.481137
0.5180932,0.5180932
0.5229932,0.5229932
0.5119528,0.5119528
0.49295256,0.49295256
0.4993733,0.4993733
0.49231285,0.49231285
0.49582168,0.49582168
0.50692606,0.50692606
0.40246114,0.40246114
0.451541,0.451541
0.5080869,0.5080869
0.51966125,0.51966125
0.4292102,0.4292102
0.5285985,0.5285985
0.49470684,0.49470684
0.4857487,0.4857487
0.4056522,0.4056522
0.45721453,0.45721453
0.46927932,0.46927932
0.50624543,0.50624543
0.50798154,0.50798154
0.49014157,0.49014157
0.46386486,0.46386486
0.464001,0.464001
0.47430462,0.47430462
0.503739,0.503739
0.49556744,0.49556744
0.4870828,0.4870828
0.3985894,0.3985894
0.4590281,0.4590281
0.4715282,0.4715282
0.4662367,0.4662367
0.35601053,0.35601053
0.42277405,0.42277405
0.4576157,0.4576157
0.4510904,0.4510904
0.49317703,0.49317703
0.41831797,0.41831797
0.56270635,0.56270635
0.48752713,0.48752713
0.49948812,0.49948812
0.48724043,0.48724043
0.44311336,0.44311336
0.41877955,0.41877955
0.40639424,0.40639424
0.4662014,0.4662014
0.38237578,0.38237578
0.4002993,0.4002993
0.3929929,0.3929929
0.41985098,0.41985098
0.47448877,0.47448877
0.36752743,0.36752743
0.45276502,0.45276502
0.4275747,0.4275747
0.396614,0.396614
0.382903,0.382903
0.4022804,0.4022804
0.43549672,0.43549672
0.48332673,0.48332673
0.5259285,0.5259285
0.517503,0.517503
0.51569,0.51569
0.53049856,0.53049856
0.52739155,0.52739155
0.5217233,0.5217233
0.48579693,0.48579693
0.4481959,0.4481959
0.41864446,0.41864446
0.4577377,0.4577377
0.45839918,0.45839918
0.441149,0.441149
0.44626063,0.44626063
0.45913646,0.45913646
0.46003392,0.46003392
0.42956534,0.42956534
0.45286378,0.45286378
0.3338733,0.3338733
0.41464752,0.41464752
0.38431135,0.38431135
0.39233056,0.39233056
0.40715134,0.40715134
0.43728286,0.43728286
0.43139976,0.43139976
0.35013095,0.35013095
0.39888713,0.39888713
0.3989346,0.3989346
0.40847042,0.40847042
0.37406528,0.37406528
0.38464502,0.38464502
0.38464502,0.38464502
0.38464502,0.38464502
0.38464502,0.38464502
0.38464502,0.38464502
0.38464502,0.38464502
0.38464502,0.38464502
0.38464502,0.38464502
0.38464502,0.38464502
0.38464502,0.38464502
0.38464502,0.38464502
0.38464502,0.38464502
0.38464502,0.38464502
0.38464502,0.38464502
0.38464502,0.38464502
0.41644117,0.41644117
0.39478335,0.39478335
0.4675343,0.4675343
0.56214494,0.56214494
0.48061138,0.48061138
0.52372986,0.52372986
0.40590355,0.40590355
0.48100558,0.48100558
0.42690435,0.42690435
0.40910602,0.40910602
0.46645138,0.46645138
0.41684926,0.41684926
0.5300099,0.5300099
0.5156952,0.5156952
0.46489057,0.46489057
0.43386143,0.43386143
0.34037554,0.34037554
0.46314645,0.46314645
0.48616782,0.48616782
0.5122407,0.5122407
0.47452825,0.47452825
0.50710267,0.50710267
0.51230586,0.51230586
0.5186411,0.5186411
0.46830997,0.46830997
0.41532198,0.41532198
0.45439142,0.45439142
0.40608934,0.40608934
0.45321384,0.45321384
0.44673124,0.44673124
0.4848203,0.4848203
0.49427852,0.49427852
0.45224246,0.45224246
0.48709956,0.48709956
0.35003206,0.35003206
0.38464126,0.38464126
0.40547645,0.40547645
0.50451285,0.50451285
0.4608008,0.4608008
0.44687176,0.44687176
0.42740098,0.42740098
0.42737,0.42737
0.40198854,0.40198854
0.37330115,0.37330115
0.44480476,0.44480476
0.5210176,0.5210176
0.46711707,0.46711707
0.49643445,0.49643445
0.4979217,0.4979217
0.51323164,0.51323164
0.46994454,0.46994454
0.55188245,0.55188245
0.37291974,0.37291974
0.46396858,0.46396858
0.46420377,0.46420377
0.45385337,0.45385337
0.48361275,0.48361275
0.47289252,0.47289252
0.47643697,0.47643697
0.44366607,0.44366607
0.3911644,0.3911644
0.40130463,0.40130463
0.4061846,0.4061846
0.3410457,0.3410457
0.42005762,0.42005762
0.44006407,0.44006407
0.4679805,0.4679805
0.45640492,0.45640492
0.4537534,0.4537534
0.4086989,0.4086989
0.43015373,0.43015373
0.47469127,0.47469127
0.46938747,0.46938747
0.48061654,0.48061654
0.49557897,0.49557897
0.42510054,0.42510054
0.4816297,0.4816297
0.46930194,0.46930194
0.4979461,0.4979461
0.5398296,0.5398296
0.5489365,0.5489365
0.51417315,0.51417315
0.51395893,0.51395893
0.49699914,0.49699914
0.45776844,0.45776844
0.50166106,0.50166106
0.4529726,0.4529726
0.42688125,0.42688125
0.46242332,0.46242332
0.438688,0.438688
0.45264173,0.45264173
0.46071458,0.46071458
0.46939287,0.46939287
0.3894322,0.3894322
0.4511868,0.4511868
0.39573163,0.39573163
0.5655054,0.5655054
0.46512935,0.46512935
0.4675829,0.4675829
0.4154583,0.4154583
0.54529244,0.54529244
0.4779825,0.4779825
0.5014152,0.5014152
0.52709913,0.52709913
0.49957728,0.49957728
0.47973648,0.47973648
0.47111708,0.47111708
0.49039894,0.49039894
0.509058,0.509058
0.4709725,0.4709725
0.55751944,0.55751944
0.5355582,0.5355582
0.4144744,0.4144744
0.44101268,0.44101268
0.44250247,0.44250247
0.48284355,0.48284355
0.4660583,0.4660583
0.415503,0.415503
0.49310687,0.49310687
0.45337003,0.45337003
0.48028076,0.48028076
0.51160055,0.51160055
0.47576916,0.47576916
0.38341013,0.38341013
0.4464938,0.4464938
0.4876978,0.4876978
0.5099481,0.5099481
0.5160909,0.5160909
0.48188117,0.48188117
0.46041712,0.46041712
0.4767015,0.4767015
0.45381868,0.45381868
0.42354006,0.42354006
0.44973317,0.44973317
0.42645556,0.42645556
0.42760324,0.42760324
0.526669,0.526669
0.46344882,0.46344882
0.37789828,0.37789828
0.42123362,0.42123362
0.44343734,0.44343734
0.48339218,0.48339218
0.5092668,0.5092668
0.51603484,0.51603484
0.4701862,0.4701862
0.46348968,0.46348968
0.4622369,0.4622369
0.50080633,0.50080633
0.49460486,0.49460486
0.5165103,0.5165103
0.50457144,0.50457144
0.49026224,0.49026224
0.5127474,0.5127474
0.42528918,0.42528918
0.47807315,0.47807315
0.5100919,0.5100919
0.46357828,0.46357828
0.426734,0.426734
0.48378932,0.48378932
0.47780824,0.47780824
0.44564232,0.44564232
0.47077054,0.47077054
0.36526588,0.36526588
0.45770773,0.45770773
0.42300925,0.42300925
0.4291056,0.4291056
0.41973084,0.41973084
0.4982319,0.4982319
0.47655487,0.47655487
0.46243212,0.46243212
0.3971644,0.3971644
0.46560094,0.46560094
0.4169866,0.4169866
0.5028058,0.5028058
0.44303995,0.44303995
0.447518,0.447518
0.44907847,0.44907847
0.4351161,0.4351161
0.41029534,0.41029534
0.48577988,0.48577988
0.47576016,0.47576016
0.48576882,0.48576882
0.39330038,0.39330038
0.47600818,0.47600818
0.4006692,0.4006692
0.45687065,0.45687065
0.47635287,0.47635287
0.49837115,0.49837115
0.4216921,0.4216921
0.4423724,0.4423724
0.32740194,0.32740194
0.4671626,0.4671626
0.45099905,0.45099905
0.4415246,0.4415246
0.43786928,0.43786928
0.4676004,0.4676004
0.45559573,0.45559573
0.45212844,0.45212844
0.45268533,0.45268533
0.4522423,0.4522423
0.5192548,0.5192548
0.51183164,0.51183164
0.53257006,0.53257006
0.46220282,0.46220282
0.5068261,0.5068261
0.47994772,0.47994772
0.4643782,0.4643782
0.48153222,0.48153222
0.5120092,0.5120092
0.51195127,0.51195127
0.47921914,0.47921914
0.4544903,0.4544903
0.44704527,0.44704527
0.39557448,0.39557448
0.48650885,0.48650885
0.46501946,0.46501946
0.40881702,0.40881702
0.4979567,0.4979567
0.5011529,0.5011529
0.5066958,0.5066958
0.45730302,0.45730302
0.5287381,0.5287381
0.43564263,0.43564263
0.4114264,0.4114264
0.4796396,0.4796396
0.46886078,0.46886078
0.5059752,0.5059752
0.5335987,0.5335987
0.51107633,0.51107633
0.45533898,0.45533898
0.49898717,0.49898717
0.4921283,0.4921283
0.47315553,0.47315553
0.448195,0.448195
0.45833993,0.45833993
0.43773204,0.43773204
0.47029564,0.47029564
0.44925585,0.44925585
0.49574974,0.49574974
0.5255673,0.5255673
0.5109534,0.5109534
0.49255165,0.49255165
0.47239903,0.47239903
0.44440573,0.44440573
0.43201151,0.43201151
0.47497496,0.47497496
0.449715,0.449715
0.45435748,0.45435748
0.46566007,0.46566007
0.46811312,0.46811312
0.4581518,0.4581518
0.4503008,0.4503008
0.42814112,0.42814112
0.4780362,0.4780362
0.4428272,0.4428272
0.43744048,0.43744048
0.40553892,0.40553892
0.4846656,0.4846656
0.44667152,0.44667152
0.5297132,0.5297132
0.50471246,0.50471246
0.48884305,0.48884305
0.42918193,0.42918193
0.41753846,0.41753846
0.46658394,0.46658394
0.45507964,0.45507964
0.41144088,0.41144088
0.43058455,0.43058455
0.4324163,0.4324163
0.44490805,0.44490805
0.4528438,0.4528438
0.47957435,0.47957435
0.50715137,0.50715137
0.4621136,0.4621136
0.48734984,0.48734984
0.50243413,0.50243413
0.53798145,0.53798145
0.54968864,0.54968864
0.51168424,0.51168424
0.5303078,0.5303078
0.42871118,0.42871118
0.46545628,0.46545628
0.4761703,0.4761703
0.47910547,0.47910547
0.430624,0.430624
0.46201465,0.46201465
0.46072605,0.46072605
0.44434714,0.44434714
0.4743661,0.4743661
0.47184393,0.47184393
0.46532342,0.46532342
0.41048068,0.41048068
0.46976048,0.46976048
0.42815205,0.42815205
0.3685985,0.3685985
0.3726323,0.3726323
0.42562613,0.42562613
0.45204493,0.45204493
0.4721584,0.4721584
0.46760517,0.46760517
0.46950224,0.46950224
0.49559408,0.49559408
0.45503634,0.45503634
0.5094715,0.5094715
0.4074793,0.4074793
0.5264031,0.5264031
0.42026675,0.42026675
0.46713448,0.46713448
0.45975518,0.45975518
0.5290551,0.5290551
0.47550634,0.47550634
0.45319337,0.45319337
0.44095322,0.44095322
0.48821327,0.48821327
0.4862401,0.4862401
0.4571749,0.4571749
0.47369125,0.47369125
0.46321172,0.46321172
0.46014783,0.46014783
0.50459,0.50459
0.5095035,0.5095035
0.49636188,0.49636188
0.35033354,0.35033354
0.32190362,0.32190362
0.46713108,0.46713108
0.4766437,0.4766437
0.48663905,0.48663905
0.50187224,0.50187224
0.41258368,0.41258368
0.40035328,0.40035328
0.38981745,0.38981745
0.3499826,0.3499826
0.41201702,0.41201702
0.41654205,0.41654205
0.4407233,0.4407233
0.41988784,0.41988784
0.39068303,0.39068303
0.4766468,0.4766468
0.47957507,0.47957507
0.49018243,0.49018243
0.5718737,0.5718737
0.5028421,0.5028421
0.46778387,0.46778387
0.4597299,0.4597299
0.43950126,0.43950126
0.42321715,0.42321715
0.38690725,0.38690725
0.45567873,0.45567873
0.4518583,0.4518583
0.45632568,0.45632568
0.41736552,0.41736552
0.3829336,0.3829336
0.45377854,0.45377854
0.41997468,0.41997468
0.40641293,0.40641293
0.41973647,0.41973647
0.5002175,0.5002175
0.49914035,0.49914035
0.51440275,0.51440275
0.52090204,0.52090204
0.4914619,0.4914619
0.48743585,0.48743585
0.53533626,0.53533626
0.506909,0.506909
0.5282506,0.5282506
0.52311635,0.52311635
0.5335926,0.5335926
0.5220741,0.5220741
0.49351233,0.49351233
0.524313,0.524313
0.50545937,0.50545937
0.46322206,0.46322206
0.46182236,0.46182236
0.50578254,0.50578254
0.5281975,0.5281975
0.51665723,0.51665723
0.5309749,0.5309749
0.5030836,0.5030836
0.5046938,0.5046938
0.45157,0.45157
0.4851558,0.4851558
0.47423914,0.47423914
0.48796684,0.48796684
0.48491073,0.48491073
0.49428812,0.49428812
0.4669645,0.4669645
0.46190998,0.46190998
0.41098097,0.41098097
0.45359242,0.45359242
0.44704098,0.44704098
0.46074384,0.46074384
0.43472108,0.43472108
0.44322357,0.44322357
0.44980344,0.44980344
0.417216,0.417216
0.422082,0.422082
0.4574583,0.4574583
0.42816448,0.42816448
0.42777866,0.42777866
0.41044027,0.41044027
0.42632177,0.42632177
0.4272223,0.4272223
0.42582202,0.42582202
0.41149434,0.41149434
0.4708245,0.4708245
0.48109123,0.48109123
0.46355787,0.46355787
0.4653487,0.4653487
0.5133372,0.5133372
0.43477204,0.43477204
0.50017095,0.50017095
0.34563032,0.34563032
0.41693115,0.41693115
0.5135177,0.5135177
0.47438127,0.47438127
0.4371052,0.4371052
0.49705845,0.49705845
0.49969953,0.49969953
0.5268455,0.5268455
0.586963,0.586963
0.3800918,0.3800918
0.39093277,0.39093277
0.47340018,0.47340018
0.49617374,0.49617374
0.46221256,0.46221256
0.43911818,0.43911818
0.4987276,0.4987276
0.3660782,0.3660782
0.43405333,0.43405333
0.49168372,0.49168372
0.45835698,0.45835698
0.5331172,0.5331172
0.49810454,0.49810454
0.47799718,0.47799718
0.47652012,0.47652012
0.5000379,0.5000379
0.47638753,0.47638753
0.47570515,0.47570515
0.46738806,0.46738806
0.5251726,0.5251726
0.49415132,0.49415132
0.48025987,0.48025987
0.50817585,0.50817585
0.5208339,0.5208339
0.510339,0.510339
0.53225625,0.53225625
0.57274365,0.57274365
0.49496877,0.49496877
0.44924438,0.44924438
0.47638148,0.47638148
0.45996752,0.45996752
0.48451257,0.48451257
0.49887896,0.49887896
0.51612806,0.51612806
0.512101,0.512101
0.41714516,0.41714516
0.46125954,0.46125954
0.49209955,0.49209955
0.43214816,0.43214816
0.4604233,0.4604233
0.45249894,0.45249894
0.4594394,0.4594394
0.42436507,0.42436507
0.4026891,0.4026891
0.41013885,0.41013885
0.47737503,0.47737503
0.53531295,0.53531295
0.48186663,0.48186663
0.5043836,0.5043836
0.4638587,0.4638587
0.40871027,0.40871027
0.42892262,0.42892262
0.41467303,0.41467303
0.33884877,0.33884877
0.51845974,0.51845974
0.54656804,0.54656804
0.53303057,0.53303057
0.5203642,0.5203642
0.50289553,0.50289553
0.52239794,0.52239794
0.5101114,0.5101114
0.5015465,0.5015465
0.46849078,0.46849078
0.40823847,0.40823847
0.40083373,0.40083373
0.3415591,0.3415591
0.39918697,0.39918697
0.3749614,0.3749614
0.3950232,0.3950232
0.48095635,0.48095635
0.34765172,0.34765172
0.3519552,0.3519552
0.3901557,0.3901557
0.34430966,0.34430966
0.43700424,0.43700424
0.49766123,0.49766123
0.4710031,0.4710031
0.471521,0.471521
0.43712586,0.43712586
0.47009426,0.47009426
0.500725,0.500725
0.49736646,0.49736646
0.4498434,0.4498434
0.4804352,0.4804352
0.49315056,0.49315056
0.49232292,0.49232292
0.46257463,0.46257463
0.46202475,0.46202475
0.3812636,0.3812636
0.4483032,0.4483032
0.48692495,0.48692495
0.54777604,0.54777604
0.5085771,0.5085771
0.5234066,0.5234066
0.5246653,0.5246653
0.4389399,0.4389399
0.40456477,0.40456477
0.5019537,0.5019537
0.44630414,0.44630414
0.4187276,0.4187276
0.5127702,0.5127702
0.450536,0.450536
0.45586497,0.45586497
0.41360664,0.41360664
0.41746286,0.41746286
0.41019174,0.41019174
0.44209763,0.44209763
0.43275705,0.43275705
0.46580192,0.46580192
0.42425218,0.42425218
0.50532866,0.50532866
0.48019013,0.48019013
0.49769133,0.49769133
0.4597095,0.4597095
0.48991925,0.48991925
0.50043935,0.50043935
0.4869785,0.4869785
0.42302424,0.42302424
0.56911695,0.56911695
0.51210976,0.51210976
0.44678915,0.44678915
0.46456495,0.46456495
0.49340466,0.49340466
0.46118298,0.46118298
0.41884613,0.41884613
0.47668776,0.47668776
0.45564666,0.45564666
0.43844947,0.43844947
0.4749534,0.4749534
0.45800897,0.45800897
0.46198872,0.46198872
0.46938226,0.46938226
0.482654,0.482654
0.46968088,0.46968088
0.4242263,0.4242263
0.50337476,0.50337476
0.5668558,0.5668558
0.5300846,0.5300846
0.49665612,0.49665612
0.4496561,0.4496561
0.47667825,0.47667825
0.48220253,0.48220253
0.431087,0.431087
0.4208164,0.4208164
0.39124998,0.39124998
0.42626485,0.42626485
0.38636124,0.38636124
0.37256405,0.37256405
0.35479233,0.35479233
0.3698042,0.3698042
0.47985163,0.47985163
0.4843531,0.4843531
0.5020696,0.5020696
0.5182657,0.5182657
0.4325651,0.4325651
0.46078235,0.46078235
0.41773146,0.41773146
0.50026727,0.50026727
0.52917266,0.52917266
0.52003515,0.52003515
0.5695368,0.5695368
0.48521042,0.48521042
0.50237113,0.50237113
0.39053872,0.39053872
0.4488126,0.4488126
0.46481875,0.46481875
0.45889133,0.45889133
0.4027162,0.4027162
0.41315416,0.41315416
0.3997772,0.3997772
0.42681605,0.42681605
0.39628345,0.39628345
0.3967866,0.3967866
0.45185643,0.45185643
0.38635284,0.38635284
0.42703286,0.42703286
0.33926293,0.33926293
0.38303784,0.38303784
0.40538993,0.40538993
0.38973573,0.38973573
0.38464502,0.38464502
0.38464502,0.38464502
0.38464502,0.38464502
0.38464502,0.38464502
0.38086736,0.38086736
0.4427266,0.4427266
0.4980878,0.4980878
0.5395047,0.5395047
0.5436562,0.5436562
0.5633264,0.5633264
0.5513051,0.5513051
0.5252668,0.5252668
0.52818906,0.52818906
0.43063167,0.43063167
0.48569918,0.48569918
0.4444892,0.4444892
0.4845699,0.4845699
0.47185588,0.47185588
0.46653113,0.46653113
0.41921464,0.41921464
0.45258042,0.45258042
0.44373408,0.44373408
0.45125556,0.45125556
0.42518562,0.42518562
0.42899507,0.42899507
0.49024472,0.49024472
0.46250477,0.46250477
0.38288096,0.38288096
0.41643092,0.41643092
0.40472564,0.40472564
0.4552052,0.4552052
0.37289324,0.37289324
0.39208156,0.39208156
0.47854006,0.47854006
0.4673753,0.4673753
0.42908677,0.42908677
0.5227657,0.5227657
0.5192493,0.5192493
0.52088964,0.52088964
0.5260126,0.5260126
0.5121951,0.5121951
0.5169833,0.5169833
0.45830935,0.45830935
0.46117756,0.46117756
0.48739466,0.48739466
0.46142012,0.46142012
0.49377492,0.49377492
0.46865246,0.46865246
0.5354895,0.5354895
0.53580993,0.53580993
0.5248779,0.5248779
0.52005416,0.52005416
0.4452191,0.4452191
0.3761131,0.3761131
0.51381665,0.51381665
0.45135415,0.45135415
0.45901942,0.45901942
0.4831076,0.4831076
0.48665667,0.48665667
0.46655357,0.46655357
0.46355337,0.46355337
0.47819555,0.47819555
0.4842334,0.4842334
0.4546549,0.4546549
0.45878074,0.45878074
0.47058028,0.47058028
0.42459294,0.42459294
0.42511815,0.42511815
0.4110304,0.4110304
0.44675395,0.44675395
0.43444705,0.43444705
0.46359026,0.46359026
0.518667,0.518667
0.5173656,0.5173656
0.5154776,0.5154776
0.50982726,0.50982726
0.5156226,0.5156226
0.46198508,0.46198508
0.43485183,0.43485183
0.41458744,0.41458744
0.40939757,0.40939757
0.40056223,0.40056223
0.40735805,0.40735805
0.38931388,0.38931388
0.38197383,0.38197383
0.4325594,0.4325594
0.3951156,0.3951156
0.42459935,0.42459935
0.40415296,0.40415296
0.35256174,0.35256174
0.41354603,0.41354603
0.38521248,0.38521248
0.38464502,0.38464502
0.38464502,0.38464502
0.38464502,0.38464502
0.38793793,0.38793793
0.44928813,0.44928813
0.44047695,0.44047695
0.4125446,0.4125446
0.41969952,0.41969952
0.3891564,0.3891564
0.42715114,0.42715114
0.44588974,0.44588974
0.38204432,0.38204432
0.41581735,0.41581735
0.40502036,0.40502036
0.43071273,0.43071273
0.3533159,0.3533159
0.43155438,0.43155438
0.42564067,0.42564067
0.42027822,0.42027822
0.34236768,0.34236768
0.36318687,0.36318687
0.45419684,0.45419684
0.37649673,0.37649673
0.4388161,0.4388161
0.43850878,0.43850878
0.41926065,0.41926065
0.36927882,0.36927882
0.44654262,0.44654262
0.3974331,0.3974331
0.39912963,0.39912963
0.3459726,0.3459726
0.38837993,0.38837993
0.40954062,0.40954062
0.3919613,0.3919613
0.370521,0.370521
0.4151413,0.4151413
0.39060628,0.39060628
0.3976892,0.3976892
0.3818266,0.3818266
0.4015315,0.4015315
0.41081536,0.41081536
0.4524965,0.4524965
0.42184004,0.42184004
0.44033173,0.44033173
0.4142729,0.4142729
0.38638198,0.38638198
0.36067134,0.36067134
0.44073805,0.44073805
0.3996832,0.3996832
0.4019682,0.4019682
0.39693457,0.39693457
0.41264156,0.41264156
0.38980865,0.38980865
0.33022743,0.33022743
0.4284057,0.4284057
0.40781882,0.40781882
0.4195103,0.4195103
0.38464502,0.38464502
0.38464502,0.38464502
0.38464502,0.38464502
0.38464502,0.38464502
0.38464502,0.38464502
0.38464502,0.38464502
0.4017566,0.4017566
0.44576088,0.44576088
0.4012299,0.4012299
0.3927211,0.3927211
0.40420616,0.40420616
0.43548882,0.43548882
0.40718332,0.40718332
0.39304775,0.39304775
0.4161826,0.4161826
0.406107,0.406107
0.398801,0.398801
0.3814842,0.3814842
0.4026614,0.4026614
0.38402912,0.38402912
0.3963599,0.3963599
0.39702243,0.39702243
0.40429792,0.40429792
0.41876617,0.41876617
0.46942613,0.46942613
0.4659691,0.4659691
0.49207884,0.49207884
0.4426139,0.4426139
0.4970045,0.4970045
0.42450425,0.42450425
0.44896907,0.44896907
0.44956985,0.44956985
0.41581333,0.41581333
0.40617418,0.40617418
0.41627982,0.41627982
0.3853226,0.3853226
0.37862998,0.37862998
0.39644617,0.39644617
0.4420389,0.4420389
0.43441376,0.43441376
0.4468697,0.4468697
0.43175346,0.43175346
0.4288805,0.4288805
0.39772156,0.39772156
0.4031568,0.4031568
0.43591902,0.43591902
0.37254375,0.37254375
0.44000036,0.44000036
0.403998,0.403998
0.38574976,0.38574976
0.45639262,0.45639262
0.38111973,0.38111973
0.35700685,0.35700685
0.36777988,0.36777988
0.42413685,0.42413685
0.40648985,0.40648985
0.4461854,0.4461854
0.42894647,0.42894647
0.38812524,0.38812524
0.43015617,0.43015617
0.41829115,0.41829115
0.36177903,0.36177903
0.39286506,0.39286506
0.470565,0.470565
0.4502612,0.4502612
0.42626816,0.42626816
0.36903667,0.36903667
0.43727317,0.43727317
0.3954822,0.3954822
0.4629769,0.4629769
0.41010788,0.41010788
0.3672799,0.3672799
0.44675034,0.44675034
0.42422712,0.42422712
0.42880917,0.42880917
0.3987876,0.3987876
0.41967574,0.41967574
0.4213299,0.4213299
0.36657336,0.36657336
0.41526046,0.41526046
0.37199908,0.37199908
0.4214337,0.4214337
0.433042,0.433042
0.38675997,0.38675997
0.38464502,0.38464502
0.38464502,0.38464502
0.38464502,0.38464502
0.38464502,0.38464502
0.38464502,0.38464502
0.38464502,0.38464502
0.38464502,0.38464502
0.3759084,0.3759084
0.41431636,0.41431636
0.42936414,0.42936414
0.386275,0.386275
0.41009763,0.41009763
0.37022445,0.37022445
0.43722227,0.43722227
0.42619556,0.42619556
0.40977657,0.40977657
0.41492563,0.41492563
0.39116025,0.39116025
0.36614612,0.36614612
0.34973854,0.34973854
0.37322986,0.37322986
0.3894775,0.3894775
0.460805,0.460805
0.44659132,0.44659132
0.43180382,0.43180382
0.34525496,0.34525496
0.4190055,0.4190055
0.43602434,0.43602434
0.43610722,0.43610722
0.36894113,0.36894113
0.35570028,0.35570028
0.4314176,0.4314176
0.41495928,0.41495928
0.40477514,0.40477514
0.40891555,0.40891555
0.36529598,0.36529598
0.361445,0.361445
0.41811812,0.41811812
0.38169134,0.38169134
0.43073884,0.43073884
0.4035339,0.4035339
0.4219803,0.4219803
0.37913015,0.37913015
0.3966816,0.3966816
0.40839118,0.40839118
0.4049324,0.4049324
0.3849109,0.3849109
0.38473034,0.38473034
0.43063006,0.43063006
0.41527697,0.41527697
0.4240247,0.4240247
0.4113874,0.4113874
0.4166627,0.4166627
0.43936107,0.43936107
0.3919881,0.3919881
0.43713024,0.43713024
0.39134708,0.39134708
0.4110294,0.4110294
0.3906552,0.3906552
0.41422427,0.41422427
0.40149975,0.40149975
0.4502165,0.4502165
0.38464502,0.38464502
0.38464502,0.38464502
0.4041597,0.4041597
0.36740363,0.36740363
0.35794795,0.35794795
0.4164215,0.4164215
0.349944,0.349944
0.40272775,0.40272775
0.39743754,0.39743754
0.36075208,0.36075208
0.42758065,0.42758065
0.45586464,0.45586464
0.40129566,0.40129566
0.38890016,0.38890016
0.3831088,0.3831088
0.4388272,0.4388272
0.4322772,0.4322772
0.39988592,0.39988592
0.4232254,0.4232254
0.47406644,0.47406644
0.38429353,0.38429353
0.36723486,0.36723486
0.36500502,0.36500502
0.44692454,0.44692454
0.45704773,0.45704773
0.45980808,0.45980808
0.4002271,0.4002271
0.40245318,0.40245318
0.43139154,0.43139154
0.40216938,0.40216938
0.42272806,0.42272806
0.43779624,0.43779624
0.4288225,0.4288225
0.37203294,0.37203294
0.42735103,0.42735103
0.4318935,0.4318935
0.37691534,0.37691534
0.41951686,0.41951686
0.42569974,0.42569974
0.42275974,0.42275974
0.45099762,0.45099762
0.38404682,0.38404682
0.37207857,0.37207857
0.33402246,0.33402246
0.42978072,0.42978072
0.47499114,0.47499114
0.39656755,0.39656755
0.38254133,0.38254133
0.46794263,0.46794263
0.41794387,0.41794387
0.4570551,0.4570551
0.35123736,0.35123736
0.39367962,0.39367962
0.38464502,0.38464502
0.38464502,0.38464502
0.38464502,0.38464502
0.38464502,0.38464502
0.38464502,0.38464502
0.38464502,0.38464502
0.38464502,0.38464502
0.38464502,0.38464502
0.39166075,0.39166075
0.42385447,0.42385447
0.4321861,0.4321861
0.35301217,0.35301217
0.41652945,0.41652945
0.4099889,0.4099889
0.3709294,0.3709294
0.37694874,0.37694874
0.41155234,0.41155234
0.44646695,0.44646695
0.42529604,0.42529604
0.40374592,0.40374592
0.39832112,0.39832112
0.42380983,0.42380983
0.4321922,0.4321922
0.5096943,0.5096943
0.4393663,0.4393663
0.45215383,0.45215383
0.43616217,0.43616217
0.4122875,0.4122875
0.45939046,0.45939046
0.39067763,0.39067763
0.4211517,0.4211517
0.38185996,0.38185996
0.35271624,0.35271624
0.3914825,0.3914825
0.39450136,0.39450136
0.36543968,0.36543968
0.35226023,0.35226023
0.40375707,0.40375707
0.41250393,0.41250393
0.4307737,0.4307737
0.41002488,0.41002488
0.36875793,0.36875793
0.3765855,0.3765855
0.39634758,0.39634758
0.4092606,0.4092606
0.4166634,0.4166634
0.40532407,0.40532407
0.4235548,0.4235548
0.46259162,0.46259162
0.42070657,0.42070657
0.36099774,0.36099774
0.41865078,0.41865078
0.39337456,0.39337456
0.39308387,0.39308387
0.4497966,0.4497966
0.40747324,0.40747324
0.41087762,0.41087762
0.39234895,0.39234895
0.4239682,0.4239682
0.44494528,0.44494528
0.37305108,0.37305108
0.44145367,0.44145367
0.43225968,0.43225968
0.43248513,0.43248513
0.42101365,0.42101365
0.40573838,0.40573838
0.4539614,0.4539614
0.44785166,0.44785166
0.37191433,0.37191433
0.41936103,0.41936103
0.39447603,0.39447603
0.4430285,0.4430285
0.38554445,0.38554445
0.3842984,0.3842984
0.35658976,0.35658976
0.35656172,0.35656172
0.389988,0.389988
0.43940592,0.43940592
0.42959926,0.42959926
0.39693052,0.39693052
0.40401292,0.40401292
0.42982173,0.42982173
0.48528996,0.48528996
0.45652404,0.45652404
0.4312796,0.4312796
0.41951177,0.41951177
0.37441358,0.37441358
0.36444154,0.36444154
0.34861356,0.34861356
0.3238382,0.3238382
0.4244962,0.4244962
0.4045411,0.4045411
0.4243803,0.4243803
0.42561594,0.42561594
0.4241633,0.4241633
0.44684094,0.44684094
0.41940948,0.41940948
0.41219044,0.41219044
0.40744132,0.40744132
0.41445366,0.41445366
0.4256337,0.4256337
0.45382452,0.45382452
0.48804647,0.48804647
0.4775959,0.4775959
0.45398235,0.45398235
0.3704877,0.3704877
0.4294945,0.4294945
0.3799959,0.3799959
0.43820044,0.43820044
0.35385197,0.35385197
0.3903013,0.3903013
0.3940484,0.3940484
0.37592456,0.37592456
0.36315107,0.36315107
0.38464502,0.38464502
0.38464502,0.38464502
0.38464502,0.38464502
0.38464502,0.38464502
0.38464502,0.38464502
0.3866403,0.3866403
0.42790622,0.42790622
0.43791106,0.43791106
0.37775537,0.37775537
0.41124982,0.41124982
0.41069818,0.41069818
0.42944133,0.42944133
0.42783627,0.42783627
0.4238162,0.4238162
0.4338728,0.4338728
0.40725315,0.40725315
0.40944728,0.40944728
0.4322215,0.4322215
0.37378463,0.37378463
0.4559865,0.4559865
0.38888627,0.38888627
0.4542664,0.4542664
0.4471592,0.4471592
0.41195062,0.41195062
0.41067225,0.41067225
0.4652224,0.4652224
0.4485756,0.4485756
0.42153797,0.42153797
0.36405852,0.36405852
0.40267628,0.40267628
0.4026502,0.4026502
0.37618047,0.37618047
0.3659645,0.3659645
0.3987199,0.3987199
0.41161367,0.41161367
0.37956107,0.37956107
0.40378246,0.40378246
0.40926006,0.40926006
0.42616278,0.42616278
0.34517187,0.34517187
0.4380993,0.4380993
0.39821598,0.39821598
0.4180694,0.4180694
0.37107712,0.37107712
0.4292858,0.4292858
0.40588143,0.40588143
0.37058663,0.37058663
0.35291633,0.35291633
0.38335952,0.38335952
0.36653158,0.36653158
0.44723505,0.44723505
0.37944812,0.37944812
0.4248487,0.4248487
0.44613108,0.44613108
0.38464502,0.38464502
0.38464502,0.38464502
0.38464502,0.38464502
0.38464502,0.38464502
0.38464502,0.38464502
0.38464502,0.38464502
0.38464502,0.38464502
0.38464502,0.38464502
0.38464502,0.38464502
0.38464502,0.38464502
0.38464502,0.38464502
0.38464502,0.38464502
0.3940256,0.3940256
0.41632643,0.41632643
0.45037872,0.45037872
0.45983127,0.45983127
0.4650624,0.4650624
0.49467364,0.49467364
0.47633073,0.47633073
0.48255965,0.48255965
0.3933832,0.3933832
0.40910468,0.40910468
0.46347693,0.46347693
0.4820225,0.4820225
0.44866765,0.44866765
0.40735924,0.40735924
0.43518573,0.43518573
0.36539024,0.36539024
0.4026705,0.4026705
0.41167924,0.41167924
0.3800103,0.3800103
0.35379657,0.35379657
0.33593208,0.33593208
0.3935356,0.3935356
0.33713612,0.33713612
0.33140367,0.33140367
0.38464502,0.38464502
0.38464502,0.38464502
0.38464502,0.38464502
0.38464502,0.38464502
0.38464502,0.38464502
0.38464502,0.38464502
0.38464502,0.38464502
0.38464502,0.38464502
0.38464502,0.38464502
0.38464502,0.38464502
0.38464502,0.38464502
0.38464502,0.38464502
0.38464502,0.38464502
0.38464502,0.38464502
0.38464502,0.38464502
0.38464502,0.38464502
0.38464502,0.38464502
0.38464502,0.38464502
0.38464502,0.38464502
0.38464502,0.38464502
0.38464502,0.38464502
0.38464502,0.38464502
0.38464502,0.38464502
0.38464502,0.38464502
0.38464502,0.38464502
0.38464502,0.38464502
0.38464502,0.38464502
0.38464502,0.38464502
0.38464502,0.38464502
0.38464502,0.38464502
0.38464502,0.38464502
0.38464502,0.38464502
0.38464502,0.38464502
0.38464502,0.38464502
0.38464502,0.38464502
0.38464502,0.38464502
0.38464502,0.38464502
0.38464502,0.38464502
0.38464502,0.38464502
0.38464502,0.38464502
0.38464502,0.38464502
0.38464502,0.38464502
0.38464502,0.38464502
0.38464502,0.38464502
0.38464502,0.38464502
0.38464502,0.38464502
0.38464502,0.38464502
0.38464502,0.38464502
0.38464502,0.38464502
0.38464502,0.38464502
0.38464502,0.38464502
0.38464502,0.38464502
0.38464502,0.38464502
0.38464502,0.38464502
0.38464502,0.38464502
0.38464502,0.38464502
0.38464502,0.38464502
0.38464502,0.38464502
0.38464502,0.38464502
0.38464502,0.38464502
0.38464502,0.38464502
0.38464502,0.38464502
0.38464502,0.38464502
0.38464502,0.38464502
0.38464502,0.38464502
0.38464502,0.38464502
0.38464502,0.38464502
0.38464502,0.38464502
0.38464502,0.38464502
0.38464502,0.38464502
0.38464502,0.38464502
0.38464502,0.38464502
0.38464502,0.38464502
0.38464502,0.38464502
0.38464502,0.38464502
0.38464502,0.38464502
0.38464502,0.38464502
0.38464502,0.38464502
0.38464502,0.38464502
0.38464502,0.38464502
0.38464502,0.38464502
0.38464502,0.38464502
0.38464502,0.38464502
0.38464502,0.38464502
0.38464502,0.38464502
0.38464502,0.38464502
0.38464502,0.38464502
0.38464502,0.38464502
0.38464502,0.38464502
0.38464502,0.38464502
0.38464502,0.38464502
0.38464502,0.38464502
0.38464502,0.38464502
0.38464502,0.38464502
0.38464502,0.38464502
0.38464502,0.38464502
0.38464502,0.38464502
0.38464502,0.38464502
0.38464502,0.38464502
0.38464502,0.38464502
0.38464502,0.38464502
0.38464502,0.38464502
0.38464502,0.38464502
0.38464502,0.38464502
0.38464502,0.38464502
0.34436703,0.34436703
0.3713299,0.3713299
0.3938872,0.3938872
0.37831107,0.37831107
0.41588873,0.41588873
0.48753655,0.48753655
0.47260332,0.47260332
0.46094614,0.46094614
0.45124236,0.45124236
0.48356342,0.48356342
0.44370696,0.44370696
0.4417681,0.4417681
0.48155674,0.48155674
0.4944807,0.4944807
0.39602217,0.39602217
0.46846262,0.46846262
0.4767476,0.4767476
0.36770982,0.36770982
0.4006616,0.4006616
0.42869455,0.42869455
0.40307647,0.40307647
0.38460654,0.38460654
0.49368265,0.49368265
0.3789428,0.3789428
0.37836668,0.37836668
0.4135611,0.4135611
0.35652038,0.35652038
0.36621374,0.36621374
0.39308786,0.39308786
0.4803959,0.4803959
0.48013267,0.48013267
0.47820705,0.47820705
0.43189248,0.43189248
0.4559549,0.4559549
0.47126392,0.47126392
0.45801404,0.45801404
0.50368583,0.50368583
0.50825197,0.50825197
0.42291752,0.42291752
0.41768605,0.41768605
0.4727513,0.4727513
0.38043216,0.38043216
0.51521116,0.51521116
0.49044275,0.49044275
0.4205349,0.4205349
0.4129569,0.4129569
0.4494788,0.4494788
0.42942086,0.42942086
0.40241033,0.40241033
0.5490765,0.5490765
0.50960296,0.50960296
0.4992812,0.4992812
0.4595972,0.4595972
0.4338476,0.4338476
0.4390882,0.4390882
0.50091183,0.50091183
0.5144613,0.5144613
0.4770527,0.4770527
0.44761536,0.44761536
0.3949633,0.3949633
0.3708849,0.3708849
0.45008624,0.45008624
0.41894513,0.41894513
0.3305687,0.3305687
0.43358076,0.43358076
0.4303256,0.4303256
0.47949573,0.47949573
0.4147801,0.4147801
0.4178776,0.4178776
0.38983968,0.38983968
0.44546163,0.44546163
0.50314945,0.50314945
0.4956864,0.4956864
0.49967027,0.49967027
0.39688194,0.39688194
0.46816322,0.46816322
0.44109637,0.44109637
0.38363108,0.38363108
0.38605478,0.38605478
0.38959163,0.38959163
0.49008352,0.49008352
0.44221014,0.44221014
0.49788913,0.49788913
0.4903407,0.4903407
0.5198949,0.5198949
0.5230686,0.5230686
0.48062736,0.48062736
0.5200076,0.5200076
0.5237465,0.5237465
0.4626987,0.4626987
0.48847345,0.48847345
0.4778873,0.4778873
0.4758534,0.4758534
0.495378,0.495378
0.49732634,0.49732634
0.44444218,0.44444218
0.41300243,0.41300243
0.38147977,0.38147977
0.45924115,0.45924115
0.48549443,0.48549443
0.49754176,0.49754176
0.4923968,0.4923968
0.46958208,0.46958208
0.48103625,0.48103625
0.41534284,0.41534284
0.47589582,0.47589582
0.43108872,0.43108872
0.40566626,0.40566626
0.42959443,0.42959443
0.45517626,0.45517626
0.45023942,0.45023942
0.46191755,0.46191755
0.49985567,0.49985567
0.44496074,0.44496074
0.39267677,0.39267677
0.4254018,0.4254018
0.46029896,0.46029896
0.49720332,0.49720332
0.49258754,0.49258754
0.4717993,0.4717993
0.4873708,0.4873708
0.5015101,0.5015101
0.49328798,0.49328798
0.46908963,0.46908963
0.4703408,0.4703408
0.4743404,0.4743404
0.4808966,0.4808966
0.46001673,0.46001673
0.48295745,0.48295745
0.47275624,0.47275624
0.47297958,0.47297958
0.4539879,0.4539879
0.4766713,0.4766713
0.48652935,0.48652935
0.4724453,0.4724453
0.45592088,0.45592088
0.59065586,0.59065586
0.45559937,0.45559937
0.38022777,0.38022777
0.376511,0.376511
0.40017515,0.40017515
0.46130648,0.46130648
0.4370215,0.4370215
0.4263837,0.4263837
0.42106858,0.42106858
0.42998466,0.42998466
0.4430283,0.4430283
0.48253503,0.48253503
0.49009767,0.49009767
0.455818,0.455818
0.44222665,0.44222665
0.4920096,0.4920096
0.48930037,0.48930037
0.49019685,0.49019685
0.46156183,0.46156183
0.47782168,0.47782168
0.51950306,0.51950306
0.48335555,0.48335555
0.494552,0.494552
0.44617608,0.44617608
0.41464645,0.41464645
0.38442948,0.38442948
0.4373217,0.4373217
0.4711345,0.4711345
0.3715399,0.3715399
0.45699984,0.45699984
0.45817655,0.45817655
0.4311489,0.4311489
0.478342,0.478342
0.40072146,0.40072146
0.4126392,0.4126392
0.42787623,0.42787623
0.5105326,0.5105326
0.4800399,0.4800399
0.44717318,0.44717318
0.35831305,0.35831305
0.3132061,0.3132061
0.32806692,0.32806692
0.39703047,0.39703047
0.44325784,0.44325784
0.44565147,0.44565147
0.48102877,0.48102877
0.48913196,0.48913196
0.46315596,0.46315596
0.51483816,0.51483816
0.45424637,0.45424637
0.45795622,0.45795622
0.40986976,0.40986976
0.45914027,0.45914027
0.38464502,0.38464502
0.38464502,0.38464502
0.38464502,0.38464502
0.38464502,0.38464502
0.39070293,0.39070293
0.4937304,0.4937304
0.59954506,0.59954506
0.40205976,0.40205976
0.38058025,0.38058025
0.47380486,0.47380486
0.43754414,0.43754414
0.47296795,0.47296795
0.46545112,0.46545112
0.4222398,0.4222398
0.4559643,0.4559643
0.37725857,0.37725857
0.35927027,0.35927027
0.42361513,0.42361513
0.39755937,0.39755937
0.51562667,0.51562667
0.5163457,0.5163457
0.5095485,0.5095485
0.4800062,0.4800062
0.5229457,0.5229457
0.47205856,0.47205856
0.4506452,0.4506452
0.4589321,0.4589321
0.51148343,0.51148343
0.4719701,0.4719701
0.507074,0.507074
0.4350239,0.4350239
0.45269772,0.45269772
0.41509297,0.41509297
0.4192419,0.4192419
0.46190146,0.46190146
0.46888328,0.46888328
0.4735485,0.4735485
0.4042899,0.4042899
0.5439884,0.5439884
0.4853344,0.4853344
0.5125389,0.5125389
0.50421876,0.50421876
0.47817555,0.47817555
0.38493448,0.38493448
0.50900567,0.50900567
0.453174,0.453174
0.46422568,0.46422568
0.5093405,0.5093405
0.48709694,0.48709694
0.38236764,0.38236764
0.40721944,0.40721944
0.379016,0.379016
0.37237796,0.37237796
0.47506633,0.47506633
0.472066,0.472066
0.4806429,0.4806429
0.45761147,0.45761147
0.44292915,0.44292915
0.45452872,0.45452872
0.46737707,0.46737707
0.50543743,0.50543743
0.50450706,0.50450706
0.51308894,0.51308894
0.50729835,0.50729835
0.511615,0.511615
0.43698105,0.43698105
0.426638,0.426638
0.4947275,0.4947275
0.42092818,0.42092818
0.45449767,0.45449767
0.3487845,0.3487845
0.36940575,0.36940575
0.4072848,0.4072848
0.41890398,0.41890398
0.4042304,0.4042304
0.41004524,0.41004524
0.41910964,0.41910964
0.41487405,0.41487405
0.3932269,0.3932269
0.4274413,0.4274413
0.45446345,0.45446345
0.47915193,0.47915193
0.40692925,0.40692925
0.45164767,0.45164767
0.45877072,0.45877072
0.44582966,0.44582966
0.44234213,0.44234213
0.41148758,0.41148758
0.38807914,0.38807914
0.39408284,0.39408284
0.4006605,0.4006605
0.6238322,0.6238322
0.4367099,0.4367099
0.44963685,0.44963685
0.51329374,0.51329374
0.5080716,0.5080716
0.3760125,0.3760125
0.3541105,0.3541105
0.46034732,0.46034732
0.44696626,0.44696626
0.40439206,0.40439206
0.3496786,0.3496786
0.38697642,0.38697642
0.3922938,0.3922938
0.47925463,0.47925463
0.42898798,0.42898798
0.48163074,0.48163074
0.5141132,0.5141132
0.563707,0.563707
0.40548724,0.40548724
0.44610235,0.44610235
0.5436908,0.5436908
0.43004993,0.43004993
0.5733677,0.5733677
0.5432327,0.5432327
0.47560403,0.47560403
0.4077832,0.4077832
0.39147002,0.39147002
0.410917,0.410917
0.45242083,0.45242083
0.4415592,0.4415592
0.400062,0.400062
0.40562847,0.40562847
0.39156917,0.39156917
0.49462023,0.49462023
0.4746388,0.4746388
0.47588393,0.47588393
0.5600416,0.5600416
0.5000738,0.5000738
0.41927275,0.41927275
0.41110745,0.41110745
0.47066712,0.47066712
0.47006735,0.47006735
0.38552237,0.38552237
0.43344557,0.43344557
0.4126983,0.4126983
0.40395087,0.40395087
0.42328265,0.42328265
0.42022997,0.42022997
0.366478,0.366478
0.36337802,0.36337802
0.39947137,0.39947137
0.4626112,0.4626112
0.47013286,0.47013286
0.36851498,0.36851498
0.4065066,0.4065066
0.4518894,0.4518894
0.4594628,0.4594628
0.47042996,0.47042996
0.4730014,0.4730014
0.5333848,0.5333848
0.41814703,0.41814703
0.45439094,0.45439094
0.47437674,0.47437674
0.46690103,0.46690103
0.48562828,0.48562828
0.4939739,0.4939739
0.48032796,0.48032796
0.49009287,0.49009287
0.5255417,0.5255417
0.4651266,0.4651266
0.46409628,0.46409628
0.49591762,0.49591762
0.46017498,0.46017498
0.4650054,0.4650054
0.41868845,0.41868845
0.4270281,0.4270281
0.48868954,0.48868954
0.5322356,0.5322356
0.4984417,0.4984417
0.49940223,0.49940223
0.56587714,0.56587714
0.52174306,0.52174306
0.5315687,0.5315687
0.45575404,0.45575404
0.4947113,0.4947113
0.4619861,0.4619861
0.42366096,0.42366096
0.38464502,0.38464502
0.38464502,0.38464502
0.38464502,0.38464502
0.38464502,0.38464502
0.36917698,0.36917698
0.51714396,0.51714396
0.46601447,0.46601447
0.5101299,0.5101299
0.38709196,0.38709196
0.38464502,0.38464502
0.38464502,0.38464502
0.38464502,0.38464502
0.41556096,0.41556096
0.43783838,0.43783838
0.5752999,0.5752999
0.41748998,0.41748998
0.47238106,0.47238106
0.5073813,0.5073813
0.5077378,0.5077378
0.47692925,0.47692925
0.47891438,0.47891438
0.45699686,0.45699686
0.5052707,0.5052707
0.5252496,0.5252496
0.5724971,0.5724971
0.45342097,0.45342097
0.44036442,0.44036442
0.4639167,0.4639167
0.43804535,0.43804535
0.47216743,0.47216743
0.44809198,0.44809198
0.45276493,0.45276493
0.52275586,0.52275586
0.53362197,0.53362197
0.46564263,0.46564263
0.47665694,0.47665694
0.47792175,0.47792175
0.4062151,0.4062151
0.47036242,0.47036242
0.44253016,0.44253016
0.42376447,0.42376447
0.36795405,0.36795405
0.5277236,0.5277236
0.5258189,0.5258189
0.4929034,0.4929034
0.4080101,0.4080101
0.37369588,0.37369588
0.40880844,0.40880844
0.4789863,0.4789863
0.507328,0.507328
0.48515493,0.48515493
0.4588234,0.4588234
0.48426157,0.48426157
0.47119072,0.47119072
0.46329328,0.46329328
0.4833609,0.4833609
0.51004624,0.51004624
0.46085614,0.46085614
0.45411983,0.45411983
0.4226868,0.4226868
0.4141704,0.4141704
0.46567813,0.46567813
0.5099733,0.5099733
0.42857662,0.42857662
0.46796492,0.46796492
0.5049385,0.5049385
0.4949174,0.4949174
0.5184718,0.5184718
0.54081017,0.54081017
0.5340738,0.5340738
0.54209477,0.54209477
0.51415575,0.51415575
0.49262136,0.49262136
0.4247897,0.4247897
0.4287552,0.4287552
0.37930772,0.37930772
0.41138393,0.41138393
0.49163228,0.49163228
0.513459,0.513459
0.38518512,0.38518512
0.5150598,0.5150598
0.49666908,0.49666908
0.47394148,0.47394148
0.40008318,0.40008318
0.4341175,0.4341175
0.44111207,0.44111207
0.46497962,0.46497962
0.42279264,0.42279264
0.41991168,0.41991168
0.41140187,0.41140187
0.43470174,0.43470174
0.54341197,0.54341197
0.5037788,0.5037788
0.3503088,0.3503088
0.36291075,0.36291075
0.409941,0.409941
0.4657442,0.4657442
0.4591548,0.4591548
0.55732965,0.55732965
0.5315615,0.5315615
0.51485944,0.51485944
0.51978797,0.51978797
0.46021768,0.46021768
0.45468315,0.45468315
0.5159939,0.5159939
0.5184829,0.5184829
0.46685445,0.46685445
0.544099,0.544099
0.47273114,0.47273114
0.43845108,0.43845108
0.47277507,0.47277507
0.46891198,0.46891198
0.4922981,0.4922981
0.5136981,0.5136981
0.48856315,0.48856315
0.5086354,0.5086354
0.49256468,0.49256468
0.50484854,0.50484854
0.49811184,0.49811184
0.43779418,0.43779418
0.4716802,0.4716802
0.45199978,0.45199978
0.4237785,0.4237785
0.43629897,0.43629897
0.44722745,0.44722745
0.49589083,0.49589083
0.5146754,0.5146754
0.4968266,0.4968266
0.42860803,0.42860803
0.45762712,0.45762712
0.5021971,0.5021971
0.48487023,0.48487023
0.46520272,0.46520272
0.4266565,0.4266565
0.5095532,0.5095532
0.49786237,0.49786237
0.48100185,0.48100185
0.40660462,0.40660462
0.4825,0.4825
0.50751495,0.50751495
0.46832696,0.46832696
0.53468084,0.53468084
0.47404155,0.47404155
0.4643759,0.4643759
0.45344865,0.45344865
0.40391102,0.40391102
0.38557371,0.38557371
0.56313175,0.56313175
0.52317595,0.52317595
0.5968417,0.5968417
0.5822505,0.5822505
0.43716228,0.43716228
0.4252794,0.4252794
0.41097736,0.41097736
0.43175197,0.43175197
0.43790826,0.43790826
0.42549536,0.42549536
0.43593726,0.43593726
0.4639897,0.4639897
0.40851128,0.40851128
0.38464502,0.38464502
0.38464502,0.38464502
0.38464502,0.38464502
0.38464502,0.38464502
0.38464502,0.38464502
0.38464502,0.38464502
0.42072293,0.42072293
0.41756794,0.41756794
0.4037152,0.4037152
0.5300787,0.5300787
0.50428087,0.50428087
0.5405651,0.5405651
0.5366678,0.5366678
0.53649753,0.53649753
0.46602198,0.46602198
0.4686646,0.4686646
0.40930527,0.40930527
0.39109036,0.39109036
0.43894497,0.43894497
0.44014624,0.44014624
0.4685818,0.4685818
0.47118437,0.47118437
0.4698701,0.4698701
0.46676615,0.46676615
0.46142226,0.46142226
0.4571645,0.4571645
0.4705937,0.4705937
0.38351423,0.38351423
0.34908828,0.34908828
0.46752077,0.46752077
0.39680642,0.39680642
0.42983878,0.42983878
0.36680913,0.36680913
0.4965016,0.4965016
0.37385675,0.37385675
0.36870328,0.36870328
0.4282879,0.4282879
0.54629934,0.54629934
0.5323973,0.5323973
0.4702721,0.4702721
0.39695823,0.39695823
0.416251,0.416251
0.4023292,0.4023292
0.4057378,0.4057378
0.43330148,0.43330148
0.4964946,0.4964946
0.51837206,0.51837206
0.5587657,0.5587657
0.4100927,0.4100927
0.4354223,0.4354223
0.5009088,0.5009088
0.43719184,0.43719184
0.3976745,0.3976745
0.3887471,0.3887471
0.53271335,0.53271335
0.49620575,0.49620575
0.5461061,0.5461061
0.44267207,0.44267207
0.4869928,0.4869928
0.49527633,0.49527633
0.4983482,0.4983482
0.4708355,0.4708355
0.5174503,0.5174503
0.554504,0.554504
0.47981617,0.47981617
0.48790535,0.48790535
0.4804948,0.4804948
0.48316115,0.48316115
0.512528,0.512528
0.40364876,0.40364876
0.42215678,0.42215678
0.4646376,0.4646376
0.4713112,0.4713112
0.5116219,0.5116219
0.48004726,0.48004726
0.4152868,0.4152868
0.40675277,0.40675277
0.32510644,0.32510644
0.39696893,0.39696893
0.48048183,0.48048183
0.44680792,0.44680792
0.37171125,0.37171125
0.51972485,0.51972485
0.4549344,0.4549344
0.49566874,0.49566874
0.5047493,0.5047493
0.5759305,0.5759305
0.5322014,0.5322014
0.5131448,0.5131448
0.30056474,0.30056474
0.36202985,0.36202985
0.36441985,0.36441985
0.38564408,0.38564408
0.5083504,0.5083504
0.489241,0.489241
0.47748068,0.47748068
0.48699945,0.48699945
0.504645,0.504645
0.4949594,0.4949594
0.48812136,0.48812136
0.5440819,0.5440819
0.543432,0.543432
0.56775767,0.56775767
0.5445627,0.5445627
0.52319986,0.52319986
0.49288735,0.49288735
0.46579486,0.46579486
0.42553622,0.42553622
0.42758986,0.42758986
0.4970225,0.4970225
0.52975667,0.52975667
0.60923165,0.60923165
0.4381794,0.4381794
0.45289955,0.45289955
0.46359542,0.46359542
0.51196706,0.51196706
0.66258496,0.66258496
0.46130708,0.46130708
0.50123,0.50123
0.53328305,0.53328305
0.5164962,0.5164962
0.47765908,0.47765908
0.4877818,0.4877818
0.5315226,0.5315226
0.4554069,0.4554069
0.49132836,0.49132836
0.48235816,0.48235816
0.4447758,0.4447758
0.4469783,0.4469783
0.50338316,0.50338316
0.44456315,0.44456315
0.45636612,0.45636612
0.4101531,0.4101531
0.4776693,0.4776693
0.49215817,0.49215817
0.5228487,0.5228487
0.4185195,0.4185195
0.48882982,0.48882982
0.45670822,0.45670822
0.51094925,0.51094925
0.48228687,0.48228687
0.5285852,0.5285852
0.5102146,0.5102146
0.49032402,0.49032402
0.5829675,0.5829675
0.5324638,0.5324638
0.48609465,0.48609465
0.41137603,0.41137603
0.43375316,0.43375316
0.44913965,0.44913965
0.4310598,0.4310598
0.4174816,0.4174816
0.34616083,0.34616083
0.4267419,0.4267419
0.34934205,0.34934205
0.40965554,0.40965554
0.4193605,0.4193605
0.38506123,0.38506123
0.38464502,0.38464502
0.38464502,0.38464502
0.38464502,0.38464502
0.38464502,0.38464502
0.38464502,0.38464502
0.38464502,0.38464502
0.38464502,0.38464502
0.38464502,0.38464502
0.38464502,0.38464502
0.38464502,0.38464502
0.38464502,0.38464502
0.38464502,0.38464502
0.38464502,0.38464502
0.3835164,0.3835164
0.41682586,0.41682586
0.40281573,0.40281573
0.40329888,0.40329888
0.40661496,0.40661496
0.3665693,0.3665693
0.4551105,0.4551105
0.3944943,0.3944943
0.39737377,0.39737377
0.3662576,0.3662576
0.39207077,0.39207077
0.35945648,0.35945648
0.3788548,0.3788548
0.38464502,0.38464502
0.38464502,0.38464502
0.38464502,0.38464502
0.38464502,0.38464502
0.38464502,0.38464502
0.38464502,0.38464502
0.38464502,0.38464502
0.38464502,0.38464502
0.38464502,0.38464502
0.38464502,0.38464502
0.38464502,0.38464502
0.38464502,0.38464502
0.38464502,0.38464502
0.38464502,0.38464502
0.38464502,0.38464502
0.38464502,0.38464502
0.38464502,0.38464502
0.38464502,0.38464502
0.38464502,0.38464502
0.38464502,0.38464502
0.38464502,0.38464502
0.38464502,0.38464502
0.38464502,0.38464502
0.38464502,0.38464502
0.38464502,0.38464502
0.38464502,0.38464502
0.38464502,0.38464502
0.38464502,0.38464502
0.38464502,0.38464502
0.38464502,0.38464502
0.38464502,0.38464502
0.38464502,0.38464502
0.38464502,0.38464502
0.38464502,0.38464502
0.38464502,0.38464502
0.38464502,0.38464502
0.38464502,0.38464502
0.38464502,0.38464502
0.38464502,0.38464502
0.38464502,0.38464502
0.38464502,0.38464502
0.38464502,0.38464502
0.38464502,0.38464502
0.38464502,0.38464502
0.38464502,0.38464502
0.38464502,0.38464502
0.38464502,0.38464502
0.38464502,0.38464502
0.38464502,0.38464502
0.38464502,0.38464502
0.38464502,0.38464502
0.38464502,0.38464502
0.38464502,0.38464502
0.38464502,0.38464502
0.38464502,0.38464502
0.38464502,0.38464502
0.38464502,0.38464502
0.38464502,0.38464502
0.38464502,0.38464502
0.38464502,0.38464502
0.38464502,0.38464502
0.38464502,0.38464502
0.38464502,0.38464502
0.38464502,0.38464502
0.38464502,0.38464502
0.38464502,0.38464502
0.38464502,0.38464502
0.38464502,0.38464502
0.38464502,0.38464502
0.38464502,0.38464502
0.38464502,0.38464502
0.38464502,0.38464502
0.38464502,0.38464502
0.38464502,0.38464502
0.38464502,0.38464502
0.38464502,0.38464502
0.38464502,0.38464502
0.38464502,0.38464502
0.38464502,0.38464502
0.38464502,0.38464502
0.38464502,0.38464502
0.38464502,0.38464502
0.38464502,0.38464502
0.38464502,0.38464502
0.38464502,0.38464502
0.38464502,0.38464502
0.38464502,0.38464502
0.38464502,0.38464502
0.38464502,0.38464502
0.38464502,0.38464502
0.38464502,0.38464502
0.38464502,0.38464502
0.38464502,0.38464502
0.38464502,0.38464502
0.38464502,0.38464502
0.38464502,0.38464502
0.38464502,0.38464502
0.38464502,0.38464502
0.38464502,0.38464502
0.38464502,0.38464502
0.38464502,0.38464502
0.38464502,0.38464502
0.38464502,0.38464502
0.38464502,0.38464502
0.38464502,0.38464502
0.38464502,0.38464502
0.38464502,0.38464502
0.38464502,0.38464502
0.38464502,0.38464502
0.38464502,0.38464502
0.38464502,0.38464502
0.38464502,0.38464502
0.38464502,0.38464502
0.38464502,0.38464502
0.38464502,0.38464502
0.38464502,0.38464502
0.38464502,0.38464502
0.38464502,0.38464502
0.38464502,0.38464502
0.38464502,0.38464502
0.38464502,0.38464502
0.38464502,0.38464502
0.38464502,0.38464502
0.38464502,0.38464502
0.38464502,0.38464502
0.38464502,0.38464502
0.38464502,0.38464502
0.38464502,0.38464502
0.38464502,0.38464502
0.38464502,0.38464502
0.38464502,0.38464502
0.38464502,0.38464502
0.38464502,0.38464502
0.38464502,0.38464502
0.38464502,0.38464502
0.38464502,0.38464502
0.38464502,0.38464502
0.38464502,0.38464502
0.38464502,0.38464502
0.38464502,0.38464502
0.38464502,0.38464502
0.38464502,0.38464502
0.38464502,0.38464502
0.38464502,0.38464502
0.38464502,0.38464502
0.38464502,0.38464502
0.38464502,0.38464502
0.38464502,0.38464502
0.38464502,0.38464502
0.38464502,0.38464502
0.38464502,0.38464502
0.38464502,0.38464502
0.38464502,0.38464502
0.38464502,0.38464502
0.38464502,0.38464502
0.38464502,0.38464502
0.38464502,0.38464502
0.38464502,0.38464502
0.38464502,0.38464502
0.38464502,0.38464502
0.38464502,0.38464502
0.38464502,0.38464502
0.38464502,0.38464502
0.38464502,0.38464502
0.38464502,0.38464502
0.38464502,0.38464502
0.38464502,0.38464502
0.38464502,0.38464502
0.38464502,0.38464502
0.38464502,0.38464502
0.38464502,0.38464502
0.38464502,0.38464502
0.38464502,0.38464502
0.38464502,0.38464502
0.38464502,0.38464502
0.38464502,0.38464502
0.38464502,0.38464502
0.38464502,0.38464502
0.38464502,0.38464502
0.38464502,0.38464502
0.38464502,0.38464502
0.38464502,0.38464502
0.38464502,0.38464502
0.38464502,0.38464502
0.38464502,0.38464502
0.38464502,0.38464502
0.38464502,0.38464502
0.38464502,0.38464502
0.38464502,0.38464502
0.38464502,0.38464502
0.38464502,0.38464502
0.38464502,0.38464502
0.38464502,0.38464502
0.38464502,0.38464502
0.38464502,0.38464502
0.38464502,0.38464502
0.38464502,0.38464502
0.38464502,0.38464502
0.38464502,0.38464502
0.38464502,0.38464502
0.38464502,0.38464502
0.38464502,0.38464502
0.38464502,0.38464502
0.38464502,0.38464502
0.38464502,0.38464502
0.38464502,0.38464502
0.38464502,0.38464502
0.38464502,0.38464502
0.38464502,0.38464502
0.38464502,0.38464502
0.38464502,0.38464502
0.38080907,0.38080907
0.52191633,0.52191633
0.4695116,0.4695116
0.46164134,0.46164134
0.38952252,0.38952252
0.4428874,0.4428874
0.42317483,0.42317483
0.40488234,0.40488234
0.41423085,0.41423085
0.40596315,0.40596315
0.45756626,0.45756626
0.39259556,0.39259556
0.38480282,0.38480282
0.37075344,0.37075344
0.36002657,0.36002657
0.4055135,0.4055135
0.40820664,0.40820664
0.43189228,0.43189228
0.4569054,0.4569054
0.45215973,0.45215973
0.39706963,0.39706963
0.4399564,0.4399564
0.38208735,0.38208735
0.42277026,0.42277026
0.35064065,0.35064065
0.46089077,0.46089077
0.44993216,0.44993216
0.4087725,0.4087725
0.46897316,0.46897316
0.3469918,0.3469918
0.38521597,0.38521597
0.38464502,0.38464502
0.38464502,0.38464502
0.38464502,0.38464502
0.38464502,0.38464502
0.38464502,0.38464502
0.42938948,0.42938948
0.48974106,0.48974106
0.48208725,0.48208725
0.38441125,0.38441125
0.5112437,0.5112437
0.40749654,0.40749654
0.42765096,0.42765096
0.3960969,0.3960969
0.4092143,0.4092143
0.42244262,0.42244262
0.44398606,0.44398606
0.3688551,0.3688551
0.4062168,0.4062168
0.37902328,0.37902328
0.4069634,0.4069634
0.41377005,0.41377005
0.45707262,0.45707262
0.3670869,0.3670869
0.39841074,0.39841074
0.42968595,0.42968595
0.42127702,0.42127702
0.41804278,0.41804278
0.38459244,0.38459244
0.45634508,0.45634508
0.45321372,0.45321372
0.46473682,0.46473682
0.47260228,0.47260228
0.4293171,0.4293171
0.4167873,0.4167873
0.3897736,0.3897736
0.41968435,0.41968435
0.4146889,0.4146889
0.42582488,0.42582488
0.46494177,0.46494177
0.41132352,0.41132352
0.41352293,0.41352293
0.4275534,0.4275534
0.39531446,0.39531446
0.4039951,0.4039951
0.43782416,0.43782416
0.43711752,0.43711752
0.42277873,0.42277873
0.45222595,0.45222595
0.5239365,0.5239365
0.46212244,0.46212244
0.3890246,0.3890246
0.39195624,0.39195624
0.43914285,0.43914285
0.4036982,0.4036982
0.48256353,0.48256353
0.45637205,0.45637205
0.47648838,0.47648838
0.49618694,0.49618694
0.34258863,0.34258863
0.41075775,0.41075775
0.46280348,0.46280348
0.43382382,0.43382382
0.4549753,0.4549753
0.41586334,0.41586334
0.39158985,0.39158985
0.4024762,0.4024762
0.45004874,0.45004874
0.43737194,0.43737194
0.39356244,0.39356244
0.4028726,0.4028726
0.37342316,0.37342316
0.3952981,0.3952981
0.40441635,0.40441635
0.40468186,0.40468186
0.3966922,0.3966922
0.44109416,0.44109416
0.39057347,0.39057347
0.3852186,0.3852186
0.4152292,0.4152292
0.4366272,0.4366272
0.38968718,0.38968718
0.44180813,0.44180813
0.41098264,0.41098264
0.40777603,0.40777603
0.4066482,0.4066482
0.40745878,0.40745878
0.41495353,0.41495353
0.42553604,0.42553604
0.34263152,0.34263152
0.4184753,0.4184753
0.35622767,0.35622767
0.41333136,0.41333136
0.41342902,0.41342902
0.33420432,0.33420432
0.38464502,0.38464502
0.38464502,0.38464502
0.38464502,0.38464502
0.38464502,0.38464502
0.38464502,0.38464502
0.38464502,0.38464502
0.38464502,0.38464502
0.38464502,0.38464502
0.38464502,0.38464502
0.38464502,0.38464502
0.38464502,0.38464502
0.38464502,0.38464502
0.38464502,0.38464502
0.38464502,0.38464502
0.38464502,0.38464502
0.38464502,0.38464502
0.38464502,0.38464502
0.38464502,0.38464502
0.38464502,0.38464502
0.38464502,0.38464502
0.38464502,0.38464502
0.38464502,0.38464502
0.38464502,0.38464502
0.38464502,0.38464502
0.41096404,0.41096404
0.4331351,0.4331351
0.337922,0.337922
0.36257714,0.36257714
0.3976036,0.3976036
0.36235496,0.36235496
0.37883154,0.37883154
0.4143186,0.4143186
0.40970364,0.40970364
0.41232184,0.41232184
0.4472169,0.4472169
0.39471593,0.39471593
0.3917698,0.3917698
0.4062454,0.4062454
0.4015563,0.4015563
0.3765187,0.3765187
0.39389807,0.39389807
0.39072353,0.39072353
0.35144427,0.35144427
0.3774698,0.3774698
0.39337367,0.39337367
0.4050427,0.4050427
0.38464502,0.38464502
0.38464502,0.38464502
0.38464502,0.38464502
0.38464502,0.38464502
0.38464502,0.38464502
0.38464502,0.38464502
0.38464502,0.38464502
0.38464502,0.38464502
0.38464502,0.38464502
0.38464502,0.38464502
0.38464502,0.38464502
0.38464502,0.38464502
0.38464502,0.38464502
0.3819356,0.3819356
0.39504218,0.39504218
0.4454325,0.4454325
0.418573,0.418573
0.4011869,0.4011869
0.39793563,0.39793563
0.43519935,0.43519935
0.41845107,0.41845107
0.41661784,0.41661784
0.430147,0.430147
0.3944844,0.3944844
0.38995382,0.38995382
0.43869096,0.43869096
0.44905344,0.44905344
0.43452135,0.43452135
0.35571775,0.35571775
0.38820553,0.38820553
0.41403162,0.41403162
0.4211463,0.4211463
0.4069749,0.4069749
0.35978988,0.35978988
0.40730545,0.40730545
0.39483216,0.39483216
0.37997937,0.37997937
0.3938698,0.3938698
0.40457335,0.40457335
0.38464502,0.38464502
0.38464502,0.38464502
0.38464502,0.38464502
0.38464502,0.38464502
0.38464502,0.38464502
0.38464502,0.38464502
0.38464502,0.38464502
0.38464502,0.38464502
0.38464502,0.38464502
0.38464502,0.38464502
0.38464502,0.38464502
0.38464502,0.38464502
0.38464502,0.38464502
0.38464502,0.38464502
0.38464502,0.38464502
0.3993101,0.3993101
0.42461145,0.42461145
0.3473674,0.3473674
0.36808887,0.36808887
0.43792668,0.43792668
0.3950852,0.3950852
0.41295758,0.41295758
0.46210617,0.46210617
0.44038177,0.44038177
0.4147677,0.4147677
0.43333903,0.43333903
0.4376192,0.4376192
0.37802103,0.37802103
0.34822655,0.34822655
0.38086545,0.38086545
0.41340002,0.41340002
0.42955732,0.42955732
0.38042626,0.38042626
0.43138683,0.43138683
0.36649585,0.36649585
0.4622358,0.4622358
0.41896135,0.41896135
0.43083665,0.43083665
0.4054315,0.4054315
0.4059507,0.4059507
0.37842628,0.37842628
0.39892095,0.39892095
0.3885359,0.3885359
0.45319578,0.45319578
0.45151076,0.45151076
0.41267052,0.41267052
0.38685587,0.38685587
0.42275572,0.42275572
0.4333085,0.4333085
0.43842894,0.43842894
0.47996217,0.47996217
0.45363933,0.45363933
0.41370788,0.41370788
0.39590377,0.39590377
0.40876052,0.40876052
0.44198203,0.44198203
0.4473643,0.4473643
0.4626883,0.4626883
0.49325842,0.49325842
0.44400808,0.44400808
0.4463998,0.4463998
0.39492083,0.39492083
0.40857378,0.40857378
0.4518515,0.4518515
0.43359876,0.43359876
0.4091406,0.4091406
0.36867934,0.36867934
0.42796424,0.42796424
0.35970932,0.35970932
0.4273944,0.4273944
0.3871503,0.3871503
0.3668692,0.3668692
0.34137508,0.34137508
0.31366974,0.31366974
0.3319896,0.3319896
0.38464502,0.38464502
0.38464502,0.38464502
0.38464502,0.38464502
0.38464502,0.38464502
0.38464502,0.38464502
0.38464502,0.38464502
0.38464502,0.38464502
0.38464502,0.38464502
0.38464502,0.38464502
0.38464502,0.38464502
0.38464502,0.38464502
0.38464502,0.38464502
0.38464502,0.38464502
0.38464502,0.38464502
0.38464502,0.38464502
0.38464502,0.38464502
0.38464502,0.38464502
0.38464502,0.38464502
0.38464502,0.38464502
0.38464502,0.38464502
0.38464502,0.38464502
0.38464502,0.38464502
0.38464502,0.38464502
0.38464502,0.38464502
0.38464502,0.38464502
0.38464502,0.38464502
0.38464502,0.38464502
0.38464502,0.38464502
0.38464502,0.38464502
0.38464502,0.38464502
0.38464502,0.38464502
0.38464502,0.38464502
0.38464502,0.38464502
0.38464502,0.38464502
0.38464502,0.38464502
0.38464502,0.38464502
0.38464502,0.38464502
0.38464502,0.38464502
0.38464502,0.38464502
0.38464502,0.38464502
0.38464502,0.38464502
0.38464502,0.38464502
0.38464502,0.38464502
0.38464502,0.38464502
0.38464502,0.38464502
0.38464502,0.38464502
0.38464502,0.38464502
0.38464502,0.38464502
0.38464502,0.38464502
0.38464502,0.38464502
0.38464502,0.38464502
0.38464502,0.38464502
0.38464502,0.38464502
0.38464502,0.38464502
0.38464502,0.38464502
0.38464502,0.38464502
0.38464502,0.38464502
0.38464502,0.38464502
0.38464502,0.38464502
0.38464502,0.38464502
0.38464502,0.38464502
0.38464502,0.38464502
0.38464502,0.38464502
0.38464502,0.38464502
0.38464502,0.38464502
0.38464502,0.38464502
0.38464502,0.38464502
0.38464502,0.38464502
0.38464502,0.38464502
0.38464502,0.38464502
0.38464502,0.38464502
0.38464502,0.38464502
0.38464502,0.38464502
0.38464502,0.38464502
0.38464502,0.38464502
0.38464502,0.38464502
0.38464502,0.38464502
0.38464502,0.38464502
0.38464502,0.38464502
0.38464502,0.38464502
0.38464502,0.38464502
0.38464502,0.38464502
0.38464502,0.38464502
0.38464502,0.38464502
0.38464502,0.38464502
0.38464502,0.38464502
0.38464502,0.38464502
0.38464502,0.38464502
0.38464502,0.38464502
0.38464502,0.38464502
0.38464502,0.38464502
0.38464502,0.38464502
0.38464502,0.38464502
0.38464502,0.38464502
0.35523397,0.35523397
0.44149092,0.44149092
0.48760718,0.48760718
0.4274311,0.4274311
0.42909282,0.42909282
0.46676037,0.46676037
0.3963505,0.3963505
0.48098382,0.48098382
0.48300952,0.48300952
0.5189767,0.5189767
0.4249252,0.4249252
0.4591523,0.4591523
0.45136616,0.45136616
0.36047938,0.36047938
0.46351516,0.46351516
0.4403292,0.4403292
0.47049078,0.47049078
0.46069646,0.46069646
0.4687136,0.4687136
0.45152733,0.45152733
0.42829612,0.42829612
0.44901088,0.44901088
0.438004,0.438004
0.44774976,0.44774976
0.4483646,0.4483646
0.44630015,0.44630015
0.44462717,0.44462717
0.45347133,0.45347133
0.4343085,0.4343085
0.42157724,0.42157724
0.39459634,0.39459634
0.42735738,0.42735738
0.44927642,0.44927642
0.41964233,0.41964233
0.37940764,0.37940764
0.38090697,0.38090697
0.382252,0.382252
0.43862736,0.43862736
0.45995042,0.45995042
0.48567757,0.48567757
0.40704557,0.40704557
0.4753324,0.4753324
0.3838712,0.3838712
0.44469917,0.44469917
0.3745887,0.3745887
0.47417408,0.47417408
0.51312745,0.51312745
0.5108814,0.5108814
0.4701229,0.4701229
0.5085728,0.5085728
0.4999381,0.4999381
0.43373087,0.43373087
0.4895882,0.4895882
0.5157387,0.5157387
0.425242,0.425242
0.46271926,0.46271926
0.5164076,0.5164076
0.5095746,0.5095746
0.44867375,0.44867375
0.41196832,0.41196832
0.6166979,0.6166979
0.4818166,0.4818166
0.5224868,0.5224868
0.54162526,0.54162526
0.48950514,0.48950514
0.42757925,0.42757925
0.39921665,0.39921665
0.33845356,0.33845356
0.38385233,0.38385233
0.36992162,0.36992162
0.3499586,0.3499586
0.33524927,0.33524927
0.3572883,0.3572883
0.35613465,0.35613465
0.3701612,0.3701612
0.38464502,0.38464502
0.38464502,0.38464502
0.38464502,0.38464502
0.38464502,0.38464502
0.38464502,0.38464502
0.38636032,0.38636032
0.37173846,0.37173846
0.48080605,0.48080605
0.5046867,0.5046867
0.59847534,0.59847534
0.38464502,0.38464502
0.38464502,0.38464502
0.38464502,0.38464502
0.38464502,0.38464502
0.38464502,0.38464502
0.38464502,0.38464502
0.38464502,0.38464502
0.38464502,0.38464502
0.38464502,0.38464502
0.38464502,0.38464502
0.38464502,0.38464502
0.38464502,0.38464502
0.38464502,0.38464502
0.38464502,0.38464502
0.38464502,0.38464502
0.38464502,0.38464502
0.38464502,0.38464502
0.38464502,0.38464502
0.38464502,0.38464502
0.42318672,0.42318672
0.38865402,0.38865402
0.49083194,0.49083194
0.36912075,0.36912075
0.48193163,0.48193163
0.36520138,0.36520138
0.41906413,0.41906413
0.34502918,0.34502918
0.34905383,0.34905383
0.4078898,0.4078898
0.35873103,0.35873103
0.35283473,0.35283473
0.36644825,0.36644825
0.36931682,0.36931682
0.38464502,0.38464502
0.3667924,0.3667924
0.3947742,0.3947742
0.35397488,0.35397488
0.3510686,0.3510686
0.34240925,0.34240925
0.36935818,0.36935818
0.34186393,0.34186393
0.4185768,0.4185768
0.3974229,0.3974229
0.4046219,0.4046219
0.41087183,0.41087183
0.38531432,0.38531432
0.42184356,0.42184356
0.43135038,0.43135038
0.39742383,0.39742383
0.33894745,0.33894745
0.42802808,0.42802808
0.35725102,0.35725102
0.42503297,0.42503297
0.5458289,0.5458289
0.42553422,0.42553422
0.33844405,0.33844405
0.45806703,0.45806703
0.39099222,0.39099222
0.40927535,0.40927535
0.36226225,0.36226225
0.4021505,0.4021505
0.42889738,0.42889738
0.4099681,0.4099681
0.4426706,0.4426706
0.30376482,0.30376482
0.42548987,0.42548987
0.4351453,0.4351453
0.35033622,0.35033622
0.35576114,0.35576114
0.4427726,0.4427726
0.4272672,0.4272672
0.42756093,0.42756093
0.49917698,0.49917698
0.4795861,0.4795861
0.4147269,0.4147269
0.41902247,0.41902247
0.4956049,0.4956049
0.51469904,0.51469904
0.39448842,0.39448842
0.44565585,0.44565585
0.44876346,0.44876346
0.4222509,0.4222509
0.39605924,0.39605924
0.39975312,0.39975312
0.45885316,0.45885316
0.40476084,0.40476084
0.4429136,0.4429136
0.41541326,0.41541326
0.41463444,0.41463444
0.420185,0.420185
0.41863307,0.41863307
0.37543675,0.37543675
0.36341435,0.36341435
0.3550835,0.3550835
0.32990587,0.32990587
0.4178572,0.4178572
0.48591214,0.48591214
0.49551424,0.49551424
0.49874258,0.49874258
0.5244616,0.5244616
0.48237738,0.48237738
0.43884942,0.43884942
0.55234593,0.55234593
0.5517652,0.5517652
0.4551504,0.4551504
0.38512656,0.38512656
0.46787074,0.46787074
0.48814514,0.48814514
0.4098307,0.4098307
0.3690441,0.3690441
0.5237987,0.5237987
0.49874407,0.49874407
0.5105879,0.5105879
0.50200254,0.50200254
0.4906026,0.4906026
0.42888564,0.42888564
0.38664576,0.38664576
0.4335288,0.4335288
0.45564094,0.45564094
0.46644175,0.46644175
0.51682407,0.51682407
0.53309584,0.53309584
0.5382332,0.5382332
0.53975755,0.53975755
0.528809,0.528809
0.5200497,0.5200497
0.5446572,0.5446572
0.5301719,0.5301719
0.43334478,0.43334478
0.43925473,0.43925473
0.4048091,0.4048091
0.33104295,0.33104295
0.44369468,0.44369468
0.45804662,0.45804662
0.5223126,0.5223126
0.478009,0.478009
0.45436597,0.45436597
0.49698907,0.49698907
0.4081362,0.4081362
0.5026019,0.5026019
0.42935872,0.42935872
0.4729561,0.4729561
0.528712,0.528712
0.4941075,0.4941075
0.5154449,0.5154449
0.37714165,0.37714165
0.39467964,0.39467964
0.47851112,0.47851112
0.4371656,0.4371656
0.46587855,0.46587855
0.49248296,0.49248296
0.43698236,0.43698236
0.4509558,0.4509558
0.49614584,0.49614584
0.53676575,0.53676575
0.4537851,0.4537851
0.43072468,0.43072468
0.44812873,0.44812873
0.49102274,0.49102274
0.43431324,0.43431324
0.43970108,0.43970108
0.453898,0.453898
0.47646615,0.47646615
0.3994088,0.3994088
0.44661042,0.44661042
0.42751995,0.42751995
0.3855941,0.3855941
0.40980107,0.40980107
0.37128198,0.37128198
0.48858404,0.48858404
0.43192413,0.43192413
0.39386597,0.39386597
0.40525928,0.40525928
0.4066468,0.4066468
0.42244622,0.42244622
0.43523255,0.43523255
0.43440667,0.43440667
0.39864945,0.39864945
0.4264725,0.4264725
0.58243656,0.58243656
0.5172442,0.5172442
0.45451373,0.45451373
0.44323847,0.44323847
0.52588236,0.52588236
0.46459457,0.46459457
0.44244248,0.44244248
0.42794576,0.42794576
0.4196505,0.4196505
0.45585835,0.45585835
0.50305045,0.50305045
0.50760984,0.50760984
0.45728388,0.45728388
0.52552533,0.52552533
0.5166012,0.5166012
0.48092332,0.48092332
0.46079788,0.46079788
0.41215563,0.41215563
0.42720273,0.42720273
0.39978972,0.39978972
0.3320984,0.3320984
0.33555216,0.33555216
0.4207985,0.4207985
0.42179033,0.42179033
0.42593467,0.42593467
0.44535023,0.44535023
0.4194029,0.4194029
0.4116179,0.4116179
0.44598523,0.44598523
0.5017381,0.5017381
0.50717634,0.50717634
0.5415886,0.5415886
0.54231614,0.54231614
0.4675716,0.4675716
0.5296049,0.5296049
0.52403945,0.52403945
0.49203393,0.49203393
0.5018874,0.5018874
0.49144483,0.49144483
0.4938804,0.4938804
0.48200843,0.48200843
0.4498433,0.4498433
0.42567745,0.42567745
0.4107884,0.4107884
0.40744686,0.40744686
0.40450394,0.40450394
0.4270572,0.4270572
0.42024937,0.42024937
0.43003425,0.43003425
0.4119834,0.4119834
0.40599754,0.40599754
0.37516764,0.37516764
0.37620643,0.37620643
0.5190208,0.5190208
0.46929795,0.46929795
0.4642587,0.4642587
0.45916927,0.45916927
0.44251084,0.44251084
0.5238893,0.5238893
0.52564496,0.52564496
0.49857387,0.49857387
0.5062665,0.5062665
0.49221817,0.49221817
0.40821454,0.40821454
0.40995267,0.40995267
0.39349803,0.39349803
0.5887038,0.5887038
0.46140888,0.46140888
0.44289222,0.44289222
0.45590943,0.45590943
0.49562043,0.49562043
0.4828676,0.4828676
0.4753796,0.4753796
0.41287,0.41287
0.42370147,0.42370147
0.4099128,0.4099128
0.4250501,0.4250501
0.42461675,0.42461675
0.46498394,0.46498394
0.44533378,0.44533378
0.48953336,0.48953336
0.52550817,0.52550817
0.47555614,0.47555614
0.41857094,0.41857094
0.5644604,0.5644604
0.5249699,0.5249699
0.39349914,0.39349914
0.5004928,0.5004928
0.43040493,0.43040493
0.39606044,0.39606044
0.4433244,0.4433244
0.43150166,0.43150166
0.4042669,0.4042669
0.40586412,0.40586412
0.40480173,0.40480173
0.3852874,0.3852874
0.46566805,0.46566805
0.48008692,0.48008692
0.5265151,0.5265151
0.454269,0.454269
0.41411188,0.41411188
0.38282618,0.38282618
0.45450917,0.45450917
0.4088637,0.4088637
0.36289078,0.36289078
0.40517604,0.40517604
0.44242603,0.44242603
0.42065272,0.42065272
0.46025217,0.46025217
0.47925028,0.47925028
0.49921876,0.49921876
0.48972264,0.48972264
0.41829544,0.41829544
0.3351884,0.3351884
0.32161424,0.32161424
0.43327442,0.43327442
0.37226582,0.37226582
0.51252055,0.51252055
0.41046083,0.41046083
0.4693936,0.4693936
0.44530773,0.44530773
0.4629827,0.4629827
0.43046525,0.43046525
0.47388327,0.47388327
0.40288875,0.40288875
0.4281292,0.4281292
0.38452047,0.38452047
0.34918204,0.34918204
0.42507333,0.42507333
0.44640374,0.44640374
0.4384215,0.4384215
0.46438834,0.46438834
0.46012995,0.46012995
0.51665974,0.51665974
0.48436618,0.48436618
0.5096256,0.5096256
0.5372308,0.5372308
0.43965062,0.43965062
0.52225786,0.52225786
0.5093225,0.5093225
0.49393958,0.49393958
0.46312004,0.46312004
0.4268725,0.4268725
0.44144702,0.44144702
0.43616715,0.43616715
0.34226796,0.34226796
0.3585512,0.3585512
0.44097227,0.44097227
0.4334132,0.4334132
0.42519283,0.42519283
0.413375,0.413375
0.38464502,0.38464502
0.38464502,0.38464502
0.38464502,0.38464502
0.38464502,0.38464502
0.38464502,0.38464502
0.3699312,0.3699312
0.43238565,0.43238565
0.44694299,0.44694299
0.44551486,0.44551486
0.45561102,0.45561102
0.43716997,0.43716997
0.44635975,0.44635975
0.4509705,0.4509705
0.4503417,0.4503417
0.43052876,0.43052876
0.33219516,0.33219516
0.40852225,0.40852225
0.35948405,0.35948405
0.36142936,0.36142936
0.34444362,0.34444362
0.37111968,0.37111968
0.40464467,0.40464467
0.44143623,0.44143623
0.41333854,0.41333854
0.48078507,0.48078507
0.4269112,0.4269112
0.39559588,0.39559588
0.49465963,0.49465963
0.4890401,0.4890401
0.50380224,0.50380224
0.5351092,0.5351092
0.43348595,0.43348595
0.41411743,0.41411743
0.48821995,0.48821995
0.4684639,0.4684639
0.4801127,0.4801127
0.50348616,0.50348616
0.47518167,0.47518167
0.5146376,0.5146376
0.51886827,0.51886827
0.50447834,0.50447834
0.48383546,0.48383546
0.45256814,0.45256814
0.4869077,0.4869077
0.51332176,0.51332176
0.47699225,0.47699225
0.4861369,0.4861369
0.4675063,0.4675063
0.4835641,0.4835641
0.5164324,0.5164324
0.5026662,0.5026662
0.41902015,0.41902015
0.33488736,0.33488736
0.43186706,0.43186706
0.5398713,0.5398713
0.4487611,0.4487611
0.44483456,0.44483456
0.51891065,0.51891065
0.42688832,0.42688832
0.4732065,0.4732065
0.47521546,0.47521546
0.54830337,0.54830337
0.5405041,0.5405041
0.677018,0.677018
0.5587296,0.5587296
0.52763593,0.52763593
0.4550941,0.4550941
0.4636767,0.4636767
0.49746642,0.49746642
0.38119358,0.38119358
0.3915673,0.3915673
0.40621945,0.40621945
0.45465237,0.45465237
0.44140717,0.44140717
0.42930418,0.42930418
0.4494997,0.4494997
0.4694141,0.4694141
0.44987044,0.44987044
0.42971975,0.42971975
0.45710194,0.45710194
0.41564777,0.41564777
0.4312165,0.4312165
0.41412747,0.41412747
0.48236105,0.48236105
0.46823266,0.46823266
0.432187,0.432187
0.4828759,0.4828759
0.5121281,0.5121281
0.5451617,0.5451617
0.5444783,0.5444783
0.53200877,0.53200877
0.5221512,0.5221512
0.4303175,0.4303175
0.48323995,0.48323995
0.44952312,0.44952312
0.45501685,0.45501685
0.4621538,0.4621538
0.46418765,0.46418765
0.40025848,0.40025848
0.5043453,0.5043453
0.3967941,0.3967941
0.42369756,0.42369756
0.43654463,0.43654463
0.35397878,0.35397878
0.47053868,0.47053868
0.68220776,0.68220776
0.3226503,0.3226503
0.43268803,0.43268803
0.34809622,0.34809622
0.40069577,0.40069577
0.4034292,0.4034292
0.30198288,0.30198288
0.33456364,0.33456364
0.36973268,0.36973268
0.45855123,0.45855123
0.41397005,0.41397005
0.5090533,0.5090533
0.4430435,0.4430435
0.5097607,0.5097607
0.5126658,0.5126658
0.5066453,0.5066453
0.49437192,0.49437192
0.46424997,0.46424997
0.5073568,0.5073568
0.46540484,0.46540484
0.45133412,0.45133412
0.48367602,0.48367602
0.39119047,0.39119047
0.47509378,0.47509378
0.49575529,0.49575529
0.44430637,0.44430637
0.49125385,0.49125385
0.47894233,0.47894233
0.5092214,0.5092214
0.5052077,0.5052077
0.4216283,0.4216283
0.49758583,0.49758583
0.5057124,0.5057124
0.5687478,0.5687478
0.4861403,0.4861403
0.5021489,0.5021489
0.5093405,0.5093405
0.38984096,0.38984096
0.5897371,0.5897371
0.46028686,0.46028686
0.47659877,0.47659877
0.4854138,0.4854138
0.37647295,0.37647295
0.38353664,0.38353664
0.45506072,0.45506072
0.5044029,0.5044029
0.5164727,0.5164727
0.5373641,0.5373641
0.4282328,0.4282328
0.36181894,0.36181894
0.45224798,0.45224798
0.4603214,0.4603214
0.48793128,0.48793128
0.5421502,0.5421502
0.53762335,0.53762335
0.44023728,0.44023728
0.43788233,0.43788233
0.56319416,0.56319416
0.5403946,0.5403946
0.47377476,0.47377476
0.5183042,0.5183042
0.4706228,0.4706228
0.45707262,0.45707262
0.48135588,0.48135588
0.48958153,0.48958153
0.4264219,0.4264219
0.48703197,0.48703197
0.49484754,0.49484754
0.48443428,0.48443428
0.50406647,0.50406647
0.38624796,0.38624796
0.44755128,0.44755128
0.46023563,0.46023563
0.38111418,0.38111418
0.40695623,0.40695623
0.42202923,0.42202923
0.3643732,0.3643732
0.35379615,0.35379615
0.37667015,0.37667015
0.40142244,0.40142244
0.4534712,0.4534712
0.4057939,0.4057939
0.5557386,0.5557386
0.47401077,0.47401077
0.5043497,0.5043497
0.35904422,0.35904422
0.41585857,0.41585857
0.5711652,0.5711652
0.5296276,0.5296276
0.49155346,0.49155346
0.51019007,0.51019007
0.478041,0.478041
0.4445565,0.4445565
0.4371371,0.4371371
0.4943884,0.4943884
0.4633543,0.4633543
0.42259723,0.42259723
0.48346198,0.48346198
0.48294032,0.48294032
0.4850276,0.4850276
0.53150934,0.53150934
0.5089293,0.5089293
0.4443648,0.4443648
0.4256569,0.4256569
0.44980317,0.44980317
0.51745427,0.51745427
0.45189112,0.45189112
0.52021486,0.52021486
0.5355111,0.5355111
0.4569135,0.4569135
0.4317001,0.4317001
0.45801774,0.45801774
0.48291194,0.48291194
0.46860895,0.46860895
0.4864108,0.4864108
0.46664405,0.46664405
0.44834724,0.44834724
0.4886809,0.4886809
0.4719222,0.4719222
0.4514788,0.4514788
0.42248774,0.42248774
0.5002067,0.5002067
0.4273367,0.4273367
0.41868195,0.41868195
0.48590824,0.48590824
0.44404814,0.44404814
0.4509743,0.4509743
0.49161804,0.49161804
0.4988483,0.4988483
0.44819605,0.44819605
0.4636795,0.4636795
0.51845974,0.51845974
0.5297693,0.5297693
0.45063862,0.45063862
0.5302641,0.5302641
0.46250573,0.46250573
0.43308073,0.43308073
0.44128743,0.44128743
0.37066403,0.37066403
0.38916484,0.38916484
0.4522042,0.4522042
0.41940674,0.41940674
0.4105062,0.4105062
0.44808227,0.44808227
0.4454468,0.4454468
0.47591236,0.47591236
0.5032327,0.5032327
0.51642704,0.51642704
0.5853409,0.5853409
0.49361172,0.49361172
0.43819618,0.43819618
0.46823314,0.46823314
0.4523713,0.4523713
0.3739349,0.3739349
0.41130757,0.41130757
0.45373777,0.45373777
0.4371229,0.4371229
0.50305504,0.50305504
0.44151154,0.44151154
0.44018722,0.44018722
0.4831898,0.4831898
0.48760268,0.48760268
0.46938533,0.46938533
0.42100695,0.42100695
0.44193217,0.44193217
0.5170653,0.5170653
0.5258174,0.5258174
0.48547953,0.48547953
0.44894898,0.44894898
0.39400604,0.39400604
0.42858306,0.42858306
0.5165341,0.5165341
0.624145,0.624145
0.4701614,0.4701614
0.44652373,0.44652373
0.41917467,0.41917467
0.4593254,0.4593254
0.50163823,0.50163823
0.5360875,0.5360875
0.5262472,0.5262472
0.49578768,0.49578768
0.4735045,0.4735045
0.42738068,0.42738068
0.4697672,0.4697672
0.49719867,0.49719867
0.42213234,0.42213234
0.33287108,0.33287108
0.35499728,0.35499728
0.41765746,0.41765746
0.41550842,0.41550842
0.39937747,0.39937747
0.43339273,0.43339273
0.42566118,0.42566118
0.4240579,0.4240579
0.37520212,0.37520212
0.37539342,0.37539342
0.38464502,0.38464502
0.38464502,0.38464502
0.38464502,0.38464502
0.38464502,0.38464502
0.38464502,0.38464502
0.38464502,0.38464502
0.38464502,0.38464502
0.38464502,0.38464502
0.38464502,0.38464502
0.38464502,0.38464502
0.38464502,0.38464502
0.38464502,0.38464502
0.38464502,0.38464502
0.38464502,0.38464502
0.38464502,0.38464502
0.38464502,0.38464502
0.38464502,0.38464502
0.38464502,0.38464502
0.38464502,0.38464502
0.38464502,0.38464502
0.38464502,0.38464502
0.38464502,0.38464502
0.3993604,0.3993604
0.34694755,0.34694755
0.4808415,0.4808415
0.5060298,0.5060298
0.52026683,0.52026683
0.5598909,0.5598909
0.5420504,0.5420504
0.50888056,0.50888056
0.56596154,0.56596154
0.41966128,0.41966128
0.46845114,0.46845114
0.47016653,0.47016653
0.4119943,0.4119943
0.456359,0.456359
0.5219251,0.5219251
0.4315679,0.4315679
0.4392334,0.4392334
0.4746391,0.4746391
0.5024555,0.5024555
0.3682063,0.3682063
0.42294773,0.42294773
0.42431185,0.42431185
0.4499069,0.4499069
0.4757115,0.4757115
0.45528618,0.45528618
0.45158836,0.45158836
0.39539984,0.39539984
0.3863816,0.3863816
0.42761528,0.42761528
0.46821487,0.46821487
0.46419606,0.46419606
0.41500363,0.41500363
0.42199618,0.42199618
0.44351518,0.44351518
0.40886268,0.40886268
0.4653931,0.4653931
0.46660802,0.46660802
0.5103412,0.5103412
0.54504627,0.54504627
0.5321565,0.5321565
0.4856794,0.4856794
0.5168594,0.5168594
0.45372105,0.45372105
0.5432266,0.5432266
0.42408463,0.42408463
0.44098204,0.44098204
0.44047415,0.44047415
0.43206197,0.43206197
0.42858827,0.42858827
0.36948353,0.36948353
0.38724732,0.38724732
0.39980718,0.39980718
0.40272462,0.40272462
0.4294278,0.4294278
0.33216485,0.33216485
0.3738899,0.3738899
0.3888692,0.3888692
0.42822346,0.42822346
0.5040967,0.5040967
0.49875054,0.49875054
0.5108605,0.5108605
0.53077006,0.53077006
0.49465463,0.49465463
0.4246167,0.4246167
0.38205168,0.38205168
0.41008398,0.41008398
0.40062734,0.40062734
0.44921836,0.44921836
0.39870736,0.39870736
0.44100413,0.44100413
0.44431144,0.44431144
0.4156277,0.4156277
0.42839554,0.42839554
0.38215655,0.38215655
0.46152818,0.46152818
0.4072388,0.4072388
0.38099852,0.38099852
0.3870994,0.3870994
0.4346572,0.4346572
0.38464502,0.38464502
0.38464502,0.38464502
0.38464502,0.38464502
0.38464502,0.38464502
0.38464502,0.38464502
0.38464502,0.38464502
0.40810058,0.40810058
0.40462843,0.40462843
0.45646617,0.45646617
0.4463949,0.4463949
0.39405328,0.39405328
0.37078926,0.37078926
0.31841725,0.31841725
0.47167787,0.47167787
0.5352164,0.5352164
0.5945517,0.5945517
0.5406926,0.5406926
0.47169966,0.47169966
0.4155784,0.4155784
0.4857898,0.4857898
0.47955257,0.47955257
0.4398509,0.4398509
0.47315705,0.47315705
0.42034918,0.42034918
0.49245527,0.49245527
0.49040416,0.49040416
0.4100627,0.4100627
0.436739,0.436739
0.44194514,0.44194514
0.4119607,0.4119607
0.44757828,0.44757828
0.47257522,0.47257522
0.5040442,0.5040442
0.4677515,0.4677515
0.44435862,0.44435862
0.42738605,0.42738605
0.44993117,0.44993117
0.47976598,0.47976598
0.4301572,0.4301572
0.47236106,0.47236106
0.5005281,0.5005281
0.45752218,0.45752218
0.46598613,0.46598613
0.38555416,0.38555416
0.44891968,0.44891968
0.49822298,0.49822298
0.46779338,0.46779338
0.40461364,0.40461364
0.38892248,0.38892248
0.4599369,0.4599369
0.4538936,0.4538936
0.47549132,0.47549132
0.45865378,0.45865378
0.5101662,0.5101662
0.46167967,0.46167967
0.460804,0.460804
0.4489202,0.4489202
0.38014427,0.38014427
0.43549284,0.43549284
0.5087167,0.5087167
0.42779964,0.42779964
0.4467661,0.4467661
0.47553828,0.47553828
0.53826076,0.53826076
0.5263083,0.5263083
0.42289537,0.42289537
0.4629151,0.4629151
0.48341262,0.48341262
0.59864587,0.59864587
0.5745874,0.5745874
0.44508937,0.44508937
0.55125153,0.55125153
0.578652,0.578652
0.38802984,0.38802984
0.48101413,0.48101413
0.48964918,0.48964918
0.5383013,0.5383013
0.53337437,0.53337437
0.541727,0.541727
0.50697345,0.50697345
0.40754753,0.40754753
0.46165934,0.46165934
0.458169,0.458169
0.4224149,0.4224149
0.4521948,0.4521948
0.5435336,0.5435336
0.5133396,0.5133396
0.46045756,0.46045756
0.42318675,0.42318675
0.41435975,0.41435975
0.3881842,0.3881842
0.40294233,0.40294233
0.42159304,0.42159304
0.39529404,0.39529404
0.4327915,0.4327915
0.4671071,0.4671071
0.4288935,0.4288935
0.5025546,0.5025546
0.42868477,0.42868477
0.4481625,0.4481625
0.41460642,0.41460642
0.36367083,0.36367083
0.423435,0.423435
0.5408897,0.5408897
0.51338065,0.51338065
0.42450863,0.42450863
0.51818275,0.51818275
0.50800866,0.50800866
0.48734134,0.48734134
0.50053173,0.50053173
0.47428176,0.47428176
0.50214446,0.50214446
0.49450588,0.49450588
0.47800586,0.47800586
0.43626323,0.43626323
0.39723095,0.39723095
0.47310784,0.47310784
0.44912702,0.44912702
0.5062504,0.5062504
0.42151013,0.42151013
0.6382962,0.6382962
0.4737669,0.4737669
0.47998482,0.47998482
0.52861655,0.52861655
0.512499,0.512499
0.49243388,0.49243388
0.46862894,0.46862894
0.480286,0.480286
0.4512442,0.4512442
0.4318541,0.4318541
0.3628283,0.3628283
0.399774,0.399774
0.4747629,0.4747629
0.44237277,0.44237277
0.47515365,0.47515365
0.47048756,0.47048756
0.5086218,0.5086218
0.47960868,0.47960868
0.4970751,0.4970751
0.49516705,0.49516705
0.43644133,0.43644133
0.5035818,0.5035818
0.49535376,0.49535376
0.5199609,0.5199609
0.50815886,0.50815886
0.45532998,0.45532998
0.42836127,0.42836127
0.4900721,0.4900721
0.4472488,0.4472488
0.49253887,0.49253887
0.5153581,0.5153581
0.5152077,0.5152077
0.5238845,0.5238845
0.51054066,0.51054066
0.5415606,0.5415606
0.52016443,0.52016443
0.5150183,0.5150183
0.5271643,0.5271643
0.53555316,0.53555316
0.53736055,0.53736055
0.53130305,0.53130305
0.53056175,0.53056175
0.51029164,0.51029164
0.5552483,0.5552483
0.4722298,0.4722298
0.540489,0.540489
0.51283497,0.51283497
0.51034427,0.51034427
0.5226358,0.5226358
0.51860476,0.51860476
0.40970206,0.40970206
0.44569775,0.44569775
0.40963832,0.40963832
0.42710733,0.42710733
0.41700885,0.41700885
0.46340504,0.46340504
0.4496165,0.4496165
0.42328024,0.42328024
0.53932065,0.53932065
0.43375906,0.43375906
0.3608809,0.3608809
0.40921974,0.40921974
0.38464502,0.38464502
0.38464502,0.38464502
0.38464502,0.38464502
0.38464502,0.38464502
0.38464502,0.38464502
0.38464502,0.38464502
0.38464502,0.38464502
0.38464502,0.38464502
0.39864483,0.39864483
0.38464502,0.38464502
0.38464502,0.38464502
0.38464502,0.38464502
0.38464502,0.38464502
0.38464502,0.38464502
0.38464502,0.38464502
0.38464502,0.38464502
0.38464502,0.38464502
0.38464502,0.38464502
0.39185056,0.39185056
0.43619382,0.43619382
0.38464502,0.38464502
0.38464502,0.38464502
0.38464502,0.38464502
0.38464502,0.38464502
0.38464502,0.38464502
0.38464502,0.38464502
0.38464502,0.38464502
0.38464502,0.38464502
0.3856215,0.3856215
0.44270012,0.44270012
0.41294736,0.41294736
0.38984668,0.38984668
0.4611585,0.4611585
0.43722382,0.43722382
0.3806285,0.3806285
0.3911337,0.3911337
0.42013612,0.42013612
0.4579918,0.4579918
0.39512515,0.39512515
0.4714777,0.4714777
0.4859062,0.4859062
0.5038543,0.5038543
0.49691013,0.49691013
0.43611932,0.43611932
0.5461177,0.5461177
0.51631576,0.51631576
0.49648577,0.49648577
0.44254652,0.44254652
0.52006984,0.52006984
0.5274689,0.5274689
0.48792577,0.48792577
0.4355333,0.4355333
0.4338404,0.4338404
0.5307327,0.5307327
0.40830672,0.40830672
0.50561917,0.50561917
0.43096066,0.43096066
0.4086809,0.4086809
0.41368058,0.41368058
0.46831957,0.46831957
0.5094265,0.5094265
0.47234955,0.47234955
0.4890544,0.4890544
0.51013196,0.51013196
0.44648656,0.44648656
0.46788117,0.46788117
0.50224566,0.50224566
0.5058826,0.5058826
0.44684368,0.44684368
0.5109105,0.5109105
0.5289126,0.5289126
0.5369822,0.5369822
0.513041,0.513041
0.47551644,0.47551644
0.4520821,0.4520821
0.48927054,0.48927054
0.49484414,0.49484414
0.5428336,0.5428336
0.66739386,0.66739386
0.52951604,0.52951604
0.44236144,0.44236144
0.43597984,0.43597984
0.44109404,0.44109404
0.37661767,0.37661767
0.43131536,0.43131536
0.43630025,0.43630025
0.3637678,0.3637678
0.46249428,0.46249428
0.46047884,0.46047884
0.47396478,0.47396478
0.36984664,0.36984664
0.35363397,0.35363397
0.4125004,0.4125004
0.40260905,0.40260905
0.44128603,0.44128603
0.47375217,0.47375217
0.47029826,0.47029826
0.4647743,0.4647743
0.48898727,0.48898727
0.4411704,0.4411704
0.41998336,0.41998336
0.46765277,0.46765277
0.39716375,0.39716375
0.47537673,0.47537673
0.51148665,0.51148665
0.5025553,0.5025553
0.46224484,0.46224484
0.5337131,0.5337131
0.40471488,0.40471488
0.51817787,0.51817787
0.51341504,0.51341504
0.48115236,0.48115236
0.5032743,0.5032743
0.47788334,0.47788334
0.46199995,0.46199995
0.4958254,0.4958254
0.50671,0.50671
0.5269686,0.5269686
0.49391228,0.49391228
0.5518514,0.5518514
0.4210534,0.4210534
0.42094913,0.42094913
0.4326409,0.4326409
0.3608316,0.3608316
0.338257,0.338257
0.4079018,0.4079018
0.50704306,0.50704306
0.4575244,0.4575244
0.50415,0.50415
0.3668861,0.3668861
0.39944756,0.39944756
0.41013893,0.41013893
0.35384732,0.35384732
0.39377362,0.39377362
0.4109083,0.4109083
0.4017925,0.4017925
0.39095157,0.39095157
0.39252865,0.39252865
0.37841702,0.37841702
0.40829664,0.40829664
0.3745694,0.3745694
0.39038023,0.39038023
0.38561568,0.38561568
0.38464502,0.38464502
0.38464502,0.38464502
0.38464502,0.38464502
0.38464502,0.38464502
0.38464502,0.38464502
0.38464502,0.38464502
0.38464502,0.38464502
0.38464502,0.38464502
0.38464502,0.38464502
0.38464502,0.38464502
0.38464502,0.38464502
0.38464502,0.38464502
0.38464502,0.38464502
0.38464502,0.38464502
0.38464502,0.38464502
0.38464502,0.38464502
0.38464502,0.38464502
0.38464502,0.38464502
0.38464502,0.38464502
0.38464502,0.38464502
0.38464502,0.38464502
0.38464502,0.38464502
0.38464502,0.38464502
0.38464502,0.38464502
0.38464502,0.38464502
0.38464502,0.38464502
0.38464502,0.38464502
0.38464502,0.38464502
0.38464502,0.38464502
0.38464502,0.38464502
0.38464502,0.38464502
0.38464502,0.38464502
0.38464502,0.38464502
0.38464502,0.38464502
0.38464502,0.38464502
0.38464502,0.38464502
0.38464502,0.38464502
0.38464502,0.38464502
0.38464502,0.38464502
0.38464502,0.38464502
0.38464502,0.38464502
0.38464502,0.38464502
0.38464502,0.38464502
0.38464502,0.38464502
0.38464502,0.38464502
0.38464502,0.38464502
0.38464502,0.38464502
0.38464502,0.38464502
0.38464502,0.38464502
0.38464502,0.38464502
0.38464502,0.38464502
0.38464502,0.38464502
0.38464502,0.38464502
0.38464502,0.38464502
0.38464502,0.38464502
0.38464502,0.38464502
0.38464502,0.38464502
0.38464502,0.38464502
0.38464502,0.38464502
0.38464502,0.38464502
0.38464502,0.38464502
0.38464502,0.38464502
0.38464502,0.38464502
0.38464502,0.38464502
0.38464502,0.38464502
0.38464502,0.38464502
0.38464502,0.38464502
0.38464502,0.38464502
0.38464502,0.38464502
0.38464502,0.38464502
0.38464502,0.38464502
0.38464502,0.38464502
0.38464502,0.38464502
0.38464502,0.38464502
0.38464502,0.38464502
0.38464502,0.38464502
0.38464502,0.38464502
0.38464502,0.38464502
0.38464502,0.38464502
0.38464502,0.38464502
0.38464502,0.38464502
0.38464502,0.38464502
0.38464502,0.38464502
0.38464502,0.38464502
0.38464502,0.38464502
0.38464502,0.38464502
0.38464502,0.38464502
0.38464502,0.38464502
0.38464502,0.38464502
0.38464502,0.38464502
0.38464502,0.38464502
0.38464502,0.38464502
0.38464502,0.38464502
0.38464502,0.38464502
0.38464502,0.38464502
0.38464502,0.38464502
0.38464502,0.38464502
0.38464502,0.38464502
0.38464502,0.38464502
0.38464502,0.38464502
0.38464502,0.38464502
0.38464502,0.38464502
0.38464502,0.38464502
0.38464502,0.38464502
0.38464502,0.38464502
0.38464502,0.38464502
0.38464502,0.38464502
0.38464502,0.38464502
0.38464502,0.38464502
0.38464502,0.38464502
0.38464502,0.38464502
0.38464502,0.38464502
0.38464502,0.38464502
0.38464502,0.38464502
0.38464502,0.38464502
0.363479,0.363479
0.41047534,0.41047534
0.39962748,0.39962748
0.41215476,0.41215476
0.47897726,0.47897726
0.46424887,0.46424887
0.5486756,0.5486756
0.45163423,0.45163423
0.4412241,0.4412241
0.35968652,0.35968652
0.44549534,0.44549534
0.4377828,0.4377828
0.38678107,0.38678107
0.38018647,0.38018647
0.4826139,0.4826139
0.5169068,0.5169068
0.43343318,0.43343318
0.50494486,0.50494486
0.44053248,0.44053248
0.44402412,0.44402412
0.44053045,0.44053045
0.37769607,0.37769607
0.41655898,0.41655898
0.3882132,0.3882132
0.37087628,0.37087628
0.35776785,0.35776785
0.40291256,0.40291256
0.45160973,0.45160973
0.46540204,0.46540204
0.38354325,0.38354325
0.52747476,0.52747476
0.43681613,0.43681613
0.4496703,0.4496703
0.3858265,0.3858265
0.3989214,0.3989214
0.37585166,0.37585166
0.4499812,0.4499812
0.4932939,0.4932939
0.43972474,0.43972474
0.38319296,0.38319296
0.40127012,0.40127012
0.39536855,0.39536855
0.42279276,0.42279276
0.40811723,0.40811723
0.38081476,0.38081476
0.39754215,0.39754215
0.40065435,0.40065435
0.436073,0.436073
0.4180251,0.4180251
0.4325326,0.4325326
0.44915947,0.44915947
0.44725403,0.44725403
0.41271484,0.41271484
0.36317176,0.36317176
0.4070374,0.4070374
0.44476864,0.44476864
0.47699547,0.47699547
0.52675015,0.52675015
0.4688398,0.4688398
0.4412508,0.4412508
0.37774095,0.37774095
0.429146,0.429146
0.5145091,0.5145091
0.46546218,0.46546218
0.4231952,0.4231952
0.41187453,0.41187453
0.45780474,0.45780474
0.43793088,0.43793088
0.45318946,0.45318946
0.4936606,0.4936606
0.50441235,0.50441235
0.4493687,0.4493687
0.4012002,0.4012002
0.5118525,0.5118525
0.40523142,0.40523142
0.4237525,0.4237525
0.43079,0.43079
0.43969867,0.43969867
0.39882737,0.39882737
0.3752864,0.3752864
0.43623215,0.43623215
0.43923554,0.43923554
0.40170068,0.40170068
0.4702692,0.4702692
0.43572038,0.43572038
0.47246242,0.47246242
0.47383574,0.47383574
0.45860323,0.45860323
0.47356182,0.47356182
0.43746462,0.43746462
0.46390373,0.46390373
0.48937866,0.48937866
0.4205917,0.4205917
0.47635856,0.47635856
0.41047242,0.41047242
0.48331913,0.48331913
0.45971653,0.45971653
0.3914785,0.3914785
0.386148,0.386148
0.47054765,0.47054765
0.43848535,0.43848535
0.45530027,0.45530027
0.40535715,0.40535715
0.38728863,0.38728863
0.44107673,0.44107673
0.46002993,0.46002993
0.4816839,0.4816839
0.48099035,0.48099035
0.46308863,0.46308863
0.5028721,0.5028721
0.45235893,0.45235893
0.40550473,0.40550473
0.41976961,0.41976961
0.40728045,0.40728045
0.4488787,0.4488787
0.40523914,0.40523914
0.37865168,0.37865168
0.39319116,0.39319116
0.38464502,0.38464502
0.38464502,0.38464502
0.38464502,0.38464502
0.38464502,0.38464502
0.38464502,0.38464502
0.38464502,0.38464502
0.34502047,0.34502047
0.4281166,0.4281166
0.43697828,0.43697828
0.4293715,0.4293715
0.42503878,0.42503878
0.35476333,0.35476333
0.4104683,0.4104683
0.4795684,0.4795684
0.39198717,0.39198717
0.44308338,0.44308338
0.3931711,0.3931711
0.31373262,0.31373262
0.36652407,0.36652407
0.43773448,0.43773448
0.42086896,0.42086896
0.46949407,0.46949407
0.4087089,0.4087089
0.42751685,0.42751685
0.40251702,0.40251702
0.4321717,0.4321717
0.4014945,0.4014945
0.39090693,0.39090693
0.3981092,0.3981092
0.32246378,0.32246378
0.4358018,0.4358018
0.42081207,0.42081207
0.40674058,0.40674058
0.4060523,0.4060523
0.41184685,0.41184685
0.43545547,0.43545547
0.4646874,0.4646874
0.3626351,0.3626351
0.45127854,0.45127854
0.41641253,0.41641253
0.42446592,0.42446592
0.41051543,0.41051543
0.45948586,0.45948586
0.48924562,0.48924562
0.38121718,0.38121718
0.45509356,0.45509356
0.36497954,0.36497954
0.37664387,0.37664387
0.38464502,0.38464502
0.38464502,0.38464502
0.38464502,0.38464502
0.38464502,0.38464502
0.3827057,0.3827057
0.36965838,0.36965838
0.41377538,0.41377538
0.46042708,0.46042708
0.44839346,0.44839346
0.36201233,0.36201233
0.39453578,0.39453578
0.39468855,0.39468855
0.42611274,0.42611274
0.42259923,0.42259923
0.45820796,0.45820796
0.41057813,0.41057813
0.41642806,0.41642806
0.4542239,0.4542239
0.41463146,0.41463146
0.4610034,0.4610034
0.4280106,0.4280106
0.4268039,0.4268039
0.40570313,0.40570313
0.3710296,0.3710296
0.36992407,0.36992407
0.41367656,0.41367656
0.44284138,0.44284138
0.420853,0.420853
0.4143011,0.4143011
0.36637068,0.36637068
0.38910055,0.38910055
0.4062607,0.4062607
0.40919483,0.40919483
0.4256986,0.4256986
0.46072692,0.46072692
0.39104405,0.39104405
0.3665966,0.3665966
0.4411667,0.4411667
0.4130092,0.4130092
0.4570248,0.4570248
0.45677382,0.45677382
0.42880493,0.42880493
0.41497344,0.41497344
0.4020855,0.4020855
0.4965353,0.4965353
0.435241,0.435241
0.5153308,0.5153308
0.41343278,0.41343278
0.49046856,0.49046856
0.37243792,0.37243792
0.47063166,0.47063166
0.40025952,0.40025952
0.38160363,0.38160363
0.3948378,0.3948378
0.4108256,0.4108256
0.36760253,0.36760253
0.45456773,0.45456773
0.3999002,0.3999002
0.39649418,0.39649418
0.46171188,0.46171188
0.4033161,0.4033161
0.460184,0.460184
0.41070354,0.41070354
0.38284683,0.38284683
0.42532894,0.42532894
0.43834203,0.43834203
0.45826563,0.45826563
0.47629502,0.47629502
0.50122666,0.50122666
0.45671704,0.45671704
0.40982515,0.40982515
0.44024187,0.44024187
0.41321,0.41321
0.42488196,0.42488196
0.4113549,0.4113549
0.42350307,0.42350307
0.47792092,0.47792092
0.41444847,0.41444847
0.4948083,0.4948083
0.43519235,0.43519235
0.38682348,0.38682348
0.45645738,0.45645738
0.4297297,0.4297297
0.43463403,0.43463403
0.43155083,0.43155083
0.38242558,0.38242558
0.42209008,0.42209008
0.45001504,0.45001504
0.3963185,0.3963185
0.41199878,0.41199878
0.39491397,0.39491397
0.36656764,0.36656764
0.43491414,0.43491414
0.43096614,0.43096614
0.41685495,0.41685495
0.37359542,0.37359542
0.3888548,0.3888548
0.46563408,0.46563408
0.38757464,0.38757464
0.36661863,0.36661863
0.31344023,0.31344023
0.36965322,0.36965322
0.35899037,0.35899037
0.32295683,0.32295683
0.32069778,0.32069778
0.38464502,0.38464502
0.40184268,0.40184268
0.39737377,0.39737377
0.45938274,0.45938274
0.43337622,0.43337622
0.41876915,0.41876915
0.4444816,0.4444816
0.5396279,0.5396279
0.39930117,0.39930117
0.3626711,0.3626711
0.33628765,0.33628765
0.37243313,0.37243313
0.40752003,0.40752003
0.42422977,0.42422977
0.4277127,0.4277127
0.37033093,0.37033093
0.4402664,0.4402664
0.43971205,0.43971205
0.40059087,0.40059087
0.44155157,0.44155157
0.47718346,0.47718346
0.4293646,0.4293646
0.3893874,0.3893874
0.39339876,0.39339876
0.40571368,0.40571368
0.40618202,0.40618202
0.45163706,0.45163706
0.41405168,0.41405168
0.43387902,0.43387902
0.4375933,0.4375933
0.42766535,0.42766535
0.37605858,0.37605858
0.38804647,0.38804647
0.38464502,0.38464502
0.38464502,0.38464502
0.38464502,0.38464502
0.38464502,0.38464502
0.38464502,0.38464502
0.38464502,0.38464502
0.38464502,0.38464502
0.38464502,0.38464502
0.38464502,0.38464502
0.38464502,0.38464502
0.3830586,0.3830586
0.40586764,0.40586764
0.42604548,0.42604548
0.49432766,0.49432766
0.38464502,0.38464502
0.38464502,0.38464502
0.38464502,0.38464502
0.38464502,0.38464502
0.38464502,0.38464502
0.38464502,0.38464502
0.38464502,0.38464502
0.38464502,0.38464502
0.38464502,0.38464502
0.38464502,0.38464502
0.38464502,0.38464502
0.3895191,0.3895191
0.3684924,0.3684924
0.38464502,0.38464502
0.38464502,0.38464502
0.38464502,0.38464502
0.38464502,0.38464502
0.38464502,0.38464502
0.38464502,0.38464502
0.38464502,0.38464502
0.38464502,0.38464502
0.38464502,0.38464502
0.38464502,0.38464502
0.37672254,0.37672254
0.35151717,0.35151717
0.38464502,0.38464502
0.38464502,0.38464502
0.38464502,0.38464502
0.38464502,0.38464502
0.38464502,0.38464502
0.38464502,0.38464502
0.38464502,0.38464502
0.3997517,0.3997517
0.4727858,0.4727858
0.45613915,0.45613915
0.46951923,0.46951923
0.4606738,0.4606738
0.41377583,0.41377583
0.46080893,0.46080893
0.46928236,0.46928236
0.4001168,0.4001168
0.4696427,0.4696427
0.38982382,0.38982382
0.47982115,0.47982115
0.40339687,0.40339687
0.38464502,0.38464502
0.38464502,0.38464502
0.38464502,0.38464502
0.38464502,0.38464502
0.38464502,0.38464502
0.38464502,0.38464502
0.44446403,0.44446403
0.5066956,0.5066956
0.41511184,0.41511184
0.38464502,0.38464502
0.38464502,0.38464502
0.38464502,0.38464502
0.38464502,0.38464502
0.38464502,0.38464502
0.40388158,0.40388158
0.40209588,0.40209588
0.42692494,0.42692494
0.45229912,0.45229912
0.44911024,0.44911024
0.4126117,0.4126117
0.4308087,0.4308087
0.45658517,0.45658517
0.41960755,0.41960755
0.4244208,0.4244208
0.40404472,0.40404472
0.41088676,0.41088676
0.42956218,0.42956218
0.36079922,0.36079922
0.42679268,0.42679268
0.5169436,0.5169436
0.39356032,0.39356032
0.38464502,0.38464502
0.38464502,0.38464502
0.38464502,0.38464502
0.38464502,0.38464502
0.3601861,0.3601861
0.43351817,0.43351817
0.5072122,0.5072122
0.39802304,0.39802304
0.49756956,0.49756956
0.39027372,0.39027372
0.41574374,0.41574374
0.47988242,0.47988242
0.46988174,0.46988174
0.45520875,0.45520875
0.44507462,0.44507462
0.36763427,0.36763427
0.33574656,0.33574656
0.41246974,0.41246974
0.39345402,0.39345402
0.39504308,0.39504308
0.45912245,0.45912245
0.4772509,0.4772509
0.39147764,0.39147764
0.41016006,0.41016006
0.43940184,0.43940184
0.3668129,0.3668129
0.39045623,0.39045623
0.44814208,0.44814208
0.44080678,0.44080678
0.43538374,0.43538374
0.43117854,0.43117854
0.374113,0.374113
0.4206029,0.4206029
0.42828748,0.42828748
0.45946515,0.45946515
0.4198816,0.4198816
0.4343525,0.4343525
0.4136237,0.4136237
0.4724498,0.4724498
0.40498415,0.40498415
0.45676118,0.45676118
0.38769072,0.38769072
0.37995014,0.37995014
0.51181954,0.51181954
0.37170735,0.37170735
0.37436047,0.37436047
0.41721624,0.41721624
0.4430962,0.4430962
0.36452702,0.36452702
0.36400923,0.36400923
0.42533526,0.42533526
0.41085324,0.41085324
0.43409583,0.43409583
0.44475114,0.44475114
0.3734775,0.3734775
0.37066248,0.37066248
0.42544284,0.42544284
0.43266103,0.43266103
0.45527506,0.45527506
0.5008537,0.5008537
0.5098977,0.5098977
0.40134478,0.40134478
0.40219748,0.40219748
0.4818765,0.4818765
0.4008046,0.4008046
0.44429004,0.44429004
0.3927945,0.3927945
0.39570335,0.39570335
0.49069747,0.49069747
0.4624622,0.4624622
0.5044643,0.5044643
0.47176358,0.47176358
0.5009856,0.5009856
0.45197666,0.45197666
0.4212558,0.4212558
0.45132485,0.45132485
0.44823134,0.44823134
0.3837897,0.3837897
0.42043778,0.42043778
0.38915595,0.38915595
0.47251764,0.47251764
0.4361123,0.4361123
0.4163805,0.4163805
0.4699639,0.4699639
0.460482,0.460482
0.4598538,0.4598538
0.53515744,0.53515744
0.3691774,0.3691774
0.42853558,0.42853558
0.45852536,0.45852536
0.45058793,0.45058793
0.404126,0.404126
0.4294899,0.4294899
0.4261333,0.4261333
0.43441743,0.43441743
0.50044984,0.50044984
0.44076458,0.44076458
0.42951077,0.42951077
0.39950985,0.39950985
0.41558465,0.41558465
0.4125522,0.4125522
0.4832939,0.4832939
0.43555906,0.43555906
0.40538108,0.40538108
0.46866456,0.46866456
0.4041428,0.4041428
0.450891,0.450891
0.40804592,0.40804592
0.46700943,0.46700943
0.43780935,0.43780935
0.40666425,0.40666425
0.44974026,0.44974026
0.39548764,0.39548764
0.3277282,0.3277282
0.42913276,0.42913276
0.40029925,0.40029925
0.42126694,0.42126694
0.38446105,0.38446105
0.4067035,0.4067035
0.39712545,0.39712545
0.443761,0.443761
0.41608852,0.41608852
0.4186536,0.4186536
0.34918478,0.34918478
0.41965717,0.41965717
0.39727277,0.39727277
0.38858262,0.38858262
0.38464502,0.38464502
0.38312694,0.38312694
0.4193647,0.4193647
0.4195818,0.4195818
0.38945803,0.38945803
0.43390876,0.43390876
0.42185116,0.42185116
0.44755974,0.44755974
0.41405323,0.41405323
0.39858064,0.39858064
0.40731487,0.40731487
0.3768251,0.3768251
0.396838,0.396838
0.45239606,0.45239606
0.43442914,0.43442914
0.38464502,0.38464502
0.4105746,0.4105746
0.44506338,0.44506338
0.4732335,0.4732335
0.42731765,0.42731765
0.4651872,0.4651872
0.4248424,0.4248424
0.45512033,0.45512033
0.43145075,0.43145075
0.46896154,0.46896154
0.43951666,0.43951666
0.44380018,0.44380018
0.4502712,0.4502712
0.43131188,0.43131188
0.46135956,0.46135956
0.40973362,0.40973362
0.46147832,0.46147832
0.46879256,0.46879256
0.45216173,0.45216173
0.4608968,0.4608968
0.450206,0.450206
0.45046985,0.45046985
0.39250442,0.39250442
0.38118288,0.38118288
0.45092115,0.45092115
0.37414464,0.37414464
0.4324089,0.4324089
0.47848883,0.47848883
0.3968721,0.3968721
0.4068159,0.4068159
0.51042765,0.51042765
0.4014803,0.4014803
0.5012941,0.5012941
0.46252224,0.46252224
0.453187,0.453187
0.4170368,0.4170368
0.48013702,0.48013702
0.45664153,0.45664153
0.43104553,0.43104553
0.35856643,0.35856643
0.46061188,0.46061188
0.46578616,0.46578616
0.44237846,0.44237846
0.49080825,0.49080825
0.519022,0.519022
0.5238888,0.5238888
0.50257504,0.50257504
0.50996727,0.50996727
0.49079913,0.49079913
0.4785769,0.4785769
0.42100447,0.42100447
0.49194366,0.49194366
0.34399274,0.34399274
0.3907156,0.3907156
0.45720822,0.45720822
0.5228126,0.5228126
0.49577847,0.49577847
0.4384703,0.4384703
0.4578952,0.4578952
0.48915458,0.48915458
0.51677793,0.51677793
0.5256036,0.5256036
0.4107212,0.4107212
0.3924979,0.3924979
0.45402497,0.45402497
0.4335006,0.4335006
0.4289179,0.4289179
0.44146144,0.44146144
0.44680017,0.44680017
0.42267588,0.42267588
0.3635662,0.3635662
0.437621,0.437621
0.50553817,0.50553817
0.46793708,0.46793708
0.52469116,0.52469116
0.52982545,0.52982545
0.42637986,0.42637986
0.42608693,0.42608693
0.39387742,0.39387742
0.412787,0.412787
0.5338165,0.5338165
0.51207364,0.51207364
0.50251466,0.50251466
0.4668841,0.4668841
0.46836397,0.46836397
0.4736865,0.4736865
0.45497754,0.45497754
0.41978347,0.41978347
0.40894198,0.40894198
0.46105978,0.46105978
0.43125534,0.43125534
0.4345503,0.4345503
0.46965456,0.46965456
0.4366847,0.4366847
0.45122218,0.45122218
0.4999386,0.4999386
0.46805257,0.46805257
0.56856644,0.56856644
0.43764645,0.43764645
0.4385232,0.4385232
0.48575932,0.48575932
0.45007348,0.45007348
0.44358337,0.44358337
0.491221,0.491221
0.5052014,0.5052014
0.52041996,0.52041996
0.40282756,0.40282756
0.38464502,0.38464502
0.38464502,0.38464502
0.38464502,0.38464502
0.38464502,0.38464502
0.38464502,0.38464502
0.38464502,0.38464502
0.38464502,0.38464502
0.38464502,0.38464502
0.38464502,0.38464502
0.38464502,0.38464502
0.38464502,0.38464502
0.38464502,0.38464502
0.38464502,0.38464502
0.38464502,0.38464502
0.38464502,0.38464502
0.38464502,0.38464502
0.38464502,0.38464502
0.38464502,0.38464502
0.38464502,0.38464502
0.38464502,0.38464502
0.38464502,0.38464502
0.38464502,0.38464502
0.38464502,0.38464502
0.38464502,0.38464502
0.38464502,0.38464502
0.38464502,0.38464502
0.38464502,0.38464502
0.38464502,0.38464502
0.38464502,0.38464502
0.38464502,0.38464502
0.38464502,0.38464502
0.38464502,0.38464502
0.38464502,0.38464502
0.38464502,0.38464502
0.38464502,0.38464502
0.38464502,0.38464502
0.38464502,0.38464502
0.38464502,0.38464502
0.38464502,0.38464502
0.38464502,0.38464502
0.38464502,0.38464502
0.38464502,0.38464502
0.38464502,0.38464502
0.38464502,0.38464502
0.38464502,0.38464502
0.38464502,0.38464502
0.38464502,0.38464502
0.38464502,0.38464502
0.38464502,0.38464502
0.38464502,0.38464502
0.38464502,0.38464502
0.38464502,0.38464502
0.38464502,0.38464502
0.38464502,0.38464502
0.38464502,0.38464502
0.38464502,0.38464502
0.38464502,0.38464502
0.38464502,0.38464502
0.38464502,0.38464502
0.38464502,0.38464502
0.38464502,0.38464502
0.38464502,0.38464502
0.38464502,0.38464502
0.38464502,0.38464502
0.38464502,0.38464502
0.38464502,0.38464502
0.38464502,0.38464502
0.38464502,0.38464502
0.38464502,0.38464502
0.38464502,0.38464502
0.38464502,0.38464502
0.38464502,0.38464502
0.38464502,0.38464502
0.38464502,0.38464502
0.38464502,0.38464502
0.38464502,0.38464502
0.38464502,0.38464502
0.38464502,0.38464502
0.38464502,0.38464502
0.38464502,0.38464502
0.38464502,0.38464502
0.38464502,0.38464502
0.38464502,0.38464502
0.38464502,0.38464502
0.38464502,0.38464502
0.38464502,0.38464502
0.38464502,0.38464502
0.38464502,0.38464502
0.38464502,0.38464502
0.38464502,0.38464502
0.38464502,0.38464502
0.38464502,0.38464502
0.38464502,0.38464502
0.38464502,0.38464502
0.38464502,0.38464502
0.38464502,0.38464502
0.38464502,0.38464502
0.38464502,0.38464502
0.38464502,0.38464502
0.38464502,0.38464502
0.38464502,0.38464502
0.38464502,0.38464502
0.38464502,0.38464502
0.38464502,0.38464502
0.38464502,0.38464502
0.38464502,0.38464502
0.38464502,0.38464502
0.38464502,0.38464502
0.38464502,0.38464502
0.38464502,0.38464502
0.38464502,0.38464502
0.38464502,0.38464502
0.38464502,0.38464502
0.38464502,0.38464502
0.38464502,0.38464502
0.38464502,0.38464502
0.38464502,0.38464502
0.38464502,0.38464502
0.38464502,0.38464502
0.38464502,0.38464502
0.38464502,0.38464502
0.38464502,0.38464502
0.38464502,0.38464502
0.38464502,0.38464502
0.38464502,0.38464502
0.38464502,0.38464502
0.38464502,0.38464502
0.38464502,0.38464502
0.38464502,0.38464502
0.38464502,0.38464502
0.38464502,0.38464502
0.38464502,0.38464502
0.38464502,0.38464502
0.38464502,0.38464502
0.38464502,0.38464502
0.38464502,0.38464502
0.38464502,0.38464502
0.38464502,0.38464502
0.38464502,0.38464502
0.38464502,0.38464502
0.38464502,0.38464502
0.38464502,0.38464502
0.38464502,0.38464502
0.38464502,0.38464502
0.38464502,0.38464502
0.38464502,0.38464502
0.38464502,0.38464502
0.38464502,0.38464502
0.38464502,0.38464502
0.38464502,0.38464502
0.38464502,0.38464502
0.38464502,0.38464502
0.38464502,0.38464502
0.38464502,0.38464502
0.38464502,0.38464502
0.38464502,0.38464502
0.38464502,0.38464502
0.38464502,0.38464502
0.38464502,0.38464502
0.38464502,0.38464502
0.38464502,0.38464502
0.38464502,0.38464502
0.38464502,0.38464502
0.38464502,0.38464502
0.38464502,0.38464502
0.38464502,0.38464502
0.38464502,0.38464502
0.38464502,0.38464502
0.38464502,0.38464502
0.38464502,0.38464502
0.38464502,0.38464502
0.38464502,0.38464502
0.38464502,0.38464502
0.38464502,0.38464502
0.38464502,0.38464502
0.38464502,0.38464502
0.38464502,0.38464502
0.38464502,0.38464502
0.38464502,0.38464502
0.38464502,0.38464502
0.38464502,0.38464502
0.38464502,0.38464502
0.38464502,0.38464502
0.38464502,0.38464502
0.38464502,0.38464502
0.38464502,0.38464502
0.38464502,0.38464502
0.38464502,0.38464502
0.38464502,0.38464502
0.38464502,0.38464502
0.38464502,0.38464502
0.38464502,0.38464502
0.38464502,0.38464502
0.38464502,0.38464502
0.38464502,0.38464502
0.38464502,0.38464502
0.38464502,0.38464502
0.38464502,0.38464502
0.38464502,0.38464502
0.38464502,0.38464502
0.38464502,0.38464502
0.38464502,0.38464502
0.38464502,0.38464502
0.38464502,0.38464502
0.38464502,0.38464502
0.38464502,0.38464502
0.38464502,0.38464502
0.38464502,0.38464502
0.38464502,0.38464502
0.38464502,0.38464502
0.38464502,0.38464502
0.38464502,0.38464502
0.38464502,0.38464502
0.38464502,0.38464502
0.38464502,0.38464502
0.38464502,0.38464502
0.38464502,0.38464502
0.38464502,0.38464502
0.38464502,0.38464502
0.38464502,0.38464502
0.38464502,0.38464502
0.38464502,0.38464502
0.38464502,0.38464502
0.38464502,0.38464502
0.38464502,0.38464502
0.38464502,0.38464502
0.38464502,0.38464502
0.38464502,0.38464502
0.38464502,0.38464502
0.38464502,0.38464502
0.38464502,0.38464502
0.38464502,0.38464502
0.38464502,0.38464502
0.38464502,0.38464502
0.38464502,0.38464502
0.38464502,0.38464502
0.38464502,0.38464502
0.38464502,0.38464502
0.38464502,0.38464502
0.38464502,0.38464502
0.38464502,0.38464502
0.38464502,0.38464502
0.38464502,0.38464502
0.38464502,0.38464502
0.38464502,0.38464502
0.38464502,0.38464502
0.38464502,0.38464502
0.38464502,0.38464502
0.38464502,0.38464502
0.38464502,0.38464502
0.38464502,0.38464502
0.38464502,0.38464502
0.38464502,0.38464502
0.38464502,0.38464502
0.38464502,0.38464502
0.38464502,0.38464502
0.38464502,0.38464502
0.38464502,0.38464502
0.38464502,0.38464502
0.38464502,0.38464502
0.38464502,0.38464502
0.38464502,0.38464502
0.38464502,0.38464502
0.38464502,0.38464502
0.38464502,0.38464502
0.38464502,0.38464502
0.38464502,0.38464502
0.38464502,0.38464502
0.38464502,0.38464502
0.38464502,0.38464502
0.38464502,0.38464502
0.38464502,0.38464502
0.38464502,0.38464502
0.38464502,0.38464502
0.38464502,0.38464502
0.38464502,0.38464502
0.38464502,0.38464502
0.38464502,0.38464502
0.38464502,0.38464502
0.38464502,0.38464502
0.38464502,0.38464502
0.38464502,0.38464502
0.38464502,0.38464502
0.38464502,0.38464502
0.38464502,0.38464502
0.38464502,0.38464502
0.38464502,0.38464502
0.38464502,0.38464502
0.38464502,0.38464502
0.38464502,0.38464502
0.38464502,0.38464502
0.38464502,0.38464502
0.38464502,0.38464502
0.38464502,0.38464502
0.38464502,0.38464502
0.38464502,0.38464502
0.38464502,0.38464502
0.38464502,0.38464502
0.38464502,0.38464502
0.38464502,0.38464502
0.38464502,0.38464502
0.38464502,0.38464502
0.38464502,0.38464502
0.38464502,0.38464502
0.38464502,0.38464502
0.38464502,0.38464502
0.38464502,0.38464502
0.38464502,0.38464502
0.38464502,0.38464502
0.38464502,0.38464502
0.38464502,0.38464502
0.38464502,0.38464502
0.38464502,0.38464502
0.38464502,0.38464502
0.38464502,0.38464502
0.38464502,0.38464502
0.38464502,0.38464502
0.38464502,0.38464502
0.38464502,0.38464502
0.38464502,0.38464502
0.38464502,0.38464502
0.38464502,0.38464502
0.38464502,0.38464502
0.38464502,0.38464502
0.38464502,0.38464502
0.38464502,0.38464502
0.38464502,0.38464502
0.38464502,0.38464502
0.38464502,0.38464502
0.38464502,0.38464502
0.38464502,0.38464502
0.38464502,0.38464502
0.38464502,0.38464502
0.38464502,0.38464502
0.38464502,0.38464502
0.38464502,0.38464502
0.38464502,0.38464502
0.38464502,0.38464502
0.38464502,0.38464502
0.38464502,0.38464502
0.38464502,0.38464502
0.38464502,0.38464502
0.38464502,0.38464502
0.38464502,0.38464502
0.38464502,0.38464502
0.38464502,0.38464502
0.38464502,0.38464502
0.38464502,0.38464502
0.38464502,0.38464502
0.38464502,0.38464502
0.38464502,0.38464502
0.38464502,0.38464502
0.38464502,0.38464502
0.38464502,0.38464502
0.38464502,0.38464502
0.38464502,0.38464502
0.38464502,0.38464502
0.38464502,0.38464502
0.38464502,0.38464502
0.38464502,0.38464502
0.38464502,0.38464502
0.38464502,0.38464502
0.38464502,0.38464502
0.38464502,0.38464502
0.38464502,0.38464502
0.38464502,0.38464502
0.38464502,0.38464502
0.38464502,0.38464502
0.38464502,0.38464502
0.38464502,0.38464502
0.38464502,0.38464502
0.38464502,0.38464502
0.38464502,0.38464502
0.38464502,0.38464502
0.38464502,0.38464502
0.38464502,0.38464502
0.38464502,0.38464502
0.38464502,0.38464502
0.38464502,0.38464502
0.38464502,0.38464502
0.38464502,0.38464502
0.38464502,0.38464502
0.38464502,0.38464502
0.38464502,0.38464502
0.38464502,0.38464502
0.38464502,0.38464502
0.38464502,0.38464502
0.38464502,0.38464502
0.38464502,0.38464502
0.38464502,0.38464502
0.38464502,0.38464502
0.38464502,0.38464502
0.38464502,0.38464502
0.38464502,0.38464502
0.38464502,0.38464502
0.38464502,0.38464502
0.38464502,0.38464502
0.38464502,0.38464502
0.38464502,0.38464502
0.38464502,0.38464502
0.38464502,0.38464502
0.38464502,0.38464502
0.38464502,0.38464502
0.38464502,0.38464502
0.38464502,0.38464502
0.38464502,0.38464502
0.38464502,0.38464502
0.38464502,0.38464502
0.38464502,0.38464502
0.38464502,0.38464502
0.38464502,0.38464502
0.38464502,0.38464502
0.38464502,0.38464502
0.38464502,0.38464502
0.38464502,0.38464502
0.38464502,0.38464502
0.38464502,0.38464502
0.38464502,0.38464502
0.38464502,0.38464502
0.38464502,0.38464502
0.38464502,0.38464502
0.38464502,0.38464502
0.38464502,0.38464502
0.38464502,0.38464502
0.38464502,0.38464502
0.38464502,0.38464502
0.38464502,0.38464502
0.38464502,0.38464502
0.38464502,0.38464502
0.38464502,0.38464502
0.38464502,0.38464502
0.38464502,0.38464502
0.38464502,0.38464502
0.38464502,0.38464502
0.38464502,0.38464502
0.38464502,0.38464502
0.38464502,0.38464502
0.38464502,0.38464502
0.38464502,0.38464502
0.38464502,0.38464502
0.38464502,0.38464502
0.38464502,0.38464502
0.38464502,0.38464502
0.38464502,0.38464502
0.38464502,0.38464502
0.38464502,0.38464502
0.38464502,0.38464502
0.38464502,0.38464502
0.38464502,0.38464502
0.38464502,0.38464502
0.38464502,0.38464502
0.38464502,0.38464502
0.38464502,0.38464502
0.38464502,0.38464502
0.38464502,0.38464502
0.38464502,0.38464502
0.38464502,0.38464502
0.38464502,0.38464502
0.38464502,0.38464502
0.38464502,0.38464502
0.38464502,0.38464502
0.38464502,0.38464502
0.38464502,0.38464502
0.38464502,0.38464502
0.38464502,0.38464502
0.38464502,0.38464502
0.38464502,0.38464502
0.38464502,0.38464502
0.38464502,0.38464502
0.38464502,0.38464502
0.38464502,0.38464502
0.38464502,0.38464502
0.38464502,0.38464502
0.38464502,0.38464502
0.38464502,0.38464502
0.38464502,0.38464502
0.38464502,0.38464502
0.38464502,0.38464502
0.38464502,0.38464502
0.38464502,0.38464502
0.38464502,0.38464502
0.38464502,0.38464502
0.38464502,0.38464502
0.38464502,0.38464502
0.38464502,0.38464502
0.38464502,0.38464502
0.38464502,0.38464502
0.38464502,0.38464502
0.38464502,0.38464502
0.38464502,0.38464502
0.38464502,0.38464502
0.38464502,0.38464502
0.38464502,0.38464502
0.38464502,0.38464502
0.38464502,0.38464502
0.38464502,0.38464502
0.38464502,0.38464502
0.38464502,0.38464502
0.38464502,0.38464502
0.38464502,0.38464502
0.38464502,0.38464502
0.38464502,0.38464502
0.38464502,0.38464502
0.38464502,0.38464502
0.38464502,0.38464502
0.38464502,0.38464502
0.38464502,0.38464502
0.38464502,0.38464502
0.38464502,0.38464502
0.38464502,0.38464502
0.38464502,0.38464502
0.38464502,0.38464502
0.38464502,0.38464502
0.38464502,0.38464502
0.38464502,0.38464502
0.38464502,0.38464502
0.38464502,0.38464502
0.38464502,0.38464502
0.38464502,0.38464502
0.38464502,0.38464502
0.38464502,0.38464502
0.38464502,0.38464502
0.38464502,0.38464502
0.38464502,0.38464502
0.38464502,0.38464502
0.38464502,0.38464502
0.38464502,0.38464502
0.38464502,0.38464502
0.38464502,0.38464502
0.38464502,0.38464502
0.38464502,0.38464502
0.38464502,0.38464502
0.38464502,0.38464502
0.38464502,0.38464502
0.38464502,0.38464502
0.38464502,0.38464502
0.38464502,0.38464502
0.38464502,0.38464502
0.38464502,0.38464502
0.38464502,0.38464502
0.38464502,0.38464502
0.38464502,0.38464502
0.38464502,0.38464502
0.38464502,0.38464502
0.38464502,0.38464502
0.38464502,0.38464502
0.38464502,0.38464502
0.38464502,0.38464502
0.38464502,0.38464502
0.38464502,0.38464502
0.38464502,0.38464502
0.38464502,0.38464502
0.38464502,0.38464502
0.38464502,0.38464502
0.38464502,0.38464502
0.38464502,0.38464502
0.38464502,0.38464502
0.38464502,0.38464502
0.38464502,0.38464502
0.38464502,0.38464502
0.38464502,0.38464502
0.38464502,0.38464502
0.38464502,0.38464502
0.38464502,0.38464502
0.38464502,0.38464502
0.38464502,0.38464502
0.38464502,0.38464502
0.38464502,0.38464502
0.38464502,0.38464502
0.38464502,0.38464502
0.38464502,0.38464502
0.38464502,0.38464502
0.38464502,0.38464502
0.38464502,0.38464502
0.38464502,0.38464502
0.38464502,0.38464502
0.38464502,0.38464502
0.38464502,0.38464502
0.38464502,0.38464502
0.38464502,0.38464502
0.38464502,0.38464502
0.38464502,0.38464502
0.38464502,0.38464502
0.38464502,0.38464502
0.38464502,0.38464502
0.38464502,0.38464502
0.38464502,0.38464502
0.38464502,0.38464502
0.38464502,0.38464502
0.38464502,0.38464502
0.38464502,0.38464502
0.38464502,0.38464502
0.38464502,0.38464502
0.38464502,0.38464502
0.38464502,0.38464502
0.38464502,0.38464502
0.38464502,0.38464502
0.38464502,0.38464502
0.38464502,0.38464502
0.38464502,0.38464502
0.38464502,0.38464502
0.38464502,0.38464502
0.38464502,0.38464502
0.38464502,0.38464502
0.38464502,0.38464502
0.38464502,0.38464502
0.38464502,0.38464502
0.38464502,0.38464502
0.38464502,0.38464502
0.38464502,0.38464502
0.38464502,0.38464502
0.38464502,0.38464502
0.38464502,0.38464502
0.38464502,0.38464502
0.38464502,0.38464502
0.38464502,0.38464502
0.38464502,0.38464502
0.38464502,0.38464502
0.38464502,0.38464502
0.38464502,0.38464502
0.38464502,0.38464502
0.38464502,0.38464502
0.38464502,0.38464502
0.38464502,0.38464502
0.38464502,0.38464502
0.38464502,0.38464502
0.38464502,0.38464502
0.38464502,0.38464502
0.38464502,0.38464502
0.38464502,0.38464502
0.38464502,0.38464502
0.38464502,0.38464502
0.38464502,0.38464502
0.38464502,0.38464502
0.38464502,0.38464502
0.38464502,0.38464502
0.38464502,0.38464502
0.38464502,0.38464502
0.38464502,0.38464502
0.38464502,0.38464502
0.38464502,0.38464502
0.38464502,0.38464502
0.38464502,0.38464502
0.38464502,0.38464502
0.38464502,0.38464502
0.38464502,0.38464502
0.38464502,0.38464502
0.38464502,0.38464502
0.38464502,0.38464502
0.38464502,0.38464502
0.38464502,0.38464502
0.38464502,0.38464502
0.38464502,0.38464502
0.38464502,0.38464502
0.38464502,0.38464502
0.38464502,0.38464502
0.38464502,0.38464502
0.38464502,0.38464502
0.38464502,0.38464502
0.38464502,0.38464502
0.38464502,0.38464502
0.38464502,0.38464502
0.38464502,0.38464502
0.38464502,0.38464502
0.38464502,0.38464502
0.38464502,0.38464502
0.38464502,0.38464502
0.38464502,0.38464502
0.38464502,0.38464502
0.38464502,0.38464502
0.38464502,0.38464502
0.38464502,0.38464502
0.38464502,0.38464502
0.38464502,0.38464502
0.38464502,0.38464502
0.38464502,0.38464502
0.38464502,0.38464502
0.38464502,0.38464502
0.38464502,0.38464502
0.38464502,0.38464502
0.38464502,0.38464502
0.38464502,0.38464502
0.38464502,0.38464502
0.38464502,0.38464502
0.38464502,0.38464502
0.38464502,0.38464502
0.38464502,0.38464502
0.38464502,0.38464502
0.38464502,0.38464502
0.38464502,0.38464502
0.38464502,0.38464502
0.38464502,0.38464502
0.38464502,0.38464502
0.38464502,0.38464502
0.38464502,0.38464502
0.38464502,0.38464502
0.38464502,0.38464502
0.38464502,0.38464502
0.38464502,0.38464502
0.38464502,0.38464502
0.38464502,0.38464502
0.38464502,0.38464502
0.38464502,0.38464502
0.38464502,0.38464502
0.38464502,0.38464502
0.38464502,0.38464502
0.38464502,0.38464502
0.38464502,0.38464502
0.38464502,0.38464502
0.38464502,0.38464502
0.38464502,0.38464502
0.38464502,0.38464502
0.38464502,0.38464502
0.38464502,0.38464502
0.38464502,0.38464502
0.38464502,0.38464502
0.38464502,0.38464502
0.38464502,0.38464502
0.38464502,0.38464502
0.38464502,0.38464502
0.38464502,0.38464502
0.38464502,0.38464502
0.38464502,0.38464502
0.38464502,0.38464502
0.38464502,0.38464502
0.38464502,0.38464502
0.38464502,0.38464502
0.38464502,0.38464502
0.38464502,0.38464502
0.38464502,0.38464502
0.38464502,0.38464502
0.38464502,0.38464502
0.38464502,0.38464502
0.38464502,0.38464502
0.38464502,0.38464502
0.38464502,0.38464502
0.38464502,0.38464502
0.38464502,0.38464502
0.38464502,0.38464502
0.38464502,0.38464502
0.38464502,0.38464502
0.38464502,0.38464502
0.38464502,0.38464502
0.38464502,0.38464502
0.38464502,0.38464502
0.38464502,0.38464502
0.38464502,0.38464502
0.38464502,0.38464502
0.38464502,0.38464502
0.38464502,0.38464502
0.38464502,0.38464502
0.38464502,0.38464502
0.38464502,0.38464502
0.38464502,0.38464502
0.38464502,0.38464502
0.38464502,0.38464502
0.38464502,0.38464502
0.38464502,0.38464502
0.38464502,0.38464502
0.38464502,0.38464502
0.38464502,0.38464502
0.38464502,0.38464502
0.38464502,0.38464502
0.38464502,0.38464502
0.38464502,0.38464502
0.38464502,0.38464502
0.38464502,0.38464502
0.38464502,0.38464502
0.38464502,0.38464502
0.38464502,0.38464502
0.38464502,0.38464502
0.38464502,0.38464502
0.38464502,0.38464502
0.38464502,0.38464502
0.38464502,0.38464502
0.38464502,0.38464502
0.38464502,0.38464502
0.38464502,0.38464502
0.38464502,0.38464502
0.38464502,0.38464502
0.38464502,0.38464502
0.38464502,0.38464502
0.38464502,0.38464502
0.38464502,0.38464502
0.38464502,0.38464502
0.38464502,0.38464502
0.38464502,0.38464502
0.38464502,0.38464502
0.38464502,0.38464502
0.38464502,0.38464502
0.38464502,0.38464502
0.38464502,0.38464502
0.38464502,0.38464502
0.38464502,0.38464502
0.38464502,0.38464502
0.38464502,0.38464502
0.38464502,0.38464502
0.38464502,0.38464502
0.38464502,0.38464502
0.38464502,0.38464502
0.38464502,0.38464502
0.38464502,0.38464502
0.38464502,0.38464502
0.38464502,0.38464502
0.38464502,0.38464502
0.38464502,0.38464502
0.38464502,0.38464502
0.38464502,0.38464502
0.38464502,0.38464502
0.38464502,0.38464502
0.38464502,0.38464502
0.38464502,0.38464502
0.38464502,0.38464502
0.38464502,0.38464502
0.38464502,0.38464502
0.38464502,0.38464502
0.38464502,0.38464502
0.38464502,0.38464502
0.38464502,0.38464502
0.38464502,0.38464502
0.38464502,0.38464502
0.38464502,0.38464502
0.38464502,0.38464502
0.38464502,0.38464502
0.38464502,0.38464502
0.38464502,0.38464502
0.38464502,0.38464502
0.38464502,0.38464502
0.38464502,0.38464502
0.38464502,0.38464502
0.38464502,0.38464502
0.38464502,0.38464502
0.38464502,0.38464502
0.38464502,0.38464502
0.38464502,0.38464502
0.38464502,0.38464502
0.38464502,0.38464502
0.38464502,0.38464502
0.38464502,0.38464502
0.38464502,0.38464502
0.38464502,0.38464502
0.38464502,0.38464502
0.38464502,0.38464502
0.38464502,0.38464502
0.38464502,0.38464502
0.38464502,0.38464502
0.38464502,0.38464502
0.38464502,0.38464502
0.38464502,0.38464502
0.38464502,0.38464502
0.38464502,0.38464502
0.38464502,0.38464502
0.38464502,0.38464502
0.38464502,0.38464502
0.38464502,0.38464502
0.38464502,0.38464502
0.38464502,0.38464502
0.38464502,0.38464502
0.38464502,0.38464502
0.38464502,0.38464502
0.38464502,0.38464502
0.38464502,0.38464502
0.38464502,0.38464502
0.38464502,0.38464502
0.38464502,0.38464502
0.38464502,0.38464502
0.38464502,0.38464502
0.38464502,0.38464502
0.38464502,0.38464502
0.38464502,0.38464502
0.38464502,0.38464502
0.38464502,0.38464502
0.38464502,0.38464502
0.38464502,0.38464502
0.38464502,0.38464502
0.38464502,0.38464502
0.38464502,0.38464502
0.38464502,0.38464502
0.38464502,0.38464502
0.38464502,0.38464502
0.38464502,0.38464502
0.38464502,0.38464502
0.38464502,0.38464502
0.38464502,0.38464502
0.38464502,0.38464502
0.38464502,0.38464502
0.38464502,0.38464502
0.38464502,0.38464502
0.38464502,0.38464502
0.38464502,0.38464502
0.38464502,0.38464502
0.38464502,0.38464502
0.38464502,0.38464502
0.38464502,0.38464502
0.38464502,0.38464502
0.38464502,0.38464502
0.38464502,0.38464502
0.38464502,0.38464502
0.38464502,0.38464502
0.38464502,0.38464502
0.38464502,0.38464502
0.38464502,0.38464502
0.38464502,0.38464502
0.38464502,0.38464502
0.38464502,0.38464502
0.38464502,0.38464502
0.38464502,0.38464502
0.38464502,0.38464502
0.38464502,0.38464502
0.38464502,0.38464502
0.38464502,0.38464502
0.38464502,0.38464502
0.38464502,0.38464502
0.38464502,0.38464502
0.38464502,0.38464502
0.38464502,0.38464502
0.38464502,0.38464502
0.38464502,0.38464502
0.38464502,0.38464502
0.38464502,0.38464502
0.38464502,0.38464502
0.38464502,0.38464502
0.38464502,0.38464502
0.38464502,0.38464502
0.38464502,0.38464502
0.38464502,0.38464502
0.38464502,0.38464502
0.38464502,0.38464502
0.38464502,0.38464502
0.38464502,0.38464502
0.38464502,0.38464502
0.38464502,0.38464502
0.38464502,0.38464502
0.38464502,0.38464502
0.38464502,0.38464502
0.38464502,0.38464502
0.38464502,0.38464502
0.38464502,0.38464502
0.38464502,0.38464502
0.38464502,0.38464502
0.38464502,0.38464502
0.38464502,0.38464502
0.38464502,0.38464502
0.38464502,0.38464502
0.38464502,0.38464502
0.38464502,0.38464502
0.38464502,0.38464502
0.38464502,0.38464502
0.38464502,0.38464502
0.38464502,0.38464502
0.38464502,0.38464502
0.38464502,0.38464502
0.38464502,0.38464502
0.38464502,0.38464502
0.38464502,0.38464502
0.38464502,0.38464502
0.38464502,0.38464502
0.38464502,0.38464502
0.38464502,0.38464502
0.38464502,0.38464502
0.38464502,0.38464502
0.38464502,0.38464502
0.38464502,0.38464502
0.38464502,0.38464502
0.38464502,0.38464502
0.38464502,0.38464502
0.38464502,0.38464502
0.38464502,0.38464502
0.38464502,0.38464502
0.38464502,0.38464502
0.38464502,0.38464502
0.38464502,0.38464502
0.38464502,0.38464502
0.38464502,0.38464502
0.38464502,0.38464502
0.38464502,0.38464502
0.38464502,0.38464502
0.38464502,0.38464502
0.38464502,0.38464502
0.38464502,0.38464502
0.38464502,0.38464502
0.38464502,0.38464502
0.38464502,0.38464502
0.38464502,0.38464502
0.38464502,0.38464502
0.38464502,0.38464502
0.38464502,0.38464502
0.38464502,0.38464502
0.38464502,0.38464502
0.38464502,0.38464502
0.38464502,0.38464502
0.38464502,0.38464502
0.38464502,0.38464502
0.38464502,0.38464502
0.38464502,0.38464502
0.38464502,0.38464502
0.38464502,0.38464502
0.38464502,0.38464502
0.38464502,0.38464502
0.38464502,0.38464502
0.38464502,0.38464502
0.38464502,0.38464502
0.38464502,0.38464502
0.38464502,0.38464502
0.38464502,0.38464502
0.38464502,0.38464502
0.38464502,0.38464502
0.38464502,0.38464502
0.38464502,0.38464502
0.38464502,0.38464502
0.38464502,0.38464502
0.38464502,0.38464502
0.38464502,0.38464502
0.38464502,0.38464502
0.38464502,0.38464502
0.38464502,0.38464502
0.38464502,0.38464502
0.38464502,0.38464502
0.38464502,0.38464502
0.38464502,0.38464502
0.38464502,0.38464502
0.38464502,0.38464502
0.38464502,0.38464502
0.38464502,0.38464502
0.38464502,0.38464502
0.38464502,0.38464502
0.38464502,0.38464502
0.38464502,0.38464502
0.38464502,0.38464502
0.38464502,0.38464502
0.38464502,0.38464502
0.38464502,0.38464502
0.38464502,0.38464502
0.38464502,0.38464502
0.38464502,0.38464502
0.38464502,0.38464502
0.38464502,0.38464502
0.38464502,0.38464502
0.38464502,0.38464502
0.38464502,0.38464502
0.38464502,0.38464502
0.38464502,0.38464502
0.38464502,0.38464502
0.38464502,0.38464502
0.38464502,0.38464502
0.38464502,0.38464502
0.38464502,0.38464502
0.38464502,0.38464502
0.38464502,0.38464502
0.38464502,0.38464502
0.38464502,0.38464502
0.38464502,0.38464502
0.38464502,0.38464502
0.38464502,0.38464502
0.38464502,0.38464502
0.38464502,0.38464502
0.38464502,0.38464502
0.38464502,0.38464502
0.38464502,0.38464502
0.38464502,0.38464502
0.38464502,0.38464502
0.38464502,0.38464502
0.38464502,0.38464502
0.38464502,0.38464502
0.38464502,0.38464502
0.38464502,0.38464502
0.38464502,0.38464502
0.38464502,0.38464502
0.38464502,0.38464502
0.38464502,0.38464502
0.38464502,0.38464502
0.38464502,0.38464502
0.38464502,0.38464502
0.38464502,0.38464502
0.38464502,0.38464502
0.38464502,0.38464502
0.38464502,0.38464502
0.38464502,0.38464502
0.38464502,0.38464502
0.38464502,0.38464502
0.38464502,0.38464502
0.38464502,0.38464502
0.38464502,0.38464502
0.38464502,0.38464502
0.38464502,0.38464502
0.38464502,0.38464502
0.38464502,0.38464502
0.38464502,0.38464502
0.38464502,0.38464502
0.38464502,0.38464502
0.38464502,0.38464502
0.38464502,0.38464502
0.38464502,0.38464502
0.38464502,0.38464502
0.38464502,0.38464502
0.38464502,0.38464502
0.38464502,0.38464502
0.38464502,0.38464502
0.38464502,0.38464502
0.38464502,0.38464502
0.38464502,0.38464502
0.38464502,0.38464502
0.38464502,0.38464502
0.38464502,0.38464502
0.38464502,0.38464502
0.38464502,0.38464502
0.38464502,0.38464502
0.38464502,0.38464502
0.38464502,0.38464502
0.38464502,0.38464502
0.38464502,0.38464502
0.38464502,0.38464502
0.38464502,0.38464502
0.38464502,0.38464502
0.38464502,0.38464502
0.38464502,0.38464502
0.38464502,0.38464502
0.38464502,0.38464502
0.38464502,0.38464502
0.38464502,0.38464502
0.38464502,0.38464502
0.38464502,0.38464502
0.38464502,0.38464502
0.38464502,0.38464502
0.38464502,0.38464502
0.38464502,0.38464502
0.38464502,0.38464502
0.38464502,0.38464502
0.38464502,0.38464502
0.38464502,0.38464502
0.38464502,0.38464502
0.38464502,0.38464502
0.38464502,0.38464502
0.38464502,0.38464502
0.38464502,0.38464502
0.38464502,0.38464502
0.38464502,0.38464502
0.38464502,0.38464502
0.38464502,0.38464502
0.38464502,0.38464502
0.38464502,0.38464502
0.38464502,0.38464502
0.38464502,0.38464502
0.38464502,0.38464502
0.38464502,0.38464502
0.38464502,0.38464502
0.38464502,0.38464502
0.38464502,0.38464502
0.38464502,0.38464502
0.38464502,0.38464502
0.38464502,0.38464502
0.38464502,0.38464502
0.38464502,0.38464502
0.38464502,0.38464502
0.38464502,0.38464502
0.38464502,0.38464502
0.38464502,0.38464502
0.38464502,0.38464502
0.38464502,0.38464502
0.38464502,0.38464502
0.38464502,0.38464502
0.38464502,0.38464502
0.38464502,0.38464502
0.38464502,0.38464502
0.38464502,0.38464502
0.38464502,0.38464502
0.38464502,0.38464502
0.38464502,0.38464502
0.38464502,0.38464502
0.38464502,0.38464502
0.38464502,0.38464502
0.38464502,0.38464502
0.38464502,0.38464502
0.38464502,0.38464502
0.38464502,0.38464502
0.38464502,0.38464502
0.38464502,0.38464502
0.38464502,0.38464502
0.38464502,0.38464502
0.38464502,0.38464502
0.38464502,0.38464502
0.38464502,0.38464502
0.38464502,0.38464502
0.38464502,0.38464502
0.38464502,0.38464502
0.38464502,0.38464502
0.38464502,0.38464502
0.38464502,0.38464502
0.38464502,0.38464502
0.38464502,0.38464502
0.38464502,0.38464502
0.38464502,0.38464502
0.38464502,0.38464502
0.38464502,0.38464502
0.38464502,0.38464502
0.38464502,0.38464502
0.38464502,0.38464502
0.38464502,0.38464502
0.38464502,0.38464502
0.38464502,0.38464502
0.38464502,0.38464502
0.38464502,0.38464502
0.38464502,0.38464502
0.38464502,0.38464502
0.38464502,0.38464502
0.38464502,0.38464502
0.38464502,0.38464502
0.38464502,0.38464502
0.38464502,0.38464502
0.38464502,0.38464502
0.38464502,0.38464502
0.38464502,0.38464502
0.38464502,0.38464502
0.38464502,0.38464502
0.38464502,0.38464502
0.38464502,0.38464502
0.38464502,0.38464502
0.38464502,0.38464502
0.38464502,0.38464502
0.38464502,0.38464502
0.38464502,0.38464502
0.38464502,0.38464502
0.38464502,0.38464502
0.38464502,0.38464502
0.38464502,0.38464502
0.38464502,0.38464502
0.38464502,0.38464502
0.38464502,0.38464502
0.38464502,0.38464502
0.38464502,0.38464502
0.38464502,0.38464502
0.38464502,0.38464502
0.38464502,0.38464502
0.38464502,0.38464502
0.38464502,0.38464502
0.38464502,0.38464502
0.38464502,0.38464502
0.38464502,0.38464502
0.38464502,0.38464502
0.38464502,0.38464502
0.38464502,0.38464502
0.38464502,0.38464502
0.38464502,0.38464502
0.38464502,0.38464502
0.38464502,0.38464502
0.38464502,0.38464502
0.38464502,0.38464502
0.38464502,0.38464502
0.38464502,0.38464502
0.38464502,0.38464502
0.38464502,0.38464502
0.38464502,0.38464502
0.38464502,0.38464502
0.38464502,0.38464502
0.38464502,0.38464502
0.38464502,0.38464502
0.38464502,0.38464502
0.38464502,0.38464502
0.38464502,0.38464502
0.38464502,0.38464502
0.38464502,0.38464502
0.38464502,0.38464502
0.38464502,0.38464502
0.38464502,0.38464502
0.38464502,0.38464502
0.38464502,0.38464502
0.38464502,0.38464502
0.38464502,0.38464502
0.38464502,0.38464502
0.38464502,0.38464502
0.38464502,0.38464502
0.38464502,0.38464502
0.38464513,0.38464513
0.38464513,0.38464513
0.38464513,0.38464513
0.38464513,0.38464513
0.38464513,0.38464513
0.38464513,0.38464513
0.38464513,0.38464513
0.38464513,0.38464513
0.38464513,0.38464513
0.38464513,0.38464513
0.38464513,0.38464513
0.38464513,0.38464513
0.38464513,0.38464513
0.38464513,0.38464513
0.38464513,0.38464513
0.38464513,0.38464513
0.38464513,0.38464513
0.38464513,0.38464513
0.38464513,0.38464513
0.38464513,0.38464513
0.38464513,0.38464513
0.38464513,0.38464513
0.38464513,0.38464513
0.38464513,0.38464513
0.38464513,0.38464513
0.38464513,0.38464513
0.38464513,0.38464513
0.38464513,0.38464513
0.38464513,0.38464513
0.38464513,0.38464513
0.38464513,0.38464513
0.38464513,0.38464513
0.38464513,0.38464513
0.38464513,0.38464513
0.38464513,0.38464513
0.38464513,0.38464513
0.38464513,0.38464513
0.38464513,0.38464513
0.38464513,0.38464513
0.38464513,0.38464513
0.38464513,0.38464513
0.38464513,0.38464513
0.38464513,0.38464513
0.38464513,0.38464513
0.38464513,0.38464513
0.38464513,0.38464513
0.38464513,0.38464513
0.38464513,0.38464513
0.38464513,0.38464513
0.38464513,0.38464513
0.38464513,0.38464513
0.38464513,0.38464513
0.38464513,0.38464513
0.38464513,0.38464513
0.38464513,0.38464513
0.38464513,0.38464513
0.38464513,0.38464513
0.38464513,0.38464513
0.38464513,0.38464513
0.38464513,0.38464513
0.38464513,0.38464513
0.38464513,0.38464513
0.38464513,0.38464513
0.38464513,0.38464513
0.38464513,0.38464513
0.38464513,0.38464513
0.38464513,0.38464513
0.38464513,0.38464513
0.38464513,0.38464513
0.38464513,0.38464513
0.38464513,0.38464513
0.38464513,0.38464513
0.38464513,0.38464513
0.38464513,0.38464513
0.38464513,0.38464513
0.38464513,0.38464513
0.38464513,0.38464513
0.38464513,0.38464513
0.38464513,0.38464513
0.38464513,0.38464513
0.38464513,0.38464513
0.38464513,0.38464513
0.38464513,0.38464513
0.38464513,0.38464513
0.38464513,0.38464513
0.38464513,0.38464513
0.38464513,0.38464513
0.38464513,0.38464513
0.38464513,0.38464513
0.38464513,0.38464513
0.38464513,0.38464513
0.38464513,0.38464513
0.38464513,0.38464513
0.38464513,0.38464513
0.38464513,0.38464513
0.38464513,0.38464513
0.38464513,0.38464513
0.38464513,0.38464513
0.38464513,0.38464513
0.38464513,0.38464513
0.38464513,0.38464513
0.38464513,0.38464513
0.38464513,0.38464513
0.38464513,0.38464513
0.38464513,0.38464513
0.38464513,0.38464513
0.38464513,0.38464513
0.38464513,0.38464513
0.38464513,0.38464513
0.38464513,0.38464513
0.38464513,0.38464513
0.38464513,0.38464513
0.38464513,0.38464513
0.38464513,0.38464513
0.38464513,0.38464513
0.38464513,0.38464513
0.38464513,0.38464513
0.38464513,0.38464513
0.38464513,0.38464513
0.38464513,0.38464513
0.38464513,0.38464513
0.38464513,0.38464513
0.38464513,0.38464513
0.38464513,0.38464513
0.38464513,0.38464513
0.38464513,0.38464513
0.38464513,0.38464513
0.38464513,0.38464513
0.38464513,0.38464513
0.38464513,0.38464513
0.38464513,0.38464513
0.38464513,0.38464513
0.38464513,0.38464513
0.38464513,0.38464513
0.38464513,0.38464513
0.38464513,0.38464513
0.38464513,0.38464513
0.38464513,0.38464513
0.38464513,0.38464513
0.38464513,0.38464513
0.38464513,0.38464513
0.38464513,0.38464513
0.38464513,0.38464513
0.38464513,0.38464513
0.38464513,0.38464513
0.38464513,0.38464513
0.38464513,0.38464513
0.38464513,0.38464513
0.38464513,0.38464513
0.38464513,0.38464513
0.38464513,0.38464513
0.38464513,0.38464513
0.38464513,0.38464513
0.38464513,0.38464513
0.38464513,0.38464513
0.38464513,0.38464513
0.38464513,0.38464513
0.38464513,0.38464513
