,task_eng,seconds
1805,0.1451103576625315,20.055555555555557
1806,0.1451103576625315,20.066666666666666
1807,0.1451103576625315,20.07777777777778
1808,0.1451103576625315,20.08888888888889
1809,0.1451103576625315,20.1
1810,0.1451103576625315,20.11111111111111
1811,0.1451103576625315,20.122222222222224
1812,0.1451103576625315,20.133333333333333
1813,0.1451103576625315,20.144444444444446
1814,0.1451103576625315,20.155555555555555
1815,0.1451103576625315,20.166666666666668
1816,0.1451103576625315,20.177777777777777
1817,0.1451103576625315,20.18888888888889
1818,0.1451103576625315,20.2
1819,0.1451103576625315,20.211111111111112
1820,0.1451103576625315,20.22222222222222
1821,0.1451103576625315,20.233333333333334
1822,0.1451103576625315,20.244444444444444
1823,0.1451103576625315,20.255555555555556
1824,0.1451103576625315,20.266666666666666
1825,0.1451103576625315,20.27777777777778
1826,0.1451103576625315,20.28888888888889
1827,0.1451103576625315,20.3
1828,0.1451103576625315,20.311111111111114
1829,0.1451103576625315,20.322222222222223
1830,0.1451103576625315,20.333333333333336
1831,0.1451103576625315,20.344444444444445
1832,0.1451103576625315,20.355555555555558
1833,0.1451103576625315,20.366666666666667
1834,0.1451103576625315,20.37777777777778
1835,0.1451103576625315,20.38888888888889
1836,0.1451103576625315,20.400000000000002
1837,0.1451103576625315,20.41111111111111
1838,0.1451103576625315,20.422222222222224
1839,0.1451103576625315,20.433333333333334
1840,0.1451103576625315,20.444444444444446
1841,0.1451103576625315,20.455555555555556
1842,0.1451103576625315,20.46666666666667
1843,0.1451103576625315,20.477777777777778
1844,0.1451103576625315,20.48888888888889
1845,0.1451103576625315,20.5
1846,0.1451103576625315,20.511111111111113
1847,0.1451103576625315,20.522222222222222
1848,0.1451103576625315,20.533333333333335
1849,0.1451103576625315,20.544444444444444
1850,0.1451103576625315,20.555555555555557
1851,0.1451103576625315,20.566666666666666
1852,0.1451103576625315,20.57777777777778
1853,0.1451103576625315,20.58888888888889
1854,0.1451103576625315,20.6
1855,0.1451103576625315,20.61111111111111
1856,0.1451103576625315,20.622222222222224
1857,0.1451103576625315,20.633333333333333
1858,0.1451103576625315,20.644444444444446
1859,0.1451103576625315,20.655555555555555
1860,0.1451103576625315,20.666666666666668
1861,0.1451103576625315,20.677777777777777
1862,0.1451103576625315,20.68888888888889
1863,0.1451103576625315,20.7
1864,0.1451103576625315,20.711111111111112
1865,0.1451103576625315,20.72222222222222
1866,0.1451103576625315,20.733333333333334
1867,0.1451103576625315,20.744444444444444
1868,0.1451103576625315,20.755555555555556
1869,0.1451103576625315,20.766666666666666
1870,0.1451103576625315,20.77777777777778
1871,0.1451103576625315,20.78888888888889
1872,0.1451103576625315,20.8
1873,0.1451103576625315,20.811111111111114
1874,0.1451103576625315,20.822222222222223
1875,0.1451103576625315,20.833333333333336
1876,0.1451103576625315,20.844444444444445
1877,0.1451103576625315,20.855555555555558
1878,0.1451103576625315,20.866666666666667
1879,0.1451103576625315,20.87777777777778
1880,0.1451103576625315,20.88888888888889
1881,0.1451103576625315,20.900000000000002
1882,0.1451103576625315,20.91111111111111
1883,0.1451103576625315,20.922222222222224
1884,0.1451103576625315,20.933333333333334
1885,0.1451103576625315,20.944444444444446
1886,0.1451103576625315,20.955555555555556
1887,0.1451103576625315,20.96666666666667
1888,0.1451103576625315,20.977777777777778
1889,0.1451103576625315,20.98888888888889
1890,0.1451103576625315,21.0
1891,0.1451103576625315,21.011111111111113
1892,0.1451103576625315,21.022222222222222
1893,0.1451103576625315,21.033333333333335
1894,0.1451103576625315,21.044444444444444
1895,0.1451103576625315,21.055555555555557
1896,0.1451103576625315,21.066666666666666
1897,0.1451103576625315,21.07777777777778
1898,0.1451103576625315,21.08888888888889
1899,0.1451103576625315,21.1
1900,0.1451103576625315,21.11111111111111
1901,0.1451103576625315,21.122222222222224
1902,0.1451103576625315,21.133333333333333
1903,0.1451103576625315,21.144444444444446
1904,0.1451103576625315,21.155555555555555
1905,0.1451103576625315,21.166666666666668
1906,0.1451103576625315,21.177777777777777
1907,0.1451103576625315,21.18888888888889
1908,0.1451103576625315,21.2
1909,0.1451103576625315,21.211111111111112
1910,0.1451103576625315,21.22222222222222
1911,0.1451103576625315,21.233333333333334
1912,0.1451103576625315,21.244444444444444
1913,0.1451103576625315,21.255555555555556
1914,0.1451103576625315,21.266666666666666
1915,0.1451103576625315,21.27777777777778
1916,0.1451103576625315,21.28888888888889
1917,0.1451103576625315,21.3
1918,0.1451103576625315,21.311111111111114
1919,0.1451103576625315,21.322222222222223
1920,0.14511035766253308,21.333333333333336
1921,0.15008501798650614,21.344444444444445
1922,0.15381601322948746,21.355555555555558
1923,0.15630334339147461,21.366666666666667
1924,0.15630334339147461,21.37777777777778
1925,0.15630334339147461,21.38888888888889
1926,0.15630334339147461,21.400000000000002
1927,0.15630334339147461,21.41111111111111
1928,0.15630334339147461,21.422222222222224
1929,0.15630334339147461,21.433333333333334
1930,0.15630334339147461,21.444444444444446
1931,0.15630334339147461,21.455555555555556
1932,0.15630334339147461,21.46666666666667
1933,0.15630334339147461,21.477777777777778
1934,0.15630334339147461,21.48888888888889
1935,0.15630334339147461,21.5
1936,0.15630334339147461,21.511111111111113
1937,0.15630334339147461,21.522222222222222
1938,0.15630334339147461,21.533333333333335
1939,0.15630334339147461,21.544444444444444
1940,0.15630334339147461,21.555555555555557
1941,0.15630334339147461,21.566666666666666
1942,0.15630334339147461,21.57777777777778
1943,0.1569251759319715,21.58888888888889
1944,0.1581688410129653,21.6
1945,0.1581688410129653,21.61111111111111
1946,0.1581688410129653,21.622222222222224
1947,0.1581688410129653,21.633333333333333
1948,0.15941250609395918,21.644444444444446
1949,0.1600343386344557,21.655555555555555
1950,0.1600343386344557,21.666666666666668
1951,0.1600343386344557,21.677777777777777
1952,0.1600343386344557,21.68888888888889
1953,0.1600343386344557,21.7
1954,0.1612780037154496,21.711111111111112
1955,0.16189983625594614,21.72222222222222
1956,0.16189983625594614,21.733333333333334
1957,0.16189983625594614,21.744444444444444
1958,0.16189983625594614,21.755555555555556
1959,0.16189983625594614,21.76666666666667
1960,0.16189983625594614,21.77777777777778
1961,0.16189983625594614,21.78888888888889
1962,0.16189983625594614,21.8
1963,0.16189983625594614,21.811111111111114
1964,0.16189983625594614,21.822222222222223
1965,0.16189983625594653,21.833333333333336
1966,0.16314350133694006,21.844444444444445
1967,0.1643871664179338,21.855555555555558
1968,0.165630831498927,21.866666666666667
1969,0.165630831498927,21.87777777777778
1970,0.165630831498927,21.88888888888889
1971,0.165630831498927,21.900000000000002
1972,0.165630831498927,21.91111111111111
1973,0.165630831498927,21.922222222222224
1974,0.165630831498927,21.933333333333334
1975,0.165630831498927,21.944444444444446
1976,0.165630831498927,21.955555555555556
1977,0.165630831498927,21.96666666666667
1978,0.165630831498927,21.977777777777778
1979,0.165630831498927,21.98888888888889
1980,0.165630831498927,22.0
1981,0.165630831498927,22.011111111111113
1982,0.165630831498927,22.022222222222222
1983,0.165630831498927,22.033333333333335
1984,0.165630831498927,22.044444444444444
1985,0.165630831498927,22.055555555555557
1986,0.165630831498927,22.066666666666666
1987,0.165630831498927,22.07777777777778
1988,0.165630831498927,22.08888888888889
1989,0.165630831498927,22.1
1990,0.165630831498927,22.11111111111111
1991,0.165630831498927,22.122222222222224
1992,0.165630831498927,22.133333333333333
1993,0.165630831498927,22.144444444444446
1994,0.165630831498927,22.155555555555555
1995,0.165630831498927,22.166666666666668
1996,0.165630831498927,22.177777777777777
1997,0.165630831498927,22.18888888888889
1998,0.165630831498927,22.2
1999,0.165630831498927,22.211111111111112
2000,0.165630831498927,22.22222222222222
2001,0.165630831498927,22.233333333333334
2002,0.165630831498927,22.244444444444444
2003,0.165630831498927,22.255555555555556
2004,0.165630831498927,22.26666666666667
2005,0.165630831498927,22.27777777777778
2006,0.165630831498927,22.28888888888889
2007,0.165630831498927,22.3
2008,0.165630831498927,22.311111111111114
2009,0.165630831498927,22.322222222222223
2010,0.165630831498927,22.333333333333336
2011,0.165630831498927,22.344444444444445
2012,0.165630831498927,22.355555555555558
2013,0.165630831498927,22.366666666666667
2014,0.165630831498927,22.37777777777778
2015,0.165630831498927,22.38888888888889
2016,0.165630831498927,22.400000000000002
2017,0.165630831498927,22.41111111111111
2018,0.165630831498927,22.422222222222224
2019,0.165630831498927,22.433333333333334
2020,0.165630831498927,22.444444444444446
2021,0.165630831498927,22.455555555555556
2022,0.165630831498927,22.46666666666667
2023,0.165630831498927,22.477777777777778
2024,0.165630831498927,22.48888888888889
2025,0.165630831498927,22.5
2026,0.165630831498927,22.511111111111113
2027,0.165630831498927,22.522222222222222
2028,0.165630831498927,22.533333333333335
2029,0.165630831498927,22.544444444444444
2030,0.165630831498927,22.555555555555557
2031,0.165630831498927,22.566666666666666
2032,0.165630831498927,22.57777777777778
2033,0.165630831498927,22.58888888888889
2034,0.165630831498927,22.6
2035,0.165630831498927,22.61111111111111
2036,0.165630831498927,22.622222222222224
2037,0.165630831498927,22.633333333333333
2038,0.165630831498927,22.644444444444446
2039,0.165630831498927,22.655555555555555
2040,0.165630831498927,22.666666666666668
2041,0.165630831498927,22.677777777777777
2042,0.165630831498927,22.68888888888889
2043,0.165630831498927,22.7
2044,0.165630831498927,22.711111111111112
2045,0.165630831498927,22.72222222222222
2046,0.165630831498927,22.733333333333334
2047,0.165630831498927,22.744444444444444
2048,0.165630831498927,22.755555555555556
2049,0.165630831498927,22.76666666666667
2050,0.165630831498927,22.77777777777778
2051,0.165630831498927,22.78888888888889
2052,0.165630831498927,22.8
2053,0.165630831498927,22.811111111111114
2054,0.165630831498927,22.822222222222223
2055,0.165630831498927,22.833333333333336
2056,0.165630831498927,22.844444444444445
2057,0.165630831498927,22.855555555555558
2058,0.165630831498927,22.866666666666667
2059,0.165630831498927,22.87777777777778
2060,0.165630831498927,22.88888888888889
2061,0.165630831498927,22.900000000000002
2062,0.165630831498927,22.91111111111111
2063,0.165630831498927,22.922222222222224
2064,0.165630831498927,22.933333333333334
2065,0.165630831498927,22.944444444444446
2066,0.165630831498927,22.955555555555556
2067,0.165630831498927,22.96666666666667
2068,0.165630831498927,22.977777777777778
2069,0.165630831498927,22.98888888888889
2070,0.165630831498927,23.0
2071,0.165630831498927,23.011111111111113
2072,0.165630831498927,23.022222222222222
2073,0.165630831498927,23.033333333333335
2074,0.165630831498927,23.044444444444444
2075,0.165630831498927,23.055555555555557
2076,0.165630831498927,23.066666666666666
2077,0.165630831498927,23.07777777777778
2078,0.165630831498927,23.08888888888889
2079,0.165630831498927,23.1
2080,0.165630831498927,23.11111111111111
2081,0.165630831498927,23.122222222222224
2082,0.165630831498927,23.133333333333333
2083,0.165630831498927,23.144444444444446
2084,0.165630831498927,23.155555555555555
2085,0.165630831498927,23.166666666666668
2086,0.165630831498927,23.177777777777777
2087,0.165630831498927,23.18888888888889
2088,0.165630831498927,23.2
2089,0.165630831498927,23.211111111111112
2090,0.165630831498927,23.22222222222222
2091,0.165630831498927,23.233333333333334
2092,0.165630831498927,23.244444444444444
2093,0.165630831498927,23.255555555555556
2094,0.165630831498927,23.26666666666667
2095,0.165630831498927,23.27777777777778
2096,0.165630831498927,23.28888888888889
2097,0.165630831498927,23.3
2098,0.165630831498927,23.311111111111114
2099,0.165630831498927,23.322222222222223
2100,0.165630831498927,23.333333333333336
2101,0.165630831498927,23.344444444444445
2102,0.165630831498927,23.355555555555558
2103,0.165630831498927,23.366666666666667
2104,0.165630831498927,23.37777777777778
2105,0.165630831498927,23.38888888888889
2106,0.165630831498927,23.400000000000002
2107,0.165630831498927,23.41111111111111
2108,0.165630831498927,23.422222222222224
2109,0.165630831498927,23.433333333333334
2110,0.165630831498927,23.444444444444446
2111,0.165630831498927,23.455555555555556
2112,0.165630831498927,23.46666666666667
2113,0.165630831498927,23.477777777777778
2114,0.165630831498927,23.48888888888889
2115,0.165630831498927,23.5
2116,0.165630831498927,23.511111111111113
2117,0.165630831498927,23.522222222222222
2118,0.165630831498927,23.533333333333335
2119,0.165630831498927,23.544444444444444
2120,0.165630831498927,23.555555555555557
2121,0.165630831498927,23.566666666666666
2122,0.165630831498927,23.57777777777778
2123,0.16634749816559366,23.58888888888889
2124,0.167780831498927,23.6
2125,0.167780831498927,23.61111111111111
2126,0.17136483149892778,23.622222222222224
2127,0.178532831498927,23.633333333333333
2128,0.178532831498927,23.644444444444446
2129,0.18139999816559368,23.655555555555555
2130,0.187134331498927,23.666666666666668
2131,0.187134331498927,23.677777777777777
2132,0.19000149816559428,23.68888888888889
2133,0.195735831498927,23.7
2134,0.195735831498927,23.711111111111112
2135,0.19931966483226035,23.72222222222222
2136,0.206487331498927,23.733333333333334
2137,0.206487331498927,23.744444444444444
2138,0.2107879981655946,23.755555555555556
2139,0.21938933149892884,23.76666666666667
2140,0.22512366483226154,23.77777777777778
2141,0.227990831498927,23.78888888888889
2142,0.227990831498927,23.8
2143,0.23802583149892914,23.811111111111114
2144,0.243043331498927,23.822222222222223
2145,0.24304333149892976,23.833333333333336
2146,0.25164466483226033,23.844444444444445
2147,0.255945331498927,23.855555555555558
2148,0.255945331498927,23.866666666666667
2149,0.26024599816559457,23.87777777777778
2150,0.262396331498927,23.88888888888889
2151,0.26239633149892794,23.900000000000002
2152,0.2652636648322603,23.91111111111111
2153,0.2688476648322608,23.922222222222224
2154,0.27314833149892703,23.933333333333334
2155,0.27314833149892703,23.944444444444446
2156,0.2738651648322605,23.955555555555556
2157,0.275298831498927,23.96666666666667
2158,0.275298831498927,23.977777777777778
2159,0.2767323314989273,23.98888888888889
2160,0.279599331498927,24.0
2161,0.279599331498927,24.011111111111113
2162,0.281032998165594,24.022222222222222
2163,0.283900331498927,24.033333333333335
2164,0.283900331498927,24.044444444444444
2165,0.2846169981655938,24.055555555555557
2166,0.286050331498927,24.066666666666666
2167,0.286050331498927,24.07777777777778
2168,0.28748399816559367,24.08888888888889
2169,0.290351331498927,24.1
2170,0.290351331498927,24.11111111111111
2171,0.2910679981655938,24.122222222222224
2172,0.292501331498927,24.133333333333333
2173,0.292501331498927,24.144444444444446
2174,0.2932181648322603,24.155555555555555
2175,0.294651831498927,24.166666666666668
2176,0.294651831498927,24.177777777777777
2177,0.294651831498927,24.18888888888889
2178,0.294651831498927,24.2
2179,0.294651831498927,24.211111111111112
2180,0.2953686648322603,24.22222222222222
2181,0.296802331498927,24.233333333333334
2182,0.296802331498927,24.244444444444447
2183,0.296802331498927,24.255555555555556
2184,0.296802331498927,24.26666666666667
2185,0.296802331498927,24.27777777777778
2186,0.296802331498927,24.28888888888889
2187,0.296802331498927,24.3
2188,0.296802331498927,24.311111111111114
2189,0.296802331498927,24.322222222222223
2190,0.296802331498927,24.333333333333336
2191,0.296802331498927,24.344444444444445
2192,0.296802331498927,24.355555555555558
2193,0.296802331498927,24.366666666666667
2194,0.2982356648322606,24.37777777777778
2195,0.29895233149892697,24.38888888888889
2196,0.29895233149892697,24.400000000000002
2197,0.29895233149892697,24.41111111111111
2198,0.29895233149892697,24.422222222222224
2199,0.29895233149892697,24.433333333333334
2200,0.29895233149892697,24.444444444444446
2201,0.29895233149892697,24.455555555555556
2202,0.29895233149892697,24.46666666666667
2203,0.29895233149892697,24.477777777777778
2204,0.29895233149892697,24.48888888888889
2205,0.29895233149892697,24.5
2206,0.29895233149892697,24.511111111111113
2207,0.29895233149892697,24.522222222222222
2208,0.29895233149892697,24.533333333333335
2209,0.29895233149892697,24.544444444444444
2210,0.29895233149892697,24.555555555555557
2211,0.29895233149892697,24.566666666666666
2212,0.29895233149892697,24.57777777777778
2213,0.29895233149892697,24.58888888888889
2214,0.29895233149892697,24.6
2215,0.29895233149892697,24.61111111111111
2216,0.29895233149892697,24.622222222222224
2217,0.29895233149892697,24.633333333333333
2218,0.29895233149892697,24.644444444444446
2219,0.29895233149892697,24.655555555555555
2220,0.29895233149892697,24.666666666666668
2221,0.29895233149892697,24.677777777777777
2222,0.29895233149892697,24.68888888888889
2223,0.29895233149892697,24.7
2224,0.29895233149892697,24.711111111111112
2225,0.29895233149892697,24.72222222222222
2226,0.29895233149892697,24.733333333333334
2227,0.29895233149892697,24.744444444444447
2228,0.29895233149892697,24.755555555555556
2229,0.29895233149892697,24.76666666666667
2230,0.29895233149892697,24.77777777777778
2231,0.29895233149892697,24.78888888888889
2232,0.29895233149892697,24.8
2233,0.29895233149892697,24.811111111111114
2234,0.29895233149892697,24.822222222222223
2235,0.29895233149892697,24.833333333333336
2236,0.29895233149892697,24.844444444444445
2237,0.29895233149892697,24.855555555555558
2238,0.29895233149892697,24.866666666666667
2239,0.29895233149892697,24.87777777777778
2240,0.29895233149892697,24.88888888888889
2241,0.29895233149892697,24.900000000000002
2242,0.29895233149892697,24.91111111111111
2243,0.29895233149892697,24.922222222222224
2244,0.29895233149892697,24.933333333333334
2245,0.29895233149892697,24.944444444444446
2246,0.29895233149892697,24.955555555555556
2247,0.29895233149892697,24.96666666666667
2248,0.29895233149892697,24.977777777777778
2249,0.29895233149892697,24.98888888888889
2250,0.29895233149892697,25.0
2251,0.29895233149892697,25.011111111111113
2252,0.29895233149892697,25.022222222222222
2253,0.29895233149892697,25.033333333333335
2254,0.29895233149892697,25.044444444444444
2255,0.29895233149892697,25.055555555555557
2256,0.29895233149892697,25.066666666666666
2257,0.29895233149892697,25.07777777777778
2258,0.29895233149892697,25.08888888888889
2259,0.29895233149892697,25.1
2260,0.29895233149892697,25.11111111111111
2261,0.29895233149892697,25.122222222222224
2262,0.29895233149892697,25.133333333333333
2263,0.29895233149892697,25.144444444444446
2264,0.29895233149892697,25.155555555555555
2265,0.29895233149892697,25.166666666666668
2266,0.29895233149892697,25.177777777777777
2267,0.29895233149892697,25.18888888888889
2268,0.29895233149892697,25.2
2269,0.29895233149892697,25.211111111111112
2270,0.29895233149892697,25.22222222222222
2271,0.29895233149892697,25.233333333333334
2272,0.29895233149892697,25.244444444444447
2273,0.29895233149892697,25.255555555555556
2274,0.29895233149892697,25.26666666666667
2275,0.29895233149892697,25.27777777777778
2276,0.29895233149892697,25.28888888888889
2277,0.29895233149892697,25.3
2278,0.29895233149892697,25.311111111111114
2279,0.29895233149892697,25.322222222222223
2280,0.29895233149892697,25.333333333333336
2281,0.29895233149892697,25.344444444444445
2282,0.2995741640394241,25.355555555555558
2283,0.300817829120418,25.366666666666667
2284,0.300817829120418,25.37777777777778
2285,0.30206149420141193,25.38888888888889
2286,0.30454882436339903,25.400000000000002
2287,0.30454882436339903,25.41111111111111
2288,0.30579248944439297,25.422222222222224
2289,0.30827981960638,25.433333333333334
2290,0.30827981960638,25.444444444444446
2291,0.308901652146877,25.455555555555556
2292,0.31014531722787053,25.46666666666667
2293,0.31014531722787053,25.477777777777778
2294,0.3107671497683675,25.48888888888889
2295,0.312010814849361,25.5
2296,0.312010814849361,25.511111111111113
2297,0.31263264738985796,25.522222222222222
2298,0.3138763124708515,25.533333333333335
2299,0.3138763124708515,25.544444444444444
2300,0.3138763124708515,25.555555555555557
2301,0.3138763124708515,25.566666666666666
2302,0.3138763124708515,25.57777777777778
2303,0.3144981450113483,25.58888888888889
2304,0.315741810092342,25.6
2305,0.315741810092342,25.61111111111111
2306,0.315741810092342,25.622222222222224
2307,0.315741810092342,25.633333333333333
2308,0.315741810092342,25.644444444444446
2309,0.315741810092342,25.655555555555555
2310,0.315741810092342,25.666666666666668
2311,0.315741810092342,25.677777777777777
2312,0.315741810092342,25.68888888888889
2313,0.315741810092342,25.7
2314,0.315741810092342,25.711111111111112
2315,0.315741810092342,25.72222222222222
2316,0.315741810092342,25.733333333333334
2317,0.315741810092342,25.744444444444447
2318,0.315741810092342,25.755555555555556
2319,0.315741810092342,25.76666666666667
2320,0.315741810092342,25.77777777777778
2321,0.315741810092342,25.78888888888889
2322,0.315741810092342,25.8
2323,0.315741810092342,25.811111111111114
2324,0.315741810092342,25.822222222222223
2325,0.315741810092342,25.833333333333336
2326,0.315741810092342,25.844444444444445
2327,0.315741810092342,25.855555555555558
2328,0.315741810092342,25.866666666666667
2329,0.315741810092342,25.87777777777778
2330,0.3169854751733359,25.88888888888889
2331,0.319472805335323,25.900000000000002
2332,0.319472805335323,25.91111111111111
2333,0.32009463787582,25.922222222222224
2334,0.3213383029568135,25.933333333333334
2335,0.3213383029568135,25.944444444444446
2336,0.32196013549731045,25.955555555555556
2337,0.323203800578304,25.96666666666667
2338,0.323203800578304,25.977777777777778
2339,0.32382563311880114,25.98888888888889
2340,0.325069298199795,26.0
2341,0.325069298199795,26.011111111111113
2342,0.325691130740292,26.022222222222222
2343,0.3269347958212855,26.033333333333335
2344,0.3269347958212855,26.044444444444444
2345,0.3269347958212855,26.055555555555557
2346,0.3269347958212855,26.066666666666666
2347,0.3269347958212855,26.07777777777778
2348,0.3269347958212855,26.08888888888889
2349,0.3269347958212859,26.1
2350,0.32817846090227915,26.11111111111111
2351,0.328800293442776,26.122222222222224
2352,0.328800293442776,26.133333333333333
2353,0.328800293442776,26.144444444444446
2354,0.328800293442776,26.155555555555555
2355,0.328800293442776,26.166666666666668
2356,0.33004395852376955,26.177777777777777
2357,0.3306657910642665,26.18888888888889
2358,0.3306657910642665,26.2
2359,0.3319094561452604,26.211111111111112
2360,0.332531288685757,26.222222222222225
2361,0.332531288685757,26.233333333333334
2362,0.3337749537667509,26.244444444444447
2363,0.3343967863072475,26.255555555555556
2364,0.3343967863072479,26.26666666666667
2365,0.33564045138824145,26.27777777777778
2366,0.336262283928738,26.28888888888889
2367,0.336262283928738,26.3
2368,0.336262283928738,26.311111111111114
2369,0.336262283928738,26.322222222222223
2370,0.3362622839287384,26.333333333333336
2371,0.3375059490097319,26.344444444444445
2372,0.3381277815502285,26.355555555555558
2373,0.3381277815502285,26.366666666666667
2374,0.3381277815502285,26.37777777777778
2375,0.33937144663122243,26.38888888888889
2376,0.34185877679320953,26.400000000000002
2377,0.34185877679320953,26.41111111111111
2378,0.34185877679320953,26.422222222222224
2379,0.34185877679320953,26.433333333333334
2380,0.34185877679320953,26.444444444444446
2381,0.34185877679320953,26.455555555555556
2382,0.34185877679320953,26.46666666666667
2383,0.34185877679320953,26.477777777777778
2384,0.34185877679320953,26.48888888888889
2385,0.34185877679320953,26.5
2386,0.34185877679320953,26.511111111111113
2387,0.34185877679320953,26.522222222222222
2388,0.34185877679320953,26.533333333333335
2389,0.34185877679320953,26.544444444444444
2390,0.34185877679320953,26.555555555555557
2391,0.34185877679320953,26.566666666666666
2392,0.34185877679320953,26.57777777777778
2393,0.3424806093337065,26.58888888888889
2394,0.3437242744147,26.6
2395,0.3437242744147,26.61111111111111
2396,0.3437242744147,26.622222222222224
2397,0.3437242744147,26.633333333333333
2398,0.3437242744147,26.644444444444446
2399,0.3437242744147,26.655555555555555
2400,0.3437242744147,26.666666666666668
2401,0.3437242744147,26.677777777777777
2402,0.3437242744147,26.68888888888889
2403,0.3437242744147,26.7
2404,0.3437242744147,26.711111111111112
2405,0.3437242744147,26.722222222222225
2406,0.3437242744147,26.733333333333334
2407,0.3437242744147,26.744444444444447
2408,0.3437242744147,26.755555555555556
2409,0.3437242744147,26.76666666666667
2410,0.3437242744147,26.77777777777778
2411,0.3437242744147,26.78888888888889
2412,0.3437242744147,26.8
2413,0.3437242744147,26.811111111111114
2414,0.3437242744147,26.822222222222223
2415,0.3437242744147,26.833333333333336
2416,0.3437242744147,26.844444444444445
2417,0.3437242744147,26.855555555555558
2418,0.3437242744147,26.866666666666667
2419,0.3437242744147,26.87777777777778
2420,0.3437242744147,26.88888888888889
2421,0.3437242744147,26.900000000000002
2422,0.3437242744147,26.91111111111111
2423,0.3437242744147,26.922222222222224
2424,0.3437242744147,26.933333333333334
2425,0.3437242744147,26.944444444444446
2426,0.3437242744147,26.955555555555556
2427,0.3437242744147,26.96666666666667
2428,0.3437242744147,26.977777777777778
2429,0.3437242744147,26.98888888888889
2430,0.3437242744147,27.0
2431,0.3437242744147,27.011111111111113
2432,0.3437242744147,27.022222222222222
2433,0.3437242744147,27.033333333333335
2434,0.3437242744147,27.044444444444444
2435,0.3437242744147,27.055555555555557
2436,0.3437242744147,27.066666666666666
2437,0.3437242744147,27.07777777777778
2438,0.3437242744147,27.08888888888889
2439,0.3437242744147,27.1
2440,0.3437242744147,27.11111111111111
2441,0.3437242744147,27.122222222222224
2442,0.3437242744147,27.133333333333333
2443,0.3437242744147,27.144444444444446
2444,0.3444411077480333,27.155555555555555
2445,0.3458747744147,27.166666666666668
2446,0.3458747744147,27.177777777777777
2447,0.3458747744147,27.18888888888889
2448,0.3458747744147,27.2
2449,0.3458747744147,27.211111111111112
2450,0.3458747744147,27.222222222222225
2451,0.3458747744147,27.233333333333334
2452,0.3458747744147,27.244444444444447
2453,0.3458747744147,27.255555555555556
2454,0.3458747744147,27.26666666666667
2455,0.3458747744147,27.27777777777778
2456,0.3458747744147,27.28888888888889
2457,0.3458747744147,27.3
2458,0.3458747744147,27.311111111111114
2459,0.3458747744147,27.322222222222223
2460,0.3458747744147,27.333333333333336
2461,0.3458747744147,27.344444444444445
2462,0.3458747744147,27.355555555555558
2463,0.3458747744147,27.366666666666667
2464,0.3458747744147,27.37777777777778
2465,0.3458747744147,27.38888888888889
2466,0.34587477441470044,27.400000000000002
2467,0.34730844108136666,27.41111111111111
2468,0.3480252744147,27.422222222222224
2469,0.3480252744147,27.433333333333334
2470,0.3480252744147,27.444444444444446
2471,0.3487421077480335,27.455555555555556
2472,0.3501757744147,27.46666666666667
2473,0.3501757744147,27.477777777777778
2474,0.3508924410813668,27.48888888888889
2475,0.3523257744147,27.5
2476,0.3523257744147,27.511111111111113
2477,0.3530426077480335,27.522222222222222
2478,0.3544762744147,27.533333333333335
2479,0.3544762744147,27.544444444444444
2480,0.3551931077480335,27.555555555555557
2481,0.3566267744147,27.566666666666666
2482,0.3566267744147,27.57777777777778
2483,0.3573434410813668,27.58888888888889
2484,0.3587767744147,27.6
2485,0.3587767744147,27.61111111111111
2486,0.3587767744147,27.622222222222224
2487,0.3587767744147,27.633333333333333
2488,0.3587767744147,27.644444444444446
2489,0.35949360774803335,27.655555555555555
2490,0.3609272744147,27.666666666666668
2491,0.3609272744147,27.677777777777777
2492,0.3616441077480335,27.68888888888889
2493,0.3630777744147,27.7
2494,0.3630777744147,27.711111111111112
2495,0.36379444108136716,27.722222222222225
2496,0.3652277744147,27.733333333333334
2497,0.3652277744147,27.744444444444447
2498,0.366661441081367,27.755555555555556
2499,0.36952877441470044,27.76666666666667
2500,0.370962441081367,27.77777777777778
2501,0.3716792744147,27.78888888888889
2502,0.3716792744147,27.8
2503,0.3731126077480336,27.811111111111114
2504,0.3738292744147,27.822222222222223
2505,0.37382927441470093,27.833333333333336
2506,0.37669660774803393,27.844444444444445
2507,0.3781302744147,27.855555555555558
2508,0.3781302744147,27.866666666666667
2509,0.3809972744147006,27.87777777777778
2510,0.38243077441469997,27.88888888888889
2511,0.3824307744147009,27.900000000000002
2512,0.3852981077480333,27.91111111111111
2513,0.3895987744147006,27.922222222222224
2514,0.3953327744147,27.933333333333334
2515,0.3953327744147,27.944444444444446
2516,0.396766441081367,27.955555555555556
2517,0.3996337744147,27.96666666666667
2518,0.3996337744147,27.977777777777778
2519,0.40250094108136725,27.98888888888889
2520,0.4082352744147,28.0
2521,0.4082352744147,28.011111111111113
2522,0.4111022744147006,28.022222222222222
2523,0.4168362744147,28.033333333333335
2524,0.4168362744147,28.044444444444444
2525,0.4168362744147,28.055555555555557
2526,0.4168362744147,28.066666666666666
2527,0.4168362744147,28.07777777777778
2528,0.42042027441470076,28.08888888888889
2529,0.4275882744147,28.1
2530,0.4275882744147,28.11111111111111
2531,0.4283051077480335,28.122222222222224
2532,0.4297387744147,28.133333333333333
2533,0.4297387744147,28.144444444444446
2534,0.4318891077480333,28.155555555555555
2535,0.43618977441469997,28.166666666666668
2536,0.43618977441469997,28.177777777777777
2537,0.4383401077480338,28.18888888888889
2538,0.4426407744147,28.200000000000003
2539,0.4426407744147,28.211111111111112
2540,0.44407427441470093,28.222222222222225
2541,0.4469412744147,28.233333333333334
2542,0.4469412744147,28.244444444444447
2543,0.448374941081367,28.255555555555556
2544,0.45124227441470094,28.26666666666667
2545,0.4541092744147006,28.27777777777778
2546,0.4555427744147,28.28888888888889
2547,0.4555427744147,28.3
2548,0.4584101077480339,28.311111111111114
2549,0.4598437744147,28.322222222222223
2550,0.4598437744147004,28.333333333333336
2551,0.46127710774803365,28.344444444444445
2552,0.4619937744147,28.355555555555558
2553,0.4619937744147,28.366666666666667
2554,0.463427441081367,28.37777777777778
2555,0.4641442744147,28.38888888888889
2556,0.46414427441470046,28.400000000000002
2557,0.4655779410813667,28.41111111111111
2558,0.46701144108136683,28.422222222222224
2559,0.4684447744147,28.433333333333334
2560,0.4684447744147,28.444444444444446
2561,0.4684447744147,28.455555555555556
2562,0.4684447744147,28.46666666666667
2563,0.4684447744147,28.477777777777778
2564,0.4691616077480335,28.48888888888889
2565,0.4705952744147,28.5
2566,0.4705952744147,28.511111111111113
2567,0.4705952744147,28.522222222222222
2568,0.4705952744147,28.533333333333335
2569,0.4705952744147,28.544444444444444
2570,0.4713121077480335,28.555555555555557
2571,0.4727457744147,28.566666666666666
2572,0.4727457744147,28.57777777777778
2573,0.4727457744147,28.58888888888889
2574,0.4727457744147,28.6
2575,0.4727457744147,28.61111111111111
2576,0.4727457744147,28.622222222222224
2577,0.4727457744147,28.633333333333333
2578,0.4727457744147,28.644444444444446
2579,0.4727457744147,28.655555555555555
2580,0.4727457744147,28.666666666666668
2581,0.4727457744147,28.677777777777777
2582,0.4727457744147,28.68888888888889
2583,0.4727457744147,28.700000000000003
2584,0.4727457744147,28.711111111111112
2585,0.4727457744147,28.722222222222225
2586,0.4727457744147,28.733333333333334
2587,0.4727457744147,28.744444444444447
2588,0.4727457744147,28.755555555555556
2589,0.4727457744147,28.76666666666667
2590,0.4727457744147,28.77777777777778
2591,0.4727457744147,28.78888888888889
2592,0.4727457744147,28.8
2593,0.4727457744147,28.811111111111114
2594,0.4727457744147,28.822222222222223
2595,0.4727457744147,28.833333333333336
2596,0.4727457744147,28.844444444444445
2597,0.4727457744147,28.855555555555558
2598,0.4727457744147,28.866666666666667
2599,0.4727457744147,28.87777777777778
2600,0.4727457744147,28.88888888888889
2601,0.4727457744147,28.900000000000002
2602,0.4727457744147,28.91111111111111
2603,0.4727457744147,28.922222222222224
2604,0.4727457744147,28.933333333333334
2605,0.4727457744147,28.944444444444446
2606,0.4727457744147,28.955555555555556
2607,0.4727457744147,28.96666666666667
2608,0.4727457744147,28.977777777777778
2609,0.4727457744147,28.98888888888889
2610,0.4727457744147,29.0
2611,0.4727457744147,29.011111111111113
2612,0.4727457744147,29.022222222222222
2613,0.4727457744147,29.033333333333335
2614,0.4727457744147,29.044444444444444
2615,0.4727457744147,29.055555555555557
2616,0.4727457744147,29.066666666666666
2617,0.4727457744147,29.07777777777778
2618,0.4727457744147,29.08888888888889
2619,0.4727457744147,29.1
2620,0.4727457744147,29.11111111111111
2621,0.4727457744147,29.122222222222224
2622,0.4727457744147,29.133333333333333
2623,0.4727457744147,29.144444444444446
2624,0.4727457744147,29.155555555555555
2625,0.4727457744147,29.166666666666668
2626,0.4727457744147,29.177777777777777
2627,0.4727457744147,29.18888888888889
2628,0.4727457744147,29.200000000000003
2629,0.4727457744147,29.211111111111112
2630,0.4727457744147,29.222222222222225
2631,0.4727457744147,29.233333333333334
2632,0.4727457744147,29.244444444444447
2633,0.4727457744147,29.255555555555556
2634,0.4727457744147,29.26666666666667
2635,0.4727457744147,29.27777777777778
2636,0.4727457744147,29.28888888888889
2637,0.4727457744147,29.3
2638,0.4727457744147,29.311111111111114
2639,0.4727457744147,29.322222222222223
2640,0.4727457744147,29.333333333333336
2641,0.4727457744147,29.344444444444445
2642,0.4727457744147,29.355555555555558
2643,0.4727457744147,29.366666666666667
2644,0.4727457744147,29.37777777777778
2645,0.4727457744147,29.38888888888889
2646,0.4727457744147,29.400000000000002
2647,0.4727457744147,29.41111111111111
2648,0.4727457744147,29.422222222222224
2649,0.4727457744147,29.433333333333334
2650,0.4727457744147,29.444444444444446
2651,0.4727457744147,29.455555555555556
2652,0.4727457744147,29.46666666666667
2653,0.4727457744147,29.477777777777778
2654,0.4727457744147,29.48888888888889
2655,0.4727457744147,29.5
2656,0.4727457744147,29.511111111111113
2657,0.4727457744147,29.522222222222222
2658,0.4727457744147,29.533333333333335
2659,0.4727457744147,29.544444444444444
2660,0.4727457744147,29.555555555555557
2661,0.4727457744147,29.566666666666666
2662,0.4727457744147,29.57777777777778
2663,0.4727457744147,29.58888888888889
2664,0.4727457744147,29.6
2665,0.4727457744147,29.61111111111111
2666,0.4727457744147,29.622222222222224
2667,0.4727457744147,29.633333333333333
2668,0.4727457744147,29.644444444444446
2669,0.4727457744147,29.655555555555555
2670,0.4727457744147,29.666666666666668
2671,0.4727457744147,29.677777777777777
2672,0.4727457744147,29.68888888888889
2673,0.4727457744147,29.700000000000003
2674,0.4727457744147,29.711111111111112
2675,0.4727457744147,29.722222222222225
2676,0.4727457744147,29.733333333333334
2677,0.4727457744147,29.744444444444447
2678,0.4727457744147,29.755555555555556
2679,0.4727457744147,29.76666666666667
2680,0.4727457744147,29.77777777777778
2681,0.4727457744147,29.78888888888889
2682,0.4727457744147,29.8
2683,0.4727457744147,29.811111111111114
2684,0.4727457744147,29.822222222222223
2685,0.4727457744147,29.833333333333336
2686,0.4727457744147,29.844444444444445
2687,0.4727457744147,29.855555555555558
2688,0.4727457744147,29.866666666666667
2689,0.4727457744147,29.87777777777778
2690,0.4727457744147,29.88888888888889
2691,0.4727457744147,29.900000000000002
2692,0.4727457744147,29.91111111111111
2693,0.4727457744147,29.922222222222224
2694,0.4727457744147,29.933333333333334
2695,0.4727457744147,29.944444444444446
2696,0.4727457744147,29.955555555555556
2697,0.4727457744147,29.96666666666667
2698,0.4727457744147,29.977777777777778
2699,0.4727457744147,29.98888888888889
2700,0.4727457744147,30.0
2701,0.4727457744147,30.011111111111113
2702,0.4727457744147,30.022222222222222
2703,0.4727457744147,30.033333333333335
2704,0.4727457744147,30.044444444444444
2705,0.4727457744147,30.055555555555557
2706,0.4727457744147,30.066666666666666
2707,0.4727457744147,30.07777777777778
2708,0.4727457744147,30.08888888888889
2709,0.4727457744147,30.1
2710,0.4727457744147,30.11111111111111
2711,0.4727457744147,30.122222222222224
2712,0.4727457744147,30.133333333333333
2713,0.4727457744147,30.144444444444446
2714,0.4727457744147,30.155555555555555
2715,0.4727457744147,30.166666666666668
2716,0.4727457744147,30.17777777777778
2717,0.4727457744147,30.18888888888889
2718,0.4727457744147,30.200000000000003
2719,0.4727457744147,30.211111111111112
2720,0.4727457744147,30.222222222222225
2721,0.4727457744147,30.233333333333334
2722,0.4727457744147,30.244444444444447
2723,0.4727457744147,30.255555555555556
2724,0.4727457744147,30.26666666666667
2725,0.4727457744147,30.27777777777778
2726,0.4727457744147,30.28888888888889
2727,0.4727457744147,30.3
2728,0.4727457744147,30.311111111111114
2729,0.4727457744147,30.322222222222223
2730,0.4727457744147,30.333333333333336
2731,0.4727457744147,30.344444444444445
2732,0.4727457744147,30.355555555555558
2733,0.4727457744147,30.366666666666667
2734,0.4727457744147,30.37777777777778
2735,0.4727457744147,30.38888888888889
2736,0.4727457744147,30.400000000000002
2737,0.4727457744147,30.41111111111111
2738,0.4727457744147,30.422222222222224
2739,0.4727457744147,30.433333333333334
2740,0.4727457744147,30.444444444444446
2741,0.4727457744147,30.455555555555556
2742,0.4727457744147,30.46666666666667
2743,0.4727457744147,30.477777777777778
2744,0.4727457744147,30.48888888888889
2745,0.4727457744147,30.5
2746,0.4727457744147,30.511111111111113
2747,0.4727457744147,30.522222222222222
2748,0.4727457744147,30.533333333333335
2749,0.4727457744147,30.544444444444444
2750,0.4727457744147,30.555555555555557
2751,0.4727457744147,30.566666666666666
2752,0.4727457744147,30.57777777777778
2753,0.4727457744147,30.58888888888889
2754,0.4727457744147,30.6
2755,0.4727457744147,30.61111111111111
2756,0.4727457744147,30.622222222222224
2757,0.4727457744147,30.633333333333333
2758,0.4727457744147,30.644444444444446
2759,0.4727457744147,30.655555555555555
2760,0.4727457744147,30.666666666666668
2761,0.4727457744147,30.67777777777778
2762,0.4727457744147,30.68888888888889
2763,0.4727457744147,30.700000000000003
2764,0.4727457744147,30.711111111111112
2765,0.4727457744147,30.722222222222225
2766,0.4727457744147,30.733333333333334
2767,0.4727457744147,30.744444444444447
2768,0.4727457744147,30.755555555555556
2769,0.4727457744147,30.76666666666667
2770,0.4727457744147,30.77777777777778
2771,0.4727457744147,30.78888888888889
2772,0.4727457744147,30.8
2773,0.4752331045766882,30.811111111111114
2774,0.4764767696576815,30.822222222222223
2775,0.4764767696576815,30.833333333333336
2776,0.4764767696576815,30.844444444444445
2777,0.4764767696576815,30.855555555555558
2778,0.4764767696576815,30.866666666666667
2779,0.4764767696576815,30.87777777777778
2780,0.4764767696576815,30.88888888888889
2781,0.4764767696576815,30.900000000000002
2782,0.4764767696576815,30.91111111111111
2783,0.4764767696576815,30.922222222222224
2784,0.4764767696576815,30.933333333333334
2785,0.4764767696576815,30.944444444444446
2786,0.4764767696576815,30.955555555555556
2787,0.4764767696576815,30.96666666666667
2788,0.4764767696576815,30.977777777777778
2789,0.4764767696576815,30.98888888888889
2790,0.4764767696576815,31.0
2791,0.4764767696576815,31.011111111111113
2792,0.4764767696576815,31.022222222222222
2793,0.4764767696576815,31.033333333333335
2794,0.4764767696576815,31.044444444444444
2795,0.4764767696576815,31.055555555555557
2796,0.4764767696576815,31.066666666666666
2797,0.4764767696576815,31.07777777777778
2798,0.4764767696576815,31.08888888888889
2799,0.4764767696576815,31.1
2800,0.4764767696576815,31.11111111111111
2801,0.4764767696576815,31.122222222222224
2802,0.4764767696576815,31.133333333333333
2803,0.4764767696576815,31.144444444444446
2804,0.4764767696576815,31.155555555555555
2805,0.4764767696576815,31.166666666666668
2806,0.4764767696576815,31.17777777777778
2807,0.4764767696576815,31.18888888888889
2808,0.4764767696576815,31.200000000000003
2809,0.4764767696576815,31.211111111111112
2810,0.4764767696576815,31.222222222222225
2811,0.4764767696576815,31.233333333333334
2812,0.4764767696576815,31.244444444444447
2813,0.4764767696576815,31.255555555555556
2814,0.4764767696576815,31.26666666666667
2815,0.4764767696576815,31.27777777777778
2816,0.4764767696576815,31.28888888888889
2817,0.4764767696576815,31.3
2818,0.4764767696576815,31.311111111111114
2819,0.4764767696576815,31.322222222222223
2820,0.4764767696576815,31.333333333333336
2821,0.4764767696576815,31.344444444444445
2822,0.4764767696576815,31.355555555555558
2823,0.4764767696576815,31.366666666666667
2824,0.47523310457668727,31.37777777777778
2825,0.4746112720361905,31.38888888888889
2826,0.4746112720361905,31.400000000000002
2827,0.4746112720361905,31.41111111111111
2828,0.4746112720361905,31.422222222222224
2829,0.4746112720361905,31.433333333333334
2830,0.4746112720361905,31.444444444444446
2831,0.4746112720361905,31.455555555555556
2832,0.4746112720361905,31.46666666666667
2833,0.4746112720361905,31.477777777777778
2834,0.47585493711718446,31.48888888888889
2835,0.4783422672791715,31.5
2836,0.4783422672791715,31.511111111111113
2837,0.4783422672791715,31.522222222222222
2838,0.4783422672791715,31.533333333333335
2839,0.4783422672791715,31.544444444444444
2840,0.4789640998196685,31.555555555555557
2841,0.480207764900662,31.566666666666666
2842,0.480207764900662,31.57777777777778
2843,0.480207764900662,31.58888888888889
2844,0.480207764900662,31.6
2845,0.480207764900662,31.61111111111111
2846,0.48082959744115916,31.622222222222224
2847,0.482073262522153,31.633333333333333
2848,0.482073262522153,31.644444444444446
2849,0.48331692760314665,31.655555555555555
2850,0.48580425776513403,31.666666666666668
2851,0.48580425776513403,31.67777777777778
2852,0.48704792284612797,31.68888888888889
2853,0.489535253008115,31.700000000000003
2854,0.489535253008115,31.711111111111112
2855,0.49015708554861226,31.722222222222225
2856,0.49140075062960553,31.733333333333334
2857,0.4926444157105994,31.744444444444447
2858,0.493266248251096,31.755555555555556
2859,0.493266248251096,31.76666666666667
2860,0.493266248251096,31.77777777777778
2861,0.493266248251096,31.78888888888889
2862,0.493266248251096,31.8
2863,0.493266248251096,31.811111111111114
2864,0.493266248251096,31.822222222222223
2865,0.493266248251096,31.833333333333336
2866,0.493266248251096,31.844444444444445
2867,0.493266248251096,31.855555555555558
2868,0.493266248251096,31.866666666666667
2869,0.493266248251096,31.87777777777778
2870,0.49450991333208993,31.88888888888889
2871,0.49699724349407703,31.900000000000002
2872,0.49699724349407703,31.91111111111111
2873,0.497619076034574,31.922222222222224
2874,0.4988627411155675,31.933333333333334
2875,0.4988627411155675,31.944444444444446
2876,0.4988627411155675,31.955555555555556
2877,0.4988627411155675,31.96666666666667
2878,0.4988627411155675,31.977777777777778
2879,0.4988627411155675,31.98888888888889
2880,0.4988627411155675,32.0
2881,0.5001064061965614,32.01111111111111
2882,0.500728238737058,32.022222222222226
2883,0.500728238737058,32.03333333333333
2884,0.500728238737058,32.044444444444444
2885,0.500728238737058,32.05555555555556
2886,0.500728238737058,32.06666666666667
2887,0.500728238737058,32.077777777777776
2888,0.500728238737058,32.08888888888889
2889,0.500728238737058,32.1
2890,0.500728238737058,32.111111111111114
2891,0.500728238737058,32.12222222222222
2892,0.500728238737058,32.13333333333333
2893,0.500728238737058,32.144444444444446
2894,0.500728238737058,32.15555555555556
2895,0.500728238737058,32.16666666666667
2896,0.500728238737058,32.17777777777778
2897,0.501350071277555,32.18888888888889
2898,0.5025937363585485,32.2
2899,0.5025937363585485,32.211111111111116
2900,0.5025937363585485,32.22222222222222
2901,0.5025937363585485,32.233333333333334
2902,0.5025937363585485,32.24444444444445
2903,0.5025937363585485,32.25555555555556
2904,0.5025937363585485,32.266666666666666
2905,0.5025937363585485,32.27777777777778
2906,0.5025937363585485,32.28888888888889
2907,0.5025937363585485,32.300000000000004
2908,0.5025937363585485,32.31111111111111
2909,0.5025937363585485,32.32222222222222
2910,0.5025937363585485,32.333333333333336
2911,0.5025937363585485,32.34444444444445
2912,0.5025937363585485,32.355555555555554
2913,0.5025937363585485,32.36666666666667
2914,0.5025937363585485,32.37777777777778
2915,0.5025937363585485,32.38888888888889
2916,0.5025937363585485,32.4
2917,0.5025937363585485,32.41111111111111
2918,0.5025937363585485,32.422222222222224
2919,0.5025937363585485,32.43333333333334
2920,0.5025937363585485,32.44444444444444
2921,0.5025937363585485,32.455555555555556
2922,0.5025937363585485,32.46666666666667
2923,0.5025937363585485,32.47777777777778
2924,0.5025937363585485,32.48888888888889
2925,0.5025937363585485,32.5
2926,0.5025937363585485,32.51111111111111
2927,0.5025937363585485,32.522222222222226
2928,0.5025937363585485,32.53333333333333
2929,0.5025937363585485,32.544444444444444
2930,0.5025937363585485,32.55555555555556
2931,0.5025937363585485,32.56666666666667
2932,0.5025937363585485,32.577777777777776
2933,0.5025937363585485,32.58888888888889
2934,0.5025937363585485,32.6
2935,0.5025937363585485,32.611111111111114
2936,0.5025937363585485,32.62222222222222
2937,0.5025937363585485,32.63333333333333
2938,0.5025937363585485,32.644444444444446
2939,0.5025937363585485,32.65555555555556
2940,0.5025937363585485,32.66666666666667
2941,0.5025937363585485,32.67777777777778
2942,0.5032155688990456,32.68888888888889
2943,0.504459233980039,32.7
2944,0.504459233980039,32.711111111111116
2945,0.5050810665205356,32.72222222222222
2946,0.5063247316015296,32.733333333333334
2947,0.5063247316015296,32.74444444444445
2948,0.5063247316015296,32.75555555555556
2949,0.5063247316015296,32.766666666666666
2950,0.5063247316015296,32.77777777777778
2951,0.5069465641420269,32.78888888888889
2952,0.50819022922302,32.800000000000004
2953,0.50819022922302,32.81111111111111
2954,0.50819022922302,32.82222222222222
2955,0.50819022922302,32.833333333333336
2956,0.50819022922302,32.84444444444445
2957,0.50819022922302,32.855555555555554
2958,0.50819022922302,32.86666666666667
2959,0.50819022922302,32.87777777777778
2960,0.50819022922302,32.88888888888889
2961,0.50819022922302,32.9
2962,0.50819022922302,32.91111111111111
2963,0.50819022922302,32.922222222222224
2964,0.50819022922302,32.93333333333334
2965,0.50819022922302,32.94444444444444
2966,0.50819022922302,32.955555555555556
2967,0.50819022922302,32.96666666666667
2968,0.50819022922302,32.97777777777778
2969,0.50819022922302,32.98888888888889
2970,0.50819022922302,33.0
2971,0.50819022922302,33.01111111111111
2972,0.50819022922302,33.022222222222226
2973,0.50819022922302,33.03333333333333
2974,0.50819022922302,33.044444444444444
2975,0.50819022922302,33.05555555555556
2976,0.50819022922302,33.06666666666667
2977,0.50819022922302,33.077777777777776
2978,0.50819022922302,33.08888888888889
2979,0.50819022922302,33.1
2980,0.50819022922302,33.111111111111114
2981,0.50819022922302,33.12222222222222
2982,0.50819022922302,33.13333333333333
2983,0.5044592339800382,33.144444444444446
2984,0.5019719038180511,33.15555555555556
2985,0.500728238737058,33.16666666666667
2986,0.500728238737058,33.17777777777778
2987,0.5001064061965609,33.18888888888889
2988,0.4988627411155675,33.2
2989,0.4988627411155675,33.211111111111116
2990,0.4976190760345744,33.22222222222222
2991,0.4951317458725865,33.233333333333334
2992,0.4951317458725865,33.24444444444445
2993,0.49450991333208916,33.25555555555556
2994,0.493266248251096,33.266666666666666
2995,0.493266248251096,33.27777777777778
2996,0.493266248251096,33.28888888888889
2997,0.493266248251096,33.300000000000004
2998,0.493266248251096,33.31111111111111
2999,0.493266248251096,33.32222222222222
3000,0.493266248251096,33.333333333333336
3001,0.493266248251096,33.34444444444445
3002,0.493266248251096,33.355555555555554
3003,0.493266248251096,33.36666666666667
3004,0.493266248251096,33.37777777777778
3005,0.493266248251096,33.38888888888889
3006,0.493266248251096,33.4
3007,0.49450991333208993,33.41111111111111
3008,0.4951317458725865,33.422222222222224
3009,0.4951317458725865,33.43333333333334
3010,0.4951317458725865,33.44444444444444
3011,0.4951317458725865,33.455555555555556
3012,0.4951317458725865,33.46666666666667
3013,0.49637541095358045,33.47777777777778
3014,0.49699724349407703,33.48888888888889
3015,0.49699724349407703,33.5
3016,0.49699724349407703,33.51111111111111
3017,0.49699724349407703,33.522222222222226
3018,0.49699724349407703,33.53333333333333
3019,0.49948457365606486,33.544444444444444
3020,0.500728238737058,33.55555555555556
3021,0.500728238737058,33.56666666666667
3022,0.500728238737058,33.577777777777776
3023,0.500728238737058,33.58888888888889
3024,0.500728238737058,33.6
3025,0.500728238737058,33.611111111111114
3026,0.500728238737058,33.62222222222222
3027,0.500728238737058,33.63333333333333
3028,0.500728238737058,33.644444444444446
3029,0.500728238737058,33.65555555555556
3030,0.500728238737058,33.66666666666667
3031,0.500728238737058,33.67777777777778
3032,0.500728238737058,33.68888888888889
3033,0.500728238737058,33.7
3034,0.500728238737058,33.711111111111116
3035,0.500728238737058,33.72222222222222
3036,0.500728238737058,33.733333333333334
3037,0.500728238737058,33.74444444444445
3038,0.500728238737058,33.75555555555556
3039,0.500728238737058,33.766666666666666
3040,0.500728238737058,33.77777777777778
3041,0.500728238737058,33.78888888888889
3042,0.500728238737058,33.800000000000004
3043,0.500728238737058,33.81111111111111
3044,0.500728238737058,33.82222222222222
3045,0.500728238737058,33.833333333333336
3046,0.500728238737058,33.84444444444445
3047,0.500728238737058,33.855555555555554
3048,0.500728238737058,33.86666666666667
3049,0.500728238737058,33.87777777777778
3050,0.500728238737058,33.88888888888889
3051,0.500728238737058,33.9
3052,0.500728238737058,33.91111111111111
3053,0.500728238737058,33.922222222222224
3054,0.500728238737058,33.93333333333334
3055,0.500728238737058,33.94444444444444
3056,0.500728238737058,33.955555555555556
3057,0.500728238737058,33.96666666666667
3058,0.500728238737058,33.97777777777778
3059,0.500728238737058,33.98888888888889
3060,0.500728238737058,34.0
3061,0.500728238737058,34.01111111111111
3062,0.500728238737058,34.022222222222226
3063,0.500728238737058,34.03333333333333
3064,0.500728238737058,34.044444444444444
3065,0.500728238737058,34.05555555555556
3066,0.500728238737058,34.06666666666667
3067,0.500728238737058,34.077777777777776
3068,0.500728238737058,34.08888888888889
3069,0.500728238737058,34.1
3070,0.500728238737058,34.111111111111114
3071,0.500728238737058,34.12222222222222
3072,0.500728238737058,34.13333333333333
3073,0.500728238737058,34.144444444444446
3074,0.500728238737058,34.15555555555556
3075,0.500728238737058,34.16666666666667
3076,0.500728238737058,34.17777777777778
3077,0.500728238737058,34.18888888888889
3078,0.500728238737058,34.2
3079,0.500728238737058,34.211111111111116
3080,0.500728238737058,34.22222222222222
3081,0.500728238737058,34.233333333333334
3082,0.500728238737058,34.24444444444445
3083,0.500728238737058,34.25555555555556
3084,0.500728238737058,34.266666666666666
3085,0.500728238737058,34.27777777777778
3086,0.500728238737058,34.28888888888889
3087,0.500728238737058,34.300000000000004
3088,0.500728238737058,34.31111111111111
3089,0.500728238737058,34.32222222222222
3090,0.500728238737058,34.333333333333336
3091,0.500728238737058,34.34444444444445
3092,0.500728238737058,34.355555555555554
3093,0.500728238737058,34.36666666666667
3094,0.500728238737058,34.37777777777778
3095,0.500728238737058,34.38888888888889
3096,0.500728238737058,34.4
3097,0.500728238737058,34.41111111111111
3098,0.500728238737058,34.422222222222224
3099,0.500728238737058,34.43333333333334
3100,0.500728238737058,34.44444444444444
3101,0.500728238737058,34.455555555555556
3102,0.500728238737058,34.46666666666667
3103,0.500728238737058,34.47777777777778
3104,0.500728238737058,34.48888888888889
3105,0.500728238737058,34.5
3106,0.500728238737058,34.51111111111111
3107,0.500728238737058,34.522222222222226
3108,0.500728238737058,34.53333333333333
3109,0.500728238737058,34.544444444444444
3110,0.500728238737058,34.55555555555556
3111,0.500728238737058,34.56666666666667
3112,0.500728238737058,34.577777777777776
3113,0.500728238737058,34.58888888888889
3114,0.500728238737058,34.6
3115,0.500728238737058,34.611111111111114
3116,0.500728238737058,34.62222222222222
3117,0.500728238737058,34.63333333333333
3118,0.500728238737058,34.644444444444446
3119,0.500728238737058,34.65555555555556
3120,0.500728238737058,34.66666666666667
3121,0.500728238737058,34.67777777777778
3122,0.500728238737058,34.68888888888889
3123,0.500728238737058,34.7
3124,0.500728238737058,34.711111111111116
3125,0.500728238737058,34.72222222222222
3126,0.500728238737058,34.733333333333334
3127,0.500728238737058,34.74444444444445
3128,0.500728238737058,34.75555555555556
3129,0.500728238737058,34.766666666666666
3130,0.500728238737058,34.77777777777778
3131,0.500728238737058,34.78888888888889
3132,0.500728238737058,34.800000000000004
3133,0.500728238737058,34.81111111111111
3134,0.500728238737058,34.82222222222222
3135,0.500728238737058,34.833333333333336
3136,0.500728238737058,34.84444444444445
3137,0.500728238737058,34.855555555555554
3138,0.500728238737058,34.86666666666667
3139,0.500728238737058,34.87777777777778
3140,0.500728238737058,34.88888888888889
3141,0.500728238737058,34.9
3142,0.500728238737058,34.91111111111111
3143,0.500728238737058,34.922222222222224
3144,0.500728238737058,34.93333333333334
3145,0.500728238737058,34.94444444444444
3146,0.500728238737058,34.955555555555556
3147,0.500728238737058,34.96666666666667
3148,0.500728238737058,34.97777777777778
3149,0.500728238737058,34.98888888888889
3150,0.500728238737058,35.0
3151,0.500728238737058,35.01111111111111
3152,0.500728238737058,35.022222222222226
3153,0.500728238737058,35.03333333333333
3154,0.500728238737058,35.044444444444444
3155,0.500728238737058,35.05555555555556
3156,0.500728238737058,35.06666666666667
3157,0.500728238737058,35.077777777777776
3158,0.500728238737058,35.08888888888889
3159,0.500728238737058,35.1
3160,0.500728238737058,35.111111111111114
3161,0.500728238737058,35.12222222222222
3162,0.500728238737058,35.13333333333333
3163,0.500728238737058,35.144444444444446
3164,0.500728238737058,35.15555555555556
3165,0.500728238737058,35.16666666666667
3166,0.500728238737058,35.17777777777778
3167,0.500728238737058,35.18888888888889
3168,0.500728238737058,35.2
3169,0.500728238737058,35.211111111111116
3170,0.5013500712775546,35.22222222222222
3171,0.5025937363585485,35.233333333333334
3172,0.5025937363585485,35.24444444444445
3173,0.5032155688990458,35.25555555555556
3174,0.504459233980039,35.266666666666666
3175,0.504459233980039,35.27777777777778
3176,0.5050810665205364,35.28888888888889
3177,0.5063247316015296,35.300000000000004
3178,0.5063247316015296,35.31111111111111
3179,0.5063247316015296,35.32222222222222
3180,0.5063247316015296,35.333333333333336
3181,0.5063247316015296,35.34444444444445
3182,0.5063247316015296,35.355555555555554
3183,0.5063247316015296,35.36666666666667
3184,0.5063247316015296,35.37777777777778
3185,0.5069465641420269,35.38888888888889
3186,0.50819022922302,35.4
3187,0.5094338943040142,35.41111111111111
3188,0.510055726844511,35.422222222222224
3189,0.510055726844511,35.43333333333334
3190,0.510055726844511,35.44444444444444
3191,0.510055726844511,35.455555555555556
3192,0.510055726844511,35.46666666666667
3193,0.5112993919255046,35.47777777777778
3194,0.511921224466001,35.48888888888889
3195,0.511921224466001,35.5
3196,0.511921224466001,35.51111111111111
3197,0.511921224466001,35.522222222222226
3198,0.511921224466001,35.53333333333333
3199,0.511921224466001,35.544444444444444
3200,0.511921224466001,35.55555555555556
3201,0.511921224466001,35.56666666666667
3202,0.511921224466001,35.577777777777776
3203,0.511921224466001,35.58888888888889
3204,0.511921224466001,35.6
3205,0.511921224466001,35.611111111111114
3206,0.511921224466001,35.62222222222223
3207,0.511921224466001,35.63333333333333
3208,0.511921224466001,35.644444444444446
3209,0.511921224466001,35.65555555555556
3210,0.511921224466001,35.66666666666667
3211,0.511921224466001,35.67777777777778
3212,0.5125430570064983,35.68888888888889
3213,0.513786722087492,35.7
3214,0.513786722087492,35.711111111111116
3215,0.5144085546279886,35.72222222222222
3216,0.5156522197089826,35.733333333333334
3217,0.5156522197089826,35.74444444444445
3218,0.5156522197089826,35.75555555555556
3219,0.5156522197089826,35.766666666666666
3220,0.5156522197089826,35.77777777777778
3221,0.5156522197089826,35.78888888888889
3222,0.5156522197089826,35.800000000000004
3223,0.5156522197089826,35.81111111111111
3224,0.5162740522494794,35.82222222222222
3225,0.5175177173304725,35.833333333333336
3226,0.5175177173304725,35.84444444444445
3227,0.5181395498709692,35.855555555555554
3228,0.5193832149519635,35.86666666666667
3229,0.5193832149519635,35.87777777777778
3230,0.5200050474924608,35.88888888888889
3231,0.521248712573454,35.9
3232,0.5224923776544479,35.91111111111111
3233,0.5231142101949445,35.922222222222224
3234,0.5231142101949445,35.93333333333334
3235,0.5231142101949445,35.94444444444444
3236,0.5231142101949445,35.955555555555556
3237,0.5231142101949445,35.96666666666667
3238,0.5243578752759385,35.97777777777778
3239,0.524979707816435,35.98888888888889
3240,0.524979707816435,36.0
3241,0.524979707816435,36.01111111111111
3242,0.524979707816435,36.022222222222226
3243,0.524979707816435,36.03333333333333
3244,0.524979707816435,36.044444444444444
3245,0.524979707816435,36.05555555555556
3246,0.5249797078164358,36.06666666666667
3247,0.5262233728974285,36.077777777777776
3248,0.5268452054379256,36.08888888888889
3249,0.5268452054379256,36.1
3250,0.5268452054379256,36.111111111111114
3251,0.5268452054379256,36.12222222222223
3252,0.5268452054379256,36.13333333333333
3253,0.5280888705189195,36.144444444444446
3254,0.5293325355999133,36.15555555555556
3255,0.5305762006809074,36.16666666666667
3256,0.5320095340142401,36.17777777777778
3257,0.5327262006809065,36.18888888888889
3258,0.5327262006809065,36.2
3259,0.5327262006809065,36.211111111111116
3260,0.5333480332214031,36.22222222222222
3261,0.5345916983023971,36.233333333333334
3262,0.5360253649690639,36.24444444444445
3263,0.536742198302397,36.25555555555556
3264,0.536742198302397,36.266666666666666
3265,0.536742198302397,36.27777777777778
3266,0.536742198302397,36.28888888888889
3267,0.536742198302397,36.300000000000004
3268,0.536742198302397,36.31111111111111
3269,0.5374590316357306,36.32222222222222
3270,0.5388926983023969,36.333333333333336
3271,0.5388926983023969,36.34444444444445
3272,0.5402313641762265,36.355555555555554
3273,0.5429086959238875,36.36666666666667
3274,0.5429086959238875,36.37777777777778
3275,0.5443421959238887,36.38888888888889
3276,0.5472091959238875,36.4
3277,0.5486428625905544,36.41111111111111
3278,0.5493596959238874,36.422222222222224
3279,0.5493596959238883,36.43333333333334
3280,0.5507930292572205,36.44444444444444
3281,0.5515096959238875,36.455555555555556
3282,0.5515096959238875,36.46666666666667
3283,0.5529433625905544,36.47777777777778
3284,0.5536601959238875,36.48888888888889
3285,0.5536601959238875,36.5
3286,0.5550938625905545,36.51111111111111
3287,0.5558106959238875,36.522222222222226
3288,0.5558106959238875,36.53333333333333
3289,0.5572443625905544,36.544444444444444
3290,0.5579611959238875,36.55555555555556
3291,0.5579611959238875,36.56666666666667
3292,0.5579611959238875,36.577777777777776
3293,0.5579611959238875,36.58888888888889
3294,0.5579611959238875,36.6
3295,0.5579611959238875,36.611111111111114
3296,0.5586778625905547,36.62222222222223
3297,0.5601111959238875,36.63333333333333
3298,0.5601111959238875,36.644444444444446
3299,0.5601111959238875,36.65555555555556
3300,0.5601111959238875,36.66666666666667
3301,0.5601111959238875,36.67777777777778
3302,0.5601111959238875,36.68888888888889
3303,0.5601111959238875,36.7
3304,0.5601111959238875,36.711111111111116
3305,0.5601111959238875,36.72222222222222
3306,0.5601111959238875,36.733333333333334
3307,0.5601111959238875,36.74444444444445
3308,0.5601111959238875,36.75555555555556
3309,0.5601111959238875,36.766666666666666
3310,0.5601111959238875,36.77777777777778
3311,0.5601111959238875,36.78888888888889
3312,0.5601111959238875,36.800000000000004
3313,0.5601111959238875,36.81111111111111
3314,0.5601111959238875,36.82222222222222
3315,0.5601111959238875,36.833333333333336
3316,0.5601111959238875,36.84444444444445
3317,0.5601111959238875,36.855555555555554
3318,0.5601111959238875,36.86666666666667
3319,0.5601111959238875,36.87777777777778
3320,0.5608280292572214,36.88888888888889
3321,0.5622616959238875,36.9
3322,0.5622616959238875,36.91111111111111
3323,0.5622616959238875,36.922222222222224
3324,0.5622616959238884,36.93333333333334
3325,0.5636953625905539,36.94444444444444
3326,0.5644121959238875,36.955555555555556
3327,0.5644121959238875,36.96666666666667
3328,0.5644121959238875,36.97777777777778
3329,0.5644121959238875,36.98888888888889
3330,0.5644121959238875,37.0
3331,0.5658455292572211,37.01111111111111
3332,0.5665621959238875,37.022222222222226
3333,0.5665621959238875,37.03333333333333
3334,0.5665621959238875,37.044444444444444
3335,0.5665621959238875,37.05555555555556
3336,0.5665621959238875,37.06666666666667
3337,0.5665621959238875,37.077777777777776
3338,0.5665621959238875,37.08888888888889
3339,0.5665621959238875,37.1
3340,0.5665621959238875,37.111111111111114
3341,0.5665621959238875,37.12222222222223
3342,0.5665621959238875,37.13333333333333
3343,0.5665621959238875,37.144444444444446
3344,0.5665621959238875,37.15555555555556
3345,0.5665621959238875,37.16666666666667
3346,0.5665621959238875,37.17777777777778
3347,0.5672790292572211,37.18888888888889
3348,0.5687126959238875,37.2
3349,0.5687126959238875,37.211111111111116
3350,0.5687126959238875,37.22222222222222
3351,0.5687126959238875,37.233333333333334
3352,0.5687126959238875,37.24444444444445
3353,0.5687126959238875,37.25555555555556
3354,0.5687126959238875,37.266666666666666
3355,0.5687126959238875,37.27777777777778
3356,0.5694295292572215,37.28888888888889
3357,0.5708631959238875,37.300000000000004
3358,0.5708631959238875,37.31111111111111
3359,0.5708631959238875,37.32222222222222
3360,0.5708631959238875,37.333333333333336
3361,0.5708631959238875,37.34444444444445
3362,0.5715798625905538,37.355555555555554
3363,0.5730131959238874,37.36666666666667
3364,0.5730131959238874,37.37777777777778
3365,0.5730131959238874,37.38888888888889
3366,0.5730131959238874,37.4
3367,0.5758805292572214,37.41111111111111
3368,0.5773141959238874,37.422222222222224
3369,0.5773141959238874,37.43333333333334
3370,0.5773141959238874,37.44444444444444
3371,0.5773141959238874,37.455555555555556
3372,0.5773141959238874,37.46666666666667
3373,0.5773141959238874,37.47777777777778
3374,0.5773141959238874,37.48888888888889
3375,0.5773141959238874,37.5
3376,0.5773141959238874,37.51111111111111
3377,0.5773141959238874,37.522222222222226
3378,0.5773141959238874,37.53333333333333
3379,0.5773141959238874,37.544444444444444
3380,0.5773141959238874,37.55555555555556
3381,0.5773141959238874,37.56666666666667
3382,0.5773141959238874,37.577777777777776
3383,0.5773141959238874,37.58888888888889
3384,0.5773141959238874,37.6
3385,0.5773141959238874,37.611111111111114
3386,0.5773141959238874,37.62222222222223
3387,0.5773141959238874,37.63333333333333
3388,0.5773141959238874,37.644444444444446
3389,0.5773141959238874,37.65555555555556
3390,0.5773141959238874,37.66666666666667
3391,0.5773141959238874,37.67777777777778
3392,0.5773141959238874,37.68888888888889
3393,0.5773141959238874,37.7
3394,0.5773141959238874,37.711111111111116
3395,0.5773141959238874,37.72222222222222
3396,0.5773141959238874,37.733333333333334
3397,0.5773141959238874,37.74444444444445
3398,0.5773141959238874,37.75555555555556
3399,0.5773141959238874,37.766666666666666
3400,0.5773141959238874,37.77777777777778
3401,0.5773141959238874,37.78888888888889
3402,0.5773141959238874,37.800000000000004
3403,0.5773141959238874,37.81111111111111
3404,0.5773141959238874,37.82222222222222
3405,0.5773141959238874,37.833333333333336
3406,0.5773141959238874,37.84444444444445
3407,0.5773141959238874,37.855555555555554
3408,0.5773141959238874,37.86666666666667
3409,0.5773141959238874,37.87777777777778
3410,0.5773141959238874,37.88888888888889
3411,0.5773141959238874,37.9
3412,0.5773141959238874,37.91111111111111
3413,0.5773141959238874,37.922222222222224
3414,0.5773141959238874,37.93333333333334
3415,0.5773141959238874,37.94444444444444
3416,0.5773141959238874,37.955555555555556
3417,0.5773141959238874,37.96666666666667
3418,0.5773141959238874,37.97777777777778
3419,0.5773141959238874,37.98888888888889
3420,0.5773141959238874,38.0
3421,0.5773141959238874,38.01111111111111
3422,0.5773141959238874,38.022222222222226
3423,0.5773141959238874,38.03333333333333
3424,0.5773141959238874,38.044444444444444
3425,0.5773141959238874,38.05555555555556
3426,0.5773141959238874,38.06666666666667
3427,0.5773141959238874,38.077777777777776
3428,0.5773141959238874,38.08888888888889
3429,0.5773141959238874,38.1
3430,0.5773141959238874,38.111111111111114
3431,0.5773141959238874,38.12222222222223
3432,0.5773141959238874,38.13333333333333
3433,0.5773141959238874,38.144444444444446
3434,0.5773141959238874,38.15555555555556
3435,0.5773141959238874,38.16666666666667
3436,0.5773141959238874,38.17777777777778
3437,0.5773141959238874,38.18888888888889
3438,0.5773141959238874,38.2
3439,0.5773141959238874,38.211111111111116
3440,0.5773141959238874,38.22222222222222
3441,0.5773141959238874,38.233333333333334
3442,0.5773141959238874,38.24444444444445
3443,0.5773141959238874,38.25555555555556
3444,0.5773141959238874,38.266666666666666
3445,0.5773141959238874,38.27777777777778
3446,0.5773141959238874,38.28888888888889
3447,0.5773141959238874,38.300000000000004
3448,0.5773141959238874,38.31111111111111
3449,0.5773141959238874,38.32222222222222
3450,0.5773141959238874,38.333333333333336
3451,0.5773141959238874,38.34444444444445
3452,0.5773141959238874,38.355555555555554
3453,0.5773141959238874,38.36666666666667
3454,0.5773141959238874,38.37777777777778
3455,0.5773141959238874,38.38888888888889
3456,0.5773141959238874,38.4
3457,0.5773141959238874,38.41111111111111
3458,0.5773141959238874,38.422222222222224
3459,0.5773141959238874,38.43333333333334
3460,0.5773141959238874,38.44444444444444
3461,0.5773141959238874,38.455555555555556
3462,0.5773141959238874,38.46666666666667
3463,0.5773141959238874,38.47777777777778
3464,0.5773141959238874,38.48888888888889
3465,0.5773141959238874,38.5
3466,0.5773141959238874,38.51111111111111
3467,0.5773141959238874,38.522222222222226
3468,0.5773141959238874,38.53333333333333
3469,0.5773141959238874,38.544444444444444
3470,0.5773141959238874,38.55555555555556
3471,0.5773141959238874,38.56666666666667
3472,0.5773141959238874,38.577777777777776
3473,0.5773141959238874,38.58888888888889
3474,0.5773141959238874,38.6
3475,0.5773141959238874,38.611111111111114
3476,0.5773141959238874,38.62222222222223
3477,0.5773141959238874,38.63333333333333
3478,0.5773141959238874,38.644444444444446
3479,0.5773141959238874,38.65555555555556
3480,0.5773141959238874,38.66666666666667
3481,0.5773141959238874,38.67777777777778
3482,0.5773141959238874,38.68888888888889
3483,0.5773141959238874,38.7
3484,0.5773141959238874,38.711111111111116
3485,0.5773141959238874,38.72222222222222
3486,0.5773141959238874,38.733333333333334
3487,0.5773141959238874,38.74444444444445
3488,0.5773141959238874,38.75555555555556
3489,0.5773141959238874,38.766666666666666
3490,0.5773141959238874,38.77777777777778
3491,0.5773141959238874,38.78888888888889
3492,0.5773141959238874,38.800000000000004
3493,0.5773141959238874,38.81111111111111
3494,0.5773141959238874,38.82222222222222
3495,0.5773141959238874,38.833333333333336
3496,0.5773141959238874,38.84444444444445
3497,0.5773141959238874,38.855555555555554
3498,0.5773141959238874,38.86666666666667
3499,0.5773141959238874,38.87777777777778
3500,0.5773141959238874,38.88888888888889
3501,0.5773141959238874,38.9
3502,0.5773141959238874,38.91111111111111
3503,0.5773141959238874,38.922222222222224
3504,0.5773141959238874,38.93333333333334
3505,0.5773141959238874,38.94444444444444
3506,0.5773141959238874,38.955555555555556
3507,0.5773141959238874,38.96666666666667
3508,0.5773141959238874,38.97777777777778
3509,0.5773141959238874,38.98888888888889
3510,0.5773141959238874,39.0
3511,0.5773141959238874,39.01111111111111
3512,0.5773141959238874,39.022222222222226
3513,0.5773141959238874,39.03333333333333
3514,0.5773141959238874,39.044444444444444
3515,0.5773141959238874,39.05555555555556
3516,0.5773141959238874,39.06666666666667
3517,0.5773141959238874,39.077777777777776
3518,0.5773141959238874,39.08888888888889
3519,0.5773141959238874,39.1
3520,0.5773141959238874,39.111111111111114
3521,0.5773141959238874,39.12222222222223
3522,0.5773141959238874,39.13333333333333
3523,0.5773141959238874,39.144444444444446
3524,0.5773141959238874,39.15555555555556
3525,0.5773141959238874,39.16666666666667
3526,0.5773141959238874,39.17777777777778
3527,0.5773141959238874,39.18888888888889
3528,0.5773141959238874,39.2
3529,0.5773141959238874,39.211111111111116
3530,0.5773141959238874,39.22222222222222
3531,0.5773141959238874,39.233333333333334
3532,0.5773141959238874,39.24444444444445
3533,0.5773141959238874,39.25555555555556
3534,0.5773141959238874,39.266666666666666
3535,0.5773141959238874,39.27777777777778
3536,0.5773141959238874,39.28888888888889
3537,0.5773141959238874,39.300000000000004
3538,0.5773141959238874,39.31111111111111
3539,0.5773141959238874,39.32222222222222
3540,0.5773141959238874,39.333333333333336
3541,0.5773141959238874,39.34444444444445
3542,0.5773141959238874,39.355555555555554
3543,0.5773141959238874,39.36666666666667
3544,0.5773141959238874,39.37777777777778
3545,0.5773141959238874,39.38888888888889
3546,0.5773141959238874,39.4
3547,0.5773141959238874,39.41111111111111
3548,0.5773141959238874,39.422222222222224
3549,0.5773141959238874,39.43333333333334
3550,0.5773141959238874,39.44444444444444
3551,0.5773141959238874,39.455555555555556
3552,0.5773141959238874,39.46666666666667
3553,0.5773141959238874,39.47777777777778
3554,0.5773141959238874,39.48888888888889
3555,0.5773141959238874,39.5
3556,0.5773141959238874,39.51111111111111
3557,0.5773141959238874,39.522222222222226
3558,0.5773141959238874,39.53333333333333
3559,0.5773141959238874,39.544444444444444
3560,0.5773141959238874,39.55555555555556
3561,0.5773141959238874,39.56666666666667
3562,0.5773141959238874,39.57777777777778
3563,0.5773141959238874,39.58888888888889
3564,0.5773141959238874,39.6
3565,0.5773141959238874,39.611111111111114
3566,0.5773141959238874,39.62222222222223
3567,0.5773141959238874,39.63333333333333
3568,0.5773141959238874,39.644444444444446
3569,0.5773141959238874,39.65555555555556
3570,0.5773141959238874,39.66666666666667
3571,0.5773141959238874,39.67777777777778
3572,0.5773141959238874,39.68888888888889
3573,0.5773141959238874,39.7
3574,0.5773141959238874,39.711111111111116
3575,0.5773141959238874,39.72222222222222
3576,0.5773141959238874,39.733333333333334
3577,0.5773141959238874,39.74444444444445
3578,0.5773141959238874,39.75555555555556
3579,0.5773141959238874,39.766666666666666
3580,0.5773141959238874,39.77777777777778
3581,0.5773141959238874,39.78888888888889
3582,0.5773141959238874,39.800000000000004
3583,0.5773141959238874,39.81111111111111
3584,0.5773141959238874,39.82222222222222
3585,0.5773141959238874,39.833333333333336
3586,0.5773141959238874,39.84444444444445
3587,0.5773141959238874,39.855555555555554
3588,0.5773141959238874,39.86666666666667
3589,0.5773141959238874,39.87777777777778
3590,0.5773141959238874,39.88888888888889
3591,0.5773141959238874,39.9
3592,0.5773141959238874,39.91111111111111
3593,0.5773141959238874,39.922222222222224
3594,0.5773141959238874,39.93333333333334
3595,0.5773141959238874,39.94444444444444
3596,0.5773141959238874,39.955555555555556
3597,0.5773141959238874,39.96666666666667
3598,0.5773141959238874,39.97777777777778
3599,0.5773141959238874,39.98888888888889
3600,0.5773141959238874,40.0
3601,0.5773141959238874,40.01111111111111
3602,0.5773141959238874,40.022222222222226
3603,0.5773141959238874,40.03333333333333
3604,0.5773141959238874,40.044444444444444
3605,0.5773141959238874,40.05555555555556
3606,0.5773141959238874,40.06666666666667
3607,0.5773141959238874,40.07777777777778
3608,0.5773141959238874,40.08888888888889
3609,0.5773141959238874,40.1
3610,0.5773141959238874,40.111111111111114
3611,0.5773141959238874,40.12222222222223
3612,0.5773141959238874,40.13333333333333
3613,0.5773141959238874,40.144444444444446
3614,0.5773141959238874,40.15555555555556
3615,0.5773141959238874,40.16666666666667
3616,0.5773141959238874,40.17777777777778
3617,0.5773141959238874,40.18888888888889
3618,0.5773141959238874,40.2
3619,0.5773141959238874,40.211111111111116
3620,0.5773141959238874,40.22222222222222
3621,0.5773141959238874,40.233333333333334
3622,0.5773141959238874,40.24444444444445
3623,0.5773141959238874,40.25555555555556
3624,0.5773141959238874,40.266666666666666
3625,0.5773141959238874,40.27777777777778
3626,0.5773141959238874,40.28888888888889
3627,0.5773141959238874,40.300000000000004
3628,0.5773141959238874,40.31111111111111
3629,0.5773141959238874,40.32222222222222
3630,0.5773141959238874,40.333333333333336
3631,0.5773141959238874,40.34444444444445
3632,0.5773141959238874,40.355555555555554
3633,0.5773141959238874,40.36666666666667
3634,0.5773141959238874,40.37777777777778
3635,0.5773141959238874,40.38888888888889
3636,0.5773141959238874,40.4
3637,0.5773141959238874,40.41111111111111
3638,0.5773141959238874,40.422222222222224
3639,0.5773141959238874,40.43333333333334
3640,0.5773141959238874,40.44444444444444
3641,0.5773141959238874,40.455555555555556
3642,0.5773141959238874,40.46666666666667
3643,0.5773141959238874,40.47777777777778
3644,0.5773141959238874,40.48888888888889
3645,0.5773141959238874,40.5
3646,0.5773141959238874,40.51111111111111
3647,0.5773141959238874,40.522222222222226
3648,0.5773141959238874,40.53333333333333
3649,0.5773141959238874,40.544444444444444
3650,0.5773141959238874,40.55555555555556
3651,0.5773141959238874,40.56666666666667
3652,0.5773141959238874,40.57777777777778
3653,0.5773141959238874,40.58888888888889
3654,0.5773141959238874,40.6
3655,0.5773141959238874,40.611111111111114
3656,0.5773141959238874,40.62222222222223
3657,0.5773141959238874,40.63333333333333
3658,0.5773141959238874,40.644444444444446
3659,0.5773141959238874,40.65555555555556
3660,0.5773141959238874,40.66666666666667
3661,0.5773141959238874,40.67777777777778
3662,0.5773141959238874,40.68888888888889
3663,0.5773141959238874,40.7
3664,0.5773141959238874,40.711111111111116
3665,0.5773141959238874,40.72222222222222
3666,0.5773141959238874,40.733333333333334
3667,0.5773141959238874,40.74444444444445
3668,0.5773141959238874,40.75555555555556
3669,0.5773141959238874,40.766666666666666
3670,0.5773141959238874,40.77777777777778
3671,0.5773141959238874,40.78888888888889
3672,0.5773141959238874,40.800000000000004
3673,0.5773141959238874,40.81111111111111
3674,0.5773141959238874,40.82222222222222
3675,0.5773141959238874,40.833333333333336
3676,0.5773141959238874,40.84444444444445
3677,0.5773141959238874,40.855555555555554
3678,0.5773141959238874,40.86666666666667
3679,0.5773141959238874,40.87777777777778
3680,0.5773141959238874,40.88888888888889
3681,0.5773141959238874,40.9
3682,0.5773141959238874,40.91111111111111
3683,0.5773141959238874,40.922222222222224
3684,0.5773141959238874,40.93333333333334
3685,0.5773141959238874,40.94444444444444
3686,0.5773141959238874,40.955555555555556
3687,0.5773141959238874,40.96666666666667
3688,0.5773141959238874,40.97777777777778
3689,0.5773141959238874,40.98888888888889
3690,0.5773141959238874,41.0
3691,0.5773141959238874,41.01111111111111
3692,0.5773141959238874,41.022222222222226
3693,0.5773141959238874,41.03333333333333
3694,0.5773141959238874,41.044444444444444
3695,0.5773141959238874,41.05555555555556
3696,0.5773141959238874,41.06666666666667
3697,0.5773141959238874,41.07777777777778
3698,0.5773141959238874,41.08888888888889
3699,0.5773141959238874,41.1
3700,0.5773141959238874,41.111111111111114
3701,0.5773141959238874,41.12222222222223
3702,0.5773141959238874,41.13333333333333
3703,0.5773141959238874,41.144444444444446
3704,0.5773141959238874,41.15555555555556
3705,0.5773141959238874,41.16666666666667
3706,0.5773141959238874,41.17777777777778
3707,0.5773141959238874,41.18888888888889
3708,0.5773141959238874,41.2
3709,0.5773141959238874,41.211111111111116
3710,0.5773141959238874,41.22222222222222
3711,0.5773141959238874,41.233333333333334
3712,0.5773141959238874,41.24444444444445
3713,0.5773141959238874,41.25555555555556
3714,0.5773141959238874,41.266666666666666
3715,0.5773141959238874,41.27777777777778
3716,0.5773141959238874,41.28888888888889
3717,0.5773141959238874,41.300000000000004
3718,0.5773141959238874,41.31111111111111
3719,0.5773141959238874,41.32222222222222
3720,0.5773141959238874,41.333333333333336
3721,0.5773141959238874,41.34444444444445
3722,0.5773141959238874,41.355555555555554
3723,0.5773141959238874,41.36666666666667
3724,0.5773141959238874,41.37777777777778
3725,0.5773141959238874,41.38888888888889
3726,0.5773141959238874,41.4
3727,0.5773141959238874,41.41111111111111
3728,0.5773141959238874,41.422222222222224
3729,0.5773141959238874,41.43333333333334
3730,0.5773141959238874,41.44444444444444
3731,0.5773141959238874,41.455555555555556
3732,0.5773141959238874,41.46666666666667
3733,0.5773141959238874,41.47777777777778
3734,0.5773141959238874,41.48888888888889
3735,0.5773141959238874,41.5
3736,0.5773141959238874,41.51111111111111
3737,0.5773141959238874,41.522222222222226
3738,0.5773141959238874,41.53333333333333
3739,0.5773141959238874,41.544444444444444
3740,0.5773141959238874,41.55555555555556
3741,0.5773141959238874,41.56666666666667
3742,0.5773141959238874,41.57777777777778
3743,0.5773141959238874,41.58888888888889
3744,0.5773141959238874,41.6
3745,0.5773141959238874,41.611111111111114
3746,0.5773141959238874,41.62222222222223
3747,0.5773141959238874,41.63333333333333
3748,0.5773141959238874,41.644444444444446
3749,0.5773141959238874,41.65555555555556
3750,0.5773141959238874,41.66666666666667
3751,0.5773141959238874,41.67777777777778
3752,0.5773141959238874,41.68888888888889
3753,0.5773141959238874,41.7
3754,0.5773141959238874,41.711111111111116
3755,0.5773141959238874,41.72222222222222
3756,0.5773141959238874,41.733333333333334
3757,0.5773141959238874,41.74444444444445
3758,0.5773141959238874,41.75555555555556
3759,0.5773141959238874,41.766666666666666
3760,0.5773141959238874,41.77777777777778
3761,0.5773141959238874,41.78888888888889
3762,0.5773141959238847,41.800000000000004
3763,0.5730135292572198,41.81111111111111
3764,0.5694295292572201,41.82222222222222
3765,0.5665621959238875,41.833333333333336
3766,0.5665621959238875,41.84444444444445
3767,0.5629783625905557,41.855555555555554
3768,0.5558106959238875,41.86666666666667
3769,0.5558106959238875,41.87777777777778
3770,0.5536603625905523,41.88888888888889
3771,0.5493596959238874,41.9
3772,0.5493596959238874,41.91111111111111
3773,0.5479260292572196,41.922222222222224
3774,0.5450586959238874,41.93333333333334
3775,0.5450586959238874,41.94444444444444
3776,0.5443420292572211,41.955555555555556
3777,0.5429086959238875,41.96666666666667
3778,0.5429086959238875,41.97777777777778
3779,0.539324695923889,41.98888888888889
3780,0.5321566959238875,42.0
3781,0.5321566959238875,42.01111111111111
3782,0.5292895292572184,42.022222222222226
3783,0.5235551959238876,42.03333333333333
3784,0.5235551959238876,42.044444444444444
3785,0.5221216959238864,42.05555555555556
3786,0.5192546959238875,42.06666666666667
3787,0.5192546959238875,42.07777777777778
3788,0.5171043625905551,42.08888888888889
3789,0.5128036959238875,42.1
3790,0.5128036959238875,42.111111111111114
3791,0.5113700292572196,42.12222222222223
3792,0.5085026959238875,42.13333333333333
3793,0.5085026959238875,42.144444444444446
3794,0.5077860292572203,42.15555555555556
3795,0.5063526959238857,42.16666666666667
3796,0.5034853625905535,42.17777777777778
3797,0.5020516959238875,42.18888888888889
3798,0.5020516959238875,42.2
3799,0.5006180292572205,42.211111111111116
3800,0.4999011959238875,42.22222222222222
3801,0.4999011959238875,42.233333333333334
3802,0.49703419592388687,42.24444444444445
3803,0.49560069592388745,42.25555555555556
3804,0.49560069592388745,42.266666666666666
3805,0.4927336959238869,42.27777777777778
3806,0.4913001959238875,42.28888888888889
3807,0.4913001959238857,42.300000000000004
3808,0.4884328625905536,42.31111111111111
3809,0.4869991959238875,42.32222222222222
3810,0.4869991959238875,42.333333333333336
3811,0.4869991959238875,42.34444444444445
3812,0.4855656959238881,42.355555555555554
3813,0.4826986959238875,42.36666666666667
3814,0.4826986959238875,42.37777777777778
3815,0.48198186259055353,42.38888888888889
3816,0.48054819592388753,42.4
3817,0.48054819592388753,42.41111111111111
3818,0.4798313625905536,42.422222222222224
3819,0.4783976959238875,42.43333333333334
3820,0.4783976959238875,42.44444444444444
3821,0.4783976959238875,42.455555555555556
3822,0.4783976959238875,42.46666666666667
3823,0.4783976959238875,42.47777777777778
3824,0.4776810292572211,42.48888888888889
3825,0.4762476959238875,42.5
3826,0.4762476959238875,42.51111111111111
3827,0.4762476959238875,42.522222222222226
3828,0.4762476959238875,42.53333333333333
3829,0.4762476959238875,42.544444444444444
3830,0.47553086259055355,42.55555555555556
3831,0.47409719592388755,42.56666666666667
3832,0.47409719592388755,42.57777777777778
3833,0.47409719592388755,42.58888888888889
3834,0.47409719592388755,42.6
3835,0.47409719592388755,42.611111111111114
3836,0.4733803625905536,42.62222222222223
3837,0.4719466959238875,42.63333333333333
3838,0.4719466959238875,42.644444444444446
3839,0.4719466959238875,42.65555555555556
3840,0.47194669592388655,42.66666666666667
3841,0.4705133625905539,42.67777777777778
3842,0.4697966959238875,42.68888888888889
3843,0.4697966959238875,42.7
3844,0.4697966959238875,42.711111111111116
3845,0.4697966959238875,42.72222222222222
3846,0.4697966959238875,42.733333333333334
3847,0.4683630292572205,42.74444444444445
3848,0.46764619592388745,42.75555555555556
3849,0.46764619592388745,42.766666666666666
3850,0.46764619592388745,42.77777777777778
3851,0.46764619592388745,42.78888888888889
3852,0.4676461959238865,42.800000000000004
3853,0.4662125292572205,42.81111111111111
3854,0.46477886259055384,42.82222222222222
3855,0.46334519592388745,42.833333333333336
3856,0.46334519592388745,42.84444444444445
3857,0.4626285292572211,42.855555555555554
3858,0.46119519592388747,42.86666666666667
3859,0.46119519592388747,42.87777777777778
3860,0.4604783625905535,42.88888888888889
3861,0.4590446959238875,42.9
3862,0.4590446959238875,42.91111111111111
3863,0.4583278625905536,42.922222222222224
3864,0.45689419592388747,42.93333333333334
3865,0.45689419592388747,42.94444444444444
3866,0.4561775292572211,42.955555555555556
3867,0.4547441959238875,42.96666666666667
3868,0.4547441959238875,42.97777777777778
3869,0.4540273625905545,42.98888888888889
3870,0.45259369592388754,43.0
3871,0.45259369592388754,43.01111111111111
3872,0.4518768625905536,43.022222222222226
3873,0.4504431959238875,43.03333333333333
3874,0.4504431959238875,43.044444444444444
3875,0.4504431959238875,43.05555555555556
3876,0.4504431959238875,43.06666666666667
3877,0.4504431959238875,43.07777777777778
3878,0.4497265292572211,43.08888888888889
3879,0.4482931959238875,43.1
3880,0.4482931959238875,43.111111111111114
3881,0.4482931959238875,43.12222222222223
3882,0.4482931959238875,43.13333333333333
3883,0.4482931959238875,43.144444444444446
3884,0.4482931959238875,43.15555555555556
3885,0.44829319592388844,43.16666666666667
3886,0.4497265292572211,43.17777777777778
3887,0.4504431959238875,43.18888888888889
3888,0.4504431959238875,43.2
3889,0.4504431959238875,43.211111111111116
3890,0.4504431959238875,43.22222222222222
3891,0.4504431959238875,43.233333333333334
3892,0.4504431959238875,43.24444444444445
3893,0.4504431959238875,43.25555555555556
3894,0.4504431959238875,43.266666666666666
3895,0.4504431959238875,43.27777777777778
3896,0.4504431959238875,43.28888888888889
3897,0.4504431959238875,43.300000000000004
3898,0.4504431959238875,43.31111111111111
3899,0.4504431959238875,43.32222222222222
3900,0.4504431959238875,43.333333333333336
3901,0.4504431959238875,43.34444444444445
3902,0.4504431959238875,43.355555555555554
3903,0.4504431959238875,43.36666666666667
3904,0.4504431959238875,43.37777777777778
3905,0.4504431959238875,43.38888888888889
3906,0.4504431959238875,43.4
3907,0.4504431959238875,43.41111111111111
3908,0.4504431959238875,43.422222222222224
3909,0.4504431959238875,43.43333333333334
3910,0.4504431959238875,43.44444444444444
3911,0.4504431959238875,43.455555555555556
3912,0.4504431959238875,43.46666666666667
3913,0.4504431959238875,43.47777777777778
3914,0.4504431959238875,43.48888888888889
3915,0.4504431959238875,43.5
3916,0.4504431959238875,43.51111111111111
3917,0.4504431959238875,43.522222222222226
3918,0.4504431959238875,43.53333333333334
3919,0.4504431959238875,43.544444444444444
3920,0.4504431959238875,43.55555555555556
3921,0.4504431959238875,43.56666666666667
3922,0.4504431959238875,43.57777777777778
3923,0.4504431959238875,43.58888888888889
3924,0.4504431959238875,43.6
3925,0.4504431959238875,43.611111111111114
3926,0.4504431959238875,43.62222222222223
3927,0.4504431959238875,43.63333333333333
3928,0.4504431959238875,43.644444444444446
3929,0.4504431959238875,43.65555555555556
3930,0.4504431959238875,43.66666666666667
3931,0.4504431959238875,43.67777777777778
3932,0.4504431959238875,43.68888888888889
3933,0.4504431959238875,43.7
3934,0.4504431959238875,43.711111111111116
3935,0.4504431959238875,43.72222222222222
3936,0.4504431959238875,43.733333333333334
3937,0.4504431959238875,43.74444444444445
3938,0.4504431959238875,43.75555555555556
3939,0.4504431959238875,43.766666666666666
3940,0.4504431959238875,43.77777777777778
3941,0.4504431959238875,43.78888888888889
3942,0.4504431959238875,43.800000000000004
3943,0.4504431959238875,43.81111111111111
3944,0.4504431959238875,43.82222222222222
3945,0.4504431959238875,43.833333333333336
3946,0.4504431959238875,43.84444444444445
3947,0.4504431959238875,43.855555555555554
3948,0.4504431959238875,43.86666666666667
3949,0.4504431959238875,43.87777777777778
3950,0.4504431959238875,43.88888888888889
3951,0.4504431959238875,43.9
3952,0.4504431959238875,43.91111111111111
3953,0.4504431959238875,43.922222222222224
3954,0.4504431959238875,43.93333333333334
3955,0.4504431959238875,43.94444444444444
3956,0.4504431959238875,43.955555555555556
3957,0.4504431959238875,43.96666666666667
3958,0.4504431959238875,43.97777777777778
3959,0.4504431959238875,43.98888888888889
3960,0.4504431959238875,44.0
3961,0.4504431959238875,44.01111111111111
3962,0.4504431959238875,44.022222222222226
3963,0.4504431959238875,44.03333333333334
3964,0.4504431959238875,44.044444444444444
3965,0.4504431959238875,44.05555555555556
3966,0.4504431959238875,44.06666666666667
3967,0.4504431959238875,44.07777777777778
3968,0.4504431959238875,44.08888888888889
3969,0.4504431959238875,44.1
3970,0.4504431959238875,44.111111111111114
3971,0.4504431959238875,44.12222222222223
3972,0.4504431959238875,44.13333333333333
3973,0.4504431959238875,44.144444444444446
3974,0.4504431959238875,44.15555555555556
3975,0.4504431959238875,44.16666666666667
3976,0.4504431959238875,44.17777777777778
3977,0.4504431959238875,44.18888888888889
3978,0.4504431959238875,44.2
3979,0.4504431959238875,44.211111111111116
3980,0.4504431959238875,44.22222222222222
3981,0.4504431959238875,44.233333333333334
3982,0.4504431959238875,44.24444444444445
3983,0.4504431959238875,44.25555555555556
3984,0.4504431959238875,44.266666666666666
3985,0.4504431959238875,44.27777777777778
3986,0.4504431959238875,44.28888888888889
3987,0.4504431959238875,44.300000000000004
3988,0.4504431959238875,44.31111111111111
3989,0.4504431959238875,44.32222222222222
3990,0.4504431959238875,44.333333333333336
3991,0.4504431959238875,44.34444444444445
3992,0.4504431959238875,44.355555555555554
3993,0.4504431959238875,44.36666666666667
3994,0.4504431959238875,44.37777777777778
3995,0.4504431959238875,44.38888888888889
3996,0.4504431959238875,44.4
3997,0.4504431959238875,44.41111111111111
3998,0.4504431959238875,44.422222222222224
3999,0.4504431959238875,44.43333333333334
4000,0.4504431959238875,44.44444444444444
4001,0.4504431959238875,44.455555555555556
4002,0.4504431959238875,44.46666666666667
4003,0.4504431959238875,44.47777777777778
4004,0.4504431959238875,44.48888888888889
4005,0.4504431959238875,44.5
4006,0.4504431959238875,44.51111111111111
4007,0.4504431959238875,44.522222222222226
4008,0.4504431959238875,44.53333333333334
4009,0.4504431959238875,44.544444444444444
4010,0.4504431959238875,44.55555555555556
4011,0.4504431959238875,44.56666666666667
4012,0.4504431959238875,44.57777777777778
4013,0.4504431959238875,44.58888888888889
4014,0.4504431959238875,44.6
4015,0.4504431959238875,44.611111111111114
4016,0.4504431959238875,44.62222222222223
4017,0.4504431959238875,44.63333333333333
4018,0.4504431959238875,44.644444444444446
4019,0.4504431959238875,44.65555555555556
4020,0.4504431959238875,44.66666666666667
4021,0.4504431959238875,44.67777777777778
4022,0.4504431959238875,44.68888888888889
4023,0.4504431959238875,44.7
4024,0.4504431959238875,44.711111111111116
4025,0.4504431959238875,44.72222222222222
4026,0.4504431959238875,44.733333333333334
4027,0.4504431959238875,44.74444444444445
4028,0.4504431959238875,44.75555555555556
4029,0.4504431959238875,44.766666666666666
4030,0.4504431959238875,44.77777777777778
4031,0.4504431959238875,44.78888888888889
4032,0.4504431959238875,44.800000000000004
4033,0.4504431959238875,44.81111111111111
4034,0.4504431959238875,44.82222222222222
4035,0.4504431959238875,44.833333333333336
4036,0.4504431959238875,44.84444444444445
4037,0.4504431959238875,44.855555555555554
4038,0.4504431959238875,44.86666666666667
4039,0.4504431959238875,44.87777777777778
4040,0.4504431959238875,44.88888888888889
4041,0.4504431959238875,44.9
4042,0.4504431959238875,44.91111111111111
4043,0.4504431959238875,44.922222222222224
4044,0.4504431959238875,44.93333333333334
4045,0.4504431959238875,44.94444444444444
4046,0.4504431959238875,44.955555555555556
4047,0.4504431959238875,44.96666666666667
4048,0.4504431959238875,44.97777777777778
4049,0.4504431959238875,44.98888888888889
4050,0.4504431959238875,45.0
4051,0.4504431959238875,45.01111111111111
4052,0.4504431959238875,45.022222222222226
4053,0.4504431959238875,45.03333333333334
4054,0.4504431959238875,45.044444444444444
4055,0.4504431959238875,45.05555555555556
4056,0.4504431959238875,45.06666666666667
4057,0.4504431959238875,45.07777777777778
4058,0.4504431959238875,45.08888888888889
4059,0.4504431959238875,45.1
4060,0.4504431959238875,45.111111111111114
4061,0.4504431959238875,45.12222222222223
4062,0.4504431959238875,45.13333333333333
4063,0.4504431959238875,45.144444444444446
4064,0.4504431959238875,45.15555555555556
4065,0.4504431959238875,45.16666666666667
4066,0.4504431959238875,45.17777777777778
4067,0.4504431959238875,45.18888888888889
4068,0.4504431959238875,45.2
4069,0.4504431959238875,45.211111111111116
4070,0.4504431959238875,45.22222222222222
4071,0.4504431959238875,45.233333333333334
4072,0.4504431959238875,45.24444444444445
4073,0.4504431959238875,45.25555555555556
4074,0.4504431959238875,45.266666666666666
4075,0.4504431959238875,45.27777777777778
4076,0.4504431959238875,45.28888888888889
4077,0.4504431959238875,45.300000000000004
4078,0.4504431959238875,45.31111111111111
4079,0.4504431959238875,45.32222222222222
4080,0.4504431959238875,45.333333333333336
4081,0.4504431959238875,45.34444444444445
4082,0.4504431959238875,45.355555555555554
4083,0.4504431959238875,45.36666666666667
4084,0.4504431959238875,45.37777777777778
4085,0.4504431959238875,45.38888888888889
4086,0.4504431959238875,45.4
4087,0.4504431959238875,45.41111111111111
4088,0.4504431959238875,45.422222222222224
4089,0.4504431959238875,45.43333333333334
4090,0.4504431959238875,45.44444444444444
4091,0.4504431959238875,45.455555555555556
4092,0.4504431959238875,45.46666666666667
4093,0.4504431959238875,45.47777777777778
4094,0.4504431959238875,45.48888888888889
4095,0.4504431959238875,45.5
4096,0.4504431959238875,45.51111111111111
4097,0.4504431959238875,45.522222222222226
4098,0.4504431959238875,45.53333333333334
4099,0.4504431959238875,45.544444444444444
4100,0.4504431959238875,45.55555555555556
4101,0.4504431959238875,45.56666666666667
4102,0.4504431959238875,45.57777777777778
4103,0.4504431959238875,45.58888888888889
4104,0.4504431959238875,45.6
4105,0.4504431959238875,45.611111111111114
4106,0.4504431959238875,45.62222222222223
4107,0.4504431959238875,45.63333333333333
4108,0.4504431959238875,45.644444444444446
4109,0.4504431959238875,45.65555555555556
4110,0.4504431959238875,45.66666666666667
4111,0.4504431959238875,45.67777777777778
4112,0.4504431959238875,45.68888888888889
4113,0.4504431959238875,45.7
4114,0.4504431959238875,45.711111111111116
4115,0.4504431959238875,45.72222222222222
4116,0.4504431959238875,45.733333333333334
4117,0.4504431959238875,45.74444444444445
4118,0.4504431959238875,45.75555555555556
4119,0.4504431959238875,45.766666666666666
4120,0.4504431959238875,45.77777777777778
4121,0.4504431959238875,45.78888888888889
4122,0.4504431959238875,45.800000000000004
4123,0.4504431959238875,45.81111111111111
4124,0.4504431959238875,45.82222222222222
4125,0.4504431959238875,45.833333333333336
4126,0.4504431959238875,45.84444444444445
4127,0.4504431959238875,45.855555555555554
4128,0.4504431959238875,45.86666666666667
4129,0.4504431959238875,45.87777777777778
4130,0.4504431959238875,45.88888888888889
4131,0.4504431959238875,45.9
4132,0.4504431959238875,45.91111111111111
4133,0.4504431959238875,45.922222222222224
4134,0.4504431959238875,45.93333333333334
4135,0.4504431959238875,45.94444444444444
4136,0.4504431959238875,45.955555555555556
4137,0.4504431959238875,45.96666666666667
4138,0.4504431959238875,45.97777777777778
4139,0.4504431959238875,45.98888888888889
4140,0.4504431959238875,46.0
4141,0.4504431959238875,46.01111111111111
4142,0.4504431959238875,46.022222222222226
4143,0.4504431959238875,46.03333333333334
4144,0.4504431959238875,46.044444444444444
4145,0.4504431959238875,46.05555555555556
4146,0.4504431959238875,46.06666666666667
4147,0.4504431959238875,46.07777777777778
4148,0.4504431959238875,46.08888888888889
4149,0.4504431959238875,46.1
4150,0.4504431959238875,46.111111111111114
4151,0.4504431959238875,46.12222222222223
4152,0.4504431959238875,46.13333333333333
4153,0.4504431959238875,46.144444444444446
4154,0.4504431959238875,46.15555555555556
4155,0.4504431959238875,46.16666666666667
4156,0.4504431959238875,46.17777777777778
4157,0.4504431959238875,46.18888888888889
4158,0.4504431959238875,46.2
4159,0.4504431959238875,46.211111111111116
4160,0.4504431959238875,46.22222222222222
4161,0.4504431959238875,46.233333333333334
4162,0.4504431959238875,46.24444444444445
4163,0.4504431959238875,46.25555555555556
4164,0.4504431959238875,46.266666666666666
4165,0.4504431959238875,46.27777777777778
4166,0.4504431959238875,46.28888888888889
4167,0.4504431959238875,46.300000000000004
4168,0.4504431959238875,46.31111111111111
4169,0.4504431959238875,46.32222222222222
4170,0.4504431959238875,46.333333333333336
4171,0.4504431959238875,46.34444444444445
4172,0.4504431959238875,46.355555555555554
4173,0.4504431959238875,46.36666666666667
4174,0.4504431959238875,46.37777777777778
4175,0.4504431959238875,46.38888888888889
4176,0.4504431959238875,46.4
4177,0.4504431959238875,46.41111111111111
4178,0.4504431959238875,46.422222222222224
4179,0.4504431959238875,46.43333333333334
4180,0.4504431959238875,46.44444444444444
4181,0.4504431959238875,46.455555555555556
4182,0.4504431959238875,46.46666666666667
4183,0.4504431959238875,46.47777777777778
4184,0.4504431959238875,46.48888888888889
4185,0.4504431959238875,46.5
4186,0.4504431959238875,46.51111111111111
4187,0.4504431959238875,46.522222222222226
4188,0.4504431959238875,46.53333333333334
4189,0.4504431959238875,46.544444444444444
4190,0.4504431959238875,46.55555555555556
4191,0.4504431959238875,46.56666666666667
4192,0.4504431959238875,46.57777777777778
4193,0.4504431959238875,46.58888888888889
4194,0.4504431959238875,46.6
4195,0.4504431959238875,46.611111111111114
4196,0.4504431959238875,46.62222222222223
4197,0.4504431959238875,46.63333333333333
4198,0.4504431959238875,46.644444444444446
4199,0.4504431959238875,46.65555555555556
4200,0.4504431959238875,46.66666666666667
4201,0.4504431959238875,46.67777777777778
4202,0.4504431959238875,46.68888888888889
4203,0.4504431959238875,46.7
4204,0.4504431959238875,46.711111111111116
4205,0.4504431959238875,46.72222222222222
4206,0.4504431959238875,46.733333333333334
4207,0.4504431959238875,46.74444444444445
4208,0.4504431959238875,46.75555555555556
4209,0.4504431959238875,46.766666666666666
4210,0.4504431959238875,46.77777777777778
4211,0.4504431959238875,46.78888888888889
4212,0.4504431959238875,46.800000000000004
4213,0.4504431959238875,46.81111111111111
4214,0.4504431959238875,46.82222222222222
4215,0.4504431959238875,46.833333333333336
4216,0.4504431959238875,46.84444444444445
4217,0.4504431959238875,46.855555555555554
4218,0.4504431959238875,46.86666666666667
4219,0.4504431959238875,46.87777777777778
4220,0.4504431959238875,46.88888888888889
4221,0.4504431959238875,46.9
4222,0.4504431959238875,46.91111111111111
4223,0.4504431959238875,46.922222222222224
4224,0.4504431959238875,46.93333333333334
4225,0.4504431959238875,46.94444444444444
4226,0.4504431959238875,46.955555555555556
4227,0.4504431959238875,46.96666666666667
4228,0.4504431959238875,46.97777777777778
4229,0.4504431959238875,46.98888888888889
4230,0.4504431959238875,47.0
4231,0.4504431959238875,47.01111111111111
4232,0.4504431959238875,47.022222222222226
4233,0.4504431959238875,47.03333333333334
4234,0.4504431959238875,47.044444444444444
4235,0.4504431959238875,47.05555555555556
4236,0.4504431959238875,47.06666666666667
4237,0.4504431959238875,47.07777777777778
4238,0.4504431959238875,47.08888888888889
4239,0.4504431959238875,47.1
4240,0.4504431959238875,47.111111111111114
4241,0.4504431959238875,47.12222222222223
4242,0.4504431959238875,47.13333333333333
4243,0.4504431959238875,47.144444444444446
4244,0.4504431959238875,47.15555555555556
4245,0.4504431959238875,47.16666666666667
4246,0.4504431959238875,47.17777777777778
4247,0.4504431959238875,47.18888888888889
4248,0.4504431959238875,47.2
4249,0.4504431959238875,47.211111111111116
4250,0.4504431959238875,47.22222222222222
4251,0.4504431959238875,47.233333333333334
4252,0.44900986259055387,47.24444444444445
4253,0.4482931959238875,47.25555555555556
4254,0.4482931959238875,47.266666666666666
4255,0.4482931959238875,47.27777777777778
4256,0.4482931959238875,47.28888888888889
4257,0.4482931959238875,47.300000000000004
4258,0.4482931959238875,47.31111111111111
4259,0.4482931959238875,47.32222222222222
4260,0.4482931959238875,47.333333333333336
4261,0.4482931959238875,47.34444444444445
4262,0.4482931959238875,47.355555555555554
4263,0.4482931959238875,47.36666666666667
4264,0.4482931959238875,47.37777777777778
4265,0.4482931959238875,47.38888888888889
4266,0.4482931959238875,47.4
4267,0.4482931959238875,47.41111111111111
4268,0.4482931959238875,47.422222222222224
4269,0.4482931959238875,47.43333333333334
4270,0.4482931959238875,47.44444444444444
4271,0.4482931959238875,47.455555555555556
4272,0.4482931959238875,47.46666666666667
4273,0.4482931959238875,47.47777777777778
4274,0.4482931959238875,47.48888888888889
4275,0.4482931959238875,47.5
4276,0.4482931959238875,47.51111111111111
4277,0.4482931959238875,47.522222222222226
4278,0.4482931959238875,47.53333333333334
4279,0.4482931959238875,47.544444444444444
4280,0.4482931959238875,47.55555555555556
4281,0.4482931959238875,47.56666666666667
4282,0.4482931959238875,47.57777777777778
4283,0.4482931959238875,47.58888888888889
4284,0.4482931959238875,47.6
4285,0.4482931959238875,47.611111111111114
4286,0.4482931959238875,47.62222222222223
4287,0.4482931959238875,47.63333333333333
4288,0.4482931959238875,47.644444444444446
4289,0.4482931959238875,47.65555555555556
4290,0.4482931959238875,47.66666666666667
4291,0.4482931959238875,47.67777777777778
4292,0.4482931959238875,47.68888888888889
4293,0.4482931959238875,47.7
4294,0.4482931959238875,47.711111111111116
4295,0.4482931959238875,47.72222222222222
4296,0.4482931959238875,47.733333333333334
4297,0.4482931959238875,47.74444444444445
4298,0.4482931959238875,47.75555555555556
4299,0.4482931959238875,47.766666666666666
4300,0.4482931959238875,47.77777777777778
4301,0.4482931959238875,47.78888888888889
4302,0.4482931959238875,47.800000000000004
4303,0.4482931959238875,47.81111111111111
4304,0.4482931959238875,47.82222222222222
4305,0.4482931959238875,47.833333333333336
4306,0.4482931959238875,47.84444444444445
4307,0.4482931959238875,47.855555555555554
4308,0.4482931959238875,47.86666666666667
4309,0.4482931959238875,47.87777777777778
4310,0.4482931959238875,47.88888888888889
4311,0.4482931959238875,47.9
4312,0.4482931959238875,47.91111111111111
4313,0.4482931959238875,47.922222222222224
4314,0.4482931959238875,47.93333333333334
4315,0.4482931959238875,47.94444444444444
4316,0.4482931959238875,47.955555555555556
4317,0.4482931959238875,47.96666666666667
4318,0.4482931959238875,47.97777777777778
4319,0.4482931959238875,47.988888888888894
4320,0.4482931959238875,48.0
4321,0.4482931959238875,48.01111111111111
4322,0.4482931959238875,48.022222222222226
4323,0.4482931959238875,48.03333333333334
4324,0.4482931959238875,48.044444444444444
4325,0.4482931959238875,48.05555555555556
4326,0.4482931959238875,48.06666666666667
4327,0.4482931959238875,48.07777777777778
4328,0.4482931959238875,48.08888888888889
4329,0.4482931959238875,48.1
4330,0.4482931959238875,48.111111111111114
4331,0.4482931959238875,48.12222222222223
4332,0.4482931959238875,48.13333333333333
4333,0.4482931959238875,48.144444444444446
4334,0.4482931959238875,48.15555555555556
4335,0.4482931959238875,48.16666666666667
4336,0.4482931959238875,48.17777777777778
4337,0.4482931959238875,48.18888888888889
4338,0.4482931959238875,48.2
4339,0.4482931959238875,48.211111111111116
4340,0.4482931959238875,48.22222222222222
4341,0.4482931959238875,48.233333333333334
4342,0.4482931959238875,48.24444444444445
4343,0.4482931959238875,48.25555555555556
4344,0.4482931959238875,48.266666666666666
4345,0.4482931959238875,48.27777777777778
4346,0.4482931959238875,48.28888888888889
4347,0.4482931959238875,48.300000000000004
4348,0.4482931959238875,48.31111111111111
4349,0.4482931959238875,48.32222222222222
4350,0.4482931959238875,48.333333333333336
4351,0.4482931959238875,48.34444444444445
4352,0.4482931959238875,48.355555555555554
4353,0.4482931959238875,48.36666666666667
4354,0.4482931959238875,48.37777777777778
4355,0.4482931959238875,48.38888888888889
4356,0.4482931959238875,48.4
4357,0.4482931959238875,48.41111111111111
4358,0.4482931959238875,48.422222222222224
4359,0.4482931959238875,48.43333333333334
4360,0.4482931959238875,48.44444444444444
4361,0.4482931959238875,48.455555555555556
4362,0.4482931959238875,48.46666666666667
4363,0.4482931959238875,48.47777777777778
4364,0.4482931959238875,48.488888888888894
4365,0.4482931959238875,48.5
4366,0.4482931959238875,48.51111111111111
4367,0.4482931959238875,48.522222222222226
4368,0.4482931959238875,48.53333333333334
4369,0.4482931959238875,48.544444444444444
4370,0.4482931959238875,48.55555555555556
4371,0.4482931959238875,48.56666666666667
4372,0.4482931959238875,48.57777777777778
4373,0.4482931959238875,48.58888888888889
4374,0.4482931959238875,48.6
4375,0.4482931959238875,48.611111111111114
4376,0.4482931959238875,48.62222222222223
4377,0.4482931959238875,48.63333333333333
4378,0.4482931959238875,48.644444444444446
4379,0.4482931959238875,48.65555555555556
4380,0.4482931959238875,48.66666666666667
4381,0.4482931959238875,48.67777777777778
4382,0.4482931959238875,48.68888888888889
4383,0.4482931959238875,48.7
4384,0.4482931959238875,48.711111111111116
4385,0.4482931959238875,48.72222222222222
4386,0.4482931959238875,48.733333333333334
4387,0.4482931959238875,48.74444444444445
4388,0.4482931959238875,48.75555555555556
4389,0.4482931959238875,48.766666666666666
4390,0.4482931959238875,48.77777777777778
4391,0.4482931959238875,48.78888888888889
4392,0.4482931959238875,48.800000000000004
4393,0.4482931959238875,48.81111111111111
4394,0.4482931959238875,48.82222222222222
4395,0.4482931959238875,48.833333333333336
4396,0.4482931959238875,48.84444444444445
4397,0.4482931959238875,48.855555555555554
4398,0.4482931959238875,48.86666666666667
4399,0.4482931959238875,48.87777777777778
4400,0.4482931959238875,48.88888888888889
4401,0.4482931959238875,48.9
4402,0.4482931959238875,48.91111111111111
4403,0.4482931959238875,48.922222222222224
4404,0.4482931959238875,48.93333333333334
4405,0.4482931959238875,48.94444444444444
4406,0.4482931959238875,48.955555555555556
4407,0.4482931959238875,48.96666666666667
4408,0.4482931959238875,48.97777777777778
4409,0.4482931959238875,48.988888888888894
4410,0.4482931959238875,49.0
4411,0.4482931959238875,49.01111111111111
4412,0.4482931959238875,49.022222222222226
4413,0.4482931959238875,49.03333333333334
4414,0.4482931959238875,49.044444444444444
4415,0.4482931959238875,49.05555555555556
4416,0.4482931959238875,49.06666666666667
4417,0.4482931959238875,49.07777777777778
4418,0.4482931959238875,49.08888888888889
4419,0.4482931959238875,49.1
4420,0.4482931959238875,49.111111111111114
4421,0.4482931959238875,49.12222222222223
4422,0.4482931959238875,49.13333333333333
4423,0.4482931959238875,49.144444444444446
4424,0.4482931959238875,49.15555555555556
4425,0.4482931959238875,49.16666666666667
4426,0.4482931959238875,49.17777777777778
4427,0.4482931959238875,49.18888888888889
4428,0.4482931959238875,49.2
4429,0.4482931959238875,49.211111111111116
4430,0.4482931959238875,49.22222222222222
4431,0.4482931959238875,49.233333333333334
4432,0.4482931959238875,49.24444444444445
4433,0.4482931959238875,49.25555555555556
4434,0.4482931959238875,49.266666666666666
4435,0.4482931959238875,49.27777777777778
4436,0.4482931959238875,49.28888888888889
4437,0.4482931959238875,49.300000000000004
4438,0.4482931959238875,49.31111111111111
4439,0.4482931959238875,49.32222222222222
4440,0.4482931959238875,49.333333333333336
4441,0.4482931959238875,49.34444444444445
4442,0.4482931959238875,49.355555555555554
4443,0.4482931959238875,49.36666666666667
4444,0.4482931959238875,49.37777777777778
4445,0.4482931959238875,49.38888888888889
4446,0.4482931959238875,49.4
4447,0.4482931959238875,49.41111111111111
4448,0.4482931959238875,49.422222222222224
4449,0.4482931959238875,49.43333333333334
4450,0.4482931959238875,49.44444444444444
4451,0.4482931959238875,49.455555555555556
4452,0.4482931959238875,49.46666666666667
4453,0.4482931959238875,49.47777777777778
4454,0.4482931959238875,49.488888888888894
4455,0.4482931959238875,49.5
4456,0.4482931959238875,49.51111111111111
4457,0.4482931959238875,49.522222222222226
4458,0.4482931959238875,49.53333333333334
4459,0.4482931959238875,49.544444444444444
4460,0.4482931959238875,49.55555555555556
4461,0.4482931959238875,49.56666666666667
4462,0.4482931959238875,49.57777777777778
4463,0.4482931959238875,49.58888888888889
4464,0.4482931959238875,49.6
4465,0.4482931959238875,49.611111111111114
4466,0.4482931959238875,49.62222222222223
4467,0.4482931959238875,49.63333333333333
4468,0.4482931959238875,49.644444444444446
4469,0.4482931959238875,49.65555555555556
4470,0.4482931959238875,49.66666666666667
4471,0.4482931959238875,49.67777777777778
4472,0.4482931959238875,49.68888888888889
4473,0.4482931959238875,49.7
4474,0.4482931959238875,49.711111111111116
4475,0.4482931959238875,49.72222222222222
4476,0.4482931959238875,49.733333333333334
4477,0.4482931959238875,49.74444444444445
4478,0.4482931959238875,49.75555555555556
4479,0.4482931959238875,49.766666666666666
4480,0.4482931959238875,49.77777777777778
4481,0.4482931959238875,49.78888888888889
4482,0.4482931959238875,49.800000000000004
4483,0.4482931959238875,49.81111111111111
4484,0.4482931959238875,49.82222222222222
4485,0.4482931959238875,49.833333333333336
4486,0.4482931959238875,49.84444444444445
4487,0.4482931959238875,49.855555555555554
4488,0.4482931959238875,49.86666666666667
4489,0.4482931959238875,49.87777777777778
4490,0.4482931959238875,49.88888888888889
4491,0.4482931959238875,49.9
4492,0.4482931959238875,49.91111111111111
4493,0.4482931959238875,49.922222222222224
4494,0.4482931959238875,49.93333333333334
4495,0.4482931959238875,49.94444444444444
4496,0.4482931959238875,49.955555555555556
4497,0.4482931959238875,49.96666666666667
4498,0.4482931959238875,49.97777777777778
4499,0.4482931959238875,49.988888888888894
4500,0.4482931959238875,50.0
4501,0.4482931959238875,50.01111111111111
4502,0.4482931959238875,50.022222222222226
4503,0.4482931959238875,50.03333333333334
4504,0.4482931959238875,50.044444444444444
4505,0.4482931959238875,50.05555555555556
4506,0.4482931959238875,50.06666666666667
4507,0.4482931959238875,50.07777777777778
4508,0.4482931959238875,50.08888888888889
4509,0.4482931959238875,50.1
4510,0.4482931959238875,50.111111111111114
4511,0.4482931959238875,50.12222222222223
4512,0.4482931959238875,50.13333333333333
4513,0.4482931959238875,50.144444444444446
4514,0.4482931959238875,50.15555555555556
4515,0.4482931959238875,50.16666666666667
4516,0.4482931959238875,50.17777777777778
4517,0.4482931959238875,50.18888888888889
4518,0.4482931959238875,50.2
4519,0.4482931959238875,50.211111111111116
4520,0.4482931959238875,50.22222222222222
4521,0.4482931959238875,50.233333333333334
4522,0.4482931959238875,50.24444444444445
4523,0.4482931959238875,50.25555555555556
4524,0.4482931959238875,50.266666666666666
4525,0.4482931959238875,50.27777777777778
4526,0.4482931959238875,50.28888888888889
4527,0.4482931959238875,50.300000000000004
4528,0.4482931959238875,50.31111111111111
4529,0.4482931959238875,50.32222222222222
4530,0.4482931959238875,50.333333333333336
4531,0.4482931959238875,50.34444444444445
4532,0.4482931959238875,50.355555555555554
4533,0.4482931959238875,50.36666666666667
4534,0.4482931959238875,50.37777777777778
4535,0.4482931959238875,50.38888888888889
4536,0.4482931959238875,50.4
4537,0.4482931959238875,50.41111111111111
4538,0.4482931959238875,50.422222222222224
4539,0.4482931959238875,50.43333333333334
4540,0.4482931959238875,50.44444444444444
4541,0.4482931959238875,50.455555555555556
4542,0.4482931959238875,50.46666666666667
4543,0.4482931959238875,50.47777777777778
4544,0.4482931959238875,50.488888888888894
4545,0.4482931959238875,50.5
4546,0.4482931959238875,50.51111111111111
4547,0.4482931959238875,50.522222222222226
4548,0.4482931959238875,50.53333333333334
4549,0.4482931959238875,50.544444444444444
4550,0.4482931959238875,50.55555555555556
4551,0.4482931959238875,50.56666666666667
4552,0.4482931959238875,50.57777777777778
4553,0.4482931959238875,50.58888888888889
4554,0.4482931959238875,50.6
4555,0.4482931959238875,50.611111111111114
4556,0.4482931959238875,50.62222222222223
4557,0.4482931959238875,50.63333333333333
4558,0.4482931959238875,50.644444444444446
4559,0.4482931959238875,50.65555555555556
4560,0.4482931959238875,50.66666666666667
4561,0.4482931959238875,50.67777777777778
4562,0.4482931959238875,50.68888888888889
4563,0.4482931959238875,50.7
4564,0.4482931959238875,50.711111111111116
4565,0.4482931959238875,50.72222222222222
4566,0.4482931959238875,50.733333333333334
4567,0.4482931959238875,50.74444444444445
4568,0.4482931959238875,50.75555555555556
4569,0.4482931959238875,50.766666666666666
4570,0.4482931959238875,50.77777777777778
4571,0.4482931959238875,50.78888888888889
4572,0.4482931959238875,50.800000000000004
4573,0.4482931959238875,50.81111111111111
4574,0.4482931959238875,50.82222222222222
4575,0.4482931959238875,50.833333333333336
4576,0.4482931959238875,50.84444444444445
4577,0.4482931959238875,50.855555555555554
4578,0.4482931959238875,50.86666666666667
4579,0.4482931959238875,50.87777777777778
4580,0.4482931959238875,50.88888888888889
4581,0.4482931959238875,50.9
4582,0.4482931959238875,50.91111111111111
4583,0.4482931959238875,50.922222222222224
4584,0.4482931959238875,50.93333333333334
4585,0.4482931959238875,50.94444444444444
4586,0.4482931959238875,50.955555555555556
4587,0.4482931959238875,50.96666666666667
4588,0.4482931959238875,50.97777777777778
4589,0.4482931959238875,50.988888888888894
4590,0.4482931959238875,51.0
4591,0.4482931959238875,51.01111111111111
4592,0.4482931959238875,51.022222222222226
4593,0.4482931959238875,51.03333333333334
4594,0.4482931959238875,51.044444444444444
4595,0.4482931959238875,51.05555555555556
4596,0.4482931959238875,51.06666666666667
4597,0.4482931959238875,51.07777777777778
4598,0.4482931959238875,51.08888888888889
4599,0.4482931959238875,51.1
4600,0.4482931959238875,51.111111111111114
4601,0.4482931959238875,51.12222222222223
4602,0.4482931959238875,51.13333333333333
4603,0.4482931959238875,51.144444444444446
4604,0.4482931959238875,51.15555555555556
4605,0.4482931959238875,51.16666666666667
4606,0.4482931959238875,51.17777777777778
4607,0.4482931959238875,51.18888888888889
4608,0.4482931959238875,51.2
4609,0.4482931959238875,51.211111111111116
4610,0.4482931959238875,51.22222222222222
4611,0.4482931959238875,51.233333333333334
4612,0.4482931959238875,51.24444444444445
4613,0.4482931959238875,51.25555555555556
4614,0.4482931959238875,51.266666666666666
4615,0.4482931959238875,51.27777777777778
4616,0.4482931959238875,51.28888888888889
4617,0.4482931959238875,51.300000000000004
4618,0.4482931959238875,51.31111111111111
4619,0.4482931959238875,51.32222222222222
4620,0.4482931959238875,51.333333333333336
4621,0.4482931959238875,51.34444444444445
4622,0.4482931959238875,51.355555555555554
4623,0.4482931959238875,51.36666666666667
4624,0.4482931959238875,51.37777777777778
4625,0.4482931959238875,51.38888888888889
4626,0.4482931959238875,51.4
4627,0.4482931959238875,51.41111111111111
4628,0.4482931959238875,51.422222222222224
4629,0.4482931959238875,51.43333333333334
4630,0.4482931959238875,51.44444444444444
4631,0.4482931959238875,51.455555555555556
4632,0.4482931959238875,51.46666666666667
4633,0.4482931959238875,51.47777777777778
4634,0.4482931959238875,51.488888888888894
4635,0.4482931959238875,51.5
4636,0.4482931959238875,51.51111111111111
4637,0.4482931959238875,51.522222222222226
4638,0.4482931959238875,51.53333333333334
4639,0.4482931959238875,51.544444444444444
4640,0.4482931959238875,51.55555555555556
4641,0.4482931959238875,51.56666666666667
4642,0.4482931959238875,51.57777777777778
4643,0.4482931959238875,51.58888888888889
4644,0.4482931959238875,51.6
4645,0.4482931959238875,51.611111111111114
4646,0.4482931959238875,51.62222222222223
4647,0.4482931959238875,51.63333333333333
4648,0.4482931959238875,51.644444444444446
4649,0.4482931959238875,51.65555555555556
4650,0.4482931959238875,51.66666666666667
4651,0.4482931959238875,51.67777777777778
4652,0.4482931959238875,51.68888888888889
4653,0.4482931959238875,51.7
4654,0.4482931959238875,51.711111111111116
4655,0.4482931959238875,51.72222222222222
4656,0.4482931959238875,51.733333333333334
4657,0.4482931959238875,51.74444444444445
4658,0.4482931959238875,51.75555555555556
4659,0.4482931959238875,51.766666666666666
4660,0.4482931959238875,51.77777777777778
4661,0.4482931959238875,51.78888888888889
4662,0.4482931959238875,51.800000000000004
4663,0.4482931959238875,51.81111111111111
4664,0.4482931959238875,51.82222222222222
4665,0.4482931959238875,51.833333333333336
4666,0.4482931959238875,51.84444444444445
4667,0.4482931959238875,51.855555555555554
4668,0.4482931959238875,51.86666666666667
4669,0.4482931959238875,51.87777777777778
4670,0.4482931959238875,51.88888888888889
4671,0.4482931959238875,51.9
4672,0.4482931959238875,51.91111111111111
4673,0.4482931959238875,51.922222222222224
4674,0.4482931959238875,51.93333333333334
4675,0.4482931959238875,51.94444444444445
4676,0.4482931959238875,51.955555555555556
4677,0.4482931959238875,51.96666666666667
4678,0.4482931959238875,51.97777777777778
4679,0.4482931959238875,51.988888888888894
4680,0.4482931959238875,52.0
4681,0.4482931959238875,52.01111111111111
4682,0.4482931959238875,52.022222222222226
4683,0.4482931959238875,52.03333333333334
4684,0.4482931959238875,52.044444444444444
4685,0.4482931959238875,52.05555555555556
4686,0.4482931959238875,52.06666666666667
4687,0.4482931959238875,52.07777777777778
4688,0.4482931959238875,52.08888888888889
4689,0.4482931959238875,52.1
4690,0.4482931959238875,52.111111111111114
4691,0.4482931959238875,52.12222222222223
4692,0.4482931959238875,52.13333333333333
4693,0.4482931959238875,52.144444444444446
4694,0.4482931959238875,52.15555555555556
4695,0.4482931959238875,52.16666666666667
4696,0.4482931959238875,52.17777777777778
4697,0.4482931959238875,52.18888888888889
4698,0.4482931959238875,52.2
4699,0.4482931959238875,52.211111111111116
4700,0.4482931959238875,52.22222222222222
4701,0.4482931959238875,52.233333333333334
4702,0.4482931959238875,52.24444444444445
4703,0.4482931959238875,52.25555555555556
4704,0.4482931959238875,52.266666666666666
4705,0.4482931959238875,52.27777777777778
4706,0.4482931959238875,52.28888888888889
4707,0.4482931959238875,52.300000000000004
4708,0.4482931959238875,52.31111111111111
4709,0.4482931959238875,52.32222222222222
4710,0.4482931959238875,52.333333333333336
4711,0.4482931959238875,52.34444444444445
4712,0.4482931959238875,52.355555555555554
4713,0.4482931959238875,52.36666666666667
4714,0.4482931959238875,52.37777777777778
4715,0.4482931959238875,52.38888888888889
4716,0.4482931959238875,52.4
4717,0.4482931959238875,52.41111111111111
4718,0.4482931959238875,52.422222222222224
4719,0.4482931959238875,52.43333333333334
4720,0.4482931959238875,52.44444444444445
4721,0.4482931959238875,52.455555555555556
4722,0.4482931959238875,52.46666666666667
4723,0.4482931959238875,52.47777777777778
4724,0.4482931959238875,52.488888888888894
4725,0.4482931959238875,52.5
4726,0.4482931959238875,52.51111111111111
4727,0.4482931959238875,52.522222222222226
4728,0.4482931959238875,52.53333333333334
4729,0.4482931959238875,52.544444444444444
4730,0.4482931959238875,52.55555555555556
4731,0.4482931959238875,52.56666666666667
4732,0.4482931959238875,52.57777777777778
4733,0.4482931959238875,52.58888888888889
4734,0.4482931959238875,52.6
4735,0.4482931959238875,52.611111111111114
4736,0.4482931959238875,52.62222222222223
4737,0.4482931959238875,52.63333333333333
4738,0.4482931959238875,52.644444444444446
4739,0.4482931959238875,52.65555555555556
4740,0.4482931959238875,52.66666666666667
4741,0.4482931959238875,52.67777777777778
4742,0.4482931959238875,52.68888888888889
4743,0.4482931959238875,52.7
4744,0.4482931959238875,52.711111111111116
4745,0.4482931959238875,52.72222222222222
4746,0.4482931959238875,52.733333333333334
4747,0.4482931959238875,52.74444444444445
4748,0.4482931959238875,52.75555555555556
4749,0.4482931959238875,52.766666666666666
4750,0.4482931959238875,52.77777777777778
4751,0.4482931959238875,52.78888888888889
4752,0.4482931959238875,52.800000000000004
4753,0.4482931959238875,52.81111111111111
4754,0.4482931959238875,52.82222222222222
4755,0.4482931959238875,52.833333333333336
4756,0.4482931959238875,52.84444444444445
4757,0.4482931959238875,52.855555555555554
4758,0.4482931959238875,52.86666666666667
4759,0.4482931959238875,52.87777777777778
4760,0.4482931959238875,52.88888888888889
4761,0.4482931959238875,52.9
4762,0.4482931959238875,52.91111111111111
4763,0.4482931959238875,52.922222222222224
4764,0.4482931959238875,52.93333333333334
4765,0.4482931959238875,52.94444444444445
4766,0.4482931959238875,52.955555555555556
4767,0.4482931959238875,52.96666666666667
4768,0.4495368610048817,52.97777777777778
4769,0.45015869354537846,52.988888888888894
4770,0.45015869354537846,53.0
4771,0.45015869354537846,53.01111111111111
4772,0.45015869354537846,53.022222222222226
4773,0.45015869354537846,53.03333333333334
4774,0.45015869354537846,53.044444444444444
4775,0.45015869354537846,53.05555555555556
4776,0.45015869354537846,53.06666666666667
4777,0.45015869354537846,53.07777777777778
4778,0.45015869354537846,53.08888888888889
4779,0.45015869354537846,53.1
4780,0.45015869354537846,53.111111111111114
4781,0.45015869354537846,53.12222222222223
4782,0.45015869354537846,53.13333333333333
4783,0.45015869354537846,53.144444444444446
4784,0.45015869354537846,53.15555555555556
4785,0.45015869354537846,53.16666666666667
4786,0.45015869354537846,53.17777777777778
4787,0.45015869354537846,53.18888888888889
4788,0.45015869354537846,53.2
4789,0.45015869354537846,53.211111111111116
4790,0.45015869354537846,53.22222222222222
4791,0.45015869354537846,53.233333333333334
4792,0.45015869354537846,53.24444444444445
4793,0.45015869354537846,53.25555555555556
4794,0.45015869354537846,53.266666666666666
4795,0.45015869354537846,53.27777777777778
4796,0.45015869354537846,53.28888888888889
4797,0.45015869354537846,53.300000000000004
4798,0.45015869354537846,53.31111111111111
4799,0.45015869354537846,53.32222222222222
4800,0.45015869354537846,53.333333333333336
4801,0.45015869354537846,53.34444444444445
4802,0.45015869354537846,53.355555555555554
4803,0.45015869354537846,53.36666666666667
4804,0.45015869354537846,53.37777777777778
4805,0.45015869354537846,53.38888888888889
4806,0.45015869354537846,53.4
4807,0.45015869354537846,53.41111111111111
4808,0.45015869354537846,53.422222222222224
4809,0.45015869354537846,53.43333333333334
4810,0.45015869354537846,53.44444444444445
4811,0.45015869354537846,53.455555555555556
4812,0.45015869354537846,53.46666666666667
4813,0.45015869354537846,53.47777777777778
4814,0.45015869354537846,53.488888888888894
4815,0.45015869354537846,53.5
4816,0.45015869354537846,53.51111111111111
4817,0.45015869354537846,53.522222222222226
4818,0.45015869354537846,53.53333333333334
4819,0.45015869354537846,53.544444444444444
4820,0.45015869354537846,53.55555555555556
4821,0.45015869354537846,53.56666666666667
4822,0.45015869354537846,53.57777777777778
4823,0.45015869354537846,53.58888888888889
4824,0.45015869354537846,53.6
4825,0.45015869354537846,53.611111111111114
4826,0.45015869354537846,53.62222222222223
4827,0.45015869354537846,53.63333333333333
4828,0.45015869354537846,53.644444444444446
4829,0.45015869354537846,53.65555555555556
4830,0.45015869354537846,53.66666666666667
4831,0.45015869354537846,53.67777777777778
4832,0.45015869354537846,53.68888888888889
4833,0.45015869354537846,53.7
4834,0.45015869354537846,53.711111111111116
4835,0.45015869354537846,53.72222222222222
4836,0.45015869354537846,53.733333333333334
4837,0.45015869354537846,53.74444444444445
4838,0.45015869354537846,53.75555555555556
4839,0.45015869354537846,53.766666666666666
4840,0.45015869354537846,53.77777777777778
4841,0.45015869354537846,53.78888888888889
4842,0.45015869354537846,53.800000000000004
4843,0.45015869354537846,53.81111111111111
4844,0.45015869354537846,53.82222222222222
4845,0.45015869354537846,53.833333333333336
4846,0.45015869354537846,53.84444444444445
4847,0.45015869354537846,53.855555555555554
4848,0.45015869354537846,53.86666666666667
4849,0.45015869354537846,53.87777777777778
4850,0.45015869354537846,53.88888888888889
4851,0.45015869354537846,53.9
4852,0.45015869354537846,53.91111111111111
4853,0.45015869354537846,53.922222222222224
4854,0.45015869354537846,53.93333333333334
4855,0.45015869354537846,53.94444444444445
4856,0.45015869354537846,53.955555555555556
4857,0.45015869354537846,53.96666666666667
4858,0.45015869354537846,53.97777777777778
4859,0.45015869354537846,53.988888888888894
4860,0.45015869354537846,54.0
4861,0.45015869354537846,54.01111111111111
4862,0.45015869354537846,54.022222222222226
4863,0.45015869354537846,54.03333333333334
4864,0.45015869354537846,54.044444444444444
4865,0.45015869354537846,54.05555555555556
4866,0.45015869354537846,54.06666666666667
4867,0.45015869354537846,54.07777777777778
4868,0.45015869354537846,54.08888888888889
4869,0.45015869354537846,54.1
4870,0.45015869354537846,54.111111111111114
4871,0.45015869354537846,54.12222222222223
4872,0.45015869354537846,54.13333333333333
4873,0.45015869354537846,54.144444444444446
4874,0.45015869354537846,54.15555555555556
4875,0.45015869354537846,54.16666666666667
4876,0.45015869354537846,54.17777777777778
4877,0.45015869354537846,54.18888888888889
4878,0.45015869354537846,54.2
4879,0.45015869354537846,54.211111111111116
4880,0.45015869354537846,54.22222222222222
4881,0.45015869354537846,54.233333333333334
4882,0.45015869354537846,54.24444444444445
4883,0.45015869354537846,54.25555555555556
4884,0.45015869354537846,54.266666666666666
4885,0.45015869354537846,54.27777777777778
4886,0.45015869354537846,54.28888888888889
4887,0.45015869354537846,54.300000000000004
4888,0.45015869354537846,54.31111111111111
4889,0.45015869354537846,54.32222222222222
4890,0.45015869354537846,54.333333333333336
4891,0.45015869354537846,54.34444444444445
4892,0.45015869354537846,54.355555555555554
4893,0.45015869354537846,54.36666666666667
4894,0.45015869354537846,54.37777777777778
4895,0.45015869354537846,54.38888888888889
4896,0.45015869354537846,54.4
4897,0.45015869354537846,54.41111111111111
4898,0.45015869354537846,54.422222222222224
4899,0.45015869354537846,54.43333333333334
4900,0.45015869354537846,54.44444444444445
4901,0.45015869354537846,54.455555555555556
4902,0.45015869354537846,54.46666666666667
4903,0.45015869354537846,54.47777777777778
4904,0.45015869354537846,54.488888888888894
4905,0.45015869354537846,54.5
4906,0.45015869354537846,54.51111111111111
4907,0.45015869354537846,54.522222222222226
4908,0.45015869354537846,54.53333333333334
4909,0.45015869354537846,54.544444444444444
4910,0.45015869354537846,54.55555555555556
4911,0.45015869354537846,54.56666666666667
4912,0.45015869354537846,54.57777777777778
4913,0.45015869354537846,54.58888888888889
4914,0.45015869354537846,54.6
4915,0.45015869354537846,54.611111111111114
4916,0.45015869354537846,54.62222222222223
4917,0.45015869354537846,54.63333333333333
4918,0.45015869354537846,54.644444444444446
4919,0.45015869354537846,54.65555555555556
4920,0.45015869354537846,54.66666666666667
4921,0.45015869354537846,54.67777777777778
4922,0.45015869354537846,54.68888888888889
4923,0.45015869354537846,54.7
4924,0.45015869354537846,54.711111111111116
4925,0.45015869354537846,54.72222222222222
4926,0.45015869354537846,54.733333333333334
4927,0.45015869354537846,54.74444444444445
4928,0.45015869354537846,54.75555555555556
4929,0.45015869354537846,54.766666666666666
4930,0.45015869354537846,54.77777777777778
4931,0.45015869354537846,54.78888888888889
4932,0.45015869354537846,54.800000000000004
4933,0.45015869354537846,54.81111111111111
4934,0.45015869354537846,54.82222222222222
4935,0.45015869354537846,54.833333333333336
4936,0.45015869354537846,54.84444444444445
4937,0.45015869354537846,54.855555555555554
4938,0.45015869354537846,54.86666666666667
4939,0.45015869354537846,54.87777777777778
4940,0.45015869354537846,54.88888888888889
4941,0.45015869354537846,54.9
4942,0.45015869354537846,54.91111111111111
4943,0.45015869354537846,54.922222222222224
4944,0.45015869354537846,54.93333333333334
4945,0.45015869354537846,54.94444444444445
4946,0.45015869354537846,54.955555555555556
4947,0.45015869354537846,54.96666666666667
4948,0.45015869354537846,54.97777777777778
4949,0.45015869354537846,54.988888888888894
4950,0.45015869354537846,55.0
4951,0.45015869354537846,55.01111111111111
4952,0.45015869354537846,55.022222222222226
4953,0.45015869354537846,55.03333333333334
4954,0.45015869354537846,55.044444444444444
4955,0.45015869354537846,55.05555555555556
4956,0.45015869354537846,55.06666666666667
4957,0.45015869354537846,55.07777777777778
4958,0.45015869354537846,55.08888888888889
4959,0.45015869354537846,55.1
4960,0.45015869354537846,55.111111111111114
4961,0.45015869354537846,55.12222222222223
4962,0.45015869354537846,55.13333333333333
4963,0.45015869354537846,55.144444444444446
4964,0.45015869354537846,55.15555555555556
4965,0.45015869354537846,55.16666666666667
4966,0.45015869354537846,55.17777777777778
4967,0.45015869354537846,55.18888888888889
4968,0.45015869354537846,55.2
4969,0.45015869354537846,55.211111111111116
4970,0.45015869354537846,55.22222222222222
4971,0.45015869354537846,55.233333333333334
4972,0.45015869354537846,55.24444444444445
4973,0.45015869354537846,55.25555555555556
4974,0.45015869354537846,55.266666666666666
4975,0.45015869354537846,55.27777777777778
4976,0.45015869354537846,55.28888888888889
4977,0.45015869354537846,55.300000000000004
4978,0.45015869354537846,55.31111111111111
4979,0.45015869354537846,55.32222222222222
4980,0.45015869354537846,55.333333333333336
4981,0.45015869354537846,55.34444444444445
4982,0.45015869354537846,55.355555555555554
4983,0.45015869354537846,55.36666666666667
4984,0.45015869354537846,55.37777777777778
4985,0.45015869354537846,55.38888888888889
4986,0.45015869354537846,55.4
4987,0.45015869354537846,55.41111111111111
4988,0.45015869354537846,55.422222222222224
4989,0.45015869354537846,55.43333333333334
4990,0.45015869354537846,55.44444444444445
4991,0.45015869354537846,55.455555555555556
4992,0.45015869354537846,55.46666666666667
4993,0.45015869354537846,55.47777777777778
4994,0.45015869354537846,55.488888888888894
4995,0.45015869354537846,55.5
4996,0.45015869354537846,55.51111111111111
4997,0.45015869354537846,55.522222222222226
4998,0.45015869354537846,55.53333333333334
4999,0.45015869354537846,55.544444444444444
5000,0.45015869354537846,55.55555555555556
5001,0.45015869354537846,55.56666666666667
5002,0.45015869354537846,55.57777777777778
5003,0.45015869354537846,55.58888888888889
5004,0.45015869354537846,55.6
5005,0.45015869354537846,55.611111111111114
5006,0.45015869354537846,55.62222222222223
5007,0.45015869354537846,55.63333333333333
5008,0.45015869354537846,55.644444444444446
5009,0.45015869354537846,55.65555555555556
5010,0.45015869354537846,55.66666666666667
5011,0.45015869354537846,55.67777777777778
5012,0.45015869354537846,55.68888888888889
5013,0.45015869354537846,55.7
5014,0.45015869354537846,55.711111111111116
5015,0.45015869354537846,55.72222222222222
5016,0.45015869354537846,55.733333333333334
5017,0.45015869354537846,55.74444444444445
5018,0.45015869354537846,55.75555555555556
5019,0.45015869354537846,55.766666666666666
5020,0.45015869354537846,55.77777777777778
5021,0.45015869354537846,55.78888888888889
5022,0.45015869354537846,55.800000000000004
5023,0.45015869354537846,55.81111111111111
5024,0.45015869354537846,55.82222222222222
5025,0.45015869354537846,55.833333333333336
5026,0.45015869354537846,55.84444444444445
5027,0.45015869354537846,55.855555555555554
5028,0.45015869354537846,55.86666666666667
5029,0.45015869354537846,55.87777777777778
5030,0.45015869354537846,55.88888888888889
5031,0.45015869354537846,55.900000000000006
5032,0.45015869354537846,55.91111111111111
5033,0.45015869354537846,55.922222222222224
5034,0.45015869354537846,55.93333333333334
5035,0.45015869354537846,55.94444444444445
5036,0.45015869354537846,55.955555555555556
5037,0.45015869354537846,55.96666666666667
5038,0.45015869354537846,55.97777777777778
5039,0.45015869354537846,55.988888888888894
5040,0.45015869354537846,56.0
5041,0.45015869354537846,56.01111111111111
5042,0.45015869354537846,56.022222222222226
5043,0.45015869354537846,56.03333333333334
5044,0.45015869354537846,56.044444444444444
5045,0.45015869354537846,56.05555555555556
5046,0.45015869354537846,56.06666666666667
5047,0.45015869354537846,56.07777777777778
5048,0.45015869354537846,56.08888888888889
5049,0.45015869354537846,56.1
5050,0.45015869354537846,56.111111111111114
5051,0.45015869354537846,56.12222222222223
5052,0.45015869354537846,56.13333333333333
5053,0.45015869354537846,56.144444444444446
5054,0.45015869354537846,56.15555555555556
5055,0.45015869354537846,56.16666666666667
5056,0.45015869354537846,56.17777777777778
5057,0.45015869354537846,56.18888888888889
5058,0.45015869354537846,56.2
5059,0.45015869354537846,56.211111111111116
5060,0.45015869354537846,56.22222222222222
5061,0.45015869354537846,56.233333333333334
5062,0.45015869354537846,56.24444444444445
5063,0.45015869354537846,56.25555555555556
5064,0.45015869354537846,56.266666666666666
5065,0.45015869354537846,56.27777777777778
5066,0.45015869354537846,56.28888888888889
5067,0.45015869354537846,56.300000000000004
5068,0.45015869354537846,56.31111111111111
5069,0.45015869354537846,56.32222222222222
5070,0.45015869354537846,56.333333333333336
5071,0.45015869354537846,56.34444444444445
5072,0.45015869354537846,56.355555555555554
5073,0.45015869354537846,56.36666666666667
5074,0.45015869354537846,56.37777777777778
5075,0.45015869354537846,56.38888888888889
5076,0.45015869354537846,56.400000000000006
5077,0.45015869354537846,56.41111111111111
5078,0.45015869354537846,56.422222222222224
5079,0.45015869354537846,56.43333333333334
5080,0.45015869354537846,56.44444444444445
5081,0.45015869354537846,56.455555555555556
5082,0.45015869354537846,56.46666666666667
5083,0.45015869354537846,56.47777777777778
5084,0.45015869354537846,56.488888888888894
5085,0.45015869354537846,56.5
5086,0.45015869354537846,56.51111111111111
5087,0.45015869354537846,56.522222222222226
5088,0.45015869354537846,56.53333333333334
5089,0.45015869354537846,56.544444444444444
5090,0.45015869354537846,56.55555555555556
5091,0.45015869354537846,56.56666666666667
5092,0.45015869354537846,56.57777777777778
5093,0.45015869354537846,56.58888888888889
5094,0.45015869354537846,56.6
5095,0.45015869354537846,56.611111111111114
5096,0.45015869354537846,56.62222222222223
5097,0.45015869354537846,56.63333333333333
5098,0.45015869354537846,56.644444444444446
5099,0.45015869354537846,56.65555555555556
5100,0.45015869354537846,56.66666666666667
5101,0.45015869354537846,56.67777777777778
5102,0.45015869354537846,56.68888888888889
5103,0.45015869354537846,56.7
5104,0.45015869354537846,56.711111111111116
5105,0.45015869354537846,56.72222222222222
5106,0.45015869354537846,56.733333333333334
5107,0.45015869354537846,56.74444444444445
5108,0.45015869354537846,56.75555555555556
5109,0.45015869354537846,56.766666666666666
5110,0.45015869354537846,56.77777777777778
5111,0.45015869354537846,56.78888888888889
5112,0.45015869354537846,56.800000000000004
5113,0.45015869354537846,56.81111111111111
5114,0.45015869354537846,56.82222222222222
5115,0.45015869354537846,56.833333333333336
5116,0.45015869354537846,56.84444444444445
5117,0.45015869354537846,56.855555555555554
5118,0.45015869354537846,56.86666666666667
5119,0.45015869354537846,56.87777777777778
5120,0.45015869354537846,56.88888888888889
5121,0.45015869354537846,56.900000000000006
5122,0.45015869354537846,56.91111111111111
5123,0.45015869354537846,56.922222222222224
5124,0.45015869354537846,56.93333333333334
5125,0.45015869354537846,56.94444444444445
5126,0.45015869354537846,56.955555555555556
5127,0.45015869354537846,56.96666666666667
5128,0.45015869354537846,56.97777777777778
5129,0.45015869354537846,56.988888888888894
5130,0.45015869354537846,57.0
5131,0.45015869354537846,57.01111111111111
5132,0.45015869354537846,57.022222222222226
5133,0.45015869354537846,57.03333333333334
5134,0.45015869354537846,57.044444444444444
5135,0.45015869354537846,57.05555555555556
5136,0.45015869354537846,57.06666666666667
5137,0.45015869354537846,57.07777777777778
5138,0.45015869354537846,57.08888888888889
5139,0.45015869354537846,57.1
5140,0.45015869354537846,57.111111111111114
5141,0.45015869354537846,57.12222222222223
5142,0.45015869354537846,57.13333333333333
5143,0.45015869354537846,57.144444444444446
5144,0.45015869354537846,57.15555555555556
5145,0.45015869354537846,57.16666666666667
5146,0.45015869354537846,57.17777777777778
5147,0.45015869354537846,57.18888888888889
5148,0.45015869354537846,57.2
5149,0.45015869354537846,57.211111111111116
5150,0.45015869354537846,57.22222222222222
5151,0.45015869354537846,57.233333333333334
5152,0.45015869354537846,57.24444444444445
5153,0.45015869354537846,57.25555555555556
5154,0.45015869354537846,57.266666666666666
5155,0.45015869354537846,57.27777777777778
5156,0.45015869354537846,57.28888888888889
5157,0.45015869354537846,57.300000000000004
5158,0.45015869354537846,57.31111111111111
5159,0.45015869354537846,57.32222222222222
5160,0.45015869354537846,57.333333333333336
5161,0.45015869354537846,57.34444444444445
5162,0.45015869354537846,57.355555555555554
5163,0.45015869354537846,57.36666666666667
5164,0.45015869354537846,57.37777777777778
5165,0.45015869354537846,57.38888888888889
5166,0.45015869354537846,57.400000000000006
5167,0.45015869354537846,57.41111111111111
5168,0.45015869354537846,57.422222222222224
5169,0.45015869354537846,57.43333333333334
5170,0.45015869354537846,57.44444444444445
5171,0.45015869354537846,57.455555555555556
5172,0.45015869354537846,57.46666666666667
5173,0.45015869354537846,57.47777777777778
5174,0.45015869354537846,57.488888888888894
5175,0.45015869354537846,57.5
5176,0.45015869354537846,57.51111111111111
5177,0.45015869354537846,57.522222222222226
5178,0.45015869354537846,57.53333333333334
5179,0.45015869354537846,57.544444444444444
5180,0.45015869354537846,57.55555555555556
5181,0.45015869354537846,57.56666666666667
5182,0.45015869354537846,57.57777777777778
5183,0.45015869354537846,57.58888888888889
5184,0.45015869354537846,57.6
5185,0.45015869354537846,57.611111111111114
5186,0.45015869354537846,57.62222222222223
5187,0.45015869354537846,57.63333333333333
5188,0.45015869354537846,57.644444444444446
5189,0.45015869354537846,57.65555555555556
5190,0.45015869354537846,57.66666666666667
5191,0.45015869354537846,57.67777777777778
5192,0.45015869354537846,57.68888888888889
5193,0.45015869354537846,57.7
5194,0.45015869354537846,57.711111111111116
5195,0.45015869354537846,57.72222222222222
5196,0.45015869354537846,57.733333333333334
5197,0.45015869354537846,57.74444444444445
5198,0.45015869354537846,57.75555555555556
5199,0.45015869354537846,57.766666666666666
5200,0.45015869354537846,57.77777777777778
5201,0.45015869354537846,57.78888888888889
5202,0.45015869354537846,57.800000000000004
5203,0.45015869354537846,57.81111111111111
5204,0.45015869354537846,57.82222222222222
5205,0.45015869354537846,57.833333333333336
5206,0.45015869354537846,57.84444444444445
5207,0.45015869354537846,57.855555555555554
5208,0.45015869354537846,57.86666666666667
5209,0.45015869354537846,57.87777777777778
5210,0.45015869354537846,57.88888888888889
5211,0.45015869354537846,57.900000000000006
5212,0.45015869354537846,57.91111111111111
5213,0.45015869354537846,57.922222222222224
5214,0.45015869354537846,57.93333333333334
5215,0.45015869354537846,57.94444444444445
5216,0.45015869354537846,57.955555555555556
5217,0.45015869354537846,57.96666666666667
5218,0.45015869354537846,57.97777777777778
5219,0.45015869354537846,57.988888888888894
5220,0.45015869354537846,58.0
5221,0.45015869354537846,58.01111111111111
5222,0.45015869354537846,58.022222222222226
5223,0.45015869354537846,58.03333333333334
5224,0.45015869354537846,58.044444444444444
5225,0.45015869354537846,58.05555555555556
5226,0.45015869354537846,58.06666666666667
5227,0.45015869354537846,58.07777777777778
5228,0.45015869354537846,58.08888888888889
5229,0.45015869354537846,58.1
5230,0.45015869354537846,58.111111111111114
5231,0.45015869354537846,58.12222222222223
5232,0.45015869354537846,58.13333333333333
5233,0.45015869354537846,58.144444444444446
5234,0.45015869354537846,58.15555555555556
5235,0.45015869354537846,58.16666666666667
5236,0.45015869354537846,58.17777777777778
5237,0.45015869354537846,58.18888888888889
5238,0.45015869354537846,58.2
5239,0.45015869354537846,58.211111111111116
5240,0.45015869354537846,58.22222222222222
5241,0.45015869354537846,58.233333333333334
5242,0.45015869354537846,58.24444444444445
5243,0.45015869354537846,58.25555555555556
5244,0.45015869354537846,58.266666666666666
5245,0.45015869354537846,58.27777777777778
5246,0.45015869354537846,58.28888888888889
5247,0.45015869354537846,58.300000000000004
5248,0.45015869354537846,58.31111111111111
5249,0.45015869354537846,58.32222222222222
5250,0.45015869354537846,58.333333333333336
5251,0.45015869354537846,58.34444444444445
5252,0.45015869354537846,58.355555555555554
5253,0.45015869354537846,58.36666666666667
5254,0.45015869354537846,58.37777777777778
5255,0.45015869354537846,58.38888888888889
5256,0.45015869354537846,58.400000000000006
5257,0.45015869354537846,58.41111111111111
5258,0.45015869354537846,58.422222222222224
5259,0.45015869354537846,58.43333333333334
5260,0.45015869354537846,58.44444444444445
5261,0.45015869354537846,58.455555555555556
5262,0.45015869354537846,58.46666666666667
5263,0.45015869354537846,58.47777777777778
5264,0.45015869354537846,58.488888888888894
5265,0.45015869354537846,58.5
5266,0.45015869354537846,58.51111111111111
5267,0.45015869354537846,58.522222222222226
5268,0.45015869354537846,58.53333333333334
5269,0.45015869354537846,58.544444444444444
5270,0.45015869354537846,58.55555555555556
5271,0.45015869354537846,58.56666666666667
5272,0.45015869354537846,58.57777777777778
5273,0.45015869354537846,58.58888888888889
5274,0.45015869354537846,58.6
5275,0.45015869354537846,58.611111111111114
5276,0.45015869354537846,58.62222222222223
5277,0.45015869354537846,58.63333333333333
5278,0.45015869354537846,58.644444444444446
5279,0.45015869354537846,58.65555555555556
5280,0.45015869354537846,58.66666666666667
5281,0.45015869354537846,58.67777777777778
5282,0.45015869354537846,58.68888888888889
5283,0.45015869354537846,58.7
5284,0.45015869354537846,58.711111111111116
5285,0.45015869354537846,58.72222222222222
5286,0.45015869354537846,58.733333333333334
5287,0.45015869354537846,58.74444444444445
5288,0.45015869354537846,58.75555555555556
5289,0.45015869354537846,58.766666666666666
5290,0.45015869354537846,58.77777777777778
5291,0.45015869354537846,58.78888888888889
5292,0.45015869354537846,58.800000000000004
5293,0.45015869354537846,58.81111111111111
5294,0.45015869354537846,58.82222222222222
5295,0.45015869354537846,58.833333333333336
5296,0.45015869354537846,58.84444444444445
5297,0.45015869354537846,58.855555555555554
5298,0.45015869354537846,58.86666666666667
5299,0.45015869354537846,58.87777777777778
5300,0.45015869354537846,58.88888888888889
5301,0.45015869354537846,58.900000000000006
5302,0.45015869354537846,58.91111111111111
5303,0.45015869354537846,58.922222222222224
5304,0.45015869354537846,58.93333333333334
5305,0.45015869354537846,58.94444444444445
5306,0.45015869354537846,58.955555555555556
5307,0.45015869354537846,58.96666666666667
5308,0.45015869354537846,58.97777777777778
5309,0.45015869354537846,58.988888888888894
5310,0.45015869354537846,59.0
5311,0.45015869354537846,59.01111111111111
5312,0.45015869354537846,59.022222222222226
5313,0.45015869354537846,59.03333333333334
5314,0.45015869354537846,59.044444444444444
5315,0.45015869354537846,59.05555555555556
5316,0.45015869354537846,59.06666666666667
5317,0.45015869354537846,59.07777777777778
5318,0.45015869354537846,59.08888888888889
5319,0.45015869354537846,59.1
5320,0.45015869354537846,59.111111111111114
5321,0.45015869354537846,59.12222222222223
5322,0.45015869354537846,59.13333333333333
5323,0.45015869354537846,59.144444444444446
5324,0.45015869354537846,59.15555555555556
5325,0.45015869354537846,59.16666666666667
5326,0.45015869354537846,59.17777777777778
5327,0.45015869354537846,59.18888888888889
5328,0.45015869354537846,59.2
5329,0.45015869354537846,59.211111111111116
5330,0.45015869354537846,59.22222222222222
5331,0.45015869354537846,59.233333333333334
5332,0.45015869354537846,59.24444444444445
5333,0.45015869354537846,59.25555555555556
5334,0.45015869354537846,59.266666666666666
5335,0.45015869354537846,59.27777777777778
5336,0.45015869354537846,59.28888888888889
5337,0.45015869354537846,59.300000000000004
5338,0.45015869354537846,59.31111111111111
5339,0.45015869354537846,59.32222222222222
5340,0.45015869354537846,59.333333333333336
5341,0.45015869354537846,59.34444444444445
5342,0.45015869354537846,59.355555555555554
5343,0.45015869354537846,59.36666666666667
5344,0.45015869354537846,59.37777777777778
5345,0.45015869354537846,59.38888888888889
5346,0.45015869354537846,59.400000000000006
5347,0.45015869354537846,59.41111111111111
5348,0.45015869354537846,59.422222222222224
5349,0.45015869354537846,59.43333333333334
5350,0.45015869354537846,59.44444444444445
5351,0.45015869354537846,59.455555555555556
5352,0.45015869354537846,59.46666666666667
5353,0.45015869354537846,59.47777777777778
5354,0.45015869354537846,59.488888888888894
5355,0.45015869354537846,59.5
5356,0.45015869354537846,59.51111111111111
5357,0.45015869354537846,59.522222222222226
5358,0.45015869354537846,59.53333333333334
5359,0.45015869354537846,59.544444444444444
5360,0.45015869354537846,59.55555555555556
5361,0.45015869354537846,59.56666666666667
5362,0.45015869354537846,59.57777777777778
5363,0.45015869354537846,59.58888888888889
5364,0.45015869354537846,59.6
5365,0.45015869354537846,59.611111111111114
5366,0.45015869354537846,59.62222222222223
5367,0.45015869354537846,59.63333333333333
5368,0.45015869354537846,59.644444444444446
5369,0.45015869354537846,59.65555555555556
5370,0.45015869354537846,59.66666666666667
5371,0.45015869354537846,59.67777777777778
5372,0.45015869354537846,59.68888888888889
5373,0.45015869354537846,59.7
5374,0.45015869354537846,59.711111111111116
5375,0.45015869354537846,59.72222222222222
5376,0.45015869354537846,59.733333333333334
5377,0.45015869354537846,59.74444444444445
5378,0.45015869354537846,59.75555555555556
5379,0.45015869354537846,59.766666666666666
5380,0.45015869354537846,59.77777777777778
5381,0.45015869354537846,59.78888888888889
5382,0.45015869354537846,59.800000000000004
5383,0.45015869354537846,59.81111111111111
5384,0.45015869354537846,59.82222222222222
5385,0.45015869354537846,59.833333333333336
5386,0.45015869354537846,59.84444444444445
5387,0.45015869354537846,59.855555555555554
5388,0.45015869354537846,59.86666666666667
5389,0.45015869354537846,59.87777777777778
5390,0.45015869354537846,59.88888888888889
5391,0.45015869354537846,59.900000000000006
5392,0.45015869354537846,59.91111111111111
5393,0.45015869354537846,59.922222222222224
5394,0.45015869354537846,59.93333333333334
5395,0.45015869354537846,59.94444444444445
5396,0.45015869354537846,59.955555555555556
5397,0.45015869354537846,59.96666666666667
5398,0.45015869354537846,59.97777777777778
5399,0.45015869354537846,59.988888888888894
5400,0.45015869354537846,60.0
5401,0.45015869354537846,60.01111111111111
5402,0.45015869354537846,60.022222222222226
5403,0.45015869354537846,60.03333333333334
5404,0.45015869354537846,60.044444444444444
5405,0.45015869354537846,60.05555555555556
5406,0.45015869354537846,60.06666666666667
5407,0.45015869354537846,60.07777777777778
5408,0.45015869354537846,60.08888888888889
5409,0.45015869354537846,60.1
5410,0.45015869354537846,60.111111111111114
5411,0.45015869354537846,60.12222222222223
5412,0.45015869354537846,60.13333333333333
5413,0.45015869354537846,60.144444444444446
5414,0.45015869354537846,60.15555555555556
5415,0.45015869354537846,60.16666666666667
5416,0.45015869354537846,60.17777777777778
5417,0.45015869354537846,60.18888888888889
5418,0.45015869354537846,60.2
5419,0.45015869354537846,60.211111111111116
5420,0.45015869354537846,60.22222222222222
5421,0.45015869354537846,60.233333333333334
5422,0.45015869354537846,60.24444444444445
5423,0.45015869354537846,60.25555555555556
5424,0.45015869354537846,60.266666666666666
5425,0.45015869354537846,60.27777777777778
5426,0.45015869354537846,60.28888888888889
5427,0.45015869354537846,60.300000000000004
5428,0.45015869354537846,60.31111111111111
5429,0.45015869354537846,60.32222222222222
5430,0.45015869354537846,60.333333333333336
5431,0.45015869354537846,60.34444444444445
5432,0.45015869354537846,60.35555555555556
5433,0.45015869354537846,60.36666666666667
5434,0.45015869354537846,60.37777777777778
5435,0.45015869354537846,60.38888888888889
5436,0.45015869354537846,60.400000000000006
5437,0.45015869354537846,60.41111111111111
5438,0.45015869354537846,60.422222222222224
5439,0.45015869354537846,60.43333333333334
5440,0.45015869354537846,60.44444444444445
5441,0.45015869354537846,60.455555555555556
5442,0.45015869354537846,60.46666666666667
5443,0.45015869354537846,60.47777777777778
5444,0.45015869354537846,60.488888888888894
5445,0.45015869354537846,60.5
5446,0.45015869354537846,60.51111111111111
5447,0.45015869354537846,60.522222222222226
5448,0.45015869354537846,60.53333333333334
5449,0.45015869354537846,60.544444444444444
5450,0.45015869354537846,60.55555555555556
5451,0.45015869354537846,60.56666666666667
5452,0.45015869354537846,60.57777777777778
5453,0.45015869354537846,60.58888888888889
5454,0.45015869354537846,60.6
5455,0.45015869354537846,60.611111111111114
5456,0.45015869354537846,60.62222222222223
5457,0.45015869354537846,60.63333333333333
5458,0.45015869354537846,60.644444444444446
5459,0.45015869354537846,60.65555555555556
5460,0.45015869354537846,60.66666666666667
5461,0.45015869354537846,60.67777777777778
5462,0.45015869354537846,60.68888888888889
5463,0.45015869354537846,60.7
5464,0.45015869354537846,60.711111111111116
5465,0.45015869354537846,60.72222222222222
5466,0.45015869354537846,60.733333333333334
5467,0.45015869354537846,60.74444444444445
5468,0.45015869354537846,60.75555555555556
5469,0.45015869354537846,60.766666666666666
5470,0.45015869354537846,60.77777777777778
5471,0.45015869354537846,60.78888888888889
5472,0.45015869354537846,60.800000000000004
5473,0.45015869354537846,60.81111111111111
5474,0.45078052608587554,60.82222222222222
5475,0.452024191166869,60.833333333333336
5476,0.452024191166869,60.84444444444445
5477,0.452024191166869,60.85555555555556
5478,0.452024191166869,60.86666666666667
5479,0.452024191166869,60.87777777777778
5480,0.452024191166869,60.88888888888889
5481,0.452024191166869,60.900000000000006
5482,0.452024191166869,60.91111111111111
5483,0.452024191166869,60.922222222222224
5484,0.452024191166869,60.93333333333334
5485,0.452024191166869,60.94444444444445
5486,0.452024191166869,60.955555555555556
5487,0.452024191166869,60.96666666666667
5488,0.452024191166869,60.97777777777778
5489,0.452024191166869,60.988888888888894
5490,0.452024191166869,61.0
5491,0.452024191166869,61.01111111111111
5492,0.452024191166869,61.022222222222226
5493,0.452024191166869,61.03333333333334
5494,0.452024191166869,61.044444444444444
5495,0.452024191166869,61.05555555555556
5496,0.452024191166869,61.06666666666667
5497,0.452024191166869,61.07777777777778
5498,0.4526460237073654,61.08888888888889
5499,0.453889688788359,61.1
5500,0.453889688788359,61.111111111111114
5501,0.453889688788359,61.12222222222223
5502,0.453889688788359,61.13333333333333
5503,0.453889688788359,61.144444444444446
5504,0.453889688788359,61.15555555555556
5505,0.453889688788359,61.16666666666667
5506,0.453889688788359,61.17777777777778
5507,0.453889688788359,61.18888888888889
5508,0.453889688788359,61.2
5509,0.453889688788359,61.211111111111116
5510,0.453889688788359,61.22222222222222
5511,0.453889688788359,61.233333333333334
5512,0.453889688788359,61.24444444444445
5513,0.453889688788359,61.25555555555556
5514,0.453889688788359,61.266666666666666
5515,0.453889688788359,61.27777777777778
5516,0.453889688788359,61.28888888888889
5517,0.453889688788359,61.300000000000004
5518,0.453889688788359,61.31111111111111
5519,0.453889688788359,61.32222222222222
5520,0.453889688788359,61.333333333333336
5521,0.453889688788359,61.34444444444445
5522,0.453889688788359,61.35555555555556
5523,0.453889688788359,61.36666666666667
5524,0.453889688788359,61.37777777777778
5525,0.453889688788359,61.38888888888889
5526,0.453889688788359,61.400000000000006
5527,0.453889688788359,61.41111111111111
5528,0.453889688788359,61.422222222222224
5529,0.453889688788359,61.43333333333334
5530,0.453889688788359,61.44444444444445
5531,0.4532678562478621,61.455555555555556
5532,0.452024191166869,61.46666666666667
5533,0.452024191166869,61.47777777777778
5534,0.452024191166869,61.488888888888894
5535,0.452024191166869,61.5
5536,0.452024191166869,61.51111111111111
5537,0.452024191166869,61.522222222222226
5538,0.452024191166869,61.53333333333334
5539,0.452024191166869,61.544444444444444
5540,0.452024191166869,61.55555555555556
5541,0.452024191166869,61.56666666666667
5542,0.452024191166869,61.57777777777778
5543,0.452024191166869,61.58888888888889
5544,0.452024191166869,61.6
5545,0.452024191166869,61.611111111111114
5546,0.452024191166869,61.62222222222223
5547,0.452024191166869,61.63333333333333
5548,0.452024191166869,61.644444444444446
5549,0.452024191166869,61.65555555555556
5550,0.452024191166869,61.66666666666667
5551,0.452024191166869,61.67777777777778
5552,0.452024191166869,61.68888888888889
5553,0.452024191166869,61.7
5554,0.452024191166869,61.711111111111116
5555,0.452024191166869,61.72222222222222
5556,0.452024191166869,61.733333333333334
5557,0.452024191166869,61.74444444444445
5558,0.452024191166869,61.75555555555556
5559,0.452024191166869,61.766666666666666
5560,0.452024191166869,61.77777777777778
5561,0.452024191166869,61.78888888888889
5562,0.452024191166869,61.800000000000004
5563,0.452024191166869,61.81111111111111
5564,0.452024191166869,61.82222222222222
5565,0.452024191166869,61.833333333333336
5566,0.452024191166869,61.84444444444445
5567,0.452024191166869,61.85555555555556
5568,0.452024191166869,61.86666666666667
5569,0.452024191166869,61.87777777777778
5570,0.452024191166869,61.88888888888889
5571,0.452024191166869,61.900000000000006
5572,0.452024191166869,61.91111111111111
5573,0.452024191166869,61.922222222222224
5574,0.452024191166869,61.93333333333334
5575,0.452024191166869,61.94444444444445
5576,0.452024191166869,61.955555555555556
5577,0.452024191166869,61.96666666666667
5578,0.452024191166869,61.97777777777778
5579,0.452024191166869,61.988888888888894
5580,0.452024191166869,62.0
5581,0.452024191166869,62.01111111111111
5582,0.452024191166869,62.022222222222226
5583,0.452024191166869,62.03333333333334
5584,0.452024191166869,62.044444444444444
5585,0.452024191166869,62.05555555555556
5586,0.452024191166869,62.06666666666667
5587,0.452024191166869,62.07777777777778
5588,0.452024191166869,62.08888888888889
5589,0.452024191166869,62.1
5590,0.452024191166869,62.111111111111114
5591,0.452024191166869,62.12222222222223
5592,0.452024191166869,62.13333333333333
5593,0.452024191166869,62.144444444444446
5594,0.452024191166869,62.15555555555556
5595,0.452024191166869,62.16666666666667
5596,0.452024191166869,62.17777777777778
5597,0.452024191166869,62.18888888888889
5598,0.452024191166869,62.2
5599,0.452024191166869,62.211111111111116
5600,0.452024191166869,62.22222222222222
5601,0.452024191166869,62.233333333333334
5602,0.452024191166869,62.24444444444445
5603,0.452024191166869,62.25555555555556
5604,0.452024191166869,62.266666666666666
5605,0.452024191166869,62.27777777777778
5606,0.452024191166869,62.28888888888889
5607,0.452024191166869,62.300000000000004
5608,0.452024191166869,62.31111111111111
5609,0.452024191166869,62.32222222222222
5610,0.452024191166869,62.333333333333336
5611,0.452024191166869,62.34444444444445
5612,0.452024191166869,62.35555555555556
5613,0.452024191166869,62.36666666666667
5614,0.452024191166869,62.37777777777778
5615,0.452024191166869,62.38888888888889
5616,0.452024191166869,62.400000000000006
5617,0.452024191166869,62.41111111111111
5618,0.452024191166869,62.422222222222224
5619,0.452024191166869,62.43333333333334
5620,0.452024191166869,62.44444444444445
5621,0.452024191166869,62.455555555555556
5622,0.452024191166869,62.46666666666667
5623,0.452024191166869,62.47777777777778
5624,0.452024191166869,62.488888888888894
5625,0.452024191166869,62.5
5626,0.452024191166869,62.51111111111111
5627,0.452024191166869,62.522222222222226
5628,0.452024191166869,62.53333333333334
5629,0.452024191166869,62.544444444444444
5630,0.452024191166869,62.55555555555556
5631,0.452024191166869,62.56666666666667
5632,0.452024191166869,62.57777777777778
5633,0.452024191166869,62.58888888888889
5634,0.452024191166869,62.6
5635,0.452024191166869,62.611111111111114
5636,0.452024191166869,62.62222222222223
5637,0.452024191166869,62.63333333333333
5638,0.452024191166869,62.644444444444446
5639,0.452024191166869,62.65555555555556
5640,0.452024191166869,62.66666666666667
5641,0.452024191166869,62.67777777777778
5642,0.452024191166869,62.68888888888889
5643,0.452024191166869,62.7
5644,0.452024191166869,62.711111111111116
5645,0.452024191166869,62.72222222222222
5646,0.452024191166869,62.733333333333334
5647,0.452024191166869,62.74444444444445
5648,0.452024191166869,62.75555555555556
5649,0.452024191166869,62.766666666666666
5650,0.452024191166869,62.77777777777778
5651,0.452024191166869,62.78888888888889
5652,0.452024191166869,62.800000000000004
5653,0.452024191166869,62.81111111111111
5654,0.452024191166869,62.82222222222222
5655,0.452024191166869,62.833333333333336
5656,0.452024191166869,62.84444444444445
5657,0.452024191166869,62.85555555555556
5658,0.452024191166869,62.86666666666667
5659,0.452024191166869,62.87777777777778
5660,0.452024191166869,62.88888888888889
5661,0.452024191166869,62.900000000000006
5662,0.452024191166869,62.91111111111111
5663,0.452024191166869,62.922222222222224
5664,0.452024191166869,62.93333333333334
5665,0.452024191166869,62.94444444444445
5666,0.452024191166869,62.955555555555556
5667,0.452024191166869,62.96666666666667
5668,0.452024191166869,62.97777777777778
5669,0.452024191166869,62.988888888888894
5670,0.452024191166869,63.0
5671,0.452024191166869,63.01111111111111
5672,0.452024191166869,63.022222222222226
5673,0.452024191166869,63.03333333333334
5674,0.452024191166869,63.044444444444444
5675,0.452024191166869,63.05555555555556
5676,0.452024191166869,63.06666666666667
5677,0.452024191166869,63.07777777777778
5678,0.452024191166869,63.08888888888889
5679,0.452024191166869,63.1
5680,0.452024191166869,63.111111111111114
5681,0.452024191166869,63.12222222222223
5682,0.452024191166869,63.13333333333333
5683,0.452024191166869,63.144444444444446
5684,0.452024191166869,63.15555555555556
5685,0.452024191166869,63.16666666666667
5686,0.452024191166869,63.17777777777778
5687,0.452024191166869,63.18888888888889
5688,0.452024191166869,63.2
5689,0.452024191166869,63.211111111111116
5690,0.452024191166869,63.22222222222222
5691,0.452024191166869,63.233333333333334
5692,0.452024191166869,63.24444444444445
5693,0.452024191166869,63.25555555555556
5694,0.452024191166869,63.266666666666666
5695,0.452024191166869,63.27777777777778
5696,0.452024191166869,63.28888888888889
5697,0.452024191166869,63.300000000000004
5698,0.452024191166869,63.31111111111111
5699,0.452024191166869,63.32222222222222
5700,0.452024191166869,63.333333333333336
5701,0.452024191166869,63.34444444444445
5702,0.452024191166869,63.35555555555556
5703,0.452024191166869,63.36666666666667
5704,0.452024191166869,63.37777777777778
5705,0.452024191166869,63.38888888888889
5706,0.452024191166869,63.400000000000006
5707,0.452024191166869,63.41111111111111
5708,0.452024191166869,63.422222222222224
5709,0.452024191166869,63.43333333333334
5710,0.452024191166869,63.44444444444445
5711,0.452024191166869,63.455555555555556
5712,0.452024191166869,63.46666666666667
5713,0.452024191166869,63.47777777777778
5714,0.452024191166869,63.488888888888894
5715,0.452024191166869,63.5
5716,0.452024191166869,63.51111111111111
5717,0.452024191166869,63.522222222222226
5718,0.452024191166869,63.53333333333334
5719,0.452024191166869,63.544444444444444
5720,0.452024191166869,63.55555555555556
5721,0.452024191166869,63.56666666666667
5722,0.452024191166869,63.57777777777778
5723,0.452024191166869,63.58888888888889
5724,0.452024191166869,63.6
5725,0.452024191166869,63.611111111111114
5726,0.452024191166869,63.62222222222223
5727,0.452024191166869,63.63333333333333
5728,0.452024191166869,63.644444444444446
5729,0.452024191166869,63.65555555555556
5730,0.452024191166869,63.66666666666667
5731,0.452024191166869,63.67777777777778
5732,0.452024191166869,63.68888888888889
5733,0.452024191166869,63.7
5734,0.452024191166869,63.711111111111116
5735,0.452024191166869,63.72222222222222
5736,0.452024191166869,63.733333333333334
5737,0.452024191166869,63.74444444444445
5738,0.452024191166869,63.75555555555556
5739,0.452024191166869,63.766666666666666
5740,0.452024191166869,63.77777777777778
5741,0.452024191166869,63.78888888888889
5742,0.452024191166869,63.800000000000004
5743,0.452024191166869,63.81111111111111
5744,0.452024191166869,63.82222222222222
5745,0.452024191166869,63.833333333333336
5746,0.452024191166869,63.84444444444445
5747,0.452024191166869,63.85555555555556
5748,0.452024191166869,63.86666666666667
5749,0.452024191166869,63.87777777777778
5750,0.452024191166869,63.88888888888889
5751,0.452024191166869,63.900000000000006
5752,0.452024191166869,63.91111111111111
5753,0.452024191166869,63.922222222222224
5754,0.452024191166869,63.93333333333334
5755,0.452024191166869,63.94444444444445
5756,0.452024191166869,63.955555555555556
5757,0.452024191166869,63.96666666666667
5758,0.452024191166869,63.97777777777778
5759,0.452024191166869,63.988888888888894
5760,0.452024191166869,64.0
5761,0.452024191166869,64.01111111111112
5762,0.452024191166869,64.02222222222223
5763,0.452024191166869,64.03333333333333
5764,0.452024191166869,64.04444444444445
5765,0.452024191166869,64.05555555555556
5766,0.452024191166869,64.06666666666666
5767,0.452024191166869,64.07777777777778
5768,0.452024191166869,64.08888888888889
5769,0.452024191166869,64.10000000000001
5770,0.452024191166869,64.11111111111111
5771,0.452024191166869,64.12222222222222
5772,0.452024191166869,64.13333333333334
5773,0.452024191166869,64.14444444444445
5774,0.452024191166869,64.15555555555555
5775,0.452024191166869,64.16666666666667
5776,0.452024191166869,64.17777777777778
5777,0.452024191166869,64.1888888888889
5778,0.452024191166869,64.2
5779,0.452024191166869,64.21111111111111
5780,0.452024191166869,64.22222222222223
5781,0.452024191166869,64.23333333333333
5782,0.452024191166869,64.24444444444444
5783,0.452024191166869,64.25555555555556
5784,0.452024191166869,64.26666666666667
5785,0.452024191166869,64.27777777777779
5786,0.452024191166869,64.28888888888889
5787,0.452024191166869,64.3
5788,0.452024191166869,64.31111111111112
5789,0.452024191166869,64.32222222222222
5790,0.452024191166869,64.33333333333334
5791,0.452024191166869,64.34444444444445
5792,0.452024191166869,64.35555555555555
5793,0.452024191166869,64.36666666666667
5794,0.452024191166869,64.37777777777778
5795,0.452024191166869,64.38888888888889
5796,0.452024191166869,64.4
5797,0.452024191166869,64.41111111111111
5798,0.452024191166869,64.42222222222223
5799,0.452024191166869,64.43333333333334
5800,0.452024191166869,64.44444444444444
5801,0.452024191166869,64.45555555555556
5802,0.452024191166869,64.46666666666667
5803,0.452024191166869,64.47777777777777
5804,0.452024191166869,64.4888888888889
5805,0.452024191166869,64.5
5806,0.452024191166869,64.51111111111112
5807,0.452024191166869,64.52222222222223
5808,0.452024191166869,64.53333333333333
5809,0.452024191166869,64.54444444444445
5810,0.452024191166869,64.55555555555556
5811,0.452024191166869,64.56666666666666
5812,0.452024191166869,64.57777777777778
5813,0.452024191166869,64.58888888888889
5814,0.452024191166869,64.60000000000001
5815,0.452024191166869,64.61111111111111
5816,0.452024191166869,64.62222222222222
5817,0.452024191166869,64.63333333333334
5818,0.452024191166869,64.64444444444445
5819,0.452024191166869,64.65555555555555
5820,0.452024191166869,64.66666666666667
5821,0.452024191166869,64.67777777777778
5822,0.452024191166869,64.6888888888889
5823,0.452024191166869,64.7
5824,0.452024191166869,64.71111111111111
5825,0.452024191166869,64.72222222222223
5826,0.452024191166869,64.73333333333333
5827,0.452024191166869,64.74444444444444
5828,0.452024191166869,64.75555555555556
5829,0.452024191166869,64.76666666666667
5830,0.452024191166869,64.77777777777779
5831,0.452024191166869,64.78888888888889
5832,0.452024191166869,64.8
5833,0.452024191166869,64.81111111111112
5834,0.452024191166869,64.82222222222222
5835,0.452024191166869,64.83333333333334
5836,0.452024191166869,64.84444444444445
5837,0.452024191166869,64.85555555555555
5838,0.452024191166869,64.86666666666667
5839,0.452024191166869,64.87777777777778
5840,0.452024191166869,64.88888888888889
5841,0.452024191166869,64.9
5842,0.452024191166869,64.91111111111111
5843,0.452024191166869,64.92222222222223
5844,0.452024191166869,64.93333333333334
5845,0.452024191166869,64.94444444444444
5846,0.452024191166869,64.95555555555556
5847,0.452024191166869,64.96666666666667
5848,0.452024191166869,64.97777777777777
5849,0.452024191166869,64.9888888888889
5850,0.452024191166869,65.0
5851,0.452024191166869,65.01111111111112
5852,0.452024191166869,65.02222222222223
5853,0.452024191166869,65.03333333333333
5854,0.452024191166869,65.04444444444445
5855,0.452024191166869,65.05555555555556
5856,0.452024191166869,65.06666666666666
5857,0.452024191166869,65.07777777777778
5858,0.452024191166869,65.08888888888889
5859,0.452024191166869,65.10000000000001
5860,0.452024191166869,65.11111111111111
5861,0.452024191166869,65.12222222222222
5862,0.452024191166869,65.13333333333334
5863,0.452024191166869,65.14444444444445
5864,0.452024191166869,65.15555555555555
5865,0.452024191166869,65.16666666666667
5866,0.452024191166869,65.17777777777778
5867,0.452024191166869,65.1888888888889
5868,0.452024191166869,65.2
5869,0.452024191166869,65.21111111111111
5870,0.452024191166869,65.22222222222223
5871,0.452024191166869,65.23333333333333
5872,0.452024191166869,65.24444444444444
5873,0.452024191166869,65.25555555555556
5874,0.452024191166869,65.26666666666667
5875,0.452024191166869,65.27777777777779
5876,0.452024191166869,65.28888888888889
5877,0.452024191166869,65.3
5878,0.452024191166869,65.31111111111112
5879,0.452024191166869,65.32222222222222
5880,0.452024191166869,65.33333333333334
5881,0.452024191166869,65.34444444444445
5882,0.452024191166869,65.35555555555555
5883,0.452024191166869,65.36666666666667
5884,0.452024191166869,65.37777777777778
5885,0.452024191166869,65.38888888888889
5886,0.452024191166869,65.4
5887,0.452024191166869,65.41111111111111
5888,0.452024191166869,65.42222222222223
5889,0.452024191166869,65.43333333333334
5890,0.452024191166869,65.44444444444444
5891,0.452024191166869,65.45555555555556
5892,0.452024191166869,65.46666666666667
5893,0.452024191166869,65.47777777777777
5894,0.452024191166869,65.4888888888889
5895,0.452024191166869,65.5
5896,0.452024191166869,65.51111111111112
5897,0.452024191166869,65.52222222222223
5898,0.452024191166869,65.53333333333333
5899,0.452024191166869,65.54444444444445
5900,0.452024191166869,65.55555555555556
5901,0.452024191166869,65.56666666666666
5902,0.452024191166869,65.57777777777778
5903,0.452024191166869,65.58888888888889
5904,0.452024191166869,65.60000000000001
5905,0.452024191166869,65.61111111111111
5906,0.452024191166869,65.62222222222222
5907,0.452024191166869,65.63333333333334
5908,0.452024191166869,65.64444444444445
5909,0.452024191166869,65.65555555555555
5910,0.452024191166869,65.66666666666667
5911,0.452024191166869,65.67777777777778
5912,0.452024191166869,65.6888888888889
5913,0.452024191166869,65.7
5914,0.452024191166869,65.71111111111111
5915,0.452024191166869,65.72222222222223
5916,0.452024191166869,65.73333333333333
5917,0.452024191166869,65.74444444444444
5918,0.452024191166869,65.75555555555556
5919,0.452024191166869,65.76666666666667
5920,0.452024191166869,65.77777777777779
5921,0.452024191166869,65.78888888888889
5922,0.452024191166869,65.8
5923,0.452024191166869,65.81111111111112
5924,0.452024191166869,65.82222222222222
5925,0.452024191166869,65.83333333333334
5926,0.452024191166869,65.84444444444445
5927,0.452024191166869,65.85555555555555
5928,0.452024191166869,65.86666666666667
5929,0.452024191166869,65.87777777777778
5930,0.452024191166869,65.88888888888889
5931,0.452024191166869,65.9
5932,0.452024191166869,65.91111111111111
5933,0.452024191166869,65.92222222222223
5934,0.452024191166869,65.93333333333334
5935,0.452024191166869,65.94444444444444
5936,0.452024191166869,65.95555555555556
5937,0.452024191166869,65.96666666666667
5938,0.452024191166869,65.97777777777777
5939,0.452024191166869,65.9888888888889
5940,0.452024191166869,66.0
5941,0.452024191166869,66.01111111111112
5942,0.452024191166869,66.02222222222223
5943,0.452024191166869,66.03333333333333
5944,0.452024191166869,66.04444444444445
5945,0.452024191166869,66.05555555555556
5946,0.452024191166869,66.06666666666666
5947,0.452024191166869,66.07777777777778
5948,0.452024191166869,66.08888888888889
5949,0.452024191166869,66.10000000000001
5950,0.452024191166869,66.11111111111111
5951,0.452024191166869,66.12222222222222
5952,0.452024191166869,66.13333333333334
5953,0.452024191166869,66.14444444444445
5954,0.452024191166869,66.15555555555555
5955,0.452024191166869,66.16666666666667
5956,0.452024191166869,66.17777777777778
5957,0.452024191166869,66.1888888888889
5958,0.452024191166869,66.2
5959,0.452024191166869,66.21111111111111
5960,0.452024191166869,66.22222222222223
5961,0.452024191166869,66.23333333333333
5962,0.452024191166869,66.24444444444444
5963,0.452024191166869,66.25555555555556
5964,0.452024191166869,66.26666666666667
5965,0.452024191166869,66.27777777777779
5966,0.452024191166869,66.28888888888889
5967,0.452024191166869,66.3
5968,0.452024191166869,66.31111111111112
5969,0.452024191166869,66.32222222222222
5970,0.452024191166869,66.33333333333334
5971,0.452024191166869,66.34444444444445
5972,0.452024191166869,66.35555555555555
5973,0.452024191166869,66.36666666666667
5974,0.452024191166869,66.37777777777778
5975,0.452024191166869,66.38888888888889
5976,0.452024191166869,66.4
5977,0.452024191166869,66.41111111111111
5978,0.452024191166869,66.42222222222223
5979,0.452024191166869,66.43333333333334
5980,0.452024191166869,66.44444444444444
5981,0.452024191166869,66.45555555555556
5982,0.452024191166869,66.46666666666667
5983,0.452024191166869,66.47777777777777
5984,0.452024191166869,66.4888888888889
5985,0.452024191166869,66.5
5986,0.452024191166869,66.51111111111112
5987,0.452024191166869,66.52222222222223
5988,0.452024191166869,66.53333333333333
5989,0.452024191166869,66.54444444444445
5990,0.452024191166869,66.55555555555556
5991,0.452024191166869,66.56666666666666
5992,0.452024191166869,66.57777777777778
5993,0.452024191166869,66.58888888888889
5994,0.452024191166869,66.60000000000001
5995,0.452024191166869,66.61111111111111
5996,0.452024191166869,66.62222222222222
5997,0.452024191166869,66.63333333333334
5998,0.452024191166869,66.64444444444445
5999,0.452024191166869,66.65555555555555
6000,0.452024191166869,66.66666666666667
6001,0.452024191166869,66.67777777777778
6002,0.452024191166869,66.6888888888889
6003,0.452024191166869,66.7
6004,0.452024191166869,66.71111111111111
6005,0.452024191166869,66.72222222222223
6006,0.452024191166869,66.73333333333333
6007,0.452024191166869,66.74444444444444
6008,0.452024191166869,66.75555555555556
6009,0.452024191166869,66.76666666666667
6010,0.452024191166869,66.77777777777779
6011,0.452024191166869,66.78888888888889
6012,0.452024191166869,66.8
6013,0.452024191166869,66.81111111111112
6014,0.452024191166869,66.82222222222222
6015,0.452024191166869,66.83333333333334
6016,0.452024191166869,66.84444444444445
6017,0.452024191166869,66.85555555555555
6018,0.452024191166869,66.86666666666667
6019,0.452024191166869,66.87777777777778
6020,0.452024191166869,66.88888888888889
6021,0.452024191166869,66.9
6022,0.452024191166869,66.91111111111111
6023,0.452024191166869,66.92222222222223
6024,0.452024191166869,66.93333333333334
6025,0.452024191166869,66.94444444444444
6026,0.452024191166869,66.95555555555556
6027,0.452024191166869,66.96666666666667
6028,0.452024191166869,66.97777777777777
6029,0.452024191166869,66.9888888888889
6030,0.452024191166869,67.0
6031,0.452024191166869,67.01111111111112
6032,0.452024191166869,67.02222222222223
6033,0.452024191166869,67.03333333333333
6034,0.452024191166869,67.04444444444445
6035,0.452024191166869,67.05555555555556
6036,0.452024191166869,67.06666666666666
6037,0.452024191166869,67.07777777777778
6038,0.452024191166869,67.08888888888889
6039,0.452024191166869,67.10000000000001
6040,0.452024191166869,67.11111111111111
6041,0.452024191166869,67.12222222222222
6042,0.452024191166869,67.13333333333334
6043,0.452024191166869,67.14444444444445
6044,0.452024191166869,67.15555555555555
6045,0.452024191166869,67.16666666666667
6046,0.452024191166869,67.17777777777778
6047,0.452024191166869,67.1888888888889
6048,0.452024191166869,67.2
6049,0.452024191166869,67.21111111111111
6050,0.452024191166869,67.22222222222223
6051,0.452024191166869,67.23333333333333
6052,0.452024191166869,67.24444444444444
6053,0.452024191166869,67.25555555555556
6054,0.452024191166869,67.26666666666667
6055,0.452024191166869,67.27777777777779
6056,0.452024191166869,67.28888888888889
6057,0.452024191166869,67.3
6058,0.452024191166869,67.31111111111112
6059,0.452024191166869,67.32222222222222
6060,0.452024191166869,67.33333333333334
6061,0.452024191166869,67.34444444444445
6062,0.452024191166869,67.35555555555555
6063,0.452024191166869,67.36666666666667
6064,0.452024191166869,67.37777777777778
6065,0.452024191166869,67.38888888888889
6066,0.452024191166869,67.4
6067,0.452024191166869,67.41111111111111
6068,0.452024191166869,67.42222222222223
6069,0.452024191166869,67.43333333333334
6070,0.452024191166869,67.44444444444444
6071,0.452024191166869,67.45555555555556
6072,0.452024191166869,67.46666666666667
6073,0.452024191166869,67.47777777777777
6074,0.452024191166869,67.4888888888889
6075,0.452024191166869,67.5
6076,0.452024191166869,67.51111111111112
6077,0.452024191166869,67.52222222222223
6078,0.452024191166869,67.53333333333333
6079,0.452024191166869,67.54444444444445
6080,0.452024191166869,67.55555555555556
6081,0.452024191166869,67.56666666666666
6082,0.452024191166869,67.57777777777778
6083,0.452024191166869,67.58888888888889
6084,0.452024191166869,67.60000000000001
6085,0.452024191166869,67.61111111111111
6086,0.452024191166869,67.62222222222222
6087,0.452024191166869,67.63333333333334
6088,0.452024191166869,67.64444444444445
6089,0.452024191166869,67.65555555555555
6090,0.452024191166869,67.66666666666667
6091,0.452024191166869,67.67777777777778
6092,0.452024191166869,67.6888888888889
6093,0.452024191166869,67.7
6094,0.452024191166869,67.71111111111111
6095,0.452024191166869,67.72222222222223
6096,0.452024191166869,67.73333333333333
6097,0.452024191166869,67.74444444444444
6098,0.452024191166869,67.75555555555556
6099,0.452024191166869,67.76666666666667
6100,0.452024191166869,67.77777777777779
6101,0.452024191166869,67.78888888888889
6102,0.452024191166869,67.8
6103,0.452024191166869,67.81111111111112
6104,0.452024191166869,67.82222222222222
6105,0.452024191166869,67.83333333333334
6106,0.452024191166869,67.84444444444445
6107,0.452024191166869,67.85555555555555
6108,0.452024191166869,67.86666666666667
6109,0.452024191166869,67.87777777777778
6110,0.452024191166869,67.88888888888889
6111,0.452024191166869,67.9
6112,0.452024191166869,67.91111111111111
6113,0.452024191166869,67.92222222222223
6114,0.452024191166869,67.93333333333334
6115,0.452024191166869,67.94444444444444
6116,0.452024191166869,67.95555555555556
6117,0.452024191166869,67.96666666666667
6118,0.452024191166869,67.97777777777777
6119,0.452024191166869,67.9888888888889
6120,0.452024191166869,68.0
6121,0.452024191166869,68.01111111111112
6122,0.452024191166869,68.02222222222223
6123,0.452024191166869,68.03333333333333
6124,0.452024191166869,68.04444444444445
6125,0.452024191166869,68.05555555555556
6126,0.452024191166869,68.06666666666666
6127,0.452024191166869,68.07777777777778
6128,0.452024191166869,68.08888888888889
6129,0.452024191166869,68.10000000000001
6130,0.452024191166869,68.11111111111111
6131,0.452024191166869,68.12222222222222
6132,0.452024191166869,68.13333333333334
6133,0.452024191166869,68.14444444444445
6134,0.452024191166869,68.15555555555555
6135,0.452024191166869,68.16666666666667
6136,0.452024191166869,68.17777777777778
6137,0.452024191166869,68.1888888888889
6138,0.452024191166869,68.2
6139,0.452024191166869,68.21111111111111
6140,0.452024191166869,68.22222222222223
6141,0.452024191166869,68.23333333333333
6142,0.452024191166869,68.24444444444444
6143,0.452024191166869,68.25555555555556
6144,0.452024191166869,68.26666666666667
6145,0.452024191166869,68.27777777777779
6146,0.452024191166869,68.28888888888889
6147,0.452024191166869,68.3
6148,0.452024191166869,68.31111111111112
6149,0.452024191166869,68.32222222222222
6150,0.452024191166869,68.33333333333334
6151,0.452024191166869,68.34444444444445
6152,0.452024191166869,68.35555555555555
6153,0.452024191166869,68.36666666666667
6154,0.452024191166869,68.37777777777778
6155,0.452024191166869,68.38888888888889
6156,0.452024191166869,68.4
6157,0.452024191166869,68.41111111111111
6158,0.452024191166869,68.42222222222223
6159,0.452024191166869,68.43333333333334
6160,0.452024191166869,68.44444444444444
6161,0.452024191166869,68.45555555555556
6162,0.452024191166869,68.46666666666667
6163,0.452024191166869,68.47777777777777
6164,0.452024191166869,68.4888888888889
6165,0.452024191166869,68.5
6166,0.452024191166869,68.51111111111112
6167,0.452024191166869,68.52222222222223
6168,0.452024191166869,68.53333333333333
6169,0.452024191166869,68.54444444444445
6170,0.452024191166869,68.55555555555556
6171,0.452024191166869,68.56666666666666
6172,0.452024191166869,68.57777777777778
6173,0.452024191166869,68.58888888888889
6174,0.452024191166869,68.60000000000001
6175,0.452024191166869,68.61111111111111
6176,0.452024191166869,68.62222222222222
6177,0.452024191166869,68.63333333333334
6178,0.452024191166869,68.64444444444445
6179,0.452024191166869,68.65555555555555
6180,0.452024191166869,68.66666666666667
6181,0.452024191166869,68.67777777777778
6182,0.452024191166869,68.6888888888889
6183,0.452024191166869,68.7
6184,0.452024191166869,68.71111111111111
6185,0.452024191166869,68.72222222222223
6186,0.452024191166869,68.73333333333333
6187,0.452024191166869,68.74444444444444
6188,0.452024191166869,68.75555555555556
6189,0.452024191166869,68.76666666666667
6190,0.452024191166869,68.77777777777779
6191,0.452024191166869,68.78888888888889
6192,0.452024191166869,68.8
6193,0.452024191166869,68.81111111111112
6194,0.452024191166869,68.82222222222222
6195,0.452024191166869,68.83333333333334
6196,0.452024191166869,68.84444444444445
6197,0.452024191166869,68.85555555555555
6198,0.452024191166869,68.86666666666667
6199,0.452024191166869,68.87777777777778
6200,0.452024191166869,68.88888888888889
6201,0.452024191166869,68.9
6202,0.452024191166869,68.91111111111111
6203,0.452024191166869,68.92222222222223
6204,0.452024191166869,68.93333333333334
6205,0.452024191166869,68.94444444444444
6206,0.452024191166869,68.95555555555556
6207,0.452024191166869,68.96666666666667
6208,0.452024191166869,68.97777777777777
6209,0.452024191166869,68.9888888888889
6210,0.452024191166869,69.0
6211,0.452024191166869,69.01111111111112
6212,0.452024191166869,69.02222222222223
6213,0.452024191166869,69.03333333333333
6214,0.452024191166869,69.04444444444445
6215,0.452024191166869,69.05555555555556
6216,0.452024191166869,69.06666666666666
6217,0.452024191166869,69.07777777777778
6218,0.452024191166869,69.08888888888889
6219,0.452024191166869,69.10000000000001
6220,0.452024191166869,69.11111111111111
6221,0.452024191166869,69.12222222222222
6222,0.452024191166869,69.13333333333334
6223,0.452024191166869,69.14444444444445
6224,0.452024191166869,69.15555555555555
6225,0.452024191166869,69.16666666666667
6226,0.452024191166869,69.17777777777778
6227,0.452024191166869,69.1888888888889
6228,0.452024191166869,69.2
6229,0.452024191166869,69.21111111111111
6230,0.452024191166869,69.22222222222223
6231,0.452024191166869,69.23333333333333
6232,0.452024191166869,69.24444444444444
6233,0.452024191166869,69.25555555555556
6234,0.452024191166869,69.26666666666667
6235,0.452024191166869,69.27777777777779
6236,0.452024191166869,69.28888888888889
6237,0.452024191166869,69.3
6238,0.452024191166869,69.31111111111112
6239,0.452024191166869,69.32222222222222
6240,0.452024191166869,69.33333333333334
6241,0.452024191166869,69.34444444444445
6242,0.452024191166869,69.35555555555555
6243,0.452024191166869,69.36666666666667
6244,0.452024191166869,69.37777777777778
6245,0.452024191166869,69.38888888888889
6246,0.452024191166869,69.4
6247,0.452024191166869,69.41111111111111
6248,0.452024191166869,69.42222222222223
6249,0.452024191166869,69.43333333333334
6250,0.452024191166869,69.44444444444444
6251,0.452024191166869,69.45555555555556
6252,0.452024191166869,69.46666666666667
6253,0.452024191166869,69.47777777777777
6254,0.452024191166869,69.4888888888889
6255,0.452024191166869,69.5
6256,0.452024191166869,69.51111111111112
6257,0.452024191166869,69.52222222222223
6258,0.452024191166869,69.53333333333333
6259,0.452024191166869,69.54444444444445
6260,0.452024191166869,69.55555555555556
6261,0.452024191166869,69.56666666666666
6262,0.452024191166869,69.57777777777778
6263,0.452024191166869,69.58888888888889
6264,0.452024191166869,69.60000000000001
6265,0.452024191166869,69.61111111111111
6266,0.452024191166869,69.62222222222222
6267,0.452024191166869,69.63333333333334
6268,0.452024191166869,69.64444444444445
6269,0.452024191166869,69.65555555555555
6270,0.452024191166869,69.66666666666667
6271,0.452024191166869,69.67777777777778
6272,0.452024191166869,69.6888888888889
6273,0.452024191166869,69.7
6274,0.452024191166869,69.71111111111111
6275,0.452024191166869,69.72222222222223
6276,0.452024191166869,69.73333333333333
6277,0.452024191166869,69.74444444444444
6278,0.452024191166869,69.75555555555556
6279,0.452024191166869,69.76666666666667
6280,0.452024191166869,69.77777777777779
6281,0.452024191166869,69.78888888888889
6282,0.452024191166869,69.8
6283,0.452024191166869,69.81111111111112
6284,0.452024191166869,69.82222222222222
6285,0.452024191166869,69.83333333333334
6286,0.452024191166869,69.84444444444445
6287,0.452024191166869,69.85555555555555
6288,0.452024191166869,69.86666666666667
6289,0.452024191166869,69.87777777777778
6290,0.452024191166869,69.88888888888889
6291,0.452024191166869,69.9
6292,0.452024191166869,69.91111111111111
6293,0.452024191166869,69.92222222222223
6294,0.452024191166869,69.93333333333334
6295,0.452024191166869,69.94444444444444
6296,0.452024191166869,69.95555555555556
6297,0.452024191166869,69.96666666666667
6298,0.452024191166869,69.97777777777777
6299,0.452024191166869,69.9888888888889
6300,0.452024191166869,70.0
6301,0.452024191166869,70.01111111111112
6302,0.452024191166869,70.02222222222223
6303,0.452024191166869,70.03333333333333
6304,0.452024191166869,70.04444444444445
6305,0.452024191166869,70.05555555555556
6306,0.452024191166869,70.06666666666666
6307,0.452024191166869,70.07777777777778
6308,0.452024191166869,70.08888888888889
6309,0.452024191166869,70.10000000000001
6310,0.452024191166869,70.11111111111111
6311,0.452024191166869,70.12222222222222
6312,0.452024191166869,70.13333333333334
6313,0.452024191166869,70.14444444444445
6314,0.452024191166869,70.15555555555555
6315,0.452024191166869,70.16666666666667
6316,0.452024191166869,70.17777777777778
6317,0.452024191166869,70.1888888888889
6318,0.452024191166869,70.2
6319,0.452024191166869,70.21111111111111
6320,0.452024191166869,70.22222222222223
6321,0.452024191166869,70.23333333333333
6322,0.452024191166869,70.24444444444444
6323,0.452024191166869,70.25555555555556
6324,0.452024191166869,70.26666666666667
6325,0.452024191166869,70.27777777777779
6326,0.452024191166869,70.28888888888889
6327,0.452024191166869,70.3
6328,0.452024191166869,70.31111111111112
6329,0.452024191166869,70.32222222222222
6330,0.452024191166869,70.33333333333334
6331,0.452024191166869,70.34444444444445
6332,0.452024191166869,70.35555555555555
6333,0.452024191166869,70.36666666666667
6334,0.452024191166869,70.37777777777778
6335,0.452024191166869,70.38888888888889
6336,0.452024191166869,70.4
6337,0.452024191166869,70.41111111111111
6338,0.452024191166869,70.42222222222223
6339,0.452024191166869,70.43333333333334
6340,0.452024191166869,70.44444444444444
6341,0.452024191166869,70.45555555555556
6342,0.452024191166869,70.46666666666667
6343,0.452024191166869,70.47777777777777
6344,0.452024191166869,70.4888888888889
6345,0.452024191166869,70.5
6346,0.452024191166869,70.51111111111112
6347,0.452024191166869,70.52222222222223
6348,0.452024191166869,70.53333333333333
6349,0.452024191166869,70.54444444444445
6350,0.452024191166869,70.55555555555556
6351,0.452024191166869,70.56666666666666
6352,0.452024191166869,70.57777777777778
6353,0.452024191166869,70.58888888888889
6354,0.452024191166869,70.60000000000001
6355,0.452024191166869,70.61111111111111
6356,0.452024191166869,70.62222222222222
6357,0.452024191166869,70.63333333333334
6358,0.452024191166869,70.64444444444445
6359,0.452024191166869,70.65555555555555
6360,0.452024191166869,70.66666666666667
6361,0.452024191166869,70.67777777777778
6362,0.452024191166869,70.6888888888889
6363,0.452024191166869,70.7
6364,0.452024191166869,70.71111111111111
6365,0.452024191166869,70.72222222222223
6366,0.452024191166869,70.73333333333333
6367,0.452024191166869,70.74444444444445
6368,0.452024191166869,70.75555555555556
6369,0.452024191166869,70.76666666666667
6370,0.452024191166869,70.77777777777779
6371,0.452024191166869,70.78888888888889
6372,0.452024191166869,70.8
6373,0.452024191166869,70.81111111111112
6374,0.452024191166869,70.82222222222222
6375,0.452024191166869,70.83333333333334
6376,0.452024191166869,70.84444444444445
6377,0.452024191166869,70.85555555555555
6378,0.452024191166869,70.86666666666667
6379,0.452024191166869,70.87777777777778
6380,0.452024191166869,70.88888888888889
6381,0.452024191166869,70.9
6382,0.452024191166869,70.91111111111111
6383,0.452024191166869,70.92222222222223
6384,0.452024191166869,70.93333333333334
6385,0.452024191166869,70.94444444444444
6386,0.452024191166869,70.95555555555556
6387,0.452024191166869,70.96666666666667
6388,0.452024191166869,70.97777777777777
6389,0.452024191166869,70.9888888888889
6390,0.452024191166869,71.0
6391,0.452024191166869,71.01111111111112
6392,0.452024191166869,71.02222222222223
6393,0.452024191166869,71.03333333333333
6394,0.452024191166869,71.04444444444445
6395,0.452024191166869,71.05555555555556
6396,0.452024191166869,71.06666666666666
6397,0.452024191166869,71.07777777777778
6398,0.452024191166869,71.08888888888889
6399,0.452024191166869,71.10000000000001
6400,0.452024191166869,71.11111111111111
6401,0.452024191166869,71.12222222222222
6402,0.452024191166869,71.13333333333334
6403,0.452024191166869,71.14444444444445
6404,0.452024191166869,71.15555555555555
6405,0.452024191166869,71.16666666666667
6406,0.452024191166869,71.17777777777778
6407,0.452024191166869,71.1888888888889
6408,0.452024191166869,71.2
6409,0.452024191166869,71.21111111111111
6410,0.452024191166869,71.22222222222223
6411,0.452024191166869,71.23333333333333
6412,0.452024191166869,71.24444444444445
6413,0.452024191166869,71.25555555555556
6414,0.452024191166869,71.26666666666667
6415,0.452024191166869,71.27777777777779
6416,0.452024191166869,71.28888888888889
6417,0.452024191166869,71.3
6418,0.452024191166869,71.31111111111112
6419,0.452024191166869,71.32222222222222
6420,0.452024191166869,71.33333333333334
6421,0.452024191166869,71.34444444444445
6422,0.452024191166869,71.35555555555555
6423,0.452024191166869,71.36666666666667
6424,0.452024191166869,71.37777777777778
6425,0.452024191166869,71.38888888888889
6426,0.452024191166869,71.4
6427,0.452024191166869,71.41111111111111
6428,0.452024191166869,71.42222222222223
6429,0.452024191166869,71.43333333333334
6430,0.452024191166869,71.44444444444444
6431,0.452024191166869,71.45555555555556
6432,0.452024191166869,71.46666666666667
6433,0.452024191166869,71.47777777777777
6434,0.452024191166869,71.4888888888889
6435,0.452024191166869,71.5
6436,0.452024191166869,71.51111111111112
6437,0.452024191166869,71.52222222222223
6438,0.452024191166869,71.53333333333333
6439,0.452024191166869,71.54444444444445
6440,0.452024191166869,71.55555555555556
6441,0.452024191166869,71.56666666666666
6442,0.452024191166869,71.57777777777778
6443,0.452024191166869,71.58888888888889
6444,0.452024191166869,71.60000000000001
6445,0.452024191166869,71.61111111111111
6446,0.452024191166869,71.62222222222222
6447,0.452024191166869,71.63333333333334
6448,0.452024191166869,71.64444444444445
6449,0.452024191166869,71.65555555555555
6450,0.452024191166869,71.66666666666667
6451,0.452024191166869,71.67777777777778
6452,0.452024191166869,71.6888888888889
6453,0.452024191166869,71.7
6454,0.452024191166869,71.71111111111111
6455,0.452024191166869,71.72222222222223
6456,0.452024191166869,71.73333333333333
6457,0.452024191166869,71.74444444444445
6458,0.452024191166869,71.75555555555556
6459,0.452024191166869,71.76666666666667
6460,0.452024191166869,71.77777777777779
6461,0.452024191166869,71.78888888888889
6462,0.452024191166869,71.8
6463,0.452024191166869,71.81111111111112
6464,0.452024191166869,71.82222222222222
6465,0.452024191166869,71.83333333333334
6466,0.452024191166869,71.84444444444445
6467,0.452024191166869,71.85555555555555
6468,0.452024191166869,71.86666666666667
6469,0.452024191166869,71.87777777777778
6470,0.452024191166869,71.88888888888889
6471,0.452024191166869,71.9
6472,0.452024191166869,71.91111111111111
6473,0.452024191166869,71.92222222222223
6474,0.452024191166869,71.93333333333334
6475,0.452024191166869,71.94444444444444
6476,0.452024191166869,71.95555555555556
6477,0.452024191166869,71.96666666666667
6478,0.452024191166869,71.97777777777777
6479,0.452024191166869,71.9888888888889
6480,0.452024191166869,72.0
6481,0.452024191166869,72.01111111111112
6482,0.452024191166869,72.02222222222223
6483,0.452024191166869,72.03333333333333
6484,0.452024191166869,72.04444444444445
6485,0.452024191166869,72.05555555555556
6486,0.452024191166869,72.06666666666666
6487,0.452024191166869,72.07777777777778
6488,0.452024191166869,72.08888888888889
6489,0.452024191166869,72.10000000000001
6490,0.452024191166869,72.11111111111111
6491,0.452024191166869,72.12222222222222
6492,0.452024191166869,72.13333333333334
6493,0.452024191166869,72.14444444444445
6494,0.452024191166869,72.15555555555555
6495,0.452024191166869,72.16666666666667
6496,0.452024191166869,72.17777777777778
6497,0.452024191166869,72.1888888888889
6498,0.452024191166869,72.2
6499,0.452024191166869,72.21111111111111
6500,0.452024191166869,72.22222222222223
6501,0.452024191166869,72.23333333333333
6502,0.452024191166869,72.24444444444445
6503,0.452024191166869,72.25555555555556
6504,0.452024191166869,72.26666666666667
6505,0.452024191166869,72.27777777777779
6506,0.452024191166869,72.28888888888889
6507,0.452024191166869,72.3
6508,0.452024191166869,72.31111111111112
6509,0.452024191166869,72.32222222222222
6510,0.452024191166869,72.33333333333334
6511,0.452024191166869,72.34444444444445
6512,0.452024191166869,72.35555555555555
6513,0.452024191166869,72.36666666666667
6514,0.452024191166869,72.37777777777778
6515,0.452024191166869,72.38888888888889
6516,0.452024191166869,72.4
6517,0.452024191166869,72.41111111111111
6518,0.452024191166869,72.42222222222223
6519,0.452024191166869,72.43333333333334
6520,0.452024191166869,72.44444444444444
6521,0.452024191166869,72.45555555555556
6522,0.452024191166869,72.46666666666667
6523,0.452024191166869,72.47777777777777
6524,0.452024191166869,72.4888888888889
6525,0.452024191166869,72.5
6526,0.452024191166869,72.51111111111112
6527,0.452024191166869,72.52222222222223
6528,0.452024191166869,72.53333333333333
6529,0.452024191166869,72.54444444444445
6530,0.452024191166869,72.55555555555556
6531,0.452024191166869,72.56666666666666
6532,0.452024191166869,72.57777777777778
6533,0.452024191166869,72.58888888888889
6534,0.452024191166869,72.60000000000001
6535,0.452024191166869,72.61111111111111
6536,0.452024191166869,72.62222222222222
6537,0.452024191166869,72.63333333333334
6538,0.452024191166869,72.64444444444445
6539,0.452024191166869,72.65555555555555
6540,0.452024191166869,72.66666666666667
6541,0.452024191166869,72.67777777777778
6542,0.452024191166869,72.6888888888889
6543,0.452024191166869,72.7
6544,0.452024191166869,72.71111111111111
6545,0.452024191166869,72.72222222222223
6546,0.452024191166869,72.73333333333333
6547,0.452024191166869,72.74444444444445
6548,0.452024191166869,72.75555555555556
6549,0.452024191166869,72.76666666666667
6550,0.452024191166869,72.77777777777779
6551,0.452024191166869,72.78888888888889
6552,0.452024191166869,72.8
6553,0.452024191166869,72.81111111111112
6554,0.452024191166869,72.82222222222222
6555,0.452024191166869,72.83333333333334
6556,0.452024191166869,72.84444444444445
6557,0.452024191166869,72.85555555555555
6558,0.452024191166869,72.86666666666667
6559,0.452024191166869,72.87777777777778
6560,0.452024191166869,72.88888888888889
6561,0.452024191166869,72.9
6562,0.452024191166869,72.91111111111111
6563,0.452024191166869,72.92222222222223
6564,0.452024191166869,72.93333333333334
6565,0.452024191166869,72.94444444444444
6566,0.452024191166869,72.95555555555556
6567,0.452024191166869,72.96666666666667
6568,0.452024191166869,72.97777777777777
6569,0.452024191166869,72.9888888888889
6570,0.452024191166869,73.0
6571,0.452024191166869,73.01111111111112
6572,0.452024191166869,73.02222222222223
6573,0.452024191166869,73.03333333333333
6574,0.452024191166869,73.04444444444445
6575,0.452024191166869,73.05555555555556
6576,0.452024191166869,73.06666666666666
6577,0.452024191166869,73.07777777777778
6578,0.452024191166869,73.08888888888889
6579,0.452024191166869,73.10000000000001
6580,0.452024191166869,73.11111111111111
6581,0.452024191166869,73.12222222222222
6582,0.452024191166869,73.13333333333334
6583,0.452024191166869,73.14444444444445
6584,0.452024191166869,73.15555555555555
6585,0.452024191166869,73.16666666666667
6586,0.452024191166869,73.17777777777778
6587,0.452024191166869,73.1888888888889
6588,0.452024191166869,73.2
6589,0.452024191166869,73.21111111111111
6590,0.452024191166869,73.22222222222223
6591,0.452024191166869,73.23333333333333
6592,0.452024191166869,73.24444444444445
6593,0.452024191166869,73.25555555555556
6594,0.452024191166869,73.26666666666667
6595,0.452024191166869,73.27777777777779
6596,0.452024191166869,73.28888888888889
6597,0.452024191166869,73.3
6598,0.452024191166869,73.31111111111112
6599,0.452024191166869,73.32222222222222
6600,0.452024191166869,73.33333333333334
6601,0.452024191166869,73.34444444444445
6602,0.452024191166869,73.35555555555555
6603,0.452024191166869,73.36666666666667
6604,0.452024191166869,73.37777777777778
6605,0.452024191166869,73.38888888888889
6606,0.452024191166869,73.4
6607,0.452024191166869,73.41111111111111
6608,0.452024191166869,73.42222222222223
6609,0.452024191166869,73.43333333333334
6610,0.452024191166869,73.44444444444444
6611,0.452024191166869,73.45555555555556
6612,0.452024191166869,73.46666666666667
6613,0.452024191166869,73.47777777777777
6614,0.452024191166869,73.4888888888889
6615,0.452024191166869,73.5
6616,0.452024191166869,73.51111111111112
6617,0.452024191166869,73.52222222222223
6618,0.452024191166869,73.53333333333333
6619,0.452024191166869,73.54444444444445
6620,0.452024191166869,73.55555555555556
6621,0.452024191166869,73.56666666666666
6622,0.452024191166869,73.57777777777778
6623,0.452024191166869,73.58888888888889
6624,0.452024191166869,73.60000000000001
6625,0.452024191166869,73.61111111111111
6626,0.452024191166869,73.62222222222222
6627,0.452024191166869,73.63333333333334
6628,0.452024191166869,73.64444444444445
6629,0.452024191166869,73.65555555555555
6630,0.452024191166869,73.66666666666667
6631,0.452024191166869,73.67777777777778
6632,0.452024191166869,73.6888888888889
6633,0.452024191166869,73.7
6634,0.452024191166869,73.71111111111111
6635,0.452024191166869,73.72222222222223
6636,0.452024191166869,73.73333333333333
6637,0.452024191166869,73.74444444444445
6638,0.452024191166869,73.75555555555556
6639,0.452024191166869,73.76666666666667
6640,0.452024191166869,73.77777777777779
6641,0.452024191166869,73.78888888888889
6642,0.452024191166869,73.8
6643,0.452024191166869,73.81111111111112
6644,0.452024191166869,73.82222222222222
6645,0.452024191166869,73.83333333333334
6646,0.452024191166869,73.84444444444445
6647,0.452024191166869,73.85555555555555
6648,0.452024191166869,73.86666666666667
6649,0.452024191166869,73.87777777777778
6650,0.452024191166869,73.88888888888889
6651,0.452024191166869,73.9
6652,0.452024191166869,73.91111111111111
6653,0.452024191166869,73.92222222222223
6654,0.452024191166869,73.93333333333334
6655,0.452024191166869,73.94444444444444
6656,0.452024191166869,73.95555555555556
6657,0.452024191166869,73.96666666666667
6658,0.452024191166869,73.97777777777777
6659,0.452024191166869,73.9888888888889
6660,0.452024191166869,74.0
6661,0.452024191166869,74.01111111111112
6662,0.452024191166869,74.02222222222223
6663,0.452024191166869,74.03333333333333
6664,0.452024191166869,74.04444444444445
6665,0.452024191166869,74.05555555555556
6666,0.452024191166869,74.06666666666666
6667,0.452024191166869,74.07777777777778
6668,0.452024191166869,74.08888888888889
6669,0.452024191166869,74.10000000000001
6670,0.452024191166869,74.11111111111111
6671,0.452024191166869,74.12222222222222
6672,0.452024191166869,74.13333333333334
6673,0.452024191166869,74.14444444444445
6674,0.452024191166869,74.15555555555555
6675,0.452024191166869,74.16666666666667
6676,0.452024191166869,74.17777777777778
6677,0.452024191166869,74.1888888888889
6678,0.452024191166869,74.2
6679,0.452024191166869,74.21111111111111
6680,0.452024191166869,74.22222222222223
6681,0.452024191166869,74.23333333333333
6682,0.452024191166869,74.24444444444445
6683,0.452024191166869,74.25555555555556
6684,0.452024191166869,74.26666666666667
6685,0.452024191166869,74.27777777777779
6686,0.452024191166869,74.28888888888889
6687,0.452024191166869,74.3
6688,0.452024191166869,74.31111111111112
6689,0.452024191166869,74.32222222222222
6690,0.452024191166869,74.33333333333334
6691,0.452024191166869,74.34444444444445
6692,0.452024191166869,74.35555555555555
6693,0.452024191166869,74.36666666666667
6694,0.452024191166869,74.37777777777778
6695,0.452024191166869,74.38888888888889
6696,0.452024191166869,74.4
6697,0.452024191166869,74.41111111111111
6698,0.452024191166869,74.42222222222223
6699,0.452024191166869,74.43333333333334
6700,0.452024191166869,74.44444444444444
6701,0.452024191166869,74.45555555555556
6702,0.452024191166869,74.46666666666667
6703,0.452024191166869,74.47777777777777
6704,0.452024191166869,74.4888888888889
6705,0.452024191166869,74.5
6706,0.452024191166869,74.51111111111112
6707,0.452024191166869,74.52222222222223
6708,0.452024191166869,74.53333333333333
6709,0.452024191166869,74.54444444444445
6710,0.452024191166869,74.55555555555556
6711,0.452024191166869,74.56666666666666
6712,0.452024191166869,74.57777777777778
6713,0.452024191166869,74.58888888888889
6714,0.452024191166869,74.60000000000001
6715,0.452024191166869,74.61111111111111
6716,0.452024191166869,74.62222222222222
6717,0.452024191166869,74.63333333333334
6718,0.452024191166869,74.64444444444445
6719,0.452024191166869,74.65555555555555
6720,0.452024191166869,74.66666666666667
6721,0.452024191166869,74.67777777777778
6722,0.452024191166869,74.6888888888889
6723,0.452024191166869,74.7
6724,0.452024191166869,74.71111111111111
6725,0.452024191166869,74.72222222222223
6726,0.452024191166869,74.73333333333333
6727,0.452024191166869,74.74444444444445
6728,0.452024191166869,74.75555555555556
6729,0.452024191166869,74.76666666666667
6730,0.452024191166869,74.77777777777779
6731,0.452024191166869,74.78888888888889
6732,0.452024191166869,74.8
6733,0.452024191166869,74.81111111111112
6734,0.452024191166869,74.82222222222222
6735,0.452024191166869,74.83333333333334
6736,0.452024191166869,74.84444444444445
6737,0.452024191166869,74.85555555555555
6738,0.452024191166869,74.86666666666667
6739,0.452024191166869,74.87777777777778
6740,0.452024191166869,74.88888888888889
6741,0.452024191166869,74.9
6742,0.452024191166869,74.91111111111111
6743,0.452024191166869,74.92222222222223
6744,0.452024191166869,74.93333333333334
6745,0.452024191166869,74.94444444444444
6746,0.452024191166869,74.95555555555556
6747,0.452024191166869,74.96666666666667
6748,0.452024191166869,74.97777777777777
6749,0.452024191166869,74.9888888888889
6750,0.452024191166869,75.0
6751,0.452024191166869,75.01111111111112
6752,0.452024191166869,75.02222222222223
6753,0.452024191166869,75.03333333333333
6754,0.452024191166869,75.04444444444445
6755,0.452024191166869,75.05555555555556
6756,0.452024191166869,75.06666666666666
6757,0.452024191166869,75.07777777777778
6758,0.452024191166869,75.08888888888889
6759,0.452024191166869,75.10000000000001
6760,0.452024191166869,75.11111111111111
6761,0.452024191166869,75.12222222222222
6762,0.452024191166869,75.13333333333334
6763,0.452024191166869,75.14444444444445
6764,0.452024191166869,75.15555555555555
6765,0.452024191166869,75.16666666666667
6766,0.452024191166869,75.17777777777778
6767,0.452024191166869,75.1888888888889
6768,0.452024191166869,75.2
6769,0.452024191166869,75.21111111111111
6770,0.452024191166869,75.22222222222223
6771,0.452024191166869,75.23333333333333
6772,0.452024191166869,75.24444444444445
6773,0.452024191166869,75.25555555555556
6774,0.452024191166869,75.26666666666667
6775,0.452024191166869,75.27777777777779
6776,0.452024191166869,75.28888888888889
6777,0.452024191166869,75.3
6778,0.452024191166869,75.31111111111112
6779,0.452024191166869,75.32222222222222
6780,0.452024191166869,75.33333333333334
6781,0.452024191166869,75.34444444444445
6782,0.452024191166869,75.35555555555555
6783,0.452024191166869,75.36666666666667
6784,0.452024191166869,75.37777777777778
6785,0.452024191166869,75.38888888888889
6786,0.452024191166869,75.4
6787,0.452024191166869,75.41111111111111
6788,0.452024191166869,75.42222222222223
6789,0.452024191166869,75.43333333333334
6790,0.452024191166869,75.44444444444444
6791,0.452024191166869,75.45555555555556
6792,0.452024191166869,75.46666666666667
6793,0.452024191166869,75.47777777777777
6794,0.452024191166869,75.4888888888889
6795,0.452024191166869,75.5
6796,0.452024191166869,75.51111111111112
6797,0.452024191166869,75.52222222222223
6798,0.452024191166869,75.53333333333333
6799,0.452024191166869,75.54444444444445
6800,0.452024191166869,75.55555555555556
6801,0.452024191166869,75.56666666666666
6802,0.452024191166869,75.57777777777778
6803,0.452024191166869,75.58888888888889
6804,0.452024191166869,75.60000000000001
6805,0.452024191166869,75.61111111111111
6806,0.452024191166869,75.62222222222222
6807,0.452024191166869,75.63333333333334
6808,0.452024191166869,75.64444444444445
6809,0.452024191166869,75.65555555555555
6810,0.452024191166869,75.66666666666667
6811,0.452024191166869,75.67777777777778
6812,0.452024191166869,75.6888888888889
6813,0.452024191166869,75.7
6814,0.452024191166869,75.71111111111111
6815,0.452024191166869,75.72222222222223
6816,0.452024191166869,75.73333333333333
6817,0.452024191166869,75.74444444444445
6818,0.452024191166869,75.75555555555556
6819,0.452024191166869,75.76666666666667
6820,0.452024191166869,75.77777777777779
6821,0.452024191166869,75.78888888888889
6822,0.452024191166869,75.8
6823,0.452024191166869,75.81111111111112
6824,0.452024191166869,75.82222222222222
6825,0.452024191166869,75.83333333333334
6826,0.452024191166869,75.84444444444445
6827,0.452024191166869,75.85555555555555
6828,0.452024191166869,75.86666666666667
6829,0.452024191166869,75.87777777777778
6830,0.452024191166869,75.88888888888889
6831,0.452024191166869,75.9
6832,0.452024191166869,75.91111111111111
6833,0.452024191166869,75.92222222222223
6834,0.452024191166869,75.93333333333334
6835,0.452024191166869,75.94444444444444
6836,0.452024191166869,75.95555555555556
6837,0.452024191166869,75.96666666666667
6838,0.452024191166869,75.97777777777777
6839,0.452024191166869,75.9888888888889
6840,0.452024191166869,76.0
6841,0.452024191166869,76.01111111111112
6842,0.452024191166869,76.02222222222223
6843,0.452024191166869,76.03333333333333
6844,0.452024191166869,76.04444444444445
6845,0.452024191166869,76.05555555555556
6846,0.452024191166869,76.06666666666666
6847,0.452024191166869,76.07777777777778
6848,0.452024191166869,76.08888888888889
6849,0.452024191166869,76.10000000000001
6850,0.452024191166869,76.11111111111111
6851,0.452024191166869,76.12222222222222
6852,0.452024191166869,76.13333333333334
6853,0.452024191166869,76.14444444444445
6854,0.452024191166869,76.15555555555555
6855,0.452024191166869,76.16666666666667
6856,0.452024191166869,76.17777777777778
6857,0.452024191166869,76.1888888888889
6858,0.452024191166869,76.2
6859,0.452024191166869,76.21111111111111
6860,0.452024191166869,76.22222222222223
6861,0.452024191166869,76.23333333333333
6862,0.452024191166869,76.24444444444445
6863,0.452024191166869,76.25555555555556
6864,0.452024191166869,76.26666666666667
6865,0.452024191166869,76.27777777777779
6866,0.452024191166869,76.28888888888889
6867,0.452024191166869,76.3
6868,0.452024191166869,76.31111111111112
6869,0.452024191166869,76.32222222222222
6870,0.452024191166869,76.33333333333334
6871,0.452024191166869,76.34444444444445
6872,0.452024191166869,76.35555555555555
6873,0.452024191166869,76.36666666666667
6874,0.452024191166869,76.37777777777778
6875,0.452024191166869,76.38888888888889
6876,0.452024191166869,76.4
6877,0.452024191166869,76.41111111111111
6878,0.452024191166869,76.42222222222223
6879,0.452024191166869,76.43333333333334
6880,0.452024191166869,76.44444444444444
6881,0.452024191166869,76.45555555555556
6882,0.452024191166869,76.46666666666667
6883,0.452024191166869,76.47777777777777
6884,0.452024191166869,76.4888888888889
6885,0.452024191166869,76.5
6886,0.452024191166869,76.51111111111112
6887,0.4526460237073662,76.52222222222223
6888,0.453889688788359,76.53333333333333
6889,0.453889688788359,76.54444444444445
6890,0.453889688788359,76.55555555555556
6891,0.453889688788359,76.56666666666666
6892,0.453889688788359,76.57777777777778
6893,0.453889688788359,76.58888888888889
6894,0.453889688788359,76.60000000000001
6895,0.453889688788359,76.61111111111111
6896,0.453889688788359,76.62222222222222
6897,0.453889688788359,76.63333333333334
6898,0.453889688788359,76.64444444444445
6899,0.453889688788359,76.65555555555555
6900,0.453889688788359,76.66666666666667
6901,0.453889688788359,76.67777777777778
6902,0.453889688788359,76.6888888888889
6903,0.453889688788359,76.7
6904,0.453889688788359,76.71111111111111
6905,0.453889688788359,76.72222222222223
6906,0.453889688788359,76.73333333333333
6907,0.453889688788359,76.74444444444445
6908,0.453889688788359,76.75555555555556
6909,0.453889688788359,76.76666666666667
6910,0.453889688788359,76.77777777777779
6911,0.453889688788359,76.78888888888889
6912,0.453889688788359,76.8
6913,0.453889688788359,76.81111111111112
6914,0.453889688788359,76.82222222222222
6915,0.453889688788359,76.83333333333334
6916,0.453889688788359,76.84444444444445
6917,0.453889688788359,76.85555555555555
6918,0.453889688788359,76.86666666666667
6919,0.453889688788359,76.87777777777778
6920,0.453889688788359,76.88888888888889
6921,0.453889688788359,76.9
6922,0.453889688788359,76.91111111111111
6923,0.453889688788359,76.92222222222223
6924,0.453889688788359,76.93333333333334
6925,0.453889688788359,76.94444444444444
6926,0.453889688788359,76.95555555555556
6927,0.453889688788359,76.96666666666667
6928,0.453889688788359,76.97777777777777
6929,0.453889688788359,76.9888888888889
6930,0.453889688788359,77.0
6931,0.453889688788359,77.01111111111112
6932,0.453889688788359,77.02222222222223
6933,0.453889688788359,77.03333333333333
6934,0.453889688788359,77.04444444444445
6935,0.453889688788359,77.05555555555556
6936,0.453889688788359,77.06666666666666
6937,0.453889688788359,77.07777777777778
6938,0.453889688788359,77.08888888888889
6939,0.453889688788359,77.10000000000001
6940,0.453889688788359,77.11111111111111
6941,0.453889688788359,77.12222222222222
6942,0.453889688788359,77.13333333333334
6943,0.453889688788359,77.14444444444445
6944,0.453889688788359,77.15555555555555
6945,0.453889688788359,77.16666666666667
6946,0.453889688788359,77.17777777777778
6947,0.453889688788359,77.1888888888889
6948,0.453889688788359,77.2
6949,0.453889688788359,77.21111111111111
6950,0.453889688788359,77.22222222222223
6951,0.453889688788359,77.23333333333333
6952,0.453889688788359,77.24444444444445
6953,0.453889688788359,77.25555555555556
6954,0.453889688788359,77.26666666666667
6955,0.453889688788359,77.27777777777779
6956,0.453889688788359,77.28888888888889
6957,0.453889688788359,77.3
6958,0.453889688788359,77.31111111111112
6959,0.453889688788359,77.32222222222222
6960,0.453889688788359,77.33333333333334
6961,0.453889688788359,77.34444444444445
6962,0.453889688788359,77.35555555555555
6963,0.453889688788359,77.36666666666667
6964,0.453889688788359,77.37777777777778
6965,0.453889688788359,77.38888888888889
6966,0.453889688788359,77.4
6967,0.453889688788359,77.41111111111111
6968,0.453889688788359,77.42222222222223
6969,0.453889688788359,77.43333333333334
6970,0.453889688788359,77.44444444444444
6971,0.453889688788359,77.45555555555556
6972,0.453889688788359,77.46666666666667
6973,0.453889688788359,77.47777777777777
6974,0.453889688788359,77.4888888888889
6975,0.453889688788359,77.5
6976,0.453889688788359,77.51111111111112
6977,0.453889688788359,77.52222222222223
6978,0.453889688788359,77.53333333333333
6979,0.453889688788359,77.54444444444445
6980,0.453889688788359,77.55555555555556
6981,0.453889688788359,77.56666666666666
6982,0.453889688788359,77.57777777777778
6983,0.453889688788359,77.58888888888889
6984,0.453889688788359,77.60000000000001
6985,0.453889688788359,77.61111111111111
6986,0.453889688788359,77.62222222222222
6987,0.453889688788359,77.63333333333334
6988,0.453889688788359,77.64444444444445
6989,0.453889688788359,77.65555555555555
6990,0.453889688788359,77.66666666666667
6991,0.453889688788359,77.67777777777778
6992,0.453889688788359,77.6888888888889
6993,0.453889688788359,77.7
6994,0.453889688788359,77.71111111111111
6995,0.453889688788359,77.72222222222223
6996,0.453889688788359,77.73333333333333
6997,0.453889688788359,77.74444444444445
6998,0.453889688788359,77.75555555555556
6999,0.453889688788359,77.76666666666667
7000,0.453889688788359,77.77777777777779
7001,0.453889688788359,77.78888888888889
7002,0.453889688788359,77.8
7003,0.453889688788359,77.81111111111112
7004,0.453889688788359,77.82222222222222
7005,0.453889688788359,77.83333333333334
7006,0.453889688788359,77.84444444444445
7007,0.453889688788359,77.85555555555555
7008,0.453889688788359,77.86666666666667
7009,0.453889688788359,77.87777777777778
7010,0.453889688788359,77.88888888888889
7011,0.453889688788359,77.9
7012,0.453889688788359,77.91111111111111
7013,0.453889688788359,77.92222222222223
7014,0.453889688788359,77.93333333333334
7015,0.453889688788359,77.94444444444444
7016,0.453889688788359,77.95555555555556
7017,0.453889688788359,77.96666666666667
7018,0.453889688788359,77.97777777777777
7019,0.453889688788359,77.9888888888889
7020,0.453889688788359,78.0
7021,0.453889688788359,78.01111111111112
7022,0.453889688788359,78.02222222222223
7023,0.453889688788359,78.03333333333333
7024,0.453889688788359,78.04444444444445
7025,0.453889688788359,78.05555555555556
7026,0.453889688788359,78.06666666666666
7027,0.453889688788359,78.07777777777778
7028,0.453889688788359,78.08888888888889
7029,0.453889688788359,78.10000000000001
7030,0.453889688788359,78.11111111111111
7031,0.453889688788359,78.12222222222222
7032,0.453889688788359,78.13333333333334
7033,0.453889688788359,78.14444444444445
7034,0.453889688788359,78.15555555555555
7035,0.453889688788359,78.16666666666667
7036,0.453889688788359,78.17777777777778
7037,0.453889688788359,78.1888888888889
7038,0.453889688788359,78.2
7039,0.453889688788359,78.21111111111111
7040,0.453889688788359,78.22222222222223
7041,0.453889688788359,78.23333333333333
7042,0.453889688788359,78.24444444444445
7043,0.453889688788359,78.25555555555556
7044,0.453889688788359,78.26666666666667
7045,0.453889688788359,78.27777777777779
7046,0.453889688788359,78.28888888888889
7047,0.453889688788359,78.3
7048,0.453889688788359,78.31111111111112
7049,0.453889688788359,78.32222222222222
7050,0.453889688788359,78.33333333333334
7051,0.453889688788359,78.34444444444445
7052,0.453889688788359,78.35555555555555
7053,0.453889688788359,78.36666666666667
7054,0.453889688788359,78.37777777777778
7055,0.453889688788359,78.38888888888889
7056,0.453889688788359,78.4
7057,0.453889688788359,78.41111111111111
7058,0.453889688788359,78.42222222222223
7059,0.453889688788359,78.43333333333334
7060,0.453889688788359,78.44444444444444
7061,0.453889688788359,78.45555555555556
7062,0.453889688788359,78.46666666666667
7063,0.453889688788359,78.47777777777777
7064,0.453889688788359,78.4888888888889
7065,0.453889688788359,78.5
7066,0.453889688788359,78.51111111111112
7067,0.453889688788359,78.52222222222223
7068,0.453889688788359,78.53333333333333
7069,0.453889688788359,78.54444444444445
7070,0.453889688788359,78.55555555555556
7071,0.453889688788359,78.56666666666666
7072,0.453889688788359,78.57777777777778
7073,0.453889688788359,78.58888888888889
7074,0.453889688788359,78.60000000000001
7075,0.453889688788359,78.61111111111111
7076,0.453889688788359,78.62222222222222
7077,0.453889688788359,78.63333333333334
7078,0.453889688788359,78.64444444444445
7079,0.453889688788359,78.65555555555557
7080,0.453889688788359,78.66666666666667
7081,0.453889688788359,78.67777777777778
7082,0.453889688788359,78.6888888888889
7083,0.453889688788359,78.7
7084,0.453889688788359,78.71111111111111
7085,0.453889688788359,78.72222222222223
7086,0.453889688788359,78.73333333333333
7087,0.453889688788359,78.74444444444445
7088,0.453889688788359,78.75555555555556
7089,0.453889688788359,78.76666666666667
7090,0.453889688788359,78.77777777777779
7091,0.453889688788359,78.78888888888889
7092,0.453889688788359,78.8
7093,0.453889688788359,78.81111111111112
7094,0.453889688788359,78.82222222222222
7095,0.453889688788359,78.83333333333334
7096,0.453889688788359,78.84444444444445
7097,0.453889688788359,78.85555555555555
7098,0.453889688788359,78.86666666666667
7099,0.453889688788359,78.87777777777778
7100,0.453889688788359,78.88888888888889
7101,0.453889688788359,78.9
7102,0.453889688788359,78.91111111111111
7103,0.453889688788359,78.92222222222223
7104,0.453889688788359,78.93333333333334
7105,0.453889688788359,78.94444444444444
7106,0.453889688788359,78.95555555555556
7107,0.453889688788359,78.96666666666667
7108,0.453889688788359,78.97777777777777
7109,0.453889688788359,78.9888888888889
7110,0.453889688788359,79.0
7111,0.453889688788359,79.01111111111112
7112,0.453889688788359,79.02222222222223
7113,0.453889688788359,79.03333333333333
7114,0.453889688788359,79.04444444444445
7115,0.453889688788359,79.05555555555556
7116,0.453889688788359,79.06666666666666
7117,0.453889688788359,79.07777777777778
7118,0.453889688788359,79.08888888888889
7119,0.453889688788359,79.10000000000001
7120,0.453889688788359,79.11111111111111
7121,0.453889688788359,79.12222222222222
7122,0.453889688788359,79.13333333333334
7123,0.453889688788359,79.14444444444445
7124,0.453889688788359,79.15555555555557
7125,0.453889688788359,79.16666666666667
7126,0.453889688788359,79.17777777777778
7127,0.453889688788359,79.1888888888889
7128,0.453889688788359,79.2
7129,0.453889688788359,79.21111111111111
7130,0.453889688788359,79.22222222222223
7131,0.453889688788359,79.23333333333333
7132,0.453889688788359,79.24444444444445
7133,0.453889688788359,79.25555555555556
7134,0.453889688788359,79.26666666666667
7135,0.453889688788359,79.27777777777779
7136,0.453889688788359,79.28888888888889
7137,0.453889688788359,79.3
7138,0.453889688788359,79.31111111111112
7139,0.453889688788359,79.32222222222222
7140,0.453889688788359,79.33333333333334
7141,0.453889688788359,79.34444444444445
7142,0.453889688788359,79.35555555555555
7143,0.453889688788359,79.36666666666667
7144,0.453889688788359,79.37777777777778
7145,0.453889688788359,79.38888888888889
7146,0.453889688788359,79.4
7147,0.453889688788359,79.41111111111111
7148,0.453889688788359,79.42222222222223
7149,0.453889688788359,79.43333333333334
7150,0.453889688788359,79.44444444444444
7151,0.453889688788359,79.45555555555556
7152,0.453889688788359,79.46666666666667
7153,0.453889688788359,79.47777777777777
7154,0.453889688788359,79.4888888888889
7155,0.453889688788359,79.5
7156,0.453889688788359,79.51111111111112
7157,0.453889688788359,79.52222222222223
7158,0.453889688788359,79.53333333333333
7159,0.453889688788359,79.54444444444445
7160,0.453889688788359,79.55555555555556
7161,0.453889688788359,79.56666666666666
7162,0.453889688788359,79.57777777777778
7163,0.453889688788359,79.58888888888889
7164,0.453889688788359,79.60000000000001
7165,0.453889688788359,79.61111111111111
7166,0.453889688788359,79.62222222222222
7167,0.453889688788359,79.63333333333334
7168,0.453889688788359,79.64444444444445
7169,0.453889688788359,79.65555555555557
7170,0.453889688788359,79.66666666666667
7171,0.453889688788359,79.67777777777778
7172,0.453889688788359,79.6888888888889
7173,0.453889688788359,79.7
7174,0.453889688788359,79.71111111111111
7175,0.453889688788359,79.72222222222223
7176,0.453889688788359,79.73333333333333
7177,0.453889688788359,79.74444444444445
7178,0.453889688788359,79.75555555555556
7179,0.453889688788359,79.76666666666667
7180,0.453889688788359,79.77777777777779
7181,0.453889688788359,79.78888888888889
7182,0.453889688788359,79.8
7183,0.453889688788359,79.81111111111112
7184,0.453889688788359,79.82222222222222
7185,0.453889688788359,79.83333333333334
7186,0.453889688788359,79.84444444444445
7187,0.453889688788359,79.85555555555555
7188,0.453889688788359,79.86666666666667
7189,0.453889688788359,79.87777777777778
7190,0.453889688788359,79.88888888888889
7191,0.453889688788359,79.9
7192,0.453889688788359,79.91111111111111
7193,0.453889688788359,79.92222222222223
7194,0.453889688788359,79.93333333333334
7195,0.453889688788359,79.94444444444444
7196,0.453889688788359,79.95555555555556
7197,0.453889688788359,79.96666666666667
7198,0.453889688788359,79.97777777777777
7199,0.453889688788359,79.9888888888889
7200,0.453889688788359,80.0
7201,0.453889688788359,80.01111111111112
7202,0.453889688788359,80.02222222222223
7203,0.453889688788359,80.03333333333333
7204,0.453889688788359,80.04444444444445
7205,0.453889688788359,80.05555555555556
7206,0.453889688788359,80.06666666666666
7207,0.453889688788359,80.07777777777778
7208,0.453889688788359,80.08888888888889
7209,0.453889688788359,80.10000000000001
7210,0.453889688788359,80.11111111111111
7211,0.453889688788359,80.12222222222222
7212,0.453889688788359,80.13333333333334
7213,0.453889688788359,80.14444444444445
7214,0.453889688788359,80.15555555555557
7215,0.453889688788359,80.16666666666667
7216,0.453889688788359,80.17777777777778
7217,0.453889688788359,80.1888888888889
7218,0.453889688788359,80.2
7219,0.453889688788359,80.21111111111111
7220,0.453889688788359,80.22222222222223
7221,0.453889688788359,80.23333333333333
7222,0.453889688788359,80.24444444444445
7223,0.453889688788359,80.25555555555556
7224,0.453889688788359,80.26666666666667
7225,0.453889688788359,80.27777777777779
7226,0.453889688788359,80.28888888888889
7227,0.453889688788359,80.3
7228,0.453889688788359,80.31111111111112
7229,0.453889688788359,80.32222222222222
7230,0.453889688788359,80.33333333333334
7231,0.453889688788359,80.34444444444445
7232,0.453889688788359,80.35555555555555
7233,0.453889688788359,80.36666666666667
7234,0.453889688788359,80.37777777777778
7235,0.453889688788359,80.38888888888889
7236,0.453889688788359,80.4
7237,0.453889688788359,80.41111111111111
7238,0.453889688788359,80.42222222222223
7239,0.453889688788359,80.43333333333334
7240,0.453889688788359,80.44444444444444
7241,0.453889688788359,80.45555555555556
7242,0.453889688788359,80.46666666666667
7243,0.453889688788359,80.47777777777777
7244,0.453889688788359,80.4888888888889
7245,0.453889688788359,80.5
7246,0.453889688788359,80.51111111111112
7247,0.453889688788359,80.52222222222223
7248,0.453889688788359,80.53333333333333
7249,0.453889688788359,80.54444444444445
7250,0.453889688788359,80.55555555555556
7251,0.453889688788359,80.56666666666666
7252,0.453889688788359,80.57777777777778
7253,0.453889688788359,80.58888888888889
7254,0.453889688788359,80.60000000000001
7255,0.453889688788359,80.61111111111111
7256,0.453889688788359,80.62222222222222
7257,0.453889688788359,80.63333333333334
7258,0.453889688788359,80.64444444444445
7259,0.453889688788359,80.65555555555557
7260,0.453889688788359,80.66666666666667
7261,0.453889688788359,80.67777777777778
7262,0.453889688788359,80.6888888888889
7263,0.453889688788359,80.7
7264,0.453889688788359,80.71111111111111
7265,0.453889688788359,80.72222222222223
7266,0.453889688788359,80.73333333333333
7267,0.453889688788359,80.74444444444445
7268,0.453889688788359,80.75555555555556
7269,0.453889688788359,80.76666666666667
7270,0.453889688788359,80.77777777777779
7271,0.453889688788359,80.78888888888889
7272,0.453889688788359,80.8
7273,0.453889688788359,80.81111111111112
7274,0.453889688788359,80.82222222222222
7275,0.453889688788359,80.83333333333334
7276,0.453889688788359,80.84444444444445
7277,0.453889688788359,80.85555555555555
7278,0.453889688788359,80.86666666666667
7279,0.453889688788359,80.87777777777778
7280,0.453889688788359,80.88888888888889
7281,0.453889688788359,80.9
7282,0.453889688788359,80.91111111111111
7283,0.453889688788359,80.92222222222223
7284,0.453889688788359,80.93333333333334
7285,0.453889688788359,80.94444444444444
7286,0.453889688788359,80.95555555555556
7287,0.453889688788359,80.96666666666667
7288,0.453889688788359,80.97777777777777
7289,0.453889688788359,80.9888888888889
7290,0.453889688788359,81.0
7291,0.453889688788359,81.01111111111112
7292,0.453889688788359,81.02222222222223
7293,0.453889688788359,81.03333333333333
7294,0.453889688788359,81.04444444444445
7295,0.453889688788359,81.05555555555556
7296,0.453889688788359,81.06666666666666
7297,0.453889688788359,81.07777777777778
7298,0.453889688788359,81.08888888888889
7299,0.453889688788359,81.10000000000001
7300,0.453889688788359,81.11111111111111
7301,0.453889688788359,81.12222222222222
7302,0.453889688788359,81.13333333333334
7303,0.453889688788359,81.14444444444445
7304,0.453889688788359,81.15555555555557
7305,0.453889688788359,81.16666666666667
7306,0.453889688788359,81.17777777777778
7307,0.453889688788359,81.1888888888889
7308,0.453889688788359,81.2
7309,0.453889688788359,81.21111111111111
7310,0.453889688788359,81.22222222222223
7311,0.453889688788359,81.23333333333333
7312,0.453889688788359,81.24444444444445
7313,0.453889688788359,81.25555555555556
7314,0.453889688788359,81.26666666666667
7315,0.453889688788359,81.27777777777779
7316,0.453889688788359,81.28888888888889
7317,0.453889688788359,81.3
7318,0.453889688788359,81.31111111111112
7319,0.453889688788359,81.32222222222222
7320,0.453889688788359,81.33333333333334
7321,0.453889688788359,81.34444444444445
7322,0.453889688788359,81.35555555555555
7323,0.453889688788359,81.36666666666667
7324,0.453889688788359,81.37777777777778
7325,0.453889688788359,81.38888888888889
7326,0.453889688788359,81.4
7327,0.453889688788359,81.41111111111111
7328,0.453889688788359,81.42222222222223
7329,0.453889688788359,81.43333333333334
7330,0.453889688788359,81.44444444444444
7331,0.453889688788359,81.45555555555556
7332,0.453889688788359,81.46666666666667
7333,0.453889688788359,81.47777777777777
7334,0.453889688788359,81.4888888888889
7335,0.453889688788359,81.5
7336,0.453889688788359,81.51111111111112
7337,0.453889688788359,81.52222222222223
7338,0.453889688788359,81.53333333333333
7339,0.453889688788359,81.54444444444445
7340,0.453889688788359,81.55555555555556
7341,0.453889688788359,81.56666666666666
7342,0.453889688788359,81.57777777777778
7343,0.453889688788359,81.58888888888889
7344,0.453889688788359,81.60000000000001
7345,0.453889688788359,81.61111111111111
7346,0.453889688788359,81.62222222222222
7347,0.453889688788359,81.63333333333334
7348,0.453889688788359,81.64444444444445
7349,0.453889688788359,81.65555555555557
7350,0.453889688788359,81.66666666666667
7351,0.453889688788359,81.67777777777778
7352,0.453889688788359,81.6888888888889
7353,0.453889688788359,81.7
7354,0.453889688788359,81.71111111111111
7355,0.453889688788359,81.72222222222223
7356,0.453889688788359,81.73333333333333
7357,0.453889688788359,81.74444444444445
7358,0.453889688788359,81.75555555555556
7359,0.453889688788359,81.76666666666667
7360,0.453889688788359,81.77777777777779
7361,0.453889688788359,81.78888888888889
7362,0.453889688788359,81.8
7363,0.453889688788359,81.81111111111112
7364,0.453889688788359,81.82222222222222
7365,0.453889688788359,81.83333333333334
7366,0.453889688788359,81.84444444444445
7367,0.453889688788359,81.85555555555555
7368,0.453889688788359,81.86666666666667
7369,0.453889688788359,81.87777777777778
7370,0.453889688788359,81.88888888888889
7371,0.453889688788359,81.9
7372,0.453889688788359,81.91111111111111
7373,0.453889688788359,81.92222222222223
7374,0.453889688788359,81.93333333333334
7375,0.453889688788359,81.94444444444444
7376,0.453889688788359,81.95555555555556
7377,0.453889688788359,81.96666666666667
7378,0.453889688788359,81.97777777777777
7379,0.453889688788359,81.9888888888889
7380,0.453889688788359,82.0
7381,0.453889688788359,82.01111111111112
7382,0.453889688788359,82.02222222222223
7383,0.453889688788359,82.03333333333333
7384,0.453889688788359,82.04444444444445
7385,0.453889688788359,82.05555555555556
7386,0.453889688788359,82.06666666666666
7387,0.453889688788359,82.07777777777778
7388,0.453889688788359,82.08888888888889
7389,0.453889688788359,82.10000000000001
7390,0.453889688788359,82.11111111111111
7391,0.453889688788359,82.12222222222222
7392,0.453889688788359,82.13333333333334
7393,0.453889688788359,82.14444444444445
7394,0.453889688788359,82.15555555555557
7395,0.453889688788359,82.16666666666667
7396,0.453889688788359,82.17777777777778
7397,0.453889688788359,82.1888888888889
7398,0.453889688788359,82.2
7399,0.453889688788359,82.21111111111111
7400,0.453889688788359,82.22222222222223
7401,0.453889688788359,82.23333333333333
7402,0.453889688788359,82.24444444444445
7403,0.453889688788359,82.25555555555556
7404,0.453889688788359,82.26666666666667
7405,0.453889688788359,82.27777777777779
7406,0.453889688788359,82.28888888888889
7407,0.453889688788359,82.3
7408,0.453889688788359,82.31111111111112
7409,0.453889688788359,82.32222222222222
7410,0.453889688788359,82.33333333333334
7411,0.453889688788359,82.34444444444445
7412,0.453889688788359,82.35555555555555
7413,0.453889688788359,82.36666666666667
7414,0.453889688788359,82.37777777777778
7415,0.45317285545502567,82.38888888888889
7416,0.45173918878835895,82.4
7417,0.45173918878835895,82.41111111111111
7418,0.45173918878835895,82.42222222222223
7419,0.45173918878835895,82.43333333333334
7420,0.45173918878835895,82.44444444444444
7421,0.45173918878835895,82.45555555555556
7422,0.45173918878835895,82.46666666666667
7423,0.45173918878835895,82.47777777777777
7424,0.45173918878835895,82.4888888888889
7425,0.45173918878835895,82.5
7426,0.45173918878835895,82.51111111111112
7427,0.45173918878835895,82.52222222222223
7428,0.45173918878835895,82.53333333333333
7429,0.45173918878835895,82.54444444444445
7430,0.45173918878835895,82.55555555555556
7431,0.45173918878835895,82.56666666666666
7432,0.45173918878835895,82.57777777777778
7433,0.45173918878835895,82.58888888888889
7434,0.45173918878835895,82.60000000000001
7435,0.45173918878835895,82.61111111111111
7436,0.45173918878835895,82.62222222222222
7437,0.45173918878835895,82.63333333333334
7438,0.45173918878835895,82.64444444444445
7439,0.45173918878835895,82.65555555555557
7440,0.45173918878835895,82.66666666666667
7441,0.45173918878835895,82.67777777777778
7442,0.45173918878835895,82.6888888888889
7443,0.45173918878835895,82.7
7444,0.45173918878835895,82.71111111111111
7445,0.45173918878835895,82.72222222222223
7446,0.45173918878835895,82.73333333333333
7447,0.45173918878835895,82.74444444444445
7448,0.45173918878835895,82.75555555555556
7449,0.45173918878835895,82.76666666666667
7450,0.45173918878835895,82.77777777777779
7451,0.45173918878835895,82.78888888888889
7452,0.45173918878835895,82.8
7453,0.45173918878835895,82.81111111111112
7454,0.45173918878835895,82.82222222222222
7455,0.45173918878835895,82.83333333333334
7456,0.45173918878835895,82.84444444444445
7457,0.45173918878835895,82.85555555555555
7458,0.45173918878835895,82.86666666666667
7459,0.45173918878835895,82.87777777777778
7460,0.45173918878835895,82.88888888888889
7461,0.45173918878835895,82.9
7462,0.45173918878835895,82.91111111111111
7463,0.45173918878835895,82.92222222222223
7464,0.45173918878835895,82.93333333333334
7465,0.45173918878835895,82.94444444444444
7466,0.45173918878835895,82.95555555555556
7467,0.45173918878835895,82.96666666666667
7468,0.45173918878835895,82.97777777777777
7469,0.45173918878835895,82.9888888888889
7470,0.45173918878835895,83.0
7471,0.45173918878835895,83.01111111111112
7472,0.45173918878835895,83.02222222222223
7473,0.45173918878835895,83.03333333333333
7474,0.45173918878835895,83.04444444444445
7475,0.45173918878835895,83.05555555555556
7476,0.45173918878835895,83.06666666666666
7477,0.45173918878835895,83.07777777777778
7478,0.45173918878835895,83.08888888888889
7479,0.45173918878835895,83.10000000000001
7480,0.45173918878835895,83.11111111111111
7481,0.45173918878835895,83.12222222222222
7482,0.45173918878835895,83.13333333333334
7483,0.45173918878835895,83.14444444444445
7484,0.45173918878835895,83.15555555555557
7485,0.45173918878835895,83.16666666666667
7486,0.45173918878835895,83.17777777777778
7487,0.45173918878835895,83.1888888888889
7488,0.45173918878835895,83.2
7489,0.45173918878835895,83.21111111111111
7490,0.45173918878835895,83.22222222222223
7491,0.45173918878835895,83.23333333333333
7492,0.45173918878835895,83.24444444444445
7493,0.45173918878835895,83.25555555555556
7494,0.45173918878835895,83.26666666666667
7495,0.45173918878835895,83.27777777777779
7496,0.45173918878835895,83.28888888888889
7497,0.45173918878835895,83.3
7498,0.45173918878835895,83.31111111111112
7499,0.45173918878835895,83.32222222222222
7500,0.45173918878835895,83.33333333333334
7501,0.45173918878835895,83.34444444444445
7502,0.45173918878835895,83.35555555555555
7503,0.45173918878835895,83.36666666666667
7504,0.45173918878835895,83.37777777777778
7505,0.45173918878835895,83.38888888888889
7506,0.45173918878835895,83.4
7507,0.45173918878835895,83.41111111111111
7508,0.45173918878835895,83.42222222222223
7509,0.45173918878835895,83.43333333333334
7510,0.45173918878835895,83.44444444444444
7511,0.45173918878835895,83.45555555555556
7512,0.45173918878835895,83.46666666666667
7513,0.45173918878835895,83.47777777777777
7514,0.45173918878835895,83.4888888888889
7515,0.45173918878835895,83.5
7516,0.45173918878835895,83.51111111111112
7517,0.45173918878835895,83.52222222222223
7518,0.45173918878835895,83.53333333333333
7519,0.45173918878835895,83.54444444444445
7520,0.45173918878835895,83.55555555555556
7521,0.45173918878835895,83.56666666666666
7522,0.45173918878835895,83.57777777777778
7523,0.45173918878835895,83.58888888888889
7524,0.45173918878835895,83.60000000000001
7525,0.45173918878835895,83.61111111111111
7526,0.45173918878835895,83.62222222222222
7527,0.45173918878835895,83.63333333333334
7528,0.45173918878835895,83.64444444444445
7529,0.45173918878835895,83.65555555555557
7530,0.45173918878835895,83.66666666666667
7531,0.45173918878835895,83.67777777777778
7532,0.45173918878835895,83.6888888888889
7533,0.45173918878835895,83.7
7534,0.45173918878835895,83.71111111111111
7535,0.45173918878835895,83.72222222222223
7536,0.45173918878835895,83.73333333333333
7537,0.45173918878835895,83.74444444444445
7538,0.45173918878835895,83.75555555555556
7539,0.45173918878835895,83.76666666666667
7540,0.45173918878835895,83.77777777777779
7541,0.45173918878835895,83.78888888888889
7542,0.45173918878835895,83.8
7543,0.45173918878835895,83.81111111111112
7544,0.45173918878835895,83.82222222222222
7545,0.45173918878835895,83.83333333333334
7546,0.45173918878835895,83.84444444444445
7547,0.45173918878835895,83.85555555555555
7548,0.45173918878835895,83.86666666666667
7549,0.45173918878835895,83.87777777777778
7550,0.45173918878835895,83.88888888888889
7551,0.45173918878835895,83.9
7552,0.45173918878835895,83.91111111111111
7553,0.45173918878835895,83.92222222222223
7554,0.45173918878835895,83.93333333333334
7555,0.45173918878835895,83.94444444444444
7556,0.45173918878835895,83.95555555555556
7557,0.45173918878835895,83.96666666666667
7558,0.45173918878835895,83.97777777777777
7559,0.45173918878835895,83.9888888888889
7560,0.45173918878835895,84.0
7561,0.45173918878835895,84.01111111111112
7562,0.45173918878835895,84.02222222222223
7563,0.45173918878835895,84.03333333333333
7564,0.45173918878835895,84.04444444444445
7565,0.45173918878835895,84.05555555555556
7566,0.45173918878835895,84.06666666666666
7567,0.45173918878835895,84.07777777777778
7568,0.45173918878835895,84.08888888888889
7569,0.45173918878835895,84.10000000000001
7570,0.45173918878835895,84.11111111111111
7571,0.45173918878835895,84.12222222222222
7572,0.45173918878835895,84.13333333333334
7573,0.45173918878835895,84.14444444444445
7574,0.45173918878835895,84.15555555555557
7575,0.45173918878835895,84.16666666666667
7576,0.45173918878835895,84.17777777777778
7577,0.45173918878835895,84.1888888888889
7578,0.45173918878835895,84.2
7579,0.45173918878835895,84.21111111111111
7580,0.45173918878835895,84.22222222222223
7581,0.45173918878835895,84.23333333333333
7582,0.45173918878835895,84.24444444444445
7583,0.45173918878835895,84.25555555555556
7584,0.45173918878835895,84.26666666666667
7585,0.45173918878835895,84.27777777777779
7586,0.45173918878835895,84.28888888888889
7587,0.45173918878835895,84.3
7588,0.45173918878835895,84.31111111111112
7589,0.45173918878835895,84.32222222222222
7590,0.45173918878835895,84.33333333333334
7591,0.45173918878835895,84.34444444444445
7592,0.45173918878835895,84.35555555555555
7593,0.45173918878835895,84.36666666666667
7594,0.45173918878835895,84.37777777777778
7595,0.45173918878835895,84.38888888888889
7596,0.45173918878835895,84.4
7597,0.45173918878835895,84.41111111111111
7598,0.45173918878835895,84.42222222222223
7599,0.45173918878835895,84.43333333333334
7600,0.45173918878835895,84.44444444444444
7601,0.45173918878835895,84.45555555555556
7602,0.45173918878835895,84.46666666666667
7603,0.45173918878835895,84.47777777777777
7604,0.45173918878835895,84.4888888888889
7605,0.45173918878835895,84.5
7606,0.45173918878835895,84.51111111111112
7607,0.45173918878835895,84.52222222222223
7608,0.45173918878835895,84.53333333333333
7609,0.45173918878835895,84.54444444444445
7610,0.45173918878835895,84.55555555555556
7611,0.45173918878835895,84.56666666666666
7612,0.45173918878835895,84.57777777777778
7613,0.45173918878835895,84.58888888888889
7614,0.45173918878835895,84.60000000000001
7615,0.45173918878835895,84.61111111111111
7616,0.45173918878835895,84.62222222222222
7617,0.45173918878835895,84.63333333333334
7618,0.45173918878835895,84.64444444444445
7619,0.45173918878835895,84.65555555555557
7620,0.45173918878835895,84.66666666666667
7621,0.45173918878835895,84.67777777777778
7622,0.45173918878835895,84.6888888888889
7623,0.45173918878835895,84.7
7624,0.45173918878835895,84.71111111111111
7625,0.45173918878835895,84.72222222222223
7626,0.45173918878835895,84.73333333333333
7627,0.45173918878835895,84.74444444444445
7628,0.45173918878835895,84.75555555555556
7629,0.45173918878835895,84.76666666666667
7630,0.45173918878835895,84.77777777777779
7631,0.45173918878835895,84.78888888888889
7632,0.45173918878835895,84.8
7633,0.45173918878835895,84.81111111111112
7634,0.45173918878835895,84.82222222222222
7635,0.45173918878835895,84.83333333333334
7636,0.45173918878835895,84.84444444444445
7637,0.45173918878835895,84.85555555555555
7638,0.45173918878835895,84.86666666666667
7639,0.45173918878835895,84.87777777777778
7640,0.45173918878835895,84.88888888888889
7641,0.45173918878835895,84.9
7642,0.45173918878835895,84.91111111111111
7643,0.45173918878835895,84.92222222222223
7644,0.45173918878835895,84.93333333333334
7645,0.45173918878835895,84.94444444444444
7646,0.45173918878835895,84.95555555555556
7647,0.45173918878835895,84.96666666666667
7648,0.45173918878835895,84.97777777777777
7649,0.45173918878835895,84.9888888888889
7650,0.45173918878835895,85.0
7651,0.45173918878835895,85.01111111111112
7652,0.45173918878835895,85.02222222222223
7653,0.45173918878835895,85.03333333333333
7654,0.45173918878835895,85.04444444444445
7655,0.45173918878835895,85.05555555555556
7656,0.45173918878835895,85.06666666666666
7657,0.45173918878835895,85.07777777777778
7658,0.45173918878835895,85.08888888888889
7659,0.45173918878835895,85.10000000000001
7660,0.45173918878835895,85.11111111111111
7661,0.45173918878835895,85.12222222222222
7662,0.45173918878835895,85.13333333333334
7663,0.45173918878835895,85.14444444444445
7664,0.45173918878835895,85.15555555555557
7665,0.45173918878835895,85.16666666666667
7666,0.45173918878835895,85.17777777777778
7667,0.45173918878835895,85.1888888888889
7668,0.45173918878835895,85.2
7669,0.45173918878835895,85.21111111111111
7670,0.45173918878835895,85.22222222222223
7671,0.45173918878835895,85.23333333333333
7672,0.45173918878835895,85.24444444444445
7673,0.45173918878835895,85.25555555555556
7674,0.45173918878835895,85.26666666666667
7675,0.45173918878835895,85.27777777777779
7676,0.45173918878835895,85.28888888888889
7677,0.45173918878835895,85.3
7678,0.45603985545502934,85.31111111111112
7679,0.45819018878835904,85.32222222222222
7680,0.45819018878835904,85.33333333333334
7681,0.45819018878835904,85.34444444444445
7682,0.45819018878835904,85.35555555555555
7683,0.45819018878835904,85.36666666666667
7684,0.45819018878835904,85.37777777777778
7685,0.45819018878835904,85.38888888888889
7686,0.45819018878835904,85.4
7687,0.45819018878835904,85.41111111111111
7688,0.45819018878835904,85.42222222222223
7689,0.45819018878835904,85.43333333333334
7690,0.45819018878835904,85.44444444444444
7691,0.45819018878835904,85.45555555555556
7692,0.45819018878835904,85.46666666666667
7693,0.45819018878835904,85.47777777777777
7694,0.45819018878835904,85.4888888888889
7695,0.45819018878835904,85.5
7696,0.45819018878835904,85.51111111111112
7697,0.45819018878835904,85.52222222222223
7698,0.45819018878835904,85.53333333333333
7699,0.45819018878835904,85.54444444444445
7700,0.45819018878835904,85.55555555555556
7701,0.45819018878835904,85.56666666666666
7702,0.45819018878835904,85.57777777777778
7703,0.45819018878835904,85.58888888888889
7704,0.45819018878835904,85.60000000000001
7705,0.45819018878835904,85.61111111111111
7706,0.45819018878835904,85.62222222222222
7707,0.45819018878835904,85.63333333333334
7708,0.45819018878835904,85.64444444444445
7709,0.45819018878835904,85.65555555555557
7710,0.45819018878835904,85.66666666666667
7711,0.45819018878835904,85.67777777777778
7712,0.45819018878835904,85.6888888888889
7713,0.45819018878835904,85.7
7714,0.45819018878835904,85.71111111111111
7715,0.45819018878835904,85.72222222222223
7716,0.45819018878835904,85.73333333333333
7717,0.45819018878835904,85.74444444444445
7718,0.45819018878835904,85.75555555555556
7719,0.45819018878835904,85.76666666666667
7720,0.45819018878835904,85.77777777777779
7721,0.45819018878835904,85.78888888888889
7722,0.45819018878835904,85.8
7723,0.45819018878835904,85.81111111111112
7724,0.45819018878835904,85.82222222222222
7725,0.45819018878835904,85.83333333333334
7726,0.45819018878835904,85.84444444444445
7727,0.45819018878835904,85.85555555555555
7728,0.45819018878835904,85.86666666666667
7729,0.45819018878835904,85.87777777777778
7730,0.45819018878835904,85.88888888888889
7731,0.45819018878835904,85.9
7732,0.45819018878835904,85.91111111111111
7733,0.45819018878835904,85.92222222222223
7734,0.45819018878835904,85.93333333333334
7735,0.45819018878835904,85.94444444444444
7736,0.45819018878835904,85.95555555555556
7737,0.45819018878835904,85.96666666666667
7738,0.45819018878835904,85.97777777777777
7739,0.45819018878835904,85.9888888888889
7740,0.45819018878835904,86.0
7741,0.45819018878835904,86.01111111111112
7742,0.45819018878835904,86.02222222222223
7743,0.45819018878835904,86.03333333333333
7744,0.45819018878835904,86.04444444444445
7745,0.45819018878835904,86.05555555555556
7746,0.45819018878835904,86.06666666666666
7747,0.45819018878835904,86.07777777777778
7748,0.45819018878835904,86.08888888888889
7749,0.45819018878835904,86.10000000000001
7750,0.45819018878835904,86.11111111111111
7751,0.45819018878835904,86.12222222222222
7752,0.45819018878835904,86.13333333333334
7753,0.45819018878835904,86.14444444444445
7754,0.45819018878835904,86.15555555555557
7755,0.45819018878835904,86.16666666666667
7756,0.45819018878835904,86.17777777777778
7757,0.45819018878835904,86.1888888888889
7758,0.45819018878835904,86.2
7759,0.45819018878835904,86.21111111111111
7760,0.45819018878835904,86.22222222222223
7761,0.45819018878835904,86.23333333333333
7762,0.45819018878835904,86.24444444444445
7763,0.45819018878835904,86.25555555555556
7764,0.45819018878835904,86.26666666666667
7765,0.45819018878835904,86.27777777777779
7766,0.45819018878835904,86.28888888888889
7767,0.45819018878835904,86.3
7768,0.45819018878835904,86.31111111111112
7769,0.45819018878835904,86.32222222222222
7770,0.45819018878835904,86.33333333333334
7771,0.45819018878835904,86.34444444444445
7772,0.45819018878835904,86.35555555555555
7773,0.45819018878835904,86.36666666666667
7774,0.45819018878835904,86.37777777777778
7775,0.45819018878835904,86.38888888888889
7776,0.45819018878835904,86.4
7777,0.45819018878835904,86.41111111111111
7778,0.45819018878835904,86.42222222222223
7779,0.45819018878835904,86.43333333333334
7780,0.45819018878835904,86.44444444444444
7781,0.45819018878835904,86.45555555555556
7782,0.45819018878835904,86.46666666666667
7783,0.45819018878835904,86.47777777777777
7784,0.45819018878835904,86.4888888888889
7785,0.45819018878835904,86.5
7786,0.45819018878835904,86.51111111111112
7787,0.45819018878835904,86.52222222222223
7788,0.45819018878835904,86.53333333333333
7789,0.45819018878835904,86.54444444444445
7790,0.45819018878835904,86.55555555555556
7791,0.45819018878835904,86.56666666666666
7792,0.45819018878835904,86.57777777777778
7793,0.45819018878835904,86.58888888888889
7794,0.45819018878835904,86.60000000000001
7795,0.45819018878835904,86.61111111111111
7796,0.45819018878835904,86.62222222222222
7797,0.45819018878835904,86.63333333333334
7798,0.45819018878835904,86.64444444444445
7799,0.45819018878835904,86.65555555555557
7800,0.45819018878835904,86.66666666666667
7801,0.45819018878835904,86.67777777777778
7802,0.45819018878835904,86.6888888888889
7803,0.45819018878835904,86.7
7804,0.45819018878835904,86.71111111111111
7805,0.45819018878835904,86.72222222222223
7806,0.45819018878835904,86.73333333333333
7807,0.45819018878835904,86.74444444444445
7808,0.45819018878835904,86.75555555555556
7809,0.45819018878835904,86.76666666666667
7810,0.45819018878835904,86.77777777777779
7811,0.45819018878835904,86.78888888888889
7812,0.45819018878835904,86.8
7813,0.45819018878835904,86.81111111111112
7814,0.45819018878835904,86.82222222222222
7815,0.45819018878835904,86.83333333333334
7816,0.45819018878835904,86.84444444444445
7817,0.45819018878835904,86.85555555555555
7818,0.45819018878835904,86.86666666666667
7819,0.45819018878835904,86.87777777777778
7820,0.45819018878835904,86.88888888888889
7821,0.45819018878835904,86.9
7822,0.45819018878835904,86.91111111111111
7823,0.45819018878835904,86.92222222222223
7824,0.45819018878835904,86.93333333333334
7825,0.45819018878835904,86.94444444444444
7826,0.45819018878835904,86.95555555555556
7827,0.45819018878835904,86.96666666666667
7828,0.45819018878835904,86.97777777777777
7829,0.45819018878835904,86.9888888888889
7830,0.45819018878835904,87.0
7831,0.45819018878835904,87.01111111111112
7832,0.45819018878835904,87.02222222222223
7833,0.45819018878835904,87.03333333333333
7834,0.45819018878835904,87.04444444444445
7835,0.45819018878835904,87.05555555555556
7836,0.45819018878835904,87.06666666666668
7837,0.45819018878835904,87.07777777777778
7838,0.45819018878835904,87.08888888888889
7839,0.45819018878835904,87.10000000000001
7840,0.45819018878835904,87.11111111111111
7841,0.45819018878835904,87.12222222222222
7842,0.45819018878835904,87.13333333333334
7843,0.45819018878835904,87.14444444444445
7844,0.45819018878835904,87.15555555555557
7845,0.45819018878835904,87.16666666666667
7846,0.45819018878835904,87.17777777777778
7847,0.45819018878835904,87.1888888888889
7848,0.45819018878835904,87.2
7849,0.45819018878835904,87.21111111111111
7850,0.45819018878835904,87.22222222222223
7851,0.45819018878835904,87.23333333333333
7852,0.45819018878835904,87.24444444444445
7853,0.45819018878835904,87.25555555555556
7854,0.45819018878835904,87.26666666666667
7855,0.45819018878835904,87.27777777777779
7856,0.45819018878835904,87.28888888888889
7857,0.45819018878835904,87.3
7858,0.45819018878835904,87.31111111111112
7859,0.45819018878835904,87.32222222222222
7860,0.45819018878835904,87.33333333333334
7861,0.45819018878835904,87.34444444444445
7862,0.45819018878835904,87.35555555555555
7863,0.45819018878835904,87.36666666666667
7864,0.45819018878835904,87.37777777777778
7865,0.45819018878835904,87.38888888888889
7866,0.45819018878835904,87.4
7867,0.45819018878835904,87.41111111111111
7868,0.45819018878835904,87.42222222222223
7869,0.45819018878835904,87.43333333333334
7870,0.45819018878835904,87.44444444444444
7871,0.45819018878835904,87.45555555555556
7872,0.45819018878835904,87.46666666666667
7873,0.45819018878835904,87.47777777777777
7874,0.45819018878835904,87.4888888888889
7875,0.45819018878835904,87.5
7876,0.45819018878835904,87.51111111111112
7877,0.45819018878835904,87.52222222222223
7878,0.45819018878835904,87.53333333333333
7879,0.45819018878835904,87.54444444444445
7880,0.45819018878835904,87.55555555555556
7881,0.45819018878835904,87.56666666666668
7882,0.45819018878835904,87.57777777777778
7883,0.45819018878835904,87.58888888888889
7884,0.45819018878835904,87.60000000000001
7885,0.45819018878835904,87.61111111111111
7886,0.45819018878835904,87.62222222222222
7887,0.45819018878835904,87.63333333333334
7888,0.45819018878835904,87.64444444444445
7889,0.45819018878835904,87.65555555555557
7890,0.45819018878835904,87.66666666666667
7891,0.45819018878835904,87.67777777777778
7892,0.45819018878835904,87.6888888888889
7893,0.45819018878835904,87.7
7894,0.45819018878835904,87.71111111111111
7895,0.45819018878835904,87.72222222222223
7896,0.45819018878835904,87.73333333333333
7897,0.45819018878835904,87.74444444444445
7898,0.45819018878835904,87.75555555555556
7899,0.45819018878835904,87.76666666666667
7900,0.45819018878835904,87.77777777777779
7901,0.45819018878835904,87.78888888888889
7902,0.45819018878835904,87.8
7903,0.45819018878835904,87.81111111111112
7904,0.45819018878835904,87.82222222222222
7905,0.45819018878835904,87.83333333333334
7906,0.45819018878835904,87.84444444444445
7907,0.45819018878835904,87.85555555555555
7908,0.45819018878835904,87.86666666666667
7909,0.45819018878835904,87.87777777777778
7910,0.45819018878835904,87.88888888888889
7911,0.45819018878835904,87.9
7912,0.45819018878835904,87.91111111111111
7913,0.45819018878835904,87.92222222222223
7914,0.45819018878835904,87.93333333333334
7915,0.45819018878835904,87.94444444444444
7916,0.45819018878835904,87.95555555555556
7917,0.45819018878835904,87.96666666666667
7918,0.45819018878835904,87.97777777777777
7919,0.45819018878835904,87.9888888888889
7920,0.45819018878835904,88.0
7921,0.45819018878835904,88.01111111111112
7922,0.45819018878835904,88.02222222222223
7923,0.45819018878835904,88.03333333333333
7924,0.45819018878835904,88.04444444444445
7925,0.45819018878835904,88.05555555555556
7926,0.45819018878835904,88.06666666666668
7927,0.45819018878835904,88.07777777777778
7928,0.45819018878835904,88.08888888888889
7929,0.45819018878835904,88.10000000000001
7930,0.45819018878835904,88.11111111111111
7931,0.45819018878835904,88.12222222222222
7932,0.45819018878835904,88.13333333333334
7933,0.45819018878835904,88.14444444444445
7934,0.45819018878835904,88.15555555555557
7935,0.45819018878835904,88.16666666666667
7936,0.45819018878835904,88.17777777777778
7937,0.45819018878835904,88.1888888888889
7938,0.45819018878835904,88.2
7939,0.45819018878835904,88.21111111111111
7940,0.45819018878835904,88.22222222222223
7941,0.45819018878835904,88.23333333333333
7942,0.45819018878835904,88.24444444444445
7943,0.45819018878835904,88.25555555555556
7944,0.45819018878835904,88.26666666666667
7945,0.45819018878835904,88.27777777777779
7946,0.45819018878835904,88.28888888888889
7947,0.45819018878835904,88.3
7948,0.45819018878835904,88.31111111111112
7949,0.45819018878835904,88.32222222222222
7950,0.45819018878835904,88.33333333333334
7951,0.45819018878835904,88.34444444444445
7952,0.45819018878835904,88.35555555555555
7953,0.45819018878835904,88.36666666666667
7954,0.45819018878835904,88.37777777777778
7955,0.45819018878835904,88.38888888888889
7956,0.45819018878835904,88.4
7957,0.45819018878835904,88.41111111111111
7958,0.45819018878835904,88.42222222222223
7959,0.45819018878835904,88.43333333333334
7960,0.45819018878835904,88.44444444444444
7961,0.45819018878835904,88.45555555555556
7962,0.45819018878835904,88.46666666666667
7963,0.45819018878835904,88.47777777777777
7964,0.45819018878835904,88.4888888888889
7965,0.45819018878835904,88.5
7966,0.45819018878835904,88.51111111111112
7967,0.45819018878835904,88.52222222222223
7968,0.45819018878835904,88.53333333333333
7969,0.45819018878835904,88.54444444444445
7970,0.45819018878835904,88.55555555555556
7971,0.45819018878835904,88.56666666666668
7972,0.45819018878835904,88.57777777777778
7973,0.45819018878835904,88.58888888888889
7974,0.45819018878835904,88.60000000000001
7975,0.45819018878835904,88.61111111111111
7976,0.45819018878835904,88.62222222222222
7977,0.45819018878835904,88.63333333333334
7978,0.45819018878835904,88.64444444444445
7979,0.45819018878835904,88.65555555555557
7980,0.45819018878835904,88.66666666666667
7981,0.45819018878835904,88.67777777777778
7982,0.45819018878835904,88.6888888888889
7983,0.45819018878835904,88.7
7984,0.45819018878835904,88.71111111111111
7985,0.45819018878835904,88.72222222222223
7986,0.45819018878835904,88.73333333333333
7987,0.45819018878835904,88.74444444444445
7988,0.45819018878835904,88.75555555555556
7989,0.45819018878835904,88.76666666666667
7990,0.45819018878835904,88.77777777777779
7991,0.45819018878835904,88.78888888888889
7992,0.45819018878835904,88.8
7993,0.45819018878835904,88.81111111111112
7994,0.45819018878835904,88.82222222222222
7995,0.45819018878835904,88.83333333333334
7996,0.45819018878835904,88.84444444444445
7997,0.45819018878835904,88.85555555555555
7998,0.45819018878835904,88.86666666666667
7999,0.45819018878835904,88.87777777777778
8000,0.45819018878835904,88.88888888888889
8001,0.45819018878835904,88.9
8002,0.45819018878835904,88.91111111111111
8003,0.45819018878835904,88.92222222222223
8004,0.45819018878835904,88.93333333333334
8005,0.45819018878835904,88.94444444444444
8006,0.45819018878835904,88.95555555555556
8007,0.45819018878835904,88.96666666666667
8008,0.45819018878835904,88.97777777777777
8009,0.45819018878835904,88.9888888888889
8010,0.45819018878835904,89.0
8011,0.45819018878835904,89.01111111111112
8012,0.45819018878835904,89.02222222222223
8013,0.45819018878835904,89.03333333333333
8014,0.45819018878835904,89.04444444444445
8015,0.45819018878835904,89.05555555555556
8016,0.45819018878835904,89.06666666666668
8017,0.45819018878835904,89.07777777777778
8018,0.45819018878835904,89.08888888888889
8019,0.45819018878835904,89.10000000000001
8020,0.45819018878835904,89.11111111111111
8021,0.45819018878835904,89.12222222222222
8022,0.45819018878835904,89.13333333333334
8023,0.45819018878835904,89.14444444444445
8024,0.45819018878835904,89.15555555555557
8025,0.45819018878835904,89.16666666666667
8026,0.45819018878835904,89.17777777777778
8027,0.45819018878835904,89.1888888888889
8028,0.45819018878835904,89.2
8029,0.45819018878835904,89.21111111111111
8030,0.45819018878835904,89.22222222222223
8031,0.45819018878835904,89.23333333333333
8032,0.45819018878835904,89.24444444444445
8033,0.45819018878835904,89.25555555555556
8034,0.45819018878835904,89.26666666666667
8035,0.45819018878835904,89.27777777777779
8036,0.45819018878835904,89.28888888888889
8037,0.45819018878835904,89.3
8038,0.45819018878835904,89.31111111111112
8039,0.45819018878835904,89.32222222222222
8040,0.45819018878835904,89.33333333333334
8041,0.45819018878835904,89.34444444444445
8042,0.45819018878835904,89.35555555555555
8043,0.45819018878835904,89.36666666666667
8044,0.45819018878835904,89.37777777777778
8045,0.45819018878835904,89.38888888888889
8046,0.45819018878835904,89.4
8047,0.45819018878835904,89.41111111111111
8048,0.45819018878835904,89.42222222222223
8049,0.45819018878835904,89.43333333333334
8050,0.45819018878835904,89.44444444444444
8051,0.45819018878835904,89.45555555555556
8052,0.45819018878835904,89.46666666666667
8053,0.45819018878835904,89.47777777777777
8054,0.45819018878835904,89.4888888888889
8055,0.45819018878835904,89.5
8056,0.45819018878835904,89.51111111111112
8057,0.45819018878835904,89.52222222222223
8058,0.45819018878835904,89.53333333333333
8059,0.45819018878835904,89.54444444444445
8060,0.45819018878835904,89.55555555555556
8061,0.45819018878835904,89.56666666666668
8062,0.45819018878835904,89.57777777777778
8063,0.45819018878835904,89.58888888888889
8064,0.45819018878835904,89.60000000000001
8065,0.45819018878835904,89.61111111111111
8066,0.45819018878835904,89.62222222222222
8067,0.45819018878835904,89.63333333333334
8068,0.45819018878835904,89.64444444444445
8069,0.45819018878835904,89.65555555555557
8070,0.45819018878835904,89.66666666666667
8071,0.45819018878835904,89.67777777777778
8072,0.45819018878835904,89.6888888888889
8073,0.45819018878835904,89.7
8074,0.45819018878835904,89.71111111111111
8075,0.45819018878835904,89.72222222222223
8076,0.45819018878835904,89.73333333333333
8077,0.45819018878835904,89.74444444444445
8078,0.45819018878835904,89.75555555555556
8079,0.45819018878835904,89.76666666666667
8080,0.45819018878835904,89.77777777777779
8081,0.45819018878835904,89.78888888888889
8082,0.45819018878835904,89.8
8083,0.45819018878835904,89.81111111111112
8084,0.45819018878835904,89.82222222222222
8085,0.45819018878835904,89.83333333333334
8086,0.45819018878835904,89.84444444444445
8087,0.45819018878835904,89.85555555555555
8088,0.45819018878835904,89.86666666666667
8089,0.45819018878835904,89.87777777777778
8090,0.45819018878835904,89.88888888888889
8091,0.45819018878835904,89.9
8092,0.45819018878835904,89.91111111111111
8093,0.45819018878835904,89.92222222222223
8094,0.45819018878835904,89.93333333333334
8095,0.45819018878835904,89.94444444444444
8096,0.45819018878835904,89.95555555555556
8097,0.45819018878835904,89.96666666666667
8098,0.45819018878835904,89.97777777777777
8099,0.45819018878835904,89.9888888888889
8100,0.45819018878835904,90.0
8101,0.45819018878835904,90.01111111111112
8102,0.45819018878835904,90.02222222222223
8103,0.45819018878835904,90.03333333333333
8104,0.45819018878835904,90.04444444444445
8105,0.45819018878835904,90.05555555555556
8106,0.45819018878835904,90.06666666666668
8107,0.45819018878835904,90.07777777777778
8108,0.45819018878835904,90.08888888888889
8109,0.45819018878835904,90.10000000000001
8110,0.45819018878835904,90.11111111111111
8111,0.45819018878835904,90.12222222222222
8112,0.45819018878835904,90.13333333333334
8113,0.45819018878835904,90.14444444444445
8114,0.45819018878835904,90.15555555555557
8115,0.45819018878835904,90.16666666666667
8116,0.45819018878835904,90.17777777777778
8117,0.45819018878835904,90.1888888888889
8118,0.45819018878835904,90.2
8119,0.45819018878835904,90.21111111111111
8120,0.45819018878835904,90.22222222222223
8121,0.45819018878835904,90.23333333333333
8122,0.45819018878835904,90.24444444444445
8123,0.45819018878835904,90.25555555555556
8124,0.45819018878835904,90.26666666666667
8125,0.45819018878835904,90.27777777777779
8126,0.45819018878835904,90.28888888888889
8127,0.45819018878835904,90.3
8128,0.45819018878835904,90.31111111111112
8129,0.45819018878835904,90.32222222222222
8130,0.45819018878835904,90.33333333333334
8131,0.45819018878835904,90.34444444444445
8132,0.45819018878835904,90.35555555555555
8133,0.45819018878835904,90.36666666666667
8134,0.45819018878835904,90.37777777777778
8135,0.45819018878835904,90.38888888888889
8136,0.45819018878835904,90.4
8137,0.45819018878835904,90.41111111111111
8138,0.45819018878835904,90.42222222222223
8139,0.45819018878835904,90.43333333333334
8140,0.45819018878835904,90.44444444444444
8141,0.45819018878835904,90.45555555555556
8142,0.45819018878835904,90.46666666666667
8143,0.45819018878835904,90.47777777777777
8144,0.45819018878835904,90.4888888888889
8145,0.45819018878835904,90.5
8146,0.45819018878835904,90.51111111111112
8147,0.45819018878835904,90.52222222222223
8148,0.45819018878835904,90.53333333333333
8149,0.45819018878835904,90.54444444444445
8150,0.45819018878835904,90.55555555555556
8151,0.45819018878835904,90.56666666666668
8152,0.45819018878835904,90.57777777777778
8153,0.45819018878835904,90.58888888888889
8154,0.45819018878835904,90.60000000000001
8155,0.45819018878835904,90.61111111111111
8156,0.45819018878835904,90.62222222222222
8157,0.45819018878835904,90.63333333333334
8158,0.45819018878835904,90.64444444444445
8159,0.45819018878835904,90.65555555555557
8160,0.45819018878835904,90.66666666666667
8161,0.45819018878835904,90.67777777777778
8162,0.45819018878835904,90.6888888888889
8163,0.45819018878835904,90.7
8164,0.45819018878835904,90.71111111111111
8165,0.45819018878835904,90.72222222222223
8166,0.45819018878835904,90.73333333333333
8167,0.45819018878835904,90.74444444444445
8168,0.45819018878835904,90.75555555555556
8169,0.45819018878835904,90.76666666666667
8170,0.45819018878835904,90.77777777777779
8171,0.45819018878835904,90.78888888888889
8172,0.45819018878835904,90.8
8173,0.45819018878835904,90.81111111111112
8174,0.45819018878835904,90.82222222222222
8175,0.45819018878835904,90.83333333333334
8176,0.45819018878835904,90.84444444444445
8177,0.45819018878835904,90.85555555555555
8178,0.45819018878835904,90.86666666666667
8179,0.45819018878835904,90.87777777777778
8180,0.45819018878835904,90.88888888888889
8181,0.45819018878835904,90.9
8182,0.45819018878835904,90.91111111111111
8183,0.45819018878835904,90.92222222222223
8184,0.45819018878835904,90.93333333333334
8185,0.45819018878835904,90.94444444444444
8186,0.45819018878835904,90.95555555555556
8187,0.45819018878835904,90.96666666666667
8188,0.45819018878835904,90.97777777777777
8189,0.45819018878835904,90.9888888888889
8190,0.45819018878835904,91.0
8191,0.45819018878835904,91.01111111111112
8192,0.45819018878835904,91.02222222222223
8193,0.45819018878835904,91.03333333333333
8194,0.45819018878835904,91.04444444444445
8195,0.45819018878835904,91.05555555555556
8196,0.45819018878835904,91.06666666666668
8197,0.45819018878835904,91.07777777777778
8198,0.45819018878835904,91.08888888888889
8199,0.45819018878835904,91.10000000000001
8200,0.45819018878835904,91.11111111111111
8201,0.45819018878835904,91.12222222222222
8202,0.45819018878835904,91.13333333333334
8203,0.45819018878835904,91.14444444444445
8204,0.45819018878835904,91.15555555555557
8205,0.45819018878835904,91.16666666666667
8206,0.45819018878835904,91.17777777777778
8207,0.45819018878835904,91.1888888888889
8208,0.45819018878835904,91.2
8209,0.45819018878835904,91.21111111111111
8210,0.45819018878835904,91.22222222222223
8211,0.45819018878835904,91.23333333333333
8212,0.45819018878835904,91.24444444444445
8213,0.45819018878835904,91.25555555555556
8214,0.45819018878835904,91.26666666666667
8215,0.45819018878835904,91.27777777777779
8216,0.45819018878835904,91.28888888888889
8217,0.45819018878835904,91.3
8218,0.45819018878835904,91.31111111111112
8219,0.45819018878835904,91.32222222222222
8220,0.45819018878835904,91.33333333333334
8221,0.45819018878835904,91.34444444444445
8222,0.45819018878835904,91.35555555555555
8223,0.45819018878835904,91.36666666666667
8224,0.45819018878835904,91.37777777777778
8225,0.45819018878835904,91.38888888888889
8226,0.45819018878835904,91.4
8227,0.45819018878835904,91.41111111111111
8228,0.45819018878835904,91.42222222222223
8229,0.45819018878835904,91.43333333333334
8230,0.45819018878835904,91.44444444444444
8231,0.45819018878835904,91.45555555555556
8232,0.45819018878835904,91.46666666666667
8233,0.45819018878835904,91.47777777777777
8234,0.45819018878835904,91.4888888888889
8235,0.45819018878835904,91.5
8236,0.45819018878835904,91.51111111111112
8237,0.45819018878835904,91.52222222222223
8238,0.45819018878835904,91.53333333333333
8239,0.45819018878835904,91.54444444444445
8240,0.45819018878835904,91.55555555555556
8241,0.45819018878835904,91.56666666666668
8242,0.45819018878835904,91.57777777777778
8243,0.45819018878835904,91.58888888888889
8244,0.45819018878835904,91.60000000000001
8245,0.45819018878835904,91.61111111111111
8246,0.45819018878835904,91.62222222222222
8247,0.45819018878835904,91.63333333333334
8248,0.45819018878835904,91.64444444444445
8249,0.45819018878835904,91.65555555555557
8250,0.45819018878835904,91.66666666666667
8251,0.45819018878835904,91.67777777777778
8252,0.45819018878835904,91.6888888888889
8253,0.45819018878835904,91.7
8254,0.45819018878835904,91.71111111111111
8255,0.45819018878835904,91.72222222222223
8256,0.45819018878835904,91.73333333333333
8257,0.45819018878835904,91.74444444444445
8258,0.45819018878835904,91.75555555555556
8259,0.45819018878835904,91.76666666666667
8260,0.45819018878835904,91.77777777777779
8261,0.45819018878835904,91.78888888888889
8262,0.45819018878835904,91.8
8263,0.45819018878835904,91.81111111111112
8264,0.45819018878835904,91.82222222222222
8265,0.45819018878835904,91.83333333333334
8266,0.45819018878835904,91.84444444444445
8267,0.45819018878835904,91.85555555555555
8268,0.45819018878835904,91.86666666666667
8269,0.45819018878835904,91.87777777777778
8270,0.45819018878835904,91.88888888888889
8271,0.45819018878835904,91.9
8272,0.45819018878835904,91.91111111111111
8273,0.45819018878835904,91.92222222222223
8274,0.45819018878835904,91.93333333333334
8275,0.45819018878835904,91.94444444444444
8276,0.45819018878835904,91.95555555555556
8277,0.45819018878835904,91.96666666666667
8278,0.45819018878835904,91.97777777777777
8279,0.45819018878835904,91.9888888888889
8280,0.45819018878835904,92.0
8281,0.45819018878835904,92.01111111111112
8282,0.45819018878835904,92.02222222222223
8283,0.45819018878835904,92.03333333333333
8284,0.45819018878835904,92.04444444444445
8285,0.45819018878835904,92.05555555555556
8286,0.45819018878835904,92.06666666666668
8287,0.45819018878835904,92.07777777777778
8288,0.45819018878835904,92.08888888888889
8289,0.45819018878835904,92.10000000000001
8290,0.45819018878835904,92.11111111111111
8291,0.45819018878835904,92.12222222222222
8292,0.45819018878835904,92.13333333333334
8293,0.45819018878835904,92.14444444444445
8294,0.45819018878835904,92.15555555555557
8295,0.45819018878835904,92.16666666666667
8296,0.45819018878835904,92.17777777777778
8297,0.45819018878835904,92.1888888888889
8298,0.45819018878835904,92.2
8299,0.45819018878835904,92.21111111111111
8300,0.45819018878835904,92.22222222222223
8301,0.45819018878835904,92.23333333333333
8302,0.45819018878835904,92.24444444444445
8303,0.45819018878835904,92.25555555555556
8304,0.45819018878835904,92.26666666666667
8305,0.45819018878835904,92.27777777777779
8306,0.45819018878835904,92.28888888888889
8307,0.45819018878835904,92.3
8308,0.45819018878835904,92.31111111111112
8309,0.45819018878835904,92.32222222222222
8310,0.45819018878835904,92.33333333333334
8311,0.45819018878835904,92.34444444444445
8312,0.45819018878835904,92.35555555555555
8313,0.45819018878835904,92.36666666666667
8314,0.45819018878835904,92.37777777777778
8315,0.45819018878835904,92.38888888888889
8316,0.45819018878835904,92.4
8317,0.45819018878835904,92.41111111111111
8318,0.45819018878835904,92.42222222222223
8319,0.45819018878835904,92.43333333333334
8320,0.45819018878835904,92.44444444444444
8321,0.45819018878835904,92.45555555555556
8322,0.45819018878835904,92.46666666666667
8323,0.45819018878835904,92.47777777777777
8324,0.45819018878835904,92.4888888888889
8325,0.45819018878835904,92.5
8326,0.45819018878835904,92.51111111111112
8327,0.45819018878835904,92.52222222222223
8328,0.45819018878835904,92.53333333333333
8329,0.45819018878835904,92.54444444444445
8330,0.45819018878835904,92.55555555555556
8331,0.45819018878835904,92.56666666666668
8332,0.45819018878835904,92.57777777777778
8333,0.45819018878835904,92.58888888888889
8334,0.45819018878835904,92.60000000000001
8335,0.45819018878835904,92.61111111111111
8336,0.45819018878835904,92.62222222222222
8337,0.45819018878835904,92.63333333333334
8338,0.45819018878835904,92.64444444444445
8339,0.45819018878835904,92.65555555555557
8340,0.45819018878835904,92.66666666666667
8341,0.45819018878835904,92.67777777777778
8342,0.45819018878835904,92.6888888888889
8343,0.45819018878835904,92.7
8344,0.45819018878835904,92.71111111111111
8345,0.45819018878835904,92.72222222222223
8346,0.45819018878835904,92.73333333333333
8347,0.45819018878835904,92.74444444444445
8348,0.45819018878835904,92.75555555555556
8349,0.45819018878835904,92.76666666666667
8350,0.45819018878835904,92.77777777777779
8351,0.45819018878835904,92.78888888888889
8352,0.45819018878835904,92.8
8353,0.45819018878835904,92.81111111111112
8354,0.45819018878835904,92.82222222222222
8355,0.45819018878835904,92.83333333333334
8356,0.45819018878835904,92.84444444444445
8357,0.45819018878835904,92.85555555555555
8358,0.45819018878835904,92.86666666666667
8359,0.45819018878835904,92.87777777777778
8360,0.45819018878835904,92.88888888888889
8361,0.45819018878835904,92.9
8362,0.45819018878835904,92.91111111111111
8363,0.45819018878835904,92.92222222222223
8364,0.45819018878835904,92.93333333333334
8365,0.45819018878835904,92.94444444444444
8366,0.45819018878835904,92.95555555555556
8367,0.45819018878835904,92.96666666666667
8368,0.45819018878835904,92.97777777777777
8369,0.45819018878835904,92.9888888888889
8370,0.45819018878835904,93.0
8371,0.45819018878835904,93.01111111111112
8372,0.45819018878835904,93.02222222222223
8373,0.45819018878835904,93.03333333333333
8374,0.45819018878835904,93.04444444444445
8375,0.45819018878835904,93.05555555555556
8376,0.45819018878835904,93.06666666666668
8377,0.45819018878835904,93.07777777777778
8378,0.45819018878835904,93.08888888888889
8379,0.45819018878835904,93.10000000000001
8380,0.45819018878835904,93.11111111111111
8381,0.45819018878835904,93.12222222222222
8382,0.45819018878835904,93.13333333333334
8383,0.45819018878835904,93.14444444444445
8384,0.45819018878835904,93.15555555555557
8385,0.45819018878835904,93.16666666666667
8386,0.45819018878835904,93.17777777777778
8387,0.45819018878835904,93.1888888888889
8388,0.45819018878835904,93.2
8389,0.45819018878835904,93.21111111111111
8390,0.45819018878835904,93.22222222222223
8391,0.45819018878835904,93.23333333333333
8392,0.45819018878835904,93.24444444444445
8393,0.45819018878835904,93.25555555555556
8394,0.45819018878835904,93.26666666666667
8395,0.45819018878835904,93.27777777777779
8396,0.45819018878835904,93.28888888888889
8397,0.45819018878835904,93.3
8398,0.45819018878835904,93.31111111111112
8399,0.45819018878835904,93.32222222222222
8400,0.45819018878835904,93.33333333333334
8401,0.45819018878835904,93.34444444444445
8402,0.45819018878835904,93.35555555555555
8403,0.45819018878835904,93.36666666666667
8404,0.45819018878835904,93.37777777777778
8405,0.45819018878835904,93.38888888888889
8406,0.45819018878835904,93.4
8407,0.45819018878835904,93.41111111111111
8408,0.45819018878835904,93.42222222222223
8409,0.45819018878835904,93.43333333333334
8410,0.45819018878835904,93.44444444444444
8411,0.45819018878835904,93.45555555555556
8412,0.45819018878835904,93.46666666666667
8413,0.45819018878835904,93.47777777777777
8414,0.45819018878835904,93.4888888888889
8415,0.45819018878835904,93.5
8416,0.45819018878835904,93.51111111111112
8417,0.45819018878835904,93.52222222222223
8418,0.45819018878835904,93.53333333333333
8419,0.45819018878835904,93.54444444444445
8420,0.45819018878835904,93.55555555555556
8421,0.45819018878835904,93.56666666666668
8422,0.45819018878835904,93.57777777777778
8423,0.45819018878835904,93.58888888888889
8424,0.45819018878835904,93.60000000000001
8425,0.45819018878835904,93.61111111111111
8426,0.45819018878835904,93.62222222222222
8427,0.45819018878835904,93.63333333333334
8428,0.45819018878835904,93.64444444444445
8429,0.45819018878835904,93.65555555555557
8430,0.45819018878835904,93.66666666666667
8431,0.45819018878835904,93.67777777777778
8432,0.45819018878835904,93.6888888888889
8433,0.45819018878835904,93.7
8434,0.45819018878835904,93.71111111111111
8435,0.45819018878835904,93.72222222222223
8436,0.45819018878835904,93.73333333333333
8437,0.45819018878835904,93.74444444444445
8438,0.45819018878835904,93.75555555555556
8439,0.45819018878835904,93.76666666666667
8440,0.45819018878835904,93.77777777777779
8441,0.45819018878835904,93.78888888888889
8442,0.45819018878835904,93.8
8443,0.45819018878835904,93.81111111111112
8444,0.45819018878835904,93.82222222222222
8445,0.45819018878835904,93.83333333333334
8446,0.45819018878835904,93.84444444444445
8447,0.45819018878835904,93.85555555555555
8448,0.45819018878835904,93.86666666666667
8449,0.45819018878835904,93.87777777777778
8450,0.45819018878835904,93.88888888888889
8451,0.45819018878835904,93.9
8452,0.45819018878835904,93.91111111111111
8453,0.45819018878835904,93.92222222222223
8454,0.45819018878835904,93.93333333333334
8455,0.45819018878835904,93.94444444444444
8456,0.45819018878835904,93.95555555555556
8457,0.45819018878835904,93.96666666666667
8458,0.45819018878835904,93.97777777777777
8459,0.45819018878835904,93.9888888888889
8460,0.45819018878835904,94.0
8461,0.45819018878835904,94.01111111111112
8462,0.45819018878835904,94.02222222222223
8463,0.45819018878835904,94.03333333333333
8464,0.45819018878835904,94.04444444444445
8465,0.45819018878835904,94.05555555555556
8466,0.45819018878835904,94.06666666666668
8467,0.45819018878835904,94.07777777777778
8468,0.45819018878835904,94.08888888888889
8469,0.45819018878835904,94.10000000000001
8470,0.45819018878835904,94.11111111111111
8471,0.45819018878835904,94.12222222222222
8472,0.45819018878835904,94.13333333333334
8473,0.45819018878835904,94.14444444444445
8474,0.45819018878835904,94.15555555555557
8475,0.45819018878835904,94.16666666666667
8476,0.45819018878835904,94.17777777777778
8477,0.45819018878835904,94.1888888888889
8478,0.45819018878835904,94.2
8479,0.45819018878835904,94.21111111111111
8480,0.45819018878835904,94.22222222222223
8481,0.45819018878835904,94.23333333333333
8482,0.45819018878835904,94.24444444444445
8483,0.45819018878835904,94.25555555555556
8484,0.45819018878835904,94.26666666666667
8485,0.45819018878835904,94.27777777777779
8486,0.45819018878835904,94.28888888888889
8487,0.45819018878835904,94.3
8488,0.45819018878835904,94.31111111111112
8489,0.45819018878835904,94.32222222222222
8490,0.45819018878835904,94.33333333333334
8491,0.45819018878835904,94.34444444444445
8492,0.45819018878835904,94.35555555555555
8493,0.45819018878835904,94.36666666666667
8494,0.45819018878835904,94.37777777777778
8495,0.45819018878835904,94.38888888888889
8496,0.45819018878835904,94.4
8497,0.45819018878835904,94.41111111111111
8498,0.45819018878835904,94.42222222222223
8499,0.45819018878835904,94.43333333333334
8500,0.45819018878835904,94.44444444444444
8501,0.45819018878835904,94.45555555555556
8502,0.45819018878835904,94.46666666666667
8503,0.45819018878835904,94.47777777777777
8504,0.45819018878835904,94.4888888888889
8505,0.45819018878835904,94.5
8506,0.45819018878835904,94.51111111111112
8507,0.45819018878835904,94.52222222222223
8508,0.45819018878835904,94.53333333333333
8509,0.45819018878835904,94.54444444444445
8510,0.45819018878835904,94.55555555555556
8511,0.45819018878835904,94.56666666666668
8512,0.45819018878835904,94.57777777777778
8513,0.45819018878835904,94.58888888888889
8514,0.45819018878835904,94.60000000000001
8515,0.45819018878835904,94.61111111111111
8516,0.45819018878835904,94.62222222222222
8517,0.45819018878835904,94.63333333333334
8518,0.45819018878835904,94.64444444444445
8519,0.45819018878835904,94.65555555555557
8520,0.45819018878835904,94.66666666666667
8521,0.45819018878835904,94.67777777777778
8522,0.45819018878835904,94.6888888888889
8523,0.45819018878835904,94.7
8524,0.45819018878835904,94.71111111111111
8525,0.45819018878835904,94.72222222222223
8526,0.45819018878835904,94.73333333333333
8527,0.45819018878835904,94.74444444444445
8528,0.45819018878835904,94.75555555555556
8529,0.45819018878835904,94.76666666666667
8530,0.45819018878835904,94.77777777777779
8531,0.45819018878835904,94.78888888888889
8532,0.45819018878835904,94.8
8533,0.45819018878835904,94.81111111111112
8534,0.45819018878835904,94.82222222222222
8535,0.45819018878835904,94.83333333333334
8536,0.45819018878835904,94.84444444444445
8537,0.45819018878835904,94.85555555555555
8538,0.45819018878835904,94.86666666666667
8539,0.45819018878835904,94.87777777777778
8540,0.45819018878835904,94.88888888888889
8541,0.45819018878835904,94.9
8542,0.45819018878835904,94.91111111111111
8543,0.45819018878835904,94.92222222222223
8544,0.45819018878835904,94.93333333333334
8545,0.45819018878835904,94.94444444444444
8546,0.45819018878835904,94.95555555555556
8547,0.45819018878835904,94.96666666666667
8548,0.45819018878835904,94.97777777777777
8549,0.45819018878835904,94.9888888888889
8550,0.45819018878835904,95.0
8551,0.45819018878835904,95.01111111111112
8552,0.45819018878835904,95.02222222222223
8553,0.45819018878835904,95.03333333333333
8554,0.45819018878835904,95.04444444444445
8555,0.45819018878835904,95.05555555555556
8556,0.45819018878835904,95.06666666666668
8557,0.45819018878835904,95.07777777777778
8558,0.45819018878835904,95.08888888888889
8559,0.45819018878835904,95.10000000000001
8560,0.45819018878835904,95.11111111111111
8561,0.45819018878835904,95.12222222222222
8562,0.45819018878835904,95.13333333333334
8563,0.45819018878835904,95.14444444444445
8564,0.45819018878835904,95.15555555555557
8565,0.45819018878835904,95.16666666666667
8566,0.45819018878835904,95.17777777777778
8567,0.45819018878835904,95.1888888888889
8568,0.45819018878835904,95.2
8569,0.45819018878835904,95.21111111111111
8570,0.45819018878835904,95.22222222222223
8571,0.45819018878835904,95.23333333333333
8572,0.45819018878835904,95.24444444444445
8573,0.45819018878835904,95.25555555555556
8574,0.45819018878835904,95.26666666666667
8575,0.45819018878835904,95.27777777777779
8576,0.45819018878835904,95.28888888888889
8577,0.45819018878835904,95.3
8578,0.45819018878835904,95.31111111111112
8579,0.45819018878835904,95.32222222222222
8580,0.45819018878835904,95.33333333333334
8581,0.45819018878835904,95.34444444444445
8582,0.45819018878835904,95.35555555555555
8583,0.45819018878835904,95.36666666666667
8584,0.45819018878835904,95.37777777777778
8585,0.45819018878835904,95.38888888888889
8586,0.45819018878835904,95.4
8587,0.45819018878835904,95.41111111111111
8588,0.45819018878835904,95.42222222222223
8589,0.45819018878835904,95.43333333333334
8590,0.45819018878835904,95.44444444444444
8591,0.45819018878835904,95.45555555555556
8592,0.45819018878835904,95.46666666666667
8593,0.45819018878835904,95.47777777777779
8594,0.45819018878835904,95.4888888888889
8595,0.45819018878835904,95.5
8596,0.45819018878835904,95.51111111111112
8597,0.45819018878835904,95.52222222222223
8598,0.45819018878835904,95.53333333333333
8599,0.45819018878835904,95.54444444444445
8600,0.45819018878835904,95.55555555555556
8601,0.45819018878835904,95.56666666666668
8602,0.45819018878835904,95.57777777777778
8603,0.45819018878835904,95.58888888888889
8604,0.45819018878835904,95.60000000000001
8605,0.45819018878835904,95.61111111111111
8606,0.45819018878835904,95.62222222222222
8607,0.45819018878835904,95.63333333333334
8608,0.45819018878835904,95.64444444444445
8609,0.45819018878835904,95.65555555555557
8610,0.45819018878835904,95.66666666666667
8611,0.45819018878835904,95.67777777777778
8612,0.45819018878835904,95.6888888888889
8613,0.45819018878835904,95.7
8614,0.45819018878835904,95.71111111111111
8615,0.45819018878835904,95.72222222222223
8616,0.45819018878835904,95.73333333333333
8617,0.45819018878835904,95.74444444444445
8618,0.45819018878835904,95.75555555555556
8619,0.45819018878835904,95.76666666666667
8620,0.45819018878835904,95.77777777777779
8621,0.45819018878835904,95.78888888888889
8622,0.45819018878835904,95.8
8623,0.45819018878835904,95.81111111111112
8624,0.45819018878835904,95.82222222222222
8625,0.45819018878835904,95.83333333333334
8626,0.45819018878835904,95.84444444444445
8627,0.45819018878835904,95.85555555555555
8628,0.45819018878835904,95.86666666666667
8629,0.45819018878835904,95.87777777777778
8630,0.45819018878835904,95.88888888888889
8631,0.45819018878835904,95.9
8632,0.45819018878835904,95.91111111111111
8633,0.45819018878835904,95.92222222222223
8634,0.45819018878835904,95.93333333333334
8635,0.45819018878835904,95.94444444444444
8636,0.45819018878835904,95.95555555555556
8637,0.45819018878835904,95.96666666666667
8638,0.45819018878835904,95.97777777777779
8639,0.45819018878835904,95.9888888888889
8640,0.45819018878835904,96.0
8641,0.45819018878835904,96.01111111111112
8642,0.45819018878835904,96.02222222222223
8643,0.45819018878835904,96.03333333333333
8644,0.45819018878835904,96.04444444444445
8645,0.45819018878835904,96.05555555555556
8646,0.45819018878835904,96.06666666666668
8647,0.45819018878835904,96.07777777777778
8648,0.45819018878835904,96.08888888888889
8649,0.45819018878835904,96.10000000000001
8650,0.45819018878835904,96.11111111111111
8651,0.45819018878835904,96.12222222222222
8652,0.45819018878835904,96.13333333333334
8653,0.45819018878835904,96.14444444444445
8654,0.45819018878835904,96.15555555555557
8655,0.45819018878835904,96.16666666666667
8656,0.45819018878835904,96.17777777777778
8657,0.45819018878835904,96.1888888888889
8658,0.45819018878835904,96.2
8659,0.45819018878835904,96.21111111111111
8660,0.45819018878835904,96.22222222222223
8661,0.45819018878835904,96.23333333333333
8662,0.45819018878835904,96.24444444444445
8663,0.45819018878835904,96.25555555555556
8664,0.45819018878835904,96.26666666666667
8665,0.45819018878835904,96.27777777777779
8666,0.45819018878835904,96.28888888888889
8667,0.45819018878835904,96.3
8668,0.45819018878835904,96.31111111111112
8669,0.45819018878835904,96.32222222222222
8670,0.45819018878835904,96.33333333333334
8671,0.45819018878835904,96.34444444444445
8672,0.45819018878835904,96.35555555555555
8673,0.45819018878835904,96.36666666666667
8674,0.45819018878835904,96.37777777777778
8675,0.45819018878835904,96.38888888888889
8676,0.45819018878835904,96.4
8677,0.45819018878835904,96.41111111111111
8678,0.45819018878835904,96.42222222222223
8679,0.45819018878835904,96.43333333333334
8680,0.45819018878835904,96.44444444444444
8681,0.45819018878835904,96.45555555555556
8682,0.45819018878835904,96.46666666666667
8683,0.45819018878835904,96.47777777777779
8684,0.45819018878835904,96.4888888888889
8685,0.45819018878835904,96.5
8686,0.45819018878835904,96.51111111111112
8687,0.45819018878835904,96.52222222222223
8688,0.45819018878835904,96.53333333333333
8689,0.45819018878835904,96.54444444444445
8690,0.45819018878835904,96.55555555555556
8691,0.45819018878835904,96.56666666666668
8692,0.45819018878835904,96.57777777777778
8693,0.45819018878835904,96.58888888888889
8694,0.45819018878835904,96.60000000000001
8695,0.45819018878835904,96.61111111111111
8696,0.45819018878835904,96.62222222222222
8697,0.45819018878835904,96.63333333333334
8698,0.45819018878835904,96.64444444444445
8699,0.45819018878835904,96.65555555555557
8700,0.45819018878835904,96.66666666666667
8701,0.45819018878835904,96.67777777777778
8702,0.45819018878835904,96.6888888888889
8703,0.45819018878835904,96.7
8704,0.45819018878835904,96.71111111111111
8705,0.45819018878835904,96.72222222222223
8706,0.45819018878835904,96.73333333333333
8707,0.45819018878835904,96.74444444444445
8708,0.45819018878835904,96.75555555555556
8709,0.45819018878835904,96.76666666666667
8710,0.45819018878835904,96.77777777777779
8711,0.45819018878835904,96.78888888888889
8712,0.45819018878835904,96.8
8713,0.45819018878835904,96.81111111111112
8714,0.45819018878835904,96.82222222222222
8715,0.45819018878835904,96.83333333333334
8716,0.45819018878835904,96.84444444444445
8717,0.45819018878835904,96.85555555555555
8718,0.45819018878835904,96.86666666666667
8719,0.45819018878835904,96.87777777777778
8720,0.45819018878835904,96.88888888888889
8721,0.45819018878835904,96.9
8722,0.45819018878835904,96.91111111111111
8723,0.45819018878835904,96.92222222222223
8724,0.45819018878835904,96.93333333333334
8725,0.45819018878835904,96.94444444444444
8726,0.45819018878835904,96.95555555555556
8727,0.45819018878835904,96.96666666666667
8728,0.45819018878835904,96.97777777777779
8729,0.45819018878835904,96.9888888888889
8730,0.45819018878835904,97.0
8731,0.4594338538693541,97.01111111111112
8732,0.46005568640985,97.02222222222223
8733,0.46005568640985,97.03333333333333
8734,0.46005568640985,97.04444444444445
8735,0.46005568640985,97.05555555555556
8736,0.46005568640985,97.06666666666668
8737,0.46005568640985,97.07777777777778
8738,0.46005568640985,97.08888888888889
8739,0.46005568640985,97.10000000000001
8740,0.46005568640985,97.11111111111111
8741,0.46005568640985,97.12222222222222
8742,0.46005568640985,97.13333333333334
8743,0.46005568640985,97.14444444444445
8744,0.46005568640985,97.15555555555557
8745,0.46005568640985,97.16666666666667
8746,0.46005568640985,97.17777777777778
8747,0.46005568640985,97.1888888888889
8748,0.46005568640985,97.2
8749,0.46005568640985,97.21111111111111
8750,0.46005568640985,97.22222222222223
8751,0.46005568640985,97.23333333333333
8752,0.46005568640985,97.24444444444445
8753,0.46005568640985,97.25555555555556
8754,0.46005568640985,97.26666666666667
8755,0.46005568640985,97.27777777777779
8756,0.46005568640985,97.28888888888889
8757,0.46005568640985,97.3
8758,0.46005568640985,97.31111111111112
8759,0.46005568640985,97.32222222222222
8760,0.46005568640985,97.33333333333334
8761,0.46005568640985,97.34444444444445
8762,0.46005568640985,97.35555555555555
8763,0.46005568640985,97.36666666666667
8764,0.46005568640985,97.37777777777778
8765,0.46005568640985,97.38888888888889
8766,0.46005568640985,97.4
8767,0.46005568640985,97.41111111111111
8768,0.46005568640985,97.42222222222223
8769,0.46005568640985,97.43333333333334
8770,0.46005568640985,97.44444444444444
8771,0.46005568640985,97.45555555555556
8772,0.46005568640985,97.46666666666667
8773,0.46005568640985,97.47777777777779
8774,0.46005568640985,97.4888888888889
8775,0.46005568640985,97.5
8776,0.46005568640985,97.51111111111112
8777,0.46005568640985,97.52222222222223
8778,0.46005568640985,97.53333333333333
8779,0.46005568640985,97.54444444444445
8780,0.46005568640985,97.55555555555556
8781,0.46005568640985,97.56666666666668
8782,0.46005568640985,97.57777777777778
8783,0.46005568640985,97.58888888888889
8784,0.46005568640985,97.60000000000001
8785,0.46005568640985,97.61111111111111
8786,0.46005568640985,97.62222222222222
8787,0.46005568640985,97.63333333333334
8788,0.46005568640985,97.64444444444445
8789,0.46005568640985,97.65555555555557
8790,0.46005568640985,97.66666666666667
8791,0.46005568640985,97.67777777777778
8792,0.46005568640985,97.6888888888889
8793,0.46005568640985,97.7
8794,0.46005568640985,97.71111111111111
8795,0.46005568640985,97.72222222222223
8796,0.46005568640985,97.73333333333333
8797,0.46005568640985,97.74444444444445
8798,0.46005568640985,97.75555555555556
8799,0.46005568640985,97.76666666666667
8800,0.46005568640985,97.77777777777779
8801,0.46005568640985,97.78888888888889
8802,0.46005568640985,97.8
8803,0.46005568640985,97.81111111111112
8804,0.46005568640985,97.82222222222222
8805,0.46005568640985,97.83333333333334
8806,0.46005568640985,97.84444444444445
8807,0.46005568640985,97.85555555555555
8808,0.46005568640985,97.86666666666667
8809,0.46005568640985,97.87777777777778
8810,0.46005568640985,97.88888888888889
8811,0.46005568640985,97.9
8812,0.46005568640985,97.91111111111111
8813,0.46005568640985,97.92222222222223
8814,0.46005568640985,97.93333333333334
8815,0.46005568640985,97.94444444444444
8816,0.46005568640985,97.95555555555556
8817,0.46005568640985,97.96666666666667
8818,0.46005568640985,97.97777777777779
8819,0.46005568640985,97.9888888888889
8820,0.46005568640985,98.0
8821,0.46005568640985,98.01111111111112
8822,0.46005568640985,98.02222222222223
8823,0.46005568640985,98.03333333333333
8824,0.46005568640985,98.04444444444445
8825,0.46005568640985,98.05555555555556
8826,0.46005568640985,98.06666666666668
8827,0.46005568640985,98.07777777777778
8828,0.46005568640985,98.08888888888889
8829,0.46005568640985,98.10000000000001
8830,0.46005568640985,98.11111111111111
8831,0.46005568640985,98.12222222222222
8832,0.46005568640985,98.13333333333334
8833,0.46005568640985,98.14444444444445
8834,0.46005568640985,98.15555555555557
8835,0.46005568640985,98.16666666666667
8836,0.46005568640985,98.17777777777778
8837,0.46005568640985,98.1888888888889
8838,0.46005568640985,98.2
8839,0.46005568640985,98.21111111111111
8840,0.46005568640985,98.22222222222223
8841,0.46005568640985,98.23333333333333
8842,0.46005568640985,98.24444444444445
8843,0.46005568640985,98.25555555555556
8844,0.46005568640985,98.26666666666667
8845,0.46005568640985,98.27777777777779
8846,0.46005568640985,98.28888888888889
8847,0.46005568640985,98.3
8848,0.46005568640985,98.31111111111112
8849,0.46005568640985,98.32222222222222
8850,0.46005568640985,98.33333333333334
8851,0.46005568640985,98.34444444444445
8852,0.46005568640985,98.35555555555555
8853,0.46005568640985,98.36666666666667
8854,0.46005568640985,98.37777777777778
8855,0.46005568640985,98.38888888888889
8856,0.46005568640985,98.4
8857,0.46005568640985,98.41111111111111
8858,0.46005568640985,98.42222222222223
8859,0.46005568640985,98.43333333333334
8860,0.46005568640985,98.44444444444444
8861,0.46005568640985,98.45555555555556
8862,0.46005568640985,98.46666666666667
8863,0.46005568640985,98.47777777777779
8864,0.46005568640985,98.4888888888889
8865,0.46005568640985,98.5
8866,0.46005568640985,98.51111111111112
8867,0.46005568640985,98.52222222222223
8868,0.46005568640985,98.53333333333333
8869,0.46005568640985,98.54444444444445
8870,0.46005568640985,98.55555555555556
8871,0.46005568640985,98.56666666666668
8872,0.46005568640985,98.57777777777778
8873,0.46005568640985,98.58888888888889
8874,0.46005568640985,98.60000000000001
8875,0.46005568640985,98.61111111111111
8876,0.46005568640985,98.62222222222222
8877,0.46005568640985,98.63333333333334
8878,0.46005568640985,98.64444444444445
8879,0.46005568640985,98.65555555555557
8880,0.46005568640985,98.66666666666667
8881,0.46005568640985,98.67777777777778
8882,0.46005568640985,98.6888888888889
8883,0.46005568640985,98.7
8884,0.46005568640985,98.71111111111111
8885,0.46005568640985,98.72222222222223
8886,0.46005568640985,98.73333333333333
8887,0.46005568640985,98.74444444444445
8888,0.46005568640985,98.75555555555556
8889,0.46005568640985,98.76666666666667
8890,0.46005568640985,98.77777777777779
8891,0.46005568640985,98.78888888888889
8892,0.46005568640985,98.8
8893,0.46005568640985,98.81111111111112
8894,0.46005568640985,98.82222222222222
8895,0.46005568640985,98.83333333333334
8896,0.46005568640985,98.84444444444445
8897,0.46005568640985,98.85555555555555
8898,0.46005568640985,98.86666666666667
8899,0.46005568640985,98.87777777777778
8900,0.46005568640985,98.88888888888889
8901,0.46005568640985,98.9
8902,0.46005568640985,98.91111111111111
8903,0.46005568640985,98.92222222222223
8904,0.46005568640985,98.93333333333334
8905,0.46005568640985,98.94444444444444
8906,0.46005568640985,98.95555555555556
8907,0.46005568640985,98.96666666666667
8908,0.46005568640985,98.97777777777779
8909,0.46005568640985,98.9888888888889
8910,0.46005568640985,99.0
8911,0.46005568640985,99.01111111111112
8912,0.46005568640985,99.02222222222223
8913,0.46005568640985,99.03333333333333
8914,0.46005568640985,99.04444444444445
8915,0.46005568640985,99.05555555555556
8916,0.46005568640985,99.06666666666668
8917,0.46005568640985,99.07777777777778
8918,0.46005568640985,99.08888888888889
8919,0.46005568640985,99.10000000000001
8920,0.46005568640985,99.11111111111111
8921,0.46005568640985,99.12222222222222
8922,0.46005568640985,99.13333333333334
8923,0.46005568640985,99.14444444444445
8924,0.46005568640985,99.15555555555557
8925,0.46005568640985,99.16666666666667
8926,0.46005568640985,99.17777777777778
8927,0.46005568640985,99.1888888888889
8928,0.46005568640985,99.2
8929,0.46005568640985,99.21111111111111
8930,0.46005568640985,99.22222222222223
8931,0.46005568640985,99.23333333333333
8932,0.46005568640985,99.24444444444445
8933,0.46005568640985,99.25555555555556
8934,0.46005568640985,99.26666666666667
8935,0.46005568640985,99.27777777777779
8936,0.46005568640985,99.28888888888889
8937,0.46005568640985,99.3
8938,0.46005568640985,99.31111111111112
8939,0.46005568640985,99.32222222222222
8940,0.46005568640985,99.33333333333334
8941,0.46005568640985,99.34444444444445
8942,0.46005568640985,99.35555555555555
8943,0.46005568640985,99.36666666666667
8944,0.46005568640985,99.37777777777778
8945,0.46005568640985,99.38888888888889
8946,0.46005568640985,99.4
8947,0.46005568640985,99.41111111111111
8948,0.46005568640985,99.42222222222223
8949,0.46005568640985,99.43333333333334
8950,0.46005568640985,99.44444444444444
8951,0.46005568640985,99.45555555555556
8952,0.46005568640985,99.46666666666667
8953,0.46005568640985,99.47777777777779
8954,0.46005568640985,99.4888888888889
8955,0.46005568640985,99.5
8956,0.46005568640985,99.51111111111112
8957,0.46005568640985,99.52222222222223
8958,0.46005568640985,99.53333333333333
8959,0.46005568640985,99.54444444444445
8960,0.46005568640985,99.55555555555556
8961,0.46005568640985,99.56666666666668
8962,0.46005568640985,99.57777777777778
8963,0.4594338538693525,99.58888888888889
8964,0.45819018878835904,99.60000000000001
8965,0.45819018878835904,99.61111111111111
8966,0.45819018878835904,99.62222222222222
8967,0.45819018878835904,99.63333333333334
8968,0.45819018878835904,99.64444444444445
8969,0.45819018878835904,99.65555555555557
8970,0.45819018878835904,99.66666666666667
8971,0.45819018878835904,99.67777777777778
8972,0.45819018878835904,99.6888888888889
8973,0.45819018878835904,99.7
8974,0.45819018878835904,99.71111111111111
8975,0.45819018878835904,99.72222222222223
8976,0.45819018878835904,99.73333333333333
8977,0.45819018878835904,99.74444444444445
8978,0.45819018878835904,99.75555555555556
8979,0.45819018878835904,99.76666666666667
8980,0.45819018878835904,99.77777777777779
8981,0.45819018878835904,99.78888888888889
8982,0.45819018878835904,99.8
8983,0.45694652370736466,99.81111111111112
8984,0.456324691166869,99.82222222222222
8985,0.456324691166869,99.83333333333334
8986,0.456324691166869,99.84444444444445
8987,0.456324691166869,99.85555555555555
8988,0.456324691166869,99.86666666666667
8989,0.456324691166869,99.87777777777778
8990,0.456324691166869,99.88888888888889
8991,0.456324691166869,99.9
8992,0.456324691166869,99.91111111111111
8993,0.456324691166869,99.92222222222223
8994,0.456324691166869,99.93333333333334
8995,0.456324691166869,99.94444444444444
8996,0.456324691166869,99.95555555555556
8997,0.456324691166869,99.96666666666667
8998,0.456324691166869,99.97777777777779
8999,0.456324691166869,99.9888888888889
9000,0.456324691166869,100.0
9001,0.456324691166869,100.01111111111112
9002,0.456324691166869,100.02222222222223
9003,0.456324691166869,100.03333333333333
9004,0.456324691166869,100.04444444444445
9005,0.456324691166869,100.05555555555556
9006,0.456324691166869,100.06666666666668
9007,0.456324691166869,100.07777777777778
9008,0.456324691166869,100.08888888888889
9009,0.456324691166869,100.10000000000001
9010,0.456324691166869,100.11111111111111
9011,0.456324691166869,100.12222222222222
9012,0.456324691166869,100.13333333333334
9013,0.456324691166869,100.14444444444445
9014,0.456324691166869,100.15555555555557
9015,0.456324691166869,100.16666666666667
9016,0.456324691166869,100.17777777777778
9017,0.456324691166869,100.1888888888889
9018,0.456324691166869,100.2
9019,0.456324691166869,100.21111111111111
9020,0.456324691166869,100.22222222222223
9021,0.456324691166869,100.23333333333333
9022,0.456324691166869,100.24444444444445
9023,0.456324691166869,100.25555555555556
9024,0.456324691166869,100.26666666666667
9025,0.456324691166869,100.27777777777779
9026,0.456324691166869,100.28888888888889
9027,0.456324691166869,100.3
9028,0.456324691166869,100.31111111111112
9029,0.456324691166869,100.32222222222222
9030,0.456324691166869,100.33333333333334
9031,0.456324691166869,100.34444444444445
9032,0.456324691166869,100.35555555555555
9033,0.456324691166869,100.36666666666667
9034,0.456324691166869,100.37777777777778
9035,0.456324691166869,100.38888888888889
9036,0.456324691166869,100.4
9037,0.456324691166869,100.41111111111111
9038,0.456324691166869,100.42222222222223
9039,0.456324691166869,100.43333333333334
9040,0.456324691166869,100.44444444444444
9041,0.456324691166869,100.45555555555556
9042,0.456324691166869,100.46666666666667
9043,0.456324691166869,100.47777777777779
9044,0.456324691166869,100.4888888888889
9045,0.456324691166869,100.5
9046,0.456324691166869,100.51111111111112
9047,0.456324691166869,100.52222222222223
9048,0.456324691166869,100.53333333333333
9049,0.456324691166869,100.54444444444445
9050,0.456324691166869,100.55555555555556
9051,0.456324691166869,100.56666666666668
9052,0.456324691166869,100.57777777777778
9053,0.456324691166869,100.58888888888889
9054,0.456324691166869,100.60000000000001
9055,0.456324691166869,100.61111111111111
9056,0.456324691166869,100.62222222222222
9057,0.456324691166869,100.63333333333334
9058,0.456324691166869,100.64444444444445
9059,0.456324691166869,100.65555555555557
9060,0.456324691166869,100.66666666666667
9061,0.456324691166869,100.67777777777778
9062,0.456324691166869,100.6888888888889
9063,0.456324691166869,100.7
9064,0.456324691166869,100.71111111111111
9065,0.456324691166869,100.72222222222223
9066,0.456324691166869,100.73333333333333
9067,0.456324691166869,100.74444444444445
9068,0.456324691166869,100.75555555555556
9069,0.456324691166869,100.76666666666667
9070,0.456324691166869,100.77777777777779
9071,0.456324691166869,100.78888888888889
9072,0.456324691166869,100.8
9073,0.456324691166869,100.81111111111112
9074,0.456324691166869,100.82222222222222
9075,0.456324691166869,100.83333333333334
9076,0.456324691166869,100.84444444444445
9077,0.456324691166869,100.85555555555555
9078,0.456324691166869,100.86666666666667
9079,0.456324691166869,100.87777777777778
9080,0.456324691166869,100.88888888888889
9081,0.456324691166869,100.9
9082,0.456324691166869,100.91111111111111
9083,0.456324691166869,100.92222222222223
9084,0.456324691166869,100.93333333333334
9085,0.456324691166869,100.94444444444444
9086,0.456324691166869,100.95555555555556
9087,0.456324691166869,100.96666666666667
9088,0.456324691166869,100.97777777777779
9089,0.456324691166869,100.9888888888889
9090,0.456324691166869,101.0
9091,0.456324691166869,101.01111111111112
9092,0.456324691166869,101.02222222222223
9093,0.456324691166869,101.03333333333333
9094,0.456324691166869,101.04444444444445
9095,0.456324691166869,101.05555555555556
9096,0.456324691166869,101.06666666666668
9097,0.456324691166869,101.07777777777778
9098,0.456324691166869,101.08888888888889
9099,0.456324691166869,101.10000000000001
9100,0.456324691166869,101.11111111111111
9101,0.456324691166869,101.12222222222222
9102,0.456324691166869,101.13333333333334
9103,0.456324691166869,101.14444444444445
9104,0.456324691166869,101.15555555555557
9105,0.456324691166869,101.16666666666667
9106,0.456324691166869,101.17777777777778
9107,0.456324691166869,101.1888888888889
9108,0.456324691166869,101.2
9109,0.456324691166869,101.21111111111111
9110,0.456324691166869,101.22222222222223
9111,0.456324691166869,101.23333333333333
9112,0.456324691166869,101.24444444444445
9113,0.456324691166869,101.25555555555556
9114,0.456324691166869,101.26666666666667
9115,0.456324691166869,101.27777777777779
9116,0.456324691166869,101.28888888888889
9117,0.456324691166869,101.3
9118,0.456324691166869,101.31111111111112
9119,0.456324691166869,101.32222222222222
9120,0.456324691166869,101.33333333333334
9121,0.456324691166869,101.34444444444445
9122,0.456324691166869,101.35555555555555
9123,0.456324691166869,101.36666666666667
9124,0.456324691166869,101.37777777777778
9125,0.456324691166869,101.38888888888889
9126,0.456324691166869,101.4
9127,0.456324691166869,101.41111111111111
9128,0.456324691166869,101.42222222222223
9129,0.456324691166869,101.43333333333334
9130,0.456324691166869,101.44444444444444
9131,0.456324691166869,101.45555555555556
9132,0.456324691166869,101.46666666666667
9133,0.456324691166869,101.47777777777779
9134,0.456324691166869,101.4888888888889
9135,0.456324691166869,101.5
9136,0.456324691166869,101.51111111111112
9137,0.456324691166869,101.52222222222223
9138,0.456324691166869,101.53333333333333
9139,0.456324691166869,101.54444444444445
9140,0.456324691166869,101.55555555555556
9141,0.456324691166869,101.56666666666668
9142,0.456324691166869,101.57777777777778
9143,0.456324691166869,101.58888888888889
9144,0.456324691166869,101.60000000000001
9145,0.456324691166869,101.61111111111111
9146,0.456324691166869,101.62222222222222
9147,0.456324691166869,101.63333333333334
9148,0.456324691166869,101.64444444444445
9149,0.456324691166869,101.65555555555557
9150,0.456324691166869,101.66666666666667
9151,0.456324691166869,101.67777777777778
9152,0.456324691166869,101.6888888888889
9153,0.456324691166869,101.7
9154,0.456324691166869,101.71111111111111
9155,0.456324691166869,101.72222222222223
9156,0.456324691166869,101.73333333333333
9157,0.456324691166869,101.74444444444445
9158,0.456324691166869,101.75555555555556
9159,0.456324691166869,101.76666666666667
9160,0.456324691166869,101.77777777777779
9161,0.456324691166869,101.78888888888889
9162,0.456324691166869,101.8
9163,0.456324691166869,101.81111111111112
9164,0.456324691166869,101.82222222222222
9165,0.456324691166869,101.83333333333334
9166,0.456324691166869,101.84444444444445
9167,0.456324691166869,101.85555555555555
9168,0.456324691166869,101.86666666666667
9169,0.456324691166869,101.87777777777778
9170,0.456324691166869,101.88888888888889
9171,0.456324691166869,101.9
9172,0.456324691166869,101.91111111111111
9173,0.456324691166869,101.92222222222223
9174,0.456324691166869,101.93333333333334
9175,0.456324691166869,101.94444444444444
9176,0.456324691166869,101.95555555555556
9177,0.456324691166869,101.96666666666667
9178,0.456324691166869,101.97777777777779
9179,0.456324691166869,101.9888888888889
9180,0.456324691166869,102.0
9181,0.456324691166869,102.01111111111112
9182,0.456324691166869,102.02222222222223
9183,0.456324691166869,102.03333333333333
9184,0.456324691166869,102.04444444444445
9185,0.456324691166869,102.05555555555556
9186,0.456324691166869,102.06666666666668
9187,0.456324691166869,102.07777777777778
9188,0.456324691166869,102.08888888888889
9189,0.456324691166869,102.10000000000001
9190,0.456324691166869,102.11111111111111
9191,0.456324691166869,102.12222222222222
9192,0.456324691166869,102.13333333333334
9193,0.456324691166869,102.14444444444445
9194,0.456324691166869,102.15555555555557
9195,0.456324691166869,102.16666666666667
9196,0.456324691166869,102.17777777777778
9197,0.456324691166869,102.1888888888889
9198,0.456324691166869,102.2
9199,0.456324691166869,102.21111111111111
9200,0.456324691166869,102.22222222222223
9201,0.456324691166869,102.23333333333333
9202,0.456324691166869,102.24444444444445
9203,0.456324691166869,102.25555555555556
9204,0.456324691166869,102.26666666666667
9205,0.456324691166869,102.27777777777779
9206,0.456324691166869,102.28888888888889
9207,0.456324691166869,102.3
9208,0.456324691166869,102.31111111111112
9209,0.456324691166869,102.32222222222222
9210,0.456324691166869,102.33333333333334
9211,0.456324691166869,102.34444444444445
9212,0.456324691166869,102.35555555555555
9213,0.456324691166869,102.36666666666667
9214,0.456324691166869,102.37777777777778
9215,0.456324691166869,102.38888888888889
9216,0.456324691166869,102.4
9217,0.456324691166869,102.41111111111111
9218,0.456324691166869,102.42222222222223
9219,0.456324691166869,102.43333333333334
9220,0.456324691166869,102.44444444444444
9221,0.456324691166869,102.45555555555556
9222,0.456324691166869,102.46666666666667
9223,0.456324691166869,102.47777777777779
9224,0.456324691166869,102.4888888888889
9225,0.456324691166869,102.5
9226,0.456324691166869,102.51111111111112
9227,0.456324691166869,102.52222222222223
9228,0.456324691166869,102.53333333333333
9229,0.456324691166869,102.54444444444445
9230,0.456324691166869,102.55555555555556
9231,0.456324691166869,102.56666666666668
9232,0.456324691166869,102.57777777777778
9233,0.456324691166869,102.58888888888889
9234,0.456324691166869,102.60000000000001
9235,0.456324691166869,102.61111111111111
9236,0.456324691166869,102.62222222222222
9237,0.456324691166869,102.63333333333334
9238,0.456324691166869,102.64444444444445
9239,0.456324691166869,102.65555555555557
9240,0.456324691166869,102.66666666666667
9241,0.456324691166869,102.67777777777778
9242,0.456324691166869,102.6888888888889
9243,0.456324691166869,102.7
9244,0.456324691166869,102.71111111111111
9245,0.456324691166869,102.72222222222223
9246,0.456324691166869,102.73333333333333
9247,0.456324691166869,102.74444444444445
9248,0.456324691166869,102.75555555555556
9249,0.456324691166869,102.76666666666667
9250,0.456324691166869,102.77777777777779
9251,0.456324691166869,102.78888888888889
9252,0.456324691166869,102.8
9253,0.456324691166869,102.81111111111112
9254,0.456324691166869,102.82222222222222
9255,0.456324691166869,102.83333333333334
9256,0.456324691166869,102.84444444444445
9257,0.456324691166869,102.85555555555555
9258,0.456324691166869,102.86666666666667
9259,0.456324691166869,102.87777777777778
9260,0.456324691166869,102.88888888888889
9261,0.456324691166869,102.9
9262,0.456324691166869,102.91111111111111
9263,0.456324691166869,102.92222222222223
9264,0.456324691166869,102.93333333333334
9265,0.456324691166869,102.94444444444444
9266,0.456324691166869,102.95555555555556
9267,0.456324691166869,102.96666666666667
9268,0.456324691166869,102.97777777777779
9269,0.456324691166869,102.9888888888889
9270,0.456324691166869,103.0
9271,0.456324691166869,103.01111111111112
9272,0.456324691166869,103.02222222222223
9273,0.456324691166869,103.03333333333333
9274,0.456324691166869,103.04444444444445
9275,0.456324691166869,103.05555555555556
9276,0.456324691166869,103.06666666666668
9277,0.456324691166869,103.07777777777778
9278,0.456324691166869,103.08888888888889
9279,0.456324691166869,103.10000000000001
9280,0.456324691166869,103.11111111111111
9281,0.456324691166869,103.12222222222222
9282,0.456324691166869,103.13333333333334
9283,0.456324691166869,103.14444444444445
9284,0.456324691166869,103.15555555555557
9285,0.456324691166869,103.16666666666667
9286,0.456324691166869,103.17777777777778
9287,0.456324691166869,103.1888888888889
9288,0.456324691166869,103.2
9289,0.456324691166869,103.21111111111111
9290,0.456324691166869,103.22222222222223
9291,0.456324691166869,103.23333333333333
9292,0.456324691166869,103.24444444444445
9293,0.456324691166869,103.25555555555556
9294,0.456324691166869,103.26666666666667
9295,0.456324691166869,103.27777777777779
9296,0.456324691166869,103.28888888888889
9297,0.456324691166869,103.3
9298,0.456324691166869,103.31111111111112
9299,0.456324691166869,103.32222222222222
9300,0.456324691166869,103.33333333333334
9301,0.456324691166869,103.34444444444445
9302,0.456324691166869,103.35555555555555
9303,0.456324691166869,103.36666666666667
9304,0.456324691166869,103.37777777777778
9305,0.456324691166869,103.38888888888889
9306,0.456324691166869,103.4
9307,0.456324691166869,103.41111111111111
9308,0.456324691166869,103.42222222222223
9309,0.456324691166869,103.43333333333334
9310,0.456324691166869,103.44444444444444
9311,0.456324691166869,103.45555555555556
9312,0.456324691166869,103.46666666666667
9313,0.456324691166869,103.47777777777779
9314,0.456324691166869,103.4888888888889
9315,0.456324691166869,103.5
9316,0.456324691166869,103.51111111111112
9317,0.456324691166869,103.52222222222223
9318,0.456324691166869,103.53333333333333
9319,0.456324691166869,103.54444444444445
9320,0.456324691166869,103.55555555555556
9321,0.456324691166869,103.56666666666668
9322,0.456324691166869,103.57777777777778
9323,0.456324691166869,103.58888888888889
9324,0.456324691166869,103.60000000000001
9325,0.456324691166869,103.61111111111111
9326,0.456324691166869,103.62222222222222
9327,0.456324691166869,103.63333333333334
9328,0.456324691166869,103.64444444444445
9329,0.456324691166869,103.65555555555557
9330,0.456324691166869,103.66666666666667
9331,0.456324691166869,103.67777777777778
9332,0.456324691166869,103.6888888888889
9333,0.456324691166869,103.7
9334,0.456324691166869,103.71111111111111
9335,0.456324691166869,103.72222222222223
9336,0.456324691166869,103.73333333333333
9337,0.456324691166869,103.74444444444445
9338,0.456324691166869,103.75555555555556
9339,0.456324691166869,103.76666666666667
9340,0.456324691166869,103.77777777777779
9341,0.456324691166869,103.78888888888889
9342,0.456324691166869,103.8
9343,0.456324691166869,103.81111111111112
9344,0.456324691166869,103.82222222222222
9345,0.456324691166869,103.83333333333334
9346,0.456324691166869,103.84444444444445
9347,0.456324691166869,103.85555555555555
9348,0.456324691166869,103.86666666666667
9349,0.456324691166869,103.87777777777778
9350,0.456324691166869,103.8888888888889
9351,0.456324691166869,103.9
9352,0.456324691166869,103.91111111111111
9353,0.456324691166869,103.92222222222223
9354,0.456324691166869,103.93333333333334
9355,0.456324691166869,103.94444444444444
9356,0.456324691166869,103.95555555555556
9357,0.456324691166869,103.96666666666667
9358,0.456324691166869,103.97777777777779
9359,0.456324691166869,103.9888888888889
9360,0.456324691166869,104.0
9361,0.456324691166869,104.01111111111112
9362,0.456324691166869,104.02222222222223
9363,0.456324691166869,104.03333333333333
9364,0.456324691166869,104.04444444444445
9365,0.456324691166869,104.05555555555556
9366,0.456324691166869,104.06666666666668
9367,0.456324691166869,104.07777777777778
9368,0.456324691166869,104.08888888888889
9369,0.456324691166869,104.10000000000001
9370,0.456324691166869,104.11111111111111
9371,0.456324691166869,104.12222222222222
9372,0.456324691166869,104.13333333333334
9373,0.456324691166869,104.14444444444445
9374,0.456324691166869,104.15555555555557
9375,0.456324691166869,104.16666666666667
9376,0.456324691166869,104.17777777777778
9377,0.456324691166869,104.1888888888889
9378,0.456324691166869,104.2
9379,0.456324691166869,104.21111111111111
9380,0.456324691166869,104.22222222222223
9381,0.456324691166869,104.23333333333333
9382,0.4550810260858743,104.24444444444445
9383,0.4544591935453785,104.25555555555556
9384,0.4544591935453785,104.26666666666667
9385,0.4544591935453785,104.27777777777779
9386,0.4544591935453785,104.28888888888889
9387,0.4544591935453785,104.3
9388,0.4544591935453785,104.31111111111112
9389,0.4544591935453785,104.32222222222222
9390,0.4544591935453785,104.33333333333334
9391,0.4544591935453785,104.34444444444445
9392,0.4544591935453785,104.35555555555555
9393,0.4544591935453785,104.36666666666667
9394,0.4544591935453785,104.37777777777778
9395,0.4544591935453785,104.3888888888889
9396,0.4544591935453785,104.4
9397,0.4544591935453785,104.41111111111111
9398,0.4544591935453785,104.42222222222223
9399,0.4544591935453785,104.43333333333334
9400,0.4544591935453785,104.44444444444444
9401,0.4544591935453785,104.45555555555556
9402,0.4544591935453785,104.46666666666667
9403,0.4544591935453785,104.47777777777779
9404,0.4544591935453785,104.4888888888889
9405,0.4544591935453785,104.5
9406,0.4544591935453785,104.51111111111112
9407,0.4544591935453785,104.52222222222223
9408,0.4544591935453785,104.53333333333333
9409,0.4544591935453785,104.54444444444445
9410,0.4544591935453785,104.55555555555556
9411,0.4544591935453785,104.56666666666668
9412,0.4544591935453785,104.57777777777778
9413,0.4544591935453785,104.58888888888889
9414,0.4544591935453785,104.60000000000001
9415,0.4544591935453785,104.61111111111111
9416,0.4544591935453785,104.62222222222222
9417,0.4544591935453785,104.63333333333334
9418,0.4544591935453785,104.64444444444445
9419,0.4544591935453785,104.65555555555557
9420,0.4544591935453785,104.66666666666667
9421,0.4544591935453785,104.67777777777778
9422,0.4544591935453785,104.6888888888889
9423,0.4544591935453785,104.7
9424,0.4544591935453785,104.71111111111111
9425,0.4544591935453785,104.72222222222223
9426,0.4544591935453785,104.73333333333333
9427,0.4544591935453785,104.74444444444445
9428,0.4544591935453785,104.75555555555556
9429,0.4544591935453785,104.76666666666667
9430,0.4544591935453785,104.77777777777779
9431,0.4544591935453785,104.78888888888889
9432,0.4544591935453785,104.8
9433,0.4544591935453785,104.81111111111112
9434,0.4544591935453785,104.82222222222222
9435,0.4544591935453785,104.83333333333334
9436,0.4544591935453785,104.84444444444445
9437,0.4544591935453785,104.85555555555555
9438,0.4544591935453785,104.86666666666667
9439,0.4544591935453785,104.87777777777778
9440,0.4544591935453785,104.8888888888889
9441,0.4544591935453785,104.9
9442,0.4544591935453785,104.91111111111111
9443,0.4544591935453785,104.92222222222223
9444,0.4544591935453785,104.93333333333334
9445,0.4544591935453785,104.94444444444444
9446,0.4544591935453785,104.95555555555556
9447,0.4544591935453785,104.96666666666667
9448,0.4544591935453785,104.97777777777779
9449,0.4544591935453785,104.9888888888889
9450,0.4544591935453785,105.0
9451,0.4544591935453785,105.01111111111112
9452,0.4544591935453785,105.02222222222223
9453,0.4544591935453785,105.03333333333333
9454,0.4544591935453785,105.04444444444445
9455,0.4544591935453785,105.05555555555556
9456,0.4544591935453785,105.06666666666668
9457,0.4544591935453785,105.07777777777778
9458,0.4544591935453785,105.08888888888889
9459,0.4544591935453785,105.10000000000001
9460,0.4544591935453785,105.11111111111111
9461,0.4544591935453785,105.12222222222222
9462,0.4544591935453785,105.13333333333334
9463,0.4544591935453785,105.14444444444445
9464,0.4544591935453785,105.15555555555557
9465,0.4544591935453785,105.16666666666667
9466,0.4544591935453785,105.17777777777778
9467,0.4544591935453785,105.1888888888889
9468,0.4544591935453785,105.2
9469,0.4544591935453785,105.21111111111111
9470,0.4544591935453785,105.22222222222223
9471,0.4544591935453785,105.23333333333333
9472,0.4544591935453785,105.24444444444445
9473,0.4544591935453785,105.25555555555556
9474,0.4544591935453785,105.26666666666667
9475,0.4544591935453785,105.27777777777779
9476,0.4544591935453785,105.28888888888889
9477,0.4544591935453785,105.3
9478,0.4544591935453785,105.31111111111112
9479,0.4544591935453785,105.32222222222222
9480,0.4544591935453785,105.33333333333334
9481,0.4544591935453785,105.34444444444445
9482,0.4544591935453785,105.35555555555555
9483,0.4544591935453785,105.36666666666667
9484,0.4544591935453785,105.37777777777778
9485,0.4544591935453785,105.3888888888889
9486,0.4544591935453785,105.4
9487,0.4544591935453785,105.41111111111111
9488,0.4544591935453785,105.42222222222223
9489,0.4544591935453785,105.43333333333334
9490,0.4544591935453785,105.44444444444444
9491,0.4544591935453785,105.45555555555556
9492,0.4544591935453785,105.46666666666667
9493,0.4544591935453785,105.47777777777779
9494,0.4544591935453785,105.4888888888889
9495,0.4544591935453785,105.5
9496,0.4544591935453785,105.51111111111112
9497,0.4544591935453785,105.52222222222223
9498,0.4544591935453785,105.53333333333333
9499,0.4544591935453785,105.54444444444445
9500,0.4544591935453785,105.55555555555556
9501,0.4544591935453785,105.56666666666668
9502,0.4544591935453785,105.57777777777778
9503,0.4544591935453785,105.58888888888889
9504,0.4544591935453785,105.60000000000001
9505,0.4544591935453785,105.61111111111111
9506,0.4544591935453785,105.62222222222222
9507,0.4544591935453785,105.63333333333334
9508,0.4544591935453785,105.64444444444445
9509,0.4544591935453785,105.65555555555557
9510,0.4544591935453785,105.66666666666667
9511,0.4544591935453785,105.67777777777778
9512,0.4544591935453785,105.6888888888889
9513,0.4544591935453785,105.7
9514,0.4544591935453785,105.71111111111111
9515,0.4544591935453785,105.72222222222223
9516,0.4544591935453785,105.73333333333333
9517,0.4544591935453785,105.74444444444445
9518,0.4544591935453785,105.75555555555556
9519,0.4544591935453785,105.76666666666667
9520,0.4544591935453785,105.77777777777779
9521,0.4544591935453785,105.78888888888889
9522,0.4544591935453785,105.8
9523,0.4544591935453785,105.81111111111112
9524,0.4544591935453785,105.82222222222222
9525,0.4544591935453785,105.83333333333334
9526,0.4544591935453785,105.84444444444445
9527,0.4544591935453785,105.85555555555555
9528,0.4544591935453785,105.86666666666667
9529,0.4544591935453785,105.87777777777778
9530,0.4544591935453785,105.8888888888889
9531,0.4544591935453785,105.9
9532,0.4544591935453785,105.91111111111111
9533,0.4544591935453785,105.92222222222223
9534,0.4544591935453785,105.93333333333334
9535,0.4544591935453785,105.94444444444444
9536,0.4544591935453785,105.95555555555556
9537,0.4544591935453785,105.96666666666667
9538,0.4544591935453785,105.97777777777779
9539,0.4544591935453785,105.9888888888889
9540,0.4544591935453785,106.0
9541,0.4544591935453785,106.01111111111112
9542,0.4544591935453785,106.02222222222223
9543,0.4544591935453785,106.03333333333333
9544,0.4544591935453785,106.04444444444445
9545,0.4544591935453785,106.05555555555556
9546,0.4544591935453785,106.06666666666668
9547,0.4544591935453785,106.07777777777778
9548,0.4544591935453785,106.08888888888889
9549,0.4544591935453785,106.10000000000001
9550,0.4544591935453785,106.11111111111111
9551,0.4544591935453785,106.12222222222222
9552,0.4544591935453785,106.13333333333334
9553,0.4544591935453785,106.14444444444445
9554,0.4544591935453785,106.15555555555557
9555,0.4544591935453785,106.16666666666667
9556,0.4544591935453785,106.17777777777778
9557,0.4544591935453785,106.1888888888889
9558,0.4544591935453785,106.2
9559,0.4544591935453785,106.21111111111111
9560,0.4544591935453785,106.22222222222223
9561,0.4544591935453785,106.23333333333333
9562,0.4544591935453785,106.24444444444445
9563,0.4544591935453785,106.25555555555556
9564,0.4544591935453785,106.26666666666667
9565,0.4544591935453785,106.27777777777779
9566,0.4544591935453785,106.28888888888889
9567,0.4544591935453785,106.3
9568,0.4544591935453785,106.31111111111112
9569,0.4544591935453785,106.32222222222222
9570,0.4544591935453785,106.33333333333334
9571,0.4544591935453785,106.34444444444445
9572,0.4544591935453785,106.35555555555555
9573,0.4544591935453785,106.36666666666667
9574,0.4544591935453785,106.37777777777778
9575,0.4544591935453785,106.3888888888889
9576,0.4544591935453785,106.4
9577,0.4544591935453785,106.41111111111111
9578,0.4544591935453785,106.42222222222223
9579,0.4544591935453785,106.43333333333334
9580,0.4544591935453785,106.44444444444444
9581,0.4544591935453785,106.45555555555556
9582,0.4544591935453785,106.46666666666667
9583,0.4544591935453785,106.47777777777779
9584,0.4544591935453785,106.4888888888889
9585,0.4544591935453785,106.5
9586,0.4544591935453785,106.51111111111112
9587,0.4544591935453785,106.52222222222223
9588,0.4544591935453785,106.53333333333333
9589,0.4544591935453785,106.54444444444445
9590,0.4544591935453785,106.55555555555556
9591,0.4544591935453785,106.56666666666668
9592,0.4544591935453785,106.57777777777778
9593,0.4544591935453785,106.58888888888889
9594,0.4544591935453785,106.60000000000001
9595,0.4544591935453785,106.61111111111111
9596,0.4544591935453785,106.62222222222222
9597,0.4544591935453785,106.63333333333334
9598,0.4544591935453785,106.64444444444445
9599,0.4544591935453785,106.65555555555557
9600,0.4544591935453785,106.66666666666667
9601,0.4544591935453785,106.67777777777778
9602,0.4544591935453785,106.6888888888889
9603,0.4544591935453785,106.7
9604,0.4544591935453785,106.71111111111111
9605,0.4544591935453785,106.72222222222223
9606,0.4544591935453785,106.73333333333333
9607,0.4544591935453785,106.74444444444445
9608,0.4544591935453785,106.75555555555556
9609,0.4544591935453785,106.76666666666667
9610,0.4544591935453785,106.77777777777779
9611,0.4544591935453785,106.78888888888889
9612,0.4544591935453785,106.8
9613,0.4544591935453785,106.81111111111112
9614,0.4544591935453785,106.82222222222222
9615,0.4544591935453785,106.83333333333334
9616,0.4544591935453785,106.84444444444445
9617,0.4544591935453785,106.85555555555555
9618,0.4544591935453785,106.86666666666667
9619,0.4544591935453785,106.87777777777778
9620,0.4544591935453785,106.8888888888889
9621,0.4544591935453785,106.9
9622,0.4544591935453785,106.91111111111111
9623,0.4544591935453785,106.92222222222223
9624,0.4544591935453785,106.93333333333334
9625,0.4544591935453785,106.94444444444444
9626,0.4544591935453785,106.95555555555556
9627,0.4544591935453785,106.96666666666667
9628,0.4544591935453785,106.97777777777779
9629,0.4544591935453785,106.9888888888889
9630,0.4544591935453785,107.0
9631,0.4544591935453785,107.01111111111112
9632,0.4544591935453785,107.02222222222223
9633,0.4544591935453785,107.03333333333333
9634,0.4544591935453785,107.04444444444445
9635,0.4544591935453785,107.05555555555556
9636,0.4544591935453785,107.06666666666668
9637,0.4544591935453785,107.07777777777778
9638,0.4544591935453785,107.08888888888889
9639,0.4544591935453785,107.10000000000001
9640,0.4544591935453785,107.11111111111111
9641,0.4544591935453785,107.12222222222222
9642,0.4544591935453785,107.13333333333334
9643,0.4544591935453785,107.14444444444445
9644,0.4544591935453785,107.15555555555557
9645,0.4544591935453785,107.16666666666667
9646,0.4544591935453785,107.17777777777778
9647,0.4544591935453785,107.1888888888889
9648,0.4544591935453785,107.2
9649,0.4544591935453785,107.21111111111111
9650,0.4544591935453785,107.22222222222223
9651,0.4544591935453785,107.23333333333333
9652,0.4544591935453785,107.24444444444445
9653,0.4544591935453785,107.25555555555556
9654,0.4544591935453785,107.26666666666667
9655,0.4544591935453785,107.27777777777779
9656,0.4544591935453785,107.28888888888889
9657,0.4544591935453785,107.3
9658,0.4544591935453785,107.31111111111112
9659,0.4544591935453785,107.32222222222222
9660,0.4544591935453785,107.33333333333334
9661,0.4544591935453785,107.34444444444445
9662,0.4544591935453785,107.35555555555555
9663,0.4544591935453785,107.36666666666667
9664,0.4544591935453785,107.37777777777778
9665,0.4544591935453785,107.3888888888889
9666,0.4544591935453785,107.4
9667,0.4544591935453785,107.41111111111111
9668,0.4544591935453785,107.42222222222223
9669,0.4544591935453785,107.43333333333334
9670,0.4544591935453785,107.44444444444444
9671,0.4544591935453785,107.45555555555556
9672,0.4544591935453785,107.46666666666667
9673,0.4544591935453785,107.47777777777779
9674,0.4544591935453785,107.4888888888889
9675,0.4544591935453785,107.5
9676,0.4544591935453785,107.51111111111112
9677,0.4544591935453785,107.52222222222223
9678,0.4544591935453785,107.53333333333333
9679,0.4544591935453785,107.54444444444445
9680,0.4544591935453785,107.55555555555556
9681,0.4544591935453785,107.56666666666668
9682,0.4544591935453785,107.57777777777778
9683,0.4544591935453785,107.58888888888889
9684,0.4544591935453785,107.60000000000001
9685,0.4544591935453785,107.61111111111111
9686,0.4544591935453785,107.62222222222222
9687,0.4544591935453785,107.63333333333334
9688,0.4544591935453785,107.64444444444445
9689,0.4544591935453785,107.65555555555557
9690,0.4544591935453785,107.66666666666667
9691,0.4544591935453785,107.67777777777778
9692,0.4544591935453785,107.6888888888889
9693,0.4544591935453785,107.7
9694,0.4544591935453785,107.71111111111111
9695,0.4544591935453785,107.72222222222223
9696,0.4544591935453785,107.73333333333333
9697,0.4544591935453785,107.74444444444445
9698,0.4544591935453785,107.75555555555556
9699,0.4544591935453785,107.76666666666667
9700,0.4544591935453785,107.77777777777779
9701,0.4544591935453785,107.78888888888889
9702,0.4544591935453785,107.8
9703,0.4544591935453785,107.81111111111112
9704,0.4544591935453785,107.82222222222222
9705,0.4544591935453785,107.83333333333334
9706,0.4544591935453785,107.84444444444445
9707,0.4544591935453785,107.85555555555555
9708,0.4544591935453785,107.86666666666667
9709,0.4544591935453785,107.87777777777778
9710,0.4544591935453785,107.8888888888889
9711,0.4544591935453785,107.9
9712,0.4544591935453785,107.91111111111111
9713,0.4544591935453785,107.92222222222223
9714,0.4544591935453785,107.93333333333334
9715,0.4544591935453785,107.94444444444444
9716,0.4544591935453785,107.95555555555556
9717,0.4544591935453785,107.96666666666667
9718,0.4544591935453785,107.97777777777779
9719,0.4544591935453785,107.9888888888889
9720,0.4544591935453785,108.0
9721,0.4544591935453785,108.01111111111112
9722,0.4544591935453785,108.02222222222223
9723,0.4544591935453785,108.03333333333333
9724,0.4544591935453785,108.04444444444445
9725,0.4544591935453785,108.05555555555556
9726,0.4544591935453785,108.06666666666668
9727,0.4544591935453785,108.07777777777778
9728,0.4544591935453785,108.08888888888889
9729,0.4544591935453785,108.10000000000001
9730,0.4544591935453785,108.11111111111111
9731,0.4544591935453785,108.12222222222222
9732,0.4544591935453785,108.13333333333334
9733,0.4544591935453785,108.14444444444445
9734,0.4544591935453785,108.15555555555557
9735,0.4544591935453785,108.16666666666667
9736,0.4544591935453785,108.17777777777778
9737,0.4544591935453785,108.1888888888889
9738,0.4544591935453785,108.2
9739,0.4544591935453785,108.21111111111111
9740,0.4544591935453785,108.22222222222223
9741,0.4544591935453785,108.23333333333333
9742,0.4544591935453785,108.24444444444445
9743,0.4544591935453785,108.25555555555556
9744,0.4544591935453785,108.26666666666667
9745,0.4544591935453785,108.27777777777779
9746,0.4544591935453785,108.28888888888889
9747,0.4544591935453785,108.3
9748,0.4544591935453785,108.31111111111112
9749,0.4544591935453785,108.32222222222222
9750,0.4544591935453785,108.33333333333334
9751,0.4544591935453785,108.34444444444445
9752,0.4544591935453785,108.35555555555555
9753,0.4544591935453785,108.36666666666667
9754,0.4544591935453785,108.37777777777778
9755,0.4544591935453785,108.3888888888889
9756,0.4544591935453785,108.4
9757,0.4544591935453785,108.41111111111111
9758,0.4544591935453785,108.42222222222223
9759,0.4544591935453785,108.43333333333334
9760,0.4544591935453785,108.44444444444444
9761,0.4544591935453785,108.45555555555556
9762,0.4544591935453785,108.46666666666667
9763,0.4544591935453785,108.47777777777779
9764,0.4544591935453785,108.4888888888889
9765,0.4544591935453785,108.5
9766,0.4544591935453785,108.51111111111112
9767,0.4544591935453785,108.52222222222223
9768,0.4544591935453785,108.53333333333333
9769,0.4544591935453785,108.54444444444445
9770,0.4544591935453785,108.55555555555556
9771,0.4544591935453785,108.56666666666668
9772,0.4544591935453785,108.57777777777778
9773,0.4544591935453785,108.58888888888889
9774,0.4544591935453785,108.60000000000001
9775,0.4544591935453785,108.61111111111111
9776,0.4544591935453785,108.62222222222222
9777,0.4544591935453785,108.63333333333334
9778,0.4544591935453785,108.64444444444445
9779,0.4544591935453785,108.65555555555557
9780,0.4544591935453785,108.66666666666667
9781,0.4544591935453785,108.67777777777778
9782,0.4544591935453785,108.6888888888889
9783,0.4544591935453785,108.7
9784,0.4544591935453785,108.71111111111111
9785,0.4544591935453785,108.72222222222223
9786,0.4544591935453785,108.73333333333333
9787,0.4544591935453785,108.74444444444445
9788,0.4544591935453785,108.75555555555556
9789,0.4544591935453785,108.76666666666667
9790,0.4544591935453785,108.77777777777779
9791,0.4544591935453785,108.78888888888889
9792,0.4544591935453785,108.8
9793,0.4544591935453785,108.81111111111112
9794,0.4544591935453785,108.82222222222222
9795,0.4544591935453785,108.83333333333334
9796,0.4544591935453785,108.84444444444445
9797,0.4544591935453785,108.85555555555555
9798,0.4544591935453785,108.86666666666667
9799,0.4544591935453785,108.87777777777778
9800,0.4544591935453785,108.8888888888889
9801,0.4544591935453785,108.9
9802,0.4544591935453785,108.91111111111111
9803,0.4544591935453785,108.92222222222223
9804,0.4544591935453785,108.93333333333334
9805,0.4544591935453785,108.94444444444444
9806,0.4544591935453785,108.95555555555556
9807,0.4544591935453785,108.96666666666667
9808,0.4544591935453785,108.97777777777779
9809,0.4544591935453785,108.9888888888889
9810,0.4544591935453785,109.0
9811,0.4544591935453785,109.01111111111112
9812,0.4544591935453785,109.02222222222223
9813,0.4544591935453785,109.03333333333333
9814,0.4544591935453785,109.04444444444445
9815,0.4544591935453785,109.05555555555556
9816,0.4544591935453785,109.06666666666668
9817,0.4544591935453785,109.07777777777778
9818,0.4544591935453785,109.08888888888889
9819,0.4544591935453785,109.10000000000001
9820,0.4544591935453785,109.11111111111111
9821,0.4544591935453785,109.12222222222222
9822,0.4544591935453785,109.13333333333334
9823,0.4544591935453785,109.14444444444445
9824,0.4544591935453785,109.15555555555557
9825,0.4544591935453785,109.16666666666667
9826,0.4544591935453785,109.17777777777778
9827,0.4544591935453785,109.1888888888889
9828,0.4544591935453785,109.2
9829,0.4544591935453785,109.21111111111111
9830,0.4544591935453785,109.22222222222223
9831,0.4544591935453785,109.23333333333333
9832,0.4544591935453785,109.24444444444445
9833,0.4544591935453785,109.25555555555556
9834,0.4544591935453785,109.26666666666667
9835,0.4544591935453785,109.27777777777779
9836,0.4544591935453785,109.28888888888889
9837,0.4544591935453785,109.3
9838,0.4544591935453785,109.31111111111112
9839,0.4544591935453785,109.32222222222222
9840,0.4544591935453785,109.33333333333334
9841,0.4544591935453785,109.34444444444445
9842,0.4544591935453785,109.35555555555555
9843,0.4544591935453785,109.36666666666667
9844,0.4544591935453785,109.37777777777778
9845,0.4544591935453785,109.3888888888889
9846,0.4544591935453785,109.4
9847,0.4544591935453785,109.41111111111111
9848,0.4544591935453785,109.42222222222223
9849,0.4544591935453785,109.43333333333334
9850,0.4544591935453785,109.44444444444444
9851,0.4544591935453785,109.45555555555556
9852,0.4544591935453785,109.46666666666667
9853,0.4544591935453785,109.47777777777779
9854,0.4544591935453785,109.4888888888889
9855,0.4544591935453785,109.5
9856,0.4544591935453785,109.51111111111112
9857,0.4544591935453785,109.52222222222223
9858,0.4544591935453785,109.53333333333333
9859,0.4544591935453785,109.54444444444445
9860,0.4544591935453785,109.55555555555556
9861,0.4544591935453785,109.56666666666668
9862,0.4544591935453785,109.57777777777778
9863,0.4544591935453785,109.58888888888889
9864,0.4544591935453785,109.60000000000001
9865,0.4544591935453785,109.61111111111111
9866,0.4544591935453785,109.62222222222222
9867,0.4544591935453785,109.63333333333334
9868,0.4544591935453785,109.64444444444445
9869,0.4544591935453785,109.65555555555557
9870,0.4544591935453785,109.66666666666667
9871,0.4544591935453785,109.67777777777778
9872,0.4544591935453785,109.6888888888889
9873,0.4544591935453785,109.7
9874,0.4544591935453785,109.71111111111111
9875,0.4544591935453785,109.72222222222223
9876,0.4544591935453785,109.73333333333333
9877,0.4544591935453785,109.74444444444445
9878,0.4544591935453785,109.75555555555556
9879,0.4544591935453785,109.76666666666667
9880,0.4544591935453785,109.77777777777779
9881,0.4544591935453785,109.78888888888889
9882,0.4544591935453785,109.8
9883,0.4544591935453785,109.81111111111112
9884,0.4544591935453785,109.82222222222222
9885,0.4544591935453785,109.83333333333334
9886,0.4544591935453785,109.84444444444445
9887,0.4544591935453785,109.85555555555555
9888,0.4544591935453785,109.86666666666667
9889,0.4544591935453785,109.87777777777778
9890,0.4544591935453785,109.8888888888889
9891,0.4544591935453785,109.9
9892,0.4544591935453785,109.91111111111111
9893,0.4544591935453785,109.92222222222223
9894,0.4544591935453785,109.93333333333334
9895,0.4544591935453785,109.94444444444444
9896,0.4544591935453785,109.95555555555556
9897,0.4544591935453785,109.96666666666667
9898,0.4544591935453785,109.97777777777779
9899,0.4544591935453785,109.9888888888889
9900,0.4544591935453785,110.0
9901,0.4544591935453785,110.01111111111112
9902,0.4544591935453785,110.02222222222223
9903,0.4544591935453785,110.03333333333333
9904,0.4544591935453785,110.04444444444445
9905,0.4544591935453785,110.05555555555556
9906,0.4544591935453785,110.06666666666668
9907,0.4544591935453785,110.07777777777778
9908,0.4544591935453785,110.08888888888889
9909,0.4544591935453785,110.10000000000001
9910,0.4544591935453785,110.11111111111111
9911,0.4544591935453785,110.12222222222222
9912,0.4544591935453785,110.13333333333334
9913,0.4544591935453785,110.14444444444445
9914,0.4544591935453785,110.15555555555557
9915,0.4544591935453785,110.16666666666667
9916,0.4544591935453785,110.17777777777778
9917,0.4544591935453785,110.1888888888889
9918,0.4544591935453785,110.2
9919,0.4544591935453785,110.21111111111111
9920,0.4544591935453785,110.22222222222223
9921,0.4544591935453785,110.23333333333333
9922,0.4544591935453785,110.24444444444445
9923,0.4544591935453785,110.25555555555556
9924,0.4544591935453785,110.26666666666667
9925,0.4544591935453785,110.27777777777779
9926,0.4544591935453785,110.28888888888889
9927,0.4544591935453785,110.3
9928,0.4544591935453785,110.31111111111112
9929,0.4544591935453785,110.32222222222222
9930,0.4544591935453785,110.33333333333334
9931,0.4544591935453785,110.34444444444445
9932,0.4544591935453785,110.35555555555555
9933,0.4544591935453785,110.36666666666667
9934,0.4544591935453785,110.37777777777778
9935,0.4544591935453785,110.3888888888889
9936,0.4544591935453785,110.4
9937,0.4544591935453785,110.41111111111111
9938,0.4544591935453785,110.42222222222223
9939,0.4544591935453785,110.43333333333334
9940,0.4544591935453785,110.44444444444444
9941,0.4544591935453785,110.45555555555556
9942,0.4544591935453785,110.46666666666667
9943,0.4544591935453785,110.47777777777779
9944,0.4544591935453785,110.4888888888889
9945,0.4544591935453785,110.5
9946,0.4544591935453785,110.51111111111112
9947,0.4544591935453785,110.52222222222223
9948,0.4544591935453785,110.53333333333333
9949,0.4544591935453785,110.54444444444445
9950,0.4544591935453785,110.55555555555556
9951,0.4544591935453785,110.56666666666668
9952,0.4544591935453785,110.57777777777778
9953,0.4544591935453785,110.58888888888889
9954,0.4544591935453785,110.60000000000001
9955,0.4544591935453785,110.61111111111111
9956,0.4544591935453785,110.62222222222222
9957,0.4544591935453785,110.63333333333334
9958,0.4544591935453785,110.64444444444445
9959,0.4544591935453785,110.65555555555557
9960,0.4544591935453785,110.66666666666667
9961,0.4544591935453785,110.67777777777778
9962,0.4544591935453785,110.6888888888889
9963,0.4544591935453785,110.7
9964,0.4544591935453785,110.71111111111111
9965,0.4544591935453785,110.72222222222223
9966,0.4544591935453785,110.73333333333333
9967,0.4544591935453785,110.74444444444445
9968,0.4544591935453785,110.75555555555556
9969,0.4544591935453785,110.76666666666667
9970,0.4544591935453785,110.77777777777779
9971,0.4544591935453785,110.78888888888889
9972,0.4544591935453785,110.8
9973,0.4544591935453785,110.81111111111112
9974,0.4544591935453785,110.82222222222222
9975,0.4544591935453785,110.83333333333334
9976,0.4544591935453785,110.84444444444445
9977,0.4544591935453785,110.85555555555555
9978,0.4544591935453785,110.86666666666667
9979,0.4544591935453785,110.87777777777778
9980,0.4544591935453785,110.8888888888889
9981,0.4544591935453785,110.9
9982,0.4544591935453785,110.91111111111111
9983,0.4544591935453785,110.92222222222223
9984,0.4544591935453785,110.93333333333334
9985,0.4544591935453785,110.94444444444444
9986,0.4544591935453785,110.95555555555556
9987,0.4544591935453785,110.96666666666667
9988,0.4544591935453785,110.97777777777779
9989,0.4544591935453785,110.9888888888889
9990,0.4544591935453785,111.0
9991,0.4544591935453785,111.01111111111112
9992,0.4544591935453785,111.02222222222223
9993,0.4544591935453785,111.03333333333333
9994,0.4544591935453785,111.04444444444445
9995,0.4544591935453785,111.05555555555556
9996,0.4544591935453785,111.06666666666668
9997,0.4544591935453785,111.07777777777778
9998,0.4544591935453785,111.08888888888889
9999,0.4544591935453785,111.10000000000001
10000,0.4544591935453785,111.11111111111111
10001,0.4544591935453785,111.12222222222222
10002,0.4544591935453785,111.13333333333334
10003,0.4544591935453785,111.14444444444445
10004,0.4544591935453785,111.15555555555557
10005,0.4544591935453785,111.16666666666667
10006,0.4544591935453785,111.17777777777778
10007,0.4544591935453785,111.1888888888889
10008,0.4544591935453785,111.2
10009,0.4544591935453785,111.21111111111111
10010,0.4544591935453785,111.22222222222223
10011,0.4544591935453785,111.23333333333333
10012,0.4544591935453785,111.24444444444445
10013,0.4544591935453785,111.25555555555556
10014,0.4544591935453785,111.26666666666667
10015,0.4544591935453785,111.27777777777779
10016,0.4544591935453785,111.28888888888889
10017,0.4544591935453785,111.3
10018,0.4544591935453785,111.31111111111112
10019,0.4544591935453785,111.32222222222222
10020,0.4544591935453785,111.33333333333334
10021,0.4544591935453785,111.34444444444445
10022,0.4544591935453785,111.35555555555555
10023,0.4544591935453785,111.36666666666667
10024,0.4544591935453785,111.37777777777778
10025,0.4544591935453785,111.3888888888889
10026,0.4544591935453785,111.4
10027,0.4544591935453785,111.41111111111111
10028,0.4544591935453785,111.42222222222223
10029,0.4544591935453785,111.43333333333334
10030,0.4544591935453785,111.44444444444444
10031,0.4544591935453785,111.45555555555556
10032,0.4544591935453785,111.46666666666667
10033,0.4544591935453785,111.47777777777779
10034,0.4544591935453785,111.4888888888889
10035,0.4544591935453785,111.5
10036,0.4544591935453785,111.51111111111112
10037,0.4544591935453785,111.52222222222223
10038,0.4544591935453785,111.53333333333333
10039,0.4544591935453785,111.54444444444445
10040,0.4544591935453785,111.55555555555556
10041,0.4544591935453785,111.56666666666668
10042,0.4544591935453785,111.57777777777778
10043,0.4544591935453785,111.58888888888889
10044,0.4544591935453785,111.60000000000001
10045,0.4544591935453785,111.61111111111111
10046,0.4544591935453785,111.62222222222222
10047,0.4544591935453785,111.63333333333334
10048,0.4544591935453785,111.64444444444445
10049,0.4544591935453785,111.65555555555557
10050,0.4544591935453785,111.66666666666667
10051,0.4544591935453785,111.67777777777778
10052,0.4544591935453785,111.6888888888889
10053,0.4544591935453785,111.7
10054,0.4544591935453785,111.71111111111111
10055,0.4544591935453785,111.72222222222223
10056,0.4544591935453785,111.73333333333333
10057,0.4544591935453785,111.74444444444445
10058,0.4544591935453785,111.75555555555556
10059,0.4544591935453785,111.76666666666667
10060,0.4544591935453785,111.77777777777779
10061,0.4544591935453785,111.78888888888889
10062,0.4544591935453785,111.80000000000001
10063,0.4544591935453785,111.81111111111112
10064,0.4544591935453785,111.82222222222222
10065,0.4544591935453785,111.83333333333334
10066,0.4544591935453785,111.84444444444445
10067,0.4544591935453785,111.85555555555555
10068,0.4544591935453785,111.86666666666667
10069,0.4544591935453785,111.87777777777778
10070,0.4544591935453785,111.8888888888889
10071,0.4544591935453785,111.9
10072,0.4544591935453785,111.91111111111111
10073,0.4544591935453785,111.92222222222223
10074,0.4544591935453785,111.93333333333334
10075,0.4544591935453785,111.94444444444444
10076,0.4544591935453785,111.95555555555556
10077,0.4544591935453785,111.96666666666667
10078,0.4544591935453785,111.97777777777779
10079,0.4544591935453785,111.9888888888889
10080,0.4544591935453785,112.0
10081,0.4544591935453785,112.01111111111112
10082,0.4544591935453785,112.02222222222223
10083,0.4544591935453785,112.03333333333333
10084,0.4544591935453785,112.04444444444445
10085,0.4544591935453785,112.05555555555556
10086,0.4544591935453785,112.06666666666668
10087,0.4544591935453785,112.07777777777778
10088,0.4544591935453785,112.08888888888889
10089,0.4544591935453785,112.10000000000001
10090,0.4544591935453785,112.11111111111111
10091,0.4544591935453785,112.12222222222222
10092,0.4544591935453785,112.13333333333334
10093,0.4544591935453785,112.14444444444445
10094,0.4544591935453785,112.15555555555557
10095,0.4544591935453785,112.16666666666667
10096,0.4544591935453785,112.17777777777778
10097,0.4544591935453785,112.1888888888889
10098,0.4544591935453785,112.2
10099,0.4544591935453785,112.21111111111111
10100,0.4544591935453785,112.22222222222223
10101,0.4544591935453785,112.23333333333333
10102,0.4544591935453785,112.24444444444445
10103,0.4544591935453785,112.25555555555556
10104,0.4544591935453785,112.26666666666667
10105,0.4544591935453785,112.27777777777779
10106,0.4544591935453785,112.28888888888889
10107,0.4544591935453785,112.30000000000001
10108,0.4544591935453785,112.31111111111112
10109,0.4544591935453785,112.32222222222222
10110,0.4544591935453785,112.33333333333334
10111,0.4544591935453785,112.34444444444445
10112,0.4544591935453785,112.35555555555555
10113,0.4544591935453785,112.36666666666667
10114,0.4544591935453785,112.37777777777778
10115,0.4544591935453785,112.3888888888889
10116,0.4544591935453785,112.4
10117,0.4544591935453785,112.41111111111111
10118,0.4544591935453785,112.42222222222223
10119,0.4544591935453785,112.43333333333334
10120,0.4544591935453785,112.44444444444444
10121,0.4544591935453785,112.45555555555556
10122,0.4544591935453785,112.46666666666667
10123,0.4544591935453785,112.47777777777779
10124,0.4544591935453785,112.4888888888889
10125,0.4544591935453785,112.5
10126,0.4544591935453785,112.51111111111112
10127,0.4544591935453785,112.52222222222223
10128,0.4544591935453785,112.53333333333333
10129,0.4544591935453785,112.54444444444445
10130,0.4544591935453785,112.55555555555556
10131,0.4544591935453785,112.56666666666668
10132,0.4544591935453785,112.57777777777778
10133,0.4544591935453785,112.58888888888889
10134,0.4544591935453785,112.60000000000001
10135,0.4544591935453785,112.61111111111111
10136,0.4544591935453785,112.62222222222222
10137,0.4544591935453785,112.63333333333334
10138,0.4544591935453785,112.64444444444445
10139,0.4544591935453785,112.65555555555557
10140,0.4544591935453785,112.66666666666667
10141,0.4544591935453785,112.67777777777778
10142,0.4544591935453785,112.6888888888889
10143,0.4544591935453785,112.7
10144,0.4544591935453785,112.71111111111111
10145,0.4544591935453785,112.72222222222223
10146,0.4544591935453785,112.73333333333333
10147,0.4544591935453785,112.74444444444445
10148,0.4544591935453785,112.75555555555556
10149,0.4544591935453785,112.76666666666667
10150,0.4544591935453785,112.77777777777779
10151,0.4544591935453785,112.78888888888889
10152,0.4544591935453785,112.80000000000001
10153,0.4544591935453785,112.81111111111112
10154,0.4544591935453785,112.82222222222222
10155,0.4544591935453785,112.83333333333334
10156,0.4544591935453785,112.84444444444445
10157,0.4544591935453785,112.85555555555555
10158,0.4544591935453785,112.86666666666667
10159,0.4544591935453785,112.87777777777778
10160,0.4544591935453785,112.8888888888889
10161,0.4544591935453785,112.9
10162,0.4544591935453785,112.91111111111111
10163,0.4544591935453785,112.92222222222223
10164,0.4544591935453785,112.93333333333334
10165,0.4544591935453785,112.94444444444444
10166,0.4544591935453785,112.95555555555556
10167,0.4544591935453785,112.96666666666667
10168,0.4544591935453785,112.97777777777779
10169,0.4544591935453785,112.9888888888889
10170,0.4544591935453785,113.0
10171,0.4544591935453785,113.01111111111112
10172,0.4544591935453785,113.02222222222223
10173,0.4544591935453785,113.03333333333333
10174,0.4544591935453785,113.04444444444445
10175,0.4544591935453785,113.05555555555556
10176,0.4544591935453785,113.06666666666668
10177,0.4544591935453785,113.07777777777778
10178,0.4544591935453785,113.08888888888889
10179,0.4544591935453785,113.10000000000001
10180,0.4544591935453785,113.11111111111111
10181,0.4544591935453785,113.12222222222222
10182,0.4544591935453785,113.13333333333334
10183,0.4544591935453785,113.14444444444445
10184,0.4544591935453785,113.15555555555557
10185,0.4544591935453785,113.16666666666667
10186,0.4544591935453785,113.17777777777778
10187,0.4544591935453785,113.1888888888889
10188,0.4544591935453785,113.2
10189,0.4544591935453785,113.21111111111111
10190,0.4544591935453785,113.22222222222223
10191,0.4544591935453785,113.23333333333333
10192,0.4544591935453785,113.24444444444445
10193,0.4544591935453785,113.25555555555556
10194,0.4544591935453785,113.26666666666667
10195,0.4544591935453785,113.27777777777779
10196,0.4544591935453785,113.28888888888889
10197,0.4544591935453785,113.30000000000001
10198,0.4544591935453785,113.31111111111112
10199,0.4544591935453785,113.32222222222222
10200,0.4544591935453785,113.33333333333334
10201,0.4544591935453785,113.34444444444445
10202,0.4544591935453785,113.35555555555555
10203,0.4544591935453785,113.36666666666667
10204,0.4544591935453785,113.37777777777778
10205,0.4544591935453785,113.3888888888889
10206,0.4544591935453785,113.4
10207,0.4544591935453785,113.41111111111111
10208,0.4544591935453785,113.42222222222223
10209,0.4544591935453785,113.43333333333334
10210,0.4544591935453785,113.44444444444444
10211,0.4544591935453785,113.45555555555556
10212,0.4544591935453785,113.46666666666667
10213,0.4544591935453785,113.47777777777779
10214,0.4544591935453785,113.4888888888889
10215,0.4544591935453785,113.5
10216,0.4544591935453785,113.51111111111112
10217,0.4544591935453785,113.52222222222223
10218,0.4544591935453785,113.53333333333333
10219,0.4544591935453785,113.54444444444445
10220,0.4544591935453785,113.55555555555556
10221,0.4544591935453785,113.56666666666668
10222,0.4544591935453785,113.57777777777778
10223,0.4544591935453785,113.58888888888889
10224,0.4544591935453785,113.60000000000001
10225,0.4544591935453785,113.61111111111111
10226,0.4544591935453785,113.62222222222222
10227,0.4544591935453785,113.63333333333334
10228,0.4544591935453785,113.64444444444445
10229,0.4544591935453785,113.65555555555557
10230,0.4544591935453785,113.66666666666667
10231,0.4544591935453785,113.67777777777778
10232,0.4544591935453785,113.6888888888889
10233,0.4544591935453785,113.7
10234,0.4544591935453785,113.71111111111111
10235,0.4544591935453785,113.72222222222223
10236,0.4544591935453785,113.73333333333333
10237,0.4544591935453785,113.74444444444445
10238,0.4544591935453785,113.75555555555556
10239,0.4544591935453785,113.76666666666667
10240,0.4544591935453785,113.77777777777779
10241,0.4544591935453785,113.78888888888889
10242,0.4544591935453785,113.80000000000001
10243,0.4544591935453785,113.81111111111112
10244,0.4544591935453785,113.82222222222222
10245,0.4544591935453785,113.83333333333334
10246,0.4544591935453785,113.84444444444445
10247,0.4544591935453785,113.85555555555555
10248,0.4544591935453785,113.86666666666667
10249,0.4544591935453785,113.87777777777778
10250,0.4544591935453785,113.8888888888889
10251,0.4544591935453785,113.9
10252,0.4544591935453785,113.91111111111111
10253,0.4544591935453785,113.92222222222223
10254,0.4544591935453785,113.93333333333334
10255,0.4544591935453785,113.94444444444444
10256,0.4544591935453785,113.95555555555556
10257,0.4544591935453785,113.96666666666667
10258,0.4544591935453785,113.97777777777779
10259,0.4544591935453785,113.9888888888889
10260,0.4544591935453785,114.0
10261,0.4544591935453785,114.01111111111112
10262,0.4544591935453785,114.02222222222223
10263,0.4544591935453785,114.03333333333333
10264,0.4544591935453785,114.04444444444445
10265,0.4544591935453785,114.05555555555556
10266,0.4544591935453785,114.06666666666668
10267,0.4544591935453785,114.07777777777778
10268,0.4544591935453785,114.08888888888889
10269,0.4544591935453785,114.10000000000001
10270,0.4544591935453785,114.11111111111111
10271,0.4544591935453785,114.12222222222222
10272,0.4544591935453785,114.13333333333334
10273,0.4544591935453785,114.14444444444445
10274,0.4544591935453785,114.15555555555557
10275,0.4544591935453785,114.16666666666667
10276,0.4544591935453785,114.17777777777778
10277,0.4544591935453785,114.1888888888889
10278,0.4544591935453785,114.2
10279,0.4544591935453785,114.21111111111111
10280,0.4544591935453785,114.22222222222223
10281,0.4544591935453785,114.23333333333333
10282,0.4544591935453785,114.24444444444445
10283,0.4544591935453785,114.25555555555556
10284,0.4544591935453785,114.26666666666667
10285,0.4544591935453785,114.27777777777779
10286,0.4544591935453785,114.28888888888889
10287,0.4544591935453785,114.30000000000001
10288,0.4544591935453785,114.31111111111112
10289,0.4544591935453785,114.32222222222222
10290,0.4544591935453785,114.33333333333334
10291,0.4544591935453785,114.34444444444445
10292,0.4544591935453785,114.35555555555555
10293,0.4544591935453785,114.36666666666667
10294,0.4544591935453785,114.37777777777778
10295,0.4544591935453785,114.3888888888889
10296,0.4544591935453785,114.4
10297,0.4544591935453785,114.41111111111111
10298,0.4544591935453785,114.42222222222223
10299,0.4544591935453785,114.43333333333334
10300,0.4544591935453785,114.44444444444444
10301,0.4544591935453785,114.45555555555556
10302,0.4544591935453785,114.46666666666667
10303,0.4544591935453785,114.47777777777779
10304,0.4544591935453785,114.4888888888889
10305,0.4544591935453785,114.5
10306,0.4544591935453785,114.51111111111112
10307,0.4544591935453785,114.52222222222223
10308,0.4544591935453785,114.53333333333333
10309,0.4544591935453785,114.54444444444445
10310,0.4544591935453785,114.55555555555556
10311,0.4544591935453785,114.56666666666668
10312,0.4544591935453785,114.57777777777778
10313,0.4544591935453785,114.58888888888889
10314,0.4544591935453785,114.60000000000001
10315,0.4544591935453785,114.61111111111111
10316,0.4544591935453785,114.62222222222222
10317,0.4544591935453785,114.63333333333334
10318,0.4544591935453785,114.64444444444445
10319,0.4544591935453785,114.65555555555557
10320,0.4544591935453785,114.66666666666667
10321,0.4544591935453785,114.67777777777778
10322,0.4544591935453785,114.6888888888889
10323,0.4544591935453785,114.7
10324,0.4544591935453785,114.71111111111111
10325,0.4544591935453785,114.72222222222223
10326,0.4544591935453785,114.73333333333333
10327,0.4544591935453785,114.74444444444445
10328,0.4544591935453785,114.75555555555556
10329,0.4544591935453785,114.76666666666667
10330,0.4544591935453785,114.77777777777779
10331,0.4544591935453785,114.78888888888889
10332,0.4544591935453785,114.80000000000001
10333,0.4544591935453785,114.81111111111112
10334,0.4544591935453785,114.82222222222222
10335,0.4544591935453785,114.83333333333334
10336,0.4544591935453785,114.84444444444445
10337,0.4544591935453785,114.85555555555555
10338,0.4544591935453785,114.86666666666667
10339,0.4544591935453785,114.87777777777778
10340,0.4544591935453785,114.8888888888889
10341,0.4544591935453785,114.9
10342,0.4544591935453785,114.91111111111111
10343,0.4544591935453785,114.92222222222223
10344,0.4544591935453785,114.93333333333334
10345,0.4544591935453785,114.94444444444444
10346,0.4544591935453785,114.95555555555556
10347,0.4544591935453785,114.96666666666667
10348,0.4544591935453785,114.97777777777779
10349,0.4544591935453785,114.9888888888889
10350,0.4544591935453785,115.0
10351,0.4544591935453785,115.01111111111112
10352,0.4544591935453785,115.02222222222223
10353,0.4544591935453785,115.03333333333333
10354,0.4544591935453785,115.04444444444445
10355,0.4544591935453785,115.05555555555556
10356,0.4544591935453785,115.06666666666668
10357,0.4544591935453785,115.07777777777778
10358,0.4544591935453785,115.08888888888889
10359,0.4544591935453785,115.10000000000001
10360,0.4544591935453785,115.11111111111111
10361,0.4544591935453785,115.12222222222222
10362,0.4544591935453785,115.13333333333334
10363,0.4544591935453785,115.14444444444445
10364,0.4544591935453785,115.15555555555557
10365,0.4544591935453785,115.16666666666667
10366,0.4544591935453785,115.17777777777778
10367,0.4544591935453785,115.1888888888889
10368,0.4544591935453785,115.2
10369,0.4544591935453785,115.21111111111111
10370,0.4544591935453785,115.22222222222223
10371,0.4544591935453785,115.23333333333333
10372,0.4544591935453785,115.24444444444445
10373,0.4544591935453785,115.25555555555556
10374,0.4544591935453785,115.26666666666667
10375,0.4544591935453785,115.27777777777779
10376,0.4544591935453785,115.28888888888889
10377,0.4544591935453785,115.30000000000001
10378,0.4544591935453785,115.31111111111112
10379,0.4544591935453785,115.32222222222222
10380,0.4544591935453785,115.33333333333334
10381,0.4544591935453785,115.34444444444445
10382,0.4544591935453785,115.35555555555555
10383,0.4544591935453785,115.36666666666667
10384,0.4544591935453785,115.37777777777778
10385,0.4544591935453785,115.3888888888889
10386,0.4544591935453785,115.4
10387,0.4544591935453785,115.41111111111111
10388,0.4544591935453785,115.42222222222223
10389,0.4544591935453785,115.43333333333334
10390,0.4544591935453785,115.44444444444444
10391,0.4544591935453785,115.45555555555556
10392,0.4544591935453785,115.46666666666667
10393,0.4544591935453785,115.47777777777779
10394,0.4544591935453785,115.4888888888889
10395,0.4544591935453785,115.5
10396,0.4544591935453785,115.51111111111112
10397,0.4544591935453785,115.52222222222223
10398,0.4544591935453785,115.53333333333333
10399,0.4544591935453785,115.54444444444445
10400,0.4544591935453785,115.55555555555556
10401,0.4544591935453785,115.56666666666668
10402,0.4544591935453785,115.57777777777778
10403,0.4544591935453785,115.58888888888889
10404,0.4544591935453785,115.60000000000001
10405,0.4544591935453785,115.61111111111111
10406,0.4544591935453785,115.62222222222222
10407,0.4544591935453785,115.63333333333334
10408,0.4544591935453785,115.64444444444445
10409,0.4544591935453785,115.65555555555557
10410,0.4544591935453785,115.66666666666667
10411,0.4544591935453785,115.67777777777778
10412,0.4544591935453785,115.6888888888889
10413,0.4544591935453785,115.7
10414,0.4544591935453785,115.71111111111111
10415,0.4544591935453785,115.72222222222223
10416,0.4544591935453785,115.73333333333333
10417,0.4544591935453785,115.74444444444445
10418,0.4544591935453785,115.75555555555556
10419,0.4544591935453785,115.76666666666667
10420,0.4544591935453785,115.77777777777779
10421,0.4544591935453785,115.78888888888889
10422,0.4544591935453785,115.80000000000001
10423,0.4544591935453785,115.81111111111112
10424,0.4544591935453785,115.82222222222222
10425,0.4544591935453785,115.83333333333334
10426,0.4544591935453785,115.84444444444445
10427,0.4544591935453785,115.85555555555555
10428,0.4544591935453785,115.86666666666667
10429,0.4544591935453785,115.87777777777778
10430,0.4544591935453785,115.8888888888889
10431,0.4544591935453785,115.9
10432,0.4544591935453785,115.91111111111111
10433,0.4544591935453785,115.92222222222223
10434,0.4544591935453785,115.93333333333334
10435,0.4544591935453785,115.94444444444444
10436,0.4544591935453785,115.95555555555556
10437,0.4544591935453785,115.96666666666667
10438,0.4544591935453785,115.97777777777779
10439,0.4544591935453785,115.9888888888889
10440,0.4544591935453785,116.0
10441,0.4544591935453785,116.01111111111112
10442,0.4544591935453785,116.02222222222223
10443,0.4544591935453785,116.03333333333333
10444,0.4544591935453785,116.04444444444445
10445,0.4544591935453785,116.05555555555556
10446,0.4544591935453785,116.06666666666668
10447,0.4544591935453785,116.07777777777778
10448,0.4544591935453785,116.08888888888889
10449,0.4544591935453785,116.10000000000001
10450,0.4544591935453785,116.11111111111111
10451,0.4544591935453785,116.12222222222222
10452,0.4544591935453785,116.13333333333334
10453,0.4544591935453785,116.14444444444445
10454,0.4544591935453785,116.15555555555557
10455,0.4544591935453785,116.16666666666667
10456,0.4544591935453785,116.17777777777778
10457,0.4544591935453785,116.1888888888889
10458,0.4544591935453785,116.2
10459,0.4544591935453785,116.21111111111111
10460,0.4544591935453785,116.22222222222223
10461,0.4544591935453785,116.23333333333333
10462,0.4544591935453785,116.24444444444445
10463,0.4544591935453785,116.25555555555556
10464,0.4544591935453785,116.26666666666667
10465,0.4544591935453785,116.27777777777779
10466,0.4544591935453785,116.28888888888889
10467,0.4544591935453785,116.30000000000001
10468,0.4544591935453785,116.31111111111112
10469,0.4544591935453785,116.32222222222222
10470,0.4544591935453785,116.33333333333334
10471,0.4544591935453785,116.34444444444445
10472,0.4544591935453785,116.35555555555555
10473,0.4544591935453785,116.36666666666667
10474,0.4544591935453785,116.37777777777778
10475,0.4544591935453785,116.3888888888889
10476,0.4544591935453785,116.4
10477,0.4544591935453785,116.41111111111111
10478,0.4544591935453785,116.42222222222223
10479,0.4544591935453785,116.43333333333334
10480,0.4544591935453785,116.44444444444444
10481,0.4544591935453785,116.45555555555556
10482,0.4544591935453785,116.46666666666667
10483,0.4544591935453785,116.47777777777779
10484,0.4544591935453785,116.4888888888889
10485,0.4544591935453785,116.5
10486,0.4544591935453785,116.51111111111112
10487,0.4544591935453785,116.52222222222223
10488,0.4544591935453785,116.53333333333333
10489,0.4544591935453785,116.54444444444445
10490,0.4544591935453785,116.55555555555556
10491,0.4544591935453785,116.56666666666668
10492,0.4544591935453785,116.57777777777778
10493,0.4544591935453785,116.58888888888889
10494,0.4544591935453785,116.60000000000001
10495,0.4544591935453785,116.61111111111111
10496,0.4544591935453785,116.62222222222222
10497,0.4544591935453785,116.63333333333334
10498,0.4544591935453785,116.64444444444445
10499,0.4544591935453785,116.65555555555557
10500,0.4544591935453785,116.66666666666667
10501,0.4544591935453785,116.67777777777778
10502,0.4544591935453785,116.6888888888889
10503,0.4544591935453785,116.7
10504,0.4544591935453785,116.71111111111111
10505,0.4544591935453785,116.72222222222223
10506,0.4544591935453785,116.73333333333333
10507,0.4544591935453785,116.74444444444445
10508,0.4544591935453785,116.75555555555556
10509,0.4544591935453785,116.76666666666667
10510,0.4544591935453785,116.77777777777779
10511,0.4544591935453785,116.78888888888889
10512,0.4544591935453785,116.80000000000001
10513,0.4544591935453785,116.81111111111112
10514,0.4544591935453785,116.82222222222222
10515,0.4544591935453785,116.83333333333334
10516,0.4544591935453785,116.84444444444445
10517,0.4544591935453785,116.85555555555555
10518,0.4544591935453785,116.86666666666667
10519,0.4544591935453785,116.87777777777778
10520,0.4544591935453785,116.8888888888889
10521,0.4544591935453785,116.9
10522,0.4544591935453785,116.91111111111111
10523,0.4544591935453785,116.92222222222223
10524,0.4544591935453785,116.93333333333334
10525,0.4544591935453785,116.94444444444444
10526,0.4544591935453785,116.95555555555556
10527,0.4544591935453785,116.96666666666667
10528,0.4544591935453785,116.97777777777779
10529,0.4544591935453785,116.9888888888889
10530,0.4544591935453785,117.0
10531,0.4544591935453785,117.01111111111112
10532,0.4544591935453785,117.02222222222223
10533,0.4544591935453785,117.03333333333333
10534,0.4544591935453785,117.04444444444445
10535,0.4544591935453785,117.05555555555556
10536,0.4544591935453785,117.06666666666668
10537,0.4544591935453785,117.07777777777778
10538,0.4544591935453785,117.08888888888889
10539,0.4544591935453785,117.10000000000001
10540,0.4544591935453785,117.11111111111111
10541,0.4544591935453785,117.12222222222222
10542,0.4544591935453785,117.13333333333334
10543,0.4544591935453785,117.14444444444445
10544,0.4544591935453785,117.15555555555557
10545,0.4544591935453785,117.16666666666667
10546,0.4544591935453785,117.17777777777778
10547,0.4544591935453785,117.1888888888889
10548,0.4544591935453785,117.2
10549,0.4544591935453785,117.21111111111111
10550,0.4544591935453785,117.22222222222223
10551,0.4544591935453785,117.23333333333333
10552,0.4544591935453785,117.24444444444445
10553,0.4544591935453785,117.25555555555556
10554,0.4544591935453785,117.26666666666667
10555,0.4544591935453785,117.27777777777779
10556,0.4544591935453785,117.28888888888889
10557,0.4544591935453785,117.30000000000001
10558,0.4544591935453785,117.31111111111112
10559,0.4544591935453785,117.32222222222222
10560,0.4544591935453785,117.33333333333334
10561,0.4544591935453785,117.34444444444445
10562,0.4544591935453785,117.35555555555555
10563,0.4544591935453785,117.36666666666667
10564,0.4544591935453785,117.37777777777778
10565,0.4544591935453785,117.3888888888889
10566,0.4544591935453785,117.4
10567,0.4544591935453785,117.41111111111111
10568,0.4544591935453785,117.42222222222223
10569,0.4544591935453785,117.43333333333334
10570,0.4544591935453785,117.44444444444444
10571,0.4544591935453785,117.45555555555556
10572,0.4544591935453785,117.46666666666667
10573,0.4544591935453785,117.47777777777779
10574,0.4544591935453785,117.4888888888889
10575,0.4544591935453785,117.5
10576,0.4544591935453785,117.51111111111112
10577,0.4544591935453785,117.52222222222223
10578,0.4544591935453785,117.53333333333333
10579,0.4544591935453785,117.54444444444445
10580,0.4544591935453785,117.55555555555556
10581,0.4544591935453785,117.56666666666668
10582,0.4544591935453785,117.57777777777778
10583,0.4544591935453785,117.58888888888889
10584,0.4544591935453785,117.60000000000001
10585,0.4544591935453785,117.61111111111111
10586,0.4544591935453785,117.62222222222222
10587,0.4544591935453785,117.63333333333334
10588,0.4544591935453785,117.64444444444445
10589,0.4544591935453785,117.65555555555557
10590,0.4544591935453785,117.66666666666667
10591,0.4544591935453785,117.67777777777778
10592,0.4544591935453785,117.6888888888889
10593,0.4544591935453785,117.7
10594,0.4544591935453785,117.71111111111111
10595,0.4544591935453785,117.72222222222223
10596,0.4544591935453785,117.73333333333333
10597,0.4544591935453785,117.74444444444445
10598,0.4544591935453785,117.75555555555556
10599,0.4544591935453785,117.76666666666667
10600,0.4544591935453785,117.77777777777779
10601,0.4544591935453785,117.78888888888889
10602,0.4544591935453785,117.80000000000001
10603,0.4544591935453785,117.81111111111112
10604,0.4544591935453785,117.82222222222222
10605,0.4544591935453785,117.83333333333334
10606,0.4544591935453785,117.84444444444445
10607,0.4544591935453785,117.85555555555555
10608,0.4544591935453785,117.86666666666667
10609,0.4544591935453785,117.87777777777778
10610,0.4544591935453785,117.8888888888889
10611,0.4544591935453785,117.9
10612,0.4544591935453785,117.91111111111111
10613,0.4544591935453785,117.92222222222223
10614,0.4544591935453785,117.93333333333334
10615,0.4544591935453785,117.94444444444444
10616,0.4544591935453785,117.95555555555556
10617,0.4544591935453785,117.96666666666667
10618,0.4544591935453785,117.97777777777779
10619,0.4544591935453785,117.9888888888889
10620,0.4544591935453785,118.0
10621,0.4544591935453785,118.01111111111112
10622,0.4544591935453785,118.02222222222223
10623,0.4544591935453785,118.03333333333333
10624,0.4544591935453785,118.04444444444445
10625,0.4544591935453785,118.05555555555556
10626,0.4544591935453785,118.06666666666668
10627,0.4544591935453785,118.07777777777778
10628,0.4544591935453785,118.08888888888889
10629,0.4544591935453785,118.10000000000001
10630,0.4544591935453785,118.11111111111111
10631,0.4544591935453785,118.12222222222222
10632,0.4544591935453785,118.13333333333334
10633,0.4544591935453785,118.14444444444445
10634,0.4544591935453785,118.15555555555557
10635,0.4544591935453785,118.16666666666667
10636,0.4544591935453785,118.17777777777778
10637,0.4544591935453785,118.1888888888889
10638,0.4544591935453785,118.2
10639,0.4544591935453785,118.21111111111111
10640,0.4544591935453785,118.22222222222223
10641,0.4544591935453785,118.23333333333333
10642,0.4544591935453785,118.24444444444445
10643,0.4544591935453785,118.25555555555556
10644,0.4544591935453785,118.26666666666667
10645,0.4544591935453785,118.27777777777779
10646,0.4544591935453785,118.28888888888889
10647,0.4544591935453785,118.30000000000001
10648,0.4544591935453785,118.31111111111112
10649,0.4544591935453785,118.32222222222222
10650,0.4544591935453785,118.33333333333334
10651,0.4544591935453785,118.34444444444445
10652,0.4544591935453785,118.35555555555555
10653,0.4544591935453785,118.36666666666667
10654,0.4544591935453785,118.37777777777778
10655,0.4544591935453785,118.3888888888889
10656,0.4544591935453785,118.4
10657,0.4544591935453785,118.41111111111111
10658,0.4544591935453785,118.42222222222223
10659,0.4544591935453785,118.43333333333334
10660,0.4544591935453785,118.44444444444444
10661,0.4544591935453785,118.45555555555556
10662,0.4544591935453785,118.46666666666667
10663,0.4544591935453785,118.47777777777779
10664,0.4544591935453785,118.4888888888889
10665,0.4544591935453785,118.5
10666,0.4544591935453785,118.51111111111112
10667,0.4544591935453785,118.52222222222223
10668,0.4544591935453785,118.53333333333333
10669,0.4544591935453785,118.54444444444445
10670,0.4544591935453785,118.55555555555556
10671,0.4544591935453785,118.56666666666668
10672,0.4544591935453785,118.57777777777778
10673,0.4544591935453785,118.58888888888889
10674,0.4544591935453785,118.60000000000001
10675,0.4544591935453785,118.61111111111111
10676,0.4544591935453785,118.62222222222222
10677,0.4544591935453785,118.63333333333334
10678,0.4544591935453785,118.64444444444445
10679,0.4544591935453785,118.65555555555557
10680,0.4544591935453785,118.66666666666667
10681,0.4544591935453785,118.67777777777778
10682,0.4544591935453785,118.6888888888889
10683,0.4544591935453785,118.7
10684,0.4544591935453785,118.71111111111111
10685,0.4544591935453785,118.72222222222223
10686,0.4544591935453785,118.73333333333333
10687,0.4544591935453785,118.74444444444445
10688,0.4544591935453785,118.75555555555556
10689,0.4544591935453785,118.76666666666667
10690,0.4687948602120574,118.77777777777779
10691,0.4759626935453785,118.78888888888889
10692,0.47596269354539683,118.80000000000001
10693,0.49029836021205736,118.81111111111112
10694,0.5017668602120489,118.82222222222222
10695,0.5103681935453785,118.83333333333334
10696,0.5103681935453785,118.84444444444445
10697,0.5118018602120464,118.85555555555555
10698,0.5146691935453784,118.86666666666667
10699,0.5146691935453784,118.87777777777778
10700,0.5161026935453833,118.8888888888889
10701,0.5189696935453785,118.9
10702,0.5189696935453785,118.91111111111111
10703,0.5204033602120464,118.92222222222223
10704,0.5232706935453785,118.93333333333334
10705,0.5232706935453785,118.94444444444444
10706,0.5239873602120457,118.95555555555556
10707,0.5254206935453785,118.96666666666667
10708,0.5254206935453785,118.97777777777779
10709,0.5275710268787136,118.9888888888889
10710,0.5318716935453784,119.0
10711,0.5318716935453784,119.01111111111112
10712,0.5325885268787124,119.02222222222223
10713,0.5340221935453785,119.03333333333333
10714,0.5340221935453785,119.04444444444445
10715,0.5354556935453797,119.05555555555556
10716,0.5383226935453784,119.06666666666668
10717,0.5383226935453784,119.07777777777778
10718,0.5390395268787124,119.08888888888889
10719,0.5404731935453785,119.10000000000001
10720,0.5404731935453785,119.11111111111111
10721,0.5411900268787124,119.12222222222222
10722,0.5426236935453785,119.13333333333334
10723,0.5426236935453785,119.14444444444445
10724,0.5426236935453785,119.15555555555557
10725,0.5426236935453785,119.16666666666667
10726,0.5440573602120445,119.17777777777778
10727,0.5447741935453785,119.1888888888889
10728,0.5447741935453785,119.2
10729,0.5447741935453785,119.21111111111111
10730,0.5447741935453785,119.22222222222223
10731,0.5447741935453785,119.23333333333333
10732,0.546207526878713,119.24444444444445
10733,0.5469241935453785,119.25555555555556
10734,0.5469241935453785,119.26666666666667
10735,0.5469241935453785,119.27777777777779
10736,0.5469241935453785,119.28888888888889
10737,0.5469241935453821,119.30000000000001
10738,0.5497915268787142,119.31111111111112
10739,0.5512251935453785,119.32222222222222
10740,0.5512251935453785,119.33333333333334
10741,0.5512251935453785,119.34444444444445
10742,0.5519418602120458,119.35555555555555
10743,0.5533751935453786,119.36666666666667
10744,0.5533751935453786,119.37777777777778
10745,0.5533751935453786,119.3888888888889
10746,0.5533751935453786,119.4
10747,0.5533751935453786,119.41111111111111
10748,0.5533751935453786,119.42222222222223
10749,0.5533751935453786,119.43333333333334
10750,0.5533751935453786,119.44444444444444
10751,0.5540920268787125,119.45555555555556
10752,0.5555256935453785,119.46666666666667
10753,0.5555256935453785,119.47777777777779
10754,0.5562425268787125,119.4888888888889
10755,0.5576761935453785,119.5
10756,0.5576761935453785,119.51111111111112
10757,0.5576761935453785,119.52222222222223
10758,0.5576761935453785,119.53333333333333
10759,0.5576761935453785,119.54444444444445
10760,0.5583930268787124,119.55555555555556
10761,0.5598266935453785,119.56666666666668
10762,0.5598266935453785,119.57777777777778
10763,0.5605433602120458,119.58888888888889
10764,0.5619766935453785,119.60000000000001
10765,0.5619766935453785,119.61111111111111
10766,0.5626935268787124,119.62222222222222
10767,0.5641271935453784,119.63333333333334
10768,0.5641271935453784,119.64444444444445
10769,0.5641271935453784,119.65555555555557
10770,0.5641271935453784,119.66666666666667
10771,0.5655608602120445,119.67777777777778
10772,0.5650340284643836,119.6888888888889
10773,0.562546698302397,119.7
10774,0.562546698302397,119.71111111111111
10775,0.562546698302397,119.72222222222223
10776,0.562546698302397,119.73333333333333
10777,0.562546698302397,119.74444444444445
10778,0.562546698302397,119.75555555555556
10779,0.562546698302397,119.76666666666667
10780,0.562546698302397,119.77777777777779
10781,0.562546698302397,119.78888888888889
10782,0.562546698302397,119.80000000000001
10783,0.562546698302397,119.81111111111112
10784,0.562546698302397,119.82222222222222
10785,0.562546698302397,119.83333333333334
10786,0.562546698302397,119.84444444444445
10787,0.562546698302397,119.85555555555555
10788,0.562546698302397,119.86666666666667
10789,0.562546698302397,119.87777777777778
10790,0.562546698302397,119.8888888888889
10791,0.562546698302397,119.9
10792,0.562546698302397,119.91111111111111
10793,0.562546698302397,119.92222222222223
10794,0.562546698302397,119.93333333333334
10795,0.562546698302397,119.94444444444444
10796,0.562546698302397,119.95555555555556
10797,0.562546698302397,119.96666666666667
10798,0.562546698302397,119.97777777777779
10799,0.562546698302397,119.9888888888889
10800,0.562546698302397,120.0
10801,0.562546698302397,120.01111111111112
10802,0.562546698302397,120.02222222222223
10803,0.562546698302397,120.03333333333333
10804,0.562546698302397,120.04444444444445
10805,0.562546698302397,120.05555555555556
10806,0.562546698302397,120.06666666666668
10807,0.562546698302397,120.07777777777778
10808,0.562546698302397,120.08888888888889
10809,0.562546698302397,120.10000000000001
10810,0.562546698302397,120.11111111111111
10811,0.562546698302397,120.12222222222222
10812,0.562546698302397,120.13333333333334
10813,0.562546698302397,120.14444444444445
10814,0.562546698302397,120.15555555555557
10815,0.562546698302397,120.16666666666667
10816,0.562546698302397,120.17777777777778
10817,0.562546698302397,120.1888888888889
10818,0.562546698302397,120.2
10819,0.562546698302397,120.21111111111112
10820,0.562546698302397,120.22222222222223
10821,0.562546698302397,120.23333333333333
10822,0.562546698302397,120.24444444444445
10823,0.562546698302397,120.25555555555556
10824,0.562546698302397,120.26666666666667
10825,0.562546698302397,120.27777777777779
10826,0.562546698302397,120.28888888888889
10827,0.562546698302397,120.30000000000001
10828,0.562546698302397,120.31111111111112
10829,0.562546698302397,120.32222222222222
10830,0.562546698302397,120.33333333333334
10831,0.562546698302397,120.34444444444445
10832,0.562546698302397,120.35555555555555
10833,0.562546698302397,120.36666666666667
10834,0.562546698302397,120.37777777777778
10835,0.562546698302397,120.3888888888889
10836,0.562546698302397,120.4
10837,0.562546698302397,120.41111111111111
10838,0.562546698302397,120.42222222222223
10839,0.562546698302397,120.43333333333334
10840,0.562546698302397,120.44444444444444
10841,0.562546698302397,120.45555555555556
10842,0.562546698302397,120.46666666666667
10843,0.562546698302397,120.47777777777779
10844,0.562546698302397,120.4888888888889
10845,0.562546698302397,120.5
10846,0.562546698302397,120.51111111111112
10847,0.562546698302397,120.52222222222223
10848,0.562546698302397,120.53333333333333
10849,0.562546698302397,120.54444444444445
10850,0.562546698302397,120.55555555555556
10851,0.5625466983023955,120.56666666666668
10852,0.5613030332214023,120.57777777777778
10853,0.5600593681404091,120.58888888888889
10854,0.558815703059416,120.60000000000001
10855,0.558815703059416,120.61111111111111
10856,0.5581938705189187,120.62222222222222
10857,0.5569502054379255,120.63333333333334
10858,0.5569502054379255,120.64444444444445
10859,0.5569502054379255,120.65555555555557
10860,0.5569502054379255,120.66666666666667
10861,0.5569502054379255,120.67777777777778
10862,0.5569502054379255,120.6888888888889
10863,0.5569502054379255,120.7
10864,0.5569502054379255,120.71111111111112
10865,0.5569502054379255,120.72222222222223
10866,0.5569502054379255,120.73333333333333
10867,0.5569502054379255,120.74444444444445
10868,0.5563283728974282,120.75555555555556
10869,0.555084707816435,120.76666666666667
10870,0.555084707816435,120.77777777777779
10871,0.5544628752759376,120.78888888888889
10872,0.5532192101949445,120.80000000000001
10873,0.5532192101949445,120.81111111111112
10874,0.5532192101949445,120.82222222222222
10875,0.5532192101949445,120.83333333333334
10876,0.5532192101949445,120.84444444444445
10877,0.5532192101949445,120.85555555555555
10878,0.5532192101949445,120.86666666666667
10879,0.5532192101949445,120.87777777777778
10880,0.5532192101949445,120.8888888888889
10881,0.5532192101949445,120.9
10882,0.5532192101949445,120.91111111111111
10883,0.5532192101949445,120.92222222222223
10884,0.5532192101949445,120.93333333333334
10885,0.5532192101949445,120.94444444444444
10886,0.5532192101949445,120.95555555555556
10887,0.5532192101949445,120.96666666666667
10888,0.5532192101949445,120.97777777777779
10889,0.5532192101949445,120.9888888888889
10890,0.5532192101949445,121.0
10891,0.5532192101949445,121.01111111111112
10892,0.5532192101949445,121.02222222222223
10893,0.5532192101949445,121.03333333333333
10894,0.5532192101949445,121.04444444444445
10895,0.5532192101949445,121.05555555555556
10896,0.5532192101949429,121.06666666666668
10897,0.5519755451139498,121.07777777777778
10898,0.551353712573454,121.08888888888889
10899,0.551353712573454,121.10000000000001
10900,0.551353712573454,121.11111111111111
10901,0.551353712573454,121.12222222222222
10902,0.551353712573454,121.13333333333334
10903,0.551353712573454,121.14444444444445
10904,0.551353712573454,121.15555555555557
10905,0.551353712573454,121.16666666666667
10906,0.551353712573454,121.17777777777778
10907,0.551353712573454,121.1888888888889
10908,0.551353712573454,121.2
10909,0.551353712573454,121.21111111111112
10910,0.551353712573454,121.22222222222223
10911,0.551353712573454,121.23333333333333
10912,0.551353712573454,121.24444444444445
10913,0.551353712573454,121.25555555555556
10914,0.551353712573454,121.26666666666667
10915,0.551353712573454,121.27777777777779
10916,0.551353712573454,121.28888888888889
10917,0.551353712573454,121.30000000000001
10918,0.551353712573454,121.31111111111112
10919,0.551353712573454,121.32222222222222
10920,0.551353712573454,121.33333333333334
10921,0.551353712573454,121.34444444444445
10922,0.551353712573454,121.35555555555555
10923,0.5513537125734524,121.36666666666667
10924,0.5501100474924593,121.37777777777778
10925,0.5494882149519635,121.3888888888889
10926,0.5494882149519635,121.4
10927,0.5494882149519635,121.41111111111111
10928,0.5494882149519635,121.42222222222223
10929,0.5494882149519635,121.43333333333334
10930,0.54824454987097,121.44444444444444
10931,0.5476227173304725,121.45555555555556
10932,0.5476227173304725,121.46666666666667
10933,0.5476227173304725,121.47777777777779
10934,0.5476227173304725,121.4888888888889
10935,0.5476227173304725,121.5
10936,0.5476227173304725,121.51111111111112
10937,0.5476227173304725,121.52222222222223
10938,0.5476227173304725,121.53333333333333
10939,0.5476227173304725,121.54444444444445
10940,0.5476227173304725,121.55555555555556
10941,0.5476227173304725,121.56666666666668
10942,0.5476227173304725,121.57777777777778
10943,0.5476227173304725,121.58888888888889
10944,0.5476227173304725,121.60000000000001
10945,0.5476227173304725,121.61111111111111
10946,0.5476227173304725,121.62222222222222
10947,0.5476227173304725,121.63333333333334
10948,0.5476227173304725,121.64444444444445
10949,0.5476227173304725,121.65555555555557
10950,0.5476227173304725,121.66666666666667
10951,0.5476227173304725,121.67777777777778
10952,0.5476227173304725,121.6888888888889
10953,0.5476227173304725,121.7
10954,0.5476227173304725,121.71111111111112
10955,0.5476227173304725,121.72222222222223
10956,0.5476227173304725,121.73333333333333
10957,0.5476227173304725,121.74444444444445
10958,0.5476227173304725,121.75555555555556
10959,0.5476227173304725,121.76666666666667
10960,0.5476227173304725,121.77777777777779
10961,0.5476227173304725,121.78888888888889
10962,0.5476227173304725,121.80000000000001
10963,0.5476227173304725,121.81111111111112
10964,0.5476227173304725,121.82222222222222
10965,0.5476227173304725,121.83333333333334
10966,0.5476227173304725,121.84444444444445
10967,0.5476227173304725,121.85555555555555
10968,0.5476227173304725,121.86666666666667
10969,0.5476227173304725,121.87777777777778
10970,0.5476227173304725,121.8888888888889
10971,0.5476227173304725,121.9
10972,0.5476227173304725,121.91111111111111
10973,0.5476227173304725,121.92222222222223
10974,0.5476227173304725,121.93333333333334
10975,0.5463790522494797,121.94444444444444
10976,0.5457572197089825,121.95555555555556
10977,0.5457572197089825,121.96666666666667
10978,0.5457572197089825,121.97777777777779
10979,0.5457572197089825,121.9888888888889
10980,0.5457572197089825,122.0
10981,0.5445135546279878,122.01111111111112
10982,0.543891722087492,122.02222222222223
10983,0.543891722087492,122.03333333333333
10984,0.543891722087492,122.04444444444445
10985,0.543891722087492,122.05555555555556
10986,0.543891722087492,122.06666666666668
10987,0.543891722087492,122.07777777777778
10988,0.543891722087492,122.08888888888889
10989,0.543891722087492,122.10000000000001
10990,0.543891722087492,122.11111111111111
10991,0.543891722087492,122.12222222222222
10992,0.543891722087492,122.13333333333334
10993,0.543891722087492,122.14444444444445
10994,0.543891722087492,122.15555555555557
10995,0.543891722087492,122.16666666666667
10996,0.543891722087492,122.17777777777778
10997,0.543891722087492,122.1888888888889
10998,0.543891722087492,122.2
10999,0.543891722087492,122.21111111111112
11000,0.543891722087492,122.22222222222223
11001,0.543891722087492,122.23333333333333
11002,0.543891722087492,122.24444444444445
11003,0.543891722087492,122.25555555555556
11004,0.543891722087492,122.26666666666667
11005,0.543891722087492,122.27777777777779
11006,0.543891722087492,122.28888888888889
11007,0.543891722087492,122.30000000000001
11008,0.543891722087492,122.31111111111112
11009,0.543891722087492,122.32222222222222
11010,0.543891722087492,122.33333333333334
11011,0.543891722087492,122.34444444444445
11012,0.543891722087492,122.35555555555555
11013,0.543891722087492,122.36666666666667
11014,0.543891722087492,122.37777777777778
11015,0.543891722087492,122.3888888888889
11016,0.543891722087492,122.4
11017,0.543891722087492,122.41111111111111
11018,0.543891722087492,122.42222222222223
11019,0.543891722087492,122.43333333333334
11020,0.543891722087492,122.44444444444444
11021,0.543891722087492,122.45555555555556
11022,0.543891722087492,122.46666666666667
11023,0.542648057006497,122.47777777777779
11024,0.542026224466001,122.4888888888889
11025,0.542026224466001,122.5
11026,0.542026224466001,122.51111111111112
11027,0.542026224466001,122.52222222222223
11028,0.542026224466001,122.53333333333333
11029,0.5407825593850066,122.54444444444445
11030,0.540160726844511,122.55555555555556
11031,0.540160726844511,122.56666666666668
11032,0.540160726844511,122.57777777777778
11033,0.540160726844511,122.58888888888889
11034,0.540160726844511,122.60000000000001
11035,0.540160726844511,122.61111111111111
11036,0.540160726844511,122.62222222222222
11037,0.540160726844511,122.63333333333334
11038,0.540160726844511,122.64444444444445
11039,0.540160726844511,122.65555555555557
11040,0.540160726844511,122.66666666666667
11041,0.540160726844511,122.67777777777778
11042,0.540160726844511,122.6888888888889
11043,0.540160726844511,122.7
11044,0.540160726844511,122.71111111111112
11045,0.540160726844511,122.72222222222223
11046,0.540160726844511,122.73333333333333
11047,0.540160726844511,122.74444444444445
11048,0.540160726844511,122.75555555555556
11049,0.540160726844511,122.76666666666667
11050,0.540160726844511,122.77777777777779
11051,0.540160726844511,122.78888888888889
11052,0.540160726844511,122.80000000000001
11053,0.540160726844511,122.81111111111112
11054,0.540160726844511,122.82222222222222
11055,0.540160726844511,122.83333333333334
11056,0.540160726844511,122.84444444444445
11057,0.540160726844511,122.85555555555555
11058,0.540160726844511,122.86666666666667
11059,0.540160726844511,122.87777777777778
11060,0.540160726844511,122.8888888888889
11061,0.540160726844511,122.9
11062,0.540160726844511,122.91111111111111
11063,0.540160726844511,122.92222222222223
11064,0.540160726844511,122.93333333333334
11065,0.540160726844511,122.94444444444444
11066,0.540160726844511,122.95555555555556
11067,0.540160726844511,122.96666666666667
11068,0.540160726844511,122.97777777777779
11069,0.540160726844511,122.9888888888889
11070,0.540160726844511,123.0
11071,0.540160726844511,123.01111111111112
11072,0.540160726844511,123.02222222222223
11073,0.540160726844511,123.03333333333333
11074,0.540160726844511,123.04444444444445
11075,0.540160726844511,123.05555555555556
11076,0.540160726844511,123.06666666666668
11077,0.540160726844511,123.07777777777778
11078,0.540160726844511,123.08888888888889
11079,0.540160726844511,123.10000000000001
11080,0.540160726844511,123.11111111111111
11081,0.540160726844511,123.12222222222222
11082,0.540160726844511,123.13333333333334
11083,0.540160726844511,123.14444444444445
11084,0.540160726844511,123.15555555555557
11085,0.540160726844511,123.16666666666667
11086,0.540160726844511,123.17777777777778
11087,0.540160726844511,123.1888888888889
11088,0.540160726844511,123.2
11089,0.540160726844511,123.21111111111112
11090,0.540160726844511,123.22222222222223
11091,0.540160726844511,123.23333333333333
11092,0.540160726844511,123.24444444444445
11093,0.540160726844511,123.25555555555556
11094,0.540160726844511,123.26666666666667
11095,0.540160726844511,123.27777777777779
11096,0.540160726844511,123.28888888888889
11097,0.540160726844511,123.30000000000001
11098,0.540160726844511,123.31111111111112
11099,0.540160726844511,123.32222222222222
11100,0.540160726844511,123.33333333333334
11101,0.540160726844511,123.34444444444445
11102,0.540160726844511,123.35555555555555
11103,0.540160726844511,123.36666666666667
11104,0.540160726844511,123.37777777777778
11105,0.540160726844511,123.3888888888889
11106,0.540160726844511,123.4
11107,0.540160726844511,123.41111111111111
11108,0.540160726844511,123.42222222222223
11109,0.540160726844511,123.43333333333334
11110,0.540160726844511,123.44444444444444
11111,0.5380103935111759,123.45555555555556
11112,0.533709726844511,123.46666666666667
11113,0.533709726844511,123.47777777777779
11114,0.529408893511174,123.4888888888889
11115,0.520807226844511,123.5
11116,0.520807226844511,123.51111111111112
11117,0.5150730601778394,123.52222222222223
11118,0.503604726844511,123.53333333333333
11119,0.503604726844511,123.54444444444445
11120,0.5007375601778419,123.55555555555556
11121,0.495003226844511,123.56666666666668
11122,0.495003226844511,123.57777777777778
11123,0.4899857268445067,123.58888888888889
11124,0.479950726844511,123.60000000000001
11125,0.479950726844511,123.61111111111111
11126,0.4778003935111758,123.62222222222222
11127,0.47349972684451097,123.63333333333334
11128,0.47349972684451097,123.64444444444445
11129,0.47134939351117217,123.65555555555557
11130,0.467048726844511,123.66666666666667
11131,0.4613143935111801,123.67777777777778
11132,0.458447226844511,123.6888888888889
11133,0.458447226844511,123.7
11134,0.4555798935111752,123.71111111111112
11135,0.454146226844511,123.72222222222223
11136,0.454146226844511,123.73333333333333
11137,0.44984556017784066,123.74444444444445
11138,0.447695226844511,123.75555555555556
11139,0.447695226844511,123.76666666666667
11140,0.4433945601778407,123.77777777777779
11141,0.441244226844511,123.78888888888889
11142,0.4412442268445055,123.80000000000001
11143,0.43694356017784064,123.81111111111112
11144,0.4333597268445098,123.82222222222222
11145,0.430492726844511,123.83333333333334
11146,0.430492726844511,123.84444444444445
11147,0.4290590601778431,123.85555555555555
11148,0.426191726844511,123.86666666666667
11149,0.426191726844511,123.87777777777778
11150,0.42547506017784187,123.8888888888889
11151,0.42404172684451097,123.9
11152,0.42404172684451097,123.91111111111111
11153,0.423324893511177,123.92222222222223
11154,0.42189122684451097,123.93333333333334
11155,0.42189122684451097,123.94444444444444
11156,0.421174393511177,123.95555555555556
11157,0.41974072684451097,123.96666666666667
11158,0.41974072684451097,123.97777777777779
11159,0.419023893511177,123.9888888888889
11160,0.41759022684451097,124.0
11161,0.41759022684451097,124.01111111111112
11162,0.4168735601778437,124.02222222222223
11163,0.415440226844511,124.03333333333333
11164,0.415440226844511,124.04444444444445
11165,0.41472339351117704,124.05555555555556
11166,0.413289726844511,124.06666666666668
11167,0.413289726844511,124.07777777777778
11168,0.41257289351117704,124.08888888888889
11169,0.411139226844511,124.10000000000001
11170,0.411139226844511,124.11111111111111
11171,0.41042256017784373,124.12222222222222
11172,0.408989226844511,124.13333333333334
11173,0.408989226844511,124.14444444444445
11174,0.40827239351117584,124.15555555555557
11175,0.406838726844511,124.16666666666667
11176,0.40540506017784494,124.17777777777778
11177,0.404688226844511,124.1888888888889
11178,0.404688226844511,124.2
11179,0.40182122684450855,124.21111111111112
11180,0.400387726844511,124.22222222222223
11181,0.400387726844511,124.23333333333333
11182,0.400387726844511,124.24444444444445
11183,0.400387726844511,124.25555555555556
11184,0.400387726844511,124.26666666666667
11185,0.400387726844511,124.27777777777779
11186,0.400387726844511,124.28888888888889
11187,0.4003877268445092,124.30000000000001
11188,0.39895406017784313,124.31111111111112
11189,0.398237226844511,124.32222222222222
11190,0.398237226844511,124.33333333333334
11191,0.398237226844511,124.34444444444445
11192,0.398237226844511,124.35555555555555
11193,0.398237226844511,124.36666666666667
11194,0.398237226844511,124.37777777777778
11195,0.39752039351117524,124.3888888888889
11196,0.396086726844511,124.4
11197,0.396086726844511,124.41111111111111
11198,0.3953700601778437,124.42222222222223
11199,0.393936726844511,124.43333333333334
11200,0.393936726844511,124.44444444444444
11201,0.39321989351117703,124.45555555555556
11202,0.391786226844511,124.46666666666667
11203,0.391786226844511,124.47777777777779
11204,0.391786226844511,124.4888888888889
11205,0.391786226844511,124.5
11206,0.391786226844511,124.51111111111112
11207,0.391786226844511,124.52222222222223
11208,0.391786226844511,124.53333333333333
11209,0.391786226844511,124.54444444444445
11210,0.391786226844511,124.55555555555556
11211,0.391786226844511,124.56666666666668
11212,0.391786226844511,124.57777777777778
11213,0.391786226844511,124.58888888888889
11214,0.391786226844511,124.60000000000001
11215,0.391786226844511,124.61111111111111
11216,0.391786226844511,124.62222222222222
11217,0.391786226844511,124.63333333333334
11218,0.391786226844511,124.64444444444445
11219,0.391786226844511,124.65555555555557
11220,0.391786226844511,124.66666666666667
11221,0.391786226844511,124.67777777777778
11222,0.391786226844511,124.6888888888889
11223,0.391786226844511,124.7
11224,0.391786226844511,124.71111111111112
11225,0.391786226844511,124.72222222222223
11226,0.391786226844511,124.73333333333333
11227,0.391786226844511,124.74444444444445
11228,0.391786226844511,124.75555555555556
11229,0.391786226844511,124.76666666666667
11230,0.391786226844511,124.77777777777779
11231,0.391786226844511,124.78888888888889
11232,0.391786226844511,124.80000000000001
11233,0.391786226844511,124.81111111111112
11234,0.391786226844511,124.82222222222222
11235,0.391786226844511,124.83333333333334
11236,0.391786226844511,124.84444444444445
11237,0.391786226844511,124.85555555555555
11238,0.391786226844511,124.86666666666667
11239,0.391786226844511,124.87777777777778
11240,0.391786226844511,124.8888888888889
11241,0.391786226844511,124.9
11242,0.391786226844511,124.91111111111111
11243,0.391786226844511,124.92222222222223
11244,0.391786226844511,124.93333333333334
11245,0.391786226844511,124.94444444444444
11246,0.391786226844511,124.95555555555556
11247,0.391786226844511,124.96666666666667
11248,0.391786226844511,124.97777777777779
11249,0.391786226844511,124.9888888888889
11250,0.391786226844511,125.0
11251,0.391786226844511,125.01111111111112
11252,0.391786226844511,125.02222222222223
11253,0.391786226844511,125.03333333333333
11254,0.391786226844511,125.04444444444445
11255,0.391786226844511,125.05555555555556
11256,0.391786226844511,125.06666666666668
11257,0.391786226844511,125.07777777777778
11258,0.391786226844511,125.08888888888889
11259,0.391786226844511,125.10000000000001
11260,0.391786226844511,125.11111111111111
11261,0.391786226844511,125.12222222222222
11262,0.391786226844511,125.13333333333334
11263,0.391786226844511,125.14444444444445
11264,0.391786226844511,125.15555555555557
11265,0.391786226844511,125.16666666666667
11266,0.391786226844511,125.17777777777778
11267,0.391786226844511,125.1888888888889
11268,0.391786226844511,125.2
11269,0.391786226844511,125.21111111111112
11270,0.391786226844511,125.22222222222223
11271,0.391786226844511,125.23333333333333
11272,0.391786226844511,125.24444444444445
11273,0.391786226844511,125.25555555555556
11274,0.391786226844511,125.26666666666667
11275,0.391786226844511,125.27777777777779
11276,0.391786226844511,125.28888888888889
11277,0.391786226844511,125.30000000000001
11278,0.391786226844511,125.31111111111112
11279,0.391786226844511,125.32222222222222
11280,0.391786226844511,125.33333333333334
11281,0.391786226844511,125.34444444444445
11282,0.391786226844511,125.35555555555555
11283,0.391786226844511,125.36666666666667
11284,0.391786226844511,125.37777777777778
11285,0.391786226844511,125.3888888888889
11286,0.391786226844511,125.4
11287,0.391786226844511,125.41111111111111
11288,0.391786226844511,125.42222222222223
11289,0.391786226844511,125.43333333333334
11290,0.391786226844511,125.44444444444444
11291,0.391786226844511,125.45555555555556
11292,0.391786226844511,125.46666666666667
11293,0.391786226844511,125.47777777777779
11294,0.391786226844511,125.4888888888889
11295,0.391786226844511,125.5
11296,0.391786226844511,125.51111111111112
11297,0.391786226844511,125.52222222222223
11298,0.391786226844511,125.53333333333333
11299,0.391786226844511,125.54444444444445
11300,0.391786226844511,125.55555555555556
11301,0.391786226844511,125.56666666666668
11302,0.391786226844511,125.57777777777778
11303,0.391786226844511,125.58888888888889
11304,0.391786226844511,125.60000000000001
11305,0.391786226844511,125.61111111111111
11306,0.391786226844511,125.62222222222222
11307,0.391786226844511,125.63333333333334
11308,0.391786226844511,125.64444444444445
11309,0.391786226844511,125.65555555555557
11310,0.391786226844511,125.66666666666667
11311,0.391786226844511,125.67777777777778
11312,0.391786226844511,125.6888888888889
11313,0.391786226844511,125.7
11314,0.391786226844511,125.71111111111112
11315,0.391786226844511,125.72222222222223
11316,0.391786226844511,125.73333333333333
11317,0.391786226844511,125.74444444444445
11318,0.391786226844511,125.75555555555556
11319,0.391786226844511,125.76666666666667
11320,0.391786226844511,125.77777777777779
11321,0.391786226844511,125.78888888888889
11322,0.391786226844511,125.80000000000001
11323,0.391786226844511,125.81111111111112
11324,0.391786226844511,125.82222222222222
11325,0.391786226844511,125.83333333333334
11326,0.391786226844511,125.84444444444445
11327,0.391786226844511,125.85555555555555
11328,0.391786226844511,125.86666666666667
11329,0.391786226844511,125.87777777777778
11330,0.391786226844511,125.8888888888889
11331,0.391786226844511,125.9
11332,0.391786226844511,125.91111111111111
11333,0.391786226844511,125.92222222222223
11334,0.391786226844511,125.93333333333334
11335,0.391786226844511,125.94444444444444
11336,0.391786226844511,125.95555555555556
11337,0.391786226844511,125.96666666666667
11338,0.391786226844511,125.97777777777779
11339,0.391786226844511,125.9888888888889
11340,0.391786226844511,126.0
11341,0.391786226844511,126.01111111111112
11342,0.391786226844511,126.02222222222223
11343,0.391786226844511,126.03333333333333
11344,0.3905425617635159,126.04444444444445
11345,0.38992072922302,126.05555555555556
11346,0.38992072922302,126.06666666666668
11347,0.38992072922302,126.07777777777778
11348,0.38929889668252265,126.08888888888889
11349,0.3880552316015295,126.10000000000001
11350,0.3880552316015295,126.11111111111111
11351,0.3880552316015295,126.12222222222222
11352,0.3880552316015295,126.13333333333334
11353,0.3880552316015295,126.14444444444445
11354,0.3880552316015295,126.15555555555557
11355,0.3880552316015295,126.16666666666667
11356,0.3880552316015295,126.17777777777778
11357,0.3880552316015295,126.1888888888889
11358,0.3880552316015295,126.2
11359,0.3880552316015295,126.21111111111112
11360,0.3880552316015295,126.22222222222223
11361,0.3880552316015295,126.23333333333333
11362,0.3880552316015295,126.24444444444445
11363,0.3880552316015295,126.25555555555556
11364,0.3880552316015295,126.26666666666667
11365,0.3880552316015295,126.27777777777779
11366,0.38743339906103214,126.28888888888889
11367,0.386189733980039,126.30000000000001
11368,0.386189733980039,126.31111111111112
11369,0.386189733980039,126.32222222222222
11370,0.386189733980039,126.33333333333334
11371,0.386189733980039,126.34444444444445
11372,0.386189733980039,126.35555555555555
11373,0.38618973398003736,126.36666666666667
11374,0.38494606889904426,126.37777777777778
11375,0.3843242363585485,126.3888888888889
11376,0.3843242363585485,126.4
11377,0.3843242363585485,126.41111111111111
11378,0.3843242363585485,126.42222222222223
11379,0.3843242363585485,126.43333333333334
11380,0.3818369061965622,126.44444444444444
11381,0.38059324111556747,126.45555555555556
11382,0.38059324111556747,126.46666666666667
11383,0.38059324111556747,126.47777777777779
11384,0.38059324111556747,126.4888888888889
11385,0.38059324111556747,126.5
11386,0.38059324111556747,126.51111111111112
11387,0.38059324111556747,126.52222222222223
11388,0.38059324111556747,126.53333333333333
11389,0.37934957603457276,126.54444444444445
11390,0.378727743494077,126.55555555555556
11391,0.378727743494077,126.56666666666668
11392,0.378727743494077,126.57777777777778
11393,0.37810591095357965,126.58888888888889
11394,0.3768622458725865,126.60000000000001
11395,0.3768622458725865,126.61111111111111
11396,0.3768622458725865,126.62222222222222
11397,0.3768622458725865,126.63333333333334
11398,0.3768622458725865,126.64444444444445
11399,0.3768622458725865,126.65555555555557
11400,0.3768622458725865,126.66666666666667
11401,0.3768622458725865,126.67777777777778
11402,0.3768622458725865,126.6888888888889
11403,0.3768622458725865,126.7
11404,0.3768622458725865,126.71111111111112
11405,0.3768622458725865,126.72222222222223
11406,0.3768622458725865,126.73333333333333
11407,0.3768622458725865,126.74444444444445
11408,0.3768622458725865,126.75555555555556
11409,0.3768622458725865,126.76666666666667
11410,0.3768622458725865,126.77777777777779
11411,0.37624041333208913,126.78888888888889
11412,0.37499674825109597,126.80000000000001
11413,0.37499674825109597,126.81111111111112
11414,0.37499674825109597,126.82222222222222
11415,0.37499674825109597,126.83333333333334
11416,0.37499674825109597,126.84444444444445
11417,0.37499674825109597,126.85555555555555
11418,0.37499674825109436,126.86666666666667
11419,0.37375308317010125,126.87777777777778
11420,0.3731312506296055,126.8888888888889
11421,0.3731312506296055,126.9
11422,0.3731312506296055,126.91111111111111
11423,0.3731312506296055,126.92222222222223
11424,0.3731312506296055,126.93333333333334
11425,0.37188758554861234,126.94444444444444
11426,0.371265753008115,126.95555555555556
11427,0.371265753008115,126.96666666666667
11428,0.371265753008115,126.97777777777779
11429,0.371265753008115,126.9888888888889
11430,0.371265753008115,127.0
11431,0.371265753008115,127.01111111111112
11432,0.371265753008115,127.02222222222223
11433,0.371265753008115,127.03333333333333
11434,0.371265753008115,127.04444444444445
11435,0.371265753008115,127.05555555555556
11436,0.371265753008115,127.06666666666668
11437,0.371265753008115,127.07777777777778
11438,0.371265753008115,127.08888888888889
11439,0.371265753008115,127.10000000000001
11440,0.371265753008115,127.11111111111111
11441,0.371265753008115,127.12222222222222
11442,0.371265753008115,127.13333333333334
11443,0.371265753008115,127.14444444444445
11444,0.371265753008115,127.15555555555557
11445,0.371265753008115,127.16666666666667
11446,0.371265753008115,127.17777777777778
11447,0.37002208792712027,127.1888888888889
11448,0.367534757765134,127.2
11449,0.367534757765134,127.21111111111112
11450,0.367534757765134,127.22222222222223
11451,0.367534757765134,127.23333333333333
11452,0.367534757765134,127.24444444444445
11453,0.367534757765134,127.25555555555556
11454,0.367534757765134,127.26666666666667
11455,0.367534757765134,127.27777777777779
11456,0.367534757765134,127.28888888888889
11457,0.367534757765134,127.30000000000001
11458,0.367534757765134,127.31111111111112
11459,0.367534757765134,127.32222222222222
11460,0.367534757765134,127.33333333333334
11461,0.367534757765134,127.34444444444445
11462,0.367534757765134,127.35555555555555
11463,0.367534757765134,127.36666666666667
11464,0.367534757765134,127.37777777777778
11465,0.367534757765134,127.3888888888889
11466,0.367534757765134,127.4
11467,0.367534757765134,127.41111111111111
11468,0.367534757765134,127.42222222222223
11469,0.367534757765134,127.43333333333334
11470,0.367534757765134,127.44444444444444
11471,0.367534757765134,127.45555555555556
11472,0.367534757765134,127.46666666666667
11473,0.367534757765134,127.47777777777779
11474,0.367534757765134,127.4888888888889
11475,0.367534757765134,127.5
11476,0.367534757765134,127.51111111111112
11477,0.367534757765134,127.52222222222223
11478,0.367534757765134,127.53333333333333
11479,0.367534757765134,127.54444444444445
11480,0.367534757765134,127.55555555555556
11481,0.367534757765134,127.56666666666668
11482,0.367534757765134,127.57777777777778
11483,0.367534757765134,127.58888888888889
11484,0.367534757765134,127.60000000000001
11485,0.367534757765134,127.61111111111111
11486,0.367534757765134,127.62222222222222
11487,0.367534757765134,127.63333333333334
11488,0.367534757765134,127.64444444444445
11489,0.367534757765134,127.65555555555557
11490,0.367534757765134,127.66666666666667
11491,0.367534757765134,127.67777777777778
11492,0.367534757765134,127.6888888888889
11493,0.367534757765134,127.7
11494,0.367534757765134,127.71111111111112
11495,0.367534757765134,127.72222222222223
11496,0.367534757765134,127.73333333333333
11497,0.367534757765134,127.74444444444445
11498,0.367534757765134,127.75555555555556
11499,0.367534757765134,127.76666666666667
11500,0.367534757765134,127.77777777777779
11501,0.367534757765134,127.78888888888889
11502,0.367534757765134,127.80000000000001
11503,0.367534757765134,127.81111111111112
11504,0.367534757765134,127.82222222222222
11505,0.367534757765134,127.83333333333334
11506,0.367534757765134,127.84444444444445
11507,0.367534757765134,127.85555555555555
11508,0.367534757765134,127.86666666666667
11509,0.367534757765134,127.87777777777778
11510,0.367534757765134,127.8888888888889
11511,0.367534757765134,127.9
11512,0.367534757765134,127.91111111111111
11513,0.367534757765134,127.92222222222223
11514,0.367534757765134,127.93333333333334
11515,0.367534757765134,127.94444444444444
11516,0.367534757765134,127.95555555555556
11517,0.367534757765134,127.96666666666667
11518,0.367534757765134,127.97777777777779
11519,0.367534757765134,127.9888888888889
11520,0.367534757765134,128.0
11521,0.367534757765134,128.01111111111112
11522,0.367534757765134,128.02222222222224
11523,0.367534757765134,128.03333333333333
11524,0.367534757765134,128.04444444444445
11525,0.367534757765134,128.05555555555557
11526,0.367534757765134,128.06666666666666
11527,0.367534757765134,128.07777777777778
11528,0.367534757765134,128.0888888888889
11529,0.367534757765134,128.1
11530,0.367534757765134,128.11111111111111
11531,0.367534757765134,128.12222222222223
11532,0.367534757765134,128.13333333333333
11533,0.367534757765134,128.14444444444445
11534,0.367534757765134,128.15555555555557
11535,0.367534757765134,128.16666666666669
11536,0.367534757765134,128.17777777777778
11537,0.367534757765134,128.1888888888889
11538,0.367534757765134,128.20000000000002
11539,0.367534757765134,128.2111111111111
11540,0.367534757765134,128.22222222222223
11541,0.367534757765134,128.23333333333335
11542,0.367534757765134,128.24444444444444
11543,0.367534757765134,128.25555555555556
11544,0.367534757765134,128.26666666666668
11545,0.367534757765134,128.27777777777777
11546,0.367534757765134,128.2888888888889
11547,0.367534757765134,128.3
11548,0.367534757765134,128.3111111111111
11549,0.367534757765134,128.32222222222222
11550,0.367534757765134,128.33333333333334
11551,0.367534757765134,128.34444444444446
11552,0.367534757765134,128.35555555555555
11553,0.367534757765134,128.36666666666667
11554,0.367534757765134,128.3777777777778
11555,0.367534757765134,128.38888888888889
11556,0.367534757765134,128.4
11557,0.367534757765134,128.41111111111113
11558,0.367534757765134,128.42222222222222
11559,0.367534757765134,128.43333333333334
11560,0.367534757765134,128.44444444444446
11561,0.367534757765134,128.45555555555555
11562,0.367534757765134,128.46666666666667
11563,0.367534757765134,128.4777777777778
11564,0.367534757765134,128.48888888888888
11565,0.367534757765134,128.5
11566,0.367534757765134,128.51111111111112
11567,0.367534757765134,128.52222222222224
11568,0.367534757765134,128.53333333333333
11569,0.367534757765134,128.54444444444445
11570,0.367534757765134,128.55555555555557
11571,0.367534757765134,128.56666666666666
11572,0.367534757765134,128.57777777777778
11573,0.367534757765134,128.5888888888889
11574,0.367534757765134,128.6
11575,0.367534757765134,128.61111111111111
11576,0.367534757765134,128.62222222222223
11577,0.367534757765134,128.63333333333333
11578,0.367534757765134,128.64444444444445
11579,0.367534757765134,128.65555555555557
11580,0.367534757765134,128.66666666666669
11581,0.367534757765134,128.67777777777778
11582,0.367534757765134,128.6888888888889
11583,0.367534757765134,128.70000000000002
11584,0.367534757765134,128.7111111111111
11585,0.367534757765134,128.72222222222223
11586,0.367534757765134,128.73333333333335
11587,0.367534757765134,128.74444444444444
11588,0.367534757765134,128.75555555555556
11589,0.367534757765134,128.76666666666668
11590,0.367534757765134,128.77777777777777
11591,0.367534757765134,128.7888888888889
11592,0.367534757765134,128.8
11593,0.367534757765134,128.8111111111111
11594,0.367534757765134,128.82222222222222
11595,0.367534757765134,128.83333333333334
11596,0.367534757765134,128.84444444444446
11597,0.367534757765134,128.85555555555555
11598,0.367534757765134,128.86666666666667
11599,0.367534757765134,128.8777777777778
11600,0.367534757765134,128.88888888888889
11601,0.367534757765134,128.9
11602,0.367534757765134,128.91111111111113
11603,0.367534757765134,128.92222222222222
11604,0.367534757765134,128.93333333333334
11605,0.367534757765134,128.94444444444446
11606,0.367534757765134,128.95555555555555
11607,0.367534757765134,128.96666666666667
11608,0.367534757765134,128.9777777777778
11609,0.367534757765134,128.98888888888888
11610,0.367534757765134,129.0
11611,0.367534757765134,129.01111111111112
11612,0.367534757765134,129.02222222222224
11613,0.367534757765134,129.03333333333333
11614,0.367534757765134,129.04444444444445
11615,0.367534757765134,129.05555555555557
11616,0.367534757765134,129.06666666666666
11617,0.367534757765134,129.07777777777778
11618,0.367534757765134,129.0888888888889
11619,0.367534757765134,129.1
11620,0.367534757765134,129.11111111111111
11621,0.367534757765134,129.12222222222223
11622,0.367534757765134,129.13333333333333
11623,0.367534757765134,129.14444444444445
11624,0.367534757765134,129.15555555555557
11625,0.367534757765134,129.16666666666669
11626,0.367534757765134,129.17777777777778
11627,0.367534757765134,129.1888888888889
11628,0.367534757765134,129.20000000000002
11629,0.367534757765134,129.2111111111111
11630,0.367534757765134,129.22222222222223
11631,0.367534757765134,129.23333333333335
11632,0.367534757765134,129.24444444444444
11633,0.367534757765134,129.25555555555556
11634,0.367534757765134,129.26666666666668
11635,0.367534757765134,129.27777777777777
11636,0.367534757765134,129.2888888888889
11637,0.367534757765134,129.3
11638,0.367534757765134,129.3111111111111
11639,0.367534757765134,129.32222222222222
11640,0.367534757765134,129.33333333333334
11641,0.367534757765134,129.34444444444446
11642,0.367534757765134,129.35555555555555
11643,0.367534757765134,129.36666666666667
11644,0.367534757765134,129.3777777777778
11645,0.367534757765134,129.38888888888889
11646,0.367534757765134,129.4
11647,0.367534757765134,129.41111111111113
11648,0.367534757765134,129.42222222222222
11649,0.367534757765134,129.43333333333334
11650,0.367534757765134,129.44444444444446
11651,0.367534757765134,129.45555555555555
11652,0.367534757765134,129.46666666666667
11653,0.367534757765134,129.4777777777778
11654,0.367534757765134,129.48888888888888
11655,0.367534757765134,129.5
11656,0.367534757765134,129.51111111111112
11657,0.367534757765134,129.52222222222224
11658,0.367534757765134,129.53333333333333
11659,0.367534757765134,129.54444444444445
11660,0.367534757765134,129.55555555555557
11661,0.367534757765134,129.56666666666666
11662,0.367534757765134,129.57777777777778
11663,0.367534757765134,129.5888888888889
11664,0.367534757765134,129.6
11665,0.367534757765134,129.61111111111111
11666,0.367534757765134,129.62222222222223
11667,0.367534757765134,129.63333333333333
11668,0.367534757765134,129.64444444444445
11669,0.367534757765134,129.65555555555557
11670,0.367534757765134,129.66666666666669
11671,0.367534757765134,129.67777777777778
11672,0.367534757765134,129.6888888888889
11673,0.367534757765134,129.70000000000002
11674,0.367534757765134,129.7111111111111
11675,0.367534757765134,129.72222222222223
11676,0.367534757765134,129.73333333333335
11677,0.367534757765134,129.74444444444444
11678,0.367534757765134,129.75555555555556
11679,0.367534757765134,129.76666666666668
11680,0.367534757765134,129.77777777777777
11681,0.367534757765134,129.7888888888889
11682,0.367534757765134,129.8
11683,0.367534757765134,129.8111111111111
11684,0.367534757765134,129.82222222222222
11685,0.367534757765134,129.83333333333334
11686,0.367534757765134,129.84444444444446
11687,0.367534757765134,129.85555555555555
11688,0.367534757765134,129.86666666666667
11689,0.367534757765134,129.8777777777778
11690,0.367534757765134,129.88888888888889
11691,0.367534757765134,129.9
11692,0.367534757765134,129.91111111111113
11693,0.367534757765134,129.92222222222222
11694,0.367534757765134,129.93333333333334
11695,0.367534757765134,129.94444444444446
11696,0.367534757765134,129.95555555555555
11697,0.367534757765134,129.96666666666667
11698,0.367534757765134,129.9777777777778
11699,0.367534757765134,129.98888888888888
11700,0.367534757765134,130.0
11701,0.367534757765134,130.01111111111112
11702,0.367534757765134,130.02222222222224
11703,0.367534757765134,130.03333333333333
11704,0.367534757765134,130.04444444444445
11705,0.367534757765134,130.05555555555557
11706,0.367534757765134,130.06666666666666
11707,0.367534757765134,130.07777777777778
11708,0.367534757765134,130.0888888888889
11709,0.367534757765134,130.1
11710,0.367534757765134,130.11111111111111
11711,0.367534757765134,130.12222222222223
11712,0.367534757765134,130.13333333333333
11713,0.367534757765134,130.14444444444445
11714,0.367534757765134,130.15555555555557
11715,0.367534757765134,130.16666666666669
11716,0.367534757765134,130.17777777777778
11717,0.367534757765134,130.1888888888889
11718,0.367534757765134,130.20000000000002
11719,0.367534757765134,130.2111111111111
11720,0.367534757765134,130.22222222222223
11721,0.367534757765134,130.23333333333335
11722,0.367534757765134,130.24444444444444
11723,0.367534757765134,130.25555555555556
11724,0.367534757765134,130.26666666666668
11725,0.367534757765134,130.27777777777777
11726,0.367534757765134,130.2888888888889
11727,0.367534757765134,130.3
11728,0.367534757765134,130.3111111111111
11729,0.367534757765134,130.32222222222222
11730,0.367534757765134,130.33333333333334
11731,0.367534757765134,130.34444444444446
11732,0.367534757765134,130.35555555555555
11733,0.367534757765134,130.36666666666667
11734,0.367534757765134,130.3777777777778
11735,0.367534757765134,130.38888888888889
11736,0.367534757765134,130.4
11737,0.367534757765134,130.41111111111113
11738,0.367534757765134,130.42222222222222
11739,0.367534757765134,130.43333333333334
11740,0.367534757765134,130.44444444444446
11741,0.367534757765134,130.45555555555555
11742,0.367534757765134,130.46666666666667
11743,0.367534757765134,130.4777777777778
11744,0.367534757765134,130.48888888888888
11745,0.367534757765134,130.5
11746,0.367534757765134,130.51111111111112
11747,0.367534757765134,130.52222222222224
11748,0.367534757765134,130.53333333333333
11749,0.367534757765134,130.54444444444445
11750,0.367534757765134,130.55555555555557
11751,0.367534757765134,130.56666666666666
11752,0.367534757765134,130.57777777777778
11753,0.367534757765134,130.5888888888889
11754,0.367534757765134,130.6
11755,0.367534757765134,130.61111111111111
11756,0.367534757765134,130.62222222222223
11757,0.367534757765134,130.63333333333333
11758,0.367534757765134,130.64444444444445
11759,0.367534757765134,130.65555555555557
11760,0.367534757765134,130.66666666666669
11761,0.367534757765134,130.67777777777778
11762,0.367534757765134,130.6888888888889
11763,0.367534757765134,130.70000000000002
11764,0.367534757765134,130.7111111111111
11765,0.367534757765134,130.72222222222223
11766,0.367534757765134,130.73333333333335
11767,0.367534757765134,130.74444444444444
11768,0.367534757765134,130.75555555555556
11769,0.367534757765134,130.76666666666668
11770,0.367534757765134,130.77777777777777
11771,0.367534757765134,130.7888888888889
11772,0.367534757765134,130.8
11773,0.367534757765134,130.8111111111111
11774,0.367534757765134,130.82222222222222
11775,0.367534757765134,130.83333333333334
11776,0.367534757765134,130.84444444444446
11777,0.367534757765134,130.85555555555555
11778,0.367534757765134,130.86666666666667
11779,0.367534757765134,130.8777777777778
11780,0.367534757765134,130.88888888888889
11781,0.367534757765134,130.9
11782,0.367534757765134,130.91111111111113
11783,0.367534757765134,130.92222222222222
11784,0.367534757765134,130.93333333333334
11785,0.367534757765134,130.94444444444446
11786,0.367534757765134,130.95555555555555
11787,0.367534757765134,130.96666666666667
11788,0.367534757765134,130.9777777777778
11789,0.367534757765134,130.98888888888888
11790,0.367534757765134,131.0
11791,0.367534757765134,131.01111111111112
11792,0.367534757765134,131.02222222222224
11793,0.367534757765134,131.03333333333333
11794,0.367534757765134,131.04444444444445
11795,0.367534757765134,131.05555555555557
11796,0.367534757765134,131.06666666666666
11797,0.367534757765134,131.07777777777778
11798,0.367534757765134,131.0888888888889
11799,0.367534757765134,131.1
11800,0.367534757765134,131.11111111111111
11801,0.367534757765134,131.12222222222223
11802,0.367534757765134,131.13333333333333
11803,0.367534757765134,131.14444444444445
11804,0.367534757765134,131.15555555555557
11805,0.367534757765134,131.16666666666669
11806,0.367534757765134,131.17777777777778
11807,0.367534757765134,131.1888888888889
11808,0.367534757765134,131.20000000000002
11809,0.367534757765134,131.2111111111111
11810,0.367534757765134,131.22222222222223
11811,0.367534757765134,131.23333333333335
11812,0.367534757765134,131.24444444444444
11813,0.367534757765134,131.25555555555556
11814,0.367534757765134,131.26666666666668
11815,0.367534757765134,131.27777777777777
11816,0.367534757765134,131.2888888888889
11817,0.367534757765134,131.3
11818,0.367534757765134,131.3111111111111
11819,0.367534757765134,131.32222222222222
11820,0.367534757765134,131.33333333333334
11821,0.367534757765134,131.34444444444446
11822,0.367534757765134,131.35555555555555
11823,0.367534757765134,131.36666666666667
11824,0.367534757765134,131.3777777777778
11825,0.367534757765134,131.38888888888889
11826,0.367534757765134,131.4
11827,0.367534757765134,131.41111111111113
11828,0.367534757765134,131.42222222222222
11829,0.367534757765134,131.43333333333334
11830,0.367534757765134,131.44444444444446
11831,0.367534757765134,131.45555555555555
11832,0.367534757765134,131.46666666666667
11833,0.367534757765134,131.4777777777778
11834,0.367534757765134,131.48888888888888
11835,0.367534757765134,131.5
11836,0.367534757765134,131.51111111111112
11837,0.367534757765134,131.52222222222224
11838,0.367534757765134,131.53333333333333
11839,0.367534757765134,131.54444444444445
11840,0.367534757765134,131.55555555555557
11841,0.367534757765134,131.56666666666666
11842,0.367534757765134,131.57777777777778
11843,0.367534757765134,131.5888888888889
11844,0.367534757765134,131.6
11845,0.367534757765134,131.61111111111111
11846,0.367534757765134,131.62222222222223
11847,0.367534757765134,131.63333333333333
11848,0.367534757765134,131.64444444444445
11849,0.367534757765134,131.65555555555557
11850,0.367534757765134,131.66666666666669
11851,0.367534757765134,131.67777777777778
11852,0.367534757765134,131.6888888888889
11853,0.367534757765134,131.70000000000002
11854,0.367534757765134,131.7111111111111
11855,0.367534757765134,131.72222222222223
11856,0.367534757765134,131.73333333333335
11857,0.367534757765134,131.74444444444444
11858,0.367534757765134,131.75555555555556
11859,0.367534757765134,131.76666666666668
11860,0.367534757765134,131.77777777777777
11861,0.367534757765134,131.7888888888889
11862,0.367534757765134,131.8
11863,0.367534757765134,131.8111111111111
11864,0.367534757765134,131.82222222222222
11865,0.367534757765134,131.83333333333334
11866,0.367534757765134,131.84444444444446
11867,0.367534757765134,131.85555555555555
11868,0.367534757765134,131.86666666666667
11869,0.367534757765134,131.8777777777778
11870,0.367534757765134,131.88888888888889
11871,0.367534757765134,131.9
11872,0.367534757765134,131.91111111111113
11873,0.367534757765134,131.92222222222222
11874,0.367534757765134,131.93333333333334
11875,0.367534757765134,131.94444444444446
11876,0.367534757765134,131.95555555555555
11877,0.367534757765134,131.96666666666667
11878,0.367534757765134,131.9777777777778
11879,0.367534757765134,131.98888888888888
11880,0.367534757765134,132.0
11881,0.367534757765134,132.01111111111112
11882,0.367534757765134,132.02222222222224
11883,0.367534757765134,132.03333333333333
11884,0.367534757765134,132.04444444444445
11885,0.367534757765134,132.05555555555557
11886,0.367534757765134,132.06666666666666
11887,0.367534757765134,132.07777777777778
11888,0.367534757765134,132.0888888888889
11889,0.367534757765134,132.1
11890,0.367534757765134,132.11111111111111
11891,0.367534757765134,132.12222222222223
11892,0.367534757765134,132.13333333333333
11893,0.367534757765134,132.14444444444445
11894,0.367534757765134,132.15555555555557
11895,0.367534757765134,132.16666666666669
11896,0.367534757765134,132.17777777777778
11897,0.367534757765134,132.1888888888889
11898,0.367534757765134,132.20000000000002
11899,0.367534757765134,132.2111111111111
11900,0.367534757765134,132.22222222222223
11901,0.367534757765134,132.23333333333335
11902,0.367534757765134,132.24444444444444
11903,0.367534757765134,132.25555555555556
11904,0.367534757765134,132.26666666666668
11905,0.367534757765134,132.27777777777777
11906,0.367534757765134,132.2888888888889
11907,0.367534757765134,132.3
11908,0.367534757765134,132.3111111111111
11909,0.367534757765134,132.32222222222222
11910,0.367534757765134,132.33333333333334
11911,0.367534757765134,132.34444444444446
11912,0.367534757765134,132.35555555555555
11913,0.367534757765134,132.36666666666667
11914,0.367534757765134,132.3777777777778
11915,0.367534757765134,132.38888888888889
11916,0.367534757765134,132.4
11917,0.367534757765134,132.41111111111113
11918,0.367534757765134,132.42222222222222
11919,0.367534757765134,132.43333333333334
11920,0.367534757765134,132.44444444444446
11921,0.367534757765134,132.45555555555555
11922,0.367534757765134,132.46666666666667
11923,0.367534757765134,132.4777777777778
11924,0.367534757765134,132.48888888888888
11925,0.367534757765134,132.5
11926,0.367534757765134,132.51111111111112
11927,0.367534757765134,132.52222222222224
11928,0.367534757765134,132.53333333333333
11929,0.367534757765134,132.54444444444445
11930,0.367534757765134,132.55555555555557
11931,0.367534757765134,132.56666666666666
11932,0.367534757765134,132.57777777777778
11933,0.367534757765134,132.5888888888889
11934,0.367534757765134,132.6
11935,0.367534757765134,132.61111111111111
11936,0.367534757765134,132.62222222222223
11937,0.367534757765134,132.63333333333333
11938,0.367534757765134,132.64444444444445
11939,0.367534757765134,132.65555555555557
11940,0.367534757765134,132.66666666666669
11941,0.367534757765134,132.67777777777778
11942,0.367534757765134,132.6888888888889
11943,0.367534757765134,132.70000000000002
11944,0.367534757765134,132.7111111111111
11945,0.367534757765134,132.72222222222223
11946,0.367534757765134,132.73333333333335
11947,0.367534757765134,132.74444444444444
11948,0.367534757765134,132.75555555555556
11949,0.367534757765134,132.76666666666668
11950,0.367534757765134,132.77777777777777
11951,0.367534757765134,132.7888888888889
11952,0.367534757765134,132.8
11953,0.367534757765134,132.8111111111111
11954,0.367534757765134,132.82222222222222
11955,0.367534757765134,132.83333333333334
11956,0.367534757765134,132.84444444444446
11957,0.367534757765134,132.85555555555555
11958,0.367534757765134,132.86666666666667
11959,0.367534757765134,132.8777777777778
11960,0.367534757765134,132.88888888888889
11961,0.367534757765134,132.9
11962,0.367534757765134,132.91111111111113
11963,0.367534757765134,132.92222222222222
11964,0.367534757765134,132.93333333333334
11965,0.367534757765134,132.94444444444446
11966,0.367534757765134,132.95555555555555
11967,0.367534757765134,132.96666666666667
11968,0.367534757765134,132.9777777777778
11969,0.367534757765134,132.98888888888888
11970,0.367534757765134,133.0
11971,0.367534757765134,133.01111111111112
11972,0.367534757765134,133.02222222222224
11973,0.367534757765134,133.03333333333333
11974,0.367534757765134,133.04444444444445
11975,0.367534757765134,133.05555555555557
11976,0.367534757765134,133.06666666666666
11977,0.367534757765134,133.07777777777778
11978,0.367534757765134,133.0888888888889
11979,0.367534757765134,133.1
11980,0.367534757765134,133.11111111111111
11981,0.367534757765134,133.12222222222223
11982,0.367534757765134,133.13333333333333
11983,0.367534757765134,133.14444444444445
11984,0.367534757765134,133.15555555555557
11985,0.367534757765134,133.16666666666669
11986,0.367534757765134,133.17777777777778
11987,0.367534757765134,133.1888888888889
11988,0.367534757765134,133.20000000000002
11989,0.367534757765134,133.2111111111111
11990,0.367534757765134,133.22222222222223
11991,0.367534757765134,133.23333333333335
11992,0.367534757765134,133.24444444444444
11993,0.367534757765134,133.25555555555556
11994,0.367534757765134,133.26666666666668
11995,0.367534757765134,133.27777777777777
11996,0.367534757765134,133.2888888888889
11997,0.367534757765134,133.3
11998,0.367534757765134,133.3111111111111
11999,0.367534757765134,133.32222222222222
12000,0.367534757765134,133.33333333333334
12001,0.367534757765134,133.34444444444446
12002,0.367534757765134,133.35555555555555
12003,0.367534757765134,133.36666666666667
12004,0.367534757765134,133.3777777777778
12005,0.367534757765134,133.38888888888889
12006,0.367534757765134,133.4
12007,0.367534757765134,133.41111111111113
12008,0.367534757765134,133.42222222222222
12009,0.367534757765134,133.43333333333334
12010,0.367534757765134,133.44444444444446
12011,0.367534757765134,133.45555555555555
12012,0.367534757765134,133.46666666666667
12013,0.367534757765134,133.4777777777778
12014,0.367534757765134,133.48888888888888
12015,0.367534757765134,133.5
12016,0.367534757765134,133.51111111111112
12017,0.367534757765134,133.52222222222224
12018,0.367534757765134,133.53333333333333
12019,0.367534757765134,133.54444444444445
12020,0.367534757765134,133.55555555555557
12021,0.367534757765134,133.56666666666666
12022,0.367534757765134,133.57777777777778
12023,0.367534757765134,133.5888888888889
12024,0.367534757765134,133.6
12025,0.367534757765134,133.61111111111111
12026,0.367534757765134,133.62222222222223
12027,0.367534757765134,133.63333333333333
12028,0.367534757765134,133.64444444444445
12029,0.367534757765134,133.65555555555557
12030,0.367534757765134,133.66666666666669
12031,0.367534757765134,133.67777777777778
12032,0.367534757765134,133.6888888888889
12033,0.367534757765134,133.70000000000002
12034,0.367534757765134,133.7111111111111
12035,0.367534757765134,133.72222222222223
12036,0.367534757765134,133.73333333333335
12037,0.367534757765134,133.74444444444444
12038,0.367534757765134,133.75555555555556
12039,0.367534757765134,133.76666666666668
12040,0.367534757765134,133.77777777777777
12041,0.367534757765134,133.7888888888889
12042,0.367534757765134,133.8
12043,0.367534757765134,133.8111111111111
12044,0.367534757765134,133.82222222222222
12045,0.367534757765134,133.83333333333334
12046,0.367534757765134,133.84444444444446
12047,0.367534757765134,133.85555555555555
12048,0.367534757765134,133.86666666666667
12049,0.367534757765134,133.8777777777778
12050,0.367534757765134,133.88888888888889
12051,0.367534757765134,133.9
12052,0.367534757765134,133.91111111111113
12053,0.367534757765134,133.92222222222222
12054,0.367534757765134,133.93333333333334
12055,0.367534757765134,133.94444444444446
12056,0.367534757765134,133.95555555555555
12057,0.367534757765134,133.96666666666667
12058,0.367534757765134,133.9777777777778
12059,0.367534757765134,133.98888888888888
12060,0.367534757765134,134.0
12061,0.367534757765134,134.01111111111112
12062,0.367534757765134,134.02222222222224
12063,0.367534757765134,134.03333333333333
12064,0.367534757765134,134.04444444444445
12065,0.367534757765134,134.05555555555557
12066,0.367534757765134,134.06666666666666
12067,0.367534757765134,134.07777777777778
12068,0.367534757765134,134.0888888888889
12069,0.367534757765134,134.1
12070,0.367534757765134,134.11111111111111
12071,0.367534757765134,134.12222222222223
12072,0.367534757765134,134.13333333333333
12073,0.367534757765134,134.14444444444445
12074,0.367534757765134,134.15555555555557
12075,0.367534757765134,134.16666666666669
12076,0.367534757765134,134.17777777777778
12077,0.367534757765134,134.1888888888889
12078,0.367534757765134,134.20000000000002
12079,0.367534757765134,134.2111111111111
12080,0.367534757765134,134.22222222222223
12081,0.367534757765134,134.23333333333335
12082,0.367534757765134,134.24444444444444
12083,0.367534757765134,134.25555555555556
12084,0.367534757765134,134.26666666666668
12085,0.367534757765134,134.27777777777777
12086,0.367534757765134,134.2888888888889
12087,0.367534757765134,134.3
12088,0.367534757765134,134.3111111111111
12089,0.367534757765134,134.32222222222222
12090,0.367534757765134,134.33333333333334
12091,0.367534757765134,134.34444444444446
12092,0.367534757765134,134.35555555555555
12093,0.367534757765134,134.36666666666667
12094,0.367534757765134,134.3777777777778
12095,0.367534757765134,134.38888888888889
12096,0.367534757765134,134.4
12097,0.367534757765134,134.41111111111113
12098,0.367534757765134,134.42222222222222
12099,0.367534757765134,134.43333333333334
12100,0.367534757765134,134.44444444444446
12101,0.367534757765134,134.45555555555555
12102,0.367534757765134,134.46666666666667
12103,0.367534757765134,134.4777777777778
12104,0.367534757765134,134.48888888888888
12105,0.367534757765134,134.5
12106,0.367534757765134,134.51111111111112
12107,0.367534757765134,134.52222222222224
12108,0.367534757765134,134.53333333333333
12109,0.367534757765134,134.54444444444445
12110,0.367534757765134,134.55555555555557
12111,0.367534757765134,134.56666666666666
12112,0.367534757765134,134.57777777777778
12113,0.367534757765134,134.5888888888889
12114,0.367534757765134,134.6
12115,0.367534757765134,134.61111111111111
12116,0.367534757765134,134.62222222222223
12117,0.367534757765134,134.63333333333333
12118,0.367534757765134,134.64444444444445
12119,0.367534757765134,134.65555555555557
12120,0.367534757765134,134.66666666666669
12121,0.367534757765134,134.67777777777778
12122,0.367534757765134,134.6888888888889
12123,0.367534757765134,134.70000000000002
12124,0.367534757765134,134.7111111111111
12125,0.367534757765134,134.72222222222223
12126,0.367534757765134,134.73333333333335
12127,0.367534757765134,134.74444444444444
12128,0.367534757765134,134.75555555555556
12129,0.367534757765134,134.76666666666668
12130,0.367534757765134,134.77777777777777
12131,0.367534757765134,134.7888888888889
12132,0.367534757765134,134.8
12133,0.367534757765134,134.8111111111111
12134,0.367534757765134,134.82222222222222
12135,0.367534757765134,134.83333333333334
12136,0.367534757765134,134.84444444444446
12137,0.367534757765134,134.85555555555555
12138,0.367534757765134,134.86666666666667
12139,0.367534757765134,134.8777777777778
12140,0.367534757765134,134.88888888888889
12141,0.367534757765134,134.9
12142,0.367534757765134,134.91111111111113
12143,0.367534757765134,134.92222222222222
12144,0.367534757765134,134.93333333333334
12145,0.367534757765134,134.94444444444446
12146,0.367534757765134,134.95555555555555
12147,0.367534757765134,134.96666666666667
12148,0.367534757765134,134.9777777777778
12149,0.367534757765134,134.98888888888888
12150,0.367534757765134,135.0
12151,0.367534757765134,135.01111111111112
12152,0.367534757765134,135.02222222222224
12153,0.367534757765134,135.03333333333333
12154,0.367534757765134,135.04444444444445
12155,0.367534757765134,135.05555555555557
12156,0.367534757765134,135.06666666666666
12157,0.367534757765134,135.07777777777778
12158,0.367534757765134,135.0888888888889
12159,0.367534757765134,135.1
12160,0.367534757765134,135.11111111111111
12161,0.367534757765134,135.12222222222223
12162,0.367534757765134,135.13333333333333
12163,0.367534757765134,135.14444444444445
12164,0.367534757765134,135.15555555555557
12165,0.367534757765134,135.16666666666669
12166,0.367534757765134,135.17777777777778
12167,0.367534757765134,135.1888888888889
12168,0.367534757765134,135.20000000000002
12169,0.367534757765134,135.2111111111111
12170,0.367534757765134,135.22222222222223
12171,0.367534757765134,135.23333333333335
12172,0.367534757765134,135.24444444444444
12173,0.367534757765134,135.25555555555556
12174,0.367534757765134,135.26666666666668
12175,0.367534757765134,135.27777777777777
12176,0.367534757765134,135.2888888888889
12177,0.367534757765134,135.3
12178,0.367534757765134,135.3111111111111
12179,0.367534757765134,135.32222222222222
12180,0.367534757765134,135.33333333333334
12181,0.367534757765134,135.34444444444446
12182,0.367534757765134,135.35555555555555
12183,0.367534757765134,135.36666666666667
12184,0.367534757765134,135.3777777777778
12185,0.367534757765134,135.38888888888889
12186,0.367534757765134,135.4
12187,0.367534757765134,135.41111111111113
12188,0.367534757765134,135.42222222222222
12189,0.367534757765134,135.43333333333334
12190,0.367534757765134,135.44444444444446
12191,0.367534757765134,135.45555555555555
12192,0.367534757765134,135.46666666666667
12193,0.367534757765134,135.4777777777778
12194,0.367534757765134,135.48888888888888
12195,0.367534757765134,135.5
12196,0.367534757765134,135.51111111111112
12197,0.367534757765134,135.52222222222224
12198,0.367534757765134,135.53333333333333
12199,0.367534757765134,135.54444444444445
12200,0.367534757765134,135.55555555555557
12201,0.367534757765134,135.56666666666666
12202,0.367534757765134,135.57777777777778
12203,0.367534757765134,135.5888888888889
12204,0.367534757765134,135.6
12205,0.367534757765134,135.61111111111111
12206,0.367534757765134,135.62222222222223
12207,0.367534757765134,135.63333333333333
12208,0.367534757765134,135.64444444444445
12209,0.367534757765134,135.65555555555557
12210,0.367534757765134,135.66666666666669
12211,0.367534757765134,135.67777777777778
12212,0.367534757765134,135.6888888888889
12213,0.367534757765134,135.70000000000002
12214,0.367534757765134,135.7111111111111
12215,0.367534757765134,135.72222222222223
12216,0.367534757765134,135.73333333333335
12217,0.367534757765134,135.74444444444444
12218,0.367534757765134,135.75555555555556
12219,0.367534757765134,135.76666666666668
12220,0.367534757765134,135.77777777777777
12221,0.367534757765134,135.7888888888889
12222,0.367534757765134,135.8
12223,0.367534757765134,135.8111111111111
12224,0.367534757765134,135.82222222222222
12225,0.367534757765134,135.83333333333334
12226,0.367534757765134,135.84444444444446
12227,0.367534757765134,135.85555555555555
12228,0.367534757765134,135.86666666666667
12229,0.367534757765134,135.8777777777778
12230,0.367534757765134,135.88888888888889
12231,0.367534757765134,135.9
12232,0.367534757765134,135.91111111111113
12233,0.367534757765134,135.92222222222222
12234,0.367534757765134,135.93333333333334
12235,0.367534757765134,135.94444444444446
12236,0.367534757765134,135.95555555555555
12237,0.367534757765134,135.96666666666667
12238,0.367534757765134,135.9777777777778
12239,0.367534757765134,135.98888888888888
12240,0.367534757765134,136.0
12241,0.367534757765134,136.01111111111112
12242,0.367534757765134,136.02222222222224
12243,0.367534757765134,136.03333333333333
12244,0.367534757765134,136.04444444444445
12245,0.367534757765134,136.05555555555557
12246,0.367534757765134,136.06666666666666
12247,0.367534757765134,136.07777777777778
12248,0.367534757765134,136.0888888888889
12249,0.367534757765134,136.1
12250,0.367534757765134,136.11111111111111
12251,0.367534757765134,136.12222222222223
12252,0.367534757765134,136.13333333333333
12253,0.367534757765134,136.14444444444445
12254,0.367534757765134,136.15555555555557
12255,0.367534757765134,136.16666666666669
12256,0.367534757765134,136.17777777777778
12257,0.367534757765134,136.1888888888889
12258,0.367534757765134,136.20000000000002
12259,0.367534757765134,136.2111111111111
12260,0.367534757765134,136.22222222222223
12261,0.367534757765134,136.23333333333335
12262,0.367534757765134,136.24444444444444
12263,0.367534757765134,136.25555555555556
12264,0.367534757765134,136.26666666666668
12265,0.367534757765134,136.27777777777777
12266,0.367534757765134,136.2888888888889
12267,0.367534757765134,136.3
12268,0.367534757765134,136.3111111111111
12269,0.367534757765134,136.32222222222222
12270,0.367534757765134,136.33333333333334
12271,0.367534757765134,136.34444444444446
12272,0.367534757765134,136.35555555555555
12273,0.367534757765134,136.36666666666667
12274,0.367534757765134,136.3777777777778
12275,0.367534757765134,136.38888888888889
12276,0.367534757765134,136.4
12277,0.367534757765134,136.41111111111113
12278,0.367534757765134,136.42222222222222
12279,0.367534757765134,136.43333333333334
12280,0.367534757765134,136.44444444444446
12281,0.367534757765134,136.45555555555555
12282,0.367534757765134,136.46666666666667
12283,0.367534757765134,136.4777777777778
12284,0.367534757765134,136.48888888888888
12285,0.367534757765134,136.5
12286,0.367534757765134,136.51111111111112
12287,0.367534757765134,136.52222222222224
12288,0.367534757765134,136.53333333333333
12289,0.367534757765134,136.54444444444445
12290,0.367534757765134,136.55555555555557
12291,0.367534757765134,136.56666666666666
12292,0.367534757765134,136.57777777777778
12293,0.367534757765134,136.5888888888889
12294,0.367534757765134,136.6
12295,0.367534757765134,136.61111111111111
12296,0.367534757765134,136.62222222222223
12297,0.367534757765134,136.63333333333333
12298,0.367534757765134,136.64444444444445
12299,0.367534757765134,136.65555555555557
12300,0.367534757765134,136.66666666666669
12301,0.367534757765134,136.67777777777778
12302,0.367534757765134,136.6888888888889
12303,0.367534757765134,136.70000000000002
12304,0.367534757765134,136.7111111111111
12305,0.367534757765134,136.72222222222223
12306,0.367534757765134,136.73333333333335
12307,0.367534757765134,136.74444444444444
12308,0.367534757765134,136.75555555555556
12309,0.367534757765134,136.76666666666668
12310,0.367534757765134,136.77777777777777
12311,0.367534757765134,136.7888888888889
12312,0.367534757765134,136.8
12313,0.367534757765134,136.8111111111111
12314,0.367534757765134,136.82222222222222
12315,0.367534757765134,136.83333333333334
12316,0.367534757765134,136.84444444444446
12317,0.367534757765134,136.85555555555555
12318,0.367534757765134,136.86666666666667
12319,0.367534757765134,136.8777777777778
12320,0.367534757765134,136.88888888888889
12321,0.367534757765134,136.9
12322,0.367534757765134,136.91111111111113
12323,0.367534757765134,136.92222222222222
12324,0.367534757765134,136.93333333333334
12325,0.367534757765134,136.94444444444446
12326,0.367534757765134,136.95555555555555
12327,0.367534757765134,136.96666666666667
12328,0.367534757765134,136.9777777777778
12329,0.367534757765134,136.98888888888888
12330,0.367534757765134,137.0
12331,0.367534757765134,137.01111111111112
12332,0.367534757765134,137.02222222222224
12333,0.367534757765134,137.03333333333333
12334,0.367534757765134,137.04444444444445
12335,0.367534757765134,137.05555555555557
12336,0.367534757765134,137.06666666666666
12337,0.367534757765134,137.07777777777778
12338,0.367534757765134,137.0888888888889
12339,0.367534757765134,137.1
12340,0.367534757765134,137.11111111111111
12341,0.367534757765134,137.12222222222223
12342,0.367534757765134,137.13333333333333
12343,0.367534757765134,137.14444444444445
12344,0.367534757765134,137.15555555555557
12345,0.367534757765134,137.16666666666669
12346,0.367534757765134,137.17777777777778
12347,0.367534757765134,137.1888888888889
12348,0.367534757765134,137.20000000000002
12349,0.367534757765134,137.2111111111111
12350,0.367534757765134,137.22222222222223
12351,0.367534757765134,137.23333333333335
12352,0.367534757765134,137.24444444444444
12353,0.367534757765134,137.25555555555556
12354,0.367534757765134,137.26666666666668
12355,0.367534757765134,137.27777777777777
12356,0.367534757765134,137.2888888888889
12357,0.367534757765134,137.3
12358,0.367534757765134,137.3111111111111
12359,0.367534757765134,137.32222222222222
12360,0.367534757765134,137.33333333333334
12361,0.367534757765134,137.34444444444446
12362,0.367534757765134,137.35555555555555
12363,0.367534757765134,137.36666666666667
12364,0.367534757765134,137.3777777777778
12365,0.367534757765134,137.38888888888889
12366,0.367534757765134,137.4
12367,0.367534757765134,137.41111111111113
12368,0.367534757765134,137.42222222222222
12369,0.367534757765134,137.43333333333334
12370,0.367534757765134,137.44444444444446
12371,0.367534757765134,137.45555555555555
12372,0.367534757765134,137.46666666666667
12373,0.367534757765134,137.4777777777778
12374,0.367534757765134,137.48888888888888
12375,0.367534757765134,137.5
12376,0.367534757765134,137.51111111111112
12377,0.367534757765134,137.52222222222224
12378,0.367534757765134,137.53333333333333
12379,0.367534757765134,137.54444444444445
12380,0.367534757765134,137.55555555555557
12381,0.367534757765134,137.56666666666666
12382,0.367534757765134,137.57777777777778
12383,0.367534757765134,137.5888888888889
12384,0.367534757765134,137.6
12385,0.367534757765134,137.61111111111111
12386,0.367534757765134,137.62222222222223
12387,0.367534757765134,137.63333333333333
12388,0.367534757765134,137.64444444444445
12389,0.367534757765134,137.65555555555557
12390,0.367534757765134,137.66666666666669
12391,0.367534757765134,137.67777777777778
12392,0.367534757765134,137.6888888888889
12393,0.367534757765134,137.70000000000002
12394,0.367534757765134,137.7111111111111
12395,0.367534757765134,137.72222222222223
12396,0.367534757765134,137.73333333333335
12397,0.367534757765134,137.74444444444444
12398,0.367534757765134,137.75555555555556
12399,0.367534757765134,137.76666666666668
12400,0.367534757765134,137.77777777777777
12401,0.367534757765134,137.7888888888889
12402,0.367534757765134,137.8
12403,0.367534757765134,137.8111111111111
12404,0.367534757765134,137.82222222222222
12405,0.367534757765134,137.83333333333334
12406,0.367534757765134,137.84444444444446
12407,0.367534757765134,137.85555555555555
12408,0.367534757765134,137.86666666666667
12409,0.367534757765134,137.8777777777778
12410,0.367534757765134,137.88888888888889
12411,0.367534757765134,137.9
12412,0.367534757765134,137.91111111111113
12413,0.367534757765134,137.92222222222222
12414,0.367534757765134,137.93333333333334
12415,0.367534757765134,137.94444444444446
12416,0.367534757765134,137.95555555555555
12417,0.367534757765134,137.96666666666667
12418,0.367534757765134,137.9777777777778
12419,0.367534757765134,137.98888888888888
12420,0.367534757765134,138.0
12421,0.367534757765134,138.01111111111112
12422,0.367534757765134,138.02222222222224
12423,0.367534757765134,138.03333333333333
12424,0.367534757765134,138.04444444444445
12425,0.367534757765134,138.05555555555557
12426,0.367534757765134,138.06666666666666
12427,0.367534757765134,138.07777777777778
12428,0.367534757765134,138.0888888888889
12429,0.367534757765134,138.1
12430,0.367534757765134,138.11111111111111
12431,0.367534757765134,138.12222222222223
12432,0.367534757765134,138.13333333333333
12433,0.367534757765134,138.14444444444445
12434,0.367534757765134,138.15555555555557
12435,0.367534757765134,138.16666666666669
12436,0.367534757765134,138.17777777777778
12437,0.367534757765134,138.1888888888889
12438,0.367534757765134,138.20000000000002
12439,0.367534757765134,138.2111111111111
12440,0.367534757765134,138.22222222222223
12441,0.367534757765134,138.23333333333335
12442,0.367534757765134,138.24444444444444
12443,0.367534757765134,138.25555555555556
12444,0.367534757765134,138.26666666666668
12445,0.367534757765134,138.27777777777777
12446,0.367534757765134,138.2888888888889
12447,0.367534757765134,138.3
12448,0.367534757765134,138.3111111111111
12449,0.367534757765134,138.32222222222222
12450,0.367534757765134,138.33333333333334
12451,0.367534757765134,138.34444444444446
12452,0.367534757765134,138.35555555555555
12453,0.367534757765134,138.36666666666667
12454,0.367534757765134,138.3777777777778
12455,0.367534757765134,138.38888888888889
12456,0.367534757765134,138.4
12457,0.367534757765134,138.41111111111113
12458,0.367534757765134,138.42222222222222
12459,0.367534757765134,138.43333333333334
12460,0.367534757765134,138.44444444444446
12461,0.367534757765134,138.45555555555555
12462,0.367534757765134,138.46666666666667
12463,0.367534757765134,138.4777777777778
12464,0.367534757765134,138.48888888888888
12465,0.367534757765134,138.5
12466,0.367534757765134,138.51111111111112
12467,0.367534757765134,138.52222222222224
12468,0.367534757765134,138.53333333333333
12469,0.367534757765134,138.54444444444445
12470,0.367534757765134,138.55555555555557
12471,0.367534757765134,138.56666666666666
12472,0.367534757765134,138.57777777777778
12473,0.367534757765134,138.5888888888889
12474,0.367534757765134,138.6
12475,0.367534757765134,138.61111111111111
12476,0.367534757765134,138.62222222222223
12477,0.367534757765134,138.63333333333333
12478,0.367534757765134,138.64444444444445
12479,0.367534757765134,138.65555555555557
12480,0.367534757765134,138.66666666666669
12481,0.367534757765134,138.67777777777778
12482,0.367534757765134,138.6888888888889
12483,0.367534757765134,138.70000000000002
12484,0.367534757765134,138.7111111111111
12485,0.367534757765134,138.72222222222223
12486,0.367534757765134,138.73333333333335
12487,0.367534757765134,138.74444444444444
12488,0.367534757765134,138.75555555555556
12489,0.367534757765134,138.76666666666668
12490,0.367534757765134,138.77777777777777
12491,0.367534757765134,138.7888888888889
12492,0.367534757765134,138.8
12493,0.367534757765134,138.8111111111111
12494,0.367534757765134,138.82222222222222
12495,0.367534757765134,138.83333333333334
12496,0.367534757765134,138.84444444444446
12497,0.367534757765134,138.85555555555555
12498,0.367534757765134,138.86666666666667
12499,0.367534757765134,138.8777777777778
12500,0.367534757765134,138.88888888888889
12501,0.367534757765134,138.9
12502,0.367534757765134,138.91111111111113
12503,0.367534757765134,138.92222222222222
12504,0.367534757765134,138.93333333333334
12505,0.367534757765134,138.94444444444446
12506,0.367534757765134,138.95555555555555
12507,0.367534757765134,138.96666666666667
12508,0.367534757765134,138.9777777777778
12509,0.367534757765134,138.98888888888888
12510,0.367534757765134,139.0
12511,0.367534757765134,139.01111111111112
12512,0.367534757765134,139.02222222222224
12513,0.367534757765134,139.03333333333333
12514,0.367534757765134,139.04444444444445
12515,0.367534757765134,139.05555555555557
12516,0.367534757765134,139.06666666666666
12517,0.367534757765134,139.07777777777778
12518,0.367534757765134,139.0888888888889
12519,0.367534757765134,139.1
12520,0.367534757765134,139.11111111111111
12521,0.367534757765134,139.12222222222223
12522,0.367534757765134,139.13333333333333
12523,0.367534757765134,139.14444444444445
12524,0.367534757765134,139.15555555555557
12525,0.367534757765134,139.16666666666669
12526,0.367534757765134,139.17777777777778
12527,0.367534757765134,139.1888888888889
12528,0.367534757765134,139.20000000000002
12529,0.367534757765134,139.2111111111111
12530,0.367534757765134,139.22222222222223
12531,0.367534757765134,139.23333333333335
12532,0.367534757765134,139.24444444444444
12533,0.367534757765134,139.25555555555556
12534,0.367534757765134,139.26666666666668
12535,0.367534757765134,139.27777777777777
12536,0.367534757765134,139.2888888888889
12537,0.367534757765134,139.3
12538,0.367534757765134,139.3111111111111
12539,0.367534757765134,139.32222222222222
12540,0.367534757765134,139.33333333333334
12541,0.367534757765134,139.34444444444446
12542,0.367534757765134,139.35555555555555
12543,0.367534757765134,139.36666666666667
12544,0.367534757765134,139.3777777777778
12545,0.367534757765134,139.38888888888889
12546,0.367534757765134,139.4
12547,0.367534757765134,139.41111111111113
12548,0.367534757765134,139.42222222222222
12549,0.367534757765134,139.43333333333334
12550,0.367534757765134,139.44444444444446
12551,0.367534757765134,139.45555555555555
12552,0.367534757765134,139.46666666666667
12553,0.367534757765134,139.4777777777778
12554,0.367534757765134,139.48888888888888
12555,0.367534757765134,139.5
12556,0.367534757765134,139.51111111111112
12557,0.367534757765134,139.52222222222224
12558,0.367534757765134,139.53333333333333
12559,0.367534757765134,139.54444444444445
12560,0.367534757765134,139.55555555555557
12561,0.367534757765134,139.56666666666666
12562,0.367534757765134,139.57777777777778
12563,0.367534757765134,139.5888888888889
12564,0.367534757765134,139.6
12565,0.367534757765134,139.61111111111111
12566,0.367534757765134,139.62222222222223
12567,0.367534757765134,139.63333333333333
12568,0.367534757765134,139.64444444444445
12569,0.367534757765134,139.65555555555557
12570,0.367534757765134,139.66666666666669
12571,0.367534757765134,139.67777777777778
12572,0.367534757765134,139.6888888888889
12573,0.367534757765134,139.70000000000002
12574,0.367534757765134,139.7111111111111
12575,0.367534757765134,139.72222222222223
12576,0.367534757765134,139.73333333333335
12577,0.367534757765134,139.74444444444444
12578,0.367534757765134,139.75555555555556
12579,0.367534757765134,139.76666666666668
12580,0.367534757765134,139.77777777777777
12581,0.367534757765134,139.7888888888889
12582,0.367534757765134,139.8
12583,0.367534757765134,139.8111111111111
12584,0.367534757765134,139.82222222222222
12585,0.367534757765134,139.83333333333334
12586,0.367534757765134,139.84444444444446
12587,0.367534757765134,139.85555555555555
12588,0.367534757765134,139.86666666666667
12589,0.367534757765134,139.8777777777778
12590,0.367534757765134,139.88888888888889
12591,0.367534757765134,139.9
12592,0.367534757765134,139.91111111111113
12593,0.367534757765134,139.92222222222222
12594,0.367534757765134,139.93333333333334
12595,0.367534757765134,139.94444444444446
12596,0.367534757765134,139.95555555555555
12597,0.367534757765134,139.96666666666667
12598,0.367534757765134,139.9777777777778
12599,0.367534757765134,139.98888888888888
12600,0.367534757765134,140.0
12601,0.367534757765134,140.01111111111112
12602,0.367534757765134,140.02222222222224
12603,0.367534757765134,140.03333333333333
12604,0.367534757765134,140.04444444444445
12605,0.367534757765134,140.05555555555557
12606,0.367534757765134,140.06666666666666
12607,0.367534757765134,140.07777777777778
12608,0.367534757765134,140.0888888888889
12609,0.367534757765134,140.1
12610,0.367534757765134,140.11111111111111
12611,0.367534757765134,140.12222222222223
12612,0.367534757765134,140.13333333333333
12613,0.367534757765134,140.14444444444445
12614,0.367534757765134,140.15555555555557
12615,0.367534757765134,140.16666666666669
12616,0.367534757765134,140.17777777777778
12617,0.367534757765134,140.1888888888889
12618,0.367534757765134,140.20000000000002
12619,0.367534757765134,140.2111111111111
12620,0.367534757765134,140.22222222222223
12621,0.367534757765134,140.23333333333335
12622,0.367534757765134,140.24444444444444
12623,0.367534757765134,140.25555555555556
12624,0.367534757765134,140.26666666666668
12625,0.367534757765134,140.27777777777777
12626,0.367534757765134,140.2888888888889
12627,0.367534757765134,140.3
12628,0.367534757765134,140.3111111111111
12629,0.367534757765134,140.32222222222222
12630,0.367534757765134,140.33333333333334
12631,0.367534757765134,140.34444444444446
12632,0.367534757765134,140.35555555555555
12633,0.367534757765134,140.36666666666667
12634,0.367534757765134,140.3777777777778
12635,0.367534757765134,140.38888888888889
12636,0.367534757765134,140.4
12637,0.367534757765134,140.41111111111113
12638,0.367534757765134,140.42222222222222
12639,0.367534757765134,140.43333333333334
12640,0.367534757765134,140.44444444444446
12641,0.367534757765134,140.45555555555555
12642,0.367534757765134,140.46666666666667
12643,0.367534757765134,140.4777777777778
12644,0.367534757765134,140.48888888888888
12645,0.367534757765134,140.5
12646,0.367534757765134,140.51111111111112
12647,0.367534757765134,140.52222222222224
12648,0.367534757765134,140.53333333333333
12649,0.367534757765134,140.54444444444445
12650,0.367534757765134,140.55555555555557
12651,0.367534757765134,140.56666666666666
12652,0.367534757765134,140.57777777777778
12653,0.367534757765134,140.5888888888889
12654,0.367534757765134,140.6
12655,0.367534757765134,140.61111111111111
12656,0.367534757765134,140.62222222222223
12657,0.367534757765134,140.63333333333333
12658,0.367534757765134,140.64444444444445
12659,0.367534757765134,140.65555555555557
12660,0.367534757765134,140.66666666666669
12661,0.367534757765134,140.67777777777778
12662,0.367534757765134,140.6888888888889
12663,0.367534757765134,140.70000000000002
12664,0.367534757765134,140.7111111111111
12665,0.367534757765134,140.72222222222223
12666,0.367534757765134,140.73333333333335
12667,0.367534757765134,140.74444444444444
12668,0.36815659030563186,140.75555555555556
12669,0.36940025538662447,140.76666666666668
12670,0.36940025538662447,140.77777777777777
12671,0.36940025538662447,140.7888888888889
12672,0.36940025538662447,140.8
12673,0.36940025538662447,140.8111111111111
12674,0.36940025538662447,140.82222222222222
12675,0.36940025538662447,140.83333333333334
12676,0.36940025538662447,140.84444444444446
12677,0.36940025538662447,140.85555555555555
12678,0.36940025538662447,140.86666666666667
12679,0.36940025538662447,140.8777777777778
12680,0.36940025538662447,140.88888888888889
12681,0.36940025538662447,140.9
12682,0.36940025538662447,140.91111111111113
12683,0.36940025538662447,140.92222222222222
12684,0.36940025538662447,140.93333333333334
12685,0.36940025538662447,140.94444444444446
12686,0.36940025538662447,140.95555555555555
12687,0.36940025538662447,140.96666666666667
12688,0.36940025538662447,140.9777777777778
12689,0.36940025538662447,140.9888888888889
12690,0.36940025538662447,141.0
12691,0.36940025538662447,141.01111111111112
12692,0.36940025538662447,141.02222222222224
12693,0.36940025538662447,141.03333333333333
12694,0.36940025538662447,141.04444444444445
12695,0.36940025538662447,141.05555555555557
12696,0.36940025538662447,141.06666666666666
12697,0.36940025538662447,141.07777777777778
12698,0.36940025538662447,141.0888888888889
12699,0.36940025538662447,141.1
12700,0.36940025538662447,141.11111111111111
12701,0.36940025538662447,141.12222222222223
12702,0.36940025538662447,141.13333333333333
12703,0.36940025538662447,141.14444444444445
12704,0.36940025538662447,141.15555555555557
12705,0.36940025538662447,141.16666666666669
12706,0.36940025538662447,141.17777777777778
12707,0.36940025538662447,141.1888888888889
12708,0.36940025538662447,141.20000000000002
12709,0.36940025538662447,141.2111111111111
12710,0.36940025538662447,141.22222222222223
12711,0.36940025538662447,141.23333333333335
12712,0.36940025538662447,141.24444444444444
12713,0.36940025538662447,141.25555555555556
12714,0.36940025538662447,141.26666666666668
12715,0.36940025538662447,141.27777777777777
12716,0.36940025538662447,141.2888888888889
12717,0.36940025538662447,141.3
12718,0.36940025538662447,141.3111111111111
12719,0.36940025538662447,141.32222222222222
12720,0.36940025538662447,141.33333333333334
12721,0.36940025538662447,141.34444444444446
12722,0.36940025538662447,141.35555555555555
12723,0.36940025538662447,141.36666666666667
12724,0.36940025538662447,141.3777777777778
12725,0.36940025538662447,141.38888888888889
12726,0.36940025538662447,141.4
12727,0.36940025538662447,141.41111111111113
12728,0.36940025538662447,141.42222222222222
12729,0.36940025538662447,141.43333333333334
12730,0.36940025538662447,141.44444444444446
12731,0.36940025538662447,141.45555555555555
12732,0.36940025538662447,141.46666666666667
12733,0.36940025538662447,141.4777777777778
12734,0.36940025538662447,141.4888888888889
12735,0.36940025538662447,141.5
12736,0.36940025538662447,141.51111111111112
12737,0.36940025538662447,141.52222222222224
12738,0.36940025538662447,141.53333333333333
12739,0.36940025538662447,141.54444444444445
12740,0.36940025538662447,141.55555555555557
12741,0.36940025538662447,141.56666666666666
12742,0.36940025538662447,141.57777777777778
12743,0.36940025538662447,141.5888888888889
12744,0.36940025538662447,141.6
12745,0.36940025538662447,141.61111111111111
12746,0.36940025538662447,141.62222222222223
12747,0.36940025538662447,141.63333333333333
12748,0.36940025538662447,141.64444444444445
12749,0.36940025538662447,141.65555555555557
12750,0.36940025538662447,141.66666666666669
12751,0.36940025538662447,141.67777777777778
12752,0.36940025538662447,141.6888888888889
12753,0.36940025538662447,141.70000000000002
12754,0.36940025538662447,141.7111111111111
12755,0.36940025538662447,141.72222222222223
12756,0.36940025538662447,141.73333333333335
12757,0.36940025538662447,141.74444444444444
12758,0.36940025538662447,141.75555555555556
12759,0.36940025538662447,141.76666666666668
12760,0.36940025538662447,141.77777777777777
12761,0.36940025538662447,141.7888888888889
12762,0.36940025538662447,141.8
12763,0.36940025538662447,141.8111111111111
12764,0.36815659030563064,141.82222222222222
12765,0.365669260143643,141.83333333333334
12766,0.365669260143643,141.84444444444446
12767,0.365669260143643,141.85555555555555
12768,0.365669260143643,141.86666666666667
12769,0.365669260143643,141.8777777777778
12770,0.3650474276031463,141.88888888888889
12771,0.36380376252215296,141.9
12772,0.36380376252215296,141.91111111111113
12773,0.36380376252215296,141.92222222222222
12774,0.36380376252215296,141.93333333333334
12775,0.36380376252215296,141.94444444444446
12776,0.36380376252215296,141.95555555555555
12777,0.36380376252215296,141.96666666666667
12778,0.36380376252215296,141.9777777777778
12779,0.36380376252215296,141.9888888888889
12780,0.36380376252215296,142.0
12781,0.36380376252215296,142.01111111111112
12782,0.36380376252215296,142.02222222222224
12783,0.36380376252215296,142.03333333333333
12784,0.36380376252215296,142.04444444444445
12785,0.36380376252215296,142.05555555555557
12786,0.36380376252215296,142.06666666666666
12787,0.36380376252215296,142.07777777777778
12788,0.36380376252215296,142.0888888888889
12789,0.36380376252215296,142.1
12790,0.36380376252215296,142.11111111111111
12791,0.36380376252215296,142.12222222222223
12792,0.36380376252215296,142.13333333333333
12793,0.36380376252215296,142.14444444444445
12794,0.36380376252215296,142.15555555555557
12795,0.36380376252215296,142.16666666666669
12796,0.36380376252215296,142.17777777777778
12797,0.36380376252215296,142.1888888888889
12798,0.36380376252215296,142.20000000000002
12799,0.36380376252215296,142.2111111111111
12800,0.36380376252215296,142.22222222222223
12801,0.36380376252215296,142.23333333333335
12802,0.36380376252215296,142.24444444444444
12803,0.36380376252215296,142.25555555555556
12804,0.36380376252215296,142.26666666666668
12805,0.36380376252215296,142.27777777777777
12806,0.36380376252215296,142.2888888888889
12807,0.36380376252215296,142.3
12808,0.36380376252215296,142.3111111111111
12809,0.36380376252215296,142.32222222222222
12810,0.36380376252215296,142.33333333333334
12811,0.36380376252215296,142.34444444444446
12812,0.36380376252215296,142.35555555555555
12813,0.36380376252215296,142.36666666666667
12814,0.36380376252215296,142.3777777777778
12815,0.36380376252215296,142.38888888888889
12816,0.36380376252215296,142.4
12817,0.36380376252215296,142.41111111111113
12818,0.36380376252215296,142.42222222222222
12819,0.36380376252215296,142.43333333333334
12820,0.36380376252215296,142.44444444444446
12821,0.36380376252215296,142.45555555555555
12822,0.36380376252215296,142.46666666666667
12823,0.36380376252215296,142.4777777777778
12824,0.36380376252215296,142.4888888888889
12825,0.36380376252215296,142.5
12826,0.36380376252215296,142.51111111111112
12827,0.36380376252215296,142.52222222222224
12828,0.36380376252215296,142.53333333333333
12829,0.36380376252215296,142.54444444444445
12830,0.36380376252215296,142.55555555555557
12831,0.36380376252215296,142.56666666666666
12832,0.36380376252215296,142.57777777777778
12833,0.36380376252215296,142.5888888888889
12834,0.36380376252215296,142.6
12835,0.36380376252215296,142.61111111111111
12836,0.36380376252215296,142.62222222222223
12837,0.36380376252215296,142.63333333333333
12838,0.36380376252215296,142.64444444444445
12839,0.36380376252215296,142.65555555555557
12840,0.36380376252215296,142.66666666666669
12841,0.36380376252215296,142.67777777777778
12842,0.36380376252215296,142.6888888888889
12843,0.36380376252215296,142.70000000000002
12844,0.36380376252215296,142.7111111111111
12845,0.36380376252215296,142.72222222222223
12846,0.36380376252215296,142.73333333333335
12847,0.36380376252215296,142.74444444444444
12848,0.36380376252215296,142.75555555555556
12849,0.36380376252215296,142.76666666666668
12850,0.36380376252215296,142.77777777777777
12851,0.36380376252215296,142.7888888888889
12852,0.36380376252215296,142.8
12853,0.36380376252215296,142.8111111111111
12854,0.36380376252215296,142.82222222222222
12855,0.36380376252215296,142.83333333333334
12856,0.36380376252215296,142.84444444444446
12857,0.36380376252215296,142.85555555555555
12858,0.36380376252215296,142.86666666666667
12859,0.36380376252215296,142.8777777777778
12860,0.36380376252215296,142.88888888888889
12861,0.36380376252215296,142.9
12862,0.36380376252215296,142.91111111111113
12863,0.36380376252215296,142.92222222222222
12864,0.36380376252215296,142.93333333333334
12865,0.36380376252215296,142.94444444444446
12866,0.36380376252215296,142.95555555555555
12867,0.36380376252215296,142.96666666666667
12868,0.36380376252215296,142.9777777777778
12869,0.36380376252215296,142.9888888888889
12870,0.36380376252215296,143.0
12871,0.36380376252215296,143.01111111111112
12872,0.36380376252215296,143.02222222222224
12873,0.36380376252215296,143.03333333333333
12874,0.36380376252215296,143.04444444444445
12875,0.36380376252215296,143.05555555555557
12876,0.36380376252215296,143.06666666666666
12877,0.36380376252215296,143.07777777777778
12878,0.36380376252215296,143.0888888888889
12879,0.36380376252215296,143.1
12880,0.36380376252215296,143.11111111111111
12881,0.36380376252215296,143.12222222222223
12882,0.36380376252215296,143.13333333333333
12883,0.36380376252215296,143.14444444444445
12884,0.36380376252215296,143.15555555555557
12885,0.36380376252215296,143.16666666666669
12886,0.36380376252215296,143.17777777777778
12887,0.36380376252215296,143.1888888888889
12888,0.36380376252215296,143.20000000000002
12889,0.36380376252215296,143.2111111111111
12890,0.36380376252215296,143.22222222222223
12891,0.36380376252215296,143.23333333333335
12892,0.36380376252215296,143.24444444444444
12893,0.36380376252215296,143.25555555555556
12894,0.36380376252215296,143.26666666666668
12895,0.36380376252215296,143.27777777777777
12896,0.36380376252215296,143.2888888888889
12897,0.36380376252215296,143.3
12898,0.36380376252215296,143.3111111111111
12899,0.36380376252215296,143.32222222222222
12900,0.36380376252215296,143.33333333333334
12901,0.36380376252215296,143.34444444444446
12902,0.36380376252215296,143.35555555555555
12903,0.36380376252215296,143.36666666666667
12904,0.36380376252215296,143.3777777777778
12905,0.36380376252215296,143.38888888888889
12906,0.36380376252215296,143.4
12907,0.36380376252215296,143.41111111111113
12908,0.36380376252215296,143.42222222222222
12909,0.36380376252215296,143.43333333333334
12910,0.36380376252215296,143.44444444444446
12911,0.36380376252215296,143.45555555555555
12912,0.36380376252215296,143.46666666666667
12913,0.36380376252215296,143.4777777777778
12914,0.36380376252215296,143.4888888888889
12915,0.36380376252215296,143.5
12916,0.36380376252215296,143.51111111111112
12917,0.36380376252215296,143.52222222222224
12918,0.36380376252215296,143.53333333333333
12919,0.36380376252215296,143.54444444444445
12920,0.36380376252215296,143.55555555555557
12921,0.36380376252215296,143.56666666666666
12922,0.36380376252215296,143.57777777777778
12923,0.36380376252215296,143.5888888888889
12924,0.36380376252215296,143.6
12925,0.36380376252215296,143.61111111111111
12926,0.36380376252215296,143.62222222222223
12927,0.36380376252215296,143.63333333333333
12928,0.36380376252215296,143.64444444444445
12929,0.36380376252215296,143.65555555555557
12930,0.36380376252215296,143.66666666666669
12931,0.36380376252215296,143.67777777777778
12932,0.36380376252215296,143.6888888888889
12933,0.36380376252215296,143.70000000000002
12934,0.36380376252215296,143.7111111111111
12935,0.36380376252215296,143.72222222222223
12936,0.36380376252215296,143.73333333333335
12937,0.36380376252215296,143.74444444444444
12938,0.36380376252215296,143.75555555555556
12939,0.36380376252215296,143.76666666666668
12940,0.36380376252215296,143.77777777777777
12941,0.36380376252215296,143.7888888888889
12942,0.36380376252215296,143.8
12943,0.36380376252215296,143.8111111111111
12944,0.36380376252215296,143.82222222222222
12945,0.36380376252215296,143.83333333333334
12946,0.36380376252215296,143.84444444444446
12947,0.36380376252215296,143.85555555555555
12948,0.36380376252215296,143.86666666666667
12949,0.36380376252215296,143.8777777777778
12950,0.36380376252215296,143.88888888888889
12951,0.36380376252215296,143.9
12952,0.36380376252215296,143.91111111111113
12953,0.36380376252215296,143.92222222222222
12954,0.36380376252215296,143.93333333333334
12955,0.36380376252215296,143.94444444444446
12956,0.36380376252215296,143.95555555555555
12957,0.36380376252215296,143.96666666666667
12958,0.36380376252215296,143.9777777777778
12959,0.36380376252215296,143.9888888888889
12960,0.36380376252215296,144.0
12961,0.36380376252215296,144.01111111111112
12962,0.36380376252215296,144.02222222222224
12963,0.36380376252215296,144.03333333333333
12964,0.36380376252215296,144.04444444444445
12965,0.36380376252215296,144.05555555555557
12966,0.36380376252215296,144.06666666666666
12967,0.36380376252215296,144.07777777777778
12968,0.36380376252215296,144.0888888888889
12969,0.36380376252215296,144.1
12970,0.36380376252215296,144.11111111111111
12971,0.36380376252215296,144.12222222222223
12972,0.36380376252215296,144.13333333333333
12973,0.36380376252215296,144.14444444444445
12974,0.36380376252215296,144.15555555555557
12975,0.36380376252215296,144.16666666666669
12976,0.36380376252215296,144.17777777777778
12977,0.36380376252215296,144.1888888888889
12978,0.36380376252215296,144.20000000000002
12979,0.36380376252215296,144.2111111111111
12980,0.36380376252215296,144.22222222222223
12981,0.36380376252215296,144.23333333333335
12982,0.36380376252215296,144.24444444444444
12983,0.36380376252215296,144.25555555555556
12984,0.36380376252215296,144.26666666666668
12985,0.36380376252215296,144.27777777777777
12986,0.36380376252215296,144.2888888888889
12987,0.36380376252215296,144.3
12988,0.36380376252215296,144.3111111111111
12989,0.36380376252215296,144.32222222222222
12990,0.36380376252215296,144.33333333333334
12991,0.36380376252215296,144.34444444444446
12992,0.36380376252215296,144.35555555555555
12993,0.36380376252215296,144.36666666666667
12994,0.36380376252215296,144.3777777777778
12995,0.36380376252215296,144.38888888888889
12996,0.36380376252215296,144.4
12997,0.36380376252215296,144.41111111111113
12998,0.36380376252215296,144.42222222222222
12999,0.36380376252215296,144.43333333333334
13000,0.36380376252215296,144.44444444444446
13001,0.36380376252215296,144.45555555555555
13002,0.36380376252215296,144.46666666666667
13003,0.36380376252215296,144.4777777777778
13004,0.36380376252215296,144.4888888888889
13005,0.36380376252215296,144.5
13006,0.36380376252215296,144.51111111111112
13007,0.36380376252215296,144.52222222222224
13008,0.36380376252215296,144.53333333333333
13009,0.36380376252215296,144.54444444444445
13010,0.36380376252215296,144.55555555555557
13011,0.36380376252215296,144.56666666666666
13012,0.36380376252215296,144.57777777777778
13013,0.36380376252215296,144.5888888888889
13014,0.36380376252215296,144.6
13015,0.36380376252215296,144.61111111111111
13016,0.36380376252215296,144.62222222222223
13017,0.36380376252215296,144.63333333333333
13018,0.36380376252215296,144.64444444444445
13019,0.36380376252215296,144.65555555555557
13020,0.36380376252215296,144.66666666666669
13021,0.36380376252215296,144.67777777777778
13022,0.36380376252215296,144.6888888888889
13023,0.36380376252215296,144.70000000000002
13024,0.36380376252215296,144.7111111111111
13025,0.36380376252215296,144.72222222222223
13026,0.36380376252215296,144.73333333333335
13027,0.36380376252215296,144.74444444444444
13028,0.36380376252215296,144.75555555555556
13029,0.36380376252215296,144.76666666666668
13030,0.36380376252215296,144.77777777777777
13031,0.36380376252215296,144.7888888888889
13032,0.36380376252215296,144.8
13033,0.36380376252215296,144.8111111111111
13034,0.36380376252215296,144.82222222222222
13035,0.36380376252215296,144.83333333333334
13036,0.36380376252215296,144.84444444444446
13037,0.36380376252215296,144.85555555555555
13038,0.36380376252215296,144.86666666666667
13039,0.36380376252215296,144.8777777777778
13040,0.36380376252215296,144.88888888888889
13041,0.36380376252215296,144.9
13042,0.36380376252215296,144.91111111111113
13043,0.36380376252215296,144.92222222222222
13044,0.36380376252215296,144.93333333333334
13045,0.36380376252215296,144.94444444444446
13046,0.36380376252215296,144.95555555555555
13047,0.36380376252215296,144.96666666666667
13048,0.36380376252215296,144.9777777777778
13049,0.36380376252215296,144.9888888888889
13050,0.36380376252215296,145.0
13051,0.36380376252215296,145.01111111111112
13052,0.36380376252215296,145.02222222222224
13053,0.36380376252215296,145.03333333333333
13054,0.36380376252215296,145.04444444444445
13055,0.36380376252215296,145.05555555555557
13056,0.36380376252215296,145.06666666666666
13057,0.36380376252215296,145.07777777777778
13058,0.36380376252215296,145.0888888888889
13059,0.36380376252215296,145.1
13060,0.36380376252215296,145.11111111111111
13061,0.36380376252215296,145.12222222222223
13062,0.36380376252215296,145.13333333333333
13063,0.36380376252215296,145.14444444444445
13064,0.36380376252215296,145.15555555555557
13065,0.36380376252215296,145.16666666666669
13066,0.36380376252215296,145.17777777777778
13067,0.36380376252215296,145.1888888888889
13068,0.36380376252215296,145.20000000000002
13069,0.36380376252215296,145.2111111111111
13070,0.36380376252215296,145.22222222222223
13071,0.36380376252215296,145.23333333333335
13072,0.36380376252215296,145.24444444444444
13073,0.36380376252215296,145.25555555555556
13074,0.36380376252215296,145.26666666666668
13075,0.36380376252215296,145.27777777777777
13076,0.36380376252215296,145.2888888888889
13077,0.36380376252215296,145.3
13078,0.36380376252215296,145.3111111111111
13079,0.36380376252215296,145.32222222222222
13080,0.36380376252215296,145.33333333333334
13081,0.36380376252215296,145.34444444444446
13082,0.36380376252215296,145.35555555555555
13083,0.36380376252215296,145.36666666666667
13084,0.36380376252215296,145.3777777777778
13085,0.36380376252215296,145.38888888888889
13086,0.36380376252215296,145.4
13087,0.36380376252215296,145.41111111111113
13088,0.36380376252215296,145.42222222222222
13089,0.36380376252215296,145.43333333333334
13090,0.36380376252215296,145.44444444444446
13091,0.36380376252215296,145.45555555555555
13092,0.36380376252215296,145.46666666666667
13093,0.36380376252215296,145.4777777777778
13094,0.36380376252215296,145.4888888888889
13095,0.36380376252215296,145.5
13096,0.36380376252215296,145.51111111111112
13097,0.36380376252215296,145.52222222222224
13098,0.36380376252215296,145.53333333333333
13099,0.36380376252215296,145.54444444444445
13100,0.36380376252215296,145.55555555555557
13101,0.36380376252215296,145.56666666666666
13102,0.36380376252215296,145.57777777777778
13103,0.36380376252215296,145.5888888888889
13104,0.36380376252215296,145.6
13105,0.36380376252215296,145.61111111111111
13106,0.36380376252215296,145.62222222222223
13107,0.36380376252215296,145.63333333333333
13108,0.36380376252215296,145.64444444444445
13109,0.36380376252215296,145.65555555555557
13110,0.36380376252215296,145.66666666666669
13111,0.36380376252215296,145.67777777777778
13112,0.36380376252215296,145.6888888888889
13113,0.36380376252215296,145.70000000000002
13114,0.36380376252215296,145.7111111111111
13115,0.36380376252215296,145.72222222222223
13116,0.36380376252215296,145.73333333333335
13117,0.36380376252215296,145.74444444444444
13118,0.36380376252215296,145.75555555555556
13119,0.36380376252215296,145.76666666666668
13120,0.36380376252215296,145.77777777777777
13121,0.36380376252215296,145.7888888888889
13122,0.36380376252215296,145.8
13123,0.36380376252215296,145.8111111111111
13124,0.36380376252215296,145.82222222222222
13125,0.36380376252215296,145.83333333333334
13126,0.36380376252215296,145.84444444444446
13127,0.36380376252215296,145.85555555555555
13128,0.36380376252215296,145.86666666666667
13129,0.36380376252215296,145.8777777777778
13130,0.36380376252215296,145.88888888888889
13131,0.36380376252215296,145.9
13132,0.36380376252215296,145.91111111111113
13133,0.36380376252215296,145.92222222222222
13134,0.36380376252215296,145.93333333333334
13135,0.36380376252215296,145.94444444444446
13136,0.36380376252215296,145.95555555555555
13137,0.36380376252215296,145.96666666666667
13138,0.36380376252215296,145.9777777777778
13139,0.36380376252215296,145.9888888888889
13140,0.36380376252215296,146.0
13141,0.36380376252215296,146.01111111111112
13142,0.36380376252215296,146.02222222222224
13143,0.36380376252215296,146.03333333333333
13144,0.36380376252215296,146.04444444444445
13145,0.36380376252215296,146.05555555555557
13146,0.36380376252215296,146.06666666666666
13147,0.36380376252215296,146.07777777777778
13148,0.36380376252215296,146.0888888888889
13149,0.36380376252215296,146.1
13150,0.36380376252215296,146.11111111111111
13151,0.36380376252215296,146.12222222222223
13152,0.36380376252215296,146.13333333333333
13153,0.36380376252215296,146.14444444444445
13154,0.36380376252215296,146.15555555555557
13155,0.36380376252215296,146.16666666666669
13156,0.36380376252215296,146.17777777777778
13157,0.36380376252215296,146.1888888888889
13158,0.36380376252215296,146.20000000000002
13159,0.36380376252215296,146.2111111111111
13160,0.36380376252215296,146.22222222222223
13161,0.36380376252215296,146.23333333333335
13162,0.36380376252215296,146.24444444444444
13163,0.36380376252215296,146.25555555555556
13164,0.36380376252215296,146.26666666666668
13165,0.36380376252215296,146.27777777777777
13166,0.36380376252215296,146.2888888888889
13167,0.36380376252215296,146.3
13168,0.36380376252215296,146.3111111111111
13169,0.36380376252215296,146.32222222222222
13170,0.36380376252215296,146.33333333333334
13171,0.36380376252215296,146.34444444444446
13172,0.36380376252215296,146.35555555555555
13173,0.36380376252215296,146.36666666666667
13174,0.36380376252215296,146.3777777777778
13175,0.36380376252215296,146.38888888888889
13176,0.36380376252215296,146.4
13177,0.36380376252215296,146.41111111111113
13178,0.36380376252215296,146.42222222222222
13179,0.36380376252215296,146.43333333333334
13180,0.36380376252215296,146.44444444444446
13181,0.36380376252215296,146.45555555555555
13182,0.36380376252215296,146.46666666666667
13183,0.36380376252215296,146.4777777777778
13184,0.36380376252215296,146.4888888888889
13185,0.36380376252215296,146.5
13186,0.36380376252215296,146.51111111111112
13187,0.36380376252215296,146.52222222222224
13188,0.36380376252215296,146.53333333333333
13189,0.36380376252215296,146.54444444444445
13190,0.36380376252215296,146.55555555555557
13191,0.36380376252215296,146.56666666666666
13192,0.36380376252215296,146.57777777777778
13193,0.36380376252215296,146.5888888888889
13194,0.36380376252215296,146.6
13195,0.36380376252215296,146.61111111111111
13196,0.36380376252215296,146.62222222222223
13197,0.36380376252215296,146.63333333333333
13198,0.36380376252215296,146.64444444444445
13199,0.36380376252215296,146.65555555555557
13200,0.36380376252215296,146.66666666666669
13201,0.36380376252215296,146.67777777777778
13202,0.36380376252215296,146.6888888888889
13203,0.36380376252215296,146.70000000000002
13204,0.36380376252215296,146.7111111111111
13205,0.36380376252215296,146.72222222222223
13206,0.36380376252215296,146.73333333333335
13207,0.36380376252215296,146.74444444444444
13208,0.36380376252215296,146.75555555555556
13209,0.36380376252215296,146.76666666666668
13210,0.36380376252215296,146.77777777777777
13211,0.36380376252215296,146.7888888888889
13212,0.36380376252215296,146.8
13213,0.36380376252215296,146.8111111111111
13214,0.36380376252215296,146.82222222222222
13215,0.36380376252215296,146.83333333333334
13216,0.36380376252215296,146.84444444444446
13217,0.36380376252215296,146.85555555555555
13218,0.36380376252215296,146.86666666666667
13219,0.36380376252215296,146.8777777777778
13220,0.36380376252215296,146.88888888888889
13221,0.36380376252215296,146.9
13222,0.36380376252215296,146.91111111111113
13223,0.36380376252215296,146.92222222222222
13224,0.36380376252215296,146.93333333333334
13225,0.36380376252215296,146.94444444444446
13226,0.36380376252215296,146.95555555555555
13227,0.36380376252215296,146.96666666666667
13228,0.36380376252215296,146.9777777777778
13229,0.36380376252215296,146.9888888888889
13230,0.36380376252215296,147.0
13231,0.36380376252215296,147.01111111111112
13232,0.36380376252215296,147.02222222222224
13233,0.36380376252215296,147.03333333333333
13234,0.36380376252215296,147.04444444444445
13235,0.36380376252215296,147.05555555555557
13236,0.36380376252215296,147.06666666666666
13237,0.36380376252215296,147.07777777777778
13238,0.36380376252215296,147.0888888888889
13239,0.36380376252215296,147.1
13240,0.36380376252215296,147.11111111111111
13241,0.36380376252215296,147.12222222222223
13242,0.36380376252215296,147.13333333333333
13243,0.36380376252215296,147.14444444444445
13244,0.36380376252215296,147.15555555555557
13245,0.36380376252215296,147.16666666666669
13246,0.36380376252215296,147.17777777777778
13247,0.36380376252215296,147.1888888888889
13248,0.36380376252215296,147.20000000000002
13249,0.36380376252215296,147.2111111111111
13250,0.36380376252215296,147.22222222222223
13251,0.36380376252215296,147.23333333333335
13252,0.36380376252215296,147.24444444444444
13253,0.36380376252215296,147.25555555555556
13254,0.36380376252215296,147.26666666666668
13255,0.36380376252215296,147.27777777777777
13256,0.36380376252215296,147.2888888888889
13257,0.36380376252215296,147.3
13258,0.36380376252215296,147.3111111111111
13259,0.36380376252215296,147.32222222222222
13260,0.36380376252215296,147.33333333333334
13261,0.36380376252215296,147.34444444444446
13262,0.36380376252215296,147.35555555555555
13263,0.36380376252215296,147.36666666666667
13264,0.36380376252215296,147.3777777777778
13265,0.36380376252215296,147.38888888888889
13266,0.36380376252215296,147.4
13267,0.36380376252215296,147.41111111111113
13268,0.36380376252215296,147.42222222222222
13269,0.36380376252215296,147.43333333333334
13270,0.36380376252215296,147.44444444444446
13271,0.36380376252215296,147.45555555555555
13272,0.36380376252215296,147.46666666666667
13273,0.36380376252215296,147.4777777777778
13274,0.36380376252215296,147.4888888888889
13275,0.36380376252215296,147.5
13276,0.36380376252215296,147.51111111111112
13277,0.36380376252215296,147.52222222222224
13278,0.36380376252215296,147.53333333333333
13279,0.36380376252215296,147.54444444444445
13280,0.36380376252215296,147.55555555555557
13281,0.36380376252215296,147.56666666666666
13282,0.36380376252215296,147.57777777777778
13283,0.36380376252215296,147.5888888888889
13284,0.36380376252215296,147.6
13285,0.36380376252215296,147.61111111111111
13286,0.36380376252215296,147.62222222222223
13287,0.36380376252215296,147.63333333333333
13288,0.36380376252215296,147.64444444444445
13289,0.36380376252215296,147.65555555555557
13290,0.36380376252215296,147.66666666666669
13291,0.36380376252215296,147.67777777777778
13292,0.36380376252215296,147.6888888888889
13293,0.36380376252215296,147.70000000000002
13294,0.36380376252215296,147.7111111111111
13295,0.36380376252215296,147.72222222222223
13296,0.36380376252215296,147.73333333333335
13297,0.36380376252215296,147.74444444444444
13298,0.36380376252215296,147.75555555555556
13299,0.36380376252215296,147.76666666666668
13300,0.36380376252215296,147.77777777777777
13301,0.36380376252215296,147.7888888888889
13302,0.36380376252215296,147.8
13303,0.36380376252215296,147.8111111111111
13304,0.36380376252215296,147.82222222222222
13305,0.36380376252215296,147.83333333333334
13306,0.36380376252215296,147.84444444444446
13307,0.36380376252215296,147.85555555555555
13308,0.36380376252215296,147.86666666666667
13309,0.36380376252215296,147.8777777777778
13310,0.36380376252215296,147.88888888888889
13311,0.36380376252215296,147.9
13312,0.36380376252215296,147.91111111111113
13313,0.36380376252215296,147.92222222222222
13314,0.36380376252215296,147.93333333333334
13315,0.36380376252215296,147.94444444444446
13316,0.36380376252215296,147.95555555555555
13317,0.36380376252215296,147.96666666666667
13318,0.36380376252215296,147.9777777777778
13319,0.36380376252215296,147.9888888888889
13320,0.36380376252215296,148.0
13321,0.36380376252215296,148.01111111111112
13322,0.36380376252215296,148.02222222222224
13323,0.36380376252215296,148.03333333333333
13324,0.36380376252215296,148.04444444444445
13325,0.36380376252215296,148.05555555555557
13326,0.36380376252215296,148.06666666666666
13327,0.36380376252215296,148.07777777777778
13328,0.36380376252215296,148.0888888888889
13329,0.36380376252215296,148.1
13330,0.36380376252215296,148.11111111111111
13331,0.36380376252215296,148.12222222222223
13332,0.36380376252215296,148.13333333333333
13333,0.36380376252215296,148.14444444444445
13334,0.36380376252215296,148.15555555555557
13335,0.36380376252215296,148.16666666666669
13336,0.36380376252215296,148.17777777777778
13337,0.36380376252215296,148.1888888888889
13338,0.36380376252215296,148.20000000000002
13339,0.36380376252215296,148.2111111111111
13340,0.36380376252215296,148.22222222222223
13341,0.36380376252215296,148.23333333333335
13342,0.36380376252215296,148.24444444444444
13343,0.36380376252215296,148.25555555555556
13344,0.36380376252215296,148.26666666666668
13345,0.36380376252215296,148.27777777777777
13346,0.36380376252215296,148.2888888888889
13347,0.36380376252215296,148.3
13348,0.36380376252215296,148.3111111111111
13349,0.36380376252215296,148.32222222222222
13350,0.36380376252215296,148.33333333333334
13351,0.36380376252215296,148.34444444444446
13352,0.36380376252215296,148.35555555555555
13353,0.36380376252215296,148.36666666666667
13354,0.36380376252215296,148.3777777777778
13355,0.36380376252215296,148.38888888888889
13356,0.36380376252215296,148.4
13357,0.36380376252215296,148.41111111111113
13358,0.36380376252215296,148.42222222222222
13359,0.36380376252215296,148.43333333333334
13360,0.36380376252215296,148.44444444444446
13361,0.36380376252215296,148.45555555555555
13362,0.36380376252215296,148.46666666666667
13363,0.36380376252215296,148.4777777777778
13364,0.36380376252215296,148.4888888888889
13365,0.36380376252215296,148.5
13366,0.36380376252215296,148.51111111111112
13367,0.36380376252215296,148.52222222222224
13368,0.36380376252215296,148.53333333333333
13369,0.36380376252215296,148.54444444444445
13370,0.36380376252215296,148.55555555555557
13371,0.36380376252215296,148.56666666666666
13372,0.36380376252215296,148.57777777777778
13373,0.36380376252215296,148.5888888888889
13374,0.36380376252215296,148.6
13375,0.36380376252215296,148.61111111111111
13376,0.36380376252215296,148.62222222222223
13377,0.36380376252215296,148.63333333333333
13378,0.36380376252215296,148.64444444444445
13379,0.36380376252215296,148.65555555555557
13380,0.36380376252215296,148.66666666666669
13381,0.36380376252215296,148.67777777777778
13382,0.36380376252215296,148.6888888888889
13383,0.36380376252215296,148.70000000000002
13384,0.36380376252215296,148.7111111111111
13385,0.36380376252215296,148.72222222222223
13386,0.36380376252215296,148.73333333333335
13387,0.36380376252215296,148.74444444444444
13388,0.36380376252215296,148.75555555555556
13389,0.36380376252215296,148.76666666666668
13390,0.36380376252215296,148.77777777777777
13391,0.36380376252215296,148.7888888888889
13392,0.36380376252215296,148.8
13393,0.36380376252215296,148.8111111111111
13394,0.36380376252215296,148.82222222222222
13395,0.36380376252215296,148.83333333333334
13396,0.36380376252215296,148.84444444444446
13397,0.36380376252215296,148.85555555555555
13398,0.36380376252215296,148.86666666666667
13399,0.36380376252215296,148.8777777777778
13400,0.36380376252215296,148.88888888888889
13401,0.36380376252215296,148.9
13402,0.36380376252215296,148.91111111111113
13403,0.36380376252215296,148.92222222222222
13404,0.36380376252215296,148.93333333333334
13405,0.36380376252215296,148.94444444444446
13406,0.36380376252215296,148.95555555555555
13407,0.36380376252215296,148.96666666666667
13408,0.36380376252215296,148.9777777777778
13409,0.36380376252215296,148.9888888888889
13410,0.36380376252215296,149.0
13411,0.36380376252215296,149.01111111111112
13412,0.36380376252215296,149.02222222222224
13413,0.36380376252215296,149.03333333333333
13414,0.36380376252215296,149.04444444444445
13415,0.36380376252215296,149.05555555555557
13416,0.36380376252215296,149.06666666666666
13417,0.36380376252215296,149.07777777777778
13418,0.36380376252215296,149.0888888888889
13419,0.36380376252215296,149.1
13420,0.36380376252215296,149.11111111111111
13421,0.36380376252215296,149.12222222222223
13422,0.36380376252215296,149.13333333333333
13423,0.36380376252215296,149.14444444444445
13424,0.36380376252215296,149.15555555555557
13425,0.36380376252215296,149.16666666666669
13426,0.36380376252215296,149.17777777777778
13427,0.36380376252215296,149.1888888888889
13428,0.36380376252215296,149.20000000000002
13429,0.36380376252215296,149.2111111111111
13430,0.36380376252215296,149.22222222222223
13431,0.36380376252215296,149.23333333333335
13432,0.36380376252215296,149.24444444444444
13433,0.36380376252215296,149.25555555555556
13434,0.36380376252215296,149.26666666666668
13435,0.36380376252215296,149.27777777777777
13436,0.36380376252215296,149.2888888888889
13437,0.36380376252215296,149.3
13438,0.36380376252215296,149.3111111111111
13439,0.36380376252215296,149.32222222222222
13440,0.36380376252215296,149.33333333333334
13441,0.36380376252215296,149.34444444444446
13442,0.36380376252215296,149.35555555555555
13443,0.36380376252215296,149.36666666666667
13444,0.36380376252215296,149.3777777777778
13445,0.36380376252215296,149.38888888888889
13446,0.36380376252215296,149.4
13447,0.36380376252215296,149.41111111111113
13448,0.36380376252215296,149.42222222222222
13449,0.36380376252215296,149.43333333333334
13450,0.36380376252215296,149.44444444444446
13451,0.36380376252215296,149.45555555555555
13452,0.36380376252215296,149.46666666666667
13453,0.36380376252215296,149.4777777777778
13454,0.36380376252215296,149.4888888888889
13455,0.36380376252215296,149.5
13456,0.36380376252215296,149.51111111111112
13457,0.36380376252215296,149.52222222222224
13458,0.36380376252215296,149.53333333333333
13459,0.36380376252215296,149.54444444444445
13460,0.36380376252215296,149.55555555555557
13461,0.36380376252215296,149.56666666666666
13462,0.36380376252215296,149.57777777777778
13463,0.36380376252215296,149.5888888888889
13464,0.36380376252215296,149.6
13465,0.36380376252215296,149.61111111111111
13466,0.36380376252215296,149.62222222222223
13467,0.36380376252215296,149.63333333333333
13468,0.36380376252215296,149.64444444444445
13469,0.36380376252215296,149.65555555555557
13470,0.36380376252215296,149.66666666666669
13471,0.36380376252215296,149.67777777777778
13472,0.36380376252215296,149.6888888888889
13473,0.36380376252215296,149.70000000000002
13474,0.36380376252215296,149.7111111111111
13475,0.36380376252215296,149.72222222222223
13476,0.36380376252215296,149.73333333333335
13477,0.36380376252215296,149.74444444444444
13478,0.36380376252215296,149.75555555555556
13479,0.36380376252215296,149.76666666666668
13480,0.36380376252215296,149.77777777777777
13481,0.36380376252215296,149.7888888888889
13482,0.36380376252215296,149.8
13483,0.36380376252215296,149.8111111111111
13484,0.36380376252215296,149.82222222222222
13485,0.36380376252215296,149.83333333333334
13486,0.36380376252215296,149.84444444444446
13487,0.36380376252215296,149.85555555555555
13488,0.36380376252215296,149.86666666666667
13489,0.36380376252215296,149.8777777777778
13490,0.36380376252215296,149.88888888888889
13491,0.36380376252215296,149.9
13492,0.36380376252215296,149.91111111111113
13493,0.36380376252215296,149.92222222222222
13494,0.36380376252215296,149.93333333333334
13495,0.36380376252215296,149.94444444444446
13496,0.36380376252215296,149.95555555555555
13497,0.36380376252215296,149.96666666666667
13498,0.36380376252215296,149.9777777777778
13499,0.36380376252215296,149.9888888888889
13500,0.36380376252215296,150.0
13501,0.36380376252215296,150.01111111111112
13502,0.36380376252215296,150.02222222222224
13503,0.36380376252215296,150.03333333333333
13504,0.36380376252215296,150.04444444444445
13505,0.36380376252215296,150.05555555555557
13506,0.36380376252215296,150.06666666666666
13507,0.36380376252215296,150.07777777777778
13508,0.36380376252215296,150.0888888888889
13509,0.36380376252215296,150.1
13510,0.36380376252215296,150.11111111111111
13511,0.36380376252215296,150.12222222222223
13512,0.36380376252215296,150.13333333333333
13513,0.36380376252215296,150.14444444444445
13514,0.36380376252215296,150.15555555555557
13515,0.36380376252215296,150.16666666666669
13516,0.36380376252215296,150.17777777777778
13517,0.36380376252215296,150.1888888888889
13518,0.36380376252215296,150.20000000000002
13519,0.36380376252215296,150.2111111111111
13520,0.36380376252215296,150.22222222222223
13521,0.36380376252215296,150.23333333333335
13522,0.36380376252215296,150.24444444444444
13523,0.36380376252215296,150.25555555555556
13524,0.36380376252215296,150.26666666666668
13525,0.36380376252215296,150.27777777777777
13526,0.36380376252215296,150.2888888888889
13527,0.36380376252215296,150.3
13528,0.36380376252215296,150.3111111111111
13529,0.36380376252215296,150.32222222222222
13530,0.36380376252215296,150.33333333333334
13531,0.36380376252215296,150.34444444444446
13532,0.36380376252215296,150.35555555555555
13533,0.36380376252215296,150.36666666666667
13534,0.36380376252215296,150.3777777777778
13535,0.36380376252215296,150.38888888888889
13536,0.36380376252215296,150.4
13537,0.36380376252215296,150.41111111111113
13538,0.36380376252215296,150.42222222222222
13539,0.36380376252215296,150.43333333333334
13540,0.36380376252215296,150.44444444444446
13541,0.36380376252215296,150.45555555555555
13542,0.36380376252215296,150.46666666666667
13543,0.36380376252215296,150.4777777777778
13544,0.36380376252215296,150.4888888888889
13545,0.36380376252215296,150.5
13546,0.36380376252215296,150.51111111111112
13547,0.36380376252215296,150.52222222222224
13548,0.36380376252215296,150.53333333333333
13549,0.36380376252215296,150.54444444444445
13550,0.36380376252215296,150.55555555555557
13551,0.36380376252215296,150.56666666666666
13552,0.36380376252215296,150.57777777777778
13553,0.36380376252215296,150.5888888888889
13554,0.36380376252215296,150.6
13555,0.36380376252215296,150.61111111111111
13556,0.36380376252215296,150.62222222222223
13557,0.36380376252215296,150.63333333333333
13558,0.36380376252215296,150.64444444444445
13559,0.36380376252215296,150.65555555555557
13560,0.36380376252215296,150.66666666666669
13561,0.36380376252215296,150.67777777777778
13562,0.36380376252215296,150.6888888888889
13563,0.36380376252215296,150.70000000000002
13564,0.36380376252215296,150.7111111111111
13565,0.36380376252215296,150.72222222222223
13566,0.36380376252215296,150.73333333333335
13567,0.36380376252215296,150.74444444444444
13568,0.36380376252215296,150.75555555555556
13569,0.36380376252215296,150.76666666666668
13570,0.36380376252215296,150.77777777777777
13571,0.36380376252215296,150.7888888888889
13572,0.36380376252215296,150.8
13573,0.36380376252215296,150.8111111111111
13574,0.36380376252215296,150.82222222222222
13575,0.36380376252215296,150.83333333333334
13576,0.36380376252215296,150.84444444444446
13577,0.36380376252215296,150.85555555555555
13578,0.36380376252215296,150.86666666666667
13579,0.36380376252215296,150.8777777777778
13580,0.36380376252215296,150.88888888888889
13581,0.36380376252215296,150.9
13582,0.36380376252215296,150.91111111111113
13583,0.36380376252215296,150.92222222222222
13584,0.36380376252215296,150.93333333333334
13585,0.36380376252215296,150.94444444444446
13586,0.36380376252215296,150.95555555555555
13587,0.36380376252215296,150.96666666666667
13588,0.36380376252215296,150.9777777777778
13589,0.36380376252215296,150.9888888888889
13590,0.36380376252215296,151.0
13591,0.36380376252215296,151.01111111111112
13592,0.36380376252215296,151.02222222222224
13593,0.36380376252215296,151.03333333333333
13594,0.36380376252215296,151.04444444444445
13595,0.36380376252215296,151.05555555555557
13596,0.36380376252215296,151.06666666666666
13597,0.36380376252215296,151.07777777777778
13598,0.36380376252215296,151.0888888888889
13599,0.36380376252215296,151.1
13600,0.36380376252215296,151.11111111111111
13601,0.36380376252215296,151.12222222222223
13602,0.36380376252215296,151.13333333333333
13603,0.36380376252215296,151.14444444444445
13604,0.36380376252215296,151.15555555555557
13605,0.36380376252215296,151.16666666666669
13606,0.36380376252215296,151.17777777777778
13607,0.36380376252215296,151.1888888888889
13608,0.36380376252215296,151.20000000000002
13609,0.36380376252215296,151.2111111111111
13610,0.36380376252215296,151.22222222222223
13611,0.36380376252215296,151.23333333333335
13612,0.36380376252215296,151.24444444444444
13613,0.36380376252215296,151.25555555555556
13614,0.36380376252215296,151.26666666666668
13615,0.36380376252215296,151.27777777777777
13616,0.36380376252215296,151.2888888888889
13617,0.36380376252215296,151.3
13618,0.36380376252215296,151.3111111111111
13619,0.36380376252215296,151.32222222222222
13620,0.36380376252215296,151.33333333333334
13621,0.36380376252215296,151.34444444444446
13622,0.36380376252215296,151.35555555555555
13623,0.36380376252215296,151.36666666666667
13624,0.36380376252215296,151.3777777777778
13625,0.36380376252215296,151.38888888888889
13626,0.36380376252215296,151.4
13627,0.36380376252215296,151.41111111111113
13628,0.36380376252215296,151.42222222222222
13629,0.36380376252215296,151.43333333333334
13630,0.36380376252215296,151.44444444444446
13631,0.36380376252215296,151.45555555555555
13632,0.36380376252215296,151.46666666666667
13633,0.36380376252215296,151.4777777777778
13634,0.3619382649006529,151.4888888888889
13635,0.35820726965768146,151.5
13636,0.35820726965768146,151.51111111111112
13637,0.35758543711718127,151.52222222222224
13638,0.3563417720361905,151.53333333333333
13639,0.3563417720361905,151.54444444444445
13640,0.3557199394956926,151.55555555555557
13641,0.3544762744147,151.56666666666666
13642,0.3544762744147,151.57777777777778
13643,0.3538544418742021,151.5888888888889
13644,0.3526107767932095,151.6
13645,0.3526107767932095,151.61111111111111
13646,0.3526107767932095,151.62222222222223
13647,0.3526107767932095,151.63333333333333
13648,0.3526107767932095,151.64444444444445
13649,0.3526107767932095,151.65555555555557
13650,0.35261077679320635,151.66666666666669
13651,0.35136711171221585,151.67777777777778
13652,0.350745279171719,151.6888888888889
13653,0.350745279171719,151.70000000000002
13654,0.350745279171719,151.7111111111111
13655,0.350745279171719,151.72222222222223
13656,0.350745279171719,151.73333333333335
13657,0.350745279171719,151.74444444444444
13658,0.350745279171719,151.75555555555556
13659,0.350745279171719,151.76666666666668
13660,0.350745279171719,151.77777777777777
13661,0.350745279171719,151.7888888888889
13662,0.350745279171719,151.8
13663,0.3495016140907264,151.8111111111111
13664,0.3488797815502285,151.82222222222222
13665,0.3488797815502285,151.83333333333334
13666,0.3488797815502285,151.84444444444446
13667,0.3488797815502285,151.85555555555555
13668,0.3488797815502285,151.86666666666667
13669,0.3488797815502285,151.8777777777778
13670,0.3488797815502285,151.88888888888889
13671,0.3488797815502285,151.9
13672,0.3488797815502285,151.91111111111113
13673,0.3488797815502285,151.92222222222222
13674,0.3488797815502285,151.93333333333334
13675,0.3488797815502285,151.94444444444446
13676,0.3488797815502285,151.95555555555555
13677,0.3488797815502285,151.96666666666667
13678,0.3488797815502285,151.9777777777778
13679,0.3488797815502285,151.9888888888889
13680,0.3488797815502285,152.0
13681,0.3488797815502285,152.01111111111112
13682,0.3488797815502285,152.02222222222224
13683,0.3488797815502285,152.03333333333333
13684,0.3488797815502285,152.04444444444445
13685,0.3488797815502285,152.05555555555557
13686,0.3488797815502285,152.06666666666666
13687,0.3488797815502285,152.07777777777778
13688,0.3488797815502285,152.0888888888889
13689,0.3488797815502285,152.1
13690,0.3488797815502285,152.11111111111111
13691,0.3488797815502285,152.12222222222223
13692,0.3488797815502285,152.13333333333333
13693,0.3488797815502285,152.14444444444445
13694,0.3488797815502285,152.15555555555557
13695,0.3488797815502285,152.16666666666669
13696,0.3488797815502285,152.17777777777778
13697,0.3488797815502285,152.1888888888889
13698,0.3488797815502285,152.20000000000002
13699,0.3488797815502285,152.2111111111111
13700,0.3488797815502285,152.22222222222223
13701,0.3488797815502285,152.23333333333335
13702,0.3488797815502285,152.24444444444444
13703,0.3488797815502285,152.25555555555556
13704,0.3488797815502285,152.26666666666668
13705,0.3488797815502285,152.27777777777777
13706,0.3488797815502285,152.2888888888889
13707,0.3488797815502285,152.3
13708,0.3488797815502285,152.3111111111111
13709,0.3488797815502285,152.32222222222222
13710,0.3488797815502285,152.33333333333334
13711,0.3488797815502285,152.34444444444446
13712,0.3488797815502285,152.35555555555555
13713,0.3488797815502285,152.36666666666667
13714,0.3488797815502285,152.3777777777778
13715,0.3488797815502285,152.38888888888889
13716,0.3488797815502285,152.4
13717,0.3488797815502285,152.41111111111113
13718,0.3488797815502285,152.42222222222222
13719,0.3488797815502285,152.43333333333334
13720,0.3488797815502285,152.44444444444446
13721,0.3488797815502285,152.45555555555555
13722,0.3488797815502285,152.46666666666667
13723,0.3488797815502285,152.4777777777778
13724,0.3488797815502285,152.4888888888889
13725,0.3488797815502285,152.5
13726,0.3488797815502285,152.51111111111112
13727,0.3488797815502285,152.52222222222224
13728,0.3488797815502285,152.53333333333333
13729,0.3488797815502285,152.54444444444445
13730,0.3488797815502285,152.55555555555557
13731,0.3488797815502285,152.56666666666666
13732,0.3488797815502285,152.57777777777778
13733,0.3488797815502285,152.5888888888889
13734,0.3488797815502285,152.6
13735,0.3488797815502285,152.61111111111111
13736,0.3488797815502285,152.62222222222223
13737,0.3488797815502285,152.63333333333333
13738,0.3488797815502285,152.64444444444445
13739,0.3488797815502285,152.65555555555557
13740,0.3488797815502285,152.66666666666669
13741,0.3488797815502285,152.67777777777778
13742,0.3488797815502285,152.6888888888889
13743,0.3488797815502285,152.70000000000002
13744,0.3488797815502285,152.7111111111111
13745,0.3488797815502285,152.72222222222223
13746,0.3488797815502285,152.73333333333335
13747,0.3488797815502285,152.74444444444444
13748,0.3488797815502285,152.75555555555556
13749,0.3488797815502285,152.76666666666668
13750,0.3488797815502285,152.77777777777777
13751,0.3488797815502285,152.7888888888889
13752,0.3488797815502285,152.8
13753,0.3488797815502285,152.8111111111111
13754,0.3488797815502285,152.82222222222222
13755,0.3488797815502285,152.83333333333334
13756,0.3488797815502285,152.84444444444446
13757,0.3488797815502285,152.85555555555555
13758,0.3488797815502285,152.86666666666667
13759,0.3488797815502285,152.8777777777778
13760,0.3488797815502285,152.88888888888889
13761,0.3488797815502285,152.9
13762,0.3488797815502285,152.91111111111113
13763,0.3488797815502285,152.92222222222222
13764,0.3488797815502285,152.93333333333334
13765,0.3488797815502285,152.94444444444446
13766,0.3488797815502285,152.95555555555555
13767,0.3488797815502285,152.96666666666667
13768,0.3488797815502285,152.9777777777778
13769,0.3488797815502285,152.9888888888889
13770,0.3488797815502285,153.0
13771,0.3488797815502285,153.01111111111112
13772,0.3488797815502285,153.02222222222224
13773,0.3488797815502285,153.03333333333333
13774,0.3488797815502285,153.04444444444445
13775,0.3488797815502285,153.05555555555557
13776,0.3488797815502285,153.06666666666666
13777,0.3488797815502285,153.07777777777778
13778,0.3488797815502285,153.0888888888889
13779,0.3488797815502285,153.1
13780,0.3488797815502285,153.11111111111111
13781,0.3488797815502285,153.12222222222223
13782,0.3488797815502285,153.13333333333333
13783,0.3488797815502285,153.14444444444445
13784,0.3488797815502285,153.15555555555557
13785,0.3488797815502285,153.16666666666669
13786,0.3488797815502285,153.17777777777778
13787,0.3488797815502285,153.1888888888889
13788,0.3488797815502285,153.20000000000002
13789,0.3488797815502285,153.2111111111111
13790,0.3488797815502285,153.22222222222223
13791,0.3488797815502285,153.23333333333335
13792,0.3488797815502285,153.24444444444444
13793,0.3488797815502285,153.25555555555556
13794,0.3488797815502285,153.26666666666668
13795,0.3488797815502285,153.27777777777777
13796,0.3488797815502285,153.2888888888889
13797,0.3488797815502285,153.3
13798,0.3488797815502285,153.3111111111111
13799,0.3488797815502285,153.32222222222222
13800,0.3488797815502285,153.33333333333334
13801,0.3488797815502285,153.34444444444446
13802,0.3488797815502285,153.35555555555555
13803,0.3488797815502285,153.36666666666667
13804,0.3488797815502285,153.3777777777778
13805,0.3488797815502285,153.38888888888889
13806,0.3488797815502285,153.4
13807,0.3488797815502285,153.41111111111113
13808,0.3488797815502285,153.42222222222222
13809,0.3488797815502285,153.43333333333334
13810,0.3488797815502285,153.44444444444446
13811,0.3488797815502285,153.45555555555555
13812,0.3488797815502285,153.46666666666667
13813,0.3488797815502285,153.4777777777778
13814,0.3488797815502285,153.4888888888889
13815,0.3488797815502285,153.5
13816,0.3488797815502285,153.51111111111112
13817,0.3488797815502285,153.52222222222224
13818,0.3488797815502285,153.53333333333333
13819,0.3488797815502285,153.54444444444445
13820,0.3488797815502285,153.55555555555557
13821,0.3488797815502285,153.56666666666666
13822,0.3488797815502285,153.57777777777778
13823,0.3488797815502285,153.5888888888889
13824,0.3488797815502285,153.6
13825,0.3488797815502285,153.61111111111111
13826,0.3488797815502285,153.62222222222223
13827,0.3488797815502285,153.63333333333333
13828,0.3488797815502285,153.64444444444445
13829,0.3488797815502285,153.65555555555557
13830,0.3488797815502285,153.66666666666669
13831,0.3488797815502285,153.67777777777778
13832,0.3488797815502285,153.6888888888889
13833,0.3488797815502285,153.70000000000002
13834,0.3488797815502285,153.7111111111111
13835,0.3488797815502285,153.72222222222223
13836,0.3488797815502285,153.73333333333335
13837,0.3488797815502285,153.74444444444444
13838,0.3488797815502285,153.75555555555556
13839,0.3488797815502285,153.76666666666668
13840,0.3488797815502285,153.77777777777777
13841,0.3488797815502285,153.7888888888889
13842,0.3488797815502285,153.8
13843,0.3488797815502285,153.8111111111111
13844,0.3488797815502285,153.82222222222222
13845,0.3488797815502285,153.83333333333334
13846,0.3488797815502285,153.84444444444446
13847,0.3488797815502285,153.85555555555555
13848,0.3488797815502285,153.86666666666667
13849,0.3488797815502285,153.8777777777778
13850,0.3488797815502285,153.88888888888889
13851,0.3488797815502285,153.9
13852,0.3488797815502285,153.91111111111113
13853,0.3488797815502285,153.92222222222222
13854,0.3488797815502285,153.93333333333334
13855,0.3488797815502285,153.94444444444446
13856,0.3488797815502285,153.95555555555555
13857,0.3488797815502285,153.96666666666667
13858,0.3488797815502285,153.9777777777778
13859,0.3488797815502285,153.9888888888889
13860,0.3488797815502285,154.0
13861,0.3488797815502285,154.01111111111112
13862,0.3488797815502285,154.02222222222224
13863,0.3488797815502285,154.03333333333333
13864,0.3488797815502285,154.04444444444445
13865,0.3488797815502285,154.05555555555557
13866,0.3488797815502285,154.06666666666666
13867,0.3488797815502285,154.07777777777778
13868,0.3488797815502285,154.0888888888889
13869,0.3488797815502285,154.1
13870,0.3488797815502285,154.11111111111111
13871,0.3488797815502285,154.12222222222223
13872,0.3488797815502285,154.13333333333333
13873,0.3488797815502285,154.14444444444445
13874,0.3488797815502285,154.15555555555557
13875,0.3488797815502285,154.16666666666669
13876,0.3488797815502285,154.17777777777778
13877,0.3488797815502285,154.1888888888889
13878,0.3488797815502285,154.20000000000002
13879,0.3488797815502285,154.2111111111111
13880,0.3488797815502285,154.22222222222223
13881,0.3488797815502285,154.23333333333335
13882,0.3488797815502285,154.24444444444444
13883,0.3488797815502285,154.25555555555556
13884,0.3488797815502285,154.26666666666668
13885,0.3488797815502285,154.27777777777777
13886,0.3488797815502285,154.2888888888889
13887,0.3488797815502285,154.3
13888,0.3488797815502285,154.3111111111111
13889,0.3488797815502285,154.32222222222222
13890,0.3488797815502285,154.33333333333334
13891,0.3488797815502285,154.34444444444446
13892,0.3488797815502285,154.35555555555555
13893,0.3488797815502285,154.36666666666667
13894,0.3488797815502285,154.3777777777778
13895,0.3488797815502285,154.38888888888889
13896,0.3488797815502285,154.4
13897,0.3488797815502285,154.41111111111113
13898,0.3488797815502285,154.42222222222222
13899,0.3488797815502285,154.43333333333334
13900,0.3488797815502285,154.44444444444446
13901,0.3488797815502285,154.45555555555555
13902,0.3488797815502285,154.46666666666667
13903,0.3488797815502285,154.4777777777778
13904,0.3488797815502285,154.4888888888889
13905,0.3488797815502285,154.5
13906,0.3488797815502285,154.51111111111112
13907,0.3488797815502285,154.52222222222224
13908,0.3488797815502285,154.53333333333333
13909,0.3488797815502285,154.54444444444445
13910,0.3488797815502285,154.55555555555557
13911,0.3488797815502285,154.56666666666666
13912,0.3488797815502285,154.57777777777778
13913,0.3488797815502285,154.5888888888889
13914,0.3488797815502285,154.6
13915,0.3488797815502285,154.61111111111111
13916,0.3488797815502285,154.62222222222223
13917,0.3488797815502285,154.63333333333333
13918,0.3488797815502285,154.64444444444445
13919,0.3488797815502285,154.65555555555557
13920,0.3488797815502285,154.66666666666669
13921,0.3488797815502285,154.67777777777778
13922,0.3488797815502285,154.6888888888889
13923,0.3488797815502285,154.70000000000002
13924,0.3488797815502285,154.7111111111111
13925,0.3488797815502285,154.72222222222223
13926,0.3488797815502285,154.73333333333335
13927,0.3488797815502285,154.74444444444444
13928,0.3488797815502285,154.75555555555556
13929,0.3488797815502285,154.76666666666668
13930,0.3488797815502285,154.77777777777777
13931,0.3488797815502285,154.7888888888889
13932,0.3488797815502285,154.8
13933,0.3488797815502285,154.8111111111111
13934,0.3488797815502285,154.82222222222222
13935,0.3488797815502285,154.83333333333334
13936,0.3488797815502285,154.84444444444446
13937,0.3488797815502285,154.85555555555555
13938,0.3488797815502285,154.86666666666667
13939,0.3488797815502285,154.8777777777778
13940,0.3488797815502285,154.88888888888889
13941,0.3488797815502285,154.9
13942,0.3488797815502285,154.91111111111113
13943,0.3488797815502285,154.92222222222222
13944,0.3488797815502285,154.93333333333334
13945,0.3488797815502285,154.94444444444446
13946,0.3488797815502285,154.95555555555555
13947,0.3488797815502285,154.96666666666667
13948,0.3488797815502285,154.9777777777778
13949,0.3488797815502285,154.9888888888889
13950,0.3488797815502285,155.0
13951,0.3488797815502285,155.01111111111112
13952,0.3488797815502285,155.02222222222224
13953,0.3488797815502285,155.03333333333333
13954,0.3488797815502285,155.04444444444445
13955,0.3488797815502285,155.05555555555557
13956,0.3488797815502285,155.06666666666666
13957,0.3488797815502285,155.07777777777778
13958,0.3488797815502285,155.0888888888889
13959,0.3488797815502285,155.1
13960,0.3488797815502285,155.11111111111111
13961,0.3488797815502285,155.12222222222223
13962,0.3488797815502285,155.13333333333333
13963,0.3488797815502285,155.14444444444445
13964,0.3488797815502285,155.15555555555557
13965,0.3488797815502285,155.16666666666669
13966,0.3488797815502285,155.17777777777778
13967,0.3488797815502285,155.1888888888889
13968,0.3488797815502285,155.20000000000002
13969,0.3488797815502285,155.2111111111111
13970,0.3488797815502285,155.22222222222223
13971,0.3488797815502285,155.23333333333335
13972,0.3488797815502285,155.24444444444444
13973,0.3488797815502285,155.25555555555556
13974,0.3488797815502285,155.26666666666668
13975,0.3488797815502285,155.27777777777777
13976,0.3488797815502285,155.2888888888889
13977,0.3488797815502285,155.3
13978,0.3488797815502285,155.3111111111111
13979,0.3488797815502285,155.32222222222222
13980,0.3488797815502285,155.33333333333334
13981,0.3488797815502285,155.34444444444446
13982,0.3488797815502285,155.35555555555555
13983,0.3488797815502285,155.36666666666667
13984,0.3488797815502285,155.3777777777778
13985,0.3488797815502285,155.38888888888889
13986,0.3488797815502285,155.4
13987,0.3488797815502285,155.41111111111113
13988,0.3488797815502285,155.42222222222222
13989,0.3488797815502285,155.43333333333334
13990,0.3488797815502285,155.44444444444446
13991,0.3488797815502285,155.45555555555555
13992,0.3488797815502285,155.46666666666667
13993,0.3488797815502285,155.4777777777778
13994,0.3488797815502285,155.4888888888889
13995,0.3488797815502285,155.5
13996,0.3488797815502285,155.51111111111112
13997,0.3488797815502285,155.52222222222224
13998,0.3488797815502285,155.53333333333333
13999,0.3488797815502285,155.54444444444445
14000,0.3488797815502285,155.55555555555557
14001,0.3488797815502285,155.56666666666666
14002,0.3488797815502285,155.57777777777778
14003,0.3488797815502285,155.5888888888889
14004,0.3488797815502285,155.6
14005,0.3488797815502285,155.61111111111111
14006,0.3488797815502285,155.62222222222223
14007,0.3488797815502285,155.63333333333333
14008,0.3488797815502285,155.64444444444445
14009,0.3488797815502285,155.65555555555557
14010,0.3488797815502285,155.66666666666669
14011,0.3488797815502285,155.67777777777778
14012,0.3488797815502285,155.6888888888889
14013,0.3488797815502285,155.70000000000002
14014,0.3488797815502285,155.7111111111111
14015,0.3488797815502285,155.72222222222223
14016,0.3488797815502285,155.73333333333335
14017,0.3488797815502285,155.74444444444444
14018,0.3488797815502285,155.75555555555556
14019,0.3488797815502285,155.76666666666668
14020,0.3488797815502285,155.77777777777777
14021,0.3488797815502285,155.7888888888889
14022,0.3488797815502285,155.8
14023,0.3488797815502285,155.8111111111111
14024,0.3488797815502285,155.82222222222222
14025,0.3488797815502285,155.83333333333334
14026,0.3488797815502285,155.84444444444446
14027,0.3488797815502285,155.85555555555555
14028,0.3488797815502285,155.86666666666667
14029,0.3488797815502285,155.8777777777778
14030,0.3488797815502285,155.88888888888889
14031,0.3488797815502285,155.9
14032,0.3488797815502285,155.91111111111113
14033,0.3488797815502285,155.92222222222222
14034,0.3488797815502285,155.93333333333334
14035,0.3488797815502285,155.94444444444446
14036,0.3488797815502285,155.95555555555555
14037,0.3488797815502285,155.96666666666667
14038,0.3488797815502285,155.9777777777778
14039,0.3488797815502285,155.9888888888889
14040,0.3488797815502285,156.0
14041,0.3488797815502285,156.01111111111112
14042,0.3488797815502285,156.02222222222224
14043,0.3488797815502285,156.03333333333333
14044,0.3488797815502285,156.04444444444445
14045,0.3488797815502285,156.05555555555557
14046,0.3488797815502285,156.06666666666666
14047,0.3488797815502285,156.07777777777778
14048,0.3488797815502285,156.0888888888889
14049,0.3488797815502285,156.1
14050,0.3488797815502285,156.11111111111111
14051,0.3488797815502285,156.12222222222223
14052,0.3488797815502285,156.13333333333333
14053,0.3488797815502285,156.14444444444445
14054,0.3488797815502285,156.15555555555557
14055,0.3488797815502285,156.16666666666669
14056,0.3488797815502285,156.17777777777778
14057,0.3488797815502285,156.1888888888889
14058,0.3488797815502285,156.20000000000002
14059,0.3488797815502285,156.2111111111111
14060,0.3488797815502285,156.22222222222223
14061,0.3488797815502285,156.23333333333335
14062,0.3488797815502285,156.24444444444444
14063,0.3488797815502285,156.25555555555556
14064,0.3488797815502285,156.26666666666668
14065,0.3488797815502285,156.27777777777777
14066,0.3488797815502285,156.2888888888889
14067,0.3488797815502285,156.3
14068,0.3488797815502285,156.3111111111111
14069,0.3488797815502285,156.32222222222222
14070,0.3488797815502285,156.33333333333334
14071,0.3488797815502285,156.34444444444446
14072,0.3488797815502285,156.35555555555555
14073,0.3488797815502285,156.36666666666667
14074,0.3488797815502285,156.3777777777778
14075,0.3488797815502285,156.38888888888889
14076,0.3488797815502285,156.4
14077,0.3488797815502285,156.41111111111113
14078,0.3488797815502285,156.42222222222222
14079,0.3488797815502285,156.43333333333334
14080,0.3488797815502285,156.44444444444446
14081,0.3488797815502285,156.45555555555555
14082,0.3488797815502285,156.46666666666667
14083,0.3488797815502285,156.4777777777778
14084,0.3488797815502285,156.4888888888889
14085,0.3488797815502285,156.5
14086,0.3488797815502285,156.51111111111112
14087,0.3488797815502285,156.52222222222224
14088,0.3488797815502285,156.53333333333333
14089,0.3488797815502285,156.54444444444445
14090,0.3488797815502285,156.55555555555557
14091,0.3488797815502285,156.56666666666666
14092,0.3488797815502285,156.57777777777778
14093,0.3488797815502285,156.5888888888889
14094,0.3488797815502285,156.6
14095,0.3488797815502285,156.61111111111111
14096,0.3488797815502285,156.62222222222223
14097,0.3488797815502285,156.63333333333333
14098,0.3488797815502285,156.64444444444445
14099,0.3488797815502285,156.65555555555557
14100,0.3488797815502285,156.66666666666669
14101,0.3488797815502285,156.67777777777778
14102,0.3488797815502285,156.6888888888889
14103,0.3488797815502285,156.70000000000002
14104,0.3488797815502285,156.7111111111111
14105,0.3488797815502285,156.72222222222223
14106,0.3488797815502285,156.73333333333335
14107,0.3488797815502285,156.74444444444444
14108,0.3488797815502285,156.75555555555556
14109,0.3488797815502285,156.76666666666668
14110,0.3488797815502285,156.77777777777777
14111,0.3488797815502285,156.7888888888889
14112,0.3488797815502285,156.8
14113,0.3488797815502285,156.8111111111111
14114,0.3488797815502285,156.82222222222222
14115,0.3488797815502285,156.83333333333334
14116,0.3488797815502285,156.84444444444446
14117,0.3488797815502285,156.85555555555555
14118,0.3488797815502285,156.86666666666667
14119,0.3488797815502285,156.8777777777778
14120,0.3488797815502285,156.88888888888889
14121,0.3488797815502285,156.9
14122,0.3488797815502285,156.91111111111113
14123,0.3488797815502285,156.92222222222222
14124,0.3488797815502285,156.93333333333334
14125,0.3488797815502285,156.94444444444446
14126,0.3488797815502285,156.95555555555555
14127,0.3488797815502285,156.96666666666667
14128,0.3488797815502285,156.9777777777778
14129,0.3488797815502285,156.9888888888889
14130,0.3488797815502285,157.0
14131,0.3488797815502285,157.01111111111112
14132,0.3488797815502285,157.02222222222224
14133,0.3488797815502285,157.03333333333333
14134,0.3488797815502285,157.04444444444445
14135,0.3488797815502285,157.05555555555557
14136,0.3488797815502285,157.06666666666666
14137,0.3488797815502285,157.07777777777778
14138,0.3488797815502285,157.0888888888889
14139,0.3488797815502285,157.1
14140,0.3488797815502285,157.11111111111111
14141,0.3488797815502285,157.12222222222223
14142,0.3488797815502285,157.13333333333333
14143,0.3488797815502285,157.14444444444445
14144,0.3488797815502285,157.15555555555557
14145,0.3488797815502285,157.16666666666669
14146,0.3488797815502285,157.17777777777778
14147,0.3488797815502285,157.1888888888889
14148,0.3488797815502285,157.20000000000002
14149,0.3488797815502285,157.2111111111111
14150,0.3488797815502285,157.22222222222223
14151,0.3488797815502285,157.23333333333335
14152,0.3488797815502285,157.24444444444444
14153,0.3488797815502285,157.25555555555556
14154,0.3488797815502285,157.26666666666668
14155,0.3488797815502285,157.27777777777777
14156,0.3488797815502285,157.2888888888889
14157,0.3488797815502285,157.3
14158,0.3488797815502285,157.31111111111113
14159,0.3488797815502285,157.32222222222222
14160,0.3488797815502285,157.33333333333334
14161,0.3488797815502285,157.34444444444446
14162,0.3488797815502285,157.35555555555555
14163,0.3488797815502285,157.36666666666667
14164,0.3488797815502285,157.3777777777778
14165,0.3488797815502285,157.38888888888889
14166,0.3488797815502285,157.4
14167,0.3488797815502285,157.41111111111113
14168,0.3488797815502285,157.42222222222222
14169,0.3488797815502285,157.43333333333334
14170,0.3488797815502285,157.44444444444446
14171,0.3488797815502285,157.45555555555555
14172,0.3488797815502285,157.46666666666667
14173,0.3488797815502285,157.4777777777778
14174,0.3488797815502285,157.4888888888889
14175,0.3488797815502285,157.5
14176,0.3488797815502285,157.51111111111112
14177,0.3488797815502285,157.52222222222224
14178,0.3488797815502285,157.53333333333333
14179,0.3488797815502285,157.54444444444445
14180,0.3488797815502285,157.55555555555557
14181,0.3488797815502285,157.56666666666666
14182,0.3488797815502285,157.57777777777778
14183,0.3488797815502285,157.5888888888889
14184,0.3488797815502285,157.6
14185,0.3488797815502285,157.61111111111111
14186,0.3488797815502285,157.62222222222223
14187,0.3488797815502285,157.63333333333333
14188,0.3488797815502285,157.64444444444445
14189,0.3488797815502285,157.65555555555557
14190,0.3488797815502285,157.66666666666669
14191,0.3488797815502285,157.67777777777778
14192,0.3488797815502285,157.6888888888889
14193,0.3488797815502285,157.70000000000002
14194,0.3488797815502285,157.7111111111111
14195,0.3488797815502285,157.72222222222223
14196,0.3488797815502285,157.73333333333335
14197,0.3488797815502285,157.74444444444444
14198,0.3488797815502285,157.75555555555556
14199,0.3488797815502285,157.76666666666668
14200,0.3488797815502285,157.77777777777777
14201,0.3488797815502285,157.7888888888889
14202,0.3488797815502285,157.8
14203,0.3488797815502285,157.81111111111113
14204,0.3488797815502285,157.82222222222222
14205,0.3488797815502285,157.83333333333334
14206,0.3488797815502285,157.84444444444446
14207,0.3488797815502285,157.85555555555555
14208,0.3488797815502285,157.86666666666667
14209,0.3488797815502285,157.8777777777778
14210,0.3488797815502285,157.88888888888889
14211,0.3488797815502285,157.9
14212,0.3488797815502285,157.91111111111113
14213,0.3488797815502285,157.92222222222222
14214,0.3488797815502285,157.93333333333334
14215,0.3488797815502285,157.94444444444446
14216,0.3488797815502285,157.95555555555555
14217,0.3488797815502285,157.96666666666667
14218,0.3488797815502285,157.9777777777778
14219,0.3488797815502285,157.9888888888889
14220,0.3488797815502285,158.0
14221,0.3488797815502285,158.01111111111112
14222,0.3488797815502285,158.02222222222224
14223,0.3488797815502285,158.03333333333333
14224,0.3488797815502285,158.04444444444445
14225,0.3488797815502285,158.05555555555557
14226,0.3488797815502285,158.06666666666666
14227,0.3488797815502285,158.07777777777778
14228,0.3488797815502285,158.0888888888889
14229,0.3488797815502285,158.1
14230,0.3488797815502285,158.11111111111111
14231,0.3488797815502285,158.12222222222223
14232,0.3488797815502285,158.13333333333333
14233,0.3488797815502285,158.14444444444445
14234,0.3488797815502285,158.15555555555557
14235,0.3488797815502285,158.16666666666669
14236,0.3488797815502285,158.17777777777778
14237,0.3488797815502285,158.1888888888889
14238,0.3488797815502285,158.20000000000002
14239,0.3488797815502285,158.2111111111111
14240,0.3488797815502285,158.22222222222223
14241,0.3488797815502285,158.23333333333335
14242,0.3488797815502285,158.24444444444444
14243,0.3488797815502285,158.25555555555556
14244,0.3488797815502285,158.26666666666668
14245,0.3488797815502285,158.27777777777777
14246,0.3488797815502285,158.2888888888889
14247,0.3488797815502285,158.3
14248,0.3488797815502285,158.31111111111113
14249,0.3488797815502285,158.32222222222222
14250,0.3488797815502285,158.33333333333334
14251,0.3488797815502285,158.34444444444446
14252,0.3488797815502285,158.35555555555555
14253,0.3488797815502285,158.36666666666667
14254,0.3488797815502285,158.3777777777778
14255,0.3488797815502285,158.38888888888889
14256,0.3488797815502285,158.4
14257,0.3488797815502285,158.41111111111113
14258,0.3488797815502285,158.42222222222222
14259,0.3488797815502285,158.43333333333334
14260,0.3488797815502285,158.44444444444446
14261,0.3488797815502285,158.45555555555555
14262,0.3488797815502285,158.46666666666667
14263,0.3488797815502285,158.4777777777778
14264,0.3488797815502285,158.4888888888889
14265,0.3488797815502285,158.5
14266,0.3488797815502285,158.51111111111112
14267,0.3488797815502285,158.52222222222224
14268,0.3488797815502285,158.53333333333333
14269,0.3488797815502285,158.54444444444445
14270,0.3488797815502285,158.55555555555557
14271,0.3488797815502285,158.56666666666666
14272,0.3488797815502285,158.57777777777778
14273,0.3488797815502285,158.5888888888889
14274,0.3488797815502285,158.6
14275,0.3488797815502285,158.61111111111111
14276,0.3488797815502285,158.62222222222223
14277,0.3488797815502285,158.63333333333333
14278,0.3488797815502285,158.64444444444445
14279,0.3488797815502285,158.65555555555557
14280,0.3488797815502285,158.66666666666669
14281,0.3488797815502285,158.67777777777778
14282,0.3488797815502285,158.6888888888889
14283,0.3488797815502285,158.70000000000002
14284,0.3488797815502285,158.7111111111111
14285,0.3488797815502285,158.72222222222223
14286,0.3488797815502285,158.73333333333335
14287,0.3488797815502285,158.74444444444444
14288,0.3488797815502285,158.75555555555556
14289,0.3488797815502285,158.76666666666668
14290,0.3488797815502285,158.77777777777777
14291,0.3488797815502285,158.7888888888889
14292,0.3488797815502285,158.8
14293,0.3488797815502285,158.81111111111113
14294,0.3488797815502285,158.82222222222222
14295,0.3488797815502285,158.83333333333334
14296,0.3488797815502285,158.84444444444446
14297,0.3488797815502285,158.85555555555555
14298,0.3488797815502285,158.86666666666667
14299,0.3488797815502285,158.8777777777778
14300,0.3488797815502285,158.88888888888889
14301,0.3488797815502285,158.9
14302,0.3488797815502285,158.91111111111113
14303,0.3488797815502285,158.92222222222222
14304,0.3488797815502285,158.93333333333334
14305,0.3488797815502285,158.94444444444446
14306,0.3488797815502285,158.95555555555555
14307,0.3488797815502285,158.96666666666667
14308,0.3488797815502285,158.9777777777778
14309,0.3488797815502285,158.9888888888889
14310,0.3488797815502285,159.0
14311,0.3488797815502285,159.01111111111112
14312,0.3488797815502285,159.02222222222224
14313,0.3488797815502285,159.03333333333333
14314,0.3488797815502285,159.04444444444445
14315,0.3488797815502285,159.05555555555557
14316,0.3488797815502285,159.06666666666666
14317,0.3488797815502285,159.07777777777778
14318,0.3488797815502285,159.0888888888889
14319,0.3488797815502285,159.1
14320,0.3488797815502285,159.11111111111111
14321,0.3488797815502285,159.12222222222223
14322,0.3488797815502285,159.13333333333333
14323,0.3488797815502285,159.14444444444445
14324,0.3488797815502285,159.15555555555557
14325,0.3488797815502285,159.16666666666669
14326,0.3488797815502285,159.17777777777778
14327,0.3488797815502285,159.1888888888889
14328,0.3488797815502285,159.20000000000002
14329,0.3488797815502285,159.2111111111111
14330,0.3488797815502285,159.22222222222223
14331,0.3488797815502285,159.23333333333335
14332,0.3488797815502285,159.24444444444444
14333,0.3488797815502285,159.25555555555556
14334,0.3488797815502285,159.26666666666668
14335,0.3488797815502285,159.27777777777777
14336,0.3488797815502285,159.2888888888889
14337,0.3488797815502285,159.3
14338,0.3488797815502285,159.31111111111113
14339,0.3488797815502285,159.32222222222222
14340,0.3488797815502285,159.33333333333334
14341,0.3476361164692327,159.34444444444446
14342,0.347014283928738,159.35555555555555
14343,0.347014283928738,159.36666666666667
14344,0.347014283928738,159.3777777777778
14345,0.347014283928738,159.38888888888889
14346,0.347014283928738,159.4
14347,0.3457706188477422,159.41111111111113
14348,0.3451487863072475,159.42222222222222
14349,0.3451487863072475,159.43333333333334
14350,0.3451487863072475,159.44444444444446
14351,0.3451487863072475,159.45555555555555
14352,0.3451487863072475,159.46666666666667
14353,0.3451487863072475,159.4777777777778
14354,0.34390512122624745,159.4888888888889
14355,0.3414177910642665,159.5
14356,0.3414177910642665,159.51111111111112
14357,0.3414177910642665,159.52222222222224
14358,0.3414177910642665,159.53333333333333
14359,0.3414177910642665,159.54444444444445
14360,0.3414177910642665,159.55555555555557
14361,0.3414177910642665,159.56666666666666
14362,0.3414177910642665,159.57777777777778
14363,0.3401741259832707,159.5888888888889
14364,0.33768679582128547,159.6
14365,0.33768679582128547,159.61111111111111
14366,0.33768679582128547,159.62222222222223
14367,0.33768679582128547,159.63333333333333
14368,0.33768679582128547,159.64444444444445
14369,0.33768679582128547,159.65555555555557
14370,0.33768679582128547,159.66666666666669
14371,0.33768679582128547,159.67777777777778
14372,0.33768679582128547,159.6888888888889
14373,0.33768679582128547,159.70000000000002
14374,0.33768679582128547,159.7111111111111
14375,0.33768679582128547,159.72222222222223
14376,0.33768679582128547,159.73333333333335
14377,0.33768679582128547,159.74444444444444
14378,0.33768679582128547,159.75555555555556
14379,0.33768679582128547,159.76666666666668
14380,0.33768679582128547,159.77777777777777
14381,0.33768679582128547,159.7888888888889
14382,0.33768679582128547,159.8
14383,0.33768679582128547,159.81111111111113
14384,0.33768679582128547,159.82222222222222
14385,0.33768679582128547,159.83333333333334
14386,0.33768679582128547,159.84444444444446
14387,0.33768679582128547,159.85555555555555
14388,0.33768679582128547,159.86666666666667
14389,0.33768679582128547,159.8777777777778
14390,0.33768679582128547,159.88888888888889
14391,0.33768679582128547,159.9
14392,0.33768679582128547,159.91111111111113
14393,0.33768679582128547,159.92222222222222
14394,0.33768679582128547,159.93333333333334
14395,0.33768679582128547,159.94444444444446
14396,0.33768679582128547,159.95555555555555
14397,0.33768679582128547,159.96666666666667
14398,0.33768679582128547,159.9777777777778
14399,0.33768679582128547,159.9888888888889
14400,0.33768679582128547,160.0
14401,0.33768679582128547,160.01111111111112
14402,0.33768679582128547,160.02222222222224
14403,0.33768679582128547,160.03333333333333
14404,0.33768679582128547,160.04444444444445
14405,0.33768679582128547,160.05555555555557
14406,0.33768679582128547,160.06666666666666
14407,0.33768679582128547,160.07777777777778
14408,0.33768679582128547,160.0888888888889
14409,0.33768679582128547,160.1
14410,0.33768679582128547,160.11111111111111
14411,0.33768679582128547,160.12222222222223
14412,0.33768679582128547,160.13333333333333
14413,0.33768679582128547,160.14444444444445
14414,0.33768679582128547,160.15555555555557
14415,0.33768679582128547,160.16666666666669
14416,0.33768679582128547,160.17777777777778
14417,0.33768679582128547,160.1888888888889
14418,0.33768679582128547,160.20000000000002
14419,0.33768679582128547,160.2111111111111
14420,0.33768679582128547,160.22222222222223
14421,0.33768679582128547,160.23333333333335
14422,0.33768679582128547,160.24444444444444
14423,0.33768679582128547,160.25555555555556
14424,0.33768679582128547,160.26666666666668
14425,0.33768679582128547,160.27777777777777
14426,0.33768679582128547,160.2888888888889
14427,0.33768679582128547,160.3
14428,0.33768679582128547,160.31111111111113
14429,0.33768679582128547,160.32222222222222
14430,0.33768679582128547,160.33333333333334
14431,0.33768679582128547,160.34444444444446
14432,0.33768679582128547,160.35555555555555
14433,0.33768679582128547,160.36666666666667
14434,0.33768679582128547,160.3777777777778
14435,0.33768679582128547,160.38888888888889
14436,0.33768679582128547,160.4
14437,0.33768679582128547,160.41111111111113
14438,0.33768679582128547,160.42222222222222
14439,0.33768679582128547,160.43333333333334
14440,0.33768679582128547,160.44444444444446
14441,0.33768679582128547,160.45555555555555
14442,0.33768679582128547,160.46666666666667
14443,0.33768679582128547,160.4777777777778
14444,0.33768679582128547,160.4888888888889
14445,0.33768679582128547,160.5
14446,0.33768679582128547,160.51111111111112
14447,0.33768679582128547,160.52222222222224
14448,0.33768679582128547,160.53333333333333
14449,0.33768679582128547,160.54444444444445
14450,0.33768679582128547,160.55555555555557
14451,0.33768679582128547,160.56666666666666
14452,0.33768679582128547,160.57777777777778
14453,0.33768679582128547,160.5888888888889
14454,0.33768679582128547,160.6
14455,0.33768679582128547,160.61111111111111
14456,0.33768679582128547,160.62222222222223
14457,0.33768679582128547,160.63333333333333
14458,0.33768679582128547,160.64444444444445
14459,0.33768679582128547,160.65555555555557
14460,0.33768679582128547,160.66666666666669
14461,0.33768679582128547,160.67777777777778
14462,0.33768679582128547,160.6888888888889
14463,0.33768679582128547,160.70000000000002
14464,0.33768679582128547,160.7111111111111
14465,0.33768679582128547,160.72222222222223
14466,0.33768679582128547,160.73333333333335
14467,0.33768679582128547,160.74444444444444
14468,0.33768679582128547,160.75555555555556
14469,0.33768679582128547,160.76666666666668
14470,0.33768679582128547,160.77777777777777
14471,0.33768679582128547,160.7888888888889
14472,0.33768679582128547,160.8
14473,0.33768679582128547,160.81111111111113
14474,0.33768679582128547,160.82222222222222
14475,0.33768679582128547,160.83333333333334
14476,0.33768679582128547,160.84444444444446
14477,0.33768679582128547,160.85555555555555
14478,0.33768679582128547,160.86666666666667
14479,0.33768679582128547,160.8777777777778
14480,0.33768679582128547,160.88888888888889
14481,0.33768679582128547,160.9
14482,0.33768679582128547,160.91111111111113
14483,0.33768679582128547,160.92222222222222
14484,0.33768679582128547,160.93333333333334
14485,0.33768679582128547,160.94444444444446
14486,0.33768679582128547,160.95555555555555
14487,0.33768679582128547,160.96666666666667
14488,0.33768679582128547,160.9777777777778
14489,0.33768679582128547,160.9888888888889
14490,0.33768679582128547,161.0
14491,0.33768679582128547,161.01111111111112
14492,0.33768679582128547,161.02222222222224
14493,0.33768679582128547,161.03333333333333
14494,0.33768679582128547,161.04444444444445
14495,0.33768679582128547,161.05555555555557
14496,0.33768679582128547,161.06666666666666
14497,0.33768679582128547,161.07777777777778
14498,0.33768679582128547,161.0888888888889
14499,0.33768679582128547,161.1
14500,0.33768679582128547,161.11111111111111
14501,0.33768679582128547,161.12222222222223
14502,0.33768679582128547,161.13333333333333
14503,0.33768679582128547,161.14444444444445
14504,0.33768679582128547,161.15555555555557
14505,0.33768679582128547,161.16666666666669
14506,0.33768679582128547,161.17777777777778
14507,0.33768679582128547,161.1888888888889
14508,0.33768679582128547,161.20000000000002
14509,0.33768679582128547,161.2111111111111
14510,0.33768679582128547,161.22222222222223
14511,0.33768679582128547,161.23333333333335
14512,0.33768679582128547,161.24444444444444
14513,0.33768679582128547,161.25555555555556
14514,0.33768679582128547,161.26666666666668
14515,0.33768679582128547,161.27777777777777
14516,0.33768679582128547,161.2888888888889
14517,0.33768679582128547,161.3
14518,0.33768679582128547,161.31111111111113
14519,0.33768679582128547,161.32222222222222
14520,0.33768679582128547,161.33333333333334
14521,0.33768679582128547,161.34444444444446
14522,0.33768679582128547,161.35555555555555
14523,0.33768679582128547,161.36666666666667
14524,0.33768679582128547,161.3777777777778
14525,0.33768679582128547,161.38888888888889
14526,0.33768679582128547,161.4
14527,0.33768679582128547,161.41111111111113
14528,0.33768679582128547,161.42222222222222
14529,0.33768679582128547,161.43333333333334
14530,0.33768679582128547,161.44444444444446
14531,0.33768679582128547,161.45555555555555
14532,0.33768679582128547,161.46666666666667
14533,0.33768679582128547,161.4777777777778
14534,0.33768679582128547,161.4888888888889
14535,0.33768679582128547,161.5
14536,0.33768679582128547,161.51111111111112
14537,0.33768679582128547,161.52222222222224
14538,0.33768679582128547,161.53333333333333
14539,0.33768679582128547,161.54444444444445
14540,0.33768679582128547,161.55555555555557
14541,0.33768679582128547,161.56666666666666
14542,0.33768679582128547,161.57777777777778
14543,0.33768679582128547,161.5888888888889
14544,0.33768679582128547,161.6
14545,0.33768679582128547,161.61111111111111
14546,0.33768679582128547,161.62222222222223
14547,0.33768679582128547,161.63333333333333
14548,0.33768679582128547,161.64444444444445
14549,0.33768679582128547,161.65555555555557
14550,0.33768679582128547,161.66666666666669
14551,0.33768679582128547,161.67777777777778
14552,0.33768679582128547,161.6888888888889
14553,0.33768679582128547,161.70000000000002
14554,0.33768679582128547,161.7111111111111
14555,0.33768679582128547,161.72222222222223
14556,0.33768679582128547,161.73333333333335
14557,0.33768679582128547,161.74444444444444
14558,0.33768679582128547,161.75555555555556
14559,0.33768679582128547,161.76666666666668
14560,0.33768679582128547,161.77777777777777
14561,0.33768679582128547,161.7888888888889
14562,0.33768679582128547,161.8
14563,0.33768679582128547,161.81111111111113
14564,0.33768679582128547,161.82222222222222
14565,0.33768679582128547,161.83333333333334
14566,0.33768679582128547,161.84444444444446
14567,0.33768679582128547,161.85555555555555
14568,0.33768679582128547,161.86666666666667
14569,0.33768679582128547,161.8777777777778
14570,0.33768679582128547,161.88888888888889
14571,0.33768679582128547,161.9
14572,0.33768679582128547,161.91111111111113
14573,0.33768679582128547,161.92222222222222
14574,0.33768679582128547,161.93333333333334
14575,0.33768679582128547,161.94444444444446
14576,0.33768679582128547,161.95555555555555
14577,0.33768679582128547,161.96666666666667
14578,0.33768679582128547,161.9777777777778
14579,0.33768679582128547,161.9888888888889
14580,0.33768679582128547,162.0
14581,0.33768679582128547,162.01111111111112
14582,0.33768679582128547,162.02222222222224
14583,0.33768679582128547,162.03333333333333
14584,0.33768679582128547,162.04444444444445
14585,0.33768679582128547,162.05555555555557
14586,0.33768679582128547,162.06666666666666
14587,0.33768679582128547,162.07777777777778
14588,0.33768679582128547,162.0888888888889
14589,0.33768679582128547,162.1
14590,0.33768679582128547,162.11111111111111
14591,0.33768679582128547,162.12222222222223
14592,0.33768679582128547,162.13333333333333
14593,0.33768679582128547,162.14444444444445
14594,0.33768679582128547,162.15555555555557
14595,0.33768679582128547,162.16666666666669
14596,0.33768679582128547,162.17777777777778
14597,0.33768679582128547,162.1888888888889
14598,0.33768679582128547,162.20000000000002
14599,0.33768679582128547,162.2111111111111
14600,0.33768679582128547,162.22222222222223
14601,0.33768679582128547,162.23333333333335
14602,0.33768679582128547,162.24444444444444
14603,0.33768679582128547,162.25555555555556
14604,0.33768679582128547,162.26666666666668
14605,0.33768679582128547,162.27777777777777
14606,0.33768679582128547,162.2888888888889
14607,0.33768679582128547,162.3
14608,0.33768679582128547,162.31111111111113
14609,0.33768679582128547,162.32222222222222
14610,0.33768679582128547,162.33333333333334
14611,0.33768679582128547,162.34444444444446
14612,0.33768679582128547,162.35555555555555
14613,0.33768679582128547,162.36666666666667
14614,0.33768679582128547,162.3777777777778
14615,0.33768679582128547,162.38888888888889
14616,0.33768679582128547,162.4
14617,0.33768679582128547,162.41111111111113
14618,0.33768679582128547,162.42222222222222
14619,0.33768679582128547,162.43333333333334
14620,0.33768679582128547,162.44444444444446
14621,0.33768679582128547,162.45555555555555
14622,0.33768679582128547,162.46666666666667
14623,0.33768679582128547,162.4777777777778
14624,0.33768679582128547,162.4888888888889
14625,0.33768679582128547,162.5
14626,0.33768679582128547,162.51111111111112
14627,0.33768679582128547,162.52222222222224
14628,0.33768679582128547,162.53333333333333
14629,0.33768679582128547,162.54444444444445
14630,0.33768679582128547,162.55555555555557
14631,0.33768679582128547,162.56666666666666
14632,0.33768679582128547,162.57777777777778
14633,0.33768679582128547,162.5888888888889
14634,0.33768679582128547,162.6
14635,0.33768679582128547,162.61111111111111
14636,0.33768679582128547,162.62222222222223
14637,0.33768679582128547,162.63333333333333
14638,0.33768679582128547,162.64444444444445
14639,0.33768679582128547,162.65555555555557
14640,0.33768679582128547,162.66666666666669
14641,0.33768679582128547,162.67777777777778
14642,0.33768679582128547,162.6888888888889
14643,0.33768679582128547,162.70000000000002
14644,0.33768679582128547,162.7111111111111
14645,0.33768679582128547,162.72222222222223
14646,0.33768679582128547,162.73333333333335
14647,0.33768679582128547,162.74444444444444
14648,0.33768679582128547,162.75555555555556
14649,0.33768679582128547,162.76666666666668
14650,0.33768679582128547,162.77777777777777
14651,0.33768679582128547,162.7888888888889
14652,0.33768679582128547,162.8
14653,0.33768679582128547,162.81111111111113
14654,0.33768679582128547,162.82222222222222
14655,0.33768679582128547,162.83333333333334
14656,0.33768679582128547,162.84444444444446
14657,0.33768679582128547,162.85555555555555
14658,0.33768679582128547,162.86666666666667
14659,0.33768679582128547,162.8777777777778
14660,0.33768679582128547,162.88888888888889
14661,0.33768679582128547,162.9
14662,0.33768679582128547,162.91111111111113
14663,0.33768679582128547,162.92222222222222
14664,0.33768679582128547,162.93333333333334
14665,0.33768679582128547,162.94444444444446
14666,0.33768679582128547,162.95555555555555
14667,0.33768679582128547,162.96666666666667
14668,0.33768679582128547,162.9777777777778
14669,0.33768679582128547,162.9888888888889
14670,0.33768679582128547,163.0
14671,0.33768679582128547,163.01111111111112
14672,0.33768679582128547,163.02222222222224
14673,0.33768679582128547,163.03333333333333
14674,0.33768679582128547,163.04444444444445
14675,0.33768679582128547,163.05555555555557
14676,0.33768679582128547,163.06666666666666
14677,0.33768679582128547,163.07777777777778
14678,0.33768679582128547,163.0888888888889
14679,0.33768679582128547,163.1
14680,0.33768679582128547,163.11111111111111
14681,0.33768679582128547,163.12222222222223
14682,0.33768679582128547,163.13333333333333
14683,0.33768679582128547,163.14444444444445
14684,0.33768679582128547,163.15555555555557
14685,0.33768679582128547,163.16666666666669
14686,0.33768679582128547,163.17777777777778
14687,0.33768679582128547,163.1888888888889
14688,0.33768679582128547,163.20000000000002
14689,0.33768679582128547,163.2111111111111
14690,0.33768679582128547,163.22222222222223
14691,0.33768679582128547,163.23333333333335
14692,0.33768679582128547,163.24444444444444
14693,0.33768679582128547,163.25555555555556
14694,0.33768679582128547,163.26666666666668
14695,0.33768679582128547,163.27777777777777
14696,0.33768679582128547,163.2888888888889
14697,0.33768679582128547,163.3
14698,0.33768679582128547,163.31111111111113
14699,0.33768679582128547,163.32222222222222
14700,0.33768679582128547,163.33333333333334
14701,0.33768679582128547,163.34444444444446
14702,0.33768679582128547,163.35555555555555
14703,0.33768679582128547,163.36666666666667
14704,0.33768679582128547,163.3777777777778
14705,0.33768679582128547,163.38888888888889
14706,0.33768679582128547,163.4
14707,0.33768679582128547,163.41111111111113
14708,0.33768679582128547,163.42222222222222
14709,0.33768679582128547,163.43333333333334
14710,0.33768679582128547,163.44444444444446
14711,0.33768679582128547,163.45555555555555
14712,0.33768679582128547,163.46666666666667
14713,0.33768679582128547,163.4777777777778
14714,0.33768679582128547,163.4888888888889
14715,0.33768679582128547,163.5
14716,0.33768679582128547,163.51111111111112
14717,0.33768679582128547,163.52222222222224
14718,0.33768679582128547,163.53333333333333
14719,0.33768679582128547,163.54444444444445
14720,0.33768679582128547,163.55555555555557
14721,0.33768679582128547,163.56666666666666
14722,0.33768679582128547,163.57777777777778
14723,0.33768679582128547,163.5888888888889
14724,0.33768679582128547,163.6
14725,0.33768679582128547,163.61111111111111
14726,0.33768679582128547,163.62222222222223
14727,0.33768679582128547,163.63333333333333
14728,0.33768679582128547,163.64444444444445
14729,0.33768679582128547,163.65555555555557
14730,0.33768679582128547,163.66666666666669
14731,0.33768679582128547,163.67777777777778
14732,0.33768679582128547,163.6888888888889
14733,0.33768679582128547,163.70000000000002
14734,0.33768679582128547,163.7111111111111
14735,0.33768679582128547,163.72222222222223
14736,0.33768679582128547,163.73333333333335
14737,0.33768679582128547,163.74444444444444
14738,0.33768679582128547,163.75555555555556
14739,0.33768679582128547,163.76666666666668
14740,0.33768679582128547,163.77777777777777
14741,0.33768679582128547,163.7888888888889
14742,0.33768679582128547,163.8
14743,0.33768679582128547,163.81111111111113
14744,0.33768679582128547,163.82222222222222
14745,0.33768679582128547,163.83333333333334
14746,0.33768679582128547,163.84444444444446
14747,0.33768679582128547,163.85555555555555
14748,0.33768679582128547,163.86666666666667
14749,0.33768679582128547,163.8777777777778
14750,0.33768679582128547,163.88888888888889
14751,0.33768679582128547,163.9
14752,0.33768679582128547,163.91111111111113
14753,0.33768679582128547,163.92222222222222
14754,0.33768679582128547,163.93333333333334
14755,0.33768679582128547,163.94444444444446
14756,0.33768679582128547,163.95555555555555
14757,0.33768679582128547,163.96666666666667
14758,0.33768679582128547,163.9777777777778
14759,0.33768679582128547,163.9888888888889
14760,0.33768679582128547,164.0
14761,0.33768679582128547,164.01111111111112
14762,0.33768679582128547,164.02222222222224
14763,0.33768679582128547,164.03333333333333
14764,0.33768679582128547,164.04444444444445
14765,0.33768679582128547,164.05555555555557
14766,0.33768679582128547,164.06666666666666
14767,0.33768679582128547,164.07777777777778
14768,0.33768679582128547,164.0888888888889
14769,0.33768679582128547,164.1
14770,0.33768679582128547,164.11111111111111
14771,0.33768679582128547,164.12222222222223
14772,0.33768679582128547,164.13333333333333
14773,0.33768679582128547,164.14444444444445
14774,0.33768679582128547,164.15555555555557
14775,0.33768679582128547,164.16666666666669
14776,0.33768679582128547,164.17777777777778
14777,0.33768679582128547,164.1888888888889
14778,0.33768679582128547,164.20000000000002
14779,0.33768679582128547,164.2111111111111
14780,0.33768679582128547,164.22222222222223
14781,0.33768679582128547,164.23333333333335
14782,0.33768679582128547,164.24444444444444
14783,0.33768679582128547,164.25555555555556
14784,0.33768679582128547,164.26666666666668
14785,0.33768679582128547,164.27777777777777
14786,0.33768679582128547,164.2888888888889
14787,0.33768679582128547,164.3
14788,0.33768679582128547,164.31111111111113
14789,0.33768679582128547,164.32222222222222
14790,0.33768679582128547,164.33333333333334
14791,0.33768679582128547,164.34444444444446
14792,0.33768679582128547,164.35555555555555
14793,0.33768679582128547,164.36666666666667
14794,0.33768679582128547,164.3777777777778
14795,0.33768679582128547,164.38888888888889
14796,0.33768679582128547,164.4
14797,0.33768679582128547,164.41111111111113
14798,0.33768679582128547,164.42222222222222
14799,0.33768679582128547,164.43333333333334
14800,0.33768679582128547,164.44444444444446
14801,0.33768679582128547,164.45555555555555
14802,0.33768679582128547,164.46666666666667
14803,0.33768679582128547,164.4777777777778
14804,0.33768679582128547,164.4888888888889
14805,0.33768679582128547,164.5
14806,0.33768679582128547,164.51111111111112
14807,0.33768679582128547,164.52222222222224
14808,0.33768679582128547,164.53333333333333
14809,0.33768679582128547,164.54444444444445
14810,0.33768679582128547,164.55555555555557
14811,0.33768679582128547,164.56666666666666
14812,0.33768679582128547,164.57777777777778
14813,0.33768679582128547,164.5888888888889
14814,0.33768679582128547,164.6
14815,0.33768679582128547,164.61111111111111
14816,0.33768679582128547,164.62222222222223
14817,0.33768679582128547,164.63333333333333
14818,0.33768679582128547,164.64444444444445
14819,0.33768679582128547,164.65555555555557
14820,0.33768679582128547,164.66666666666669
14821,0.33768679582128547,164.67777777777778
14822,0.33768679582128547,164.6888888888889
14823,0.33768679582128547,164.70000000000002
14824,0.33768679582128547,164.7111111111111
14825,0.33768679582128547,164.72222222222223
14826,0.33768679582128547,164.73333333333335
14827,0.33768679582128547,164.74444444444444
14828,0.33768679582128547,164.75555555555556
14829,0.33768679582128547,164.76666666666668
14830,0.33768679582128547,164.77777777777777
14831,0.33768679582128547,164.7888888888889
14832,0.33768679582128547,164.8
14833,0.33768679582128547,164.81111111111113
14834,0.33768679582128547,164.82222222222222
14835,0.33768679582128547,164.83333333333334
14836,0.33768679582128547,164.84444444444446
14837,0.33768679582128547,164.85555555555555
14838,0.33768679582128547,164.86666666666667
14839,0.33768679582128547,164.8777777777778
14840,0.33768679582128547,164.88888888888889
14841,0.33768679582128547,164.9
14842,0.33768679582128547,164.91111111111113
14843,0.33768679582128547,164.92222222222222
14844,0.33768679582128547,164.93333333333334
14845,0.33768679582128547,164.94444444444446
14846,0.33768679582128547,164.95555555555555
14847,0.33768679582128547,164.96666666666667
14848,0.33768679582128547,164.9777777777778
14849,0.33768679582128547,164.9888888888889
14850,0.33768679582128547,165.0
14851,0.33768679582128547,165.01111111111112
14852,0.33768679582128547,165.02222222222224
14853,0.33768679582128547,165.03333333333333
14854,0.33768679582128547,165.04444444444445
14855,0.33768679582128547,165.05555555555557
14856,0.33768679582128547,165.06666666666666
14857,0.33768679582128547,165.07777777777778
14858,0.33768679582128547,165.0888888888889
14859,0.33768679582128547,165.1
14860,0.33768679582128547,165.11111111111111
14861,0.33768679582128547,165.12222222222223
14862,0.33768679582128547,165.13333333333333
14863,0.33768679582128547,165.14444444444445
14864,0.33768679582128547,165.15555555555557
14865,0.33768679582128547,165.16666666666669
14866,0.33768679582128547,165.17777777777778
14867,0.33768679582128547,165.1888888888889
14868,0.33768679582128547,165.20000000000002
14869,0.33768679582128547,165.2111111111111
14870,0.33768679582128547,165.22222222222223
14871,0.33768679582128547,165.23333333333335
14872,0.33768679582128547,165.24444444444444
14873,0.33768679582128547,165.25555555555556
14874,0.33768679582128547,165.26666666666668
14875,0.33768679582128547,165.27777777777777
14876,0.33768679582128547,165.2888888888889
14877,0.33768679582128547,165.3
14878,0.33768679582128547,165.31111111111113
14879,0.33768679582128547,165.32222222222222
14880,0.33768679582128547,165.33333333333334
14881,0.33768679582128547,165.34444444444446
14882,0.33768679582128547,165.35555555555555
14883,0.33768679582128547,165.36666666666667
14884,0.33768679582128547,165.3777777777778
14885,0.33768679582128547,165.38888888888889
14886,0.33768679582128547,165.4
14887,0.33768679582128547,165.41111111111113
14888,0.33768679582128547,165.42222222222222
14889,0.33768679582128547,165.43333333333334
14890,0.33768679582128547,165.44444444444446
14891,0.33768679582128547,165.45555555555555
14892,0.33768679582128547,165.46666666666667
14893,0.33768679582128547,165.4777777777778
14894,0.33768679582128547,165.4888888888889
14895,0.33768679582128547,165.5
14896,0.33768679582128547,165.51111111111112
14897,0.33768679582128547,165.52222222222224
14898,0.33768679582128547,165.53333333333333
14899,0.33768679582128547,165.54444444444445
14900,0.33768679582128547,165.55555555555557
14901,0.33768679582128547,165.56666666666666
14902,0.33768679582128547,165.57777777777778
14903,0.33768679582128547,165.5888888888889
14904,0.33768679582128547,165.6
14905,0.33768679582128547,165.61111111111111
14906,0.33768679582128547,165.62222222222223
14907,0.33768679582128547,165.63333333333333
14908,0.33768679582128547,165.64444444444445
14909,0.33768679582128547,165.65555555555557
14910,0.33768679582128547,165.66666666666669
14911,0.33768679582128547,165.67777777777778
14912,0.33768679582128547,165.6888888888889
14913,0.33768679582128547,165.70000000000002
14914,0.33768679582128547,165.7111111111111
14915,0.33768679582128547,165.72222222222223
14916,0.33768679582128547,165.73333333333335
14917,0.33768679582128547,165.74444444444444
14918,0.33768679582128547,165.75555555555556
14919,0.33768679582128547,165.76666666666668
14920,0.33768679582128547,165.77777777777777
14921,0.33768679582128547,165.7888888888889
14922,0.33768679582128547,165.8
14923,0.33768679582128547,165.81111111111113
14924,0.33768679582128547,165.82222222222222
14925,0.33768679582128547,165.83333333333334
14926,0.33768679582128547,165.84444444444446
14927,0.33768679582128547,165.85555555555555
14928,0.33768679582128547,165.86666666666667
14929,0.33768679582128547,165.8777777777778
14930,0.33768679582128547,165.88888888888889
14931,0.33768679582128547,165.9
14932,0.33768679582128547,165.91111111111113
14933,0.33768679582128547,165.92222222222222
14934,0.33768679582128547,165.93333333333334
14935,0.33768679582128547,165.94444444444446
14936,0.33768679582128547,165.95555555555555
14937,0.33768679582128547,165.96666666666667
14938,0.33768679582128547,165.9777777777778
14939,0.33768679582128547,165.9888888888889
14940,0.33768679582128547,166.0
14941,0.33768679582128547,166.01111111111112
14942,0.33768679582128547,166.02222222222224
14943,0.33768679582128547,166.03333333333333
14944,0.33768679582128547,166.04444444444445
14945,0.33768679582128547,166.05555555555557
14946,0.33768679582128547,166.06666666666666
14947,0.33768679582128547,166.07777777777778
14948,0.33768679582128547,166.0888888888889
14949,0.33768679582128547,166.1
14950,0.33768679582128547,166.11111111111111
14951,0.33768679582128547,166.12222222222223
14952,0.33768679582128547,166.13333333333333
14953,0.33768679582128547,166.14444444444445
14954,0.33768679582128547,166.15555555555557
14955,0.33768679582128547,166.16666666666669
14956,0.33768679582128547,166.17777777777778
14957,0.33768679582128547,166.1888888888889
14958,0.33768679582128547,166.20000000000002
14959,0.33768679582128547,166.2111111111111
14960,0.33768679582128547,166.22222222222223
14961,0.33768679582128547,166.23333333333335
14962,0.33768679582128547,166.24444444444444
14963,0.33768679582128547,166.25555555555556
14964,0.33768679582128547,166.26666666666668
14965,0.33768679582128547,166.27777777777777
14966,0.33768679582128547,166.2888888888889
14967,0.33768679582128547,166.3
14968,0.33768679582128547,166.31111111111113
14969,0.33768679582128547,166.32222222222222
14970,0.33768679582128547,166.33333333333334
14971,0.33768679582128547,166.34444444444446
14972,0.33768679582128547,166.35555555555555
14973,0.33768679582128547,166.36666666666667
14974,0.33768679582128547,166.3777777777778
14975,0.33768679582128547,166.38888888888889
14976,0.33768679582128547,166.4
14977,0.33768679582128547,166.41111111111113
14978,0.33768679582128547,166.42222222222222
14979,0.33768679582128547,166.43333333333334
14980,0.33768679582128547,166.44444444444446
14981,0.33768679582128547,166.45555555555555
14982,0.33768679582128547,166.46666666666667
14983,0.33768679582128547,166.4777777777778
14984,0.33768679582128547,166.4888888888889
14985,0.33768679582128547,166.5
14986,0.33768679582128547,166.51111111111112
14987,0.33768679582128547,166.52222222222224
14988,0.33768679582128547,166.53333333333333
14989,0.33768679582128547,166.54444444444445
14990,0.33768679582128547,166.55555555555557
14991,0.33768679582128547,166.56666666666666
14992,0.33768679582128547,166.57777777777778
14993,0.33768679582128547,166.5888888888889
14994,0.33768679582128547,166.6
14995,0.33768679582128547,166.61111111111111
14996,0.33768679582128547,166.62222222222223
14997,0.33768679582128547,166.63333333333333
14998,0.33768679582128547,166.64444444444445
14999,0.33768679582128547,166.65555555555557
15000,0.33768679582128547,166.66666666666669
15001,0.33768679582128547,166.67777777777778
15002,0.33768679582128547,166.6888888888889
15003,0.33768679582128547,166.70000000000002
15004,0.33768679582128547,166.7111111111111
15005,0.33768679582128547,166.72222222222223
15006,0.33768679582128547,166.73333333333335
15007,0.33768679582128547,166.74444444444444
15008,0.33768679582128547,166.75555555555556
15009,0.33768679582128547,166.76666666666668
15010,0.33768679582128547,166.77777777777777
15011,0.33768679582128547,166.7888888888889
15012,0.33768679582128547,166.8
15013,0.33768679582128547,166.81111111111113
15014,0.33768679582128547,166.82222222222222
15015,0.33768679582128547,166.83333333333334
15016,0.33768679582128547,166.84444444444446
15017,0.33768679582128547,166.85555555555555
15018,0.33768679582128547,166.86666666666667
15019,0.33768679582128547,166.8777777777778
15020,0.33768679582128547,166.88888888888889
15021,0.33768679582128547,166.9
15022,0.33768679582128547,166.91111111111113
15023,0.33768679582128547,166.92222222222222
15024,0.33768679582128547,166.93333333333334
15025,0.33768679582128547,166.94444444444446
15026,0.33768679582128547,166.95555555555555
15027,0.33768679582128547,166.96666666666667
15028,0.33768679582128547,166.9777777777778
15029,0.33768679582128547,166.9888888888889
15030,0.33768679582128547,167.0
15031,0.33768679582128547,167.01111111111112
15032,0.33768679582128547,167.02222222222224
15033,0.33768679582128547,167.03333333333333
15034,0.33768679582128547,167.04444444444445
15035,0.33768679582128547,167.05555555555557
15036,0.33768679582128547,167.06666666666666
15037,0.33768679582128547,167.07777777777778
15038,0.33768679582128547,167.0888888888889
15039,0.33768679582128547,167.1
15040,0.33768679582128547,167.11111111111111
15041,0.33768679582128547,167.12222222222223
15042,0.33768679582128547,167.13333333333333
15043,0.33768679582128547,167.14444444444445
15044,0.33768679582128547,167.15555555555557
15045,0.33768679582128547,167.16666666666669
15046,0.33768679582128547,167.17777777777778
15047,0.33768679582128547,167.1888888888889
15048,0.33768679582128547,167.20000000000002
15049,0.33768679582128547,167.2111111111111
15050,0.33768679582128547,167.22222222222223
15051,0.33768679582128547,167.23333333333335
15052,0.33768679582128547,167.24444444444444
15053,0.33768679582128547,167.25555555555556
15054,0.33768679582128547,167.26666666666668
15055,0.33768679582128547,167.27777777777777
15056,0.33768679582128547,167.2888888888889
15057,0.33768679582128547,167.3
15058,0.33768679582128547,167.31111111111113
15059,0.33768679582128547,167.32222222222222
15060,0.33768679582128547,167.33333333333334
15061,0.33768679582128547,167.34444444444446
15062,0.33768679582128547,167.35555555555555
15063,0.33768679582128547,167.36666666666667
15064,0.33768679582128547,167.3777777777778
15065,0.33768679582128547,167.38888888888889
15066,0.33768679582128547,167.4
15067,0.33768679582128547,167.41111111111113
15068,0.33768679582128547,167.42222222222222
15069,0.33768679582128547,167.43333333333334
15070,0.33768679582128547,167.44444444444446
15071,0.33768679582128547,167.45555555555555
15072,0.33768679582128547,167.46666666666667
15073,0.33768679582128547,167.4777777777778
15074,0.33768679582128547,167.4888888888889
15075,0.33768679582128547,167.5
15076,0.33768679582128547,167.51111111111112
15077,0.33768679582128547,167.52222222222224
15078,0.33768679582128547,167.53333333333333
15079,0.33768679582128547,167.54444444444445
15080,0.33768679582128547,167.55555555555557
15081,0.33768679582128547,167.56666666666666
15082,0.33768679582128547,167.57777777777778
15083,0.33768679582128547,167.5888888888889
15084,0.33768679582128547,167.6
15085,0.33768679582128547,167.61111111111111
15086,0.33768679582128547,167.62222222222223
15087,0.33768679582128547,167.63333333333333
15088,0.33768679582128547,167.64444444444445
15089,0.33768679582128547,167.65555555555557
15090,0.33768679582128547,167.66666666666669
15091,0.33768679582128547,167.67777777777778
15092,0.33768679582128547,167.6888888888889
15093,0.33768679582128547,167.70000000000002
15094,0.33768679582128547,167.7111111111111
15095,0.33768679582128547,167.72222222222223
15096,0.33768679582128547,167.73333333333335
15097,0.33768679582128547,167.74444444444444
15098,0.33768679582128547,167.75555555555556
15099,0.33768679582128547,167.76666666666668
15100,0.33768679582128547,167.77777777777777
15101,0.33768679582128547,167.7888888888889
15102,0.33768679582128547,167.8
15103,0.33768679582128547,167.81111111111113
15104,0.33768679582128547,167.82222222222222
15105,0.33768679582128547,167.83333333333334
15106,0.33768679582128547,167.84444444444446
15107,0.33768679582128547,167.85555555555555
15108,0.33768679582128547,167.86666666666667
15109,0.33768679582128547,167.8777777777778
15110,0.33768679582128547,167.88888888888889
15111,0.33768679582128547,167.9
15112,0.33768679582128547,167.91111111111113
15113,0.33768679582128547,167.92222222222222
15114,0.33768679582128547,167.93333333333334
15115,0.33768679582128547,167.94444444444446
15116,0.33768679582128547,167.95555555555555
15117,0.33768679582128547,167.96666666666667
15118,0.33768679582128547,167.9777777777778
15119,0.33768679582128547,167.9888888888889
15120,0.33768679582128547,168.0
15121,0.33768679582128547,168.01111111111112
15122,0.33768679582128547,168.02222222222224
15123,0.33768679582128547,168.03333333333333
15124,0.33768679582128547,168.04444444444445
15125,0.33768679582128547,168.05555555555557
15126,0.33768679582128547,168.06666666666666
15127,0.33768679582128547,168.07777777777778
15128,0.33768679582128547,168.0888888888889
15129,0.33768679582128547,168.1
15130,0.33768679582128547,168.11111111111111
15131,0.33768679582128547,168.12222222222223
15132,0.33768679582128547,168.13333333333333
15133,0.33768679582128547,168.14444444444445
15134,0.33768679582128547,168.15555555555557
15135,0.33768679582128547,168.16666666666669
15136,0.33768679582128547,168.17777777777778
15137,0.33768679582128547,168.1888888888889
15138,0.33768679582128547,168.20000000000002
15139,0.33768679582128547,168.2111111111111
15140,0.33768679582128547,168.22222222222223
15141,0.33768679582128547,168.23333333333335
15142,0.33768679582128547,168.24444444444444
15143,0.33768679582128547,168.25555555555556
15144,0.33768679582128547,168.26666666666668
15145,0.33768679582128547,168.27777777777777
15146,0.33768679582128547,168.2888888888889
15147,0.33768679582128547,168.3
15148,0.33768679582128547,168.31111111111113
15149,0.33768679582128547,168.32222222222222
15150,0.33768679582128547,168.33333333333334
15151,0.33768679582128547,168.34444444444446
15152,0.33768679582128547,168.35555555555555
15153,0.33768679582128547,168.36666666666667
15154,0.33768679582128547,168.3777777777778
15155,0.33768679582128547,168.38888888888889
15156,0.33768679582128547,168.4
15157,0.33768679582128547,168.41111111111113
15158,0.33768679582128547,168.42222222222222
15159,0.33768679582128547,168.43333333333334
15160,0.33768679582128547,168.44444444444446
15161,0.33768679582128547,168.45555555555555
15162,0.33768679582128547,168.46666666666667
15163,0.33768679582128547,168.4777777777778
15164,0.33768679582128547,168.4888888888889
15165,0.33768679582128547,168.5
15166,0.33768679582128547,168.51111111111112
15167,0.33768679582128547,168.52222222222224
15168,0.33768679582128547,168.53333333333333
15169,0.33768679582128547,168.54444444444445
15170,0.33768679582128547,168.55555555555557
15171,0.33768679582128547,168.56666666666666
15172,0.33768679582128547,168.57777777777778
15173,0.33768679582128547,168.5888888888889
15174,0.33768679582128547,168.6
15175,0.33768679582128547,168.61111111111111
15176,0.33768679582128547,168.62222222222223
15177,0.33768679582128547,168.63333333333333
15178,0.33768679582128547,168.64444444444445
15179,0.33768679582128547,168.65555555555557
15180,0.33768679582128547,168.66666666666669
15181,0.33768679582128547,168.67777777777778
15182,0.33768679582128547,168.6888888888889
15183,0.33768679582128547,168.70000000000002
15184,0.33768679582128547,168.7111111111111
15185,0.33768679582128547,168.72222222222223
15186,0.33768679582128547,168.73333333333335
15187,0.33768679582128547,168.74444444444444
15188,0.33768679582128547,168.75555555555556
15189,0.33768679582128547,168.76666666666668
15190,0.33768679582128547,168.77777777777777
15191,0.33768679582128547,168.7888888888889
15192,0.33768679582128547,168.8
15193,0.33768679582128547,168.81111111111113
15194,0.33768679582128547,168.82222222222222
15195,0.33768679582128547,168.83333333333334
15196,0.33768679582128547,168.84444444444446
15197,0.33768679582128547,168.85555555555555
15198,0.33768679582128547,168.86666666666667
15199,0.33768679582128547,168.8777777777778
15200,0.33768679582128547,168.88888888888889
15201,0.33768679582128547,168.9
15202,0.33768679582128547,168.91111111111113
15203,0.33768679582128547,168.92222222222222
15204,0.33768679582128547,168.93333333333334
15205,0.33768679582128547,168.94444444444446
15206,0.33768679582128547,168.95555555555555
15207,0.33768679582128547,168.96666666666667
15208,0.33768679582128547,168.9777777777778
15209,0.33768679582128547,168.9888888888889
15210,0.33768679582128547,169.0
15211,0.33768679582128547,169.01111111111112
15212,0.33768679582128547,169.02222222222224
15213,0.33768679582128547,169.03333333333333
15214,0.33768679582128547,169.04444444444445
15215,0.33768679582128547,169.05555555555557
15216,0.33768679582128547,169.06666666666666
15217,0.33768679582128547,169.07777777777778
15218,0.33768679582128547,169.0888888888889
15219,0.33768679582128547,169.1
15220,0.33768679582128547,169.11111111111111
15221,0.33768679582128547,169.12222222222223
15222,0.33768679582128547,169.13333333333333
15223,0.33768679582128547,169.14444444444445
15224,0.33768679582128547,169.15555555555557
15225,0.33768679582128547,169.16666666666669
15226,0.33768679582128547,169.17777777777778
15227,0.33768679582128547,169.1888888888889
15228,0.33768679582128547,169.20000000000002
15229,0.33768679582128547,169.2111111111111
15230,0.33768679582128547,169.22222222222223
15231,0.33768679582128547,169.23333333333335
15232,0.33768679582128547,169.24444444444444
15233,0.33768679582128547,169.25555555555556
15234,0.33768679582128547,169.26666666666668
15235,0.33768679582128547,169.27777777777777
15236,0.33768679582128547,169.2888888888889
15237,0.33768679582128547,169.3
15238,0.33768679582128547,169.31111111111113
15239,0.33768679582128547,169.32222222222222
15240,0.33768679582128547,169.33333333333334
15241,0.33768679582128547,169.34444444444446
15242,0.33768679582128547,169.35555555555555
15243,0.33768679582128547,169.36666666666667
15244,0.33768679582128547,169.3777777777778
15245,0.33768679582128547,169.38888888888889
15246,0.33768679582128547,169.4
15247,0.33768679582128547,169.41111111111113
15248,0.33768679582128547,169.42222222222222
15249,0.33768679582128547,169.43333333333334
15250,0.33768679582128547,169.44444444444446
15251,0.33768679582128547,169.45555555555555
15252,0.33768679582128547,169.46666666666667
15253,0.33768679582128547,169.4777777777778
15254,0.33768679582128547,169.4888888888889
15255,0.33768679582128547,169.5
15256,0.33768679582128547,169.51111111111112
15257,0.33768679582128547,169.52222222222224
15258,0.33768679582128547,169.53333333333333
15259,0.33768679582128547,169.54444444444445
15260,0.33768679582128547,169.55555555555557
15261,0.33768679582128547,169.56666666666666
15262,0.33768679582128547,169.57777777777778
15263,0.33768679582128547,169.5888888888889
15264,0.33768679582128547,169.6
15265,0.33768679582128547,169.61111111111111
15266,0.33768679582128547,169.62222222222223
15267,0.33768679582128547,169.63333333333333
15268,0.33768679582128547,169.64444444444445
15269,0.33768679582128547,169.65555555555557
15270,0.33768679582128547,169.66666666666669
15271,0.33768679582128547,169.67777777777778
15272,0.33768679582128547,169.6888888888889
15273,0.33768679582128547,169.70000000000002
15274,0.33768679582128547,169.7111111111111
15275,0.33768679582128547,169.72222222222223
15276,0.33768679582128547,169.73333333333335
15277,0.33768679582128547,169.74444444444444
15278,0.33768679582128547,169.75555555555556
15279,0.33768679582128547,169.76666666666668
15280,0.33768679582128547,169.77777777777777
15281,0.33768679582128547,169.7888888888889
15282,0.33768679582128547,169.8
15283,0.33768679582128547,169.81111111111113
15284,0.33768679582128547,169.82222222222222
15285,0.33768679582128547,169.83333333333334
15286,0.33768679582128547,169.84444444444446
15287,0.33768679582128547,169.85555555555555
15288,0.33768679582128547,169.86666666666667
15289,0.33768679582128547,169.8777777777778
15290,0.33706496328078867,169.88888888888889
15291,0.335821298199795,169.9
15292,0.335821298199795,169.91111111111113
15293,0.335199465659298,169.92222222222222
15294,0.333955800578304,169.93333333333334
15295,0.333955800578304,169.94444444444446
15296,0.333955800578304,169.95555555555555
15297,0.333955800578304,169.96666666666667
15298,0.333955800578304,169.9777777777778
15299,0.333955800578304,169.9888888888889
15300,0.333955800578304,170.0
15301,0.333955800578304,170.01111111111112
15302,0.333955800578304,170.02222222222224
15303,0.333955800578304,170.03333333333333
15304,0.333955800578304,170.04444444444445
15305,0.333955800578304,170.05555555555557
15306,0.333955800578304,170.06666666666666
15307,0.333955800578304,170.07777777777778
15308,0.333955800578304,170.0888888888889
15309,0.333955800578304,170.1
15310,0.333955800578304,170.11111111111111
15311,0.333955800578304,170.12222222222223
15312,0.333955800578304,170.13333333333333
15313,0.333955800578304,170.14444444444445
15314,0.333955800578304,170.15555555555557
15315,0.333955800578304,170.16666666666669
15316,0.333955800578304,170.17777777777778
15317,0.333955800578304,170.1888888888889
15318,0.333955800578304,170.20000000000002
15319,0.333955800578304,170.2111111111111
15320,0.333955800578304,170.22222222222223
15321,0.333955800578304,170.23333333333335
15322,0.333955800578304,170.24444444444444
15323,0.333955800578304,170.25555555555556
15324,0.333955800578304,170.26666666666668
15325,0.333955800578304,170.27777777777777
15326,0.333955800578304,170.2888888888889
15327,0.333955800578304,170.3
15328,0.333955800578304,170.31111111111113
15329,0.333955800578304,170.32222222222222
15330,0.333955800578304,170.33333333333334
15331,0.333955800578304,170.34444444444446
15332,0.333955800578304,170.35555555555555
15333,0.333955800578304,170.36666666666667
15334,0.333955800578304,170.3777777777778
15335,0.333955800578304,170.38888888888889
15336,0.333955800578304,170.4
15337,0.333955800578304,170.41111111111113
15338,0.333955800578304,170.42222222222222
15339,0.333955800578304,170.43333333333334
15340,0.333955800578304,170.44444444444446
15341,0.333955800578304,170.45555555555555
15342,0.333955800578304,170.46666666666667
15343,0.333955800578304,170.4777777777778
15344,0.333955800578304,170.4888888888889
15345,0.333955800578304,170.5
15346,0.333955800578304,170.51111111111112
15347,0.333955800578304,170.52222222222224
15348,0.333955800578304,170.53333333333333
15349,0.333955800578304,170.54444444444445
15350,0.333955800578304,170.55555555555557
15351,0.333955800578304,170.56666666666666
15352,0.333955800578304,170.57777777777778
15353,0.333955800578304,170.5888888888889
15354,0.333955800578304,170.6
15355,0.333955800578304,170.61111111111111
15356,0.333955800578304,170.62222222222223
15357,0.333955800578304,170.63333333333333
15358,0.333955800578304,170.64444444444445
15359,0.333955800578304,170.65555555555557
15360,0.333955800578304,170.66666666666669
15361,0.333955800578304,170.67777777777778
15362,0.333955800578304,170.6888888888889
15363,0.333955800578304,170.70000000000002
15364,0.333955800578304,170.7111111111111
15365,0.333955800578304,170.72222222222223
15366,0.333955800578304,170.73333333333335
15367,0.333955800578304,170.74444444444444
15368,0.333955800578304,170.75555555555556
15369,0.333955800578304,170.76666666666668
15370,0.333955800578304,170.77777777777777
15371,0.333955800578304,170.7888888888889
15372,0.333955800578304,170.8
15373,0.333955800578304,170.81111111111113
15374,0.333955800578304,170.82222222222222
15375,0.333955800578304,170.83333333333334
15376,0.333955800578304,170.84444444444446
15377,0.333955800578304,170.85555555555555
15378,0.333955800578304,170.86666666666667
15379,0.333955800578304,170.8777777777778
15380,0.333955800578304,170.88888888888889
15381,0.333955800578304,170.9
15382,0.333955800578304,170.91111111111113
15383,0.333955800578304,170.92222222222222
15384,0.333955800578304,170.93333333333334
15385,0.333955800578304,170.94444444444446
15386,0.333955800578304,170.95555555555555
15387,0.333955800578304,170.96666666666667
15388,0.333955800578304,170.9777777777778
15389,0.333955800578304,170.9888888888889
15390,0.333955800578304,171.0
15391,0.333955800578304,171.01111111111112
15392,0.333955800578304,171.02222222222224
15393,0.333955800578304,171.03333333333333
15394,0.333955800578304,171.04444444444445
15395,0.333955800578304,171.05555555555557
15396,0.333955800578304,171.06666666666666
15397,0.333955800578304,171.07777777777778
15398,0.333955800578304,171.0888888888889
15399,0.333955800578304,171.1
15400,0.333955800578304,171.11111111111111
15401,0.333955800578304,171.12222222222223
15402,0.333955800578304,171.13333333333333
15403,0.333955800578304,171.14444444444445
15404,0.333955800578304,171.15555555555557
15405,0.333955800578304,171.16666666666669
15406,0.333955800578304,171.17777777777778
15407,0.333955800578304,171.1888888888889
15408,0.333955800578304,171.20000000000002
15409,0.333955800578304,171.2111111111111
15410,0.333955800578304,171.22222222222223
15411,0.333955800578304,171.23333333333335
15412,0.333955800578304,171.24444444444444
15413,0.333955800578304,171.25555555555556
15414,0.333955800578304,171.26666666666668
15415,0.333955800578304,171.27777777777777
15416,0.333955800578304,171.2888888888889
15417,0.333955800578304,171.3
15418,0.333955800578304,171.31111111111113
15419,0.333955800578304,171.32222222222222
15420,0.333955800578304,171.33333333333334
15421,0.333955800578304,171.34444444444446
15422,0.333955800578304,171.35555555555555
15423,0.333955800578304,171.36666666666667
15424,0.333955800578304,171.3777777777778
15425,0.333955800578304,171.38888888888889
15426,0.333955800578304,171.4
15427,0.333955800578304,171.41111111111113
15428,0.333955800578304,171.42222222222222
15429,0.333955800578304,171.43333333333334
15430,0.333955800578304,171.44444444444446
15431,0.333955800578304,171.45555555555555
15432,0.333955800578304,171.46666666666667
15433,0.333955800578304,171.4777777777778
15434,0.333955800578304,171.4888888888889
15435,0.333955800578304,171.5
15436,0.333955800578304,171.51111111111112
15437,0.333955800578304,171.52222222222224
15438,0.333955800578304,171.53333333333333
15439,0.333955800578304,171.54444444444445
15440,0.333955800578304,171.55555555555557
15441,0.333955800578304,171.56666666666666
15442,0.333955800578304,171.57777777777778
15443,0.333955800578304,171.5888888888889
15444,0.333955800578304,171.6
15445,0.333955800578304,171.61111111111111
15446,0.333955800578304,171.62222222222223
15447,0.333955800578304,171.63333333333333
15448,0.333955800578304,171.64444444444445
15449,0.333955800578304,171.65555555555557
15450,0.333955800578304,171.66666666666669
15451,0.333955800578304,171.67777777777778
15452,0.333955800578304,171.6888888888889
15453,0.333955800578304,171.70000000000002
15454,0.333955800578304,171.7111111111111
15455,0.333955800578304,171.72222222222223
15456,0.333955800578304,171.73333333333335
15457,0.333955800578304,171.74444444444444
15458,0.333955800578304,171.75555555555556
15459,0.333955800578304,171.76666666666668
15460,0.333955800578304,171.77777777777777
15461,0.333955800578304,171.7888888888889
15462,0.333955800578304,171.8
15463,0.333955800578304,171.81111111111113
15464,0.333955800578304,171.82222222222222
15465,0.333955800578304,171.83333333333334
15466,0.333955800578304,171.84444444444446
15467,0.333955800578304,171.85555555555555
15468,0.333955800578304,171.86666666666667
15469,0.333955800578304,171.8777777777778
15470,0.333955800578304,171.88888888888889
15471,0.333955800578304,171.9
15472,0.333955800578304,171.91111111111113
15473,0.333955800578304,171.92222222222222
15474,0.333955800578304,171.93333333333334
15475,0.333955800578304,171.94444444444446
15476,0.333955800578304,171.95555555555555
15477,0.333955800578304,171.96666666666667
15478,0.333955800578304,171.9777777777778
15479,0.333955800578304,171.9888888888889
15480,0.333955800578304,172.0
15481,0.333955800578304,172.01111111111112
15482,0.333955800578304,172.02222222222224
15483,0.333955800578304,172.03333333333333
15484,0.333955800578304,172.04444444444445
15485,0.333955800578304,172.05555555555557
15486,0.333955800578304,172.06666666666666
15487,0.333955800578304,172.07777777777778
15488,0.333955800578304,172.0888888888889
15489,0.333955800578304,172.1
15490,0.333955800578304,172.11111111111111
15491,0.333955800578304,172.12222222222223
15492,0.333955800578304,172.13333333333333
15493,0.333955800578304,172.14444444444445
15494,0.333955800578304,172.15555555555557
15495,0.333955800578304,172.16666666666669
15496,0.333955800578304,172.17777777777778
15497,0.333955800578304,172.1888888888889
15498,0.333955800578304,172.20000000000002
15499,0.333955800578304,172.2111111111111
15500,0.333955800578304,172.22222222222223
15501,0.333955800578304,172.23333333333335
15502,0.333955800578304,172.24444444444444
15503,0.333955800578304,172.25555555555556
15504,0.333955800578304,172.26666666666668
15505,0.333955800578304,172.27777777777777
15506,0.333955800578304,172.2888888888889
15507,0.333955800578304,172.3
15508,0.333955800578304,172.31111111111113
15509,0.333955800578304,172.32222222222222
15510,0.333955800578304,172.33333333333334
15511,0.333955800578304,172.34444444444446
15512,0.333955800578304,172.35555555555555
15513,0.333955800578304,172.36666666666667
15514,0.333955800578304,172.3777777777778
15515,0.333955800578304,172.38888888888889
15516,0.333955800578304,172.4
15517,0.333955800578304,172.41111111111113
15518,0.333955800578304,172.42222222222222
15519,0.333955800578304,172.43333333333334
15520,0.333955800578304,172.44444444444446
15521,0.333955800578304,172.45555555555555
15522,0.333955800578304,172.46666666666667
15523,0.333955800578304,172.4777777777778
15524,0.333955800578304,172.4888888888889
15525,0.333955800578304,172.5
15526,0.333955800578304,172.51111111111112
15527,0.333955800578304,172.52222222222224
15528,0.333955800578304,172.53333333333333
15529,0.333955800578304,172.54444444444445
15530,0.333955800578304,172.55555555555557
15531,0.333955800578304,172.56666666666666
15532,0.333955800578304,172.57777777777778
15533,0.333955800578304,172.5888888888889
15534,0.333955800578304,172.6
15535,0.333955800578304,172.61111111111111
15536,0.333955800578304,172.62222222222223
15537,0.333955800578304,172.63333333333333
15538,0.333955800578304,172.64444444444445
15539,0.333955800578304,172.65555555555557
15540,0.333955800578304,172.66666666666669
15541,0.333955800578304,172.67777777777778
15542,0.333955800578304,172.6888888888889
15543,0.333955800578304,172.70000000000002
15544,0.333955800578304,172.7111111111111
15545,0.333955800578304,172.72222222222223
15546,0.333955800578304,172.73333333333335
15547,0.333955800578304,172.74444444444444
15548,0.333955800578304,172.75555555555556
15549,0.333955800578304,172.76666666666668
15550,0.333955800578304,172.77777777777777
15551,0.333955800578304,172.7888888888889
15552,0.333955800578304,172.8
15553,0.333955800578304,172.81111111111113
15554,0.333955800578304,172.82222222222222
15555,0.333955800578304,172.83333333333334
15556,0.333955800578304,172.84444444444446
15557,0.333955800578304,172.85555555555555
15558,0.333955800578304,172.86666666666667
15559,0.333955800578304,172.8777777777778
15560,0.333955800578304,172.88888888888889
15561,0.333955800578304,172.9
15562,0.333955800578304,172.91111111111113
15563,0.333955800578304,172.92222222222222
15564,0.333955800578304,172.93333333333334
15565,0.333955800578304,172.94444444444446
15566,0.333955800578304,172.95555555555555
15567,0.333955800578304,172.96666666666667
15568,0.333955800578304,172.9777777777778
15569,0.333955800578304,172.9888888888889
15570,0.333955800578304,173.0
15571,0.333955800578304,173.01111111111112
15572,0.333955800578304,173.02222222222224
15573,0.333955800578304,173.03333333333333
15574,0.333955800578304,173.04444444444445
15575,0.333955800578304,173.05555555555557
15576,0.333955800578304,173.06666666666666
15577,0.333955800578304,173.07777777777778
15578,0.333955800578304,173.0888888888889
15579,0.333955800578304,173.1
15580,0.333955800578304,173.11111111111111
15581,0.333955800578304,173.12222222222223
15582,0.333955800578304,173.13333333333333
15583,0.333955800578304,173.14444444444445
15584,0.333955800578304,173.15555555555557
15585,0.333955800578304,173.16666666666669
15586,0.333955800578304,173.17777777777778
15587,0.333955800578304,173.1888888888889
15588,0.333955800578304,173.20000000000002
15589,0.333955800578304,173.2111111111111
15590,0.333955800578304,173.22222222222223
15591,0.333955800578304,173.23333333333335
15592,0.333955800578304,173.24444444444444
15593,0.333955800578304,173.25555555555556
15594,0.333955800578304,173.26666666666668
15595,0.333955800578304,173.27777777777777
15596,0.333955800578304,173.2888888888889
15597,0.333955800578304,173.3
15598,0.333955800578304,173.31111111111113
15599,0.333955800578304,173.32222222222222
15600,0.333955800578304,173.33333333333334
15601,0.333955800578304,173.34444444444446
15602,0.333955800578304,173.35555555555555
15603,0.333955800578304,173.36666666666667
15604,0.333955800578304,173.3777777777778
15605,0.333955800578304,173.38888888888889
15606,0.333955800578304,173.4
15607,0.333955800578304,173.41111111111113
15608,0.333955800578304,173.42222222222222
15609,0.333955800578304,173.43333333333334
15610,0.333955800578304,173.44444444444446
15611,0.333955800578304,173.45555555555555
15612,0.333955800578304,173.46666666666667
15613,0.333955800578304,173.4777777777778
15614,0.333955800578304,173.4888888888889
15615,0.333955800578304,173.5
15616,0.333955800578304,173.51111111111112
15617,0.333955800578304,173.52222222222224
15618,0.333955800578304,173.53333333333333
15619,0.333955800578304,173.54444444444445
15620,0.333955800578304,173.55555555555557
15621,0.333955800578304,173.56666666666666
15622,0.333955800578304,173.57777777777778
15623,0.333955800578304,173.5888888888889
15624,0.333955800578304,173.6
15625,0.333955800578304,173.61111111111111
15626,0.333955800578304,173.62222222222223
15627,0.333955800578304,173.63333333333333
15628,0.333955800578304,173.64444444444445
15629,0.333955800578304,173.65555555555557
15630,0.333955800578304,173.66666666666669
15631,0.333955800578304,173.67777777777778
15632,0.333955800578304,173.6888888888889
15633,0.333955800578304,173.70000000000002
15634,0.333955800578304,173.7111111111111
15635,0.333955800578304,173.72222222222223
15636,0.333955800578304,173.73333333333335
15637,0.333955800578304,173.74444444444444
15638,0.333955800578304,173.75555555555556
15639,0.333955800578304,173.76666666666668
15640,0.333955800578304,173.77777777777777
15641,0.333955800578304,173.7888888888889
15642,0.333955800578304,173.8
15643,0.333955800578304,173.81111111111113
15644,0.333955800578304,173.82222222222222
15645,0.333955800578304,173.83333333333334
15646,0.333955800578304,173.84444444444446
15647,0.333955800578304,173.85555555555555
15648,0.333955800578304,173.86666666666667
15649,0.333955800578304,173.8777777777778
15650,0.333955800578304,173.88888888888889
15651,0.333955800578304,173.9
15652,0.333955800578304,173.91111111111113
15653,0.333955800578304,173.92222222222222
15654,0.333955800578304,173.93333333333334
15655,0.333955800578304,173.94444444444446
15656,0.333955800578304,173.95555555555555
15657,0.333955800578304,173.96666666666667
15658,0.333955800578304,173.9777777777778
15659,0.333955800578304,173.9888888888889
15660,0.333955800578304,174.0
15661,0.333955800578304,174.01111111111112
15662,0.333955800578304,174.02222222222224
15663,0.333955800578304,174.03333333333333
15664,0.333955800578304,174.04444444444445
15665,0.333955800578304,174.05555555555557
15666,0.333955800578304,174.06666666666666
15667,0.333955800578304,174.07777777777778
15668,0.333955800578304,174.0888888888889
15669,0.333955800578304,174.1
15670,0.333955800578304,174.11111111111111
15671,0.333955800578304,174.12222222222223
15672,0.333955800578304,174.13333333333335
15673,0.333955800578304,174.14444444444445
15674,0.333955800578304,174.15555555555557
15675,0.333955800578304,174.16666666666669
15676,0.333955800578304,174.17777777777778
15677,0.333955800578304,174.1888888888889
15678,0.333955800578304,174.20000000000002
15679,0.333955800578304,174.2111111111111
15680,0.333955800578304,174.22222222222223
15681,0.333955800578304,174.23333333333335
15682,0.333955800578304,174.24444444444444
15683,0.333955800578304,174.25555555555556
15684,0.333955800578304,174.26666666666668
15685,0.333955800578304,174.27777777777777
15686,0.333955800578304,174.2888888888889
15687,0.333955800578304,174.3
15688,0.333955800578304,174.31111111111113
15689,0.333955800578304,174.32222222222222
15690,0.333955800578304,174.33333333333334
15691,0.333955800578304,174.34444444444446
15692,0.333955800578304,174.35555555555555
15693,0.333955800578304,174.36666666666667
15694,0.333955800578304,174.3777777777778
15695,0.333955800578304,174.38888888888889
15696,0.333955800578304,174.4
15697,0.333955800578304,174.41111111111113
15698,0.333955800578304,174.42222222222222
15699,0.333955800578304,174.43333333333334
15700,0.333955800578304,174.44444444444446
15701,0.333955800578304,174.45555555555555
15702,0.333955800578304,174.46666666666667
15703,0.333955800578304,174.4777777777778
15704,0.333955800578304,174.4888888888889
15705,0.333955800578304,174.5
15706,0.333955800578304,174.51111111111112
15707,0.333955800578304,174.52222222222224
15708,0.333955800578304,174.53333333333333
15709,0.333955800578304,174.54444444444445
15710,0.333955800578304,174.55555555555557
15711,0.333955800578304,174.56666666666666
15712,0.333955800578304,174.57777777777778
15713,0.333955800578304,174.5888888888889
15714,0.333955800578304,174.6
15715,0.333955800578304,174.61111111111111
15716,0.333955800578304,174.62222222222223
15717,0.3339558005783008,174.63333333333335
15718,0.3327121354973103,174.64444444444445
15719,0.33209030295681347,174.65555555555557
15720,0.3320903029568103,174.66666666666669
15721,0.3308466378758198,174.67777777777778
15722,0.330224805335323,174.6888888888889
15723,0.33022480533531984,174.70000000000002
15724,0.32898114025432934,174.7111111111111
15725,0.3283593077138325,174.72222222222223
15726,0.3283593077138261,174.73333333333335
15727,0.32587197755184516,174.74444444444444
15728,0.3246283124708515,174.75555555555556
15729,0.3246283124708515,174.76666666666668
15730,0.3246283124708515,174.77777777777777
15731,0.3246283124708515,174.7888888888889
15732,0.3246283124708515,174.8
15733,0.3246283124708515,174.81111111111113
15734,0.3246283124708515,174.82222222222222
15735,0.3246283124708515,174.83333333333334
15736,0.3246283124708515,174.84444444444446
15737,0.3246283124708515,174.85555555555555
15738,0.3246283124708515,174.86666666666667
15739,0.3246283124708515,174.8777777777778
15740,0.3246283124708515,174.88888888888889
15741,0.3246283124708515,174.9
15742,0.3246283124708515,174.91111111111113
15743,0.3246283124708515,174.92222222222222
15744,0.3246283124708515,174.93333333333334
15745,0.3246283124708515,174.94444444444446
15746,0.3246283124708515,174.95555555555555
15747,0.3246283124708515,174.96666666666667
15748,0.3246283124708515,174.9777777777778
15749,0.3240064799303515,174.9888888888889
15750,0.322762814849361,175.0
15751,0.322762814849361,175.01111111111112
15752,0.322762814849361,175.02222222222224
15753,0.322762814849361,175.03333333333333
15754,0.322762814849361,175.04444444444445
15755,0.3215191497683652,175.05555555555557
15756,0.31903181960638,175.06666666666666
15757,0.31903181960638,175.07777777777778
15758,0.3184099870658821,175.0888888888889
15759,0.3171663219848895,175.1
15760,0.3171663219848895,175.11111111111111
15761,0.3171663219848895,175.12222222222223
15762,0.3171663219848863,175.13333333333335
15763,0.3159226569038958,175.14444444444445
15764,0.315300824363399,175.15555555555557
15765,0.315300824363399,175.16666666666669
15766,0.315300824363399,175.17777777777778
15767,0.315300824363399,175.1888888888889
15768,0.315300824363399,175.20000000000002
15769,0.315300824363399,175.2111111111111
15770,0.315300824363399,175.22222222222223
15771,0.31530082436339585,175.23333333333335
15772,0.31405715928240535,175.24444444444444
15773,0.3134353267419085,175.25555555555556
15774,0.3134353267419085,175.26666666666668
15775,0.3134353267419085,175.27777777777777
15776,0.3134353267419085,175.2888888888889
15777,0.3134353267419085,175.3
15778,0.3134353267419085,175.31111111111113
15779,0.3134353267419085,175.32222222222222
15780,0.3134353267419085,175.33333333333334
15781,0.3134353267419085,175.34444444444446
15782,0.3134353267419085,175.35555555555555
15783,0.3134353267419085,175.36666666666667
15784,0.3134353267419085,175.3777777777778
15785,0.3134353267419085,175.38888888888889
15786,0.3134353267419085,175.4
15787,0.3134353267419085,175.41111111111113
15788,0.31281349420141163,175.42222222222222
15789,0.311569829120418,175.43333333333334
15790,0.311569829120418,175.44444444444446
15791,0.311569829120418,175.45555555555555
15792,0.311569829120418,175.46666666666667
15793,0.311569829120418,175.4777777777778
15794,0.31032616403941793,175.4888888888889
15795,0.307838833877437,175.5
15796,0.307838833877437,175.51111111111112
15797,0.307838833877437,175.52222222222224
15798,0.307838833877437,175.53333333333333
15799,0.307838833877437,175.54444444444445
15800,0.3065951687964411,175.55555555555557
15801,0.3041078386344557,175.56666666666666
15802,0.3041078386344557,175.57777777777778
15803,0.3041078386344557,175.5888888888889
15804,0.3041078386344557,175.6
15805,0.30286417355346207,175.61111111111111
15806,0.30224234101296527,175.62222222222223
15807,0.30224234101296527,175.63333333333335
15808,0.30224234101296527,175.64444444444445
15809,0.30224234101296527,175.65555555555557
15810,0.3022423410129621,175.66666666666669
15811,0.3009986759319715,175.67777777777778
15812,0.3003768433914746,175.6888888888889
15813,0.3003768433914714,175.70000000000002
15814,0.299133178310481,175.7111111111111
15815,0.29851134576998417,175.72222222222223
15816,0.298511345769981,175.73333333333335
15817,0.29726768068899034,175.74444444444444
15818,0.29664584814849343,175.75555555555556
15819,0.29664584814849343,175.76666666666668
15820,0.29664584814849343,175.77777777777777
15821,0.29664584814849343,175.7888888888889
15822,0.29664584814849343,175.8
15823,0.2954021830674977,175.81111111111113
15824,0.294780350527003,175.82222222222222
15825,0.294780350527003,175.83333333333334
15826,0.294780350527003,175.84444444444446
15827,0.294780350527003,175.85555555555555
15828,0.294780350527003,175.86666666666667
15829,0.294780350527003,175.8777777777778
15830,0.2941585179865062,175.88888888888889
15831,0.2929148529055126,175.9
15832,0.2929148529055126,175.91111111111113
15833,0.2929148529055126,175.92222222222222
15834,0.2929148529055126,175.93333333333334
15835,0.2929148529055126,175.94444444444446
15836,0.2922930203650157,175.95555555555555
15837,0.2910493552840219,175.96666666666667
15838,0.2910493552840219,175.9777777777778
15839,0.2910493552840219,175.9888888888889
15840,0.2910493552840219,176.0
15841,0.2910493552840219,176.01111111111112
15842,0.2898056902030218,176.02222222222224
15843,0.2873183600410408,176.03333333333333
15844,0.2873183600410408,176.04444444444445
15845,0.2866965275005429,176.05555555555557
15846,0.28545286241955037,176.06666666666666
15847,0.28545286241955037,176.07777777777778
15848,0.28545286241955037,176.0888888888889
15849,0.28545286241955037,176.1
15850,0.28420919733855676,176.11111111111111
15851,0.28358736479805996,176.12222222222223
15852,0.2835873647980568,176.13333333333335
15853,0.2823436997170662,176.14444444444445
15854,0.2817218671765693,176.15555555555557
15855,0.2817218671765629,176.16666666666669
15856,0.27923453701458184,176.17777777777778
15857,0.2779908719335881,176.1888888888889
15858,0.27799087193358496,176.20000000000002
15859,0.2767472068525945,176.2111111111111
15860,0.2761253743120977,176.22222222222223
15861,0.27612537431209133,176.23333333333335
15862,0.2736380441501103,176.24444444444444
15863,0.27239437906911657,176.25555555555556
15864,0.27239437906911657,176.26666666666668
15865,0.27239437906911657,176.27777777777777
15866,0.27239437906911657,176.2888888888889
15867,0.27239437906911657,176.3
15868,0.27239437906911657,176.31111111111113
15869,0.27052888144762605,176.32222222222222
15870,0.26679788620464506,176.33333333333334
15871,0.26679788620464506,176.34444444444446
15872,0.26617605366414826,176.35555555555555
15873,0.2649323885831546,176.36666666666667
15874,0.26368872350215866,176.3777777777778
15875,0.2630668909616639,176.38888888888889
15876,0.2630668909616639,176.4
15877,0.2618232258806682,176.41111111111113
15878,0.2612013933401735,176.42222222222222
15879,0.2612013933401735,176.43333333333334
15880,0.25871406317818185,176.44444444444446
15881,0.25747039809719235,176.45555555555555
15882,0.25747039809719235,176.46666666666667
15883,0.25747039809719235,176.4777777777778
15884,0.25747039809719235,176.4888888888889
15885,0.25747039809719235,176.5
15886,0.25747039809719235,176.51111111111112
15887,0.25747039809719235,176.52222222222224
15888,0.25747039809719235,176.53333333333333
15889,0.25747039809719235,176.54444444444445
15890,0.25747039809719235,176.55555555555557
15891,0.25747039809719235,176.56666666666666
15892,0.25747039809719235,176.57777777777778
15893,0.25747039809719235,176.5888888888889
15894,0.25747039809719235,176.6
15895,0.25747039809719235,176.61111111111111
15896,0.25747039809719235,176.62222222222223
15897,0.25747039809719235,176.63333333333335
15898,0.25747039809719235,176.64444444444445
15899,0.25747039809719235,176.65555555555557
15900,0.25747039809719235,176.66666666666669
15901,0.25747039809719235,176.67777777777778
15902,0.25747039809719235,176.6888888888889
15903,0.25747039809719235,176.70000000000002
15904,0.25747039809719235,176.7111111111111
15905,0.25747039809719235,176.72222222222223
15906,0.25747039809719235,176.73333333333335
15907,0.25747039809719235,176.74444444444444
15908,0.25747039809719235,176.75555555555556
15909,0.25747039809719235,176.76666666666668
15910,0.25747039809719235,176.77777777777777
15911,0.25747039809719235,176.7888888888889
15912,0.25747039809719235,176.8
15913,0.25747039809719235,176.81111111111113
15914,0.25747039809719235,176.82222222222222
15915,0.25747039809719235,176.83333333333334
15916,0.25747039809719235,176.84444444444446
15917,0.25747039809719235,176.85555555555555
15918,0.25747039809719235,176.86666666666667
15919,0.25747039809719235,176.8777777777778
15920,0.25747039809719235,176.88888888888889
15921,0.25747039809719235,176.9
15922,0.25747039809719235,176.91111111111113
15923,0.25747039809719235,176.92222222222222
15924,0.25747039809719235,176.93333333333334
15925,0.25747039809719235,176.94444444444446
15926,0.25747039809719235,176.95555555555555
15927,0.25747039809719235,176.96666666666667
15928,0.25747039809719235,176.9777777777778
15929,0.25747039809719235,176.9888888888889
15930,0.25747039809719235,177.0
15931,0.25747039809719235,177.01111111111112
15932,0.25747039809719235,177.02222222222224
15933,0.25747039809719235,177.03333333333333
15934,0.25747039809719235,177.04444444444445
15935,0.25747039809719235,177.05555555555557
15936,0.25747039809719235,177.06666666666666
15937,0.25747039809719235,177.07777777777778
15938,0.25747039809719235,177.0888888888889
15939,0.25747039809719235,177.1
15940,0.25747039809719235,177.11111111111111
15941,0.25747039809719235,177.12222222222223
15942,0.25747039809719235,177.13333333333335
15943,0.25747039809719235,177.14444444444445
15944,0.25747039809719235,177.15555555555557
15945,0.25747039809719235,177.16666666666669
15946,0.25747039809719235,177.17777777777778
15947,0.25747039809719235,177.1888888888889
15948,0.25747039809719235,177.20000000000002
15949,0.25747039809719235,177.2111111111111
15950,0.25747039809719235,177.22222222222223
15951,0.25747039809719235,177.23333333333335
15952,0.25747039809719235,177.24444444444444
15953,0.25747039809719235,177.25555555555556
15954,0.25747039809719235,177.26666666666668
15955,0.25747039809719235,177.27777777777777
15956,0.25747039809719235,177.2888888888889
15957,0.25747039809719235,177.3
15958,0.25747039809719235,177.31111111111113
15959,0.25747039809719235,177.32222222222222
15960,0.25747039809719235,177.33333333333334
15961,0.25747039809719235,177.34444444444446
15962,0.20586189809719235,177.35555555555555
15963,0.10264489809719235,177.36666666666667
15964,0.10264489809719235,177.3777777777778
15965,0.10264489809719235,177.38888888888889
15966,0.10264489809719235,177.4
15967,0.10264489809719235,177.41111111111113
15968,0.10264489809719235,177.42222222222222
15969,0.10264489809719235,177.43333333333334
15970,0.10264489809719235,177.44444444444446
15971,0.10264489809719235,177.45555555555555
15972,0.10264489809719235,177.46666666666667
15973,0.10264489809719235,177.4777777777778
15974,0.10264489809719235,177.4888888888889
15975,0.10264489809719235,177.5
15976,0.10264489809719235,177.51111111111112
15977,0.10264489809719235,177.52222222222224
15978,0.10264489809719235,177.53333333333333
15979,0.10264489809719235,177.54444444444445
15980,0.10264489809719235,177.55555555555557
15981,0.10264489809719235,177.56666666666666
15982,0.10264489809719235,177.57777777777778
15983,0.10264489809719235,177.5888888888889
15984,0.10264489809719235,177.6
15985,0.10264489809719235,177.61111111111111
15986,0.10264489809719235,177.62222222222223
15987,0.10264489809719235,177.63333333333335
15988,0.10264489809719235,177.64444444444445
15989,0.10264489809719235,177.65555555555557
15990,0.10264489809707134,177.66666666666669
15991,0.055337198097192355,177.67777777777778
15992,0.03168334809719235,177.6888888888889
15993,0.03168334809719235,177.70000000000002
15994,0.03168334809719235,177.7111111111111
15995,0.03168334809719235,177.72222222222223
15996,0.03168334809719235,177.73333333333335
15997,0.03168334809719235,177.74444444444444
15998,0.03168334809719235,177.75555555555556
15999,0.03168334809719235,177.76666666666668
16000,0.03168334809719235,177.77777777777777
16001,0.03168334809719235,177.7888888888889
16002,0.03168334809719235,177.8
16003,0.03168334809719235,177.81111111111113
16004,0.03168334809719235,177.82222222222222
16005,0.03168334809719235,177.83333333333334
16006,0.03168334809719235,177.84444444444446
16007,0.03168334809719235,177.85555555555555
16008,0.03168334809719235,177.86666666666667
16009,0.03168334809719235,177.8777777777778
16010,0.03168334809719235,177.88888888888889
16011,0.03168334809719235,177.9
16012,0.03168334809719235,177.91111111111113
16013,0.03168334809719235,177.92222222222222
16014,0.03168334809719235,177.93333333333334
16015,0.03168334809719235,177.94444444444446
16016,0.03168334809719235,177.95555555555555
16017,0.03168334809719235,177.96666666666667
16018,0.03168334809719235,177.9777777777778
16019,0.03168334809719235,177.9888888888889
16020,0.03168334809719235,178.0
16021,0.03168334809719235,178.01111111111112
16022,0.03168334809719235,178.02222222222224
16023,0.03168334809719235,178.03333333333333
16024,0.03168334809719235,178.04444444444445
16025,0.03168334809719235,178.05555555555557
16026,0.03168334809719235,178.06666666666666
16027,0.03168334809719235,178.07777777777778
16028,0.03168334809719235,178.0888888888889
16029,0.03168334809719235,178.1
16030,0.03168334809719235,178.11111111111111
16031,0.03168334809719235,178.12222222222223
16032,0.03168334809719235,178.13333333333335
16033,0.03168334809719235,178.14444444444445
16034,0.03168334809719235,178.15555555555557
16035,0.03168334809719235,178.16666666666669
16036,0.03168334809719235,178.17777777777778
16037,0.03168334809719235,178.1888888888889
16038,0.03168334809719235,178.20000000000002
16039,0.03168334809719235,178.2111111111111
16040,0.03168334809719235,178.22222222222223
16041,0.03168334809719235,178.23333333333335
16042,0.03168334809719235,178.24444444444444
16043,0.03168334809719235,178.25555555555556
16044,0.03168334809719235,178.26666666666668
16045,0.03168334809719235,178.27777777777777
16046,0.03168334809719235,178.2888888888889
16047,0.03168334809719235,178.3
16048,0.03168334809719235,178.31111111111113
16049,0.03168334809719235,178.32222222222222
16050,0.03168334809719235,178.33333333333334
16051,0.03168334809719235,178.34444444444446
16052,0.03168334809719235,178.35555555555555
16053,0.03168334809719235,178.36666666666667
16054,0.03168334809719235,178.3777777777778
16055,0.03168334809719235,178.38888888888889
16056,0.03168334809719235,178.4
16057,0.03168334809719235,178.41111111111113
16058,0.03168334809719235,178.42222222222222
16059,0.03168334809719235,178.43333333333334
16060,0.03168334809719235,178.44444444444446
16061,0.03168334809719235,178.45555555555555
16062,0.03168334809719235,178.46666666666667
16063,0.03168334809719235,178.4777777777778
16064,0.03168334809719235,178.4888888888889
16065,0.03168334809719235,178.5
16066,0.03168334809719235,178.51111111111112
16067,0.03168334809719235,178.52222222222224
16068,0.03168334809719235,178.53333333333333
16069,0.03168334809719235,178.54444444444445
16070,0.03168334809719235,178.55555555555557
16071,0.03168334809719235,178.56666666666666
16072,0.03168334809719235,178.57777777777778
16073,0.03168334809719235,178.5888888888889
16074,0.03168334809719235,178.6
16075,0.03168334809719235,178.61111111111111
16076,0.03168334809719235,178.62222222222223
16077,0.03168334809719235,178.63333333333335
16078,0.03168334809719235,178.64444444444445
16079,0.03168334809719235,178.65555555555557
16080,0.03168334809719235,178.66666666666669
16081,0.03168334809719235,178.67777777777778
16082,0.03168334809719235,178.6888888888889
16083,0.03168334809719235,178.70000000000002
16084,0.03168334809719235,178.7111111111111
16085,0.03168334809719235,178.72222222222223
16086,0.03168334809719235,178.73333333333335
16087,0.03168334809719235,178.74444444444444
16088,0.03168334809719235,178.75555555555556
16089,0.03168334809719235,178.76666666666668
16090,0.03168334809719235,178.77777777777777
16091,0.03168334809719235,178.7888888888889
16092,0.03168334809719235,178.8
16093,0.03168334809719235,178.81111111111113
16094,0.03168334809719235,178.82222222222222
16095,0.03168334809719235,178.83333333333334
16096,0.03168334809719235,178.84444444444446
16097,0.03168334809719235,178.85555555555555
16098,0.03168334809719235,178.86666666666667
16099,0.03168334809719235,178.8777777777778
16100,0.03168334809719235,178.88888888888889
16101,0.03168334809719235,178.9
16102,0.03168334809719235,178.91111111111113
16103,0.03168334809719235,178.92222222222222
16104,0.03168334809719235,178.93333333333334
16105,0.03168334809719235,178.94444444444446
16106,0.03168334809719235,178.95555555555555
16107,0.03168334809719235,178.96666666666667
16108,0.03168334809719235,178.9777777777778
16109,0.03168334809719235,178.9888888888889
16110,0.03168334809719235,179.0
16111,0.03168334809719235,179.01111111111112
16112,0.03168334809719235,179.02222222222224
16113,0.03168334809719235,179.03333333333333
16114,0.03168334809719235,179.04444444444445
16115,0.03168334809719235,179.05555555555557
16116,0.03168334809719235,179.06666666666666
16117,0.03168334809719235,179.07777777777778
16118,0.03168334809719235,179.0888888888889
16119,0.03168334809719235,179.1
16120,0.03168334809719235,179.11111111111111
16121,0.03168334809719235,179.12222222222223
16122,0.03168334809719235,179.13333333333335
16123,0.03168334809719235,179.14444444444445
16124,0.03168334809719235,179.15555555555557
16125,0.03168334809719235,179.16666666666669
16126,0.03168334809719235,179.17777777777778
16127,0.03168334809719235,179.1888888888889
16128,0.03168334809719235,179.20000000000002
16129,0.03168334809719235,179.2111111111111
16130,0.03168334809719235,179.22222222222223
16131,0.03168334809719235,179.23333333333335
16132,0.03168334809719235,179.24444444444444
16133,0.03168334809719235,179.25555555555556
16134,0.03168334809719235,179.26666666666668
16135,0.03168334809719235,179.27777777777777
16136,0.03168334809719235,179.2888888888889
16137,0.03168334809719235,179.3
16138,0.03168334809719235,179.31111111111113
16139,0.03168334809719235,179.32222222222222
16140,0.03168334809719235,179.33333333333334
16141,0.03168334809719235,179.34444444444446
16142,0.03168334809719235,179.35555555555555
16143,0.03168334809719235,179.36666666666667
16144,0.03168334809719235,179.3777777777778
16145,0.03168334809719235,179.38888888888889
16146,0.03168334809719235,179.4
16147,0.03168334809719235,179.41111111111113
16148,0.03168334809719235,179.42222222222222
16149,0.03168334809719235,179.43333333333334
16150,0.03168334809719235,179.44444444444446
16151,0.03168334809719235,179.45555555555555
16152,0.03168334809719235,179.46666666666667
16153,0.03168334809719235,179.4777777777778
16154,0.03168334809719235,179.4888888888889
16155,0.03168334809719235,179.5
16156,0.03168334809719235,179.51111111111112
16157,0.03168334809719235,179.52222222222224
16158,0.03168334809719235,179.53333333333333
16159,0.03168334809719235,179.54444444444445
16160,0.03168334809719235,179.55555555555557
16161,0.03168334809719235,179.56666666666666
16162,0.03168334809719235,179.57777777777778
16163,0.03168334809719235,179.5888888888889
16164,0.03168334809719235,179.6
16165,0.03168334809719235,179.61111111111111
16166,0.03168334809719235,179.62222222222223
16167,0.03168334809719235,179.63333333333335
16168,0.03168334809719235,179.64444444444445
16169,0.03168334809719235,179.65555555555557
16170,0.03168334809719235,179.66666666666669
16171,0.03168334809719235,179.67777777777778
16172,0.03168334809719235,179.6888888888889
16173,0.03168334809719235,179.70000000000002
16174,0.03168334809719235,179.7111111111111
16175,0.03168334809719235,179.72222222222223
16176,0.03168334809719235,179.73333333333335
16177,0.03168334809719235,179.74444444444444
16178,0.03168334809719235,179.75555555555556
16179,0.03168334809719235,179.76666666666668
16180,0.03168334809719235,179.77777777777777
16181,0.03168334809719235,179.7888888888889
16182,0.03168334809719235,179.8
16183,0.03168334809719235,179.81111111111113
16184,0.03168334809719235,179.82222222222222
16185,0.03168334809719235,179.83333333333334
16186,0.03168334809719235,179.84444444444446
16187,0.03168334809719235,179.85555555555555
16188,0.03168334809719235,179.86666666666667
16189,0.03168334809719235,179.8777777777778
16190,0.03168334809719235,179.88888888888889
16191,0.03168334809719235,179.9
16192,0.03168334809719235,179.91111111111113
16193,0.03168334809719235,179.92222222222222
16194,0.03168334809719235,179.93333333333334
16195,0.03168334809719235,179.94444444444446
16196,0.03168334809719235,179.95555555555555
16197,0.03168334809719235,179.96666666666667
16198,0.03168334809719235,179.9777777777778
16199,0.03168334809719235,179.9888888888889
16200,0.03168334809719235,180.0
16201,0.03168334809719235,180.01111111111112
16202,0.03168334809719235,180.02222222222224
16203,0.03168334809719235,180.03333333333333
16204,0.03168334809719235,180.04444444444445
16205,0.03168334809719235,180.05555555555557
16206,0.03168334809719235,180.06666666666666
16207,0.03168334809719235,180.07777777777778
16208,0.03168334809719235,180.0888888888889
16209,0.03168334809719235,180.1
16210,0.03168334809719235,180.11111111111111
16211,0.03168334809719235,180.12222222222223
16212,0.03168334809719235,180.13333333333335
16213,0.03168334809719235,180.14444444444445
16214,0.03168334809719235,180.15555555555557
16215,0.03168334809719235,180.16666666666669
16216,0.03168334809719235,180.17777777777778
16217,0.03168334809719235,180.1888888888889
16218,0.03168334809719235,180.20000000000002
16219,0.03168334809719235,180.2111111111111
16220,0.03168334809719235,180.22222222222223
16221,0.03168334809719235,180.23333333333335
16222,0.03168334809719235,180.24444444444444
16223,0.03168334809719235,180.25555555555556
16224,0.03168334809719235,180.26666666666668
16225,0.03168334809719235,180.27777777777777
16226,0.03168334809719235,180.2888888888889
16227,0.03168334809719235,180.3
16228,0.03168334809719235,180.31111111111113
16229,0.03168334809719235,180.32222222222222
16230,0.03168334809719235,180.33333333333334
16231,0.03168334809719235,180.34444444444446
16232,0.03168334809719235,180.35555555555555
16233,0.03168334809719235,180.36666666666667
16234,0.03168334809719235,180.3777777777778
16235,0.03168334809719235,180.38888888888889
16236,0.03168334809719235,180.4
16237,0.03168334809719235,180.41111111111113
16238,0.03168334809719235,180.42222222222222
16239,0.03168334809719235,180.43333333333334
16240,0.03168334809719235,180.44444444444446
16241,0.03168334809719235,180.45555555555555
16242,0.03168334809719235,180.46666666666667
16243,0.03168334809719235,180.4777777777778
16244,0.03168334809719235,180.4888888888889
16245,0.03168334809719235,180.5
16246,0.03168334809719235,180.51111111111112
16247,0.03168334809719235,180.52222222222224
16248,0.03168334809719235,180.53333333333333
16249,0.03168334809719235,180.54444444444445
16250,0.03168334809719235,180.55555555555557
16251,0.03168334809719235,180.56666666666666
16252,0.03168334809719235,180.57777777777778
16253,0.03168334809719235,180.5888888888889
16254,0.03168334809719235,180.6
16255,0.03168334809719235,180.61111111111111
16256,0.03168334809719235,180.62222222222223
16257,0.03168334809719235,180.63333333333335
16258,0.03168334809719235,180.64444444444445
16259,0.03168334809719235,180.65555555555557
16260,0.03168334809719235,180.66666666666669
16261,0.03168334809719235,180.67777777777778
16262,0.03168334809719235,180.6888888888889
16263,0.03168334809719235,180.70000000000002
16264,0.03168334809719235,180.7111111111111
16265,0.03168334809719235,180.72222222222223
16266,0.03168334809719235,180.73333333333335
16267,0.03168334809719235,180.74444444444444
16268,0.03168334809719235,180.75555555555556
16269,0.03168334809719235,180.76666666666668
16270,0.03168334809719235,180.77777777777777
16271,0.03168334809719235,180.7888888888889
16272,0.03168334809719235,180.8
16273,0.03168334809719235,180.81111111111113
16274,0.03168334809719235,180.82222222222222
16275,0.03168334809719235,180.83333333333334
16276,0.03168334809719235,180.84444444444446
16277,0.03168334809719235,180.85555555555555
16278,0.03168334809719235,180.86666666666667
16279,0.03168334809719235,180.8777777777778
16280,0.03168334809719235,180.88888888888889
16281,0.03168334809719235,180.9
16282,0.03168334809719235,180.91111111111113
16283,0.03168334809719235,180.92222222222222
16284,0.03168334809719235,180.93333333333334
16285,0.03292701317818811,180.94444444444446
16286,0.0335488457186828,180.95555555555555
16287,0.0335488457186828,180.96666666666667
16288,0.03727984096167036,180.9777777777778
16289,0.0391453385831546,180.9888888888889
16290,0.0391453385831546,181.0
16291,0.04163266874514611,181.01111111111112
16292,0.0428763338261355,181.02222222222224
16293,0.0428763338261355,181.03333333333333
16294,0.05158198939309137,181.04444444444445
16295,0.0559348171765693,181.05555555555557
16296,0.0559348171765693,181.06666666666666
16297,0.0609094775005441,181.07777777777778
16298,0.0633968076625315,181.0888888888889
16299,0.0633968076625315,181.1
16300,0.0633968076625315,181.11111111111111
16301,0.06401864020302937,181.12222222222223
16302,0.06526230528402195,181.13333333333335
16303,0.06526230528402195,181.14444444444445
16304,0.06650597036501778,181.15555555555557
16305,0.06899330052700306,181.16666666666669
16306,0.06899330052700306,181.17777777777778
16307,0.06899330052700306,181.1888888888889
16308,0.06899330052700306,181.20000000000002
16309,0.06899330052700306,181.2111111111111
16310,0.06899330052700306,181.22222222222223
16311,0.06899330052700306,181.23333333333335
16312,0.06899330052700306,181.24444444444444
16313,0.06899330052700306,181.25555555555556
16314,0.06899330052700306,181.26666666666668
16315,0.06899330052700306,181.27777777777777
16316,0.06899330052700306,181.2888888888889
16317,0.06899330052700306,181.3
16318,0.06899330052700306,181.31111111111113
16319,0.06899330052700306,181.32222222222222
16320,0.06899330052700306,181.33333333333334
16321,0.06899330052700306,181.34444444444446
16322,0.06899330052700306,181.35555555555555
16323,0.06899330052700306,181.36666666666667
16324,0.06899330052700306,181.3777777777778
16325,0.06899330052700306,181.38888888888889
16326,0.06899330052700306,181.4
16327,0.06899330052700306,181.41111111111113
16328,0.06899330052700306,181.42222222222222
16329,0.06899330052700306,181.43333333333334
16330,0.07148063068899474,181.44444444444446
16331,0.07272429576998421,181.45555555555555
16332,0.07272429576998421,181.46666666666667
16333,0.07521162593197585,181.4777777777778
16334,0.0764552910129653,181.4888888888889
16335,0.0764552910129653,181.5
16336,0.07769895609396102,181.51111111111112
16337,0.0783207886344557,181.52222222222224
16338,0.0783207886344557,181.53333333333333
16339,0.07956445371544933,181.54444444444445
16340,0.08018628625594615,181.55555555555557
16341,0.08018628625594615,181.56666666666666
16342,0.08142995133694005,181.57777777777778
16343,0.082051783877437,181.5888888888889
16344,0.082051783877437,181.6
16345,0.082051783877437,181.61111111111111
16346,0.082051783877437,181.62222222222223
16347,0.082051783877437,181.63333333333335
16348,0.082051783877437,181.64444444444445
16349,0.082051783877437,181.65555555555557
16350,0.082051783877437,181.66666666666669
16351,0.082051783877437,181.67777777777778
16352,0.082051783877437,181.6888888888889
16353,0.082051783877437,181.70000000000002
16354,0.082051783877437,181.7111111111111
16355,0.082051783877437,181.72222222222223
16356,0.082051783877437,181.73333333333335
16357,0.082051783877437,181.74444444444444
16358,0.082051783877437,181.75555555555556
16359,0.082051783877437,181.76666666666668
16360,0.082051783877437,181.77777777777777
16361,0.082051783877437,181.7888888888889
16362,0.082051783877437,181.8
16363,0.082051783877437,181.81111111111113
16364,0.082051783877437,181.82222222222222
16365,0.082051783877437,181.83333333333334
16366,0.082051783877437,181.84444444444446
16367,0.082051783877437,181.85555555555555
16368,0.082051783877437,181.86666666666667
16369,0.082051783877437,181.8777777777778
16370,0.082051783877437,181.88888888888889
16371,0.082051783877437,181.9
16372,0.082051783877437,181.91111111111113
16373,0.082051783877437,181.92222222222222
16374,0.082051783877437,181.93333333333334
16375,0.082051783877437,181.94444444444446
16376,0.082051783877437,181.95555555555555
16377,0.082051783877437,181.96666666666667
16378,0.082051783877437,181.9777777777778
16379,0.082051783877437,181.9888888888889
16380,0.082051783877437,182.0
16381,0.082051783877437,182.01111111111112
16382,0.082051783877437,182.02222222222224
16383,0.082051783877437,182.03333333333333
16384,0.082051783877437,182.04444444444445
16385,0.082051783877437,182.05555555555557
16386,0.082051783877437,182.06666666666666
16387,0.082051783877437,182.07777777777778
16388,0.082051783877437,182.0888888888889
16389,0.082051783877437,182.1
16390,0.082051783877437,182.11111111111111
16391,0.082051783877437,182.12222222222223
16392,0.082051783877437,182.13333333333335
16393,0.082051783877437,182.14444444444445
16394,0.082051783877437,182.15555555555557
16395,0.082051783877437,182.16666666666669
16396,0.082051783877437,182.17777777777778
16397,0.082051783877437,182.1888888888889
16398,0.082051783877437,182.20000000000002
16399,0.082051783877437,182.2111111111111
16400,0.082051783877437,182.22222222222223
16401,0.082051783877437,182.23333333333335
16402,0.082051783877437,182.24444444444444
16403,0.082051783877437,182.25555555555556
16404,0.082051783877437,182.26666666666668
16405,0.082051783877437,182.27777777777777
16406,0.082051783877437,182.2888888888889
16407,0.082051783877437,182.3
16408,0.082051783877437,182.31111111111113
16409,0.082051783877437,182.32222222222222
16410,0.082051783877437,182.33333333333334
16411,0.082051783877437,182.34444444444446
16412,0.082051783877437,182.35555555555555
16413,0.082051783877437,182.36666666666667
16414,0.082051783877437,182.3777777777778
16415,0.082051783877437,182.38888888888889
16416,0.082051783877437,182.4
16417,0.082051783877437,182.41111111111113
16418,0.082051783877437,182.42222222222222
16419,0.082051783877437,182.43333333333334
16420,0.082051783877437,182.44444444444446
16421,0.082051783877437,182.45555555555555
16422,0.082051783877437,182.46666666666667
16423,0.082051783877437,182.4777777777778
16424,0.082051783877437,182.4888888888889
16425,0.082051783877437,182.5
16426,0.082051783877437,182.51111111111112
16427,0.082051783877437,182.52222222222224
16428,0.082051783877437,182.53333333333333
16429,0.082051783877437,182.54444444444445
16430,0.082051783877437,182.55555555555557
16431,0.082051783877437,182.56666666666666
16432,0.082051783877437,182.57777777777778
16433,0.082051783877437,182.5888888888889
16434,0.082051783877437,182.6
16435,0.08329544895843033,182.61111111111111
16436,0.083917281498927,182.62222222222223
16437,0.083917281498927,182.63333333333335
16438,0.083917281498927,182.64444444444445
16439,0.08453911403942506,182.65555555555557
16440,0.085782779120418,182.66666666666669
16441,0.085782779120418,182.67777777777778
16442,0.0864046116609159,182.6888888888889
16443,0.0876482767419085,182.70000000000002
16444,0.0876482767419085,182.7111111111111
16445,0.08827010928240639,182.72222222222223
16446,0.089513774363399,182.73333333333335
16447,0.089513774363399,182.74444444444444
16448,0.089513774363399,182.75555555555556
16449,0.089513774363399,182.76666666666668
16450,0.089513774363399,182.77777777777777
16451,0.09013560690389583,182.7888888888889
16452,0.0913792719848895,182.8
16453,0.0913792719848895,182.81111111111113
16454,0.0913792719848895,182.82222222222222
16455,0.0913792719848895,182.83333333333334
16456,0.0913792719848895,182.84444444444446
16457,0.09200110452538633,182.85555555555555
16458,0.09324476960638,182.86666666666667
16459,0.09324476960638,182.8777777777778
16460,0.09324476960638,182.88888888888889
16461,0.09324476960638,182.9
16462,0.09448843468737579,182.91111111111113
16463,0.0951102672278705,182.92222222222222
16464,0.0951102672278705,182.93333333333334
16465,0.0951102672278705,182.94444444444446
16466,0.0951102672278705,182.95555555555555
16467,0.0951102672278705,182.96666666666667
16468,0.0951102672278705,182.9777777777778
16469,0.0951102672278705,182.9888888888889
16470,0.0951102672278705,183.0
16471,0.09635393230886628,183.01111111111112
16472,0.09697576484936099,183.02222222222224
16473,0.09697576484936099,183.03333333333333
16474,0.09946309501134833,183.04444444444445
16475,0.100706760092342,183.05555555555557
16476,0.100706760092342,183.06666666666666
16477,0.10195042517333566,183.07777777777778
16478,0.1025722577138325,183.0888888888889
16479,0.1025722577138325,183.1
16480,0.10381592279482617,183.11111111111111
16481,0.1050595878758209,183.12222222222223
16482,0.1063032529568135,183.13333333333335
16483,0.1063032529568135,183.14444444444445
16484,0.10692508549731139,183.15555555555557
16485,0.108168750578304,183.16666666666669
16486,0.108168750578304,183.17777777777778
16487,0.10879058311880205,183.1888888888889
16488,0.11003424819979499,183.20000000000002
16489,0.11003424819979499,183.2111111111111
16490,0.11003424819979499,183.22222222222223
16491,0.11003424819979499,183.23333333333335
16492,0.11003424819979499,183.24444444444444
16493,0.11003424819979499,183.25555555555556
16494,0.11003424819979499,183.26666666666668
16495,0.11003424819979499,183.27777777777777
16496,0.11003424819979499,183.2888888888889
16497,0.11003424819979499,183.3
16498,0.11003424819979499,183.31111111111113
16499,0.11003424819979499,183.32222222222222
16500,0.11003424819979499,183.33333333333334
16501,0.11003424819979499,183.34444444444446
16502,0.11003424819979499,183.35555555555555
16503,0.11003424819979499,183.36666666666667
16504,0.11003424819979499,183.3777777777778
16505,0.11003424819979499,183.38888888888889
16506,0.11003424819979499,183.4
16507,0.11003424819979499,183.41111111111113
16508,0.11003424819979499,183.42222222222222
16509,0.11003424819979499,183.43333333333334
16510,0.11003424819979499,183.44444444444446
16511,0.11003424819979499,183.45555555555555
16512,0.11003424819979499,183.46666666666667
16513,0.11003424819979499,183.4777777777778
16514,0.11003424819979499,183.4888888888889
16515,0.11003424819979499,183.5
16516,0.11003424819979499,183.51111111111112
16517,0.11003424819979499,183.52222222222224
16518,0.11003424819979499,183.53333333333333
16519,0.11003424819979499,183.54444444444445
16520,0.11003424819979499,183.55555555555557
16521,0.11003424819979499,183.56666666666666
16522,0.11003424819979499,183.57777777777778
16523,0.11003424819979499,183.5888888888889
16524,0.11003424819979499,183.6
16525,0.11003424819979499,183.61111111111111
16526,0.11003424819979499,183.62222222222223
16527,0.11003424819979499,183.63333333333335
16528,0.11003424819979499,183.64444444444445
16529,0.11003424819979499,183.65555555555557
16530,0.11003424819979499,183.66666666666669
16531,0.11003424819979499,183.67777777777778
16532,0.11003424819979499,183.6888888888889
16533,0.11003424819979499,183.70000000000002
16534,0.11003424819979499,183.7111111111111
16535,0.11003424819979499,183.72222222222223
16536,0.11003424819979499,183.73333333333335
16537,0.11003424819979499,183.74444444444444
16538,0.11003424819979499,183.75555555555556
16539,0.11003424819979499,183.76666666666668
16540,0.11003424819979499,183.77777777777777
16541,0.20823376486646167,183.7888888888889
16542,0.40463279819979503,183.8
16543,0.40463279819979503,183.81111111111113
16544,0.40463279819979503,183.82222222222222
16545,0.40463279819979503,183.83333333333334
16546,0.40463279819979503,183.84444444444446
16547,0.40463279819979503,183.85555555555555
16548,0.40463279819979503,183.86666666666667
16549,0.40463279819979503,183.8777777777778
16550,0.40463279819979503,183.88888888888889
16551,0.40463279819979503,183.9
16552,0.40463279819979503,183.91111111111113
16553,0.40463279819979503,183.92222222222222
16554,0.40463279819979503,183.93333333333334
16555,0.40463279819979503,183.94444444444446
16556,0.40463279819979503,183.95555555555555
16557,0.40463279819979503,183.96666666666667
16558,0.40463279819979503,183.9777777777778
16559,0.40463279819979503,183.9888888888889
16560,0.40463279819979503,184.0
16561,0.40463279819979503,184.01111111111112
16562,0.40463279819979503,184.02222222222224
16563,0.40463279819979503,184.03333333333333
16564,0.40463279819979503,184.04444444444445
16565,0.40463279819979503,184.05555555555557
16566,0.40463279819979503,184.06666666666666
16567,0.40463279819979503,184.07777777777778
16568,0.40463279819979503,184.0888888888889
16569,0.40463279819979503,184.1
16570,0.40463279819979503,184.11111111111111
16571,0.40463279819979503,184.12222222222223
16572,0.40463279819979503,184.13333333333335
16573,0.40463279819979503,184.14444444444445
16574,0.40463279819979503,184.15555555555557
16575,0.40463279819979503,184.16666666666669
16576,0.40463279819979503,184.17777777777778
16577,0.40463279819979503,184.1888888888889
16578,0.40463279819979503,184.20000000000002
16579,0.40463279819979503,184.2111111111111
16580,0.40463279819979503,184.22222222222223
16581,0.40463279819979503,184.23333333333335
16582,0.40463279819979503,184.24444444444444
16583,0.40463279819979503,184.25555555555556
16584,0.40463279819979503,184.26666666666668
16585,0.40463279819979503,184.27777777777777
16586,0.40463279819979503,184.2888888888889
16587,0.40463279819979503,184.3
16588,0.40463279819979503,184.31111111111113
16589,0.40463279819979503,184.32222222222222
16590,0.40463279819979503,184.33333333333334
16591,0.40463279819979503,184.34444444444446
16592,0.40463279819979503,184.35555555555555
16593,0.40463279819979503,184.36666666666667
16594,0.40463279819979503,184.3777777777778
16595,0.40463279819979503,184.38888888888889
16596,0.40463279819979503,184.4
16597,0.40463279819979503,184.41111111111113
16598,0.40463279819979503,184.42222222222222
16599,0.40463279819979503,184.43333333333334
16600,0.40463279819979503,184.44444444444446
16601,0.40463279819979503,184.45555555555555
16602,0.40463279819979503,184.46666666666667
16603,0.40463279819979503,184.4777777777778
16604,0.40463279819979503,184.4888888888889
16605,0.40463279819979503,184.5
16606,0.40463279819979503,184.51111111111112
16607,0.40463279819979503,184.52222222222224
16608,0.40463279819979503,184.53333333333333
16609,0.40463279819979503,184.54444444444445
16610,0.40463279819979503,184.55555555555557
16611,0.40463279819979503,184.56666666666666
16612,0.40463279819979503,184.57777777777778
16613,0.40463279819979503,184.5888888888889
16614,0.40463279819979503,184.6
16615,0.40463279819979503,184.61111111111111
16616,0.4039159648664605,184.62222222222223
16617,0.402482298199795,184.63333333333335
16618,0.402482298199795,184.64444444444445
16619,0.402482298199795,184.65555555555557
16620,0.402482298199795,184.66666666666669
16621,0.402482298199795,184.67777777777778
16622,0.402482298199795,184.6888888888889
16623,0.402482298199795,184.70000000000002
16624,0.402482298199795,184.7111111111111
16625,0.402482298199795,184.72222222222223
16626,0.4024822981997913,184.73333333333335
16627,0.40104863153312836,184.74444444444444
16628,0.40033179819979503,184.75555555555556
16629,0.40033179819979137,184.76666666666668
16630,0.3988981315331283,184.77777777777777
16631,0.398181298199795,184.7888888888889
16632,0.398181298199795,184.8
16633,0.398181298199795,184.81111111111113
16634,0.398181298199795,184.82222222222222
16635,0.398181298199795,184.83333333333334
16636,0.398181298199795,184.84444444444446
16637,0.398181298199795,184.85555555555555
16638,0.398181298199795,184.86666666666667
16639,0.398181298199795,184.8777777777778
16640,0.398181298199795,184.88888888888889
16641,0.398181298199795,184.9
16642,0.398181298199795,184.91111111111113
16643,0.398181298199795,184.92222222222222
16644,0.398181298199795,184.93333333333334
16645,0.398181298199795,184.94444444444446
16646,0.398181298199795,184.95555555555555
16647,0.398181298199795,184.96666666666667
16648,0.398181298199795,184.9777777777778
16649,0.398181298199795,184.9888888888889
16650,0.398181298199795,185.0
16651,0.398181298199795,185.01111111111112
16652,0.398181298199795,185.02222222222224
16653,0.398181298199795,185.03333333333333
16654,0.398181298199795,185.04444444444445
16655,0.398181298199795,185.05555555555557
16656,0.398181298199795,185.06666666666666
16657,0.398181298199795,185.07777777777778
16658,0.398181298199795,185.0888888888889
16659,0.398181298199795,185.1
16660,0.398181298199795,185.11111111111111
16661,0.398181298199795,185.12222222222223
16662,0.398181298199795,185.13333333333335
16663,0.398181298199795,185.14444444444445
16664,0.398181298199795,185.15555555555557
16665,0.398181298199795,185.16666666666669
16666,0.398181298199795,185.17777777777778
16667,0.398181298199795,185.1888888888889
16668,0.398181298199795,185.20000000000002
16669,0.398181298199795,185.2111111111111
16670,0.398181298199795,185.22222222222223
16671,0.398181298199795,185.23333333333335
16672,0.398181298199795,185.24444444444444
16673,0.398181298199795,185.25555555555556
16674,0.398181298199795,185.26666666666668
16675,0.398181298199795,185.27777777777777
16676,0.398181298199795,185.2888888888889
16677,0.398181298199795,185.3
16678,0.398181298199795,185.31111111111113
16679,0.398181298199795,185.32222222222222
16680,0.398181298199795,185.33333333333334
16681,0.398181298199795,185.34444444444446
16682,0.398181298199795,185.35555555555555
16683,0.398181298199795,185.36666666666667
16684,0.398181298199795,185.3777777777778
16685,0.398181298199795,185.38888888888889
16686,0.398181298199795,185.4
16687,0.398181298199795,185.41111111111113
16688,0.398181298199795,185.42222222222222
16689,0.398181298199795,185.43333333333334
16690,0.398181298199795,185.44444444444446
16691,0.398181298199795,185.45555555555555
16692,0.398181298199795,185.46666666666667
16693,0.398181298199795,185.4777777777778
16694,0.398181298199795,185.4888888888889
16695,0.398181298199795,185.5
16696,0.398181298199795,185.51111111111112
16697,0.398181298199795,185.52222222222224
16698,0.398181298199795,185.53333333333333
16699,0.398181298199795,185.54444444444445
16700,0.398181298199795,185.55555555555557
16701,0.398181298199795,185.56666666666666
16702,0.398181298199795,185.57777777777778
16703,0.398181298199795,185.5888888888889
16704,0.398181298199795,185.6
16705,0.398181298199795,185.61111111111111
16706,0.398181298199795,185.62222222222223
16707,0.398181298199795,185.63333333333335
16708,0.398181298199795,185.64444444444445
16709,0.398181298199795,185.65555555555557
16710,0.398181298199795,185.66666666666669
16711,0.398181298199795,185.67777777777778
16712,0.398181298199795,185.6888888888889
16713,0.398181298199795,185.70000000000002
16714,0.398181298199795,185.7111111111111
16715,0.398181298199795,185.72222222222223
16716,0.398181298199795,185.73333333333335
16717,0.398181298199795,185.74444444444444
16718,0.398181298199795,185.75555555555556
16719,0.398181298199795,185.76666666666668
16720,0.398181298199795,185.77777777777777
16721,0.398181298199795,185.7888888888889
16722,0.398181298199795,185.8
16723,0.398181298199795,185.81111111111113
16724,0.398181298199795,185.82222222222222
16725,0.398181298199795,185.83333333333334
16726,0.398181298199795,185.84444444444446
16727,0.398181298199795,185.85555555555555
16728,0.398181298199795,185.86666666666667
16729,0.398181298199795,185.8777777777778
16730,0.398181298199795,185.88888888888889
16731,0.398181298199795,185.9
16732,0.398181298199795,185.91111111111113
16733,0.398181298199795,185.92222222222222
16734,0.398181298199795,185.93333333333334
16735,0.398181298199795,185.94444444444446
16736,0.398181298199795,185.95555555555555
16737,0.398181298199795,185.96666666666667
16738,0.398181298199795,185.9777777777778
16739,0.398181298199795,185.9888888888889
16740,0.398181298199795,186.0
16741,0.398181298199795,186.01111111111112
16742,0.398181298199795,186.02222222222224
16743,0.398181298199795,186.03333333333333
16744,0.398181298199795,186.04444444444445
16745,0.398181298199795,186.05555555555557
16746,0.398181298199795,186.06666666666666
16747,0.398181298199795,186.07777777777778
16748,0.398181298199795,186.0888888888889
16749,0.398181298199795,186.1
16750,0.398181298199795,186.11111111111111
16751,0.398181298199795,186.12222222222223
16752,0.398181298199795,186.13333333333335
16753,0.398181298199795,186.14444444444445
16754,0.398181298199795,186.15555555555557
16755,0.398181298199795,186.16666666666669
16756,0.398181298199795,186.17777777777778
16757,0.398181298199795,186.1888888888889
16758,0.398181298199795,186.20000000000002
16759,0.398181298199795,186.2111111111111
16760,0.398181298199795,186.22222222222223
16761,0.398181298199795,186.23333333333335
16762,0.398181298199795,186.24444444444444
16763,0.398181298199795,186.25555555555556
16764,0.398181298199795,186.26666666666668
16765,0.398181298199795,186.27777777777777
16766,0.398181298199795,186.2888888888889
16767,0.398181298199795,186.3
16768,0.398181298199795,186.31111111111113
16769,0.398181298199795,186.32222222222222
16770,0.398181298199795,186.33333333333334
16771,0.398181298199795,186.34444444444446
16772,0.398181298199795,186.35555555555555
16773,0.398181298199795,186.36666666666667
16774,0.398181298199795,186.3777777777778
16775,0.398181298199795,186.38888888888889
16776,0.398181298199795,186.4
16777,0.398181298199795,186.41111111111113
16778,0.398181298199795,186.42222222222222
16779,0.398181298199795,186.43333333333334
16780,0.398181298199795,186.44444444444446
16781,0.398181298199795,186.45555555555555
16782,0.398181298199795,186.46666666666667
16783,0.398181298199795,186.4777777777778
16784,0.398181298199795,186.4888888888889
16785,0.398181298199795,186.5
16786,0.398181298199795,186.51111111111112
16787,0.398181298199795,186.52222222222224
16788,0.398181298199795,186.53333333333333
16789,0.398181298199795,186.54444444444445
16790,0.398181298199795,186.55555555555557
16791,0.398181298199795,186.56666666666666
16792,0.398181298199795,186.57777777777778
16793,0.398181298199795,186.5888888888889
16794,0.398181298199795,186.6
16795,0.398181298199795,186.61111111111111
16796,0.398181298199795,186.62222222222223
16797,0.398181298199795,186.63333333333335
16798,0.398181298199795,186.64444444444445
16799,0.398181298199795,186.65555555555557
16800,0.398181298199795,186.66666666666669
16801,0.398181298199795,186.67777777777778
16802,0.398181298199795,186.6888888888889
16803,0.398181298199795,186.70000000000002
16804,0.398181298199795,186.7111111111111
16805,0.398181298199795,186.72222222222223
16806,0.398181298199795,186.73333333333335
16807,0.398181298199795,186.74444444444444
16808,0.398181298199795,186.75555555555556
16809,0.398181298199795,186.76666666666668
16810,0.398181298199795,186.77777777777777
16811,0.398181298199795,186.7888888888889
16812,0.398181298199795,186.8
16813,0.398181298199795,186.81111111111113
16814,0.398181298199795,186.82222222222222
16815,0.398181298199795,186.83333333333334
16816,0.398181298199795,186.84444444444446
16817,0.398181298199795,186.85555555555555
16818,0.398181298199795,186.86666666666667
16819,0.398181298199795,186.8777777777778
16820,0.398181298199795,186.88888888888889
16821,0.398181298199795,186.9
16822,0.398181298199795,186.91111111111113
16823,0.398181298199795,186.92222222222222
16824,0.398181298199795,186.93333333333334
16825,0.398181298199795,186.94444444444446
16826,0.398181298199795,186.95555555555555
16827,0.398181298199795,186.96666666666667
16828,0.398181298199795,186.9777777777778
16829,0.398181298199795,186.9888888888889
16830,0.398181298199795,187.0
16831,0.398181298199795,187.01111111111112
16832,0.398181298199795,187.02222222222224
16833,0.398181298199795,187.03333333333333
16834,0.398181298199795,187.04444444444445
16835,0.398181298199795,187.05555555555557
16836,0.398181298199795,187.06666666666666
16837,0.398181298199795,187.07777777777778
16838,0.398181298199795,187.0888888888889
16839,0.398181298199795,187.1
16840,0.398181298199795,187.11111111111111
16841,0.398181298199795,187.12222222222223
16842,0.398181298199795,187.13333333333335
16843,0.398181298199795,187.14444444444445
16844,0.398181298199795,187.15555555555557
16845,0.398181298199795,187.16666666666669
16846,0.398181298199795,187.17777777777778
16847,0.398181298199795,187.1888888888889
16848,0.398181298199795,187.20000000000002
16849,0.398181298199795,187.2111111111111
16850,0.398181298199795,187.22222222222223
16851,0.398181298199795,187.23333333333335
16852,0.398181298199795,187.24444444444444
16853,0.398181298199795,187.25555555555556
16854,0.398181298199795,187.26666666666668
16855,0.398181298199795,187.27777777777777
16856,0.398181298199795,187.2888888888889
16857,0.398181298199795,187.3
16858,0.398181298199795,187.31111111111113
16859,0.398181298199795,187.32222222222222
16860,0.398181298199795,187.33333333333334
16861,0.398181298199795,187.34444444444446
16862,0.398181298199795,187.35555555555555
16863,0.398181298199795,187.36666666666667
16864,0.398181298199795,187.3777777777778
16865,0.398181298199795,187.38888888888889
16866,0.398181298199795,187.4
16867,0.398181298199795,187.41111111111113
16868,0.398181298199795,187.42222222222222
16869,0.398181298199795,187.43333333333334
16870,0.398181298199795,187.44444444444446
16871,0.398181298199795,187.45555555555555
16872,0.398181298199795,187.46666666666667
16873,0.398181298199795,187.4777777777778
16874,0.398181298199795,187.4888888888889
16875,0.398181298199795,187.5
16876,0.398181298199795,187.51111111111112
16877,0.398181298199795,187.52222222222224
16878,0.398181298199795,187.53333333333333
16879,0.398181298199795,187.54444444444445
16880,0.398181298199795,187.55555555555557
16881,0.398181298199795,187.56666666666666
16882,0.398181298199795,187.57777777777778
16883,0.398181298199795,187.5888888888889
16884,0.398181298199795,187.6
16885,0.398181298199795,187.61111111111111
16886,0.398181298199795,187.62222222222223
16887,0.398181298199795,187.63333333333335
16888,0.398181298199795,187.64444444444445
16889,0.398181298199795,187.65555555555557
16890,0.398181298199795,187.66666666666669
16891,0.398181298199795,187.67777777777778
16892,0.398181298199795,187.6888888888889
16893,0.398181298199795,187.70000000000002
16894,0.398181298199795,187.7111111111111
16895,0.398181298199795,187.72222222222223
16896,0.398181298199795,187.73333333333335
16897,0.398181298199795,187.74444444444444
16898,0.398181298199795,187.75555555555556
16899,0.398181298199795,187.76666666666668
16900,0.398181298199795,187.77777777777777
16901,0.398181298199795,187.7888888888889
16902,0.398181298199795,187.8
16903,0.398181298199795,187.81111111111113
16904,0.398181298199795,187.82222222222222
16905,0.398181298199795,187.83333333333334
16906,0.398181298199795,187.84444444444446
16907,0.398181298199795,187.85555555555555
16908,0.398181298199795,187.86666666666667
16909,0.398181298199795,187.8777777777778
16910,0.398181298199795,187.88888888888889
16911,0.398181298199795,187.9
16912,0.398181298199795,187.91111111111113
16913,0.398181298199795,187.92222222222222
16914,0.398181298199795,187.93333333333334
16915,0.398181298199795,187.94444444444446
16916,0.398181298199795,187.95555555555555
16917,0.398181298199795,187.96666666666667
16918,0.398181298199795,187.9777777777778
16919,0.398181298199795,187.9888888888889
16920,0.398181298199795,188.0
16921,0.398181298199795,188.01111111111112
16922,0.398181298199795,188.02222222222224
16923,0.398181298199795,188.03333333333333
16924,0.4031559585237697,188.04444444444445
16925,0.405643288685757,188.05555555555557
16926,0.405643288685757,188.06666666666666
16927,0.40688695376675066,188.07777777777778
16928,0.4075087863072475,188.0888888888889
16929,0.4075087863072475,188.1
16930,0.4087524513882412,188.11111111111111
16931,0.4099961164692359,188.12222222222223
16932,0.4112397815502285,188.13333333333335
16933,0.4112397815502285,188.14444444444445
16934,0.4112397815502285,188.15555555555557
16935,0.4112397815502285,188.16666666666669
16936,0.4112397815502285,188.17777777777778
16937,0.4118616140907264,188.1888888888889
16938,0.413105279171719,188.20000000000002
16939,0.413105279171719,188.2111111111111
16940,0.413105279171719,188.22222222222223
16941,0.413105279171719,188.23333333333335
16942,0.413105279171719,188.24444444444444
16943,0.4137271117122169,188.25555555555556
16944,0.4149707767932095,188.26666666666668
16945,0.4149707767932095,188.27777777777777
16946,0.41559260933370634,188.2888888888889
16947,0.4168362744147,188.3
16948,0.4168362744147,188.31111111111113
16949,0.4168362744147,188.32222222222222
16950,0.4168362744147,188.33333333333334
16951,0.4168362744147,188.34444444444446
16952,0.4168362744147,188.35555555555555
16953,0.4168362744147,188.36666666666667
16954,0.4168362744147,188.3777777777778
16955,0.4168362744147,188.38888888888889
16956,0.4168362744147,188.4
16957,0.4168362744147,188.41111111111113
16958,0.4168362744147,188.42222222222222
16959,0.4168362744147,188.43333333333334
16960,0.4168362744147,188.44444444444446
16961,0.4168362744147,188.45555555555555
16962,0.4168362744147,188.46666666666667
16963,0.4168362744147,188.4777777777778
16964,0.4168362744147,188.4888888888889
16965,0.4168362744147,188.5
16966,0.4168362744147,188.51111111111112
16967,0.4168362744147,188.52222222222224
16968,0.4168362744147,188.53333333333333
16969,0.41807993949569366,188.54444444444445
16970,0.4187017720361905,188.55555555555557
16971,0.4187017720361905,188.56666666666666
16972,0.4187017720361905,188.57777777777778
16973,0.4187017720361905,188.5888888888889
16974,0.4187017720361905,188.6
16975,0.4199454371171845,188.61111111111111
16976,0.42118910219817923,188.62222222222223
16977,0.4224327672791715,188.63333333333335
16978,0.4224327672791715,188.64444444444445
16979,0.4230545998196694,188.65555555555557
16980,0.424298264900662,188.66666666666669
16981,0.424298264900662,188.67777777777778
16982,0.42492009744116005,188.6888888888889
16983,0.426163762522153,188.70000000000002
16984,0.426163762522153,188.7111111111111
16985,0.426163762522153,188.72222222222223
16986,0.426163762522153,188.73333333333335
16987,0.426163762522153,188.74444444444444
16988,0.426163762522153,188.75555555555556
16989,0.426163762522153,188.76666666666668
16990,0.426163762522153,188.77777777777777
16991,0.426163762522153,188.7888888888889
16992,0.426163762522153,188.8
16993,0.426163762522153,188.81111111111113
16994,0.426163762522153,188.82222222222222
16995,0.426163762522153,188.83333333333334
16996,0.426163762522153,188.84444444444446
16997,0.426163762522153,188.85555555555555
16998,0.426163762522153,188.86666666666667
16999,0.426163762522153,188.8777777777778
17000,0.426163762522153,188.88888888888889
17001,0.426163762522153,188.9
17002,0.426163762522153,188.91111111111113
17003,0.426163762522153,188.92222222222222
17004,0.426163762522153,188.93333333333334
17005,0.426163762522153,188.94444444444446
17006,0.426163762522153,188.95555555555555
17007,0.426163762522153,188.96666666666667
17008,0.426163762522153,188.9777777777778
17009,0.426163762522153,188.9888888888889
17010,0.426163762522153,189.0
17011,0.426163762522153,189.01111111111112
17012,0.426163762522153,189.02222222222224
17013,0.426163762522153,189.03333333333333
17014,0.426163762522153,189.04444444444445
17015,0.426163762522153,189.05555555555557
17016,0.426163762522153,189.06666666666666
17017,0.426163762522153,189.07777777777778
17018,0.426163762522153,189.0888888888889
17019,0.426163762522153,189.1
17020,0.426163762522153,189.11111111111111
17021,0.426163762522153,189.12222222222223
17022,0.426163762522153,189.13333333333335
17023,0.426163762522153,189.14444444444445
17024,0.426163762522153,189.15555555555557
17025,0.426163762522153,189.16666666666669
17026,0.426163762522153,189.17777777777778
17027,0.426163762522153,189.1888888888889
17028,0.426163762522153,189.20000000000002
17029,0.426163762522153,189.2111111111111
17030,0.426163762522153,189.22222222222223
17031,0.426163762522153,189.23333333333335
17032,0.426163762522153,189.24444444444444
17033,0.426163762522153,189.25555555555556
17034,0.426163762522153,189.26666666666668
17035,0.426163762522153,189.27777777777777
17036,0.426163762522153,189.2888888888889
17037,0.426163762522153,189.3
17038,0.426163762522153,189.31111111111113
17039,0.426163762522153,189.32222222222222
17040,0.426163762522153,189.33333333333334
17041,0.426163762522153,189.34444444444446
17042,0.426163762522153,189.35555555555555
17043,0.426163762522153,189.36666666666667
17044,0.426163762522153,189.3777777777778
17045,0.426163762522153,189.38888888888889
17046,0.426163762522153,189.4
17047,0.426163762522153,189.41111111111113
17048,0.426163762522153,189.42222222222222
17049,0.426163762522153,189.43333333333334
17050,0.426163762522153,189.44444444444446
17051,0.426163762522153,189.45555555555555
17052,0.426163762522153,189.46666666666667
17053,0.426163762522153,189.4777777777778
17054,0.426163762522153,189.4888888888889
17055,0.426163762522153,189.5
17056,0.426163762522153,189.51111111111112
17057,0.426163762522153,189.52222222222224
17058,0.426163762522153,189.53333333333333
17059,0.426163762522153,189.54444444444445
17060,0.426163762522153,189.55555555555557
17061,0.426163762522153,189.56666666666666
17062,0.426163762522153,189.57777777777778
17063,0.426163762522153,189.5888888888889
17064,0.426163762522153,189.6
17065,0.426163762522153,189.61111111111111
17066,0.426163762522153,189.62222222222223
17067,0.426163762522153,189.63333333333335
17068,0.426163762522153,189.64444444444445
17069,0.426163762522153,189.65555555555557
17070,0.426163762522153,189.66666666666669
17071,0.426163762522153,189.67777777777778
17072,0.426163762522153,189.6888888888889
17073,0.426163762522153,189.70000000000002
17074,0.426163762522153,189.7111111111111
17075,0.426163762522153,189.72222222222223
17076,0.426163762522153,189.73333333333335
17077,0.426163762522153,189.74444444444444
17078,0.426163762522153,189.75555555555556
17079,0.426163762522153,189.76666666666668
17080,0.426163762522153,189.77777777777777
17081,0.426163762522153,189.7888888888889
17082,0.426163762522153,189.8
17083,0.426163762522153,189.81111111111113
17084,0.426163762522153,189.82222222222222
17085,0.426163762522153,189.83333333333334
17086,0.426163762522153,189.84444444444446
17087,0.426163762522153,189.85555555555555
17088,0.426163762522153,189.86666666666667
17089,0.426163762522153,189.8777777777778
17090,0.426163762522153,189.88888888888889
17091,0.426163762522153,189.9
17092,0.426163762522153,189.91111111111113
17093,0.426163762522153,189.92222222222222
17094,0.426163762522153,189.93333333333334
17095,0.426163762522153,189.94444444444446
17096,0.426163762522153,189.95555555555555
17097,0.426163762522153,189.96666666666667
17098,0.426163762522153,189.9777777777778
17099,0.426163762522153,189.9888888888889
17100,0.426163762522153,190.0
17101,0.426163762522153,190.01111111111112
17102,0.426163762522153,190.02222222222224
17103,0.426163762522153,190.03333333333333
17104,0.426163762522153,190.04444444444445
17105,0.426163762522153,190.05555555555557
17106,0.426163762522153,190.06666666666666
17107,0.426163762522153,190.07777777777778
17108,0.426163762522153,190.0888888888889
17109,0.426163762522153,190.1
17110,0.426163762522153,190.11111111111111
17111,0.426163762522153,190.12222222222223
17112,0.426163762522153,190.13333333333335
17113,0.426163762522153,190.14444444444445
17114,0.426163762522153,190.15555555555557
17115,0.426163762522153,190.16666666666669
17116,0.426163762522153,190.17777777777778
17117,0.426163762522153,190.1888888888889
17118,0.426163762522153,190.20000000000002
17119,0.426163762522153,190.2111111111111
17120,0.426163762522153,190.22222222222223
17121,0.426163762522153,190.23333333333335
17122,0.426163762522153,190.24444444444444
17123,0.426163762522153,190.25555555555556
17124,0.426163762522153,190.26666666666668
17125,0.426163762522153,190.27777777777777
17126,0.426163762522153,190.2888888888889
17127,0.426163762522153,190.3
17128,0.426163762522153,190.31111111111113
17129,0.426163762522153,190.32222222222222
17130,0.426163762522153,190.33333333333334
17131,0.426163762522153,190.34444444444446
17132,0.426163762522153,190.35555555555555
17133,0.426163762522153,190.36666666666667
17134,0.426163762522153,190.3777777777778
17135,0.426163762522153,190.38888888888889
17136,0.426163762522153,190.4
17137,0.426163762522153,190.41111111111113
17138,0.426163762522153,190.42222222222222
17139,0.426163762522153,190.43333333333334
17140,0.426163762522153,190.44444444444446
17141,0.426163762522153,190.45555555555558
17142,0.426163762522153,190.46666666666667
17143,0.426163762522153,190.4777777777778
17144,0.426163762522153,190.4888888888889
17145,0.426163762522153,190.5
17146,0.426163762522153,190.51111111111112
17147,0.426163762522153,190.52222222222224
17148,0.426163762522153,190.53333333333333
17149,0.426163762522153,190.54444444444445
17150,0.426163762522153,190.55555555555557
17151,0.426163762522153,190.56666666666666
17152,0.426163762522153,190.57777777777778
17153,0.426163762522153,190.5888888888889
17154,0.426163762522153,190.6
17155,0.426163762522153,190.61111111111111
17156,0.426163762522153,190.62222222222223
17157,0.426163762522153,190.63333333333335
17158,0.426163762522153,190.64444444444445
17159,0.426163762522153,190.65555555555557
17160,0.426163762522153,190.66666666666669
17161,0.426163762522153,190.67777777777778
17162,0.426163762522153,190.6888888888889
17163,0.426163762522153,190.70000000000002
17164,0.426163762522153,190.7111111111111
17165,0.426163762522153,190.72222222222223
17166,0.426163762522153,190.73333333333335
17167,0.426163762522153,190.74444444444444
17168,0.426163762522153,190.75555555555556
17169,0.426163762522153,190.76666666666668
17170,0.426163762522153,190.77777777777777
17171,0.426163762522153,190.7888888888889
17172,0.426163762522153,190.8
17173,0.426163762522153,190.81111111111113
17174,0.426163762522153,190.82222222222222
17175,0.426163762522153,190.83333333333334
17176,0.426163762522153,190.84444444444446
17177,0.426163762522153,190.85555555555555
17178,0.426163762522153,190.86666666666667
17179,0.426163762522153,190.8777777777778
17180,0.426163762522153,190.88888888888889
17181,0.426163762522153,190.9
17182,0.426163762522153,190.91111111111113
17183,0.426163762522153,190.92222222222222
17184,0.426163762522153,190.93333333333334
17185,0.426163762522153,190.94444444444446
17186,0.426163762522153,190.95555555555558
17187,0.426163762522153,190.96666666666667
17188,0.426163762522153,190.9777777777778
17189,0.426163762522153,190.9888888888889
17190,0.426163762522153,191.0
17191,0.426163762522153,191.01111111111112
17192,0.426163762522153,191.02222222222224
17193,0.426163762522153,191.03333333333333
17194,0.426163762522153,191.04444444444445
17195,0.426163762522153,191.05555555555557
17196,0.426163762522153,191.06666666666666
17197,0.426163762522153,191.07777777777778
17198,0.426163762522153,191.0888888888889
17199,0.426163762522153,191.1
17200,0.426163762522153,191.11111111111111
17201,0.426163762522153,191.12222222222223
17202,0.426163762522153,191.13333333333335
17203,0.426163762522153,191.14444444444445
17204,0.426163762522153,191.15555555555557
17205,0.426163762522153,191.16666666666669
17206,0.426163762522153,191.17777777777778
17207,0.426163762522153,191.1888888888889
17208,0.426163762522153,191.20000000000002
17209,0.426163762522153,191.2111111111111
17210,0.426163762522153,191.22222222222223
17211,0.426163762522153,191.23333333333335
17212,0.426163762522153,191.24444444444444
17213,0.426163762522153,191.25555555555556
17214,0.426163762522153,191.26666666666668
17215,0.426163762522153,191.27777777777777
17216,0.426163762522153,191.2888888888889
17217,0.426163762522153,191.3
17218,0.426163762522153,191.31111111111113
17219,0.426163762522153,191.32222222222222
17220,0.426163762522153,191.33333333333334
17221,0.426163762522153,191.34444444444446
17222,0.426163762522153,191.35555555555555
17223,0.426163762522153,191.36666666666667
17224,0.426163762522153,191.3777777777778
17225,0.426163762522153,191.38888888888889
17226,0.426163762522153,191.4
17227,0.426163762522153,191.41111111111113
17228,0.426163762522153,191.42222222222222
17229,0.426163762522153,191.43333333333334
17230,0.426163762522153,191.44444444444446
17231,0.426163762522153,191.45555555555558
17232,0.426163762522153,191.46666666666667
17233,0.426163762522153,191.4777777777778
17234,0.426163762522153,191.4888888888889
17235,0.426163762522153,191.5
17236,0.426163762522153,191.51111111111112
17237,0.426163762522153,191.52222222222224
17238,0.426163762522153,191.53333333333333
17239,0.426163762522153,191.54444444444445
17240,0.426163762522153,191.55555555555557
17241,0.426163762522153,191.56666666666666
17242,0.426163762522153,191.57777777777778
17243,0.426163762522153,191.5888888888889
17244,0.426163762522153,191.6
17245,0.426163762522153,191.61111111111111
17246,0.426163762522153,191.62222222222223
17247,0.426163762522153,191.63333333333335
17248,0.426163762522153,191.64444444444445
17249,0.426163762522153,191.65555555555557
17250,0.426163762522153,191.66666666666669
17251,0.426163762522153,191.67777777777778
17252,0.426163762522153,191.6888888888889
17253,0.426163762522153,191.70000000000002
17254,0.426163762522153,191.7111111111111
17255,0.426163762522153,191.72222222222223
17256,0.426163762522153,191.73333333333335
17257,0.426163762522153,191.74444444444444
17258,0.426163762522153,191.75555555555556
17259,0.426163762522153,191.76666666666668
17260,0.426163762522153,191.77777777777777
17261,0.426163762522153,191.7888888888889
17262,0.426163762522153,191.8
17263,0.426163762522153,191.81111111111113
17264,0.426163762522153,191.82222222222222
17265,0.426163762522153,191.83333333333334
17266,0.426163762522153,191.84444444444446
17267,0.426163762522153,191.85555555555555
17268,0.426163762522153,191.86666666666667
17269,0.426163762522153,191.8777777777778
17270,0.426163762522153,191.88888888888889
17271,0.426163762522153,191.9
17272,0.426163762522153,191.91111111111113
17273,0.426163762522153,191.92222222222222
17274,0.426163762522153,191.93333333333334
17275,0.426163762522153,191.94444444444446
17276,0.426163762522153,191.95555555555558
17277,0.426163762522153,191.96666666666667
17278,0.426163762522153,191.9777777777778
17279,0.426163762522153,191.9888888888889
17280,0.426163762522153,192.0
17281,0.426163762522153,192.01111111111112
17282,0.426163762522153,192.02222222222224
17283,0.426163762522153,192.03333333333333
17284,0.426163762522153,192.04444444444445
17285,0.426163762522153,192.05555555555557
17286,0.426163762522153,192.06666666666666
17287,0.426163762522153,192.07777777777778
17288,0.426163762522153,192.0888888888889
17289,0.426163762522153,192.1
17290,0.426163762522153,192.11111111111111
17291,0.426163762522153,192.12222222222223
17292,0.426163762522153,192.13333333333335
17293,0.426163762522153,192.14444444444445
17294,0.426163762522153,192.15555555555557
17295,0.426163762522153,192.16666666666669
17296,0.426163762522153,192.17777777777778
17297,0.426163762522153,192.1888888888889
17298,0.426163762522153,192.20000000000002
17299,0.426163762522153,192.2111111111111
17300,0.426163762522153,192.22222222222223
17301,0.426163762522153,192.23333333333335
17302,0.426163762522153,192.24444444444444
17303,0.426163762522153,192.25555555555556
17304,0.426163762522153,192.26666666666668
17305,0.426163762522153,192.27777777777777
17306,0.426163762522153,192.2888888888889
17307,0.426163762522153,192.3
17308,0.426163762522153,192.31111111111113
17309,0.426163762522153,192.32222222222222
17310,0.426163762522153,192.33333333333334
17311,0.426163762522153,192.34444444444446
17312,0.426163762522153,192.35555555555555
17313,0.426163762522153,192.36666666666667
17314,0.426163762522153,192.3777777777778
17315,0.426163762522153,192.38888888888889
17316,0.426163762522153,192.4
17317,0.426163762522153,192.41111111111113
17318,0.426163762522153,192.42222222222222
17319,0.426163762522153,192.43333333333334
17320,0.426163762522153,192.44444444444446
17321,0.426163762522153,192.45555555555558
17322,0.426163762522153,192.46666666666667
17323,0.426163762522153,192.4777777777778
17324,0.426163762522153,192.4888888888889
17325,0.426163762522153,192.5
17326,0.426163762522153,192.51111111111112
17327,0.426163762522153,192.52222222222224
17328,0.426163762522153,192.53333333333333
17329,0.426163762522153,192.54444444444445
17330,0.426163762522153,192.55555555555557
17331,0.426163762522153,192.56666666666666
17332,0.426163762522153,192.57777777777778
17333,0.426163762522153,192.5888888888889
17334,0.426163762522153,192.6
17335,0.426163762522153,192.61111111111111
17336,0.426163762522153,192.62222222222223
17337,0.426163762522153,192.63333333333335
17338,0.426163762522153,192.64444444444445
17339,0.426163762522153,192.65555555555557
17340,0.426163762522153,192.66666666666669
17341,0.426163762522153,192.67777777777778
17342,0.426163762522153,192.6888888888889
17343,0.426163762522153,192.70000000000002
17344,0.426163762522153,192.7111111111111
17345,0.426163762522153,192.72222222222223
17346,0.426163762522153,192.73333333333335
17347,0.426163762522153,192.74444444444444
17348,0.426163762522153,192.75555555555556
17349,0.426163762522153,192.76666666666668
17350,0.426163762522153,192.77777777777777
17351,0.426163762522153,192.7888888888889
17352,0.426163762522153,192.8
17353,0.426163762522153,192.81111111111113
17354,0.426163762522153,192.82222222222222
17355,0.426163762522153,192.83333333333334
17356,0.426163762522153,192.84444444444446
17357,0.426163762522153,192.85555555555555
17358,0.426163762522153,192.86666666666667
17359,0.426163762522153,192.8777777777778
17360,0.426163762522153,192.88888888888889
17361,0.426163762522153,192.9
17362,0.426163762522153,192.91111111111113
17363,0.426163762522153,192.92222222222222
17364,0.426163762522153,192.93333333333334
17365,0.426163762522153,192.94444444444446
17366,0.426163762522153,192.95555555555558
17367,0.426163762522153,192.96666666666667
17368,0.426163762522153,192.9777777777778
17369,0.426163762522153,192.9888888888889
17370,0.426163762522153,193.0
17371,0.426163762522153,193.01111111111112
17372,0.426163762522153,193.02222222222224
17373,0.426163762522153,193.03333333333333
17374,0.426163762522153,193.04444444444445
17375,0.426163762522153,193.05555555555557
17376,0.426163762522153,193.06666666666666
17377,0.426163762522153,193.07777777777778
17378,0.426163762522153,193.0888888888889
17379,0.426163762522153,193.1
17380,0.426163762522153,193.11111111111111
17381,0.426163762522153,193.12222222222223
17382,0.426163762522153,193.13333333333335
17383,0.426163762522153,193.14444444444445
17384,0.426163762522153,193.15555555555557
17385,0.426163762522153,193.16666666666669
17386,0.426163762522153,193.17777777777778
17387,0.426163762522153,193.1888888888889
17388,0.426163762522153,193.20000000000002
17389,0.426163762522153,193.2111111111111
17390,0.426163762522153,193.22222222222223
17391,0.426163762522153,193.23333333333335
17392,0.426163762522153,193.24444444444444
17393,0.426163762522153,193.25555555555556
17394,0.426163762522153,193.26666666666668
17395,0.426163762522153,193.27777777777777
17396,0.426163762522153,193.2888888888889
17397,0.426163762522153,193.3
17398,0.426163762522153,193.31111111111113
17399,0.426163762522153,193.32222222222222
17400,0.426163762522153,193.33333333333334
17401,0.426163762522153,193.34444444444446
17402,0.426163762522153,193.35555555555555
17403,0.426163762522153,193.36666666666667
17404,0.426163762522153,193.3777777777778
17405,0.426163762522153,193.38888888888889
17406,0.426163762522153,193.4
17407,0.426163762522153,193.41111111111113
17408,0.426163762522153,193.42222222222222
17409,0.426163762522153,193.43333333333334
17410,0.426163762522153,193.44444444444446
17411,0.426163762522153,193.45555555555558
17412,0.426163762522153,193.46666666666667
17413,0.426163762522153,193.4777777777778
17414,0.426163762522153,193.4888888888889
17415,0.426163762522153,193.5
17416,0.426163762522153,193.51111111111112
17417,0.426163762522153,193.52222222222224
17418,0.426163762522153,193.53333333333333
17419,0.426163762522153,193.54444444444445
17420,0.426163762522153,193.55555555555557
17421,0.426163762522153,193.56666666666666
17422,0.426163762522153,193.57777777777778
17423,0.426163762522153,193.5888888888889
17424,0.426163762522153,193.6
17425,0.426163762522153,193.61111111111111
17426,0.426163762522153,193.62222222222223
17427,0.426163762522153,193.63333333333335
17428,0.426163762522153,193.64444444444445
17429,0.426163762522153,193.65555555555557
17430,0.426163762522153,193.66666666666669
17431,0.426163762522153,193.67777777777778
17432,0.426163762522153,193.6888888888889
17433,0.426163762522153,193.70000000000002
17434,0.426163762522153,193.7111111111111
17435,0.426163762522153,193.72222222222223
17436,0.426163762522153,193.73333333333335
17437,0.426163762522153,193.74444444444444
17438,0.426163762522153,193.75555555555556
17439,0.426163762522153,193.76666666666668
17440,0.426163762522153,193.77777777777777
17441,0.426163762522153,193.7888888888889
17442,0.426163762522153,193.8
17443,0.426163762522153,193.81111111111113
17444,0.426163762522153,193.82222222222222
17445,0.426163762522153,193.83333333333334
17446,0.426163762522153,193.84444444444446
17447,0.426163762522153,193.85555555555555
17448,0.426163762522153,193.86666666666667
17449,0.426163762522153,193.8777777777778
17450,0.426163762522153,193.88888888888889
17451,0.426163762522153,193.9
17452,0.426163762522153,193.91111111111113
17453,0.426163762522153,193.92222222222222
17454,0.426163762522153,193.93333333333334
17455,0.426163762522153,193.94444444444446
17456,0.426163762522153,193.95555555555558
17457,0.426163762522153,193.96666666666667
17458,0.426163762522153,193.9777777777778
17459,0.426163762522153,193.9888888888889
17460,0.426163762522153,194.0
17461,0.426163762522153,194.01111111111112
17462,0.426163762522153,194.02222222222224
17463,0.426163762522153,194.03333333333333
17464,0.426163762522153,194.04444444444445
17465,0.426163762522153,194.05555555555557
17466,0.426163762522153,194.06666666666666
17467,0.426163762522153,194.07777777777778
17468,0.426163762522153,194.0888888888889
17469,0.426163762522153,194.1
17470,0.426163762522153,194.11111111111111
17471,0.426163762522153,194.12222222222223
17472,0.426163762522153,194.13333333333335
17473,0.426163762522153,194.14444444444445
17474,0.426163762522153,194.15555555555557
17475,0.426163762522153,194.16666666666669
17476,0.426163762522153,194.17777777777778
17477,0.426163762522153,194.1888888888889
17478,0.426163762522153,194.20000000000002
17479,0.426163762522153,194.2111111111111
17480,0.426163762522153,194.22222222222223
17481,0.426163762522153,194.23333333333335
17482,0.426163762522153,194.24444444444444
17483,0.426163762522153,194.25555555555556
17484,0.426163762522153,194.26666666666668
17485,0.426163762522153,194.27777777777777
17486,0.426163762522153,194.2888888888889
17487,0.426163762522153,194.3
17488,0.426163762522153,194.31111111111113
17489,0.426163762522153,194.32222222222222
17490,0.426163762522153,194.33333333333334
17491,0.426163762522153,194.34444444444446
17492,0.426163762522153,194.35555555555555
17493,0.426163762522153,194.36666666666667
17494,0.426163762522153,194.3777777777778
17495,0.426163762522153,194.38888888888889
17496,0.426163762522153,194.4
17497,0.426163762522153,194.41111111111113
17498,0.426163762522153,194.42222222222222
17499,0.426163762522153,194.43333333333334
17500,0.426163762522153,194.44444444444446
17501,0.426163762522153,194.45555555555558
17502,0.426163762522153,194.46666666666667
17503,0.426163762522153,194.4777777777778
17504,0.426163762522153,194.4888888888889
17505,0.426163762522153,194.5
17506,0.426163762522153,194.51111111111112
17507,0.426163762522153,194.52222222222224
17508,0.426163762522153,194.53333333333333
17509,0.426163762522153,194.54444444444445
17510,0.426163762522153,194.55555555555557
17511,0.426163762522153,194.56666666666666
17512,0.426163762522153,194.57777777777778
17513,0.426163762522153,194.5888888888889
17514,0.426163762522153,194.6
17515,0.426163762522153,194.61111111111111
17516,0.426163762522153,194.62222222222223
17517,0.426163762522153,194.63333333333335
17518,0.426163762522153,194.64444444444445
17519,0.426163762522153,194.65555555555557
17520,0.426163762522153,194.66666666666669
17521,0.426163762522153,194.67777777777778
17522,0.426163762522153,194.6888888888889
17523,0.426163762522153,194.70000000000002
17524,0.426163762522153,194.7111111111111
17525,0.426163762522153,194.72222222222223
17526,0.426163762522153,194.73333333333335
17527,0.426163762522153,194.74444444444444
17528,0.426163762522153,194.75555555555556
17529,0.426163762522153,194.76666666666668
17530,0.426163762522153,194.77777777777777
17531,0.426163762522153,194.7888888888889
17532,0.426163762522153,194.8
17533,0.426163762522153,194.81111111111113
17534,0.426163762522153,194.82222222222222
17535,0.426163762522153,194.83333333333334
17536,0.426163762522153,194.84444444444446
17537,0.425541929981656,194.85555555555555
17538,0.424298264900662,194.86666666666667
17539,0.424298264900662,194.8777777777778
17540,0.424298264900662,194.88888888888889
17541,0.424298264900662,194.9
17542,0.424298264900662,194.91111111111113
17543,0.424298264900662,194.92222222222222
17544,0.424298264900662,194.93333333333334
17545,0.424298264900662,194.94444444444446
17546,0.424298264900662,194.95555555555558
17547,0.424298264900662,194.96666666666667
17548,0.424298264900662,194.9777777777778
17549,0.424298264900662,194.9888888888889
17550,0.424298264900662,195.0
17551,0.424298264900662,195.01111111111112
17552,0.424298264900662,195.02222222222224
17553,0.424298264900662,195.03333333333333
17554,0.424298264900662,195.04444444444445
17555,0.424298264900662,195.05555555555557
17556,0.424298264900662,195.06666666666666
17557,0.424298264900662,195.07777777777778
17558,0.424298264900662,195.0888888888889
17559,0.424298264900662,195.1
17560,0.424298264900662,195.11111111111111
17561,0.424298264900662,195.12222222222223
17562,0.424298264900662,195.13333333333335
17563,0.424298264900662,195.14444444444445
17564,0.424298264900662,195.15555555555557
17565,0.424298264900662,195.16666666666669
17566,0.424298264900662,195.17777777777778
17567,0.424298264900662,195.1888888888889
17568,0.424298264900662,195.20000000000002
17569,0.424298264900662,195.2111111111111
17570,0.424298264900662,195.22222222222223
17571,0.424298264900662,195.23333333333335
17572,0.424298264900662,195.24444444444444
17573,0.424298264900662,195.25555555555556
17574,0.424298264900662,195.26666666666668
17575,0.424298264900662,195.27777777777777
17576,0.424298264900662,195.2888888888889
17577,0.424298264900662,195.3
17578,0.424298264900662,195.31111111111113
17579,0.424298264900662,195.32222222222222
17580,0.424298264900662,195.33333333333334
17581,0.424298264900662,195.34444444444446
17582,0.424298264900662,195.35555555555555
17583,0.424298264900662,195.36666666666667
17584,0.424298264900662,195.3777777777778
17585,0.424298264900662,195.38888888888889
17586,0.424298264900662,195.4
17587,0.424298264900662,195.41111111111113
17588,0.424920097441159,195.42222222222222
17589,0.426163762522153,195.43333333333334
17590,0.426163762522153,195.44444444444446
17591,0.42678559506265284,195.45555555555558
17592,0.428029260143643,195.46666666666667
17593,0.428029260143643,195.4777777777778
17594,0.428029260143643,195.4888888888889
17595,0.428029260143643,195.5
17596,0.428029260143643,195.51111111111112
17597,0.4286510926841432,195.52222222222224
17598,0.42989475776513403,195.53333333333333
17599,0.42989475776513403,195.54444444444445
17600,0.42989475776513403,195.55555555555557
17601,0.42989475776513403,195.56666666666666
17602,0.42989475776513403,195.57777777777778
17603,0.42989475776513403,195.5888888888889
17604,0.42989475776513403,195.6
17605,0.42989475776513403,195.61111111111111
17606,0.42989475776513403,195.62222222222223
17607,0.42989475776513403,195.63333333333335
17608,0.42989475776513403,195.64444444444445
17609,0.42989475776513403,195.65555555555557
17610,0.42989475776513403,195.66666666666669
17611,0.42989475776513403,195.67777777777778
17612,0.42989475776513403,195.6888888888889
17613,0.42989475776513403,195.70000000000002
17614,0.42989475776513403,195.7111111111111
17615,0.42989475776513403,195.72222222222223
17616,0.42989475776513403,195.73333333333335
17617,0.42989475776513403,195.74444444444444
17618,0.42989475776513403,195.75555555555556
17619,0.42989475776513403,195.76666666666668
17620,0.42989475776513403,195.77777777777777
17621,0.42989475776513403,195.7888888888889
17622,0.42989475776513403,195.8
17623,0.42989475776513403,195.81111111111113
17624,0.42989475776513403,195.82222222222222
17625,0.42989475776513403,195.83333333333334
17626,0.42989475776513403,195.84444444444446
17627,0.42989475776513403,195.85555555555555
17628,0.42989475776513403,195.86666666666667
17629,0.42243276727915896,195.8777777777778
17630,0.4187017720361905,195.88888888888889
17631,0.4187017720361905,195.9
17632,0.4174581069551947,195.91111111111113
17633,0.4168362744147,195.92222222222222
17634,0.4168362744147,195.93333333333334
17635,0.41434894425270846,195.94444444444446
17636,0.413105279171719,195.95555555555558
17637,0.413105279171719,195.96666666666667
17638,0.4118616140907232,195.9777777777778
17639,0.4112397815502285,195.9888888888889
17640,0.4112397815502285,196.0
17641,0.40875245138823696,196.01111111111112
17642,0.4075087863072475,196.02222222222224
17643,0.4075087863072475,196.03333333333333
17644,0.40502145614526014,196.04444444444445
17645,0.4019122934427728,196.05555555555557
17646,0.398181298199795,196.06666666666666
17647,0.398181298199795,196.07777777777778
17648,0.39693763311879904,196.0888888888889
17649,0.3944503029568135,196.1
17650,0.3944503029568135,196.11111111111111
17651,0.3932066378758177,196.12222222222223
17652,0.3907193077138325,196.13333333333335
17653,0.3907193077138325,196.14444444444445
17654,0.3900974751733346,196.15555555555557
17655,0.388853810092342,196.16666666666669
17656,0.388853810092342,196.17777777777778
17657,0.3869883124708483,196.1888888888889
17658,0.3832573172278705,196.20000000000002
17659,0.3832573172278705,196.2111111111111
17660,0.3820136521468747,196.22222222222223
17661,0.3795263219848895,196.23333333333335
17662,0.3795263219848895,196.24444444444444
17663,0.3776608243633958,196.25555555555556
17664,0.373929829120418,196.26666666666668
17665,0.373929829120418,196.27777777777777
17666,0.37144249895843057,196.2888888888889
17667,0.3664678386344557,196.3
17668,0.3602495132294767,196.31111111111113
17669,0.35714035052700305,196.32222222222222
17670,0.35714035052700305,196.33333333333334
17671,0.34967836004102826,196.34444444444446
17672,0.34594736479806,196.35555555555555
17673,0.34594736479806,196.36666666666667
17674,0.3397290393930809,196.3777777777778
17675,0.3366198766906073,196.38888888888889
17676,0.3366198766906073,196.4
17677,0.3366198766906073,196.41111111111113
17678,0.3341325465286199,196.42222222222222
17679,0.3291578862046451,196.43333333333334
17680,0.3291578862046451,196.44444444444446
17681,0.3260487235021449,196.45555555555558
17682,0.3198303980971924,196.46666666666667
17683,0.3198303980971924,196.4777777777778
17684,0.3198303980971924,196.4888888888889
17685,0.3198303980971924,196.5
17686,0.3198303980971924,196.51111111111112
17687,0.3198303980971924,196.52222222222224
17688,0.3198303980971924,196.53333333333333
17689,0.3198303980971924,196.54444444444445
17690,0.32045223063769024,196.55555555555557
17691,0.3216958957186828,196.56666666666666
17692,0.3216958957186828,196.57777777777778
17693,0.3216958957186828,196.5888888888889
17694,0.3216958957186828,196.6
17695,0.3216958957186828,196.61111111111111
17696,0.3216958957186828,196.62222222222223
17697,0.3216958957186828,196.63333333333335
17698,0.3216958957186828,196.64444444444445
17699,0.3216958957186828,196.65555555555557
17700,0.3216958957186828,196.66666666666669
17701,0.3216958957186828,196.67777777777778
17702,0.3216958957186828,196.6888888888889
17703,0.3216958957186828,196.70000000000002
17704,0.3216958957186828,196.7111111111111
17705,0.3216958957186828,196.72222222222223
17706,0.3216958957186828,196.73333333333335
17707,0.3216958957186828,196.74444444444444
17708,0.3216958957186828,196.75555555555556
17709,0.3216958957186828,196.76666666666668
17710,0.3216958957186828,196.77777777777777
17711,0.3216958957186828,196.7888888888889
17712,0.3216958957186828,196.8
17713,0.3216958957186828,196.81111111111113
17714,0.3216958957186828,196.82222222222222
17715,0.3216958957186828,196.83333333333334
17716,0.3216958957186828,196.84444444444446
17717,0.3216958957186828,196.85555555555555
17718,0.3216958957186828,196.86666666666667
17719,0.3216958957186828,196.8777777777778
17720,0.3216958957186828,196.88888888888889
17721,0.3216958957186828,196.9
17722,0.3216958957186828,196.91111111111113
17723,0.3216958957186828,196.92222222222222
17724,0.3216958957186828,196.93333333333334
17725,0.3216958957186828,196.94444444444446
17726,0.3216958957186828,196.95555555555558
17727,0.3216958957186828,196.96666666666667
17728,0.3216958957186828,196.9777777777778
17729,0.30736022905194277,196.9888888888889
17730,0.27868889571868277,197.0
17731,0.27868889571868277,197.01111111111112
17732,0.27868889571868277,197.02222222222224
17733,0.27868889571868277,197.03333333333333
17734,0.27868889571868277,197.04444444444445
17735,0.2650700623853262,197.05555555555557
17736,0.2378323957186828,197.06666666666666
17737,0.2378323957186828,197.07777777777778
17738,0.2299477290520027,197.0888888888889
17739,0.2141783957186828,197.1
17740,0.2141783957186828,197.11111111111111
17741,0.20486022905200024,197.12222222222223
17742,0.1862238957186828,197.13333333333335
17743,0.1862238957186828,197.14444444444445
17744,0.1862238957186828,197.15555555555557
17745,0.1862238957186828,197.16666666666669
17746,0.1862238957186828,197.17777777777778
17747,0.1862238957186828,197.1888888888889
17748,0.18622389571866446,197.20000000000002
17749,0.1790558957186828,197.2111111111111
17750,0.1754718957186828,197.22222222222223
17751,0.1754718957186388,197.23333333333335
17752,0.15826922905201612,197.24444444444444
17753,0.1496678957186828,197.25555555555556
17754,0.1496678957186828,197.26666666666668
17755,0.1496678957186828,197.27777777777777
17756,0.1432168957186828,197.2888888888889
17757,0.1303148957186828,197.3
17758,0.1303148957186828,197.31111111111113
17759,0.11884622905201613,197.32222222222222
17760,0.09590889571868279,197.33333333333334
17761,0.09590889571868279,197.34444444444446
17762,0.08300689571868279,197.35555555555555
17763,0.0572028957186828,197.36666666666667
17764,0.0572028957186828,197.3777777777778
17765,0.04286716238534947,197.38888888888889
17766,0.0141956957186828,197.4
17767,0.0141956957186828,197.41111111111113
17768,0.0141956957186828,197.42222222222222
17769,0.0141956957186828,197.43333333333334
17770,0.0141956957186828,197.44444444444446
17771,0.0141956957186828,197.45555555555558
17772,0.0141956957186828,197.46666666666667
17773,0.0141956957186828,197.4777777777778
17774,0.0141956957186828,197.4888888888889
17775,0.0141956957186828,197.5
17776,0.0141956957186828,197.51111111111112
17777,0.0141956957186828,197.52222222222224
17778,0.0141956957186828,197.53333333333333
17779,0.0141956957186828,197.54444444444445
17780,0.0141956957186828,197.55555555555557
17781,0.0141956957186828,197.56666666666666
17782,0.0141956957186828,197.57777777777778
17783,0.0141956957186828,197.5888888888889
17784,0.0141956957186828,197.6
17785,0.0141956957186828,197.61111111111111
17786,0.0141956957186828,197.62222222222223
17787,0.0141956957186828,197.63333333333335
17788,0.0141956957186828,197.64444444444445
17789,0.0141956957186828,197.65555555555557
17790,0.0141956957186828,197.66666666666669
17791,0.0141956957186828,197.67777777777778
17792,0.0141956957186828,197.6888888888889
17793,0.0141956957186828,197.70000000000002
17794,0.0141956957186828,197.7111111111111
17795,0.0141956957186828,197.72222222222223
17796,0.0141956957186828,197.73333333333335
17797,0.0141956957186828,197.74444444444444
17798,0.0141956957186828,197.75555555555556
17799,0.0141956957186828,197.76666666666668
17800,0.0141956957186828,197.77777777777777
17801,0.0141956957186828,197.7888888888889
17802,0.0141956957186828,197.8
17803,0.0141956957186828,197.81111111111113
17804,0.0141956957186828,197.82222222222222
17805,0.0141956957186828,197.83333333333334
17806,0.0141956957186828,197.84444444444446
17807,0.0141956957186828,197.85555555555555
17808,0.0141956957186828,197.86666666666667
17809,0.0141956957186828,197.8777777777778
17810,0.0141956957186828,197.88888888888889
17811,0.0141956957186828,197.9
17812,0.0141956957186828,197.91111111111113
17813,0.0141956957186828,197.92222222222222
17814,0.0141956957186828,197.93333333333334
17815,0.0141956957186828,197.94444444444446
17816,0.0141956957186828,197.95555555555558
17817,0.0141956957186828,197.96666666666667
17818,0.0141956957186828,197.9777777777778
17819,0.0141956957186828,197.9888888888889
17820,0.0141956957186828,198.0
17821,0.0141956957186828,198.01111111111112
17822,0.0141956957186828,198.02222222222224
17823,0.0141956957186828,198.03333333333333
17824,0.0141956957186828,198.04444444444445
17825,0.0141956957186828,198.05555555555557
17826,0.0141956957186828,198.06666666666666
17827,0.0141956957186828,198.07777777777778
17828,0.0141956957186828,198.0888888888889
17829,0.0141956957186828,198.1
17830,0.0141956957186828,198.11111111111111
17831,0.0141956957186828,198.12222222222223
17832,0.0141956957186828,198.13333333333335
17833,0.0141956957186828,198.14444444444445
17834,0.0141956957186828,198.15555555555557
17835,0.0141956957186828,198.16666666666669
17836,0.0141956957186828,198.17777777777778
17837,0.0141956957186828,198.1888888888889
17838,0.0141956957186828,198.20000000000002
17839,0.0141956957186828,198.2111111111111
17840,0.0141956957186828,198.22222222222223
17841,0.0141956957186828,198.23333333333335
17842,0.0141956957186828,198.24444444444444
17843,0.0141956957186828,198.25555555555556
17844,0.0141956957186828,198.26666666666668
17845,0.0141956957186828,198.27777777777777
17846,0.0141956957186828,198.2888888888889
17847,0.0141956957186828,198.3
17848,0.0141956957186828,198.31111111111113
17849,0.0141956957186828,198.32222222222222
17850,0.0141956957186828,198.33333333333334
17851,0.0141956957186828,198.34444444444446
17852,0.0141956957186828,198.35555555555555
17853,0.0141956957186828,198.36666666666667
17854,0.0141956957186828,198.3777777777778
17855,0.0141956957186828,198.38888888888889
17856,0.0141956957186828,198.4
17857,0.0141956957186828,198.41111111111113
17858,0.0141956957186828,198.42222222222222
17859,0.0141956957186828,198.43333333333334
17860,0.0141956957186828,198.44444444444446
17861,0.0141956957186828,198.45555555555558
17862,0.0141956957186828,198.46666666666667
17863,0.0141956957186828,198.4777777777778
17864,0.0141956957186828,198.4888888888889
17865,0.0141956957186828,198.5
17866,0.0141956957186828,198.51111111111112
17867,0.0141956957186828,198.52222222222224
17868,0.0141956957186828,198.53333333333333
17869,0.0141956957186828,198.54444444444445
17870,0.0141956957186828,198.55555555555557
17871,0.0141956957186828,198.56666666666666
17872,0.0141956957186828,198.57777777777778
17873,0.0141956957186828,198.5888888888889
17874,0.0141956957186828,198.6
17875,0.0141956957186828,198.61111111111111
17876,0.0141956957186828,198.62222222222223
17877,0.0141956957186828,198.63333333333335
17878,0.0141956957186828,198.64444444444445
17879,0.0141956957186828,198.65555555555557
17880,0.0141956957186828,198.66666666666669
17881,0.0141956957186828,198.67777777777778
17882,0.0141956957186828,198.6888888888889
17883,0.0141956957186828,198.70000000000002
17884,0.0141956957186828,198.7111111111111
17885,0.0141956957186828,198.72222222222223
17886,0.0141956957186828,198.73333333333335
17887,0.0141956957186828,198.74444444444444
17888,0.0141956957186828,198.75555555555556
17889,0.0141956957186828,198.76666666666668
17890,0.0141956957186828,198.77777777777777
17891,0.0141956957186828,198.7888888888889
17892,0.0141956957186828,198.8
17893,0.0141956957186828,198.81111111111113
17894,0.0141956957186828,198.82222222222222
17895,0.0141956957186828,198.83333333333334
17896,0.0141956957186828,198.84444444444446
17897,0.0141956957186828,198.85555555555555
17898,0.0141956957186828,198.86666666666667
17899,0.0141956957186828,198.8777777777778
17900,0.0141956957186828,198.88888888888889
17901,0.0141956957186828,198.9
17902,0.0141956957186828,198.91111111111113
17903,0.0141956957186828,198.92222222222222
17904,0.0141956957186828,198.93333333333334
17905,0.0141956957186828,198.94444444444446
17906,0.0141956957186828,198.95555555555558
17907,0.0141956957186828,198.96666666666667
17908,0.0141956957186828,198.9777777777778
17909,0.0141956957186828,198.9888888888889
17910,0.0141956957186828,199.0
17911,0.0141956957186828,199.01111111111112
17912,0.0141956957186828,199.02222222222224
17913,0.0141956957186828,199.03333333333333
17914,0.0141956957186828,199.04444444444445
17915,0.0141956957186828,199.05555555555557
17916,0.0141956957186828,199.06666666666666
17917,0.0141956957186828,199.07777777777778
17918,0.0141956957186828,199.0888888888889
17919,0.0141956957186828,199.1
17920,0.0141956957186828,199.11111111111111
17921,0.0141956957186828,199.12222222222223
17922,0.0141956957186828,199.13333333333335
17923,0.0141956957186828,199.14444444444445
17924,0.0141956957186828,199.15555555555557
17925,0.0141956957186828,199.16666666666669
17926,0.0141956957186828,199.17777777777778
17927,0.0141956957186828,199.1888888888889
17928,0.0141956957186828,199.20000000000002
17929,0.0141956957186828,199.2111111111111
17930,0.0141956957186828,199.22222222222223
17931,0.0141956957186828,199.23333333333335
17932,0.0141956957186828,199.24444444444444
17933,0.0141956957186828,199.25555555555556
17934,0.0141956957186828,199.26666666666668
17935,0.0141956957186828,199.27777777777777
17936,0.0141956957186828,199.2888888888889
17937,0.0141956957186828,199.3
17938,0.0141956957186828,199.31111111111113
17939,0.0141956957186828,199.32222222222222
17940,0.0141956957186828,199.33333333333334
17941,0.0141956957186828,199.34444444444446
17942,0.0141956957186828,199.35555555555555
17943,0.0141956957186828,199.36666666666667
17944,0.0141956957186828,199.3777777777778
17945,0.0141956957186828,199.38888888888889
17946,0.0141956957186828,199.4
17947,0.0141956957186828,199.41111111111113
17948,0.0141956957186828,199.42222222222222
17949,0.0141956957186828,199.43333333333334
17950,0.0141956957186828,199.44444444444446
17951,0.0141956957186828,199.45555555555558
17952,0.0141956957186828,199.46666666666667
17953,0.0141956957186828,199.4777777777778
17954,0.0141956957186828,199.4888888888889
17955,0.0141956957186828,199.5
17956,0.0141956957186828,199.51111111111112
17957,0.0141956957186828,199.52222222222224
17958,0.0141956957186828,199.53333333333333
17959,0.0141956957186828,199.54444444444445
17960,0.0141956957186828,199.55555555555557
17961,0.0141956957186828,199.56666666666666
17962,0.0141956957186828,199.57777777777778
17963,0.0141956957186828,199.5888888888889
17964,0.0141956957186828,199.6
17965,0.0141956957186828,199.61111111111111
17966,0.0141956957186828,199.62222222222223
17967,0.0141956957186828,199.63333333333335
17968,0.0141956957186828,199.64444444444445
17969,0.0141956957186828,199.65555555555557
17970,0.0141956957186828,199.66666666666669
17971,0.0141956957186828,199.67777777777778
17972,0.0141956957186828,199.6888888888889
17973,0.0141956957186828,199.70000000000002
17974,0.0141956957186828,199.7111111111111
17975,0.0141956957186828,199.72222222222223
17976,0.0141956957186828,199.73333333333335
17977,0.0141956957186828,199.74444444444444
17978,0.0141956957186828,199.75555555555556
17979,0.0141956957186828,199.76666666666668
17980,0.0141956957186828,199.77777777777777
17981,0.0141956957186828,199.7888888888889
17982,0.0141956957186828,199.8
17983,0.0141956957186828,199.81111111111113
17984,0.0141956957186828,199.82222222222222
17985,0.0141956957186828,199.83333333333334
17986,0.0141956957186828,199.84444444444446
17987,0.0141956957186828,199.85555555555555
17988,0.0141956957186828,199.86666666666667
17989,0.0141956957186828,199.8777777777778
17990,0.0141956957186828,199.88888888888889
17991,0.0141956957186828,199.9
17992,0.0141956957186828,199.91111111111113
17993,0.0141956957186828,199.92222222222222
17994,0.0141956957186828,199.93333333333334
17995,0.0141956957186828,199.94444444444446
17996,0.0141956957186828,199.95555555555558
17997,0.0141956957186828,199.96666666666667
17998,0.0141956957186828,199.9777777777778
17999,0.0141956957186828,199.9888888888889
18000,0.0141956957186828,200.0
18001,0.0141956957186828,200.01111111111112
18002,0.0141956957186828,200.02222222222224
18003,0.0141956957186828,200.03333333333333
18004,0.0141956957186828,200.04444444444445
18005,0.0141956957186828,200.05555555555557
18006,0.0141956957186828,200.06666666666666
18007,0.0141956957186828,200.07777777777778
18008,0.0141956957186828,200.0888888888889
18009,0.0141956957186828,200.1
18010,0.0141956957186828,200.11111111111111
18011,0.0141956957186828,200.12222222222223
18012,0.0141956957186828,200.13333333333335
18013,0.0141956957186828,200.14444444444445
18014,0.0141956957186828,200.15555555555557
18015,0.0141956957186828,200.16666666666669
18016,0.0141956957186828,200.17777777777778
18017,0.0141956957186828,200.1888888888889
18018,0.0141956957186828,200.20000000000002
18019,0.0141956957186828,200.2111111111111
18020,0.0141956957186828,200.22222222222223
18021,0.0141956957186828,200.23333333333335
18022,0.0141956957186828,200.24444444444444
18023,0.0141956957186828,200.25555555555556
18024,0.0141956957186828,200.26666666666668
18025,0.0141956957186828,200.27777777777777
18026,0.0141956957186828,200.2888888888889
18027,0.0141956957186828,200.3
18028,0.0141956957186828,200.31111111111113
18029,0.0141956957186828,200.32222222222222
18030,0.0141956957186828,200.33333333333334
18031,0.0141956957186828,200.34444444444446
18032,0.0141956957186828,200.35555555555555
18033,0.0141956957186828,200.36666666666667
18034,0.0141956957186828,200.3777777777778
18035,0.0141956957186828,200.38888888888889
18036,0.0141956957186828,200.4
18037,0.0141956957186828,200.41111111111113
18038,0.0141956957186828,200.42222222222222
18039,0.0141956957186828,200.43333333333334
18040,0.0141956957186828,200.44444444444446
18041,0.0141956957186828,200.45555555555558
18042,0.0141956957186828,200.46666666666667
18043,0.0141956957186828,200.4777777777778
18044,0.0141956957186828,200.4888888888889
18045,0.0141956957186828,200.5
18046,0.0141956957186828,200.51111111111112
18047,0.0141956957186828,200.52222222222224
18048,0.0141956957186828,200.53333333333333
18049,0.0141956957186828,200.54444444444445
18050,0.0141956957186828,200.55555555555557
18051,0.0141956957186828,200.56666666666666
18052,0.0141956957186828,200.57777777777778
18053,0.0141956957186828,200.5888888888889
18054,0.0141956957186828,200.6
18055,0.0141956957186828,200.61111111111111
18056,0.0141956957186828,200.62222222222223
18057,0.0141956957186828,200.63333333333335
18058,0.0141956957186828,200.64444444444445
18059,0.0141956957186828,200.65555555555557
18060,0.0141956957186828,200.66666666666669
18061,0.0141956957186828,200.67777777777778
18062,0.0141956957186828,200.6888888888889
18063,0.0141956957186828,200.70000000000002
18064,0.0141956957186828,200.7111111111111
18065,0.0141956957186828,200.72222222222223
18066,0.0141956957186828,200.73333333333335
18067,0.0141956957186828,200.74444444444444
18068,0.0141956957186828,200.75555555555556
18069,0.0141956957186828,200.76666666666668
18070,0.0141956957186828,200.77777777777777
18071,0.0141956957186828,200.7888888888889
18072,0.0141956957186828,200.8
18073,0.0141956957186828,200.81111111111113
18074,0.0141956957186828,200.82222222222222
18075,0.0141956957186828,200.83333333333334
18076,0.0141956957186828,200.84444444444446
18077,0.0141956957186828,200.85555555555555
18078,0.0141956957186828,200.86666666666667
18079,0.0141956957186828,200.8777777777778
18080,0.0141956957186828,200.88888888888889
18081,0.0141956957186828,200.9
18082,0.0141956957186828,200.91111111111113
18083,0.0141956957186828,200.92222222222222
18084,0.0141956957186828,200.93333333333334
18085,0.0141956957186828,200.94444444444446
18086,0.0141956957186828,200.95555555555558
18087,0.0141956957186828,200.96666666666667
18088,0.0141956957186828,200.9777777777778
18089,0.0141956957186828,200.9888888888889
18090,0.0141956957186828,201.0
18091,0.0141956957186828,201.01111111111112
18092,0.0141956957186828,201.02222222222224
18093,0.0141956957186828,201.03333333333333
18094,0.0141956957186828,201.04444444444445
18095,0.0141956957186828,201.05555555555557
18096,0.0141956957186828,201.06666666666666
18097,0.0141956957186828,201.07777777777778
18098,0.0141956957186828,201.0888888888889
18099,0.0141956957186828,201.1
18100,0.0141956957186828,201.11111111111111
18101,0.0141956957186828,201.12222222222223
18102,0.0141956957186828,201.13333333333335
18103,0.0141956957186828,201.14444444444445
18104,0.0141956957186828,201.15555555555557
18105,0.0141956957186828,201.16666666666669
18106,0.0141956957186828,201.17777777777778
18107,0.0141956957186828,201.1888888888889
18108,0.0141956957186828,201.20000000000002
18109,0.0141956957186828,201.2111111111111
18110,0.0141956957186828,201.22222222222223
18111,0.0141956957186828,201.23333333333335
18112,0.0141956957186828,201.24444444444444
18113,0.0141956957186828,201.25555555555556
18114,0.0141956957186828,201.26666666666668
18115,0.0141956957186828,201.27777777777777
18116,0.0141956957186828,201.2888888888889
18117,0.0141956957186828,201.3
18118,0.0141956957186828,201.31111111111113
18119,0.0141956957186828,201.32222222222222
18120,0.0141956957186828,201.33333333333334
18121,0.0141956957186828,201.34444444444446
18122,0.0141956957186828,201.35555555555555
18123,0.0141956957186828,201.36666666666667
18124,0.0141956957186828,201.3777777777778
18125,0.0141956957186828,201.38888888888889
18126,0.0141956957186828,201.4
18127,0.0141956957186828,201.41111111111113
18128,0.0141956957186828,201.42222222222222
18129,0.0141956957186828,201.43333333333334
18130,0.0141956957186828,201.44444444444446
18131,0.0141956957186828,201.45555555555558
18132,0.0141956957186828,201.46666666666667
18133,0.0141956957186828,201.4777777777778
18134,0.0141956957186828,201.4888888888889
18135,0.0141956957186828,201.5
18136,0.0141956957186828,201.51111111111112
18137,0.0141956957186828,201.52222222222224
18138,0.0141956957186828,201.53333333333333
18139,0.0141956957186828,201.54444444444445
18140,0.0141956957186828,201.55555555555557
18141,0.0141956957186828,201.56666666666666
18142,0.0141956957186828,201.57777777777778
18143,0.0141956957186828,201.5888888888889
18144,0.0141956957186828,201.6
18145,0.0141956957186828,201.61111111111111
18146,0.0141956957186828,201.62222222222223
18147,0.0141956957186828,201.63333333333335
18148,0.0141956957186828,201.64444444444445
18149,0.0141956957186828,201.65555555555557
18150,0.0141956957186828,201.66666666666669
18151,0.0141956957186828,201.67777777777778
18152,0.0141956957186828,201.6888888888889
18153,0.0141956957186828,201.70000000000002
18154,0.0141956957186828,201.7111111111111
18155,0.0141956957186828,201.72222222222223
18156,0.0141956957186828,201.73333333333335
18157,0.0141956957186828,201.74444444444444
18158,0.0141956957186828,201.75555555555556
18159,0.0141956957186828,201.76666666666668
18160,0.0141956957186828,201.77777777777777
18161,0.0141956957186828,201.7888888888889
18162,0.0141956957186828,201.8
18163,0.0141956957186828,201.81111111111113
18164,0.0141956957186828,201.82222222222222
18165,0.0141956957186828,201.83333333333334
18166,0.0141956957186828,201.84444444444446
18167,0.0141956957186828,201.85555555555555
18168,0.0141956957186828,201.86666666666667
18169,0.0141956957186828,201.8777777777778
18170,0.0141956957186828,201.88888888888889
18171,0.0141956957186828,201.9
18172,0.0141956957186828,201.91111111111113
18173,0.0141956957186828,201.92222222222222
18174,0.0141956957186828,201.93333333333334
18175,0.0141956957186828,201.94444444444446
18176,0.0141956957186828,201.95555555555558
18177,0.0141956957186828,201.96666666666667
18178,0.0141956957186828,201.9777777777778
18179,0.0141956957186828,201.9888888888889
18180,0.0141956957186828,202.0
18181,0.0141956957186828,202.01111111111112
18182,0.0141956957186828,202.02222222222224
18183,0.0141956957186828,202.03333333333333
18184,0.0141956957186828,202.04444444444445
18185,0.0141956957186828,202.05555555555557
18186,0.0141956957186828,202.06666666666666
18187,0.0141956957186828,202.07777777777778
18188,0.0141956957186828,202.0888888888889
18189,0.0141956957186828,202.1
18190,0.0141956957186828,202.11111111111111
18191,0.0141956957186828,202.12222222222223
18192,0.0141956957186828,202.13333333333335
18193,0.0141956957186828,202.14444444444445
18194,0.0141956957186828,202.15555555555557
18195,0.0141956957186828,202.16666666666669
18196,0.0141956957186828,202.17777777777778
18197,0.0141956957186828,202.1888888888889
18198,0.0141956957186828,202.20000000000002
18199,0.0141956957186828,202.2111111111111
18200,0.0141956957186828,202.22222222222223
18201,0.0141956957186828,202.23333333333335
18202,0.0141956957186828,202.24444444444444
18203,0.0141956957186828,202.25555555555556
18204,0.0141956957186828,202.26666666666668
18205,0.0141956957186828,202.27777777777777
18206,0.0141956957186828,202.2888888888889
18207,0.0141956957186828,202.3
18208,0.0141956957186828,202.31111111111113
18209,0.0141956957186828,202.32222222222222
18210,0.0141956957186828,202.33333333333334
18211,0.016683025880674475,202.34444444444446
18212,0.017926690961663952,202.35555555555555
18213,0.017926690961663952,202.36666666666667
18214,0.021657686204651347,202.3777777777778
18215,0.0235231838261355,202.38888888888889
18216,0.0235231838261355,202.4
18217,0.02601051398812714,202.41111111111113
18218,0.027254179069116598,202.42222222222222
18219,0.027254179069116598,202.43333333333334
18220,0.030985174312103993,202.44444444444446
18221,0.03347250447408823,202.45555555555558
18222,0.03471616955507885,202.46666666666667
18223,0.03471616955507885,202.4777777777778
18224,0.03595983463607893,202.4888888888889
18225,0.03844716479806,202.5
18226,0.03844716479806,202.51111111111112
18227,0.03969082987905996,202.52222222222224
18228,0.0421781600410408,202.53333333333333
18229,0.0421781600410408,202.54444444444445
18230,0.0421781600410408,202.55555555555557
18231,0.0421781600410408,202.56666666666666
18232,0.0421781600410408,202.57777777777778
18233,0.0440436576625346,202.5888888888889
18234,0.04777465290551265,202.6
18235,0.04777465290551265,202.61111111111111
18236,0.04839648544601051,202.62222222222223
18237,0.04964015052700305,202.63333333333335
18238,0.04964015052700305,202.64444444444445
18239,0.04964015052700305,202.65555555555557
18240,0.04964015052700623,202.66666666666669
18241,0.05088381560799665,202.67777777777778
18242,0.051505648148493455,202.6888888888889
18243,0.05150564814849982,202.70000000000002
18244,0.05399297831048089,202.7111111111111
18245,0.055236643391474605,202.72222222222223
18246,0.055236643391474605,202.73333333333335
18247,0.055236643391474605,202.74444444444444
18248,0.055858475931972566,202.75555555555556
18249,0.057102141012965305,202.76666666666668
18250,0.057102141012965305,202.77777777777777
18251,0.05834580609395892,202.7888888888889
18252,0.06083313625594615,202.8
18253,0.06083313625594615,202.81111111111113
18254,0.0614549687964431,202.82222222222222
18255,0.062698633877437,202.83333333333334
18256,0.062698633877437,202.84444444444446
18257,0.06332046641793367,202.85555555555555
18258,0.064564131498927,202.86666666666667
18259,0.064564131498927,202.8777777777778
18260,0.06518596403942399,202.88888888888889
18261,0.066429629120418,202.9
18262,0.066429629120418,202.91111111111113
18263,0.06705146166091483,202.92222222222222
18264,0.0682951267419085,202.93333333333334
18265,0.0682951267419085,202.94444444444446
18266,0.06891695928240851,202.95555555555558
18267,0.070160624363399,202.96666666666667
18268,0.07140428944439478,202.9777777777778
18269,0.0720261219848895,202.9888888888889
18270,0.0720261219848895,203.0
18271,0.07326978706588529,203.01111111111112
18272,0.07389161960638,203.02222222222224
18273,0.07389161960638,203.03333333333333
18274,0.07389161960638,203.04444444444445
18275,0.07389161960638,203.05555555555557
18276,0.07389161960638,203.06666666666666
18277,0.07513528468737367,203.07777777777778
18278,0.0757571172278705,203.0888888888889
18279,0.0757571172278705,203.1
18280,0.07700078230886416,203.11111111111111
18281,0.07762261484936099,203.12222222222223
18282,0.07762261484936099,203.13333333333335
18283,0.07762261484936099,203.14444444444445
18284,0.07762261484936099,203.15555555555557
18285,0.07762261484936099,203.16666666666669
18286,0.07762261484936099,203.17777777777778
18287,0.07824444738985889,203.1888888888889
18288,0.07948811247085467,203.20000000000002
18289,0.08073177755184516,203.2111111111111
18290,0.08135361009234199,203.22222222222223
18291,0.08135361009234517,203.23333333333335
18292,0.08259727517333566,203.24444444444444
18293,0.0832191077138325,203.25555555555556
18294,0.0832191077138325,203.26666666666668
18295,0.0832191077138325,203.27777777777777
18296,0.0832191077138325,203.2888888888889
18297,0.0832191077138325,203.3
18298,0.0832191077138325,203.31111111111113
18299,0.0832191077138325,203.32222222222222
18300,0.0832191077138325,203.33333333333334
18301,0.08446277279482828,203.34444444444446
18302,0.085084605335323,203.35555555555555
18303,0.085084605335323,203.36666666666667
18304,0.08632827041631878,203.3777777777778
18305,0.08695010295681349,203.38888888888889
18306,0.08695010295681349,203.4
18307,0.08695010295681349,203.41111111111113
18308,0.08695010295681349,203.42222222222222
18309,0.08695010295681349,203.43333333333334
18310,0.08695010295681349,203.44444444444446
18311,0.08695010295681349,203.45555555555558
18312,0.08695010295681349,203.46666666666667
18313,0.08695010295681349,203.4777777777778
18314,0.08695010295681349,203.4888888888889
18315,0.08695010295681349,203.5
18316,0.08695010295681349,203.51111111111112
18317,0.08695010295681349,203.52222222222224
18318,0.08695010295681349,203.53333333333333
18319,0.08695010295681349,203.54444444444445
18320,0.08757193549731139,203.55555555555557
18321,0.088815600578304,203.56666666666666
18322,0.088815600578304,203.57777777777778
18323,0.088815600578304,203.5888888888889
18324,0.088815600578304,203.6
18325,0.088815600578304,203.61111111111111
18326,0.088815600578304,203.62222222222223
18327,0.088815600578304,203.63333333333335
18328,0.088815600578304,203.64444444444445
18329,0.09005926565929995,203.65555555555557
18330,0.0925465958212855,203.66666666666669
18331,0.0925465958212855,203.67777777777778
18332,0.0925465958212855,203.6888888888889
18333,0.0925465958212855,203.70000000000002
18334,0.0925465958212855,203.7111111111111
18335,0.0925465958212855,203.72222222222223
18336,0.0925465958212855,203.73333333333335
18337,0.0925465958212855,203.74444444444444
18338,0.0925465958212855,203.75555555555556
18339,0.09254659582128867,203.76666666666668
18340,0.09379026090227917,203.77777777777777
18341,0.094412093442776,203.7888888888889
18342,0.094412093442776,203.8
18343,0.094412093442776,203.81111111111113
18344,0.094412093442776,203.82222222222222
18345,0.094412093442776,203.83333333333334
18346,0.094412093442776,203.84444444444446
18347,0.094412093442776,203.85555555555555
18348,0.094412093442776,203.86666666666667
18349,0.094412093442776,203.8777777777778
18350,0.094412093442776,203.88888888888889
18351,0.094412093442776,203.9
18352,0.094412093442776,203.91111111111113
18353,0.094412093442776,203.92222222222222
18354,0.094412093442776,203.93333333333334
18355,0.094412093442776,203.94444444444446
18356,0.094412093442776,203.95555555555558
18357,0.094412093442776,203.96666666666667
18358,0.11161489344280534,203.9777777777778
18359,0.12021629344277601,203.9888888888889
18360,0.12021629344277601,204.0
18361,0.12021629344277601,204.01111111111112
18362,0.12021629344277601,204.02222222222224
18363,0.12021629344277601,204.03333333333333
18364,0.12021629344277601,204.04444444444445
18365,0.12738412677612157,204.05555555555557
18366,0.14171979344277602,204.06666666666666
18367,0.14171979344277602,204.07777777777778
18368,0.14171979344277602,204.0888888888889
18369,0.14171979344277602,204.1
18370,0.14171979344277602,204.11111111111111
18371,0.14530379344278213,204.12222222222223
18372,0.152471793442776,204.13333333333335
18373,0.152471793442776,204.14444444444445
18374,0.158922793442787,204.15555555555557
18375,0.171824793442776,204.16666666666669
18376,0.171824793442776,204.17777777777778
18377,0.171824793442776,204.1888888888889
18378,0.171824793442776,204.20000000000002
18379,0.171824793442776,204.2111111111111
18380,0.17469196010944757,204.22222222222223
18381,0.180426293442776,204.23333333333335
18382,0.180426293442776,204.24444444444444
18383,0.20408012677614967,204.25555555555556
18384,0.251387793442776,204.26666666666668
18385,0.251387793442776,204.27777777777777
18386,0.251387793442776,204.2888888888889
18387,0.251387793442776,204.3
18388,0.251387793442776,204.31111111111113
18389,0.251387793442776,204.32222222222222
18390,0.251387793442776,204.33333333333334
18391,0.251387793442776,204.34444444444446
18392,0.251387793442776,204.35555555555555
18393,0.251387793442776,204.36666666666667
18394,0.251387793442776,204.3777777777778
18395,0.257838793442776,204.38888888888889
18396,0.270740793442776,204.4
18397,0.270740793442776,204.41111111111113
18398,0.27360796010944266,204.42222222222222
18399,0.279342293442776,204.43333333333334
18400,0.279342293442776,204.44444444444446
18401,0.279342293442776,204.45555555555558
18402,0.279342293442776,204.46666666666667
18403,0.279342293442776,204.4777777777778
18404,0.279342293442776,204.4888888888889
18405,0.279342293442776,204.5
18406,0.279342293442776,204.51111111111112
18407,0.279342293442776,204.52222222222224
18408,0.279342293442776,204.53333333333333
18409,0.279342293442776,204.54444444444445
18410,0.279342293442776,204.55555555555557
18411,0.279342293442776,204.56666666666666
18412,0.279342293442776,204.57777777777778
18413,0.28579346010945367,204.5888888888889
18414,0.29869579344277597,204.6
18415,0.29869579344277597,204.61111111111111
18416,0.29869579344277597,204.62222222222223
18417,0.29869579344278696,204.63333333333335
18418,0.30299646010944264,204.64444444444445
18419,0.305146793442776,204.65555555555557
18420,0.305146793442776,204.66666666666669
18421,0.305146793442776,204.67777777777778
18422,0.305146793442776,204.6888888888889
18423,0.305146793442776,204.70000000000002
18424,0.305146793442776,204.7111111111111
18425,0.30801396010944754,204.72222222222223
18426,0.313748293442776,204.73333333333335
18427,0.313748293442776,204.74444444444444
18428,0.313748293442776,204.75555555555556
18429,0.313748293442776,204.76666666666668
18430,0.313748293442776,204.77777777777777
18431,0.313748293442776,204.7888888888889
18432,0.313748293442776,204.8
18433,0.31642529185710755,204.81111111111113
18434,0.31848062439759983,204.82222222222222
18435,0.3199142910642665,204.83333333333334
18436,0.3211579561452623,204.84444444444446
18437,0.321779788685757,204.85555555555555
18438,0.321779788685757,204.86666666666667
18439,0.32426711884774856,204.8777777777778
18440,0.3298114505954047,204.88888888888889
18441,0.33841278392873797,204.9
18442,0.33841278392873797,204.91111111111113
18443,0.33841278392873797,204.92222222222222
18444,0.33841278392873797,204.93333333333334
18445,0.33841278392873797,204.94444444444446
18446,0.33841278392873797,204.95555555555558
18447,0.33841278392873797,204.96666666666667
18448,0.34414711726208114,204.9777777777778
18449,0.347014283928738,204.9888888888889
18450,0.347014283928738,205.0
18451,0.34844795059540706,205.01111111111112
18452,0.34916478392873795,205.02222222222224
18453,0.34916478392873795,205.03333333333333
18454,0.34916478392873795,205.04444444444445
18455,0.3513151172620823,205.05555555555557
18456,0.35561578392873805,205.06666666666666
18457,0.35561578392873805,205.07777777777778
18458,0.35561578392873805,205.0888888888889
18459,0.35561578392873805,205.1
18460,0.35561578392873805,205.11111111111111
18461,0.3563324505954059,205.12222222222223
18462,0.3577657839287527,205.13333333333335
18463,0.3635001172620713,205.14444444444445
18464,0.36636728392873796,205.15555555555557
18465,0.36636728392873796,205.16666666666669
18466,0.36636728392873796,205.17777777777778
18467,0.36636728392873796,205.1888888888889
18468,0.36636728392873796,205.20000000000002
18469,0.36636728392873796,205.2111111111111
18470,0.36636728392873796,205.22222222222223
18471,0.36636728392873796,205.23333333333335
18472,0.36636728392873796,205.24444444444444
18473,0.36636728392873796,205.25555555555556
18474,0.36636728392873796,205.26666666666668
18475,0.36636728392873796,205.27777777777777
18476,0.36636728392873796,205.2888888888889
18477,0.36636728392873796,205.3
18478,0.36636728392873796,205.31111111111113
18479,0.3721016172620713,205.32222222222222
18480,0.38357028392873804,205.33333333333334
18481,0.38357028392873804,205.34444444444446
18482,0.38357028392873804,205.35555555555555
18483,0.38357028392873804,205.36666666666667
18484,0.38357028392873804,205.3777777777778
18485,0.38357028392873804,205.38888888888889
18486,0.38357028392873804,205.4
18487,0.38787095059541205,205.41111111111113
18488,0.390021283928738,205.42222222222222
18489,0.390021283928738,205.43333333333334
18490,0.390021283928738,205.44444444444446
18491,0.390021283928738,205.45555555555558
18492,0.390021283928738,205.46666666666667
18493,0.390021283928738,205.4777777777778
18494,0.390738117262075,205.4888888888889
18495,0.39217178392873797,205.5
18496,0.39217178392873797,205.51111111111112
18497,0.3928884505954083,205.52222222222224
18498,0.39432178392873796,205.53333333333333
18499,0.39432178392873796,205.54444444444445
18500,0.39503861726207495,205.55555555555557
18501,0.396472283928738,205.56666666666666
18502,0.396472283928738,205.57777777777778
18503,0.39718911726207257,205.5888888888889
18504,0.39862278392873796,205.6
18505,0.39862278392873796,205.61111111111111
18506,0.39862278392873796,205.62222222222223
18507,0.39862278392873796,205.63333333333335
18508,0.39862278392873796,205.64444444444445
18509,0.39862278392873796,205.65555555555557
18510,0.3986227839287416,205.66666666666669
18511,0.4000564505954047,205.67777777777778
18512,0.400773283928738,205.6888888888889
18513,0.4007732839287417,205.70000000000002
18514,0.40220661726207135,205.7111111111111
18515,0.402923283928738,205.72222222222223
18516,0.402923283928738,205.73333333333335
18517,0.402923283928738,205.74444444444444
18518,0.402923283928738,205.75555555555556
18519,0.402923283928738,205.76666666666668
18520,0.402923283928738,205.77777777777777
18521,0.402923283928738,205.7888888888889
18522,0.402923283928738,205.8
18523,0.402923283928738,205.81111111111113
18524,0.40364011726207133,205.82222222222222
18525,0.40507378392873805,205.83333333333334
18526,0.40507378392873805,205.84444444444446
18527,0.40507378392873805,205.85555555555555
18528,0.40507378392873805,205.86666666666667
18529,0.40507378392873805,205.8777777777778
18530,0.40507378392873805,205.88888888888889
18531,0.40507378392873805,205.9
18532,0.40507378392873805,205.91111111111113
18533,0.40507378392873805,205.92222222222222
18534,0.40507378392873805,205.93333333333334
18535,0.40507378392873805,205.94444444444446
18536,0.40507378392873805,205.95555555555558
18537,0.40507378392873805,205.96666666666667
18538,0.40507378392873805,205.9777777777778
18539,0.40507378392873805,205.9888888888889
18540,0.40507378392873805,206.0
18541,0.40507378392873805,206.01111111111112
18542,0.40507378392873805,206.02222222222224
18543,0.40507378392873805,206.03333333333333
18544,0.40507378392873805,206.04444444444445
18545,0.40507378392873805,206.05555555555557
18546,0.40507378392873805,206.06666666666666
18547,0.40507378392873805,206.07777777777778
18548,0.40507378392873805,206.0888888888889
18549,0.40507378392873805,206.1
18550,0.40507378392873805,206.11111111111111
18551,0.40507378392873805,206.12222222222223
18552,0.40507378392873805,206.13333333333335
18553,0.40507378392873805,206.14444444444445
18554,0.40507378392873805,206.15555555555557
18555,0.40507378392873805,206.16666666666669
18556,0.40507378392873805,206.17777777777778
18557,0.40507378392873805,206.1888888888889
18558,0.40507378392873805,206.20000000000002
18559,0.40507378392873805,206.2111111111111
18560,0.40507378392873805,206.22222222222223
18561,0.40507378392873805,206.23333333333335
18562,0.40507378392873805,206.24444444444444
18563,0.40507378392873805,206.25555555555556
18564,0.40507378392873805,206.26666666666668
18565,0.40507378392873805,206.27777777777777
18566,0.40507378392873805,206.2888888888889
18567,0.40507378392873805,206.3
18568,0.40507378392873805,206.31111111111113
18569,0.40507378392873805,206.32222222222222
18570,0.40507378392873805,206.33333333333334
18571,0.40507378392873805,206.34444444444446
18572,0.40507378392873805,206.35555555555555
18573,0.40507378392873805,206.36666666666667
18574,0.40507378392873805,206.3777777777778
18575,0.40507378392873805,206.38888888888889
18576,0.40507378392873805,206.4
18577,0.40507378392873805,206.41111111111113
18578,0.40507378392873805,206.42222222222222
18579,0.40507378392873805,206.43333333333334
18580,0.40507378392873805,206.44444444444446
18581,0.40507378392873805,206.45555555555558
18582,0.40507378392873805,206.46666666666667
18583,0.40507378392873805,206.4777777777778
18584,0.40507378392873805,206.4888888888889
18585,0.40507378392873805,206.5
18586,0.40507378392873805,206.51111111111112
18587,0.40507378392873805,206.52222222222224
18588,0.40507378392873805,206.53333333333333
18589,0.40507378392873805,206.54444444444445
18590,0.40507378392873805,206.55555555555557
18591,0.40507378392873805,206.56666666666666
18592,0.40507378392873805,206.57777777777778
18593,0.40507378392873805,206.5888888888889
18594,0.40507378392873805,206.6
18595,0.40507378392873805,206.61111111111111
18596,0.40507378392873805,206.62222222222223
18597,0.40507378392873805,206.63333333333335
18598,0.40507378392873805,206.64444444444445
18599,0.40507378392873805,206.65555555555557
18600,0.40507378392873805,206.66666666666669
18601,0.40507378392873805,206.67777777777778
18602,0.40507378392873805,206.6888888888889
18603,0.40507378392873805,206.70000000000002
18604,0.40507378392873805,206.7111111111111
18605,0.40507378392873805,206.72222222222223
18606,0.40507378392873805,206.73333333333335
18607,0.40507378392873805,206.74444444444444
18608,0.40507378392873805,206.75555555555556
18609,0.40507378392873805,206.76666666666668
18610,0.40507378392873805,206.77777777777777
18611,0.40507378392873805,206.7888888888889
18612,0.40507378392873805,206.8
18613,0.40507378392873805,206.81111111111113
18614,0.40507378392873805,206.82222222222222
18615,0.40507378392873805,206.83333333333334
18616,0.40507378392873805,206.84444444444446
18617,0.40507378392873805,206.85555555555555
18618,0.40507378392873805,206.86666666666667
18619,0.40507378392873805,206.8777777777778
18620,0.40507378392873805,206.88888888888889
18621,0.40507378392873805,206.9
18622,0.40507378392873805,206.91111111111113
18623,0.40507378392873805,206.92222222222222
18624,0.40507378392873805,206.93333333333334
18625,0.40507378392873805,206.94444444444446
18626,0.40507378392873805,206.95555555555558
18627,0.40507378392873805,206.96666666666667
18628,0.40507378392873805,206.9777777777778
18629,0.40507378392873805,206.9888888888889
18630,0.40507378392873805,207.0
18631,0.40507378392873805,207.01111111111112
18632,0.40507378392873805,207.02222222222224
18633,0.40507378392873805,207.03333333333333
18634,0.40507378392873805,207.04444444444445
18635,0.40507378392873805,207.05555555555557
18636,0.40507378392873805,207.06666666666666
18637,0.40507378392873805,207.07777777777778
18638,0.40507378392873805,207.0888888888889
18639,0.40507378392873805,207.1
18640,0.40507378392873805,207.11111111111111
18641,0.40507378392873805,207.12222222222223
18642,0.40507378392873805,207.13333333333335
18643,0.40507378392873805,207.14444444444445
18644,0.40507378392873805,207.15555555555557
18645,0.40507378392873805,207.16666666666669
18646,0.40507378392873805,207.17777777777778
18647,0.40507378392873805,207.1888888888889
18648,0.40507378392873805,207.20000000000002
18649,0.40507378392873805,207.2111111111111
18650,0.40507378392873805,207.22222222222223
18651,0.40507378392873805,207.23333333333335
18652,0.40507378392873805,207.24444444444444
18653,0.40507378392873805,207.25555555555556
18654,0.40507378392873805,207.26666666666668
18655,0.40507378392873805,207.2777777777778
18656,0.40507378392873805,207.2888888888889
18657,0.40507378392873805,207.3
18658,0.40507378392873805,207.31111111111113
18659,0.40507378392873805,207.32222222222222
18660,0.40507378392873805,207.33333333333334
18661,0.40507378392873805,207.34444444444446
18662,0.40507378392873805,207.35555555555555
18663,0.40507378392873805,207.36666666666667
18664,0.40507378392873805,207.3777777777778
18665,0.40507378392873805,207.38888888888889
18666,0.40507378392873805,207.4
18667,0.40507378392873805,207.41111111111113
18668,0.40507378392873805,207.42222222222222
18669,0.40507378392873805,207.43333333333334
18670,0.40507378392873805,207.44444444444446
18671,0.40507378392873805,207.45555555555558
18672,0.40507378392873805,207.46666666666667
18673,0.40507378392873805,207.4777777777778
18674,0.40507378392873805,207.4888888888889
18675,0.40507378392873805,207.5
18676,0.40507378392873805,207.51111111111112
18677,0.40507378392873805,207.52222222222224
18678,0.40507378392873805,207.53333333333333
18679,0.40507378392873805,207.54444444444445
18680,0.40507378392873805,207.55555555555557
18681,0.40507378392873805,207.56666666666666
18682,0.40507378392873805,207.57777777777778
18683,0.40507378392873805,207.5888888888889
18684,0.40507378392873805,207.6
18685,0.40507378392873805,207.61111111111111
18686,0.40507378392873805,207.62222222222223
18687,0.40507378392873805,207.63333333333335
18688,0.40507378392873805,207.64444444444445
18689,0.40507378392873805,207.65555555555557
18690,0.40507378392873805,207.66666666666669
18691,0.40507378392873805,207.67777777777778
18692,0.40507378392873805,207.6888888888889
18693,0.40507378392873805,207.70000000000002
18694,0.40507378392873805,207.7111111111111
18695,0.40507378392873805,207.72222222222223
18696,0.40507378392873805,207.73333333333335
18697,0.40507378392873805,207.74444444444444
18698,0.40507378392873805,207.75555555555556
18699,0.40507378392873805,207.76666666666668
18700,0.40507378392873805,207.7777777777778
18701,0.40507378392873805,207.7888888888889
18702,0.40507378392873805,207.8
18703,0.40507378392873805,207.81111111111113
18704,0.40507378392873805,207.82222222222222
18705,0.40507378392873805,207.83333333333334
18706,0.40507378392873805,207.84444444444446
18707,0.40507378392873805,207.85555555555555
18708,0.40507378392873805,207.86666666666667
18709,0.40507378392873805,207.8777777777778
18710,0.40507378392873805,207.88888888888889
18711,0.40507378392873805,207.9
18712,0.40507378392873805,207.91111111111113
18713,0.40507378392873805,207.92222222222222
18714,0.40507378392873805,207.93333333333334
18715,0.40507378392873805,207.94444444444446
18716,0.40507378392873805,207.95555555555558
18717,0.40507378392873805,207.96666666666667
18718,0.40507378392873805,207.9777777777778
18719,0.40507378392873805,207.9888888888889
18720,0.40507378392873805,208.0
18721,0.40507378392873805,208.01111111111112
18722,0.40507378392873805,208.02222222222224
18723,0.40507378392873805,208.03333333333333
18724,0.40507378392873805,208.04444444444445
18725,0.40507378392873805,208.05555555555557
18726,0.40507378392873805,208.06666666666666
18727,0.40507378392873805,208.07777777777778
18728,0.40507378392873805,208.0888888888889
18729,0.40507378392873805,208.1
18730,0.40507378392873805,208.11111111111111
18731,0.40507378392873805,208.12222222222223
18732,0.40507378392873805,208.13333333333335
18733,0.40507378392873805,208.14444444444445
18734,0.40507378392873805,208.15555555555557
18735,0.40507378392873805,208.16666666666669
18736,0.40507378392873805,208.17777777777778
18737,0.40507378392873805,208.1888888888889
18738,0.40507378392873805,208.20000000000002
18739,0.40507378392873805,208.2111111111111
18740,0.40507378392873805,208.22222222222223
18741,0.40507378392873805,208.23333333333335
18742,0.40507378392873805,208.24444444444444
18743,0.40507378392873805,208.25555555555556
18744,0.40507378392873805,208.26666666666668
18745,0.40507378392873805,208.2777777777778
18746,0.40507378392873805,208.2888888888889
18747,0.40507378392873805,208.3
18748,0.40507378392873805,208.31111111111113
18749,0.40507378392873805,208.32222222222222
18750,0.40507378392873805,208.33333333333334
18751,0.40507378392873805,208.34444444444446
18752,0.40507378392873805,208.35555555555555
18753,0.40507378392873805,208.36666666666667
18754,0.40507378392873805,208.3777777777778
18755,0.40507378392873805,208.38888888888889
18756,0.40507378392873805,208.4
18757,0.40507378392873805,208.41111111111113
18758,0.40507378392873805,208.42222222222222
18759,0.40507378392873805,208.43333333333334
18760,0.40507378392873805,208.44444444444446
18761,0.40507378392873805,208.45555555555558
18762,0.40507378392873805,208.46666666666667
18763,0.40507378392873805,208.4777777777778
18764,0.40507378392873805,208.4888888888889
18765,0.40507378392873805,208.5
18766,0.40507378392873805,208.51111111111112
18767,0.40507378392873805,208.52222222222224
18768,0.40507378392873805,208.53333333333333
18769,0.40507378392873805,208.54444444444445
18770,0.40507378392873805,208.55555555555557
18771,0.40507378392873805,208.56666666666666
18772,0.40507378392873805,208.57777777777778
18773,0.40507378392873805,208.5888888888889
18774,0.40507378392873805,208.6
18775,0.40507378392873805,208.61111111111111
18776,0.40507378392873805,208.62222222222223
18777,0.40507378392873805,208.63333333333335
18778,0.40507378392873805,208.64444444444445
18779,0.40507378392873805,208.65555555555557
18780,0.40507378392873805,208.66666666666669
18781,0.40507378392873805,208.67777777777778
18782,0.40507378392873805,208.6888888888889
18783,0.40507378392873805,208.70000000000002
18784,0.40507378392873805,208.7111111111111
18785,0.40507378392873805,208.72222222222223
18786,0.40507378392873805,208.73333333333335
18787,0.40507378392873805,208.74444444444444
18788,0.40507378392873805,208.75555555555556
18789,0.40507378392873805,208.76666666666668
18790,0.40507378392873805,208.7777777777778
18791,0.40507378392873805,208.7888888888889
18792,0.40507378392873805,208.8
18793,0.40507378392873805,208.81111111111113
18794,0.40507378392873805,208.82222222222222
18795,0.40507378392873805,208.83333333333334
18796,0.40507378392873805,208.84444444444446
18797,0.40507378392873805,208.85555555555555
18798,0.40507378392873805,208.86666666666667
18799,0.40507378392873805,208.8777777777778
18800,0.40507378392873805,208.88888888888889
18801,0.40507378392873805,208.9
18802,0.40507378392873805,208.91111111111113
18803,0.40507378392873805,208.92222222222222
18804,0.40507378392873805,208.93333333333334
18805,0.40507378392873805,208.94444444444446
18806,0.40507378392873805,208.95555555555558
18807,0.40507378392873805,208.96666666666667
18808,0.40507378392873805,208.9777777777778
18809,0.40507378392873805,208.9888888888889
18810,0.40507378392873805,209.0
18811,0.40507378392873805,209.01111111111112
18812,0.40507378392873805,209.02222222222224
18813,0.40507378392873805,209.03333333333333
18814,0.40507378392873805,209.04444444444445
18815,0.40507378392873805,209.05555555555557
18816,0.40507378392873805,209.06666666666666
18817,0.40507378392873805,209.07777777777778
18818,0.40507378392873805,209.0888888888889
18819,0.40507378392873805,209.1
18820,0.40507378392873805,209.11111111111111
18821,0.40507378392873805,209.12222222222223
18822,0.40507378392873805,209.13333333333335
18823,0.40507378392873805,209.14444444444445
18824,0.40507378392873805,209.15555555555557
18825,0.40507378392873805,209.16666666666669
18826,0.40507378392873805,209.17777777777778
18827,0.40507378392873805,209.1888888888889
18828,0.40507378392873805,209.20000000000002
18829,0.40507378392873805,209.2111111111111
18830,0.40507378392873805,209.22222222222223
18831,0.40507378392873805,209.23333333333335
18832,0.40507378392873805,209.24444444444444
18833,0.40507378392873805,209.25555555555556
18834,0.40507378392873805,209.26666666666668
18835,0.40507378392873805,209.2777777777778
18836,0.40507378392873805,209.2888888888889
18837,0.40507378392873805,209.3
18838,0.40507378392873805,209.31111111111113
18839,0.40507378392873805,209.32222222222222
18840,0.40507378392873805,209.33333333333334
18841,0.40507378392873805,209.34444444444446
18842,0.40507378392873805,209.35555555555555
18843,0.40507378392873805,209.36666666666667
18844,0.40507378392873805,209.3777777777778
18845,0.40507378392873805,209.38888888888889
18846,0.40507378392873805,209.4
18847,0.40507378392873805,209.41111111111113
18848,0.40507378392873805,209.42222222222222
18849,0.40507378392873805,209.43333333333334
18850,0.40507378392873805,209.44444444444446
18851,0.40507378392873805,209.45555555555558
18852,0.40507378392873805,209.46666666666667
18853,0.40507378392873805,209.4777777777778
18854,0.40507378392873805,209.4888888888889
18855,0.40507378392873805,209.5
18856,0.40507378392873805,209.51111111111112
18857,0.40507378392873805,209.52222222222224
18858,0.40507378392873805,209.53333333333333
18859,0.40507378392873805,209.54444444444445
18860,0.40507378392873805,209.55555555555557
18861,0.40507378392873805,209.56666666666666
18862,0.40507378392873805,209.57777777777778
18863,0.40507378392873805,209.5888888888889
18864,0.40507378392873805,209.6
18865,0.40507378392873805,209.61111111111111
18866,0.40507378392873805,209.62222222222223
18867,0.40507378392873805,209.63333333333335
18868,0.40507378392873805,209.64444444444445
18869,0.40507378392873805,209.65555555555557
18870,0.40507378392873805,209.66666666666669
18871,0.40507378392873805,209.67777777777778
18872,0.40507378392873805,209.6888888888889
18873,0.40507378392873805,209.70000000000002
18874,0.40507378392873805,209.7111111111111
18875,0.40507378392873805,209.72222222222223
18876,0.40507378392873805,209.73333333333335
18877,0.40507378392873805,209.74444444444444
18878,0.40507378392873805,209.75555555555556
18879,0.40507378392873805,209.76666666666668
18880,0.40507378392873805,209.7777777777778
18881,0.40507378392873805,209.7888888888889
18882,0.40507378392873805,209.8
18883,0.40507378392873805,209.81111111111113
18884,0.40507378392873805,209.82222222222222
18885,0.40507378392873805,209.83333333333334
18886,0.40507378392873805,209.84444444444446
18887,0.40507378392873805,209.85555555555555
18888,0.40507378392873805,209.86666666666667
18889,0.40507378392873805,209.8777777777778
18890,0.40507378392873805,209.88888888888889
18891,0.40507378392873805,209.9
18892,0.40507378392873805,209.91111111111113
18893,0.40507378392873805,209.92222222222222
18894,0.40507378392873805,209.93333333333334
18895,0.40507378392873805,209.94444444444446
18896,0.40507378392873805,209.95555555555558
18897,0.40507378392873805,209.96666666666667
18898,0.40507378392873805,209.9777777777778
18899,0.40507378392873805,209.9888888888889
18900,0.40507378392873805,210.0
18901,0.40507378392873805,210.01111111111112
18902,0.40507378392873805,210.02222222222224
18903,0.40507378392873805,210.03333333333333
18904,0.40507378392873805,210.04444444444445
18905,0.40507378392873805,210.05555555555557
18906,0.40507378392873805,210.06666666666666
18907,0.40507378392873805,210.07777777777778
18908,0.40507378392873805,210.0888888888889
18909,0.40507378392873805,210.1
18910,0.40507378392873805,210.11111111111111
18911,0.40507378392873805,210.12222222222223
18912,0.40507378392873805,210.13333333333335
18913,0.40507378392873805,210.14444444444445
18914,0.40507378392873805,210.15555555555557
18915,0.40507378392873805,210.16666666666669
18916,0.40507378392873805,210.17777777777778
18917,0.40507378392873805,210.1888888888889
18918,0.40507378392873805,210.20000000000002
18919,0.40507378392873805,210.2111111111111
18920,0.40507378392873805,210.22222222222223
18921,0.40507378392873805,210.23333333333335
18922,0.40507378392873805,210.24444444444444
18923,0.40507378392873805,210.25555555555556
18924,0.40507378392873805,210.26666666666668
18925,0.40507378392873805,210.2777777777778
18926,0.40507378392873805,210.2888888888889
18927,0.40507378392873805,210.3
18928,0.40507378392873805,210.31111111111113
18929,0.40507378392873805,210.32222222222222
18930,0.40507378392873805,210.33333333333334
18931,0.40507378392873805,210.34444444444446
18932,0.40507378392873805,210.35555555555555
18933,0.40507378392873805,210.36666666666667
18934,0.40507378392873805,210.3777777777778
18935,0.40507378392873805,210.38888888888889
18936,0.40507378392873805,210.4
18937,0.40507378392873805,210.41111111111113
18938,0.40507378392873805,210.42222222222222
18939,0.40507378392873805,210.43333333333334
18940,0.40507378392873805,210.44444444444446
18941,0.40507378392873805,210.45555555555558
18942,0.40507378392873805,210.46666666666667
18943,0.40507378392873805,210.4777777777778
18944,0.40507378392873805,210.4888888888889
18945,0.40507378392873805,210.5
18946,0.40507378392873805,210.51111111111112
18947,0.40507378392873805,210.52222222222224
18948,0.40507378392873805,210.53333333333333
18949,0.40507378392873805,210.54444444444445
18950,0.40507378392873805,210.55555555555557
18951,0.40507378392873805,210.56666666666666
18952,0.40507378392873805,210.57777777777778
18953,0.40507378392873805,210.5888888888889
18954,0.40507378392873805,210.6
18955,0.40507378392873805,210.61111111111111
18956,0.40507378392873805,210.62222222222223
18957,0.40507378392873805,210.63333333333335
18958,0.40507378392873805,210.64444444444445
18959,0.40507378392873805,210.65555555555557
18960,0.40507378392873805,210.66666666666669
18961,0.40507378392873805,210.67777777777778
18962,0.40507378392873805,210.6888888888889
18963,0.40507378392873805,210.70000000000002
18964,0.40507378392873805,210.7111111111111
18965,0.40507378392873805,210.72222222222223
18966,0.40507378392873805,210.73333333333335
18967,0.40507378392873805,210.74444444444444
18968,0.40507378392873805,210.75555555555556
18969,0.40507378392873805,210.76666666666668
18970,0.40507378392873805,210.7777777777778
18971,0.40507378392873805,210.7888888888889
18972,0.40507378392873805,210.8
18973,0.40507378392873805,210.81111111111113
18974,0.40507378392873805,210.82222222222222
18975,0.40507378392873805,210.83333333333334
18976,0.40507378392873805,210.84444444444446
18977,0.40507378392873805,210.85555555555555
18978,0.40507378392873805,210.86666666666667
18979,0.40507378392873805,210.8777777777778
18980,0.40507378392873805,210.88888888888889
18981,0.40507378392873805,210.9
18982,0.40507378392873805,210.91111111111113
18983,0.40507378392873805,210.92222222222222
18984,0.40507378392873805,210.93333333333334
18985,0.40507378392873805,210.94444444444446
18986,0.40507378392873805,210.95555555555558
18987,0.40507378392873805,210.96666666666667
18988,0.40507378392873805,210.9777777777778
18989,0.40507378392873805,210.9888888888889
18990,0.40507378392873805,211.0
18991,0.40507378392873805,211.01111111111112
18992,0.40507378392873805,211.02222222222224
18993,0.40507378392873805,211.03333333333333
18994,0.40507378392873805,211.04444444444445
18995,0.40507378392873805,211.05555555555557
18996,0.40507378392873805,211.06666666666666
18997,0.40507378392873805,211.07777777777778
18998,0.40507378392873805,211.0888888888889
18999,0.40507378392873805,211.1
19000,0.40507378392873805,211.11111111111111
19001,0.40507378392873805,211.12222222222223
19002,0.40507378392873805,211.13333333333335
19003,0.40507378392873805,211.14444444444445
19004,0.40507378392873805,211.15555555555557
19005,0.40507378392873805,211.16666666666669
19006,0.40507378392873805,211.17777777777778
19007,0.40507378392873805,211.1888888888889
19008,0.40507378392873805,211.20000000000002
19009,0.40507378392873805,211.2111111111111
19010,0.40507378392873805,211.22222222222223
19011,0.40507378392873805,211.23333333333335
19012,0.40507378392873805,211.24444444444444
19013,0.40507378392873805,211.25555555555556
19014,0.40507378392873805,211.26666666666668
19015,0.40507378392873805,211.2777777777778
19016,0.40507378392873805,211.2888888888889
19017,0.40507378392873805,211.3
19018,0.40507378392873805,211.31111111111113
19019,0.40507378392873805,211.32222222222222
19020,0.40507378392873805,211.33333333333334
19021,0.40507378392873805,211.34444444444446
19022,0.40507378392873805,211.35555555555555
19023,0.40507378392873805,211.36666666666667
19024,0.40507378392873805,211.3777777777778
19025,0.40507378392873805,211.38888888888889
19026,0.40507378392873805,211.4
19027,0.40507378392873805,211.41111111111113
19028,0.40507378392873805,211.42222222222222
19029,0.40507378392873805,211.43333333333334
19030,0.40507378392873805,211.44444444444446
19031,0.40507378392873805,211.45555555555558
19032,0.40507378392873805,211.46666666666667
19033,0.40507378392873805,211.4777777777778
19034,0.40507378392873805,211.4888888888889
19035,0.40507378392873805,211.5
19036,0.40507378392873805,211.51111111111112
19037,0.40507378392873805,211.52222222222224
19038,0.40507378392873805,211.53333333333333
19039,0.40507378392873805,211.54444444444445
19040,0.40507378392873805,211.55555555555557
19041,0.40507378392873805,211.56666666666666
19042,0.40507378392873805,211.57777777777778
19043,0.40507378392873805,211.5888888888889
19044,0.40507378392873805,211.6
19045,0.40507378392873805,211.61111111111111
19046,0.40507378392873805,211.62222222222223
19047,0.40507378392873805,211.63333333333335
19048,0.40507378392873805,211.64444444444445
19049,0.40507378392873805,211.65555555555557
19050,0.40507378392873805,211.66666666666669
19051,0.40507378392873805,211.67777777777778
19052,0.40507378392873805,211.6888888888889
19053,0.40507378392873805,211.70000000000002
19054,0.40507378392873805,211.7111111111111
19055,0.40507378392873805,211.72222222222223
19056,0.40507378392873805,211.73333333333335
19057,0.40507378392873805,211.74444444444444
19058,0.40507378392873805,211.75555555555556
19059,0.40507378392873805,211.76666666666668
19060,0.40507378392873805,211.7777777777778
19061,0.40507378392873805,211.7888888888889
19062,0.40507378392873805,211.8
19063,0.40507378392873805,211.81111111111113
19064,0.40507378392873805,211.82222222222222
19065,0.40507378392873805,211.83333333333334
19066,0.40507378392873805,211.84444444444446
19067,0.40507378392873805,211.85555555555555
19068,0.40507378392873805,211.86666666666667
19069,0.40507378392873805,211.8777777777778
19070,0.40507378392873805,211.88888888888889
19071,0.40507378392873805,211.9
19072,0.40507378392873805,211.91111111111113
19073,0.40507378392873805,211.92222222222222
19074,0.40507378392873805,211.93333333333334
19075,0.40507378392873805,211.94444444444446
19076,0.40507378392873805,211.95555555555558
19077,0.40507378392873805,211.96666666666667
19078,0.40507378392873805,211.9777777777778
19079,0.40507378392873805,211.9888888888889
19080,0.40507378392873805,212.0
19081,0.40507378392873805,212.01111111111112
19082,0.40507378392873805,212.02222222222224
19083,0.40507378392873805,212.03333333333333
19084,0.40507378392873805,212.04444444444445
19085,0.40507378392873805,212.05555555555557
19086,0.40507378392873805,212.06666666666666
19087,0.40507378392873805,212.07777777777778
19088,0.40507378392873805,212.0888888888889
19089,0.40507378392873805,212.1
19090,0.40507378392873805,212.11111111111111
19091,0.40507378392873805,212.12222222222223
19092,0.40507378392873805,212.13333333333335
19093,0.40507378392873805,212.14444444444445
19094,0.40507378392873805,212.15555555555557
19095,0.40507378392873805,212.16666666666669
19096,0.40507378392873805,212.17777777777778
19097,0.40507378392873805,212.1888888888889
19098,0.40507378392873805,212.20000000000002
19099,0.40507378392873805,212.2111111111111
19100,0.40507378392873805,212.22222222222223
19101,0.40507378392873805,212.23333333333335
19102,0.40507378392873805,212.24444444444444
19103,0.40507378392873805,212.25555555555556
19104,0.40507378392873805,212.26666666666668
19105,0.40507378392873805,212.2777777777778
19106,0.40507378392873805,212.2888888888889
19107,0.40507378392873805,212.3
19108,0.40507378392873805,212.31111111111113
19109,0.40507378392873805,212.32222222222222
19110,0.40507378392873805,212.33333333333334
19111,0.40507378392873805,212.34444444444446
19112,0.40507378392873805,212.35555555555555
19113,0.40507378392873805,212.36666666666667
19114,0.40507378392873805,212.3777777777778
19115,0.40507378392873805,212.38888888888889
19116,0.40507378392873805,212.4
19117,0.40507378392873805,212.41111111111113
19118,0.40507378392873805,212.42222222222222
19119,0.40507378392873805,212.43333333333334
19120,0.40507378392873805,212.44444444444446
19121,0.40507378392873805,212.45555555555558
19122,0.40507378392873805,212.46666666666667
19123,0.40507378392873805,212.4777777777778
19124,0.40507378392873805,212.4888888888889
19125,0.40507378392873805,212.5
19126,0.40507378392873805,212.51111111111112
19127,0.40507378392873805,212.52222222222224
19128,0.40507378392873805,212.53333333333333
19129,0.40507378392873805,212.54444444444445
19130,0.40507378392873805,212.55555555555557
19131,0.40507378392873805,212.56666666666666
19132,0.40507378392873805,212.57777777777778
19133,0.40507378392873805,212.5888888888889
19134,0.40507378392873805,212.6
19135,0.40507378392873805,212.61111111111111
19136,0.40507378392873805,212.62222222222223
19137,0.40507378392873805,212.63333333333335
19138,0.40507378392873805,212.64444444444445
19139,0.40507378392873805,212.65555555555557
19140,0.40507378392873805,212.66666666666669
19141,0.40507378392873805,212.67777777777778
19142,0.40507378392873805,212.6888888888889
19143,0.40507378392873805,212.70000000000002
19144,0.40507378392873805,212.7111111111111
19145,0.40507378392873805,212.72222222222223
19146,0.40507378392873805,212.73333333333335
19147,0.40507378392873805,212.74444444444444
19148,0.40507378392873805,212.75555555555556
19149,0.40507378392873805,212.76666666666668
19150,0.40507378392873805,212.7777777777778
19151,0.40507378392873805,212.7888888888889
19152,0.40507378392873805,212.8
19153,0.40507378392873805,212.81111111111113
19154,0.40507378392873805,212.82222222222222
19155,0.40507378392873805,212.83333333333334
19156,0.40507378392873805,212.84444444444446
19157,0.40507378392873805,212.85555555555555
19158,0.40507378392873805,212.86666666666667
19159,0.40507378392873805,212.8777777777778
19160,0.40507378392873805,212.88888888888889
19161,0.40507378392873805,212.9
19162,0.40507378392873805,212.91111111111113
19163,0.40507378392873805,212.92222222222222
19164,0.40507378392873805,212.93333333333334
19165,0.40507378392873805,212.94444444444446
19166,0.40507378392873805,212.95555555555558
19167,0.40507378392873805,212.96666666666667
19168,0.40507378392873805,212.9777777777778
19169,0.40507378392873805,212.9888888888889
19170,0.40507378392873805,213.0
19171,0.40507378392873805,213.01111111111112
19172,0.40507378392873805,213.02222222222224
19173,0.40507378392873805,213.03333333333333
19174,0.40507378392873805,213.04444444444445
19175,0.40507378392873805,213.05555555555557
19176,0.40507378392873805,213.06666666666666
19177,0.40507378392873805,213.07777777777778
19178,0.40507378392873805,213.0888888888889
19179,0.40507378392873805,213.1
19180,0.40507378392873805,213.11111111111111
19181,0.40507378392873805,213.12222222222223
19182,0.40507378392873805,213.13333333333335
19183,0.40507378392873805,213.14444444444445
19184,0.40507378392873805,213.15555555555557
19185,0.40507378392873805,213.16666666666669
19186,0.40507378392873805,213.17777777777778
19187,0.40507378392873805,213.1888888888889
19188,0.40507378392873805,213.20000000000002
19189,0.40507378392873805,213.2111111111111
19190,0.40507378392873805,213.22222222222223
19191,0.40507378392873805,213.23333333333335
19192,0.40507378392873805,213.24444444444444
19193,0.40507378392873805,213.25555555555556
19194,0.40507378392873805,213.26666666666668
19195,0.40507378392873805,213.2777777777778
19196,0.40507378392873805,213.2888888888889
19197,0.40507378392873805,213.3
19198,0.40507378392873805,213.31111111111113
19199,0.40507378392873805,213.32222222222222
19200,0.40507378392873805,213.33333333333334
19201,0.40507378392873805,213.34444444444446
19202,0.40507378392873805,213.35555555555555
19203,0.40507378392873805,213.36666666666667
19204,0.40507378392873805,213.3777777777778
19205,0.40507378392873805,213.38888888888889
19206,0.40507378392873805,213.4
19207,0.40507378392873805,213.41111111111113
19208,0.40507378392873805,213.42222222222222
19209,0.40507378392873805,213.43333333333334
19210,0.40507378392873805,213.44444444444446
19211,0.40507378392873805,213.45555555555558
19212,0.40507378392873805,213.46666666666667
19213,0.40507378392873805,213.4777777777778
19214,0.40507378392873805,213.4888888888889
19215,0.40507378392873805,213.5
19216,0.40507378392873805,213.51111111111112
19217,0.40507378392873805,213.52222222222224
19218,0.40507378392873805,213.53333333333333
19219,0.40507378392873805,213.54444444444445
19220,0.40507378392873805,213.55555555555557
19221,0.40507378392873805,213.56666666666666
19222,0.40507378392873805,213.57777777777778
19223,0.40507378392873805,213.5888888888889
19224,0.40507378392873805,213.6
19225,0.40507378392873805,213.61111111111111
19226,0.40507378392873805,213.62222222222223
19227,0.40507378392873805,213.63333333333335
19228,0.40507378392873805,213.64444444444445
19229,0.40507378392873805,213.65555555555557
19230,0.40507378392873805,213.66666666666669
19231,0.40507378392873805,213.67777777777778
19232,0.40507378392873805,213.6888888888889
19233,0.40507378392873805,213.70000000000002
19234,0.40507378392873805,213.7111111111111
19235,0.40507378392873805,213.72222222222223
19236,0.40507378392873805,213.73333333333335
19237,0.40507378392873805,213.74444444444444
19238,0.40507378392873805,213.75555555555556
19239,0.40507378392873805,213.76666666666668
19240,0.40507378392873805,213.7777777777778
19241,0.40507378392873805,213.7888888888889
19242,0.40507378392873805,213.8
19243,0.40507378392873805,213.81111111111113
19244,0.40507378392873805,213.82222222222222
19245,0.40507378392873805,213.83333333333334
19246,0.40507378392873805,213.84444444444446
19247,0.40507378392873805,213.85555555555555
19248,0.40507378392873805,213.86666666666667
19249,0.40507378392873805,213.8777777777778
19250,0.40507378392873805,213.88888888888889
19251,0.40507378392873805,213.9
19252,0.40507378392873805,213.91111111111113
19253,0.40507378392873805,213.92222222222222
19254,0.40507378392873805,213.93333333333334
19255,0.40507378392873805,213.94444444444446
19256,0.40507378392873805,213.95555555555558
19257,0.40507378392873805,213.96666666666667
19258,0.40507378392873805,213.9777777777778
19259,0.40507378392873805,213.9888888888889
19260,0.40507378392873805,214.0
19261,0.40507378392873805,214.01111111111112
19262,0.40507378392873805,214.02222222222224
19263,0.40507378392873805,214.03333333333333
19264,0.40507378392873805,214.04444444444445
19265,0.40507378392873805,214.05555555555557
19266,0.40507378392873805,214.06666666666666
19267,0.40507378392873805,214.07777777777778
19268,0.40507378392873805,214.0888888888889
19269,0.40507378392873805,214.1
19270,0.40507378392873805,214.11111111111111
19271,0.40507378392873805,214.12222222222223
19272,0.40507378392873805,214.13333333333335
19273,0.40507378392873805,214.14444444444445
19274,0.40507378392873805,214.15555555555557
19275,0.40507378392873805,214.16666666666669
19276,0.40507378392873805,214.17777777777778
19277,0.40507378392873805,214.1888888888889
19278,0.40507378392873805,214.20000000000002
19279,0.40507378392873805,214.2111111111111
19280,0.40507378392873805,214.22222222222223
19281,0.40507378392873805,214.23333333333335
19282,0.40507378392873805,214.24444444444444
19283,0.40507378392873805,214.25555555555556
19284,0.40507378392873805,214.26666666666668
19285,0.40507378392873805,214.2777777777778
19286,0.40507378392873805,214.2888888888889
19287,0.40507378392873805,214.3
19288,0.40507378392873805,214.31111111111113
19289,0.40507378392873805,214.32222222222222
19290,0.40507378392873805,214.33333333333334
19291,0.40507378392873805,214.34444444444446
19292,0.40507378392873805,214.35555555555555
19293,0.40507378392873805,214.36666666666667
19294,0.40507378392873805,214.3777777777778
19295,0.40507378392873805,214.38888888888889
19296,0.40507378392873805,214.4
19297,0.40507378392873805,214.41111111111113
19298,0.40507378392873805,214.42222222222222
19299,0.40507378392873805,214.43333333333334
19300,0.40507378392873805,214.44444444444446
19301,0.40507378392873805,214.45555555555558
19302,0.40507378392873805,214.46666666666667
19303,0.40507378392873805,214.4777777777778
19304,0.40507378392873805,214.4888888888889
19305,0.40507378392873805,214.5
19306,0.40507378392873805,214.51111111111112
19307,0.40507378392873805,214.52222222222224
19308,0.40507378392873805,214.53333333333333
19309,0.40507378392873805,214.54444444444445
19310,0.40507378392873805,214.55555555555557
19311,0.40507378392873805,214.56666666666666
19312,0.40507378392873805,214.57777777777778
19313,0.40507378392873805,214.5888888888889
19314,0.40507378392873805,214.6
19315,0.40507378392873805,214.61111111111111
19316,0.40507378392873805,214.62222222222223
19317,0.40507378392873805,214.63333333333335
19318,0.40507378392873805,214.64444444444445
19319,0.40507378392873805,214.65555555555557
19320,0.40507378392873805,214.66666666666669
19321,0.40507378392873805,214.67777777777778
19322,0.40507378392873805,214.6888888888889
19323,0.40507378392873805,214.70000000000002
19324,0.40507378392873805,214.7111111111111
19325,0.40507378392873805,214.72222222222223
19326,0.40507378392873805,214.73333333333335
19327,0.40507378392873805,214.74444444444444
19328,0.40507378392873805,214.75555555555556
19329,0.40507378392873805,214.76666666666668
19330,0.40507378392873805,214.7777777777778
19331,0.40507378392873805,214.7888888888889
19332,0.40507378392873805,214.8
19333,0.40507378392873805,214.81111111111113
19334,0.40507378392873805,214.82222222222222
19335,0.40507378392873805,214.83333333333334
19336,0.40507378392873805,214.84444444444446
19337,0.40507378392873805,214.85555555555555
19338,0.40507378392873805,214.86666666666667
19339,0.40507378392873805,214.8777777777778
19340,0.40507378392873805,214.88888888888889
19341,0.40507378392873805,214.9
19342,0.40507378392873805,214.91111111111113
19343,0.40507378392873805,214.92222222222222
19344,0.40507378392873805,214.93333333333334
19345,0.40507378392873805,214.94444444444446
19346,0.40507378392873805,214.95555555555558
19347,0.40507378392873805,214.96666666666667
19348,0.40507378392873805,214.9777777777778
19349,0.40507378392873805,214.9888888888889
19350,0.40507378392873805,215.0
19351,0.40507378392873805,215.01111111111112
19352,0.40507378392873805,215.02222222222224
19353,0.40507378392873805,215.03333333333333
19354,0.40507378392873805,215.04444444444445
19355,0.40507378392873805,215.05555555555557
19356,0.40507378392873805,215.06666666666666
19357,0.40507378392873805,215.07777777777778
19358,0.40507378392873805,215.0888888888889
19359,0.40507378392873805,215.1
19360,0.40507378392873805,215.11111111111111
19361,0.40507378392873805,215.12222222222223
19362,0.40507378392873805,215.13333333333335
19363,0.40507378392873805,215.14444444444445
19364,0.40507378392873805,215.15555555555557
19365,0.40507378392873805,215.16666666666669
19366,0.40507378392873805,215.17777777777778
19367,0.40507378392873805,215.1888888888889
19368,0.40507378392873805,215.20000000000002
19369,0.40507378392873805,215.2111111111111
19370,0.40507378392873805,215.22222222222223
19371,0.40507378392873805,215.23333333333335
19372,0.40507378392873805,215.24444444444444
19373,0.40507378392873805,215.25555555555556
19374,0.40507378392873805,215.26666666666668
19375,0.40507378392873805,215.2777777777778
19376,0.40507378392873805,215.2888888888889
19377,0.40507378392873805,215.3
19378,0.40507378392873805,215.31111111111113
19379,0.40507378392873805,215.32222222222222
19380,0.40507378392873805,215.33333333333334
19381,0.40507378392873805,215.34444444444446
19382,0.40507378392873805,215.35555555555555
19383,0.40507378392873805,215.36666666666667
19384,0.40507378392873805,215.3777777777778
19385,0.40507378392873805,215.38888888888889
19386,0.40507378392873805,215.4
19387,0.40507378392873805,215.41111111111113
19388,0.40507378392873805,215.42222222222222
19389,0.40507378392873805,215.43333333333334
19390,0.40507378392873805,215.44444444444446
19391,0.40507378392873805,215.45555555555558
19392,0.40507378392873805,215.46666666666667
19393,0.40507378392873805,215.4777777777778
19394,0.40507378392873805,215.4888888888889
19395,0.40507378392873805,215.5
19396,0.40507378392873805,215.51111111111112
19397,0.40507378392873805,215.52222222222224
19398,0.40507378392873805,215.53333333333333
19399,0.40507378392873805,215.54444444444445
19400,0.40507378392873805,215.55555555555557
19401,0.40507378392873805,215.56666666666666
19402,0.40507378392873805,215.57777777777778
19403,0.40507378392873805,215.5888888888889
19404,0.40507378392873805,215.6
19405,0.40507378392873805,215.61111111111111
19406,0.40507378392873805,215.62222222222223
19407,0.40507378392873805,215.63333333333335
19408,0.40507378392873805,215.64444444444445
19409,0.40507378392873805,215.65555555555557
19410,0.40507378392873805,215.66666666666669
19411,0.40507378392873805,215.67777777777778
19412,0.40507378392873805,215.6888888888889
19413,0.40507378392873805,215.70000000000002
19414,0.40507378392873805,215.7111111111111
19415,0.40507378392873805,215.72222222222223
19416,0.40507378392873805,215.73333333333335
19417,0.40507378392873805,215.74444444444444
19418,0.40507378392873805,215.75555555555556
19419,0.40507378392873805,215.76666666666668
19420,0.40507378392873805,215.7777777777778
19421,0.4056956164692359,215.7888888888889
19422,0.4069392815502285,215.8
19423,0.4069392815502285,215.81111111111113
19424,0.4069392815502285,215.82222222222222
19425,0.4069392815502285,215.83333333333334
19426,0.4069392815502285,215.84444444444446
19427,0.4069392815502285,215.85555555555555
19428,0.4069392815502285,215.86666666666667
19429,0.4069392815502285,215.8777777777778
19430,0.4069392815502285,215.88888888888889
19431,0.4069392815502285,215.9
19432,0.4069392815502285,215.91111111111113
19433,0.4069392815502285,215.92222222222222
19434,0.4069392815502285,215.93333333333334
19435,0.4069392815502285,215.94444444444446
19436,0.4069392815502285,215.95555555555558
19437,0.4069392815502285,215.96666666666667
19438,0.4069392815502285,215.9777777777778
19439,0.4063174490097285,215.9888888888889
19440,0.40507378392873805,216.0
19441,0.40507378392873805,216.01111111111112
19442,0.40507378392873805,216.02222222222224
19443,0.40507378392873805,216.03333333333333
19444,0.40507378392873805,216.04444444444445
19445,0.40507378392873805,216.05555555555557
19446,0.40507378392873805,216.06666666666666
19447,0.4038301188477444,216.07777777777778
19448,0.40320828630724753,216.0888888888889
19449,0.40320828630724753,216.1
19450,0.40320828630724753,216.11111111111111
19451,0.40134278868575385,216.12222222222223
19452,0.39761179344277603,216.13333333333335
19453,0.39761179344277603,216.14444444444445
19454,0.3957462958212822,216.15555555555557
19455,0.392015300578304,216.16666666666669
19456,0.392015300578304,216.17777777777778
19457,0.39077163549730826,216.1888888888889
19458,0.38828430533532304,216.20000000000002
19459,0.38828430533532304,216.2111111111111
19460,0.38828430533532304,216.22222222222223
19461,0.38828430533532304,216.23333333333335
19462,0.38828430533532304,216.24444444444444
19463,0.38828430533532304,216.25555555555556
19464,0.38828430533532304,216.26666666666668
19465,0.38828430533532304,216.2777777777778
19466,0.38828430533532304,216.2888888888889
19467,0.3882843053353199,216.3
19468,0.38704064025432616,216.31111111111113
19469,0.3864188077138325,216.32222222222222
19470,0.3864188077138325,216.33333333333334
19471,0.3851751426328367,216.34444444444446
19472,0.384553310092342,216.35555555555555
19473,0.384553310092342,216.36666666666667
19474,0.38330964501134623,216.3777777777778
19475,0.38268781247085154,216.38888888888889
19476,0.38268781247085154,216.4
19477,0.38268781247085154,216.41111111111113
19478,0.38268781247085154,216.42222222222222
19479,0.38268781247085154,216.43333333333334
19480,0.38268781247085154,216.44444444444446
19481,0.38268781247085154,216.45555555555558
19482,0.38268781247085154,216.46666666666667
19483,0.38268781247085154,216.4777777777778
19484,0.38268781247085154,216.4888888888889
19485,0.38268781247085154,216.5
19486,0.38268781247085154,216.51111111111112
19487,0.38268781247085154,216.52222222222224
19488,0.38268781247085154,216.53333333333333
19489,0.38268781247085154,216.54444444444445
19490,0.38268781247085154,216.55555555555557
19491,0.38268781247085154,216.56666666666666
19492,0.38268781247085154,216.57777777777778
19493,0.38268781247085154,216.5888888888889
19494,0.38268781247085154,216.6
19495,0.38268781247085154,216.61111111111111
19496,0.38268781247085154,216.62222222222223
19497,0.38268781247085154,216.63333333333335
19498,0.38268781247085154,216.64444444444445
19499,0.38268781247085154,216.65555555555557
19500,0.38268781247085154,216.66666666666669
19501,0.38268781247085154,216.67777777777778
19502,0.38268781247085154,216.6888888888889
19503,0.38268781247085154,216.70000000000002
19504,0.38268781247085154,216.7111111111111
19505,0.38268781247085154,216.72222222222223
19506,0.38268781247085154,216.73333333333335
19507,0.38268781247085154,216.74444444444444
19508,0.38268781247085154,216.75555555555556
19509,0.3826878124708547,216.76666666666668
19510,0.38393147755184837,216.7777777777778
19511,0.384553310092342,216.7888888888889
19512,0.384553310092342,216.8
19513,0.384553310092342,216.81111111111113
19514,0.384553310092342,216.82222222222222
19515,0.384553310092342,216.83333333333334
19516,0.384553310092342,216.84444444444446
19517,0.384553310092342,216.85555555555555
19518,0.384553310092342,216.86666666666667
19519,0.384553310092342,216.8777777777778
19520,0.384553310092342,216.88888888888889
19521,0.384553310092342,216.9
19522,0.384553310092342,216.91111111111113
19523,0.384553310092342,216.92222222222222
19524,0.384553310092342,216.93333333333334
19525,0.384553310092342,216.94444444444446
19526,0.384553310092342,216.95555555555558
19527,0.384553310092342,216.96666666666667
19528,0.384553310092342,216.9777777777778
19529,0.384553310092342,216.9888888888889
19530,0.384553310092342,217.0
19531,0.384553310092342,217.01111111111112
19532,0.384553310092342,217.02222222222224
19533,0.384553310092342,217.03333333333333
19534,0.384553310092342,217.04444444444445
19535,0.384553310092342,217.05555555555557
19536,0.384553310092342,217.06666666666666
19537,0.384553310092342,217.07777777777778
19538,0.384553310092342,217.0888888888889
19539,0.384553310092342,217.1
19540,0.384553310092342,217.11111111111111
19541,0.384553310092342,217.12222222222223
19542,0.384553310092342,217.13333333333335
19543,0.384553310092342,217.14444444444445
19544,0.384553310092342,217.15555555555557
19545,0.384553310092342,217.16666666666669
19546,0.384553310092342,217.17777777777778
19547,0.384553310092342,217.1888888888889
19548,0.384553310092342,217.20000000000002
19549,0.384553310092342,217.2111111111111
19550,0.384553310092342,217.22222222222223
19551,0.384553310092342,217.23333333333335
19552,0.384553310092342,217.24444444444444
19553,0.384553310092342,217.25555555555556
19554,0.384553310092342,217.26666666666668
19555,0.384553310092342,217.2777777777778
19556,0.384553310092342,217.2888888888889
19557,0.384553310092342,217.3
19558,0.384553310092342,217.31111111111113
19559,0.384553310092342,217.32222222222222
19560,0.384553310092342,217.33333333333334
19561,0.384553310092342,217.34444444444446
19562,0.384553310092342,217.35555555555555
19563,0.384553310092342,217.36666666666667
19564,0.384553310092342,217.3777777777778
19565,0.384553310092342,217.38888888888889
19566,0.384553310092342,217.4
19567,0.384553310092342,217.41111111111113
19568,0.384553310092342,217.42222222222222
19569,0.384553310092342,217.43333333333334
19570,0.384553310092342,217.44444444444446
19571,0.384553310092342,217.45555555555558
19572,0.384553310092342,217.46666666666667
19573,0.384553310092342,217.4777777777778
19574,0.384553310092342,217.4888888888889
19575,0.384553310092342,217.5
19576,0.384553310092342,217.51111111111112
19577,0.384553310092342,217.52222222222224
19578,0.384553310092342,217.53333333333333
19579,0.384553310092342,217.54444444444445
19580,0.384553310092342,217.55555555555557
19581,0.384553310092342,217.56666666666666
19582,0.384553310092342,217.57777777777778
19583,0.384553310092342,217.5888888888889
19584,0.384553310092342,217.6
19585,0.384553310092342,217.61111111111111
19586,0.384553310092342,217.62222222222223
19587,0.384553310092342,217.63333333333335
19588,0.384553310092342,217.64444444444445
19589,0.384553310092342,217.65555555555557
19590,0.384553310092342,217.66666666666669
19591,0.384553310092342,217.67777777777778
19592,0.384553310092342,217.6888888888889
19593,0.384553310092342,217.70000000000002
19594,0.384553310092342,217.7111111111111
19595,0.384553310092342,217.72222222222223
19596,0.384553310092342,217.73333333333335
19597,0.384553310092342,217.74444444444444
19598,0.384553310092342,217.75555555555556
19599,0.384553310092342,217.76666666666668
19600,0.384553310092342,217.7777777777778
19601,0.384553310092342,217.7888888888889
19602,0.384553310092342,217.8
19603,0.384553310092342,217.81111111111113
19604,0.384553310092342,217.82222222222222
19605,0.384553310092342,217.83333333333334
19606,0.384553310092342,217.84444444444446
19607,0.384553310092342,217.85555555555555
19608,0.384553310092342,217.86666666666667
19609,0.384553310092342,217.8777777777778
19610,0.384553310092342,217.88888888888889
19611,0.384553310092342,217.9
19612,0.384553310092342,217.91111111111113
19613,0.384553310092342,217.92222222222222
19614,0.384553310092342,217.93333333333334
19615,0.384553310092342,217.94444444444446
19616,0.384553310092342,217.95555555555558
19617,0.384553310092342,217.96666666666667
19618,0.384553310092342,217.9777777777778
19619,0.384553310092342,217.9888888888889
19620,0.384553310092342,218.0
19621,0.384553310092342,218.01111111111112
19622,0.384553310092342,218.02222222222224
19623,0.384553310092342,218.03333333333333
19624,0.384553310092342,218.04444444444445
19625,0.384553310092342,218.05555555555557
19626,0.384553310092342,218.06666666666666
19627,0.384553310092342,218.07777777777778
19628,0.384553310092342,218.0888888888889
19629,0.384553310092342,218.1
19630,0.384553310092342,218.11111111111111
19631,0.384553310092342,218.12222222222223
19632,0.384553310092342,218.13333333333335
19633,0.384553310092342,218.14444444444445
19634,0.384553310092342,218.15555555555557
19635,0.384553310092342,218.16666666666669
19636,0.384553310092342,218.17777777777778
19637,0.384553310092342,218.1888888888889
19638,0.384553310092342,218.20000000000002
19639,0.384553310092342,218.2111111111111
19640,0.384553310092342,218.22222222222223
19641,0.384553310092342,218.23333333333335
19642,0.384553310092342,218.24444444444444
19643,0.384553310092342,218.25555555555556
19644,0.384553310092342,218.26666666666668
19645,0.384553310092342,218.2777777777778
19646,0.384553310092342,218.2888888888889
19647,0.384553310092342,218.3
19648,0.384553310092342,218.31111111111113
19649,0.384553310092342,218.32222222222222
19650,0.384553310092342,218.33333333333334
19651,0.384553310092342,218.34444444444446
19652,0.384553310092342,218.35555555555555
19653,0.384553310092342,218.36666666666667
19654,0.384553310092342,218.3777777777778
19655,0.384553310092342,218.38888888888889
19656,0.384553310092342,218.4
19657,0.384553310092342,218.41111111111113
19658,0.384553310092342,218.42222222222222
19659,0.384553310092342,218.43333333333334
19660,0.384553310092342,218.44444444444446
19661,0.384553310092342,218.45555555555558
19662,0.384553310092342,218.46666666666667
19663,0.384553310092342,218.4777777777778
19664,0.384553310092342,218.4888888888889
19665,0.384553310092342,218.5
19666,0.384553310092342,218.51111111111112
19667,0.385175142632842,218.52222222222224
19668,0.3864188077138325,218.53333333333333
19669,0.3864188077138325,218.54444444444445
19670,0.3864188077138325,218.55555555555557
19671,0.3864188077138325,218.56666666666666
19672,0.3864188077138325,218.57777777777778
19673,0.38704064025433044,218.5888888888889
19674,0.38828430533532304,218.6
19675,0.38828430533532304,218.61111111111111
19676,0.3889061378758209,218.62222222222223
19677,0.3901498029568135,218.63333333333335
19678,0.3901498029568135,218.64444444444445
19679,0.3907716354973114,218.65555555555557
19680,0.392015300578304,218.66666666666669
19681,0.392015300578304,218.67777777777778
19682,0.3926371331188021,218.6888888888889
19683,0.39388079819979505,218.70000000000002
19684,0.39388079819979505,218.7111111111111
19685,0.39388079819979505,218.72222222222223
19686,0.39388079819979505,218.73333333333335
19687,0.39388079819979505,218.74444444444444
19688,0.39388079819979505,218.75555555555556
19689,0.39388079819979505,218.76666666666668
19690,0.39388079819979505,218.7777777777778
19691,0.39388079819979505,218.7888888888889
19692,0.39388079819979505,218.8
19693,0.39388079819979505,218.81111111111113
19694,0.39388079819979505,218.82222222222222
19695,0.39388079819979505,218.83333333333334
19696,0.39388079819979505,218.84444444444446
19697,0.39388079819979505,218.85555555555555
19698,0.39388079819979505,218.86666666666667
19699,0.39388079819979505,218.8777777777778
19700,0.39388079819979505,218.88888888888889
19701,0.39388079819979505,218.9
19702,0.39388079819979505,218.91111111111113
19703,0.39388079819979505,218.92222222222222
19704,0.39388079819979505,218.93333333333334
19705,0.39388079819979505,218.94444444444446
19706,0.39388079819979505,218.95555555555558
19707,0.39388079819979505,218.96666666666667
19708,0.39388079819979505,218.9777777777778
19709,0.39388079819979505,218.9888888888889
19710,0.39388079819979505,219.0
19711,0.39388079819979505,219.01111111111112
19712,0.39388079819979505,219.02222222222224
19713,0.39388079819979505,219.03333333333333
19714,0.39388079819979505,219.04444444444445
19715,0.39388079819979505,219.05555555555557
19716,0.39388079819979505,219.06666666666666
19717,0.39388079819979505,219.07777777777778
19718,0.39388079819979505,219.0888888888889
19719,0.39388079819979505,219.1
19720,0.39388079819979505,219.11111111111111
19721,0.39388079819979505,219.12222222222223
19722,0.39388079819979505,219.13333333333335
19723,0.39388079819979505,219.14444444444445
19724,0.39388079819979505,219.15555555555557
19725,0.39388079819979505,219.16666666666669
19726,0.39388079819979505,219.17777777777778
19727,0.39388079819979505,219.1888888888889
19728,0.39388079819979505,219.20000000000002
19729,0.39388079819979505,219.2111111111111
19730,0.39388079819979505,219.22222222222223
19731,0.39388079819979505,219.23333333333335
19732,0.39388079819979505,219.24444444444444
19733,0.39263713311879905,219.25555555555556
19734,0.3901498029568135,219.26666666666668
19735,0.3901498029568135,219.2777777777778
19736,0.38952797041631565,219.2888888888889
19737,0.38828430533532304,219.3
19738,0.38828430533532304,219.31111111111113
19739,0.38828430533532304,219.32222222222222
19740,0.38828430533532304,219.33333333333334
19741,0.38828430533532304,219.34444444444446
19742,0.3890011386686564,219.35555555555555
19743,0.39043480533532304,219.36666666666667
19744,0.3891911402543272,219.3777777777778
19745,0.3885693077138325,219.38888888888889
19746,0.3885693077138325,219.4
19747,0.3873256426328367,219.41111111111113
19748,0.386703810092342,219.42222222222222
19749,0.386703810092342,219.43333333333334
19750,0.38546014501134623,219.44444444444446
19751,0.38483831247085154,219.45555555555558
19752,0.38483831247085154,219.46666666666667
19753,0.38483831247085154,219.4777777777778
19754,0.38483831247085154,219.4888888888889
19755,0.38483831247085154,219.5
19756,0.38483831247085154,219.51111111111112
19757,0.3842164799303515,219.52222222222224
19758,0.382972814849361,219.53333333333333
19759,0.3804854846873695,219.54444444444445
19760,0.37924181960638004,219.55555555555557
19761,0.37924181960638004,219.56666666666666
19762,0.37551082436339905,219.57777777777778
19763,0.37364532674190853,219.5888888888889
19764,0.37364532674190853,219.6
19765,0.37364532674190853,219.61111111111111
19766,0.37364532674190853,219.62222222222223
19767,0.37364532674190853,219.63333333333335
19768,0.37364532674190853,219.64444444444445
19769,0.37364532674190853,219.65555555555557
19770,0.37364532674190853,219.66666666666669
19771,0.37364532674190853,219.67777777777778
19772,0.37364532674190853,219.6888888888889
19773,0.37364532674190853,219.70000000000002
19774,0.37364532674190853,219.7111111111111
19775,0.37364532674190853,219.72222222222223
19776,0.37364532674190853,219.73333333333335
19777,0.37364532674190853,219.74444444444444
19778,0.37364532674190853,219.75555555555556
19779,0.37364532674190537,219.76666666666668
19780,0.37240166166091165,219.7777777777778
19781,0.37115799657992,219.7888888888889
19782,0.36991433149892705,219.8
19783,0.36991433149892705,219.81111111111113
19784,0.36991433149892705,219.82222222222222
19785,0.36991433149892705,219.83333333333334
19786,0.36991433149892705,219.84444444444446
19787,0.36991433149892705,219.85555555555555
19788,0.36991433149892705,219.86666666666667
19789,0.36991433149892705,219.8777777777778
19790,0.36991433149892705,219.88888888888889
19791,0.36991433149892705,219.9
19792,0.36991433149892705,219.91111111111113
19793,0.36991433149892705,219.92222222222222
19794,0.36991433149892705,219.93333333333334
19795,0.36991433149892705,219.94444444444446
19796,0.36991433149892705,219.95555555555558
19797,0.36991433149892705,219.96666666666667
19798,0.36991433149892705,219.9777777777778
19799,0.36991433149892705,219.9888888888889
19800,0.36991433149892705,220.0
19801,0.36991433149892705,220.01111111111112
19802,0.36991433149892705,220.02222222222224
19803,0.36991433149892705,220.03333333333333
19804,0.36991433149892705,220.04444444444445
19805,0.36991433149892705,220.05555555555557
19806,0.36991433149892705,220.06666666666666
19807,0.36991433149892705,220.07777777777778
19808,0.36991433149892705,220.0888888888889
19809,0.36991433149892705,220.1
19810,0.36991433149892705,220.11111111111111
19811,0.36991433149892705,220.12222222222223
19812,0.36991433149892705,220.13333333333335
19813,0.36991433149892705,220.14444444444445
19814,0.36991433149892705,220.15555555555557
19815,0.36991433149892705,220.16666666666669
19816,0.36991433149892705,220.17777777777778
19817,0.36991433149892705,220.1888888888889
19818,0.36991433149892705,220.20000000000002
19819,0.36991433149892705,220.2111111111111
19820,0.36991433149892705,220.22222222222223
19821,0.36991433149892705,220.23333333333335
19822,0.36991433149892705,220.24444444444444
19823,0.36991433149892705,220.25555555555556
19824,0.36991433149892705,220.26666666666668
19825,0.36991433149892705,220.2777777777778
19826,0.36991433149892705,220.2888888888889
19827,0.36991433149892705,220.3
19828,0.36991433149892705,220.31111111111113
19829,0.36991433149892705,220.32222222222222
19830,0.36991433149892705,220.33333333333334
19831,0.36991433149892705,220.34444444444446
19832,0.36991433149892705,220.35555555555555
19833,0.36991433149892705,220.36666666666667
19834,0.36991433149892705,220.3777777777778
19835,0.36991433149892705,220.38888888888889
19836,0.36991433149892705,220.4
19837,0.36991433149892705,220.41111111111113
19838,0.36991433149892705,220.42222222222222
19839,0.36991433149892705,220.43333333333334
19840,0.36991433149892705,220.44444444444446
19841,0.36991433149892705,220.45555555555558
19842,0.36991433149892705,220.46666666666667
19843,0.36991433149892705,220.4777777777778
19844,0.36991433149892705,220.4888888888889
19845,0.36991433149892705,220.5
19846,0.36991433149892705,220.51111111111112
19847,0.36991433149892705,220.52222222222224
19848,0.36991433149892705,220.53333333333333
19849,0.36991433149892705,220.54444444444445
19850,0.36991433149892705,220.55555555555557
19851,0.36991433149892705,220.56666666666666
19852,0.3686706664179337,220.57777777777778
19853,0.36804883387743703,220.5888888888889
19854,0.36804883387743703,220.6
19855,0.36804883387743703,220.61111111111111
19856,0.36804883387743703,220.62222222222223
19857,0.36804883387743703,220.63333333333335
19858,0.36804883387743703,220.64444444444445
19859,0.36804883387743703,220.65555555555557
19860,0.36804883387743703,220.66666666666669
19861,0.36804883387743703,220.67777777777778
19862,0.36804883387743703,220.6888888888889
19863,0.36804883387743703,220.70000000000002
19864,0.36804883387743703,220.7111111111111
19865,0.36804883387743703,220.72222222222223
19866,0.36804883387743703,220.73333333333335
19867,0.36804883387743703,220.74444444444444
19868,0.36804883387743703,220.75555555555556
19869,0.36804883387743703,220.76666666666668
19870,0.36804883387743703,220.7777777777778
19871,0.36804883387743703,220.7888888888889
19872,0.36804883387743703,220.8
19873,0.36804883387743703,220.81111111111113
19874,0.36804883387743703,220.82222222222222
19875,0.36804883387743703,220.83333333333334
19876,0.36804883387743703,220.84444444444446
19877,0.36804883387743703,220.85555555555555
19878,0.36804883387743703,220.86666666666667
19879,0.36804883387743703,220.8777777777778
19880,0.36804883387743703,220.88888888888889
19881,0.36804883387743703,220.9
19882,0.36804883387743703,220.91111111111113
19883,0.36804883387743703,220.92222222222222
19884,0.36804883387743703,220.93333333333334
19885,0.36804883387743703,220.94444444444446
19886,0.36804883387743703,220.95555555555558
19887,0.36804883387743703,220.96666666666667
19888,0.36804883387743703,220.9777777777778
19889,0.36804883387743703,220.9888888888889
19890,0.36804883387743703,221.0
19891,0.36804883387743703,221.01111111111112
19892,0.36804883387743703,221.02222222222224
19893,0.36804883387743703,221.03333333333333
19894,0.36804883387743703,221.04444444444445
19895,0.36804883387743703,221.05555555555557
19896,0.36804883387743703,221.06666666666666
19897,0.36804883387743703,221.07777777777778
19898,0.36804883387743703,221.0888888888889
19899,0.36804883387743703,221.1
19900,0.36804883387743703,221.11111111111111
19901,0.36804883387743703,221.12222222222223
19902,0.36804883387743703,221.13333333333335
19903,0.36804883387743703,221.14444444444445
19904,0.36804883387743703,221.15555555555557
19905,0.36804883387743703,221.16666666666669
19906,0.36804883387743703,221.17777777777778
19907,0.36804883387743703,221.1888888888889
19908,0.36804883387743703,221.20000000000002
19909,0.36804883387743703,221.2111111111111
19910,0.36804883387743703,221.22222222222223
19911,0.36804883387743703,221.23333333333335
19912,0.36804883387743703,221.24444444444444
19913,0.36804883387743703,221.25555555555556
19914,0.36804883387743703,221.26666666666668
19915,0.36804883387743703,221.2777777777778
19916,0.36804883387743703,221.2888888888889
19917,0.36804883387743703,221.3
19918,0.36804883387743703,221.31111111111113
19919,0.3692924989584307,221.32222222222222
19920,0.371779829120418,221.33333333333334
19921,0.371779829120418,221.34444444444446
19922,0.3730234942014117,221.35555555555555
19923,0.375510824363399,221.36666666666667
19924,0.375510824363399,221.3777777777778
19925,0.375510824363399,221.38888888888889
19926,0.375510824363399,221.4
19927,0.3779981545253906,221.41111111111113
19928,0.37924181960638004,221.42222222222222
19929,0.37924181960638004,221.43333333333334
19930,0.37924181960638004,221.44444444444446
19931,0.37924181960638004,221.45555555555558
19932,0.37924181960638004,221.46666666666667
19933,0.3804854846873758,221.4777777777778
19934,0.3811073172278705,221.4888888888889
19935,0.3811073172278705,221.5
19936,0.3811073172278705,221.51111111111112
19937,0.3811073172278705,221.52222222222224
19938,0.3811073172278705,221.53333333333333
19939,0.3823509823088663,221.54444444444445
19940,0.382972814849361,221.55555555555557
19941,0.382972814849361,221.56666666666666
19942,0.382972814849361,221.57777777777778
19943,0.38359464738985893,221.5888888888889
19944,0.38483831247085154,221.6
19945,0.38483831247085154,221.61111111111111
19946,0.38483831247085154,221.62222222222223
19947,0.38483831247085154,221.63333333333335
19948,0.38483831247085154,221.64444444444445
19949,0.38483831247085154,221.65555555555557
19950,0.38483831247085154,221.66666666666669
19951,0.38483831247085154,221.67777777777778
19952,0.3854601450113494,221.6888888888889
19953,0.386703810092342,221.70000000000002
19954,0.386703810092342,221.7111111111111
19955,0.3873256426328399,221.72222222222223
19956,0.3885693077138325,221.73333333333335
19957,0.3885693077138325,221.74444444444444
19958,0.38919114025433044,221.75555555555556
19959,0.39043480533532304,221.76666666666668
19960,0.39043480533532304,221.7777777777778
19961,0.39043480533532304,221.7888888888889
19962,0.39043480533532304,221.8
19963,0.39043480533532304,221.81111111111113
19964,0.3916784704163167,221.82222222222222
19965,0.394165800578304,221.83333333333334
19966,0.394165800578304,221.84444444444446
19967,0.394165800578304,221.85555555555555
19968,0.394165800578304,221.86666666666667
19969,0.394165800578304,221.8777777777778
19970,0.394787633118801,221.88888888888889
19971,0.396031298199795,221.9
19972,0.396031298199795,221.91111111111113
19973,0.39727496328078865,221.92222222222222
19974,0.39976229344277603,221.93333333333334
19975,0.39976229344277603,221.94444444444446
19976,0.39976229344277603,221.95555555555558
19977,0.39976229344277603,221.96666666666667
19978,0.39976229344277603,221.9777777777778
19979,0.39976229344277603,221.9888888888889
19980,0.39976229344277603,222.0
19981,0.39976229344277603,222.01111111111112
19982,0.40038412598327605,222.02222222222224
19983,0.4016277910642665,222.03333333333333
19984,0.4016277910642665,222.04444444444445
19985,0.4016277910642665,222.05555555555557
19986,0.4016277910642665,222.06666666666666
19987,0.40287145614526015,222.07777777777778
19988,0.403493288685757,222.0888888888889
19989,0.403493288685757,222.1
19990,0.403493288685757,222.11111111111111
19991,0.403493288685757,222.12222222222223
19992,0.403493288685757,222.13333333333335
19993,0.403493288685757,222.14444444444445
19994,0.403493288685757,222.15555555555557
19995,0.403493288685757,222.16666666666669
19996,0.403493288685757,222.17777777777778
19997,0.403493288685757,222.1888888888889
19998,0.4034932886857634,222.20000000000002
19999,0.40598061884774433,222.2111111111111
20000,0.407224283928738,222.22222222222223
20001,0.407224283928738,222.23333333333335
20002,0.407224283928738,222.24444444444444
20003,0.407224283928738,222.25555555555556
20004,0.407224283928738,222.26666666666668
20005,0.407224283928738,222.2777777777778
20006,0.4084679490097338,222.2888888888889
20007,0.41095527917171903,222.3
20008,0.41095527917171903,222.31111111111113
20009,0.4158777783788825,222.32222222222222
20010,0.42572277679320947,222.33333333333334
20011,0.42572277679320947,222.34444444444446
20012,0.4298336085408698,222.35555555555555
20013,0.4380552720361905,222.36666666666667
20014,0.4380552720361905,222.3777777777778
20015,0.4380552720361905,222.38888888888889
20016,0.4380552720361905,222.4
20017,0.4380552720361905,222.41111111111113
20018,0.4380552720361905,222.42222222222222
20019,0.4380552720361905,222.43333333333334
20020,0.4380552720361905,222.44444444444446
20021,0.44020560536953485,222.45555555555558
20022,0.44450627203619053,222.46666666666667
20023,0.44450627203619053,222.4777777777778
20024,0.4466566053695349,222.4888888888889
20025,0.4509572720361905,222.5
20026,0.4509572720361905,222.51111111111112
20027,0.4523907720361978,222.52222222222224
20028,0.4552577720361905,222.53333333333333
20029,0.4552577720361905,222.54444444444445
20030,0.4559746053695275,222.55555555555557
20031,0.4574082720361905,222.56666666666666
20032,0.4574082720361905,222.57777777777778
20033,0.4588419387028596,222.5888888888889
20034,0.4617092720361905,222.6
20035,0.4617092720361905,222.61111111111111
20036,0.4617092720361905,222.62222222222223
20037,0.46170927203619366,222.63333333333335
20038,0.4629529371171845,222.64444444444445
20039,0.465008269657684,222.65555555555557
20040,0.4678752696576847,222.66666666666669
20041,0.4691189347386749,222.67777777777778
20042,0.4718911006125085,222.6888888888889
20043,0.4761917672791715,222.70000000000002
20044,0.4761917672791715,222.7111111111111
20045,0.4776252672791739,222.72222222222223
20046,0.48049226727917466,222.73333333333335
20047,0.48173593236016515,222.74444444444444
20048,0.48307459823399657,222.75555555555556
20049,0.484508264900662,222.76666666666668
20050,0.484508264900662,222.7777777777778
20051,0.48522509823399657,222.7888888888889
20052,0.486658764900662,222.8
20053,0.486658764900662,222.81111111111113
20054,0.486658764900662,222.82222222222222
20055,0.486658764900662,222.83333333333334
20056,0.486658764900662,222.84444444444446
20057,0.488619263314989,222.85555555555555
20058,0.492540260143643,222.86666666666667
20059,0.492540260143643,222.8777777777778
20060,0.492540260143643,222.88888888888889
20061,0.492540260143643,222.9
20062,0.492540260143643,222.91111111111113
20063,0.492540260143643,222.92222222222222
20064,0.492540260143643,222.93333333333334
20065,0.492540260143643,222.94444444444446
20066,0.492540260143643,222.95555555555558
20067,0.492540260143643,222.96666666666667
20068,0.492540260143643,222.9777777777778
20069,0.4932569268103133,222.9888888888889
20070,0.494690260143643,223.0
20071,0.494690260143643,223.01111111111112
20072,0.494690260143643,223.02222222222224
20073,0.494690260143643,223.03333333333333
20074,0.494690260143643,223.04444444444445
20075,0.494690260143643,223.05555555555557
20076,0.494690260143643,223.06666666666666
20077,0.494690260143643,223.07777777777778
20078,0.494690260143643,223.0888888888889
20079,0.494690260143643,223.1
20080,0.494690260143643,223.11111111111111
20081,0.494690260143643,223.12222222222223
20082,0.494690260143643,223.13333333333335
20083,0.494690260143643,223.14444444444445
20084,0.494690260143643,223.15555555555557
20085,0.494690260143643,223.16666666666669
20086,0.494690260143643,223.17777777777778
20087,0.494690260143643,223.1888888888889
20088,0.49469026014364614,223.20000000000002
20089,0.495933925224637,223.2111111111111
20090,0.496555757765134,223.22222222222223
20091,0.496555757765134,223.23333333333335
20092,0.496555757765134,223.24444444444444
20093,0.496555757765134,223.25555555555556
20094,0.49655575776513716,223.26666666666668
20095,0.4977994228461308,223.2777777777778
20096,0.4990430879271224,223.2888888888889
20097,0.500286753008115,223.3
20098,0.500286753008115,223.31111111111113
20099,0.5009085855486118,223.32222222222222
20100,0.5021522506296054,223.33333333333334
20101,0.5021522506296054,223.34444444444446
20102,0.5033959157105992,223.35555555555555
20103,0.5058832458725865,223.36666666666667
20104,0.5058832458725865,223.3777777777778
20105,0.5058832458725865,223.38888888888889
20106,0.5058832458725865,223.4
20107,0.5058832458725865,223.41111111111113
20108,0.5058832458725865,223.42222222222222
20109,0.5058832458725865,223.43333333333334
20110,0.5058832458725865,223.44444444444446
20111,0.5058832458725865,223.45555555555558
20112,0.5058832458725865,223.46666666666667
20113,0.5058832458725865,223.4777777777778
20114,0.5058832458725865,223.4888888888889
20115,0.5058832458725865,223.5
20116,0.5058832458725865,223.51111111111112
20117,0.5058832458725865,223.52222222222224
20118,0.5058832458725865,223.53333333333333
20119,0.5058832458725865,223.54444444444445
20120,0.5058832458725865,223.55555555555557
20121,0.5058832458725865,223.56666666666666
20122,0.5058832458725865,223.57777777777778
20123,0.5058832458725865,223.5888888888889
20124,0.5058832458725865,223.60000000000002
20125,0.5058832458725865,223.61111111111111
20126,0.5058832458725865,223.62222222222223
20127,0.5058832458725993,223.63333333333335
20128,0.5108579061965611,223.64444444444445
20129,0.5133452363585485,223.65555555555557
20130,0.5133452363585485,223.66666666666669
20131,0.5133452363585485,223.67777777777778
20132,0.5133452363585485,223.6888888888889
20133,0.5133452363585485,223.70000000000002
20134,0.5133452363585485,223.7111111111111
20135,0.5133452363585485,223.72222222222223
20136,0.5133452363585517,223.73333333333335
20137,0.5145889014395421,223.74444444444444
20138,0.5152107339800389,223.75555555555556
20139,0.5152107339800421,223.76666666666668
20140,0.5164543990610359,223.7777777777778
20141,0.5170762316015295,223.7888888888889
20142,0.5170762316015295,223.8
20143,0.5170762316015295,223.81111111111113
20144,0.5176980641420263,223.82222222222222
20145,0.51894172922302,223.83333333333334
20146,0.51894172922302,223.84444444444446
20147,0.51894172922302,223.85555555555555
20148,0.51894172922302,223.86666666666667
20149,0.51894172922302,223.8777777777778
20150,0.51894172922302,223.88888888888889
20151,0.51894172922302,223.9
20152,0.51894172922302,223.91111111111113
20153,0.51894172922302,223.92222222222222
20154,0.51894172922302,223.93333333333334
20155,0.51894172922302,223.94444444444446
20156,0.51894172922302,223.95555555555558
20157,0.51894172922302,223.96666666666667
20158,0.51894172922302,223.9777777777778
20159,0.51894172922302,223.9888888888889
20160,0.51894172922302,224.0
20161,0.51894172922302,224.01111111111112
20162,0.51894172922302,224.02222222222224
20163,0.51894172922302,224.03333333333333
20164,0.51894172922302,224.04444444444445
20165,0.51894172922302,224.05555555555557
20166,0.51894172922302,224.06666666666666
20167,0.51894172922302,224.07777777777778
20168,0.51894172922302,224.0888888888889
20169,0.51894172922302,224.10000000000002
20170,0.51894172922302,224.11111111111111
20171,0.51894172922302,224.12222222222223
20172,0.51894172922302,224.13333333333335
20173,0.51894172922302,224.14444444444445
20174,0.51894172922302,224.15555555555557
20175,0.51894172922302,224.16666666666669
20176,0.51894172922302,224.17777777777778
20177,0.51894172922302,224.1888888888889
20178,0.51894172922302,224.20000000000002
20179,0.51894172922302,224.2111111111111
20180,0.51894172922302,224.22222222222223
20181,0.51894172922302,224.23333333333335
20182,0.51894172922302,224.24444444444444
20183,0.51894172922302,224.25555555555556
20184,0.51894172922302,224.26666666666668
20185,0.51894172922302,224.2777777777778
20186,0.51894172922302,224.2888888888889
20187,0.51894172922302,224.3
20188,0.51894172922302,224.31111111111113
20189,0.51894172922302,224.32222222222222
20190,0.51894172922302,224.33333333333334
20191,0.51894172922302,224.34444444444446
20192,0.51894172922302,224.35555555555555
20193,0.51894172922302,224.36666666666667
20194,0.51894172922302,224.3777777777778
20195,0.51894172922302,224.38888888888889
20196,0.51894172922302,224.4
20197,0.51894172922302,224.41111111111113
20198,0.51894172922302,224.42222222222222
20199,0.51894172922302,224.43333333333334
20200,0.51894172922302,224.44444444444446
20201,0.51894172922302,224.45555555555558
20202,0.51894172922302,224.46666666666667
20203,0.51894172922302,224.4777777777778
20204,0.51894172922302,224.4888888888889
20205,0.51894172922302,224.5
20206,0.51894172922302,224.51111111111112
20207,0.51894172922302,224.52222222222224
20208,0.51894172922302,224.53333333333333
20209,0.51894172922302,224.54444444444445
20210,0.51894172922302,224.55555555555557
20211,0.51894172922302,224.56666666666666
20212,0.51894172922302,224.57777777777778
20213,0.51894172922302,224.5888888888889
20214,0.51894172922302,224.60000000000002
20215,0.51894172922302,224.61111111111111
20216,0.51894172922302,224.62222222222223
20217,0.51894172922302,224.63333333333335
20218,0.51894172922302,224.64444444444445
20219,0.51894172922302,224.65555555555557
20220,0.51894172922302,224.66666666666669
20221,0.51894172922302,224.67777777777778
20222,0.51894172922302,224.6888888888889
20223,0.51894172922302,224.70000000000002
20224,0.51894172922302,224.7111111111111
20225,0.51894172922302,224.72222222222223
20226,0.51894172922302,224.73333333333335
20227,0.51894172922302,224.74444444444444
20228,0.51894172922302,224.75555555555556
20229,0.51894172922302,224.76666666666668
20230,0.51894172922302,224.7777777777778
20231,0.51894172922302,224.7888888888889
20232,0.51894172922302,224.8
20233,0.51894172922302,224.81111111111113
20234,0.51894172922302,224.82222222222222
20235,0.51894172922302,224.83333333333334
20236,0.51894172922302,224.84444444444446
20237,0.51894172922302,224.85555555555555
20238,0.51894172922302,224.86666666666667
20239,0.51894172922302,224.8777777777778
20240,0.51894172922302,224.88888888888889
20241,0.51894172922302,224.9
20242,0.51894172922302,224.91111111111113
20243,0.51894172922302,224.92222222222222
20244,0.51894172922302,224.93333333333334
20245,0.51894172922302,224.94444444444446
20246,0.51894172922302,224.95555555555558
20247,0.51894172922302,224.96666666666667
20248,0.51894172922302,224.9777777777778
20249,0.51894172922302,224.9888888888889
20250,0.51894172922302,225.0
20251,0.51894172922302,225.01111111111112
20252,0.51894172922302,225.02222222222224
20253,0.51894172922302,225.03333333333333
20254,0.51894172922302,225.04444444444445
20255,0.51894172922302,225.05555555555557
20256,0.51894172922302,225.06666666666666
20257,0.51894172922302,225.07777777777778
20258,0.51894172922302,225.0888888888889
20259,0.51894172922302,225.10000000000002
20260,0.51894172922302,225.11111111111111
20261,0.51894172922302,225.12222222222223
20262,0.51894172922302,225.13333333333335
20263,0.51894172922302,225.14444444444445
20264,0.51894172922302,225.15555555555557
20265,0.51894172922302,225.16666666666669
20266,0.51894172922302,225.17777777777778
20267,0.51894172922302,225.1888888888889
20268,0.51894172922302,225.20000000000002
20269,0.51894172922302,225.2111111111111
20270,0.51894172922302,225.22222222222223
20271,0.51894172922302,225.23333333333335
20272,0.51894172922302,225.24444444444444
20273,0.51894172922302,225.25555555555556
20274,0.51894172922302,225.26666666666668
20275,0.51894172922302,225.2777777777778
20276,0.51894172922302,225.2888888888889
20277,0.51894172922302,225.3
20278,0.51894172922302,225.31111111111113
20279,0.51894172922302,225.32222222222222
20280,0.51894172922302,225.33333333333334
20281,0.51894172922302,225.34444444444446
20282,0.51894172922302,225.35555555555555
20283,0.51894172922302,225.36666666666667
20284,0.51894172922302,225.3777777777778
20285,0.51894172922302,225.38888888888889
20286,0.51894172922302,225.4
20287,0.51894172922302,225.41111111111113
20288,0.51894172922302,225.42222222222222
20289,0.51894172922302,225.43333333333334
20290,0.51894172922302,225.44444444444446
20291,0.51894172922302,225.45555555555558
20292,0.51894172922302,225.46666666666667
20293,0.51894172922302,225.4777777777778
20294,0.51894172922302,225.4888888888889
20295,0.51894172922302,225.5
20296,0.51894172922302,225.51111111111112
20297,0.51894172922302,225.52222222222224
20298,0.51894172922302,225.53333333333333
20299,0.51894172922302,225.54444444444445
20300,0.51894172922302,225.55555555555557
20301,0.51894172922302,225.56666666666666
20302,0.51894172922302,225.57777777777778
20303,0.51894172922302,225.5888888888889
20304,0.51894172922302,225.60000000000002
20305,0.51894172922302,225.61111111111111
20306,0.51894172922302,225.62222222222223
20307,0.51894172922302,225.63333333333335
20308,0.51894172922302,225.64444444444445
20309,0.51894172922302,225.65555555555557
20310,0.51894172922302,225.66666666666669
20311,0.51894172922302,225.67777777777778
20312,0.51894172922302,225.6888888888889
20313,0.51894172922302,225.70000000000002
20314,0.51894172922302,225.7111111111111
20315,0.51894172922302,225.72222222222223
20316,0.51894172922302,225.73333333333335
20317,0.51894172922302,225.74444444444444
20318,0.51894172922302,225.75555555555556
20319,0.51894172922302,225.76666666666668
20320,0.51894172922302,225.7777777777778
20321,0.51894172922302,225.7888888888889
20322,0.51894172922302,225.8
20323,0.51894172922302,225.81111111111113
20324,0.51894172922302,225.82222222222222
20325,0.51894172922302,225.83333333333334
20326,0.51894172922302,225.84444444444446
20327,0.51894172922302,225.85555555555555
20328,0.51894172922302,225.86666666666667
20329,0.51894172922302,225.8777777777778
20330,0.51894172922302,225.88888888888889
20331,0.51894172922302,225.9
20332,0.51894172922302,225.91111111111113
20333,0.51894172922302,225.92222222222222
20334,0.51894172922302,225.93333333333334
20335,0.51894172922302,225.94444444444446
20336,0.51894172922302,225.95555555555558
20337,0.51894172922302,225.96666666666667
20338,0.51894172922302,225.9777777777778
20339,0.51894172922302,225.9888888888889
20340,0.51894172922302,226.0
20341,0.51894172922302,226.01111111111112
20342,0.51894172922302,226.02222222222224
20343,0.51894172922302,226.03333333333333
20344,0.51894172922302,226.04444444444445
20345,0.51894172922302,226.05555555555557
20346,0.51894172922302,226.06666666666666
20347,0.51894172922302,226.07777777777778
20348,0.51894172922302,226.0888888888889
20349,0.51894172922302,226.10000000000002
20350,0.51894172922302,226.11111111111111
20351,0.51894172922302,226.12222222222223
20352,0.51894172922302,226.13333333333335
20353,0.51894172922302,226.14444444444445
20354,0.51894172922302,226.15555555555557
20355,0.51894172922302,226.16666666666669
20356,0.51894172922302,226.17777777777778
20357,0.51894172922302,226.1888888888889
20358,0.51894172922302,226.20000000000002
20359,0.51894172922302,226.2111111111111
20360,0.51894172922302,226.22222222222223
20361,0.51894172922302,226.23333333333335
20362,0.51894172922302,226.24444444444444
20363,0.51894172922302,226.25555555555556
20364,0.51894172922302,226.26666666666668
20365,0.51894172922302,226.2777777777778
20366,0.51894172922302,226.2888888888889
20367,0.51894172922302,226.3
20368,0.51894172922302,226.31111111111113
20369,0.51894172922302,226.32222222222222
20370,0.51894172922302,226.33333333333334
20371,0.51894172922302,226.34444444444446
20372,0.51894172922302,226.35555555555555
20373,0.51894172922302,226.36666666666667
20374,0.51894172922302,226.3777777777778
20375,0.51894172922302,226.38888888888889
20376,0.51894172922302,226.4
20377,0.51894172922302,226.41111111111113
20378,0.51894172922302,226.42222222222222
20379,0.51894172922302,226.43333333333334
20380,0.51894172922302,226.44444444444446
20381,0.51894172922302,226.45555555555558
20382,0.51894172922302,226.46666666666667
20383,0.51894172922302,226.4777777777778
20384,0.51894172922302,226.4888888888889
20385,0.51894172922302,226.5
20386,0.51894172922302,226.51111111111112
20387,0.51894172922302,226.52222222222224
20388,0.51894172922302,226.53333333333333
20389,0.51894172922302,226.54444444444445
20390,0.51894172922302,226.55555555555557
20391,0.51894172922302,226.56666666666666
20392,0.51894172922302,226.57777777777778
20393,0.51894172922302,226.5888888888889
20394,0.51894172922302,226.60000000000002
20395,0.51894172922302,226.61111111111111
20396,0.51894172922302,226.62222222222223
20397,0.51894172922302,226.63333333333335
20398,0.51894172922302,226.64444444444445
20399,0.51894172922302,226.65555555555557
20400,0.51894172922302,226.66666666666669
20401,0.51894172922302,226.67777777777778
20402,0.51894172922302,226.6888888888889
20403,0.51894172922302,226.70000000000002
20404,0.51894172922302,226.7111111111111
20405,0.51894172922302,226.72222222222223
20406,0.51894172922302,226.73333333333335
20407,0.51894172922302,226.74444444444444
20408,0.51894172922302,226.75555555555556
20409,0.51894172922302,226.76666666666668
20410,0.51894172922302,226.7777777777778
20411,0.51894172922302,226.7888888888889
20412,0.51894172922302,226.8
20413,0.51894172922302,226.81111111111113
20414,0.51894172922302,226.82222222222222
20415,0.51894172922302,226.83333333333334
20416,0.51894172922302,226.84444444444446
20417,0.51894172922302,226.85555555555555
20418,0.51894172922302,226.86666666666667
20419,0.51894172922302,226.8777777777778
20420,0.51894172922302,226.88888888888889
20421,0.51894172922302,226.9
20422,0.51894172922302,226.91111111111113
20423,0.51894172922302,226.92222222222222
20424,0.51894172922302,226.93333333333334
20425,0.51894172922302,226.94444444444446
20426,0.51894172922302,226.95555555555558
20427,0.51894172922302,226.96666666666667
20428,0.51894172922302,226.9777777777778
20429,0.51894172922302,226.9888888888889
20430,0.51894172922302,227.0
20431,0.51894172922302,227.01111111111112
20432,0.51894172922302,227.02222222222224
20433,0.51894172922302,227.03333333333333
20434,0.51894172922302,227.04444444444445
20435,0.51894172922302,227.05555555555557
20436,0.51894172922302,227.06666666666666
20437,0.51894172922302,227.07777777777778
20438,0.51894172922302,227.0888888888889
20439,0.51894172922302,227.10000000000002
20440,0.51894172922302,227.11111111111111
20441,0.51894172922302,227.12222222222223
20442,0.51894172922302,227.13333333333335
20443,0.51894172922302,227.14444444444445
20444,0.51894172922302,227.15555555555557
20445,0.51894172922302,227.16666666666669
20446,0.51894172922302,227.17777777777778
20447,0.51894172922302,227.1888888888889
20448,0.51894172922302,227.20000000000002
20449,0.51894172922302,227.2111111111111
20450,0.51894172922302,227.22222222222223
20451,0.51894172922302,227.23333333333335
20452,0.51894172922302,227.24444444444444
20453,0.51894172922302,227.25555555555556
20454,0.51894172922302,227.26666666666668
20455,0.51894172922302,227.2777777777778
20456,0.51894172922302,227.2888888888889
20457,0.51894172922302,227.3
20458,0.51894172922302,227.31111111111113
20459,0.51894172922302,227.32222222222222
20460,0.51894172922302,227.33333333333334
20461,0.51894172922302,227.34444444444446
20462,0.51894172922302,227.35555555555555
20463,0.51894172922302,227.36666666666667
20464,0.51894172922302,227.3777777777778
20465,0.51894172922302,227.38888888888889
20466,0.51894172922302,227.4
20467,0.51894172922302,227.41111111111113
20468,0.51894172922302,227.42222222222222
20469,0.51894172922302,227.43333333333334
20470,0.51894172922302,227.44444444444446
20471,0.51894172922302,227.45555555555558
20472,0.51894172922302,227.46666666666667
20473,0.51894172922302,227.4777777777778
20474,0.51894172922302,227.4888888888889
20475,0.51894172922302,227.5
20476,0.51894172922302,227.51111111111112
20477,0.51894172922302,227.52222222222224
20478,0.51894172922302,227.53333333333333
20479,0.51894172922302,227.54444444444445
20480,0.51894172922302,227.55555555555557
20481,0.51894172922302,227.56666666666666
20482,0.51894172922302,227.57777777777778
20483,0.51894172922302,227.5888888888889
20484,0.51894172922302,227.60000000000002
20485,0.51894172922302,227.61111111111111
20486,0.51894172922302,227.62222222222223
20487,0.51894172922302,227.63333333333335
20488,0.51894172922302,227.64444444444445
20489,0.51894172922302,227.65555555555557
20490,0.51894172922302,227.66666666666669
20491,0.51894172922302,227.67777777777778
20492,0.51894172922302,227.6888888888889
20493,0.51894172922302,227.70000000000002
20494,0.51894172922302,227.7111111111111
20495,0.51894172922302,227.72222222222223
20496,0.51894172922302,227.73333333333335
20497,0.51894172922302,227.74444444444444
20498,0.51894172922302,227.75555555555556
20499,0.51894172922302,227.76666666666668
20500,0.51894172922302,227.7777777777778
20501,0.51894172922302,227.7888888888889
20502,0.51894172922302,227.8
20503,0.51894172922302,227.81111111111113
20504,0.51894172922302,227.82222222222222
20505,0.51894172922302,227.83333333333334
20506,0.51894172922302,227.84444444444446
20507,0.51894172922302,227.85555555555555
20508,0.51894172922302,227.86666666666667
20509,0.51894172922302,227.8777777777778
20510,0.51894172922302,227.88888888888889
20511,0.51894172922302,227.9
20512,0.51894172922302,227.91111111111113
20513,0.51894172922302,227.92222222222222
20514,0.51894172922302,227.93333333333334
20515,0.51894172922302,227.94444444444446
20516,0.51894172922302,227.95555555555558
20517,0.51894172922302,227.96666666666667
20518,0.51894172922302,227.9777777777778
20519,0.51894172922302,227.9888888888889
20520,0.51894172922302,228.0
20521,0.51894172922302,228.01111111111112
20522,0.51894172922302,228.02222222222224
20523,0.51894172922302,228.03333333333333
20524,0.51894172922302,228.04444444444445
20525,0.51894172922302,228.05555555555557
20526,0.51894172922302,228.06666666666666
20527,0.51894172922302,228.07777777777778
20528,0.51894172922302,228.0888888888889
20529,0.51894172922302,228.10000000000002
20530,0.51894172922302,228.11111111111111
20531,0.51894172922302,228.12222222222223
20532,0.51894172922302,228.13333333333335
20533,0.51894172922302,228.14444444444445
20534,0.51894172922302,228.15555555555557
20535,0.51894172922302,228.16666666666669
20536,0.51894172922302,228.17777777777778
20537,0.51894172922302,228.1888888888889
20538,0.51894172922302,228.20000000000002
20539,0.51894172922302,228.2111111111111
20540,0.51894172922302,228.22222222222223
20541,0.51894172922302,228.23333333333335
20542,0.51894172922302,228.24444444444444
20543,0.51894172922302,228.25555555555556
20544,0.51894172922302,228.26666666666668
20545,0.51894172922302,228.2777777777778
20546,0.51894172922302,228.2888888888889
20547,0.51894172922302,228.3
20548,0.51894172922302,228.31111111111113
20549,0.51894172922302,228.32222222222222
20550,0.51894172922302,228.33333333333334
20551,0.51894172922302,228.34444444444446
20552,0.51894172922302,228.35555555555555
20553,0.51894172922302,228.36666666666667
20554,0.51894172922302,228.3777777777778
20555,0.51894172922302,228.38888888888889
20556,0.51894172922302,228.4
20557,0.51894172922302,228.41111111111113
20558,0.51894172922302,228.42222222222222
20559,0.51894172922302,228.43333333333334
20560,0.51894172922302,228.44444444444446
20561,0.51894172922302,228.45555555555558
20562,0.51894172922302,228.46666666666667
20563,0.51894172922302,228.4777777777778
20564,0.51894172922302,228.4888888888889
20565,0.51894172922302,228.5
20566,0.51894172922302,228.51111111111112
20567,0.51894172922302,228.52222222222224
20568,0.51894172922302,228.53333333333333
20569,0.51894172922302,228.54444444444445
20570,0.51894172922302,228.55555555555557
20571,0.51894172922302,228.56666666666666
20572,0.51894172922302,228.57777777777778
20573,0.51894172922302,228.5888888888889
20574,0.51894172922302,228.60000000000002
20575,0.51894172922302,228.61111111111111
20576,0.51894172922302,228.62222222222223
20577,0.51894172922302,228.63333333333335
20578,0.51894172922302,228.64444444444445
20579,0.51894172922302,228.65555555555557
20580,0.51894172922302,228.66666666666669
20581,0.51894172922302,228.67777777777778
20582,0.51894172922302,228.6888888888889
20583,0.51894172922302,228.70000000000002
20584,0.51894172922302,228.7111111111111
20585,0.51894172922302,228.72222222222223
20586,0.51894172922302,228.73333333333335
20587,0.51894172922302,228.74444444444444
20588,0.51894172922302,228.75555555555556
20589,0.51894172922302,228.76666666666668
20590,0.51894172922302,228.7777777777778
20591,0.51894172922302,228.7888888888889
20592,0.51894172922302,228.8
20593,0.51894172922302,228.81111111111113
20594,0.51894172922302,228.82222222222222
20595,0.51894172922302,228.83333333333334
20596,0.51894172922302,228.84444444444446
20597,0.51894172922302,228.85555555555555
20598,0.51894172922302,228.86666666666667
20599,0.51894172922302,228.8777777777778
20600,0.51894172922302,228.88888888888889
20601,0.51894172922302,228.9
20602,0.51894172922302,228.91111111111113
20603,0.51894172922302,228.92222222222222
20604,0.51894172922302,228.93333333333334
20605,0.51894172922302,228.94444444444446
20606,0.51894172922302,228.95555555555558
20607,0.51894172922302,228.96666666666667
20608,0.51894172922302,228.9777777777778
20609,0.51894172922302,228.9888888888889
20610,0.51894172922302,229.0
20611,0.51894172922302,229.01111111111112
20612,0.51894172922302,229.02222222222224
20613,0.51894172922302,229.03333333333333
20614,0.51894172922302,229.04444444444445
20615,0.51894172922302,229.05555555555557
20616,0.51894172922302,229.06666666666666
20617,0.51894172922302,229.07777777777778
20618,0.51894172922302,229.0888888888889
20619,0.51894172922302,229.10000000000002
20620,0.51894172922302,229.11111111111111
20621,0.51894172922302,229.12222222222223
20622,0.51894172922302,229.13333333333335
20623,0.51894172922302,229.14444444444445
20624,0.51894172922302,229.15555555555557
20625,0.51894172922302,229.16666666666669
20626,0.51894172922302,229.17777777777778
20627,0.51894172922302,229.1888888888889
20628,0.51894172922302,229.20000000000002
20629,0.51894172922302,229.2111111111111
20630,0.51894172922302,229.22222222222223
20631,0.51894172922302,229.23333333333335
20632,0.51894172922302,229.24444444444444
20633,0.51894172922302,229.25555555555556
20634,0.51894172922302,229.26666666666668
20635,0.51894172922302,229.2777777777778
20636,0.51894172922302,229.2888888888889
20637,0.51894172922302,229.3
20638,0.51894172922302,229.31111111111113
20639,0.51894172922302,229.32222222222222
20640,0.51894172922302,229.33333333333334
20641,0.51894172922302,229.34444444444446
20642,0.51894172922302,229.35555555555555
20643,0.51894172922302,229.36666666666667
20644,0.51894172922302,229.3777777777778
20645,0.51894172922302,229.38888888888889
20646,0.51894172922302,229.4
20647,0.51894172922302,229.41111111111113
20648,0.51894172922302,229.42222222222222
20649,0.51894172922302,229.43333333333334
20650,0.51894172922302,229.44444444444446
20651,0.51894172922302,229.45555555555558
20652,0.51894172922302,229.46666666666667
20653,0.51894172922302,229.4777777777778
20654,0.51894172922302,229.4888888888889
20655,0.51894172922302,229.5
20656,0.51894172922302,229.51111111111112
20657,0.51894172922302,229.52222222222224
20658,0.51894172922302,229.53333333333333
20659,0.51894172922302,229.54444444444445
20660,0.51894172922302,229.55555555555557
20661,0.51894172922302,229.56666666666666
20662,0.51894172922302,229.57777777777778
20663,0.51894172922302,229.5888888888889
20664,0.51894172922302,229.60000000000002
20665,0.51894172922302,229.61111111111111
20666,0.51894172922302,229.62222222222223
20667,0.51894172922302,229.63333333333335
20668,0.51894172922302,229.64444444444445
20669,0.51894172922302,229.65555555555557
20670,0.51894172922302,229.66666666666669
20671,0.51894172922302,229.67777777777778
20672,0.51894172922302,229.6888888888889
20673,0.51894172922302,229.70000000000002
20674,0.51894172922302,229.7111111111111
20675,0.51894172922302,229.72222222222223
20676,0.51894172922302,229.73333333333335
20677,0.51894172922302,229.74444444444444
20678,0.51894172922302,229.75555555555556
20679,0.51894172922302,229.76666666666668
20680,0.51894172922302,229.7777777777778
20681,0.51894172922302,229.7888888888889
20682,0.51894172922302,229.8
20683,0.51894172922302,229.81111111111113
20684,0.51894172922302,229.82222222222222
20685,0.51894172922302,229.83333333333334
20686,0.51894172922302,229.84444444444446
20687,0.51894172922302,229.85555555555555
20688,0.51894172922302,229.86666666666667
20689,0.51894172922302,229.8777777777778
20690,0.51894172922302,229.88888888888889
20691,0.51894172922302,229.9
20692,0.51894172922302,229.91111111111113
20693,0.51894172922302,229.92222222222222
20694,0.51894172922302,229.93333333333334
20695,0.51894172922302,229.94444444444446
20696,0.51894172922302,229.95555555555558
20697,0.51894172922302,229.96666666666667
20698,0.51894172922302,229.9777777777778
20699,0.51894172922302,229.9888888888889
20700,0.51894172922302,230.0
20701,0.51894172922302,230.01111111111112
20702,0.51894172922302,230.02222222222224
20703,0.51894172922302,230.03333333333333
20704,0.51894172922302,230.04444444444445
20705,0.51894172922302,230.05555555555557
20706,0.51894172922302,230.06666666666666
20707,0.51894172922302,230.07777777777778
20708,0.51894172922302,230.0888888888889
20709,0.51894172922302,230.10000000000002
20710,0.51894172922302,230.11111111111111
20711,0.51894172922302,230.12222222222223
20712,0.51894172922302,230.13333333333335
20713,0.51894172922302,230.14444444444445
20714,0.51894172922302,230.15555555555557
20715,0.51894172922302,230.16666666666669
20716,0.51894172922302,230.17777777777778
20717,0.51894172922302,230.1888888888889
20718,0.51894172922302,230.20000000000002
20719,0.51894172922302,230.2111111111111
20720,0.51894172922302,230.22222222222223
20721,0.51894172922302,230.23333333333335
20722,0.51894172922302,230.24444444444444
20723,0.51894172922302,230.25555555555556
20724,0.51894172922302,230.26666666666668
20725,0.51894172922302,230.2777777777778
20726,0.51894172922302,230.2888888888889
20727,0.51894172922302,230.3
20728,0.51894172922302,230.31111111111113
20729,0.51894172922302,230.32222222222222
20730,0.51894172922302,230.33333333333334
20731,0.51894172922302,230.34444444444446
20732,0.51894172922302,230.35555555555555
20733,0.51894172922302,230.36666666666667
20734,0.51894172922302,230.3777777777778
20735,0.51894172922302,230.38888888888889
20736,0.51894172922302,230.4
20737,0.51894172922302,230.41111111111113
20738,0.51894172922302,230.42222222222222
20739,0.51894172922302,230.43333333333334
20740,0.51894172922302,230.44444444444446
20741,0.51894172922302,230.45555555555558
20742,0.51894172922302,230.46666666666667
20743,0.51894172922302,230.4777777777778
20744,0.51894172922302,230.4888888888889
20745,0.51894172922302,230.5
20746,0.51894172922302,230.51111111111112
20747,0.51894172922302,230.52222222222224
20748,0.51894172922302,230.53333333333333
20749,0.51894172922302,230.54444444444445
20750,0.51894172922302,230.55555555555557
20751,0.51894172922302,230.56666666666666
20752,0.51894172922302,230.57777777777778
20753,0.51894172922302,230.5888888888889
20754,0.51894172922302,230.60000000000002
20755,0.51894172922302,230.61111111111111
20756,0.51894172922302,230.62222222222223
20757,0.51894172922302,230.63333333333335
20758,0.51894172922302,230.64444444444445
20759,0.51894172922302,230.65555555555557
20760,0.51894172922302,230.66666666666669
20761,0.51894172922302,230.67777777777778
20762,0.51894172922302,230.6888888888889
20763,0.51894172922302,230.70000000000002
20764,0.51894172922302,230.7111111111111
20765,0.51894172922302,230.72222222222223
20766,0.51894172922302,230.73333333333335
20767,0.51894172922302,230.74444444444444
20768,0.51894172922302,230.75555555555556
20769,0.51894172922302,230.76666666666668
20770,0.51894172922302,230.7777777777778
20771,0.51894172922302,230.7888888888889
20772,0.51894172922302,230.8
20773,0.51894172922302,230.81111111111113
20774,0.51894172922302,230.82222222222222
20775,0.51894172922302,230.83333333333334
20776,0.51894172922302,230.84444444444446
20777,0.51894172922302,230.85555555555555
20778,0.51894172922302,230.86666666666667
20779,0.51894172922302,230.8777777777778
20780,0.51894172922302,230.88888888888889
20781,0.51894172922302,230.9
20782,0.51894172922302,230.91111111111113
20783,0.51894172922302,230.92222222222222
20784,0.51894172922302,230.93333333333334
20785,0.51894172922302,230.94444444444446
20786,0.51894172922302,230.95555555555558
20787,0.51894172922302,230.96666666666667
20788,0.51894172922302,230.9777777777778
20789,0.51894172922302,230.9888888888889
20790,0.51894172922302,231.0
20791,0.51894172922302,231.01111111111112
20792,0.51894172922302,231.02222222222224
20793,0.51894172922302,231.03333333333333
20794,0.51894172922302,231.04444444444445
20795,0.51894172922302,231.05555555555557
20796,0.51894172922302,231.06666666666666
20797,0.51894172922302,231.07777777777778
20798,0.51894172922302,231.0888888888889
20799,0.51894172922302,231.10000000000002
20800,0.51894172922302,231.11111111111111
20801,0.51894172922302,231.12222222222223
20802,0.51894172922302,231.13333333333335
20803,0.51894172922302,231.14444444444445
20804,0.51894172922302,231.15555555555557
20805,0.51894172922302,231.16666666666669
20806,0.51894172922302,231.17777777777778
20807,0.51894172922302,231.1888888888889
20808,0.51894172922302,231.20000000000002
20809,0.51894172922302,231.2111111111111
20810,0.51894172922302,231.22222222222223
20811,0.51894172922302,231.23333333333335
20812,0.51894172922302,231.24444444444444
20813,0.51894172922302,231.25555555555556
20814,0.51894172922302,231.26666666666668
20815,0.51894172922302,231.2777777777778
20816,0.51894172922302,231.2888888888889
20817,0.51894172922302,231.3
20818,0.51894172922302,231.31111111111113
20819,0.51894172922302,231.32222222222222
20820,0.51894172922302,231.33333333333334
20821,0.51894172922302,231.34444444444446
20822,0.51894172922302,231.35555555555555
20823,0.51894172922302,231.36666666666667
20824,0.51894172922302,231.3777777777778
20825,0.51894172922302,231.38888888888889
20826,0.51894172922302,231.4
20827,0.51894172922302,231.41111111111113
20828,0.51894172922302,231.42222222222222
20829,0.51894172922302,231.43333333333334
20830,0.51894172922302,231.44444444444446
20831,0.51894172922302,231.45555555555558
20832,0.51894172922302,231.46666666666667
20833,0.51894172922302,231.4777777777778
20834,0.51894172922302,231.4888888888889
20835,0.51894172922302,231.5
20836,0.51894172922302,231.51111111111112
20837,0.51894172922302,231.52222222222224
20838,0.51894172922302,231.53333333333333
20839,0.51894172922302,231.54444444444445
20840,0.51894172922302,231.55555555555557
20841,0.51894172922302,231.56666666666666
20842,0.51894172922302,231.57777777777778
20843,0.51894172922302,231.5888888888889
20844,0.51894172922302,231.60000000000002
20845,0.51894172922302,231.61111111111111
20846,0.51894172922302,231.62222222222223
20847,0.51894172922302,231.63333333333335
20848,0.51894172922302,231.64444444444445
20849,0.51894172922302,231.65555555555557
20850,0.51894172922302,231.66666666666669
20851,0.51894172922302,231.67777777777778
20852,0.51894172922302,231.6888888888889
20853,0.51894172922302,231.70000000000002
20854,0.51894172922302,231.7111111111111
20855,0.51894172922302,231.72222222222223
20856,0.51894172922302,231.73333333333335
20857,0.51894172922302,231.74444444444444
20858,0.51894172922302,231.75555555555556
20859,0.51894172922302,231.76666666666668
20860,0.51894172922302,231.7777777777778
20861,0.51894172922302,231.7888888888889
20862,0.51894172922302,231.8
20863,0.51894172922302,231.81111111111113
20864,0.51894172922302,231.82222222222222
20865,0.51894172922302,231.83333333333334
20866,0.51894172922302,231.84444444444446
20867,0.51894172922302,231.85555555555555
20868,0.51894172922302,231.86666666666667
20869,0.51894172922302,231.8777777777778
20870,0.51894172922302,231.88888888888889
20871,0.51894172922302,231.9
20872,0.51894172922302,231.91111111111113
20873,0.51894172922302,231.92222222222222
20874,0.51894172922302,231.93333333333334
20875,0.51894172922302,231.94444444444446
20876,0.51894172922302,231.95555555555558
20877,0.51894172922302,231.96666666666667
20878,0.51894172922302,231.9777777777778
20879,0.51894172922302,231.9888888888889
20880,0.51894172922302,232.0
20881,0.51894172922302,232.01111111111112
20882,0.51894172922302,232.02222222222224
20883,0.51894172922302,232.03333333333333
20884,0.51894172922302,232.04444444444445
20885,0.51894172922302,232.05555555555557
20886,0.51894172922302,232.06666666666666
20887,0.51894172922302,232.07777777777778
20888,0.51894172922302,232.0888888888889
20889,0.51894172922302,232.10000000000002
20890,0.51894172922302,232.11111111111111
20891,0.51894172922302,232.12222222222223
20892,0.51894172922302,232.13333333333335
20893,0.51894172922302,232.14444444444445
20894,0.51894172922302,232.15555555555557
20895,0.51894172922302,232.16666666666669
20896,0.51894172922302,232.17777777777778
20897,0.51894172922302,232.1888888888889
20898,0.51894172922302,232.20000000000002
20899,0.51894172922302,232.2111111111111
20900,0.51894172922302,232.22222222222223
20901,0.51894172922302,232.23333333333335
20902,0.51894172922302,232.24444444444444
20903,0.51894172922302,232.25555555555556
20904,0.51894172922302,232.26666666666668
20905,0.51894172922302,232.2777777777778
20906,0.51894172922302,232.2888888888889
20907,0.51894172922302,232.3
20908,0.51894172922302,232.31111111111113
20909,0.51894172922302,232.32222222222222
20910,0.51894172922302,232.33333333333334
20911,0.51894172922302,232.34444444444446
20912,0.51894172922302,232.35555555555555
20913,0.51894172922302,232.36666666666667
20914,0.51894172922302,232.3777777777778
20915,0.51894172922302,232.38888888888889
20916,0.51894172922302,232.4
20917,0.51894172922302,232.41111111111113
20918,0.51894172922302,232.42222222222222
20919,0.51894172922302,232.43333333333334
20920,0.51894172922302,232.44444444444446
20921,0.51894172922302,232.45555555555558
20922,0.51894172922302,232.46666666666667
20923,0.51894172922302,232.4777777777778
20924,0.51894172922302,232.4888888888889
20925,0.51894172922302,232.5
20926,0.51894172922302,232.51111111111112
20927,0.51894172922302,232.52222222222224
20928,0.51894172922302,232.53333333333333
20929,0.51894172922302,232.54444444444445
20930,0.51894172922302,232.55555555555557
20931,0.51894172922302,232.56666666666666
20932,0.51894172922302,232.57777777777778
20933,0.51894172922302,232.5888888888889
20934,0.51894172922302,232.60000000000002
20935,0.51894172922302,232.61111111111111
20936,0.51894172922302,232.62222222222223
20937,0.51894172922302,232.63333333333335
20938,0.51894172922302,232.64444444444445
20939,0.51894172922302,232.65555555555557
20940,0.51894172922302,232.66666666666669
20941,0.51894172922302,232.67777777777778
20942,0.51894172922302,232.6888888888889
20943,0.51894172922302,232.70000000000002
20944,0.51894172922302,232.7111111111111
20945,0.51894172922302,232.72222222222223
20946,0.51894172922302,232.73333333333335
20947,0.51894172922302,232.74444444444444
20948,0.51894172922302,232.75555555555556
20949,0.51894172922302,232.76666666666668
20950,0.51894172922302,232.7777777777778
20951,0.51894172922302,232.7888888888889
20952,0.51894172922302,232.8
20953,0.51894172922302,232.81111111111113
20954,0.51894172922302,232.82222222222222
20955,0.51894172922302,232.83333333333334
20956,0.51894172922302,232.84444444444446
20957,0.51894172922302,232.85555555555555
20958,0.51894172922302,232.86666666666667
20959,0.51894172922302,232.8777777777778
20960,0.51894172922302,232.88888888888889
20961,0.51894172922302,232.9
20962,0.51894172922302,232.91111111111113
20963,0.51894172922302,232.92222222222222
20964,0.51894172922302,232.93333333333334
20965,0.51894172922302,232.94444444444446
20966,0.51894172922302,232.95555555555558
20967,0.51894172922302,232.96666666666667
20968,0.51894172922302,232.9777777777778
20969,0.51894172922302,232.9888888888889
20970,0.51894172922302,233.0
20971,0.51894172922302,233.01111111111112
20972,0.51894172922302,233.02222222222224
20973,0.51894172922302,233.03333333333333
20974,0.51894172922302,233.04444444444445
20975,0.51894172922302,233.05555555555557
20976,0.51894172922302,233.06666666666666
20977,0.51894172922302,233.07777777777778
20978,0.51894172922302,233.0888888888889
20979,0.51894172922302,233.10000000000002
20980,0.51894172922302,233.11111111111111
20981,0.51894172922302,233.12222222222223
20982,0.51894172922302,233.13333333333335
20983,0.51894172922302,233.14444444444445
20984,0.51894172922302,233.15555555555557
20985,0.51894172922302,233.16666666666669
20986,0.51894172922302,233.17777777777778
20987,0.51894172922302,233.1888888888889
20988,0.51894172922302,233.20000000000002
20989,0.51894172922302,233.2111111111111
20990,0.51894172922302,233.22222222222223
20991,0.51894172922302,233.23333333333335
20992,0.51894172922302,233.24444444444444
20993,0.51894172922302,233.25555555555556
20994,0.51894172922302,233.26666666666668
20995,0.51894172922302,233.2777777777778
20996,0.51894172922302,233.2888888888889
20997,0.51894172922302,233.3
20998,0.51894172922302,233.31111111111113
20999,0.51894172922302,233.32222222222222
21000,0.51894172922302,233.33333333333334
21001,0.51894172922302,233.34444444444446
21002,0.51894172922302,233.35555555555555
21003,0.51894172922302,233.36666666666667
21004,0.51894172922302,233.3777777777778
21005,0.51894172922302,233.38888888888889
21006,0.51894172922302,233.4
21007,0.51894172922302,233.41111111111113
21008,0.51894172922302,233.42222222222222
21009,0.51894172922302,233.43333333333334
21010,0.51894172922302,233.44444444444446
21011,0.51894172922302,233.45555555555558
21012,0.51894172922302,233.46666666666667
21013,0.51894172922302,233.4777777777778
21014,0.51894172922302,233.4888888888889
21015,0.51894172922302,233.5
21016,0.51894172922302,233.51111111111112
21017,0.51894172922302,233.52222222222224
21018,0.51894172922302,233.53333333333333
21019,0.51894172922302,233.54444444444445
21020,0.51894172922302,233.55555555555557
21021,0.51894172922302,233.56666666666666
21022,0.51894172922302,233.57777777777778
21023,0.51894172922302,233.5888888888889
21024,0.51894172922302,233.60000000000002
21025,0.51894172922302,233.61111111111111
21026,0.51894172922302,233.62222222222223
21027,0.51894172922302,233.63333333333335
21028,0.51894172922302,233.64444444444445
21029,0.51894172922302,233.65555555555557
21030,0.51894172922302,233.66666666666669
21031,0.51894172922302,233.67777777777778
21032,0.51894172922302,233.6888888888889
21033,0.51894172922302,233.70000000000002
21034,0.51894172922302,233.7111111111111
21035,0.51894172922302,233.72222222222223
21036,0.51894172922302,233.73333333333335
21037,0.51894172922302,233.74444444444444
21038,0.51894172922302,233.75555555555556
21039,0.51894172922302,233.76666666666668
21040,0.51894172922302,233.7777777777778
21041,0.51894172922302,233.7888888888889
21042,0.51894172922302,233.8
21043,0.51894172922302,233.81111111111113
21044,0.51894172922302,233.82222222222222
21045,0.51894172922302,233.83333333333334
21046,0.51894172922302,233.84444444444446
21047,0.51894172922302,233.85555555555555
21048,0.51894172922302,233.86666666666667
21049,0.51894172922302,233.8777777777778
21050,0.51894172922302,233.88888888888889
21051,0.51894172922302,233.9
21052,0.51894172922302,233.91111111111113
21053,0.51894172922302,233.92222222222222
21054,0.51894172922302,233.93333333333334
21055,0.51894172922302,233.94444444444446
21056,0.51894172922302,233.95555555555558
21057,0.51894172922302,233.96666666666667
21058,0.51894172922302,233.9777777777778
21059,0.51894172922302,233.9888888888889
21060,0.51894172922302,234.0
21061,0.51894172922302,234.01111111111112
21062,0.51894172922302,234.02222222222224
21063,0.51894172922302,234.03333333333333
21064,0.51894172922302,234.04444444444445
21065,0.51894172922302,234.05555555555557
21066,0.51894172922302,234.06666666666666
21067,0.51894172922302,234.07777777777778
21068,0.51894172922302,234.0888888888889
21069,0.51894172922302,234.10000000000002
21070,0.51894172922302,234.11111111111111
21071,0.51894172922302,234.12222222222223
21072,0.51894172922302,234.13333333333335
21073,0.51894172922302,234.14444444444445
21074,0.51894172922302,234.15555555555557
21075,0.51894172922302,234.16666666666669
21076,0.51894172922302,234.17777777777778
21077,0.51894172922302,234.1888888888889
21078,0.51894172922302,234.20000000000002
21079,0.51894172922302,234.2111111111111
21080,0.51894172922302,234.22222222222223
21081,0.51894172922302,234.23333333333335
21082,0.51894172922302,234.24444444444444
21083,0.51894172922302,234.25555555555556
21084,0.51894172922302,234.26666666666668
21085,0.51894172922302,234.2777777777778
21086,0.51894172922302,234.2888888888889
21087,0.51894172922302,234.3
21088,0.51894172922302,234.31111111111113
21089,0.51894172922302,234.32222222222222
21090,0.51894172922302,234.33333333333334
21091,0.51894172922302,234.34444444444446
21092,0.51894172922302,234.35555555555555
21093,0.51894172922302,234.36666666666667
21094,0.51894172922302,234.3777777777778
21095,0.51894172922302,234.38888888888889
21096,0.51894172922302,234.4
21097,0.51894172922302,234.41111111111113
21098,0.51894172922302,234.42222222222222
21099,0.51894172922302,234.43333333333334
21100,0.51894172922302,234.44444444444446
21101,0.51894172922302,234.45555555555558
21102,0.51894172922302,234.46666666666667
21103,0.51894172922302,234.4777777777778
21104,0.51894172922302,234.4888888888889
21105,0.51894172922302,234.5
21106,0.51894172922302,234.51111111111112
21107,0.51894172922302,234.52222222222224
21108,0.51894172922302,234.53333333333333
21109,0.51894172922302,234.54444444444445
21110,0.51894172922302,234.55555555555557
21111,0.51894172922302,234.56666666666666
21112,0.51894172922302,234.57777777777778
21113,0.51894172922302,234.5888888888889
21114,0.51894172922302,234.60000000000002
21115,0.51894172922302,234.61111111111111
21116,0.51894172922302,234.62222222222223
21117,0.51894172922302,234.63333333333335
21118,0.51894172922302,234.64444444444445
21119,0.51894172922302,234.65555555555557
21120,0.51894172922302,234.66666666666669
21121,0.51894172922302,234.67777777777778
21122,0.51894172922302,234.6888888888889
21123,0.51894172922302,234.70000000000002
21124,0.51894172922302,234.7111111111111
21125,0.51894172922302,234.72222222222223
21126,0.51894172922302,234.73333333333335
21127,0.51894172922302,234.74444444444444
21128,0.51894172922302,234.75555555555556
21129,0.51894172922302,234.76666666666668
21130,0.51894172922302,234.7777777777778
21131,0.51894172922302,234.7888888888889
21132,0.51894172922302,234.8
21133,0.51894172922302,234.81111111111113
21134,0.51894172922302,234.82222222222222
21135,0.51894172922302,234.83333333333334
21136,0.51894172922302,234.84444444444446
21137,0.51894172922302,234.85555555555555
21138,0.51894172922302,234.86666666666667
21139,0.51894172922302,234.8777777777778
21140,0.51894172922302,234.88888888888889
21141,0.51894172922302,234.9
21142,0.51894172922302,234.91111111111113
21143,0.51894172922302,234.92222222222222
21144,0.51894172922302,234.93333333333334
21145,0.51894172922302,234.94444444444446
21146,0.51894172922302,234.95555555555558
21147,0.51894172922302,234.96666666666667
21148,0.51894172922302,234.9777777777778
21149,0.51894172922302,234.9888888888889
21150,0.51894172922302,235.0
21151,0.51894172922302,235.01111111111112
21152,0.51894172922302,235.02222222222224
21153,0.51894172922302,235.03333333333333
21154,0.51894172922302,235.04444444444445
21155,0.51894172922302,235.05555555555557
21156,0.51894172922302,235.06666666666666
21157,0.51894172922302,235.07777777777778
21158,0.51894172922302,235.0888888888889
21159,0.51894172922302,235.10000000000002
21160,0.51894172922302,235.11111111111111
21161,0.51894172922302,235.12222222222223
21162,0.51894172922302,235.13333333333335
21163,0.51894172922302,235.14444444444445
21164,0.51894172922302,235.15555555555557
21165,0.51894172922302,235.16666666666669
21166,0.51894172922302,235.17777777777778
21167,0.51894172922302,235.1888888888889
21168,0.51894172922302,235.20000000000002
21169,0.51894172922302,235.2111111111111
21170,0.51894172922302,235.22222222222223
21171,0.51894172922302,235.23333333333335
21172,0.51894172922302,235.24444444444444
21173,0.51894172922302,235.25555555555556
21174,0.51894172922302,235.26666666666668
21175,0.51894172922302,235.2777777777778
21176,0.51894172922302,235.2888888888889
21177,0.51894172922302,235.3
21178,0.51894172922302,235.31111111111113
21179,0.51894172922302,235.32222222222222
21180,0.51894172922302,235.33333333333334
21181,0.51894172922302,235.34444444444446
21182,0.51894172922302,235.35555555555555
21183,0.51894172922302,235.36666666666667
21184,0.51894172922302,235.3777777777778
21185,0.51894172922302,235.38888888888889
21186,0.51894172922302,235.4
21187,0.51894172922302,235.41111111111113
21188,0.51894172922302,235.42222222222222
21189,0.51894172922302,235.43333333333334
21190,0.51894172922302,235.44444444444446
21191,0.51894172922302,235.45555555555558
21192,0.51894172922302,235.46666666666667
21193,0.51894172922302,235.4777777777778
21194,0.51894172922302,235.4888888888889
21195,0.51894172922302,235.5
21196,0.51894172922302,235.51111111111112
21197,0.51894172922302,235.52222222222224
21198,0.51894172922302,235.53333333333333
21199,0.51894172922302,235.54444444444445
21200,0.51894172922302,235.55555555555557
21201,0.51894172922302,235.56666666666666
21202,0.51894172922302,235.57777777777778
21203,0.51894172922302,235.5888888888889
21204,0.51894172922302,235.60000000000002
21205,0.51894172922302,235.61111111111111
21206,0.51894172922302,235.62222222222223
21207,0.51894172922302,235.63333333333335
21208,0.51894172922302,235.64444444444445
21209,0.51894172922302,235.65555555555557
21210,0.51894172922302,235.66666666666669
21211,0.51894172922302,235.67777777777778
21212,0.51894172922302,235.6888888888889
21213,0.51894172922302,235.70000000000002
21214,0.51894172922302,235.7111111111111
21215,0.51894172922302,235.72222222222223
21216,0.51894172922302,235.73333333333335
21217,0.51894172922302,235.74444444444444
21218,0.51894172922302,235.75555555555556
21219,0.51894172922302,235.76666666666668
21220,0.51894172922302,235.7777777777778
21221,0.51894172922302,235.7888888888889
21222,0.51894172922302,235.8
21223,0.51894172922302,235.81111111111113
21224,0.51894172922302,235.82222222222222
21225,0.51894172922302,235.83333333333334
21226,0.51894172922302,235.84444444444446
21227,0.51894172922302,235.85555555555555
21228,0.51894172922302,235.86666666666667
21229,0.51894172922302,235.8777777777778
21230,0.51894172922302,235.88888888888889
21231,0.51894172922302,235.9
21232,0.51894172922302,235.91111111111113
21233,0.51894172922302,235.92222222222222
21234,0.51894172922302,235.93333333333334
21235,0.51894172922302,235.94444444444446
21236,0.51894172922302,235.95555555555558
21237,0.51894172922302,235.96666666666667
21238,0.51894172922302,235.9777777777778
21239,0.51894172922302,235.9888888888889
21240,0.51894172922302,236.0
21241,0.51894172922302,236.01111111111112
21242,0.51894172922302,236.02222222222224
21243,0.51894172922302,236.03333333333333
21244,0.5164543990610283,236.04444444444445
21245,0.5152107339800389,236.05555555555557
21246,0.5152107339800389,236.06666666666666
21247,0.5127234038180516,236.07777777777778
21248,0.511479738737058,236.0888888888889
21249,0.511479738737058,236.10000000000002
21250,0.511479738737058,236.11111111111111
21251,0.511479738737058,236.12222222222223
21252,0.511479738737058,236.13333333333335
21253,0.511479738737058,236.14444444444445
21254,0.511479738737058,236.15555555555557
21255,0.5114797387370548,236.16666666666669
21256,0.5102360736560644,236.17777777777778
21257,0.5096142411155675,236.1888888888889
21258,0.5096142411155643,236.20000000000002
21259,0.5083705760345738,236.2111111111111
21260,0.507748743494077,236.22222222222223
21261,0.507748743494077,236.23333333333335
21262,0.507748743494077,236.24444444444444
21263,0.507748743494077,236.25555555555556
21264,0.507748743494077,236.26666666666668
21265,0.507748743494077,236.2777777777778
21266,0.507748743494077,236.2888888888889
21267,0.507748743494077,236.3
21268,0.507748743494077,236.31111111111113
21269,0.507748743494077,236.32222222222222
21270,0.507748743494077,236.33333333333334
21271,0.507748743494077,236.34444444444446
21272,0.507748743494077,236.35555555555555
21273,0.507748743494077,236.36666666666667
21274,0.507748743494077,236.3777777777778
21275,0.5071269109535801,236.38888888888889
21276,0.5058832458725865,236.4
21277,0.5058832458725865,236.41111111111113
21278,0.5058832458725865,236.42222222222222
21279,0.5058832458725865,236.43333333333334
21280,0.5058832458725865,236.44444444444446
21281,0.5052614133320865,236.45555555555558
21282,0.504017748251096,236.46666666666667
21283,0.504017748251096,236.4777777777778
21284,0.5033959157105959,236.4888888888889
21285,0.5021522506296054,236.5
21286,0.5021522506296054,236.51111111111112
21287,0.5021522506296054,236.52222222222224
21288,0.5021522506296054,236.53333333333333
21289,0.5009085855486097,236.54444444444445
21290,0.500286753008115,236.55555555555557
21291,0.500286753008115,236.56666666666666
21292,0.4990430879271213,236.57777777777778
21293,0.49842125538662446,236.5888888888889
21294,0.4984212553866213,236.60000000000002
21295,0.4971775903056308,236.61111111111111
21296,0.496555757765134,236.62222222222223
21297,0.496555757765134,236.63333333333335
21298,0.496555757765134,236.64444444444445
21299,0.496555757765134,236.65555555555557
21300,0.496555757765134,236.66666666666669
21301,0.496555757765134,236.67777777777778
21302,0.496555757765134,236.6888888888889
21303,0.496555757765134,236.70000000000002
21304,0.496555757765134,236.7111111111111
21305,0.496555757765134,236.72222222222223
21306,0.496555757765134,236.73333333333335
21307,0.496555757765134,236.74444444444444
21308,0.496555757765134,236.75555555555556
21309,0.496555757765134,236.76666666666668
21310,0.496555757765134,236.7777777777778
21311,0.496555757765134,236.7888888888889
21312,0.496555757765134,236.8
21313,0.496555757765134,236.81111111111113
21314,0.496555757765134,236.82222222222222
21315,0.496555757765134,236.83333333333334
21316,0.496555757765134,236.84444444444446
21317,0.496555757765134,236.85555555555555
21318,0.496555757765134,236.86666666666667
21319,0.496555757765134,236.8777777777778
21320,0.496555757765134,236.88888888888889
21321,0.496555757765134,236.9
21322,0.496555757765134,236.91111111111113
21323,0.496555757765134,236.92222222222222
21324,0.496555757765134,236.93333333333334
21325,0.496555757765134,236.94444444444446
21326,0.496555757765134,236.95555555555558
21327,0.496555757765134,236.96666666666667
21328,0.496555757765134,236.9777777777778
21329,0.4959339252246338,236.9888888888889
21330,0.494690260143643,237.0
21331,0.494690260143643,237.01111111111112
21332,0.4940684276031431,237.02222222222224
21333,0.49282476252215296,237.03333333333333
21334,0.49282476252215296,237.04444444444445
21335,0.49282476252215296,237.05555555555557
21336,0.49282476252215296,237.06666666666666
21337,0.49282476252215296,237.07777777777778
21338,0.49282476252215296,237.0888888888889
21339,0.4928247625221498,237.10000000000002
21340,0.49158109744115897,237.11111111111111
21341,0.490959264900662,237.12222222222223
21342,0.49095926490065883,237.13333333333335
21343,0.48971559981966833,237.14444444444445
21344,0.4890937672791715,237.15555555555557
21345,0.4890937672791715,237.16666666666669
21346,0.4890937672791715,237.17777777777778
21347,0.4890937672791715,237.1888888888889
21348,0.4890937672791715,237.20000000000002
21349,0.4890937672791715,237.2111111111111
21350,0.4890937672791715,237.22222222222223
21351,0.4890937672791715,237.23333333333335
21352,0.4890937672791715,237.24444444444444
21353,0.4890937672791715,237.25555555555556
21354,0.4890937672791715,237.26666666666668
21355,0.4890937672791715,237.2777777777778
21356,0.4890937672791715,237.2888888888889
21357,0.4890937672791715,237.3
21358,0.4890937672791715,237.31111111111113
21359,0.4890937672791715,237.32222222222222
21360,0.4890937672791715,237.33333333333334
21361,0.4890937672791715,237.34444444444446
21362,0.4890937672791715,237.35555555555555
21363,0.4890937672791715,237.36666666666667
21364,0.4890937672791715,237.3777777777778
21365,0.4890937672791715,237.38888888888889
21366,0.4890937672791715,237.4
21367,0.4890937672791715,237.41111111111113
21368,0.4890937672791715,237.42222222222222
21369,0.4890937672791715,237.43333333333334
21370,0.4890937672791715,237.44444444444446
21371,0.4890937672791715,237.45555555555558
21372,0.4890937672791715,237.46666666666667
21373,0.4890937672791715,237.4777777777778
21374,0.4890937672791715,237.4888888888889
21375,0.4890937672791715,237.5
21376,0.4890937672791715,237.51111111111112
21377,0.4890937672791715,237.52222222222224
21378,0.4890937672791715,237.53333333333333
21379,0.4890937672791715,237.54444444444445
21380,0.4890937672791715,237.55555555555557
21381,0.4890937672791715,237.56666666666666
21382,0.4890937672791715,237.57777777777778
21383,0.4890937672791715,237.5888888888889
21384,0.4890937672791715,237.60000000000002
21385,0.4890937672791715,237.61111111111111
21386,0.4890937672791715,237.62222222222223
21387,0.4890937672791715,237.63333333333335
21388,0.4890937672791715,237.64444444444445
21389,0.4890937672791715,237.65555555555557
21390,0.4890937672791715,237.66666666666669
21391,0.4890937672791715,237.67777777777778
21392,0.4890937672791715,237.6888888888889
21393,0.4890937672791715,237.70000000000002
21394,0.4890937672791715,237.7111111111111
21395,0.4890937672791715,237.72222222222223
21396,0.4890937672791715,237.73333333333335
21397,0.4890937672791715,237.74444444444444
21398,0.4897155998196694,237.75555555555556
21399,0.490959264900662,237.76666666666668
21400,0.490959264900662,237.7777777777778
21401,0.490959264900662,237.7888888888889
21402,0.490959264900662,237.8
21403,0.490959264900662,237.81111111111113
21404,0.490959264900662,237.82222222222222
21405,0.490959264900662,237.83333333333334
21406,0.490959264900662,237.84444444444446
21407,0.490959264900662,237.85555555555555
21408,0.490959264900662,237.86666666666667
21409,0.490959264900662,237.8777777777778
21410,0.490959264900662,237.88888888888889
21411,0.490959264900662,237.9
21412,0.490959264900662,237.91111111111113
21413,0.490959264900662,237.92222222222222
21414,0.490959264900662,237.93333333333334
21415,0.490959264900662,237.94444444444446
21416,0.490959264900662,237.95555555555558
21417,0.490959264900662,237.96666666666667
21418,0.490959264900662,237.9777777777778
21419,0.490959264900662,237.9888888888889
21420,0.490959264900662,238.0
21421,0.490959264900662,238.01111111111112
21422,0.490959264900662,238.02222222222224
21423,0.490959264900662,238.03333333333333
21424,0.490959264900662,238.04444444444445
21425,0.490959264900662,238.05555555555557
21426,0.490959264900662,238.06666666666666
21427,0.490959264900662,238.07777777777778
21428,0.490959264900662,238.0888888888889
21429,0.490959264900662,238.10000000000002
21430,0.490959264900662,238.11111111111111
21431,0.490959264900662,238.12222222222223
21432,0.490959264900662,238.13333333333335
21433,0.490959264900662,238.14444444444445
21434,0.490959264900662,238.15555555555557
21435,0.490959264900662,238.16666666666669
21436,0.490959264900662,238.17777777777778
21437,0.490959264900662,238.1888888888889
21438,0.490959264900662,238.20000000000002
21439,0.490959264900662,238.2111111111111
21440,0.490959264900662,238.22222222222223
21441,0.490959264900662,238.23333333333335
21442,0.490959264900662,238.24444444444444
21443,0.490959264900662,238.25555555555556
21444,0.490959264900662,238.26666666666668
21445,0.490959264900662,238.2777777777778
21446,0.490959264900662,238.2888888888889
21447,0.490959264900662,238.3
21448,0.490959264900662,238.31111111111113
21449,0.49220292998165566,238.32222222222222
21450,0.494690260143643,238.33333333333334
21451,0.494690260143643,238.34444444444446
21452,0.4959339252246368,238.35555555555555
21453,0.49842125538662446,238.36666666666667
21454,0.49842125538662446,238.3777777777778
21455,0.49842125538662446,238.38888888888889
21456,0.49842125538662446,238.4
21457,0.49842125538662446,238.41111111111113
21458,0.4990430879271213,238.42222222222222
21459,0.500286753008115,238.43333333333334
21460,0.500286753008115,238.44444444444446
21461,0.500908585548615,238.45555555555558
21462,0.5021522506296054,238.46666666666667
21463,0.5021522506296054,238.4777777777778
21464,0.5021522506296054,238.4888888888889
21465,0.5021522506296054,238.5
21466,0.5021522506296054,238.51111111111112
21467,0.5027740831701055,238.52222222222224
21468,0.504017748251096,238.53333333333333
21469,0.504017748251096,238.54444444444445
21470,0.504639580791596,238.55555555555557
21471,0.5058832458725865,238.56666666666666
21472,0.5058832458725865,238.57777777777778
21473,0.5058832458725865,238.5888888888889
21474,0.5058832458725865,238.60000000000002
21475,0.5058832458725865,238.61111111111111
21476,0.5058832458725865,238.62222222222223
21477,0.5058832458725865,238.63333333333335
21478,0.5058832458725865,238.64444444444445
21479,0.5058832458725865,238.65555555555557
21480,0.5058832458725865,238.66666666666669
21481,0.5058832458725865,238.67777777777778
21482,0.5058832458725865,238.6888888888889
21483,0.5058832458725865,238.70000000000002
21484,0.5058832458725865,238.7111111111111
21485,0.5058832458725865,238.72222222222223
21486,0.5058832458725865,238.73333333333335
21487,0.5058832458725865,238.74444444444444
21488,0.5058832458725865,238.75555555555556
21489,0.5058832458725865,238.76666666666668
21490,0.5058832458725865,238.7777777777778
21491,0.5058832458725865,238.7888888888889
21492,0.5058832458725865,238.8
21493,0.5058832458725865,238.81111111111113
21494,0.5058832458725865,238.82222222222222
21495,0.5058832458725865,238.83333333333334
21496,0.5058832458725865,238.84444444444446
21497,0.5058832458725865,238.85555555555555
21498,0.5058832458725865,238.86666666666667
21499,0.5071269109535822,238.8777777777778
21500,0.507748743494077,238.88888888888889
21501,0.507748743494077,238.9
21502,0.507748743494077,238.91111111111113
21503,0.507748743494077,238.92222222222222
21504,0.507748743494077,238.93333333333334
21505,0.507748743494077,238.94444444444446
21506,0.507748743494077,238.95555555555558
21507,0.507748743494077,238.96666666666667
21508,0.507748743494077,238.9777777777778
21509,0.507748743494077,238.9888888888889
21510,0.507748743494077,239.0
21511,0.507748743494077,239.01111111111112
21512,0.507748743494077,239.02222222222224
21513,0.507748743494077,239.03333333333333
21514,0.507748743494077,239.04444444444445
21515,0.507748743494077,239.05555555555557
21516,0.507748743494077,239.06666666666666
21517,0.507748743494077,239.07777777777778
21518,0.5089924085750728,239.0888888888889
21519,0.511479738737058,239.10000000000002
21520,0.511479738737058,239.11111111111111
21521,0.511479738737058,239.12222222222223
21522,0.511479738737058,239.13333333333335
21523,0.511479738737058,239.14444444444445
21524,0.511479738737058,239.15555555555557
21525,0.511479738737058,239.16666666666669
21526,0.511479738737058,239.17777777777778
21527,0.511479738737058,239.1888888888889
21528,0.511479738737058,239.20000000000002
21529,0.511479738737058,239.2111111111111
21530,0.511479738737058,239.22222222222223
21531,0.511479738737058,239.23333333333335
21532,0.511479738737058,239.24444444444444
21533,0.511479738737058,239.25555555555556
21534,0.511479738737058,239.26666666666668
21535,0.511479738737058,239.2777777777778
21536,0.511479738737058,239.2888888888889
21537,0.511479738737058,239.3
21538,0.511479738737058,239.31111111111113
21539,0.511479738737058,239.32222222222222
21540,0.511479738737058,239.33333333333334
21541,0.511479738737058,239.34444444444446
21542,0.511479738737058,239.35555555555555
21543,0.511479738737058,239.36666666666667
21544,0.511479738737058,239.3777777777778
21545,0.511479738737058,239.38888888888889
21546,0.511479738737058,239.4
21547,0.511479738737058,239.41111111111113
21548,0.511479738737058,239.42222222222222
21549,0.511479738737058,239.43333333333334
21550,0.511479738737058,239.44444444444446
21551,0.511479738737058,239.45555555555558
21552,0.511479738737058,239.46666666666667
21553,0.511479738737058,239.4777777777778
21554,0.511479738737058,239.4888888888889
21555,0.511479738737058,239.5
21556,0.511479738737058,239.51111111111112
21557,0.511479738737058,239.52222222222224
21558,0.511479738737058,239.53333333333333
21559,0.511479738737058,239.54444444444445
21560,0.511479738737058,239.55555555555557
21561,0.511479738737058,239.56666666666666
21562,0.511479738737058,239.57777777777778
21563,0.511479738737058,239.5888888888889
21564,0.511479738737058,239.60000000000002
21565,0.511479738737058,239.61111111111111
21566,0.511479738737058,239.62222222222223
21567,0.511479738737058,239.63333333333335
21568,0.511479738737058,239.64444444444445
21569,0.511479738737058,239.65555555555557
21570,0.511479738737058,239.66666666666669
21571,0.511479738737058,239.67777777777778
21572,0.511479738737058,239.6888888888889
21573,0.511479738737058,239.70000000000002
21574,0.511479738737058,239.7111111111111
21575,0.511479738737058,239.72222222222223
21576,0.511479738737058,239.73333333333335
21577,0.511479738737058,239.74444444444444
21578,0.511479738737058,239.75555555555556
21579,0.511479738737058,239.76666666666668
21580,0.511479738737058,239.7777777777778
21581,0.511479738737058,239.7888888888889
21582,0.511479738737058,239.8
21583,0.511479738737058,239.81111111111113
21584,0.511479738737058,239.82222222222222
21585,0.511479738737058,239.83333333333334
21586,0.511479738737058,239.84444444444446
21587,0.511479738737058,239.85555555555555
21588,0.511479738737058,239.86666666666667
21589,0.511479738737058,239.8777777777778
21590,0.511479738737058,239.88888888888889
21591,0.511479738737058,239.9
21592,0.511479738737058,239.91111111111113
21593,0.511479738737058,239.92222222222222
21594,0.511479738737058,239.93333333333334
21595,0.511479738737058,239.94444444444446
21596,0.511479738737058,239.95555555555558
21597,0.511479738737058,239.96666666666667
21598,0.511479738737058,239.9777777777778
21599,0.511479738737058,239.9888888888889
21600,0.511479738737058,240.0
21601,0.511479738737058,240.01111111111112
21602,0.511479738737058,240.02222222222224
21603,0.511479738737058,240.03333333333333
21604,0.511479738737058,240.04444444444445
21605,0.511479738737058,240.05555555555557
21606,0.511479738737058,240.06666666666666
21607,0.511479738737058,240.07777777777778
21608,0.511479738737058,240.0888888888889
21609,0.511479738737058,240.10000000000002
21610,0.511479738737058,240.11111111111111
21611,0.511479738737058,240.12222222222223
21612,0.511479738737058,240.13333333333335
21613,0.511479738737058,240.14444444444445
21614,0.511479738737058,240.15555555555557
21615,0.511479738737058,240.16666666666669
21616,0.511479738737058,240.17777777777778
21617,0.511479738737058,240.1888888888889
21618,0.511479738737058,240.20000000000002
21619,0.511479738737058,240.2111111111111
21620,0.511479738737058,240.22222222222223
21621,0.511479738737058,240.23333333333335
21622,0.511479738737058,240.24444444444444
21623,0.511479738737058,240.25555555555556
21624,0.511479738737058,240.26666666666668
21625,0.511479738737058,240.2777777777778
21626,0.511479738737058,240.2888888888889
21627,0.511479738737058,240.3
21628,0.511479738737058,240.31111111111113
21629,0.511479738737058,240.32222222222222
21630,0.511479738737058,240.33333333333334
21631,0.511479738737058,240.34444444444446
21632,0.511479738737058,240.35555555555555
21633,0.511479738737058,240.36666666666667
21634,0.511479738737058,240.3777777777778
21635,0.511479738737058,240.38888888888889
21636,0.511479738737058,240.4
21637,0.511479738737058,240.41111111111113
21638,0.511479738737058,240.42222222222225
21639,0.511479738737058,240.43333333333334
21640,0.511479738737058,240.44444444444446
21641,0.511479738737058,240.45555555555558
21642,0.511479738737058,240.46666666666667
21643,0.511479738737058,240.4777777777778
21644,0.511479738737058,240.4888888888889
21645,0.511479738737058,240.5
21646,0.511479738737058,240.51111111111112
21647,0.511479738737058,240.52222222222224
21648,0.511479738737058,240.53333333333333
21649,0.511479738737058,240.54444444444445
21650,0.511479738737058,240.55555555555557
21651,0.511479738737058,240.56666666666666
21652,0.511479738737058,240.57777777777778
21653,0.511479738737058,240.5888888888889
21654,0.511479738737058,240.60000000000002
21655,0.511479738737058,240.61111111111111
21656,0.511479738737058,240.62222222222223
21657,0.511479738737058,240.63333333333335
21658,0.511479738737058,240.64444444444445
21659,0.511479738737058,240.65555555555557
21660,0.511479738737058,240.66666666666669
21661,0.511479738737058,240.67777777777778
21662,0.511479738737058,240.6888888888889
21663,0.511479738737058,240.70000000000002
21664,0.511479738737058,240.7111111111111
21665,0.511479738737058,240.72222222222223
21666,0.511479738737058,240.73333333333335
21667,0.511479738737058,240.74444444444444
21668,0.511479738737058,240.75555555555556
21669,0.511479738737058,240.76666666666668
21670,0.511479738737058,240.7777777777778
21671,0.511479738737058,240.7888888888889
21672,0.511479738737058,240.8
21673,0.511479738737058,240.81111111111113
21674,0.511479738737058,240.82222222222222
21675,0.511479738737058,240.83333333333334
21676,0.511479738737058,240.84444444444446
21677,0.511479738737058,240.85555555555555
21678,0.511479738737058,240.86666666666667
21679,0.511479738737058,240.8777777777778
21680,0.511479738737058,240.88888888888889
21681,0.511479738737058,240.9
21682,0.511479738737058,240.91111111111113
21683,0.511479738737058,240.92222222222225
21684,0.511479738737058,240.93333333333334
21685,0.511479738737058,240.94444444444446
21686,0.511479738737058,240.95555555555558
21687,0.511479738737058,240.96666666666667
21688,0.511479738737058,240.9777777777778
21689,0.5136300720704023,240.9888888888889
21690,0.517930738737058,241.0
21691,0.517930738737058,241.01111111111112
21692,0.517930738737058,241.02222222222224
21693,0.517930738737058,241.03333333333333
21694,0.517930738737058,241.04444444444445
21695,0.517930738737058,241.05555555555557
21696,0.517930738737058,241.06666666666666
21697,0.517930738737058,241.07777777777778
21698,0.517930738737058,241.0888888888889
21699,0.517930738737058,241.10000000000002
21700,0.517930738737058,241.11111111111111
21701,0.517930738737058,241.12222222222223
21702,0.517930738737058,241.13333333333335
21703,0.517930738737058,241.14444444444445
21704,0.517930738737058,241.15555555555557
21705,0.517930738737058,241.16666666666669
21706,0.517930738737058,241.17777777777778
21707,0.517930738737058,241.1888888888889
21708,0.517930738737058,241.20000000000002
21709,0.517930738737058,241.2111111111111
21710,0.517930738737058,241.22222222222223
21711,0.517930738737058,241.23333333333335
21712,0.517930738737058,241.24444444444444
21713,0.517930738737058,241.25555555555556
21714,0.517930738737058,241.26666666666668
21715,0.517930738737058,241.2777777777778
21716,0.517930738737058,241.2888888888889
21717,0.517930738737058,241.3
21718,0.517930738737058,241.31111111111113
21719,0.517930738737058,241.32222222222222
21720,0.517930738737058,241.33333333333334
21721,0.517930738737058,241.34444444444446
21722,0.517930738737058,241.35555555555555
21723,0.517930738737058,241.36666666666667
21724,0.517930738737058,241.3777777777778
21725,0.517930738737058,241.38888888888889
21726,0.517930738737058,241.4
21727,0.517930738737058,241.41111111111113
21728,0.517930738737058,241.42222222222225
21729,0.517930738737058,241.43333333333334
21730,0.517930738737058,241.44444444444446
21731,0.517930738737058,241.45555555555558
21732,0.517930738737058,241.46666666666667
21733,0.517930738737058,241.4777777777778
21734,0.517930738737058,241.4888888888889
21735,0.517930738737058,241.5
21736,0.517930738737058,241.51111111111112
21737,0.517930738737058,241.52222222222224
21738,0.517930738737058,241.53333333333333
21739,0.517930738737058,241.54444444444445
21740,0.517930738737058,241.55555555555557
21741,0.517930738737058,241.56666666666666
21742,0.517930738737058,241.57777777777778
21743,0.517930738737058,241.5888888888889
21744,0.517930738737058,241.60000000000002
21745,0.517930738737058,241.61111111111111
21746,0.517930738737058,241.62222222222223
21747,0.517930738737058,241.63333333333335
21748,0.517930738737058,241.64444444444445
21749,0.517930738737058,241.65555555555557
21750,0.517930738737058,241.66666666666669
21751,0.517930738737058,241.67777777777778
21752,0.517930738737058,241.6888888888889
21753,0.517930738737058,241.70000000000002
21754,0.517930738737058,241.7111111111111
21755,0.517930738737058,241.72222222222223
21756,0.517930738737058,241.73333333333335
21757,0.517930738737058,241.74444444444444
21758,0.517930738737058,241.75555555555556
21759,0.517930738737058,241.76666666666668
21760,0.517930738737058,241.7777777777778
21761,0.517930738737058,241.7888888888889
21762,0.517930738737058,241.8
21763,0.517930738737058,241.81111111111113
21764,0.517930738737058,241.82222222222222
21765,0.517930738737058,241.83333333333334
21766,0.517930738737058,241.84444444444446
21767,0.517930738737058,241.85555555555555
21768,0.517930738737058,241.86666666666667
21769,0.517930738737058,241.8777777777778
21770,0.517930738737058,241.88888888888889
21771,0.517930738737058,241.9
21772,0.517930738737058,241.91111111111113
21773,0.517930738737058,241.92222222222225
21774,0.517930738737058,241.93333333333334
21775,0.517930738737058,241.94444444444446
21776,0.517930738737058,241.95555555555558
21777,0.517930738737058,241.96666666666667
21778,0.517930738737058,241.9777777777778
21779,0.517930738737058,241.9888888888889
21780,0.517930738737058,242.0
21781,0.517930738737058,242.01111111111112
21782,0.517930738737058,242.02222222222224
21783,0.517930738737058,242.03333333333333
21784,0.517930738737058,242.04444444444445
21785,0.517930738737058,242.05555555555557
21786,0.517930738737058,242.06666666666666
21787,0.517930738737058,242.07777777777778
21788,0.517930738737058,242.0888888888889
21789,0.517930738737058,242.10000000000002
21790,0.517930738737058,242.11111111111111
21791,0.517930738737058,242.12222222222223
21792,0.517930738737058,242.13333333333335
21793,0.517930738737058,242.14444444444445
21794,0.517930738737058,242.15555555555557
21795,0.517930738737058,242.16666666666669
21796,0.517930738737058,242.17777777777778
21797,0.517930738737058,242.1888888888889
21798,0.517930738737058,242.20000000000002
21799,0.517930738737058,242.2111111111111
21800,0.517930738737058,242.22222222222223
21801,0.517930738737058,242.23333333333335
21802,0.517930738737058,242.24444444444444
21803,0.517930738737058,242.25555555555556
21804,0.517930738737058,242.26666666666668
21805,0.517930738737058,242.2777777777778
21806,0.517930738737058,242.2888888888889
21807,0.517930738737058,242.3
21808,0.517930738737058,242.31111111111113
21809,0.517930738737058,242.32222222222222
21810,0.517930738737058,242.33333333333334
21811,0.517930738737058,242.34444444444446
21812,0.517930738737058,242.35555555555555
21813,0.517930738737058,242.36666666666667
21814,0.517930738737058,242.3777777777778
21815,0.517930738737058,242.38888888888889
21816,0.517930738737058,242.4
21817,0.517930738737058,242.41111111111113
21818,0.517930738737058,242.42222222222225
21819,0.517930738737058,242.43333333333334
21820,0.517930738737058,242.44444444444446
21821,0.517930738737058,242.45555555555558
21822,0.517930738737058,242.46666666666667
21823,0.517930738737058,242.4777777777778
21824,0.517930738737058,242.4888888888889
21825,0.517930738737058,242.5
21826,0.517930738737058,242.51111111111112
21827,0.517930738737058,242.52222222222224
21828,0.517930738737058,242.53333333333333
21829,0.517930738737058,242.54444444444445
21830,0.517930738737058,242.55555555555557
21831,0.517930738737058,242.56666666666666
21832,0.517930738737058,242.57777777777778
21833,0.517930738737058,242.5888888888889
21834,0.517930738737058,242.60000000000002
21835,0.517930738737058,242.61111111111111
21836,0.517930738737058,242.62222222222223
21837,0.517930738737058,242.63333333333335
21838,0.517930738737058,242.64444444444445
21839,0.517930738737058,242.65555555555557
21840,0.517930738737058,242.66666666666669
21841,0.517930738737058,242.67777777777778
21842,0.517930738737058,242.6888888888889
21843,0.517930738737058,242.70000000000002
21844,0.517930738737058,242.7111111111111
21845,0.517930738737058,242.72222222222223
21846,0.517930738737058,242.73333333333335
21847,0.517930738737058,242.74444444444444
21848,0.517930738737058,242.75555555555556
21849,0.517930738737058,242.76666666666668
21850,0.517930738737058,242.7777777777778
21851,0.517930738737058,242.7888888888889
21852,0.517930738737058,242.8
21853,0.517930738737058,242.81111111111113
21854,0.517930738737058,242.82222222222222
21855,0.517930738737058,242.83333333333334
21856,0.517930738737058,242.84444444444446
21857,0.517930738737058,242.85555555555555
21858,0.517930738737058,242.86666666666667
21859,0.517930738737058,242.8777777777778
21860,0.517930738737058,242.88888888888889
21861,0.517930738737058,242.9
21862,0.517930738737058,242.91111111111113
21863,0.517930738737058,242.92222222222225
21864,0.517930738737058,242.93333333333334
21865,0.517930738737058,242.94444444444446
21866,0.517930738737058,242.95555555555558
21867,0.517930738737058,242.96666666666667
21868,0.517930738737058,242.9777777777778
21869,0.517930738737058,242.9888888888889
21870,0.517930738737058,243.0
21871,0.517930738737058,243.01111111111112
21872,0.517930738737058,243.02222222222224
21873,0.517930738737058,243.03333333333333
21874,0.517930738737058,243.04444444444445
21875,0.517930738737058,243.05555555555557
21876,0.517930738737058,243.06666666666666
21877,0.517930738737058,243.07777777777778
21878,0.517930738737058,243.0888888888889
21879,0.517930738737058,243.10000000000002
21880,0.517930738737058,243.11111111111111
21881,0.517930738737058,243.12222222222223
21882,0.517930738737058,243.13333333333335
21883,0.517930738737058,243.14444444444445
21884,0.517930738737058,243.15555555555557
21885,0.517930738737058,243.16666666666669
21886,0.517930738737058,243.17777777777778
21887,0.517930738737058,243.1888888888889
21888,0.517930738737058,243.20000000000002
21889,0.517930738737058,243.2111111111111
21890,0.517930738737058,243.22222222222223
21891,0.517930738737058,243.23333333333335
21892,0.517930738737058,243.24444444444444
21893,0.517930738737058,243.25555555555556
21894,0.517930738737058,243.26666666666668
21895,0.517930738737058,243.2777777777778
21896,0.517930738737058,243.2888888888889
21897,0.517930738737058,243.3
21898,0.517930738737058,243.31111111111113
21899,0.517930738737058,243.32222222222222
21900,0.517930738737058,243.33333333333334
21901,0.517930738737058,243.34444444444446
21902,0.517930738737058,243.35555555555555
21903,0.517930738737058,243.36666666666667
21904,0.517930738737058,243.3777777777778
21905,0.517930738737058,243.38888888888889
21906,0.517930738737058,243.4
21907,0.517930738737058,243.41111111111113
21908,0.517930738737058,243.42222222222225
21909,0.517930738737058,243.43333333333334
21910,0.517930738737058,243.44444444444446
21911,0.517930738737058,243.45555555555558
21912,0.517930738737058,243.46666666666667
21913,0.517930738737058,243.4777777777778
21914,0.517930738737058,243.4888888888889
21915,0.517930738737058,243.5
21916,0.517930738737058,243.51111111111112
21917,0.517930738737058,243.52222222222224
21918,0.517930738737058,243.53333333333333
21919,0.517930738737058,243.54444444444445
21920,0.517930738737058,243.55555555555557
21921,0.517930738737058,243.56666666666666
21922,0.517930738737058,243.57777777777778
21923,0.517930738737058,243.5888888888889
21924,0.517930738737058,243.60000000000002
21925,0.517930738737058,243.61111111111111
21926,0.517930738737058,243.62222222222223
21927,0.517930738737058,243.63333333333335
21928,0.517930738737058,243.64444444444445
21929,0.517930738737058,243.65555555555557
21930,0.517930738737058,243.66666666666669
21931,0.517930738737058,243.67777777777778
21932,0.517930738737058,243.6888888888889
21933,0.517930738737058,243.70000000000002
21934,0.517930738737058,243.7111111111111
21935,0.517930738737058,243.72222222222223
21936,0.517930738737058,243.73333333333335
21937,0.517930738737058,243.74444444444444
21938,0.517930738737058,243.75555555555556
21939,0.517930738737058,243.76666666666668
21940,0.517930738737058,243.7777777777778
21941,0.517930738737058,243.7888888888889
21942,0.517930738737058,243.8
21943,0.517930738737058,243.81111111111113
21944,0.517930738737058,243.82222222222222
21945,0.517930738737058,243.83333333333334
21946,0.517930738737058,243.84444444444446
21947,0.517930738737058,243.85555555555555
21948,0.517930738737058,243.86666666666667
21949,0.517930738737058,243.8777777777778
21950,0.517930738737058,243.88888888888889
21951,0.517930738737058,243.9
21952,0.517930738737058,243.91111111111113
21953,0.517930738737058,243.92222222222225
21954,0.517930738737058,243.93333333333334
21955,0.517930738737058,243.94444444444446
21956,0.517930738737058,243.95555555555558
21957,0.517930738737058,243.96666666666667
21958,0.517930738737058,243.9777777777778
21959,0.517930738737058,243.9888888888889
21960,0.517930738737058,244.0
21961,0.517930738737058,244.01111111111112
21962,0.517930738737058,244.02222222222224
21963,0.517930738737058,244.03333333333333
21964,0.517930738737058,244.04444444444445
21965,0.517930738737058,244.05555555555557
21966,0.517930738737058,244.06666666666666
21967,0.517930738737058,244.07777777777778
21968,0.517930738737058,244.0888888888889
21969,0.517930738737058,244.10000000000002
21970,0.517930738737058,244.11111111111111
21971,0.517930738737058,244.12222222222223
21972,0.517930738737058,244.13333333333335
21973,0.517930738737058,244.14444444444445
21974,0.517930738737058,244.15555555555557
21975,0.517930738737058,244.16666666666669
21976,0.517930738737058,244.17777777777778
21977,0.517930738737058,244.1888888888889
21978,0.517930738737058,244.20000000000002
21979,0.517930738737058,244.2111111111111
21980,0.517930738737058,244.22222222222223
21981,0.517930738737058,244.23333333333335
21982,0.517930738737058,244.24444444444444
21983,0.517930738737058,244.25555555555556
21984,0.517930738737058,244.26666666666668
21985,0.517930738737058,244.2777777777778
21986,0.517930738737058,244.2888888888889
21987,0.517930738737058,244.3
21988,0.517930738737058,244.31111111111113
21989,0.517930738737058,244.32222222222222
21990,0.517930738737058,244.33333333333334
21991,0.517930738737058,244.34444444444446
21992,0.517930738737058,244.35555555555555
21993,0.517930738737058,244.36666666666667
21994,0.517930738737058,244.3777777777778
21995,0.517930738737058,244.38888888888889
21996,0.517930738737058,244.4
21997,0.517930738737058,244.41111111111113
21998,0.517930738737058,244.42222222222225
21999,0.517930738737058,244.43333333333334
22000,0.517930738737058,244.44444444444446
22001,0.517930738737058,244.45555555555558
22002,0.517930738737058,244.46666666666667
22003,0.517930738737058,244.4777777777778
22004,0.517930738737058,244.4888888888889
22005,0.517930738737058,244.5
22006,0.517930738737058,244.51111111111112
22007,0.517930738737058,244.52222222222224
22008,0.517930738737058,244.53333333333333
22009,0.517930738737058,244.54444444444445
22010,0.517930738737058,244.55555555555557
22011,0.517930738737058,244.56666666666666
22012,0.517930738737058,244.57777777777778
22013,0.517930738737058,244.5888888888889
22014,0.517930738737058,244.60000000000002
22015,0.517930738737058,244.61111111111111
22016,0.517930738737058,244.62222222222223
22017,0.517930738737058,244.63333333333335
22018,0.517930738737058,244.64444444444445
22019,0.517930738737058,244.65555555555557
22020,0.517930738737058,244.66666666666669
22021,0.517930738737058,244.67777777777778
22022,0.517930738737058,244.6888888888889
22023,0.517930738737058,244.70000000000002
22024,0.517930738737058,244.7111111111111
22025,0.517930738737058,244.72222222222223
22026,0.517930738737058,244.73333333333335
22027,0.517930738737058,244.74444444444444
22028,0.517930738737058,244.75555555555556
22029,0.517930738737058,244.76666666666668
22030,0.517930738737058,244.7777777777778
22031,0.517930738737058,244.7888888888889
22032,0.517930738737058,244.8
22033,0.517930738737058,244.81111111111113
22034,0.517930738737058,244.82222222222222
22035,0.517930738737058,244.83333333333334
22036,0.517930738737058,244.84444444444446
22037,0.517930738737058,244.85555555555555
22038,0.517930738737058,244.86666666666667
22039,0.517930738737058,244.8777777777778
22040,0.517930738737058,244.88888888888889
22041,0.517930738737058,244.9
22042,0.517930738737058,244.91111111111113
22043,0.517930738737058,244.92222222222225
22044,0.517930738737058,244.93333333333334
22045,0.517930738737058,244.94444444444446
22046,0.517930738737058,244.95555555555558
22047,0.517930738737058,244.96666666666667
22048,0.517930738737058,244.9777777777778
22049,0.517930738737058,244.9888888888889
22050,0.517930738737058,245.0
22051,0.517930738737058,245.01111111111112
22052,0.517930738737058,245.02222222222224
22053,0.517930738737058,245.03333333333333
22054,0.517930738737058,245.04444444444445
22055,0.517930738737058,245.05555555555557
22056,0.517930738737058,245.06666666666666
22057,0.517930738737058,245.07777777777778
22058,0.517930738737058,245.0888888888889
22059,0.517930738737058,245.10000000000002
22060,0.517930738737058,245.11111111111111
22061,0.517930738737058,245.12222222222223
22062,0.517930738737058,245.13333333333335
22063,0.517930738737058,245.14444444444445
22064,0.517930738737058,245.15555555555557
22065,0.517930738737058,245.16666666666669
22066,0.517930738737058,245.17777777777778
22067,0.517930738737058,245.1888888888889
22068,0.517930738737058,245.20000000000002
22069,0.517930738737058,245.2111111111111
22070,0.517930738737058,245.22222222222223
22071,0.517930738737058,245.23333333333335
22072,0.517930738737058,245.24444444444444
22073,0.517930738737058,245.25555555555556
22074,0.517930738737058,245.26666666666668
22075,0.517930738737058,245.2777777777778
22076,0.517930738737058,245.2888888888889
22077,0.517930738737058,245.3
22078,0.517930738737058,245.31111111111113
22079,0.517930738737058,245.32222222222222
22080,0.517930738737058,245.33333333333334
22081,0.517930738737058,245.34444444444446
22082,0.517930738737058,245.35555555555555
22083,0.517930738737058,245.36666666666667
22084,0.517930738737058,245.3777777777778
22085,0.517930738737058,245.38888888888889
22086,0.517930738737058,245.4
22087,0.517930738737058,245.41111111111113
22088,0.517930738737058,245.42222222222225
22089,0.517930738737058,245.43333333333334
22090,0.517930738737058,245.44444444444446
22091,0.517930738737058,245.45555555555558
22092,0.517930738737058,245.46666666666667
22093,0.517930738737058,245.4777777777778
22094,0.517930738737058,245.4888888888889
22095,0.517930738737058,245.5
22096,0.517930738737058,245.51111111111112
22097,0.517930738737058,245.52222222222224
22098,0.517930738737058,245.53333333333333
22099,0.517930738737058,245.54444444444445
22100,0.517930738737058,245.55555555555557
22101,0.517930738737058,245.56666666666666
22102,0.517930738737058,245.57777777777778
22103,0.517930738737058,245.5888888888889
22104,0.517930738737058,245.60000000000002
22105,0.517930738737058,245.61111111111111
22106,0.517930738737058,245.62222222222223
22107,0.517930738737058,245.63333333333335
22108,0.517930738737058,245.64444444444445
22109,0.517930738737058,245.65555555555557
22110,0.517930738737058,245.66666666666669
22111,0.517930738737058,245.67777777777778
22112,0.517930738737058,245.6888888888889
22113,0.517930738737058,245.70000000000002
22114,0.517930738737058,245.7111111111111
22115,0.517930738737058,245.72222222222223
22116,0.517930738737058,245.73333333333335
22117,0.517930738737058,245.74444444444444
22118,0.517930738737058,245.75555555555556
22119,0.517930738737058,245.76666666666668
22120,0.517930738737058,245.7777777777778
22121,0.517930738737058,245.7888888888889
22122,0.517930738737058,245.8
22123,0.517930738737058,245.81111111111113
22124,0.517930738737058,245.82222222222222
22125,0.517930738737058,245.83333333333334
22126,0.517930738737058,245.84444444444446
22127,0.517930738737058,245.85555555555555
22128,0.517930738737058,245.86666666666667
22129,0.517930738737058,245.8777777777778
22130,0.517930738737058,245.88888888888889
22131,0.517930738737058,245.9
22132,0.517930738737058,245.91111111111113
22133,0.517930738737058,245.92222222222225
22134,0.517930738737058,245.93333333333334
22135,0.517930738737058,245.94444444444446
22136,0.517930738737058,245.95555555555558
22137,0.517930738737058,245.96666666666667
22138,0.517930738737058,245.9777777777778
22139,0.517930738737058,245.9888888888889
22140,0.517930738737058,246.0
22141,0.517930738737058,246.01111111111112
22142,0.517930738737058,246.02222222222224
22143,0.517930738737058,246.03333333333333
22144,0.517930738737058,246.04444444444445
22145,0.517930738737058,246.05555555555557
22146,0.517930738737058,246.06666666666666
22147,0.517930738737058,246.07777777777778
22148,0.517930738737058,246.0888888888889
22149,0.517930738737058,246.10000000000002
22150,0.517930738737058,246.11111111111111
22151,0.517930738737058,246.12222222222223
22152,0.517930738737058,246.13333333333335
22153,0.517930738737058,246.14444444444445
22154,0.517930738737058,246.15555555555557
22155,0.517930738737058,246.16666666666669
22156,0.517930738737058,246.17777777777778
22157,0.517930738737058,246.1888888888889
22158,0.517930738737058,246.20000000000002
22159,0.517930738737058,246.2111111111111
22160,0.517930738737058,246.22222222222223
22161,0.517930738737058,246.23333333333335
22162,0.517930738737058,246.24444444444444
22163,0.517930738737058,246.25555555555556
22164,0.517930738737058,246.26666666666668
22165,0.517930738737058,246.2777777777778
22166,0.517930738737058,246.2888888888889
22167,0.517930738737058,246.3
22168,0.517930738737058,246.31111111111113
22169,0.517930738737058,246.32222222222222
22170,0.517930738737058,246.33333333333334
22171,0.517930738737058,246.34444444444446
22172,0.517930738737058,246.35555555555555
22173,0.517930738737058,246.36666666666667
22174,0.517930738737058,246.3777777777778
22175,0.517930738737058,246.38888888888889
22176,0.517930738737058,246.4
22177,0.517930738737058,246.41111111111113
22178,0.517930738737058,246.42222222222225
22179,0.517930738737058,246.43333333333334
22180,0.517930738737058,246.44444444444446
22181,0.517930738737058,246.45555555555558
22182,0.517930738737058,246.46666666666667
22183,0.517930738737058,246.4777777777778
22184,0.517930738737058,246.4888888888889
22185,0.517930738737058,246.5
22186,0.517930738737058,246.51111111111112
22187,0.517930738737058,246.52222222222224
22188,0.517930738737058,246.53333333333333
22189,0.517930738737058,246.54444444444445
22190,0.517930738737058,246.55555555555557
22191,0.517930738737058,246.56666666666666
22192,0.517930738737058,246.57777777777778
22193,0.517930738737058,246.5888888888889
22194,0.517930738737058,246.60000000000002
22195,0.517930738737058,246.61111111111111
22196,0.517930738737058,246.62222222222223
22197,0.517930738737058,246.63333333333335
22198,0.517930738737058,246.64444444444445
22199,0.517930738737058,246.65555555555557
22200,0.517930738737058,246.66666666666669
22201,0.517930738737058,246.67777777777778
22202,0.517930738737058,246.6888888888889
22203,0.517930738737058,246.70000000000002
22204,0.517930738737058,246.7111111111111
22205,0.517930738737058,246.72222222222223
22206,0.517930738737058,246.73333333333335
22207,0.517930738737058,246.74444444444444
22208,0.517930738737058,246.75555555555556
22209,0.517930738737058,246.76666666666668
22210,0.517930738737058,246.7777777777778
22211,0.517930738737058,246.7888888888889
22212,0.517930738737058,246.8
22213,0.517930738737058,246.81111111111113
22214,0.517930738737058,246.82222222222222
22215,0.517930738737058,246.83333333333334
22216,0.517930738737058,246.84444444444446
22217,0.517930738737058,246.85555555555555
22218,0.517930738737058,246.86666666666667
22219,0.517930738737058,246.8777777777778
22220,0.517930738737058,246.88888888888889
22221,0.517930738737058,246.9
22222,0.517930738737058,246.91111111111113
22223,0.517930738737058,246.92222222222225
22224,0.517930738737058,246.93333333333334
22225,0.517930738737058,246.94444444444446
22226,0.517930738737058,246.95555555555558
22227,0.517930738737058,246.96666666666667
22228,0.517930738737058,246.9777777777778
22229,0.517930738737058,246.9888888888889
22230,0.517930738737058,247.0
22231,0.517930738737058,247.01111111111112
22232,0.517930738737058,247.02222222222224
22233,0.517930738737058,247.03333333333333
22234,0.517930738737058,247.04444444444445
22235,0.517930738737058,247.05555555555557
22236,0.517930738737058,247.06666666666666
22237,0.517930738737058,247.07777777777778
22238,0.517930738737058,247.0888888888889
22239,0.517930738737058,247.10000000000002
22240,0.517930738737058,247.11111111111111
22241,0.517930738737058,247.12222222222223
22242,0.517930738737058,247.13333333333335
22243,0.517930738737058,247.14444444444445
22244,0.517930738737058,247.15555555555557
22245,0.517930738737058,247.16666666666669
22246,0.517930738737058,247.17777777777778
22247,0.517930738737058,247.1888888888889
22248,0.517930738737058,247.20000000000002
22249,0.517930738737058,247.2111111111111
22250,0.517930738737058,247.22222222222223
22251,0.517930738737058,247.23333333333335
22252,0.517930738737058,247.24444444444444
22253,0.517930738737058,247.25555555555556
22254,0.517930738737058,247.26666666666668
22255,0.517930738737058,247.2777777777778
22256,0.517930738737058,247.2888888888889
22257,0.517930738737058,247.3
22258,0.517930738737058,247.31111111111113
22259,0.517930738737058,247.32222222222222
22260,0.517930738737058,247.33333333333334
22261,0.517930738737058,247.34444444444446
22262,0.517930738737058,247.35555555555555
22263,0.517930738737058,247.36666666666667
22264,0.517930738737058,247.3777777777778
22265,0.517930738737058,247.38888888888889
22266,0.517930738737058,247.4
22267,0.517930738737058,247.41111111111113
22268,0.517930738737058,247.42222222222225
22269,0.517930738737058,247.43333333333334
22270,0.517930738737058,247.44444444444446
22271,0.517930738737058,247.45555555555558
22272,0.517930738737058,247.46666666666667
22273,0.517930738737058,247.4777777777778
22274,0.517930738737058,247.4888888888889
22275,0.517930738737058,247.5
22276,0.517930738737058,247.51111111111112
22277,0.517930738737058,247.52222222222224
22278,0.517930738737058,247.53333333333333
22279,0.517930738737058,247.54444444444445
22280,0.517930738737058,247.55555555555557
22281,0.517930738737058,247.56666666666666
22282,0.517930738737058,247.57777777777778
22283,0.517930738737058,247.5888888888889
22284,0.517930738737058,247.60000000000002
22285,0.517930738737058,247.61111111111111
22286,0.517930738737058,247.62222222222223
22287,0.517930738737058,247.63333333333335
22288,0.517930738737058,247.64444444444445
22289,0.517930738737058,247.65555555555557
22290,0.517930738737058,247.66666666666669
22291,0.517930738737058,247.67777777777778
22292,0.517930738737058,247.6888888888889
22293,0.517930738737058,247.70000000000002
22294,0.517930738737058,247.7111111111111
22295,0.517930738737058,247.72222222222223
22296,0.517930738737058,247.73333333333335
22297,0.517930738737058,247.74444444444444
22298,0.517930738737058,247.75555555555556
22299,0.517930738737058,247.76666666666668
22300,0.517930738737058,247.7777777777778
22301,0.517930738737058,247.7888888888889
22302,0.517930738737058,247.8
22303,0.517930738737058,247.81111111111113
22304,0.5193644054037246,247.82222222222222
22305,0.5222317387370581,247.83333333333334
22306,0.5222317387370581,247.84444444444446
22307,0.5222317387370581,247.85555555555555
22308,0.5222317387370581,247.86666666666667
22309,0.5222317387370581,247.8777777777778
22310,0.5222317387370581,247.88888888888889
22311,0.5222317387370581,247.9
22312,0.526532405403732,247.91111111111113
22313,0.5286827387370581,247.92222222222225
22314,0.5286827387370581,247.93333333333334
22315,0.5344170720704011,247.94444444444446
22316,0.537284238737058,247.95555555555558
22317,0.537284238737058,247.96666666666667
22318,0.537284238737058,247.9777777777778
22319,0.537284238737058,247.9888888888889
22320,0.537284238737058,248.0
22321,0.537284238737058,248.01111111111112
22322,0.537284238737058,248.02222222222224
22323,0.537284238737058,248.03333333333333
22324,0.537284238737058,248.04444444444445
22325,0.537906071277558,248.05555555555557
22326,0.5391497363585485,248.06666666666666
22327,0.5391497363585485,248.07777777777778
22328,0.5416370665205402,248.0888888888889
22329,0.546611726844511,248.10000000000002
22330,0.546611726844511,248.11111111111111
22331,0.5472335593850087,248.12222222222223
22332,0.5484772244660073,248.13333333333335
22333,0.5509645546279887,248.14444444444445
22334,0.5522082197089825,248.15555555555557
22335,0.5522082197089825,248.16666666666669
22336,0.5522082197089825,248.17777777777778
22337,0.5522082197089825,248.1888888888889
22338,0.5522082197089857,248.20000000000002
22339,0.5534518847899759,248.2111111111111
22340,0.5540737173304725,248.22222222222223
22341,0.5540737173304725,248.23333333333335
22342,0.5540737173304725,248.24444444444444
22343,0.5540737173304725,248.25555555555556
22344,0.5540737173304757,248.26666666666668
22345,0.5553173824114697,248.2777777777778
22346,0.5559392149519635,248.2888888888889
22347,0.5559392149519635,248.3
22348,0.5559392149519635,248.31111111111113
22349,0.5559392149519635,248.32222222222222
22350,0.5559392149519635,248.33333333333334
22351,0.5571828800329592,248.34444444444446
22352,0.557804712573454,248.35555555555555
22353,0.557804712573454,248.36666666666667
22354,0.557804712573454,248.3777777777778
22355,0.5584265451139508,248.38888888888889
22356,0.5596702101949445,248.4
22357,0.5596702101949445,248.41111111111113
22358,0.5602920427354445,248.42222222222225
22359,0.561535707816435,248.43333333333334
22360,0.561535707816435,248.44444444444446
22361,0.561535707816435,248.45555555555558
22362,0.561535707816435,248.46666666666667
22363,0.561535707816435,248.4777777777778
22364,0.562157540356935,248.4888888888889
22365,0.5634012054379255,248.5
22366,0.5634012054379255,248.51111111111112
22367,0.5640230379784255,248.52222222222224
22368,0.565266703059416,248.53333333333333
22369,0.565266703059416,248.54444444444445
22370,0.565266703059416,248.55555555555557
22371,0.565266703059416,248.56666666666666
22372,0.565266703059416,248.57777777777778
22373,0.565266703059416,248.5888888888889
22374,0.565266703059416,248.60000000000002
22375,0.565266703059416,248.61111111111111
22376,0.565266703059416,248.62222222222223
22377,0.565266703059416,248.63333333333335
22378,0.565266703059416,248.64444444444445
22379,0.565266703059416,248.65555555555557
22380,0.565266703059416,248.66666666666669
22381,0.565266703059416,248.67777777777778
22382,0.565266703059416,248.6888888888889
22383,0.565266703059416,248.70000000000002
22384,0.565266703059416,248.7111111111111
22385,0.565266703059416,248.72222222222223
22386,0.565266703059416,248.73333333333335
22387,0.565266703059416,248.74444444444444
22388,0.565266703059416,248.75555555555556
22389,0.565266703059416,248.76666666666668
22390,0.565266703059416,248.7777777777778
22391,0.565266703059416,248.7888888888889
22392,0.565266703059416,248.8
22393,0.565266703059416,248.81111111111113
22394,0.565266703059416,248.82222222222222
22395,0.565266703059416,248.83333333333334
22396,0.565266703059416,248.84444444444446
22397,0.565266703059416,248.85555555555555
22398,0.565266703059416,248.86666666666667
22399,0.565266703059416,248.8777777777778
22400,0.565266703059416,248.88888888888889
22401,0.565266703059416,248.9
22402,0.565266703059416,248.91111111111113
22403,0.565266703059416,248.92222222222225
22404,0.565266703059416,248.93333333333334
22405,0.565266703059416,248.94444444444446
22406,0.565266703059416,248.95555555555558
22407,0.565266703059416,248.96666666666667
22408,0.565266703059416,248.9777777777778
22409,0.565266703059416,248.9888888888889
22410,0.565266703059416,249.0
22411,0.565266703059416,249.01111111111112
22412,0.565266703059416,249.02222222222224
22413,0.565266703059416,249.03333333333333
22414,0.565266703059416,249.04444444444445
22415,0.565266703059416,249.05555555555557
22416,0.565266703059416,249.06666666666666
22417,0.565266703059416,249.07777777777778
22418,0.565266703059416,249.0888888888889
22419,0.565266703059416,249.10000000000002
22420,0.565266703059416,249.11111111111111
22421,0.565266703059416,249.12222222222223
22422,0.565266703059416,249.13333333333335
22423,0.565266703059416,249.14444444444445
22424,0.565266703059416,249.15555555555557
22425,0.565266703059416,249.16666666666669
22426,0.565266703059416,249.17777777777778
22427,0.565266703059416,249.1888888888889
22428,0.565266703059416,249.20000000000002
22429,0.565266703059416,249.2111111111111
22430,0.565266703059416,249.22222222222223
22431,0.565266703059416,249.23333333333335
22432,0.565266703059416,249.24444444444444
22433,0.565266703059416,249.25555555555556
22434,0.565266703059416,249.26666666666668
22435,0.565266703059416,249.2777777777778
22436,0.565266703059416,249.2888888888889
22437,0.565266703059416,249.3
22438,0.565266703059416,249.31111111111113
22439,0.565266703059416,249.32222222222222
22440,0.565266703059416,249.33333333333334
22441,0.565266703059416,249.34444444444446
22442,0.565266703059416,249.35555555555555
22443,0.565266703059416,249.36666666666667
22444,0.565266703059416,249.3777777777778
22445,0.565266703059416,249.38888888888889
22446,0.565266703059416,249.4
22447,0.565266703059416,249.41111111111113
22448,0.565266703059416,249.42222222222225
22449,0.565266703059416,249.43333333333334
22450,0.565266703059416,249.44444444444446
22451,0.565266703059416,249.45555555555558
22452,0.565266703059416,249.46666666666667
22453,0.565266703059416,249.4777777777778
22454,0.565266703059416,249.4888888888889
22455,0.565266703059416,249.5
22456,0.565266703059416,249.51111111111112
22457,0.565266703059416,249.52222222222224
22458,0.565266703059416,249.53333333333333
22459,0.565266703059416,249.54444444444445
22460,0.565266703059416,249.55555555555557
22461,0.565266703059416,249.56666666666666
22462,0.565266703059416,249.57777777777778
22463,0.565266703059416,249.5888888888889
22464,0.565266703059416,249.60000000000002
22465,0.565266703059416,249.61111111111111
22466,0.565266703059416,249.62222222222223
22467,0.565266703059416,249.63333333333335
22468,0.565266703059416,249.64444444444445
22469,0.565266703059416,249.65555555555557
22470,0.565266703059416,249.66666666666669
22471,0.565266703059416,249.67777777777778
22472,0.565266703059416,249.6888888888889
22473,0.565266703059416,249.70000000000002
22474,0.565266703059416,249.7111111111111
22475,0.565266703059416,249.72222222222223
22476,0.565266703059416,249.73333333333335
22477,0.565266703059416,249.74444444444444
22478,0.565266703059416,249.75555555555556
22479,0.565266703059416,249.76666666666668
22480,0.565266703059416,249.7777777777778
22481,0.565266703059416,249.7888888888889
22482,0.565266703059416,249.8
22483,0.565266703059416,249.81111111111113
22484,0.565266703059416,249.82222222222222
22485,0.565266703059416,249.83333333333334
22486,0.565266703059416,249.84444444444446
22487,0.565266703059416,249.85555555555555
22488,0.565266703059416,249.86666666666667
22489,0.565266703059416,249.8777777777778
22490,0.565266703059416,249.88888888888889
22491,0.565266703059416,249.9
22492,0.565266703059416,249.91111111111113
22493,0.565266703059416,249.92222222222225
22494,0.565266703059416,249.93333333333334
22495,0.565266703059416,249.94444444444446
22496,0.565266703059416,249.95555555555558
22497,0.565266703059416,249.96666666666667
22498,0.565266703059416,249.9777777777778
22499,0.565266703059416,249.9888888888889
22500,0.565266703059416,250.0
22501,0.565266703059416,250.01111111111112
22502,0.565266703059416,250.02222222222224
22503,0.565266703059416,250.03333333333333
22504,0.565266703059416,250.04444444444445
22505,0.565266703059416,250.05555555555557
22506,0.565266703059416,250.06666666666666
22507,0.565266703059416,250.07777777777778
22508,0.565266703059416,250.0888888888889
22509,0.565266703059416,250.10000000000002
22510,0.565266703059416,250.11111111111111
22511,0.565266703059416,250.12222222222223
22512,0.565266703059416,250.13333333333335
22513,0.565266703059416,250.14444444444445
22514,0.565266703059416,250.15555555555557
22515,0.565266703059416,250.16666666666669
22516,0.565266703059416,250.17777777777778
22517,0.565266703059416,250.1888888888889
22518,0.565266703059416,250.20000000000002
22519,0.565266703059416,250.2111111111111
22520,0.565266703059416,250.22222222222223
22521,0.565266703059416,250.23333333333335
22522,0.565266703059416,250.24444444444444
22523,0.565266703059416,250.25555555555556
22524,0.565266703059416,250.26666666666668
22525,0.565266703059416,250.2777777777778
22526,0.565266703059416,250.2888888888889
22527,0.565266703059416,250.3
22528,0.565266703059416,250.31111111111113
22529,0.565266703059416,250.32222222222222
22530,0.565266703059416,250.33333333333334
22531,0.565266703059416,250.34444444444446
22532,0.565266703059416,250.35555555555555
22533,0.565266703059416,250.36666666666667
22534,0.565266703059416,250.3777777777778
22535,0.565266703059416,250.38888888888889
22536,0.565266703059416,250.4
22537,0.565266703059416,250.41111111111113
22538,0.565266703059416,250.42222222222225
22539,0.565266703059416,250.43333333333334
22540,0.565266703059416,250.44444444444446
22541,0.565266703059416,250.45555555555558
22542,0.565266703059416,250.46666666666667
22543,0.565266703059416,250.4777777777778
22544,0.565266703059416,250.4888888888889
22545,0.565266703059416,250.5
22546,0.565266703059416,250.51111111111112
22547,0.565266703059416,250.52222222222224
22548,0.565266703059416,250.53333333333333
22549,0.565266703059416,250.54444444444445
22550,0.565266703059416,250.55555555555557
22551,0.565266703059416,250.56666666666666
22552,0.565266703059416,250.57777777777778
22553,0.565266703059416,250.5888888888889
22554,0.565266703059416,250.60000000000002
22555,0.565266703059416,250.61111111111111
22556,0.565266703059416,250.62222222222223
22557,0.565266703059416,250.63333333333335
22558,0.565266703059416,250.64444444444445
22559,0.565266703059416,250.65555555555557
22560,0.565266703059416,250.66666666666669
22561,0.565266703059416,250.67777777777778
22562,0.565266703059416,250.6888888888889
22563,0.565266703059416,250.70000000000002
22564,0.565266703059416,250.7111111111111
22565,0.565266703059416,250.72222222222223
22566,0.565266703059416,250.73333333333335
22567,0.565266703059416,250.74444444444444
22568,0.565266703059416,250.75555555555556
22569,0.565266703059416,250.76666666666668
22570,0.565266703059416,250.7777777777778
22571,0.565266703059416,250.7888888888889
22572,0.565266703059416,250.8
22573,0.565266703059416,250.81111111111113
22574,0.565266703059416,250.82222222222222
22575,0.565266703059416,250.83333333333334
22576,0.565266703059416,250.84444444444446
22577,0.565266703059416,250.85555555555555
22578,0.565266703059416,250.86666666666667
22579,0.565266703059416,250.8777777777778
22580,0.565266703059416,250.88888888888889
22581,0.565266703059416,250.9
22582,0.565266703059416,250.91111111111113
22583,0.565266703059416,250.92222222222225
22584,0.565266703059416,250.93333333333334
22585,0.565266703059416,250.94444444444446
22586,0.565266703059416,250.95555555555558
22587,0.565266703059416,250.96666666666667
22588,0.565266703059416,250.9777777777778
22589,0.565266703059416,250.9888888888889
22590,0.565266703059416,251.0
22591,0.565266703059416,251.01111111111112
22592,0.565266703059416,251.02222222222224
22593,0.565266703059416,251.03333333333333
22594,0.565266703059416,251.04444444444445
22595,0.565266703059416,251.05555555555557
22596,0.565266703059416,251.06666666666666
22597,0.565266703059416,251.07777777777778
22598,0.565266703059416,251.0888888888889
22599,0.565266703059416,251.10000000000002
22600,0.565266703059416,251.11111111111111
22601,0.565266703059416,251.12222222222223
22602,0.565266703059416,251.13333333333335
22603,0.565266703059416,251.14444444444445
22604,0.565266703059416,251.15555555555557
22605,0.565266703059416,251.16666666666669
22606,0.565266703059416,251.17777777777778
22607,0.565266703059416,251.1888888888889
22608,0.565266703059416,251.20000000000002
22609,0.565266703059416,251.2111111111111
22610,0.565266703059416,251.22222222222223
22611,0.565266703059416,251.23333333333335
22612,0.565266703059416,251.24444444444444
22613,0.565266703059416,251.25555555555556
22614,0.565266703059416,251.26666666666668
22615,0.565266703059416,251.2777777777778
22616,0.565266703059416,251.2888888888889
22617,0.565266703059416,251.3
22618,0.565266703059416,251.31111111111113
22619,0.565266703059416,251.32222222222222
22620,0.565266703059416,251.33333333333334
22621,0.565266703059416,251.34444444444446
22622,0.565266703059416,251.35555555555555
22623,0.565266703059416,251.36666666666667
22624,0.565266703059416,251.3777777777778
22625,0.565266703059416,251.38888888888889
22626,0.565266703059416,251.4
22627,0.565266703059416,251.41111111111113
22628,0.565266703059416,251.42222222222225
22629,0.565266703059416,251.43333333333334
22630,0.565266703059416,251.44444444444446
22631,0.565266703059416,251.45555555555558
22632,0.565266703059416,251.46666666666667
22633,0.565266703059416,251.4777777777778
22634,0.565266703059416,251.4888888888889
22635,0.565266703059416,251.5
22636,0.565266703059416,251.51111111111112
22637,0.565266703059416,251.52222222222224
22638,0.565266703059416,251.53333333333333
22639,0.565266703059416,251.54444444444445
22640,0.565266703059416,251.55555555555557
22641,0.565266703059416,251.56666666666666
22642,0.565266703059416,251.57777777777778
22643,0.565266703059416,251.5888888888889
22644,0.565266703059416,251.60000000000002
22645,0.565266703059416,251.61111111111111
22646,0.565266703059416,251.62222222222223
22647,0.565266703059416,251.63333333333335
22648,0.565266703059416,251.64444444444445
22649,0.565266703059416,251.65555555555557
22650,0.565266703059416,251.66666666666669
22651,0.565266703059416,251.67777777777778
22652,0.565266703059416,251.6888888888889
22653,0.565266703059416,251.70000000000002
22654,0.565266703059416,251.7111111111111
22655,0.565266703059416,251.72222222222223
22656,0.565266703059416,251.73333333333335
22657,0.565266703059416,251.74444444444444
22658,0.565266703059416,251.75555555555556
22659,0.565266703059416,251.76666666666668
22660,0.565266703059416,251.7777777777778
22661,0.565266703059416,251.7888888888889
22662,0.565266703059416,251.8
22663,0.565266703059416,251.81111111111113
22664,0.565266703059416,251.82222222222222
22665,0.565266703059416,251.83333333333334
22666,0.565266703059416,251.84444444444446
22667,0.565266703059416,251.85555555555555
22668,0.565266703059416,251.86666666666667
22669,0.565266703059416,251.8777777777778
22670,0.565266703059416,251.88888888888889
22671,0.565266703059416,251.9
22672,0.565266703059416,251.91111111111113
22673,0.565266703059416,251.92222222222225
22674,0.565266703059416,251.93333333333334
22675,0.565266703059416,251.94444444444446
22676,0.565266703059416,251.95555555555558
22677,0.565266703059416,251.96666666666667
22678,0.565266703059416,251.9777777777778
22679,0.565266703059416,251.9888888888889
22680,0.565266703059416,252.0
22681,0.565266703059416,252.01111111111112
22682,0.565266703059416,252.02222222222224
22683,0.565266703059416,252.03333333333333
22684,0.565266703059416,252.04444444444445
22685,0.565266703059416,252.05555555555557
22686,0.565266703059416,252.06666666666666
22687,0.565266703059416,252.07777777777778
22688,0.565266703059416,252.0888888888889
22689,0.565266703059416,252.10000000000002
22690,0.565266703059416,252.11111111111111
22691,0.565266703059416,252.12222222222223
22692,0.565266703059416,252.13333333333335
22693,0.565266703059416,252.14444444444445
22694,0.565266703059416,252.15555555555557
22695,0.565266703059416,252.16666666666669
22696,0.565266703059416,252.17777777777778
22697,0.565266703059416,252.1888888888889
22698,0.565266703059416,252.20000000000002
22699,0.565266703059416,252.2111111111111
22700,0.565266703059416,252.22222222222223
22701,0.565266703059416,252.23333333333335
22702,0.565266703059416,252.24444444444444
22703,0.565266703059416,252.25555555555556
22704,0.565266703059416,252.26666666666668
22705,0.565266703059416,252.2777777777778
22706,0.565266703059416,252.2888888888889
22707,0.565266703059416,252.3
22708,0.565266703059416,252.31111111111113
22709,0.565266703059416,252.32222222222222
22710,0.565266703059416,252.33333333333334
22711,0.565266703059416,252.34444444444446
22712,0.565266703059416,252.35555555555555
22713,0.565266703059416,252.36666666666667
22714,0.565266703059416,252.3777777777778
22715,0.565266703059416,252.38888888888889
22716,0.565266703059416,252.4
22717,0.565266703059416,252.41111111111113
22718,0.565266703059416,252.42222222222225
22719,0.565266703059416,252.43333333333334
22720,0.565266703059416,252.44444444444446
22721,0.565266703059416,252.45555555555558
22722,0.565266703059416,252.46666666666667
22723,0.565266703059416,252.4777777777778
22724,0.565266703059416,252.4888888888889
22725,0.565266703059416,252.5
22726,0.565266703059416,252.51111111111112
22727,0.565266703059416,252.52222222222224
22728,0.565266703059416,252.53333333333333
22729,0.565266703059416,252.54444444444445
22730,0.565266703059416,252.55555555555557
22731,0.565266703059416,252.56666666666666
22732,0.565266703059416,252.57777777777778
22733,0.565266703059416,252.5888888888889
22734,0.565266703059416,252.60000000000002
22735,0.565266703059416,252.61111111111111
22736,0.565266703059416,252.62222222222223
22737,0.565266703059416,252.63333333333335
22738,0.565266703059416,252.64444444444445
22739,0.565266703059416,252.65555555555557
22740,0.565266703059416,252.66666666666669
22741,0.565266703059416,252.67777777777778
22742,0.565266703059416,252.6888888888889
22743,0.565266703059416,252.70000000000002
22744,0.565266703059416,252.7111111111111
22745,0.565266703059416,252.72222222222223
22746,0.565266703059416,252.73333333333335
22747,0.565266703059416,252.74444444444444
22748,0.565266703059416,252.75555555555556
22749,0.565266703059416,252.76666666666668
22750,0.565266703059416,252.7777777777778
22751,0.565266703059416,252.7888888888889
22752,0.565266703059416,252.8
22753,0.565266703059416,252.81111111111113
22754,0.565266703059416,252.82222222222222
22755,0.565266703059416,252.83333333333334
22756,0.565266703059416,252.84444444444446
22757,0.565266703059416,252.85555555555555
22758,0.565266703059416,252.86666666666667
22759,0.565266703059416,252.8777777777778
22760,0.565266703059416,252.88888888888889
22761,0.565266703059416,252.9
22762,0.565266703059416,252.91111111111113
22763,0.565266703059416,252.92222222222225
22764,0.565266703059416,252.93333333333334
22765,0.565266703059416,252.94444444444446
22766,0.565266703059416,252.95555555555558
22767,0.565266703059416,252.96666666666667
22768,0.565266703059416,252.9777777777778
22769,0.565266703059416,252.9888888888889
22770,0.565266703059416,253.0
22771,0.565266703059416,253.01111111111112
22772,0.565266703059416,253.02222222222224
22773,0.565266703059416,253.03333333333333
22774,0.565266703059416,253.04444444444445
22775,0.565266703059416,253.05555555555557
22776,0.565266703059416,253.06666666666666
22777,0.565266703059416,253.07777777777778
22778,0.565266703059416,253.0888888888889
22779,0.565266703059416,253.10000000000002
22780,0.565266703059416,253.11111111111111
22781,0.565266703059416,253.12222222222223
22782,0.565266703059416,253.13333333333335
22783,0.565266703059416,253.14444444444445
22784,0.565266703059416,253.15555555555557
22785,0.565266703059416,253.16666666666669
22786,0.565266703059416,253.17777777777778
22787,0.565266703059416,253.1888888888889
22788,0.565266703059416,253.20000000000002
22789,0.565266703059416,253.2111111111111
22790,0.565266703059416,253.22222222222223
22791,0.565266703059416,253.23333333333335
22792,0.565266703059416,253.24444444444444
22793,0.565266703059416,253.25555555555556
