score,conf
0.53084576,0.53084576
0.55777377,0.55777377
0.6069998,0.6069998
0.6309987,0.6309987
0.5989778,0.5989778
0.5684679,0.5684679
0.5829012,0.5829012
0.56443405,0.56443405
0.67313856,0.67313856
0.62213975,0.62213975
0.63113445,0.63113445
0.642198,0.642198
0.58707064,0.58707064
0.565126,0.565126
0.59839606,0.59839606
0.6049135,0.6049135
0.53271025,0.53271025
0.5951313,0.5951313
0.60400134,0.60400134
0.61163384,0.61163384
0.5937783,0.5937783
0.60660803,0.60660803
0.63195366,0.63195366
0.62171835,0.62171835
0.6010579,0.6010579
0.5915715,0.5915715
0.636421,0.636421
0.58991843,0.58991843
0.6294669,0.6294669
0.5676841,0.5676841
0.5412285,0.5412285
0.55196685,0.55196685
0.58862275,0.58862275
0.6394399,0.6394399
0.59205174,0.59205174
0.561017,0.561017
0.61427706,0.61427706
0.59670913,0.59670913
0.57972336,0.57972336
0.5702436,0.5702436
0.63303334,0.63303334
0.5606625,0.5606625
0.61224526,0.61224526
0.6350139,0.6350139
0.6338485,0.6338485
0.5950011,0.5950011
0.6307753,0.6307753
0.60353035,0.60353035
0.6298327,0.6298327
0.65118873,0.65118873
0.6111311,0.6111311
0.61670274,0.61670274
0.6340401,0.6340401
0.5617672,0.5617672
0.6464632,0.6464632
0.6319982,0.6319982
0.6276072,0.6276072
0.5798302,0.5798302
0.5881364,0.5881364
0.6187721,0.6187721
0.55750996,0.55750996
0.644162,0.644162
0.64292973,0.64292973
0.5551688,0.5551688
0.5811233,0.5811233
0.5477712,0.5477712
0.59122497,0.59122497
0.58985174,0.58985174
0.561254,0.561254
0.6148466,0.6148466
0.6081391,0.6081391
0.5972583,0.5972583
0.60182935,0.60182935
0.62452286,0.62452286
0.58115894,0.58115894
0.6280203,0.6280203
0.6132006,0.6132006
0.6224992,0.6224992
0.60688776,0.60688776
0.6320307,0.6320307
0.553713,0.553713
0.59503454,0.59503454
0.5832219,0.5832219
0.5672085,0.5672085
0.6393509,0.6393509
0.5839254,0.5839254
0.5696365,0.5696365
0.5696885,0.5696885
0.6075851,0.6075851
0.5869082,0.5869082
0.58553344,0.58553344
0.59582204,0.59582204
0.5686715,0.5686715
0.6037001,0.6037001
0.62431127,0.62431127
0.593649,0.593649
0.64135706,0.64135706
0.56129295,0.56129295
0.5867262,0.5867262
0.5684515,0.5684515
0.5952632,0.5952632
0.62357914,0.62357914
0.605004,0.605004
0.56246406,0.56246406
0.5941662,0.5941662
0.60383546,0.60383546
0.57652146,0.57652146
0.60923845,0.60923845
0.5777428,0.5777428
0.6575194,0.6575194
0.5717328,0.5717328
0.57310206,0.57310206
0.61666787,0.61666787
0.58586556,0.58586556
0.56213534,0.56213534
0.54943514,0.54943514
0.6354194,0.6354194
0.5649167,0.5649167
0.6045761,0.6045761
0.6171563,0.6171563
0.58762604,0.58762604
0.60173476,0.60173476
0.59883875,0.59883875
0.5977835,0.5977835
0.55582535,0.55582535
0.56731904,0.56731904
0.58569914,0.58569914
0.61738163,0.61738163
0.6181787,0.6181787
0.555002,0.555002
0.59197474,0.59197474
0.57150257,0.57150257
0.5638325,0.5638325
0.55111736,0.55111736
0.6030784,0.6030784
0.58132017,0.58132017
0.67382276,0.67382276
0.5386751,0.5386751
0.587317,0.587317
0.5703774,0.5703774
0.525376,0.525376
0.6107478,0.6107478
0.57293594,0.57293594
0.6121958,0.6121958
0.56249166,0.56249166
0.5866701,0.5866701
0.6257332,0.6257332
0.58841825,0.58841825
0.5933183,0.5933183
0.56393754,0.56393754
0.6102168,0.6102168
0.6308215,0.6308215
0.5647856,0.5647856
0.5889883,0.5889883
0.56778866,0.56778866
0.6261964,0.6261964
0.6183454,0.6183454
0.58893627,0.58893627
0.6161236,0.6161236
0.5581504,0.5581504
0.5437464,0.5437464
0.60051286,0.60051286
0.6129668,0.6129668
0.58807886,0.58807886
0.62215394,0.62215394
0.64425164,0.64425164
0.6160469,0.6160469
0.6275005,0.6275005
0.62511957,0.62511957
0.57550085,0.57550085
0.5754264,0.5754264
0.59712183,0.59712183
0.59428036,0.59428036
0.5684316,0.5684316
0.57708,0.57708
0.63574034,0.63574034
0.54030573,0.54030573
0.5757205,0.5757205
0.6023229,0.6023229
0.5725928,0.5725928
0.43069443,0.43069443
0.43530384,0.43530384
0.6224194,0.6224194
0.6438446,0.6438446
0.6001759,0.6001759
0.58612597,0.58612597
0.58492494,0.58492494
0.59474736,0.59474736
0.5756855,0.5756855
0.5892946,0.5892946
0.56807375,0.56807375
0.5508944,0.5508944
0.58682567,0.58682567
0.6016158,0.6016158
0.4575516,0.4575516
0.54450405,0.54450405
0.6422625,0.6422625
0.5202914,0.5202914
0.630026,0.630026
0.6175887,0.6175887
0.6307313,0.6307313
0.5999695,0.5999695
0.60691047,0.60691047
0.6154857,0.6154857
0.5384377,0.5384377
0.60898817,0.60898817
0.57836425,0.57836425
0.56726044,0.56726044
0.61142033,0.61142033
0.6119093,0.6119093
0.58618647,0.58618647
0.6012089,0.6012089
0.60348195,0.60348195
0.5724935,0.5724935
0.6294759,0.6294759
0.597229,0.597229
0.5921082,0.5921082
0.6484756,0.6484756
0.5675199,0.5675199
0.5940159,0.5940159
0.5933311,0.5933311
0.56111217,0.56111217
0.59264606,0.59264606
0.5997945,0.5997945
0.61957574,0.61957574
0.5729971,0.5729971
0.61911386,0.61911386
0.57468635,0.57468635
0.6323461,0.6323461
0.59182924,0.59182924
0.6050401,0.6050401
0.5582772,0.5582772
0.63797396,0.63797396
0.6226983,0.6226983
0.61457354,0.61457354
0.6026189,0.6026189
0.6247109,0.6247109
0.6023322,0.6023322
0.58455056,0.58455056
0.58891976,0.58891976
0.6003281,0.6003281
0.5997277,0.5997277
0.6031617,0.6031617
0.584687,0.584687
0.5976313,0.5976313
0.6424755,0.6424755
0.5950339,0.5950339
0.61456877,0.61456877
0.60786337,0.60786337
0.5621131,0.5621131
0.6019974,0.6019974
0.6093327,0.6093327
0.6347449,0.6347449
0.55901605,0.55901605
0.5895449,0.5895449
0.603126,0.603126
0.63473636,0.63473636
0.5925615,0.5925615
0.6123257,0.6123257
0.5845132,0.5845132
0.6009227,0.6009227
0.593699,0.593699
0.6108371,0.6108371
0.6204272,0.6204272
0.6599822,0.6599822
0.6349261,0.6349261
0.6001708,0.6001708
0.5930227,0.5930227
0.5814256,0.5814256
0.60873544,0.60873544
0.6189468,0.6189468
0.6125311,0.6125311
0.5896104,0.5896104
0.55189747,0.55189747
0.58523875,0.58523875
0.6129715,0.6129715
0.5831646,0.5831646
0.56298816,0.56298816
0.5750466,0.5750466
0.6466996,0.6466996
0.5516616,0.5516616
0.6385701,0.6385701
0.6264962,0.6264962
0.61341447,0.61341447
0.62094533,0.62094533
0.6270901,0.6270901
0.63582975,0.63582975
0.60219073,0.60219073
0.55842155,0.55842155
0.57612026,0.57612026
0.5930375,0.5930375
0.57501787,0.57501787
0.5917254,0.5917254
0.5930998,0.5930998
0.56522626,0.56522626
0.5823242,0.5823242
0.5904271,0.5904271
0.5709179,0.5709179
0.60086644,0.60086644
0.614474,0.614474
0.61097306,0.61097306
0.57383287,0.57383287
0.6161638,0.6161638
0.5964589,0.5964589
0.5899713,0.5899713
0.62446105,0.62446105
0.60476995,0.60476995
0.59519994,0.59519994
0.5917005,0.5917005
0.6025919,0.6025919
0.6028649,0.6028649
0.61355525,0.61355525
0.5712996,0.5712996
0.63861436,0.63861436
0.62717825,0.62717825
0.6001816,0.6001816
0.5966232,0.5966232
0.6124553,0.6124553
0.61566025,0.61566025
0.6487254,0.6487254
0.55177116,0.55177116
0.5643468,0.5643468
0.6136563,0.6136563
0.57121205,0.57121205
0.6005137,0.6005137
0.6236902,0.6236902
0.62780195,0.62780195
0.60511184,0.60511184
0.6008984,0.6008984
0.5709355,0.5709355
0.60032624,0.60032624
0.6555317,0.6555317
0.6436536,0.6436536
0.52778316,0.52778316
0.52778316,0.52778316
0.52778316,0.52778316
0.52778316,0.52778316
0.5969441,0.5969441
0.5515527,0.5515527
0.6235888,0.6235888
0.5695196,0.5695196
0.61912954,0.61912954
0.47919825,0.47919825
0.5187291,0.5187291
0.6077213,0.6077213
0.58950925,0.58950925
0.64107627,0.64107627
0.5495096,0.5495096
0.61411864,0.61411864
0.6090002,0.6090002
0.6210477,0.6210477
0.47979948,0.47979948
0.60067534,0.60067534
0.5877829,0.5877829
0.62418985,0.62418985
0.5745526,0.5745526
0.57589614,0.57589614
0.59960616,0.59960616
0.6095271,0.6095271
0.60568273,0.60568273
0.5745636,0.5745636
0.6617441,0.6617441
0.5980666,0.5980666
0.6090361,0.6090361
0.5872012,0.5872012
0.5954358,0.5954358
0.6401977,0.6401977
0.6066973,0.6066973
0.63351834,0.63351834
0.57481235,0.57481235
0.61888605,0.61888605
0.57056123,0.57056123
0.5922639,0.5922639
0.6348818,0.6348818
0.5906281,0.5906281
0.60891527,0.60891527
0.5665334,0.5665334
0.61026216,0.61026216
0.60432464,0.60432464
0.60648805,0.60648805
0.6070761,0.6070761
0.69245404,0.69245404
0.5741652,0.5741652
0.6257982,0.6257982
0.6302831,0.6302831
0.59266955,0.59266955
0.6173724,0.6173724
0.60132605,0.60132605
0.55718935,0.55718935
0.5709898,0.5709898
0.6089193,0.6089193
0.5957757,0.5957757
0.59556645,0.59556645
0.6149795,0.6149795
0.6207318,0.6207318
0.5744035,0.5744035
0.60766554,0.60766554
0.61104673,0.61104673
0.6085669,0.6085669
0.6331073,0.6331073
0.5920255,0.5920255
0.5647574,0.5647574
0.619965,0.619965
0.5309803,0.5309803
0.5627554,0.5627554
0.62205756,0.62205756
0.5850394,0.5850394
0.5640425,0.5640425
0.5345918,0.5345918
0.6198533,0.6198533
0.51277196,0.51277196
0.5485354,0.5485354
0.5194386,0.5194386
0.44760862,0.44760862
0.59075147,0.59075147
0.6079488,0.6079488
0.6227049,0.6227049
0.6021636,0.6021636
0.54885423,0.54885423
0.6110947,0.6110947
0.6062165,0.6062165
0.608261,0.608261
0.5993353,0.5993353
0.64088154,0.64088154
0.5187824,0.5187824
0.60169375,0.60169375
0.6301267,0.6301267
0.5795977,0.5795977
0.6443176,0.6443176
0.6033569,0.6033569
0.59120405,0.59120405
0.5949246,0.5949246
0.6099199,0.6099199
0.64766127,0.64766127
0.6109321,0.6109321
0.60814023,0.60814023
0.60516536,0.60516536
0.5873802,0.5873802
0.6250281,0.6250281
0.57566,0.57566
0.6077177,0.6077177
0.56599027,0.56599027
0.6122016,0.6122016
0.61737883,0.61737883
0.57771856,0.57771856
0.6015482,0.6015482
0.5787128,0.5787128
0.62094253,0.62094253
0.5842035,0.5842035
0.60051477,0.60051477
0.5888665,0.5888665
0.64047414,0.64047414
0.6315833,0.6315833
0.6167764,0.6167764
0.604152,0.604152
0.58350873,0.58350873
0.5925639,0.5925639
0.5390812,0.5390812
0.6100453,0.6100453
0.61696786,0.61696786
0.6082383,0.6082383
0.57340443,0.57340443
0.5656975,0.5656975
0.5644084,0.5644084
0.62639433,0.62639433
0.6080968,0.6080968
0.57965326,0.57965326
0.5668167,0.5668167
0.57746714,0.57746714
0.58965343,0.58965343
0.6087539,0.6087539
0.61878985,0.61878985
0.6197576,0.6197576
0.5730718,0.5730718
0.59881854,0.59881854
0.61190546,0.61190546
0.58753496,0.58753496
0.58789,0.58789
0.60963947,0.60963947
0.56499803,0.56499803
0.55327004,0.55327004
0.59815556,0.59815556
0.55335593,0.55335593
0.6133063,0.6133063
0.5816325,0.5816325
0.5869335,0.5869335
0.6301531,0.6301531
0.57627857,0.57627857
0.53792137,0.53792137
0.6210299,0.6210299
0.5833182,0.5833182
0.571956,0.571956
0.641196,0.641196
0.65956104,0.65956104
0.56366533,0.56366533
0.6633152,0.6633152
0.61067814,0.61067814
0.57296205,0.57296205
0.5960578,0.5960578
0.5910933,0.5910933
0.62334824,0.62334824
0.5226961,0.5226961
0.63027304,0.63027304
0.5513098,0.5513098
0.5908885,0.5908885
0.5847728,0.5847728
0.6423584,0.6423584
0.58284694,0.58284694
0.6119948,0.6119948
0.5809526,0.5809526
0.59754443,0.59754443
0.61172354,0.61172354
0.62700844,0.62700844
0.5965586,0.5965586
0.6151691,0.6151691
0.555227,0.555227
0.6237561,0.6237561
0.64236057,0.64236057
0.6206343,0.6206343
0.6350408,0.6350408
0.5824444,0.5824444
0.5917402,0.5917402
0.6250409,0.6250409
0.6187562,0.6187562
0.6144487,0.6144487
0.59394735,0.59394735
0.5990777,0.5990777
0.63177913,0.63177913
0.57922727,0.57922727
0.59242743,0.59242743
0.61428493,0.61428493
0.6305073,0.6305073
0.6617386,0.6617386
0.6317437,0.6317437
0.5887718,0.5887718
0.6298272,0.6298272
0.5885856,0.5885856
0.6300804,0.6300804
0.6266634,0.6266634
0.60983807,0.60983807
0.54314166,0.54314166
0.57154363,0.57154363
0.6468334,0.6468334
0.58463186,0.58463186
0.6498603,0.6498603
0.6250454,0.6250454
0.60719264,0.60719264
0.5782467,0.5782467
0.63101727,0.63101727
0.62381643,0.62381643
0.60850513,0.60850513
0.62805045,0.62805045
0.55746007,0.55746007
0.6092493,0.6092493
0.61939406,0.61939406
0.62303704,0.62303704
0.60135627,0.60135627
0.6071346,0.6071346
0.63880026,0.63880026
0.60222006,0.60222006
0.6093554,0.6093554
0.5666727,0.5666727
0.56911844,0.56911844
0.5376357,0.5376357
0.60105515,0.60105515
0.6160225,0.6160225
0.5785995,0.5785995
0.62453777,0.62453777
0.6540941,0.6540941
0.60844046,0.60844046
0.5864417,0.5864417
0.5915198,0.5915198
0.6308863,0.6308863
0.60768914,0.60768914
0.5900964,0.5900964
0.64152217,0.64152217
0.6265616,0.6265616
0.5599454,0.5599454
0.5906968,0.5906968
0.61721694,0.61721694
0.5379941,0.5379941
0.6417794,0.6417794
0.5585877,0.5585877
0.63032424,0.63032424
0.57973254,0.57973254
0.61897206,0.61897206
0.6219152,0.6219152
0.6355033,0.6355033
0.62280184,0.62280184
0.57330984,0.57330984
0.6098105,0.6098105
0.6313136,0.6313136
0.6177323,0.6177323
0.614476,0.614476
0.6171374,0.6171374
0.5472843,0.5472843
0.6096157,0.6096157
0.65550494,0.65550494
0.5517158,0.5517158
0.6232038,0.6232038
0.59750444,0.59750444
0.6320907,0.6320907
0.61316544,0.61316544
0.62038004,0.62038004
0.5538914,0.5538914
0.5820694,0.5820694
0.57200956,0.57200956
0.64892495,0.64892495
0.61614794,0.61614794
0.63165104,0.63165104
0.62673277,0.62673277
0.63966024,0.63966024
0.6341587,0.6341587
0.59038764,0.59038764
0.57989573,0.57989573
0.59739596,0.59739596
0.5848937,0.5848937
0.624026,0.624026
0.6242393,0.6242393
0.61370045,0.61370045
0.5628904,0.5628904
0.5764001,0.5764001
0.57436156,0.57436156
0.5783712,0.5783712
0.6133425,0.6133425
0.64374495,0.64374495
0.59439486,0.59439486
0.6273054,0.6273054
0.571505,0.571505
0.59920436,0.59920436
0.56007797,0.56007797
0.56304264,0.56304264
0.6054637,0.6054637
0.60375834,0.60375834
0.60025954,0.60025954
0.60070896,0.60070896
0.62716234,0.62716234
0.57872635,0.57872635
0.5984764,0.5984764
0.5943103,0.5943103
0.5389957,0.5389957
0.56935555,0.56935555
0.57667416,0.57667416
0.5623872,0.5623872
0.61798,0.61798
0.56739604,0.56739604
0.57603395,0.57603395
0.59161717,0.59161717
0.5867674,0.5867674
0.62048614,0.62048614
0.60203904,0.60203904
0.5746438,0.5746438
0.5759864,0.5759864
0.61975,0.61975
0.6055462,0.6055462
0.6356558,0.6356558
0.62415195,0.62415195
0.61857444,0.61857444
0.5905961,0.5905961
0.62917584,0.62917584
0.64436376,0.64436376
0.63604784,0.63604784
0.65645903,0.65645903
0.553162,0.553162
0.6364462,0.6364462
0.6170947,0.6170947
0.59827507,0.59827507
0.57141334,0.57141334
0.5520082,0.5520082
0.6081248,0.6081248
0.6036507,0.6036507
0.57644325,0.57644325
0.5628714,0.5628714
0.61732113,0.61732113
0.6292863,0.6292863
0.57223356,0.57223356
0.61214924,0.61214924
0.5918865,0.5918865
0.61653465,0.61653465
0.6392422,0.6392422
0.60822904,0.60822904
0.5607531,0.5607531
0.58706236,0.58706236
0.5989534,0.5989534
0.6104651,0.6104651
0.5972218,0.5972218
0.60882115,0.60882115
0.59122753,0.59122753
0.6042098,0.6042098
0.5774687,0.5774687
0.5840634,0.5840634
0.5673671,0.5673671
0.60655904,0.60655904
0.629761,0.629761
0.5996448,0.5996448
0.5940722,0.5940722
0.58728176,0.58728176
0.5953753,0.5953753
0.5678236,0.5678236
0.548904,0.548904
0.5759473,0.5759473
0.6125537,0.6125537
0.6206524,0.6206524
0.61770964,0.61770964
0.59111094,0.59111094
0.5543313,0.5543313
0.5860723,0.5860723
0.5516732,0.5516732
0.6492048,0.6492048
0.6322844,0.6322844
0.62389565,0.62389565
0.6056657,0.6056657
0.61595774,0.61595774
0.5487122,0.5487122
0.5883954,0.5883954
0.6014998,0.6014998
0.6280157,0.6280157
0.62247616,0.62247616
0.5799668,0.5799668
0.623337,0.623337
0.60570467,0.60570467
0.6214153,0.6214153
0.62108684,0.62108684
0.6023167,0.6023167
0.6094061,0.6094061
0.5869088,0.5869088
0.57084554,0.57084554
0.6074384,0.6074384
0.6033496,0.6033496
0.6135184,0.6135184
0.6174371,0.6174371
0.56590164,0.56590164
0.5778887,0.5778887
0.6227925,0.6227925
0.57336557,0.57336557
0.5672416,0.5672416
0.60591483,0.60591483
0.5854544,0.5854544
0.60968405,0.60968405
0.5560723,0.5560723
0.59291553,0.59291553
0.62025756,0.62025756
0.57458824,0.57458824
0.6072648,0.6072648
0.63752145,0.63752145
0.5776319,0.5776319
0.6087051,0.6087051
0.60159856,0.60159856
0.5953792,0.5953792
0.5884453,0.5884453
0.6379454,0.6379454
0.57742834,0.57742834
0.6242756,0.6242756
0.5884016,0.5884016
0.5988841,0.5988841
0.6146542,0.6146542
0.59797233,0.59797233
0.5685902,0.5685902
0.5782437,0.5782437
0.58901685,0.58901685
0.6000418,0.6000418
0.58677334,0.58677334
0.59148854,0.59148854
0.6202127,0.6202127
0.5932546,0.5932546
0.6083056,0.6083056
0.58754134,0.58754134
0.60811347,0.60811347
0.5857126,0.5857126
0.6032667,0.6032667
0.611781,0.611781
0.62438774,0.62438774
0.5624083,0.5624083
0.59448147,0.59448147
0.6047549,0.6047549
0.54473877,0.54473877
0.5800094,0.5800094
0.6032382,0.6032382
0.5661169,0.5661169
0.63078743,0.63078743
0.6215054,0.6215054
0.6153025,0.6153025
0.57144237,0.57144237
0.60203606,0.60203606
0.6166876,0.6166876
0.6351169,0.6351169
0.58509606,0.58509606
0.63779455,0.63779455
0.6018533,0.6018533
0.5843459,0.5843459
0.5617669,0.5617669
0.6442819,0.6442819
0.5869098,0.5869098
0.6081237,0.6081237
0.6048773,0.6048773
0.5677301,0.5677301
0.5785869,0.5785869
0.6306046,0.6306046
0.56650275,0.56650275
0.59585065,0.59585065
0.5875066,0.5875066
0.5985609,0.5985609
0.6191237,0.6191237
0.6101032,0.6101032
0.6044274,0.6044274
0.63109565,0.63109565
0.55793124,0.55793124
0.6073684,0.6073684
0.600363,0.600363
0.60334736,0.60334736
0.5870084,0.5870084
0.5828826,0.5828826
0.6385371,0.6385371
0.56416297,0.56416297
0.65798354,0.65798354
0.60257924,0.60257924
0.56508726,0.56508726
0.5740578,0.5740578
0.62565756,0.62565756
0.60073364,0.60073364
0.59634006,0.59634006
0.60443866,0.60443866
0.5876831,0.5876831
0.63529646,0.63529646
0.6209112,0.6209112
0.56616974,0.56616974
0.5783338,0.5783338
0.5923304,0.5923304
0.6246015,0.6246015
0.63519406,0.63519406
0.5762117,0.5762117
0.56763464,0.56763464
0.59407896,0.59407896
0.6303656,0.6303656
0.58024025,0.58024025
0.6084458,0.6084458
0.62141836,0.62141836
0.5795037,0.5795037
0.58869416,0.58869416
0.60858697,0.60858697
0.5792193,0.5792193
0.6139453,0.6139453
0.5927906,0.5927906
0.59005564,0.59005564
0.5878002,0.5878002
0.62363464,0.62363464
0.5917927,0.5917927
0.6157783,0.6157783
0.6071433,0.6071433
0.5850296,0.5850296
0.6099771,0.6099771
0.5656277,0.5656277
0.5745739,0.5745739
0.60567987,0.60567987
0.6405876,0.6405876
0.6333523,0.6333523
0.6094824,0.6094824
0.5985844,0.5985844
0.5614019,0.5614019
0.59522414,0.59522414
0.572159,0.572159
0.58742946,0.58742946
0.6233816,0.6233816
0.59789973,0.59789973
0.59141046,0.59141046
0.6104706,0.6104706
0.5870805,0.5870805
0.5940916,0.5940916
0.6225894,0.6225894
0.5980457,0.5980457
0.6009931,0.6009931
0.6608296,0.6608296
0.5792116,0.5792116
0.60947156,0.60947156
0.5861843,0.5861843
0.6256642,0.6256642
0.5851573,0.5851573
0.627541,0.627541
0.6170475,0.6170475
0.59264576,0.59264576
0.6231816,0.6231816
0.61258674,0.61258674
0.56029713,0.56029713
0.58760893,0.58760893
0.63449323,0.63449323
0.5993268,0.5993268
0.589537,0.589537
0.60551405,0.60551405
0.57504046,0.57504046
0.60408646,0.60408646
0.6048817,0.6048817
0.62101173,0.62101173
0.6469697,0.6469697
0.59001654,0.59001654
0.60741776,0.60741776
0.5872463,0.5872463
0.59915096,0.59915096
0.63313687,0.63313687
0.63525134,0.63525134
0.5851643,0.5851643
0.60738635,0.60738635
0.5978635,0.5978635
0.60209775,0.60209775
0.58465695,0.58465695
0.60643697,0.60643697
0.63200027,0.63200027
0.5915549,0.5915549
0.6322297,0.6322297
0.58717054,0.58717054
0.5716451,0.5716451
0.6574434,0.6574434
0.65396523,0.65396523
0.61651266,0.61651266
0.5547453,0.5547453
0.6351431,0.6351431
0.6347936,0.6347936
0.61411864,0.61411864
0.6343495,0.6343495
0.6063371,0.6063371
0.5941613,0.5941613
0.5908603,0.5908603
0.59554374,0.59554374
0.6211639,0.6211639
0.57776976,0.57776976
0.6106364,0.6106364
0.6482918,0.6482918
0.5837003,0.5837003
0.59332997,0.59332997
0.6049075,0.6049075
0.6195294,0.6195294
0.5677153,0.5677153
0.5738124,0.5738124
0.58977115,0.58977115
0.5700915,0.5700915
0.5808319,0.5808319
0.6294343,0.6294343
0.6271205,0.6271205
0.58565557,0.58565557
0.65750057,0.65750057
0.5692485,0.5692485
0.5984725,0.5984725
0.5872147,0.5872147
0.57277846,0.57277846
0.603612,0.603612
0.61082226,0.61082226
0.62337005,0.62337005
0.58399284,0.58399284
0.59979767,0.59979767
0.5997695,0.5997695
0.60294974,0.60294974
0.61086744,0.61086744
0.6015987,0.6015987
0.59005564,0.59005564
0.62630445,0.62630445
0.63929415,0.63929415
0.5884902,0.5884902
0.6106816,0.6106816
0.5874885,0.5874885
0.5798282,0.5798282
0.5791983,0.5791983
0.6102453,0.6102453
0.6124156,0.6124156
0.59195006,0.59195006
0.6445489,0.6445489
0.6140042,0.6140042
0.5923055,0.5923055
0.60337996,0.60337996
0.6233367,0.6233367
0.58786124,0.58786124
0.6239138,0.6239138
0.62041646,0.62041646
0.62438923,0.62438923
0.5689881,0.5689881
0.6055987,0.6055987
0.6635983,0.6635983
0.5695382,0.5695382
0.62204325,0.62204325
0.632061,0.632061
0.60365415,0.60365415
0.60870886,0.60870886
0.6113898,0.6113898
0.5614936,0.5614936
0.5912229,0.5912229
0.64856225,0.64856225
0.5975762,0.5975762
0.5821857,0.5821857
0.608415,0.608415
0.61077726,0.61077726
0.5648801,0.5648801
0.5996462,0.5996462
0.6442235,0.6442235
0.63447434,0.63447434
0.619792,0.619792
0.5974663,0.5974663
0.58331203,0.58331203
0.6216869,0.6216869
0.60137177,0.60137177
0.6196397,0.6196397
0.5949649,0.5949649
0.6282045,0.6282045
0.6275602,0.6275602
0.60651064,0.60651064
0.59671396,0.59671396
0.60993373,0.60993373
0.6113746,0.6113746
0.6276411,0.6276411
0.6171006,0.6171006
0.60371435,0.60371435
0.5431426,0.5431426
0.60681987,0.60681987
0.60388416,0.60388416
0.61894,0.61894
0.60725504,0.60725504
0.59919786,0.59919786
0.591375,0.591375
0.6028949,0.6028949
0.5906783,0.5906783
0.6021749,0.6021749
0.5806466,0.5806466
0.629771,0.629771
0.61863536,0.61863536
0.5849689,0.5849689
0.5965874,0.5965874
0.5770802,0.5770802
0.57640845,0.57640845
0.584615,0.584615
0.6038313,0.6038313
0.6223451,0.6223451
0.61149967,0.61149967
0.5809077,0.5809077
0.58884686,0.58884686
0.6114985,0.6114985
0.5987912,0.5987912
0.58125347,0.58125347
0.5915284,0.5915284
0.55943596,0.55943596
0.60932916,0.60932916
0.58601904,0.58601904
0.59361005,0.59361005
0.6173248,0.6173248
0.542844,0.542844
0.58899796,0.58899796
0.57226527,0.57226527
0.62863886,0.62863886
0.57645726,0.57645726
0.5730775,0.5730775
0.58256936,0.58256936
0.6582725,0.6582725
0.6280135,0.6280135
0.6286033,0.6286033
0.61122835,0.61122835
0.60335165,0.60335165
0.5480166,0.5480166
0.6046574,0.6046574
0.607385,0.607385
0.6128531,0.6128531
0.6346687,0.6346687
0.6292844,0.6292844
0.592057,0.592057
0.61187416,0.61187416
0.60978705,0.60978705
0.6246191,0.6246191
0.5917984,0.5917984
0.5910484,0.5910484
0.6125557,0.6125557
0.6034473,0.6034473
0.59121394,0.59121394
0.5709222,0.5709222
0.61634004,0.61634004
0.6000477,0.6000477
0.623172,0.623172
0.6074991,0.6074991
0.61199707,0.61199707
0.6256948,0.6256948
0.5626951,0.5626951
0.59389985,0.59389985
0.6418638,0.6418638
0.6067561,0.6067561
0.5617902,0.5617902
0.6060251,0.6060251
0.6088259,0.6088259
0.61520314,0.61520314
0.61699384,0.61699384
0.6009402,0.6009402
0.58395433,0.58395433
0.60771525,0.60771525
0.6067077,0.6067077
0.59349483,0.59349483
0.61533374,0.61533374
0.6307655,0.6307655
0.6034282,0.6034282
0.5889704,0.5889704
0.59568435,0.59568435
0.6283335,0.6283335
0.5992376,0.5992376
0.6269266,0.6269266
0.59278476,0.59278476
0.5899438,0.5899438
0.6112222,0.6112222
0.6423056,0.6423056
0.61301035,0.61301035
0.5593129,0.5593129
0.62666637,0.62666637
0.57838255,0.57838255
0.60233897,0.60233897
0.61295295,0.61295295
0.56033653,0.56033653
0.58362275,0.58362275
0.57730424,0.57730424
0.62470806,0.62470806
0.5848743,0.5848743
0.58861023,0.58861023
0.6360943,0.6360943
0.61674565,0.61674565
0.6203204,0.6203204
0.6220022,0.6220022
0.57957625,0.57957625
0.6353977,0.6353977
0.6001177,0.6001177
0.5782576,0.5782576
0.58312035,0.58312035
0.6161372,0.6161372
0.5902298,0.5902298
0.6070767,0.6070767
0.5539248,0.5539248
0.5939651,0.5939651
0.58760804,0.58760804
0.6515499,0.6515499
0.63455796,0.63455796
0.60093904,0.60093904
0.6443601,0.6443601
0.5806381,0.5806381
0.5877153,0.5877153
0.5622711,0.5622711
0.6186487,0.6186487
0.57470846,0.57470846
0.62501574,0.62501574
0.54489976,0.54489976
0.6511172,0.6511172
0.58137584,0.58137584
0.583144,0.583144
0.63568944,0.63568944
0.60876787,0.60876787
0.6301557,0.6301557
0.5965933,0.5965933
0.59735054,0.59735054
0.601034,0.601034
0.60855466,0.60855466
0.5991753,0.5991753
0.6068566,0.6068566
0.63482416,0.63482416
0.5667766,0.5667766
0.60299635,0.60299635
0.6256668,0.6256668
0.61612713,0.61612713
0.59088886,0.59088886
0.61469036,0.61469036
0.6354404,0.6354404
0.5816449,0.5816449
0.670902,0.670902
0.68775415,0.68775415
0.60300446,0.60300446
0.5411019,0.5411019
0.5968088,0.5968088
0.6086609,0.6086609
0.5994657,0.5994657
0.6000615,0.6000615
0.6001092,0.6001092
0.62534946,0.62534946
0.6399191,0.6399191
0.5817183,0.5817183
0.5938499,0.5938499
0.62673676,0.62673676
0.6108229,0.6108229
0.55709785,0.55709785
0.6244073,0.6244073
0.5882215,0.5882215
0.59234315,0.59234315
0.5999194,0.5999194
0.56847274,0.56847274
0.5787931,0.5787931
0.5897845,0.5897845
0.6363482,0.6363482
0.62439626,0.62439626
0.59894264,0.59894264
0.54117304,0.54117304
0.61266446,0.61266446
0.611475,0.611475
0.5545426,0.5545426
0.643558,0.643558
0.63694876,0.63694876
0.6235214,0.6235214
0.62952435,0.62952435
0.66903096,0.66903096
0.57038814,0.57038814
0.6351454,0.6351454
0.6193171,0.6193171
0.6504403,0.6504403
0.6373093,0.6373093
0.6299197,0.6299197
0.6165587,0.6165587
0.57247573,0.57247573
0.6151716,0.6151716
0.62204266,0.62204266
0.5735953,0.5735953
0.61717975,0.61717975
0.5918923,0.5918923
0.59642005,0.59642005
0.6151978,0.6151978
0.6057824,0.6057824
0.5550977,0.5550977
0.55313325,0.55313325
0.5484866,0.5484866
0.5858978,0.5858978
0.6204352,0.6204352
0.6610751,0.6610751
0.5469222,0.5469222
0.56702083,0.56702083
0.55472577,0.55472577
0.61443764,0.61443764
0.5667478,0.5667478
0.6163191,0.6163191
0.5963143,0.5963143
0.5868133,0.5868133
0.5752664,0.5752664
0.6160091,0.6160091
0.6073731,0.6073731
0.5869801,0.5869801
0.6225395,0.6225395
0.62028897,0.62028897
0.54538476,0.54538476
0.6254421,0.6254421
0.5698601,0.5698601
0.6031786,0.6031786
0.58038,0.58038
0.61909795,0.61909795
0.57592964,0.57592964
0.5838309,0.5838309
0.58274955,0.58274955
0.66764945,0.66764945
0.66094065,0.66094065
0.5587946,0.5587946
0.63578874,0.63578874
0.5794723,0.5794723
0.60933346,0.60933346
0.61117727,0.61117727
0.622218,0.622218
0.5532,0.5532
0.55158806,0.55158806
0.6233771,0.6233771
0.60972005,0.60972005
0.6340886,0.6340886
0.55010724,0.55010724
0.64587456,0.64587456
0.62222505,0.62222505
0.609239,0.609239
0.5887022,0.5887022
0.56833583,0.56833583
0.53483343,0.53483343
0.5885476,0.5885476
0.60861254,0.60861254
0.5825944,0.5825944
0.5955189,0.5955189
0.55669916,0.55669916
0.6137996,0.6137996
0.597519,0.597519
0.63022125,0.63022125
0.626853,0.626853
0.5845477,0.5845477
0.59854823,0.59854823
0.62080276,0.62080276
0.59204936,0.59204936
0.6077354,0.6077354
0.5693248,0.5693248
0.60790694,0.60790694
0.5929173,0.5929173
0.5995904,0.5995904
0.60712993,0.60712993
0.59507245,0.59507245
0.60606986,0.60606986
0.6174418,0.6174418
0.5967363,0.5967363
0.5980865,0.5980865
0.5953345,0.5953345
0.58673674,0.58673674
0.6148598,0.6148598
0.5636182,0.5636182
0.5740772,0.5740772
0.59512174,0.59512174
0.53020096,0.53020096
0.5857471,0.5857471
0.61521,0.61521
0.5690536,0.5690536
0.57595164,0.57595164
0.53232956,0.53232956
0.5781296,0.5781296
0.6202665,0.6202665
0.59784853,0.59784853
0.6052211,0.6052211
0.59984,0.59984
0.6014476,0.6014476
0.56546205,0.56546205
0.59731877,0.59731877
0.5916666,0.5916666
0.5911302,0.5911302
0.60423034,0.60423034
0.59138674,0.59138674
0.560301,0.560301
0.6354365,0.6354365
0.63093287,0.63093287
0.57276654,0.57276654
0.60104126,0.60104126
0.60702413,0.60702413
0.6351629,0.6351629
0.6127192,0.6127192
0.59543455,0.59543455
0.608032,0.608032
0.589919,0.589919
0.6020694,0.6020694
0.63303745,0.63303745
0.6478668,0.6478668
0.604741,0.604741
0.6335829,0.6335829
0.5528235,0.5528235
0.62107736,0.62107736
0.6316303,0.6316303
0.6098294,0.6098294
0.62213856,0.62213856
0.60734403,0.60734403
0.6313827,0.6313827
0.6053422,0.6053422
0.6362552,0.6362552
0.61919177,0.61919177
0.56602275,0.56602275
0.59034836,0.59034836
0.6016523,0.6016523
0.58641195,0.58641195
0.6864396,0.6864396
0.61981964,0.61981964
0.5826873,0.5826873
0.6304997,0.6304997
0.62891555,0.62891555
0.53423184,0.53423184
0.6158958,0.6158958
0.58533776,0.58533776
0.57918376,0.57918376
0.5874928,0.5874928
0.5673663,0.5673663
0.60220116,0.60220116
0.61767805,0.61767805
0.5349866,0.5349866
0.6111843,0.6111843
0.59548205,0.59548205
0.55513996,0.55513996
0.60164815,0.60164815
0.56490153,0.56490153
0.5915612,0.5915612
0.6112597,0.6112597
0.6267989,0.6267989
0.5503012,0.5503012
0.556313,0.556313
0.55260897,0.55260897
0.6023398,0.6023398
0.5611585,0.5611585
0.5403092,0.5403092
0.5855925,0.5855925
0.6328614,0.6328614
0.58021665,0.58021665
0.55596864,0.55596864
0.5936507,0.5936507
0.6222992,0.6222992
0.61042416,0.61042416
0.60346085,0.60346085
0.6263547,0.6263547
0.6106101,0.6106101
0.6227738,0.6227738
0.55854464,0.55854464
0.60071665,0.60071665
0.606358,0.606358
0.595665,0.595665
0.56682503,0.56682503
0.5583421,0.5583421
0.63068074,0.63068074
0.6201835,0.6201835
0.62395465,0.62395465
0.58211774,0.58211774
0.59488565,0.59488565
0.5653358,0.5653358
0.611564,0.611564
0.62094665,0.62094665
0.59462476,0.59462476
0.5987654,0.5987654
0.5537333,0.5537333
0.60359657,0.60359657
0.56776226,0.56776226
0.62062967,0.62062967
0.5473585,0.5473585
0.5484128,0.5484128
0.5930282,0.5930282
0.58987993,0.58987993
0.58249784,0.58249784
0.6034655,0.6034655
0.6085578,0.6085578
0.590235,0.590235
0.6455866,0.6455866
0.5700773,0.5700773
0.6086786,0.6086786
0.6119824,0.6119824
0.5831438,0.5831438
0.5780019,0.5780019
0.6672983,0.6672983
0.6478371,0.6478371
0.60041434,0.60041434
0.5475687,0.5475687
0.59731996,0.59731996
0.63065064,0.63065064
0.5698386,0.5698386
0.6085789,0.6085789
0.6369599,0.6369599
0.63372284,0.63372284
0.56438756,0.56438756
0.58435804,0.58435804
0.629389,0.629389
0.5865112,0.5865112
0.62693584,0.62693584
0.60233736,0.60233736
0.60533696,0.60533696
0.6258688,0.6258688
0.5960912,0.5960912
0.6068523,0.6068523
0.5641985,0.5641985
0.6167198,0.6167198
0.5924573,0.5924573
0.60399956,0.60399956
0.616059,0.616059
0.62338823,0.62338823
0.64510834,0.64510834
0.64512104,0.64512104
0.55033934,0.55033934
0.6365698,0.6365698
0.62712497,0.62712497
0.66668713,0.66668713
0.61186373,0.61186373
0.5986513,0.5986513
0.6208806,0.6208806
0.612671,0.612671
0.6184065,0.6184065
0.60446745,0.60446745
0.64818406,0.64818406
0.5893094,0.5893094
0.63106006,0.63106006
0.655059,0.655059
0.61082375,0.61082375
0.5812975,0.5812975
0.5866382,0.5866382
0.6213887,0.6213887
0.62634146,0.62634146
0.57647955,0.57647955
0.5782395,0.5782395
0.59857315,0.59857315
0.5383176,0.5383176
0.6229451,0.6229451
0.63383996,0.63383996
0.62528795,0.62528795
0.58934385,0.58934385
0.5916824,0.5916824
0.57986885,0.57986885
0.54770833,0.54770833
0.61106175,0.61106175
0.59773445,0.59773445
0.58231306,0.58231306
0.5835401,0.5835401
0.5671073,0.5671073
0.5822276,0.5822276
0.58895224,0.58895224
0.6193663,0.6193663
0.5898088,0.5898088
0.584842,0.584842
0.61849785,0.61849785
0.60173535,0.60173535
0.5903056,0.5903056
0.6173673,0.6173673
0.6072259,0.6072259
0.6327111,0.6327111
0.62123954,0.62123954
0.6122948,0.6122948
0.5820085,0.5820085
0.5673579,0.5673579
0.63293403,0.63293403
0.6011773,0.6011773
0.62297285,0.62297285
0.6067072,0.6067072
0.60356045,0.60356045
0.6313965,0.6313965
0.63805294,0.63805294
0.57018155,0.57018155
0.5911214,0.5911214
0.61461157,0.61461157
0.5706987,0.5706987
0.62721694,0.62721694
0.61762035,0.61762035
0.6007566,0.6007566
0.495366,0.495366
0.56523883,0.56523883
0.60669434,0.60669434
0.56974757,0.56974757
0.5933439,0.5933439
0.6164757,0.6164757
0.54679054,0.54679054
0.5928887,0.5928887
0.5515953,0.5515953
0.6023174,0.6023174
0.6092153,0.6092153
0.580335,0.580335
0.56713086,0.56713086
0.60841626,0.60841626
0.58010036,0.58010036
0.604964,0.604964
0.6370088,0.6370088
0.60357034,0.60357034
0.58608544,0.58608544
0.6019385,0.6019385
0.59716696,0.59716696
0.5832185,0.5832185
0.6155981,0.6155981
0.56126463,0.56126463
0.61868554,0.61868554
0.64590156,0.64590156
0.5626192,0.5626192
0.58244455,0.58244455
0.6281699,0.6281699
0.59509623,0.59509623
0.6398452,0.6398452
0.4876817,0.4876817
0.579283,0.579283
0.61536944,0.61536944
0.6295761,0.6295761
0.5963354,0.5963354
0.62232333,0.62232333
0.59731865,0.59731865
0.6448579,0.6448579
0.5564275,0.5564275
0.5269439,0.5269439
0.57142854,0.57142854
0.6616696,0.6616696
0.60446507,0.60446507
0.5867555,0.5867555
0.5793947,0.5793947
0.60614634,0.60614634
0.6159097,0.6159097
0.60965276,0.60965276
0.557695,0.557695
0.64984316,0.64984316
0.6486178,0.6486178
0.58245224,0.58245224
0.56901354,0.56901354
0.577186,0.577186
0.61750054,0.61750054
0.59478587,0.59478587
0.6102178,0.6102178
0.5725704,0.5725704
0.6378466,0.6378466
0.5567597,0.5567597
0.5473597,0.5473597
0.559493,0.559493
0.56555593,0.56555593
0.6412401,0.6412401
0.63113016,0.63113016
0.6090763,0.6090763
0.61307466,0.61307466
0.616598,0.616598
0.61124206,0.61124206
0.608028,0.608028
0.6120629,0.6120629
0.6289698,0.6289698
0.6010286,0.6010286
0.6054958,0.6054958
0.61481863,0.61481863
0.6002024,0.6002024
0.61277837,0.61277837
0.6038807,0.6038807
0.61983156,0.61983156
0.56998473,0.56998473
0.6125014,0.6125014
0.6131125,0.6131125
0.62028384,0.62028384
0.5893024,0.5893024
0.58369553,0.58369553
0.6061222,0.6061222
0.58606,0.58606
0.61748636,0.61748636
0.57785285,0.57785285
0.59807307,0.59807307
0.5791691,0.5791691
0.56828356,0.56828356
0.5986871,0.5986871
0.60456026,0.60456026
0.58478683,0.58478683
0.58450896,0.58450896
0.6188011,0.6188011
0.5916324,0.5916324
0.6075474,0.6075474
0.58473283,0.58473283
0.61521757,0.61521757
0.6099252,0.6099252
0.5651083,0.5651083
0.6026466,0.6026466
0.6176325,0.6176325
0.6083698,0.6083698
0.5859922,0.5859922
0.66298866,0.66298866
0.5940338,0.5940338
0.6545025,0.6545025
0.61362517,0.61362517
0.5950941,0.5950941
0.60545105,0.60545105
0.61790687,0.61790687
0.6035749,0.6035749
0.59575206,0.59575206
0.6245602,0.6245602
0.6404523,0.6404523
0.59413964,0.59413964
0.606152,0.606152
0.60389537,0.60389537
0.59651357,0.59651357
0.6274739,0.6274739
0.5916649,0.5916649
0.62689304,0.62689304
0.62424374,0.62424374
0.62821007,0.62821007
0.6450942,0.6450942
0.5906285,0.5906285
0.6282702,0.6282702
0.62388295,0.62388295
0.5805563,0.5805563
0.60644466,0.60644466
0.6251225,0.6251225
0.6403186,0.6403186
0.62302965,0.62302965
0.6145054,0.6145054
0.56746835,0.56746835
0.62814647,0.62814647
0.58257866,0.58257866
0.5841998,0.5841998
0.59297657,0.59297657
0.57765436,0.57765436
0.6065367,0.6065367
0.5992137,0.5992137
0.6135766,0.6135766
0.58191484,0.58191484
0.6490286,0.6490286
0.60719174,0.60719174
0.5886215,0.5886215
0.6349665,0.6349665
0.5954531,0.5954531
0.6220835,0.6220835
0.623819,0.623819
0.60507005,0.60507005
0.5859566,0.5859566
0.6052863,0.6052863
0.6185953,0.6185953
0.609081,0.609081
0.65890896,0.65890896
0.6009705,0.6009705
0.6139785,0.6139785
0.61179274,0.61179274
0.60653514,0.60653514
0.61331105,0.61331105
0.61180836,0.61180836
0.59766895,0.59766895
0.6033227,0.6033227
0.6010894,0.6010894
0.6018301,0.6018301
0.59916013,0.59916013
0.6040355,0.6040355
0.6129001,0.6129001
0.6127979,0.6127979
0.62800366,0.62800366
0.61738306,0.61738306
0.57764417,0.57764417
0.62517625,0.62517625
0.6103302,0.6103302
0.5742765,0.5742765
0.6048964,0.6048964
0.57735866,0.57735866
0.62300354,0.62300354
0.6252327,0.6252327
0.6068275,0.6068275
0.60037583,0.60037583
0.6008564,0.6008564
0.63490546,0.63490546
0.61216784,0.61216784
0.58896023,0.58896023
0.5846433,0.5846433
0.64310753,0.64310753
0.59526443,0.59526443
0.605339,0.605339
0.5867812,0.5867812
0.59153974,0.59153974
0.65338606,0.65338606
0.5735563,0.5735563
0.587064,0.587064
0.6228901,0.6228901
0.62484133,0.62484133
0.6229812,0.6229812
0.6057732,0.6057732
0.6213989,0.6213989
0.6319247,0.6319247
0.5559565,0.5559565
0.57137334,0.57137334
0.6151765,0.6151765
0.6004201,0.6004201
0.6054919,0.6054919
0.6282393,0.6282393
0.59330934,0.59330934
0.5799061,0.5799061
0.6119259,0.6119259
0.5569944,0.5569944
0.589201,0.589201
0.61907595,0.61907595
0.61036503,0.61036503
0.5940282,0.5940282
0.5883269,0.5883269
0.5853834,0.5853834
0.5925555,0.5925555
0.5565476,0.5565476
0.5996218,0.5996218
0.59523654,0.59523654
0.5991883,0.5991883
0.57934874,0.57934874
0.5952871,0.5952871
0.6303927,0.6303927
0.6385965,0.6385965
0.6026878,0.6026878
0.577761,0.577761
0.5943094,0.5943094
0.58064765,0.58064765
0.60381645,0.60381645
0.6296888,0.6296888
0.64229167,0.64229167
0.6124287,0.6124287
0.5815776,0.5815776
0.55847806,0.55847806
0.61162436,0.61162436
0.5859744,0.5859744
0.6328003,0.6328003
0.6142122,0.6142122
0.5813324,0.5813324
0.5955903,0.5955903
0.61197174,0.61197174
0.56536156,0.56536156
0.62795526,0.62795526
0.63838685,0.63838685
0.5740577,0.5740577
0.5722472,0.5722472
0.6001656,0.6001656
0.6089562,0.6089562
0.5901504,0.5901504
0.6142018,0.6142018
0.59159833,0.59159833
0.6041745,0.6041745
0.60508746,0.60508746
0.59884316,0.59884316
0.61696786,0.61696786
0.6342271,0.6342271
0.5677616,0.5677616
0.63319224,0.63319224
0.5801858,0.5801858
0.5818692,0.5818692
0.5577071,0.5577071
0.61404693,0.61404693
0.61231244,0.61231244
0.56995356,0.56995356
0.6104204,0.6104204
0.5991089,0.5991089
0.6024582,0.6024582
0.5934606,0.5934606
0.5878876,0.5878876
0.57286686,0.57286686
0.573044,0.573044
0.55489326,0.55489326
0.62210065,0.62210065
0.6033795,0.6033795
0.6006972,0.6006972
0.6287128,0.6287128
0.5823637,0.5823637
0.5778551,0.5778551
0.58769244,0.58769244
0.6018356,0.6018356
0.5835133,0.5835133
0.6072153,0.6072153
0.61499405,0.61499405
0.5915358,0.5915358
0.62565535,0.62565535
0.6069301,0.6069301
0.5920262,0.5920262
0.643503,0.643503
0.59772646,0.59772646
0.621439,0.621439
0.6005701,0.6005701
0.6200425,0.6200425
0.5868451,0.5868451
0.5987245,0.5987245
0.5956009,0.5956009
0.60921365,0.60921365
0.6110406,0.6110406
0.57768327,0.57768327
0.61653906,0.61653906
0.59031236,0.59031236
0.625121,0.625121
0.59673554,0.59673554
0.5878074,0.5878074
0.5770556,0.5770556
0.5844008,0.5844008
0.61383647,0.61383647
0.60689306,0.60689306
0.60345316,0.60345316
0.6215874,0.6215874
0.63297105,0.63297105
0.56865305,0.56865305
0.55697703,0.55697703
0.5767212,0.5767212
0.62108296,0.62108296
0.6126303,0.6126303
0.57135344,0.57135344
0.6143478,0.6143478
0.5762236,0.5762236
0.6076486,0.6076486
0.62251425,0.62251425
0.5793686,0.5793686
0.6254817,0.6254817
0.5739109,0.5739109
0.6073185,0.6073185
0.611477,0.611477
0.6339339,0.6339339
0.62503093,0.62503093
0.60128015,0.60128015
0.6155207,0.6155207
0.5695699,0.5695699
0.60771334,0.60771334
0.5752041,0.5752041
0.6187925,0.6187925
0.5757661,0.5757661
0.6185927,0.6185927
0.5619489,0.5619489
0.5681898,0.5681898
0.6166952,0.6166952
0.6145845,0.6145845
0.6017588,0.6017588
0.58496374,0.58496374
0.6407523,0.6407523
0.6032639,0.6032639
0.6267213,0.6267213
0.6252129,0.6252129
0.6039908,0.6039908
0.6368328,0.6368328
0.603493,0.603493
0.57839465,0.57839465
0.59351623,0.59351623
0.60679114,0.60679114
0.5630295,0.5630295
0.58877486,0.58877486
0.566961,0.566961
0.6045995,0.6045995
0.58314544,0.58314544
0.60874134,0.60874134
0.61218834,0.61218834
0.6049678,0.6049678
0.6530855,0.6530855
0.62794834,0.62794834
0.575216,0.575216
0.609167,0.609167
0.6033327,0.6033327
0.5709228,0.5709228
0.5998682,0.5998682
0.5826318,0.5826318
0.6020623,0.6020623
0.600548,0.600548
0.60892683,0.60892683
0.59878445,0.59878445
0.6285715,0.6285715
0.62241346,0.62241346
0.65199727,0.65199727
0.6004121,0.6004121
0.591802,0.591802
0.64052594,0.64052594
0.61462986,0.61462986
0.55750775,0.55750775
0.6021862,0.6021862
0.6149735,0.6149735
0.5816471,0.5816471
0.5984054,0.5984054
0.5995395,0.5995395
0.6087086,0.6087086
0.61397654,0.61397654
0.60703254,0.60703254
0.60559255,0.60559255
0.6147217,0.6147217
0.6208141,0.6208141
0.612869,0.612869
0.61241275,0.61241275
0.54327506,0.54327506
0.600085,0.600085
0.61668724,0.61668724
0.5981771,0.5981771
0.59888154,0.59888154
0.6274516,0.6274516
0.61699045,0.61699045
0.59439045,0.59439045
0.59029245,0.59029245
0.6096006,0.6096006
0.5980314,0.5980314
0.6083432,0.6083432
0.5706147,0.5706147
0.55983835,0.55983835
0.59957457,0.59957457
0.6148309,0.6148309
0.6084363,0.6084363
0.59387887,0.59387887
0.6433243,0.6433243
0.5907673,0.5907673
0.62351036,0.62351036
0.6205801,0.6205801
0.58385277,0.58385277
0.589639,0.589639
0.5936877,0.5936877
0.5969281,0.5969281
0.60884744,0.60884744
0.6196209,0.6196209
0.62705123,0.62705123
0.6250476,0.6250476
0.62974113,0.62974113
0.59588385,0.59588385
0.6430979,0.6430979
0.63458496,0.63458496
0.6603899,0.6603899
0.5895178,0.5895178
0.60765153,0.60765153
0.58225185,0.58225185
0.5769105,0.5769105
0.5404195,0.5404195
0.5688221,0.5688221
0.5677847,0.5677847
0.5865733,0.5865733
0.6029015,0.6029015
0.61869216,0.61869216
0.59341204,0.59341204
0.616859,0.616859
0.5559546,0.5559546
0.6053743,0.6053743
0.59243953,0.59243953
0.6160637,0.6160637
0.58235323,0.58235323
0.5952698,0.5952698
0.58627015,0.58627015
0.5635328,0.5635328
0.5631437,0.5631437
0.54327095,0.54327095
0.57874554,0.57874554
0.55770695,0.55770695
0.61102784,0.61102784
0.56923765,0.56923765
0.56101567,0.56101567
0.5874477,0.5874477
0.58053434,0.58053434
0.5982345,0.5982345
0.5790736,0.5790736
0.60698634,0.60698634
0.58238745,0.58238745
0.60265595,0.60265595
0.6075503,0.6075503
0.5827111,0.5827111
0.57197857,0.57197857
0.6304088,0.6304088
0.5683683,0.5683683
0.5718069,0.5718069
0.59775066,0.59775066
0.58700144,0.58700144
0.59001833,0.59001833
0.60228217,0.60228217
0.57885534,0.57885534
0.5848408,0.5848408
0.6028323,0.6028323
0.61126095,0.61126095
0.5759418,0.5759418
0.58737063,0.58737063
0.5844801,0.5844801
0.63785756,0.63785756
0.5869569,0.5869569
0.6000881,0.6000881
0.60179234,0.60179234
0.64001906,0.64001906
0.6019193,0.6019193
0.58440256,0.58440256
0.5970247,0.5970247
0.6037505,0.6037505
0.5811722,0.5811722
0.5833946,0.5833946
0.60204786,0.60204786
0.6134461,0.6134461
0.63005346,0.63005346
0.5520572,0.5520572
0.6223853,0.6223853
0.5918839,0.5918839
0.59330726,0.59330726
0.55919355,0.55919355
0.5838496,0.5838496
0.6214211,0.6214211
0.580317,0.580317
0.5397973,0.5397973
0.5923757,0.5923757
0.60733205,0.60733205
0.59929085,0.59929085
0.62927395,0.62927395
0.5912707,0.5912707
0.5807242,0.5807242
0.58461076,0.58461076
0.6143139,0.6143139
0.5843664,0.5843664
0.6020707,0.6020707
0.6269047,0.6269047
0.6274167,0.6274167
0.6046102,0.6046102
0.635618,0.635618
0.55879277,0.55879277
0.5873704,0.5873704
0.59228927,0.59228927
0.566719,0.566719
0.59876156,0.59876156
0.58800733,0.58800733
0.587609,0.587609
0.59728456,0.59728456
0.60838866,0.60838866
0.5719206,0.5719206
0.6179257,0.6179257
0.5939206,0.5939206
0.61529064,0.61529064
0.5764385,0.5764385
0.59389603,0.59389603
0.62180185,0.62180185
0.6028855,0.6028855
0.5921709,0.5921709
0.57627654,0.57627654
0.62006605,0.62006605
0.6002126,0.6002126
0.5884422,0.5884422
0.618562,0.618562
0.6257343,0.6257343
0.6678772,0.6678772
0.5849024,0.5849024
0.58715576,0.58715576
0.5891784,0.5891784
0.6054373,0.6054373
0.6227169,0.6227169
0.6206925,0.6206925
0.57309824,0.57309824
0.6142131,0.6142131
0.59349793,0.59349793
0.55444324,0.55444324
0.5910533,0.5910533
0.6105591,0.6105591
0.5753025,0.5753025
0.62597317,0.62597317
0.59131575,0.59131575
0.57212156,0.57212156
0.6249524,0.6249524
0.5705273,0.5705273
0.59898114,0.59898114
0.64306533,0.64306533
0.63092196,0.63092196
0.5500662,0.5500662
0.6429599,0.6429599
0.6185625,0.6185625
0.6235737,0.6235737
0.5843141,0.5843141
0.58456606,0.58456606
0.5988071,0.5988071
0.6112866,0.6112866
0.6157922,0.6157922
0.60528576,0.60528576
0.6582521,0.6582521
0.62808007,0.62808007
0.6226262,0.6226262
0.5993205,0.5993205
0.6193325,0.6193325
0.6087991,0.6087991
0.589885,0.589885
0.575858,0.575858
0.59965765,0.59965765
0.5824076,0.5824076
0.57797694,0.57797694
0.6067438,0.6067438
0.593528,0.593528
0.6295546,0.6295546
0.6046044,0.6046044
0.5794021,0.5794021
0.5859488,0.5859488
0.6273493,0.6273493
0.63366807,0.63366807
0.6068305,0.6068305
0.6133523,0.6133523
0.6065372,0.6065372
0.6216458,0.6216458
0.617211,0.617211
0.5665053,0.5665053
0.57666457,0.57666457
0.6358274,0.6358274
0.55879474,0.55879474
0.62999344,0.62999344
0.5951966,0.5951966
0.61363095,0.61363095
0.59369576,0.59369576
0.60334975,0.60334975
0.60883826,0.60883826
0.60355353,0.60355353
0.6084809,0.6084809
0.584406,0.584406
0.6087987,0.6087987
0.6043875,0.6043875
0.600685,0.600685
0.60245645,0.60245645
0.6226735,0.6226735
0.6087709,0.6087709
0.5816903,0.5816903
0.59050816,0.59050816
0.58507305,0.58507305
0.58765996,0.58765996
0.5843424,0.5843424
0.62065,0.62065
0.6340608,0.6340608
0.60610634,0.60610634
0.60210323,0.60210323
0.5822276,0.5822276
0.58677804,0.58677804
0.6251984,0.6251984
0.6172399,0.6172399
0.6254684,0.6254684
0.6085433,0.6085433
0.6320591,0.6320591
0.5462767,0.5462767
0.6305888,0.6305888
0.61473864,0.61473864
0.6338172,0.6338172
0.61870193,0.61870193
0.58996004,0.58996004
0.57148105,0.57148105
0.6084819,0.6084819
0.58085513,0.58085513
0.5948142,0.5948142
0.6004982,0.6004982
0.66091543,0.66091543
0.64465284,0.64465284
0.59018373,0.59018373
0.5609679,0.5609679
0.5847788,0.5847788
0.5971129,0.5971129
0.6392138,0.6392138
0.6010339,0.6010339
0.62473327,0.62473327
0.60036707,0.60036707
0.65711236,0.65711236
0.55255467,0.55255467
0.586457,0.586457
0.56730694,0.56730694
0.60103256,0.60103256
0.59520847,0.59520847
0.560245,0.560245
0.63638145,0.63638145
0.62380594,0.62380594
0.6114949,0.6114949
0.5396799,0.5396799
0.55813473,0.55813473
0.6238579,0.6238579
0.5864358,0.5864358
0.5942148,0.5942148
0.6216002,0.6216002
0.5667341,0.5667341
0.6009873,0.6009873
0.6028857,0.6028857
0.52517503,0.52517503
0.5697039,0.5697039
0.60628366,0.60628366
0.568703,0.568703
0.643653,0.643653
0.6122125,0.6122125
0.6058231,0.6058231
0.5714071,0.5714071
0.61694515,0.61694515
0.6148232,0.6148232
0.598676,0.598676
0.6150798,0.6150798
0.62039804,0.62039804
0.6273347,0.6273347
0.59256303,0.59256303
0.6591691,0.6591691
0.6399682,0.6399682
0.63205206,0.63205206
0.6196647,0.6196647
0.60907817,0.60907817
0.60282534,0.60282534
0.6172413,0.6172413
0.5966136,0.5966136
0.58824956,0.58824956
0.6631999,0.6631999
0.60591024,0.60591024
0.6208459,0.6208459
0.59884965,0.59884965
0.62790745,0.62790745
0.60507184,0.60507184
0.58984786,0.58984786
0.62374216,0.62374216
0.62528133,0.62528133
0.60061574,0.60061574
0.6428686,0.6428686
0.62926507,0.62926507
0.579907,0.579907
0.62329733,0.62329733
0.6103934,0.6103934
0.6051715,0.6051715
0.59067297,0.59067297
0.6342044,0.6342044
0.60778576,0.60778576
0.63372463,0.63372463
0.65623814,0.65623814
0.6230075,0.6230075
0.5936496,0.5936496
0.567423,0.567423
0.64892566,0.64892566
0.5899488,0.5899488
0.6123968,0.6123968
0.5750702,0.5750702
0.62677354,0.62677354
0.60963583,0.60963583
0.59775764,0.59775764
0.59470385,0.59470385
0.62772995,0.62772995
0.6074535,0.6074535
0.5960689,0.5960689
0.5968883,0.5968883
0.64316016,0.64316016
0.58740073,0.58740073
0.5856987,0.5856987
0.61638105,0.61638105
0.5999573,0.5999573
0.6156912,0.6156912
0.5935937,0.5935937
0.6337448,0.6337448
0.6042764,0.6042764
0.61094505,0.61094505
0.63299155,0.63299155
0.6203816,0.6203816
0.56902504,0.56902504
0.5801575,0.5801575
0.61918885,0.61918885
0.62675214,0.62675214
0.60892445,0.60892445
0.5804168,0.5804168
0.5736345,0.5736345
0.5860148,0.5860148
0.57842445,0.57842445
0.6428882,0.6428882
0.5638069,0.5638069
0.5787257,0.5787257
0.605175,0.605175
0.6057269,0.6057269
0.5996572,0.5996572
0.626528,0.626528
0.61642224,0.61642224
0.5911567,0.5911567
0.59925276,0.59925276
0.5496787,0.5496787
0.6457635,0.6457635
0.5997867,0.5997867
0.56727177,0.56727177
0.5915759,0.5915759
0.59957653,0.59957653
0.61404985,0.61404985
0.6040445,0.6040445
0.5870937,0.5870937
0.5954114,0.5954114
0.613167,0.613167
0.6050468,0.6050468
0.65241206,0.65241206
0.61693865,0.61693865
0.6009931,0.6009931
0.6128018,0.6128018
0.61586034,0.61586034
0.58398855,0.58398855
0.6215208,0.6215208
0.5922208,0.5922208
0.59524,0.59524
0.606523,0.606523
0.6207879,0.6207879
0.6042953,0.6042953
0.56823605,0.56823605
0.5728736,0.5728736
0.582418,0.582418
0.5937659,0.5937659
0.58661705,0.58661705
0.5575168,0.5575168
0.58395964,0.58395964
0.63981813,0.63981813
0.6106664,0.6106664
0.61519194,0.61519194
0.6175559,0.6175559
0.5752114,0.5752114
0.6264879,0.6264879
0.6221952,0.6221952
0.586533,0.586533
0.5788621,0.5788621
0.6413957,0.6413957
0.6011571,0.6011571
0.60713595,0.60713595
0.6123302,0.6123302
0.5996282,0.5996282
0.5374543,0.5374543
0.58023685,0.58023685
0.5735077,0.5735077
0.601956,0.601956
0.61260605,0.61260605
0.5904281,0.5904281
0.6350115,0.6350115
0.5952298,0.5952298
0.60692424,0.60692424
0.60546273,0.60546273
0.62013286,0.62013286
0.56058055,0.56058055
0.59973943,0.59973943
0.61003035,0.61003035
0.61328375,0.61328375
0.5852581,0.5852581
0.5757561,0.5757561
0.6207786,0.6207786
0.6215377,0.6215377
0.595109,0.595109
0.62978333,0.62978333
0.6419672,0.6419672
0.61430633,0.61430633
0.6142661,0.6142661
0.6175873,0.6175873
0.60794055,0.60794055
0.5878395,0.5878395
0.5682395,0.5682395
0.5854861,0.5854861
0.55136955,0.55136955
0.5944017,0.5944017
0.62070984,0.62070984
0.6765797,0.6765797
0.5675021,0.5675021
0.59745514,0.59745514
0.5896536,0.5896536
0.6033663,0.6033663
0.59382063,0.59382063
0.61116445,0.61116445
0.61362654,0.61362654
0.5989624,0.5989624
0.6223415,0.6223415
0.60023147,0.60023147
0.60982126,0.60982126
0.5994642,0.5994642
0.6220633,0.6220633
0.6522449,0.6522449
0.6181141,0.6181141
0.5968155,0.5968155
0.5732562,0.5732562
0.58274233,0.58274233
0.6528202,0.6528202
0.5765464,0.5765464
0.6295774,0.6295774
0.6163952,0.6163952
0.574529,0.574529
0.60642874,0.60642874
0.62570876,0.62570876
0.60206854,0.60206854
0.6179946,0.6179946
0.6465331,0.6465331
0.5889408,0.5889408
0.5773789,0.5773789
0.6189346,0.6189346
0.6244509,0.6244509
0.6018425,0.6018425
0.60988355,0.60988355
0.6072273,0.6072273
0.60585237,0.60585237
0.59773195,0.59773195
0.607408,0.607408
0.6348806,0.6348806
0.61540556,0.61540556
0.6327094,0.6327094
0.6217175,0.6217175
0.5775529,0.5775529
0.6148637,0.6148637
0.6340876,0.6340876
0.6357351,0.6357351
0.58719736,0.58719736
0.5866213,0.5866213
0.6299869,0.6299869
0.61058563,0.61058563
0.6053974,0.6053974
0.5938696,0.5938696
0.59198487,0.59198487
0.57842535,0.57842535
0.5918055,0.5918055
0.6238518,0.6238518
0.63573307,0.63573307
0.6108588,0.6108588
0.6264403,0.6264403
0.5870548,0.5870548
0.5554796,0.5554796
0.627729,0.627729
0.61017084,0.61017084
0.58024573,0.58024573
0.63621855,0.63621855
0.5746451,0.5746451
0.5982777,0.5982777
0.5854733,0.5854733
0.6410671,0.6410671
0.58220553,0.58220553
0.61676943,0.61676943
0.60526127,0.60526127
0.6017756,0.6017756
0.5363119,0.5363119
0.6150306,0.6150306
0.6001094,0.6001094
0.60044914,0.60044914
0.58494794,0.58494794
0.6415783,0.6415783
0.6131695,0.6131695
0.64253163,0.64253163
0.5927838,0.5927838
0.5859099,0.5859099
0.6213817,0.6213817
0.5882549,0.5882549
0.62394196,0.62394196
0.6365143,0.6365143
0.5930006,0.5930006
0.59977853,0.59977853
0.6231862,0.6231862
0.5976724,0.5976724
0.6684381,0.6684381
0.62641805,0.62641805
0.5805543,0.5805543
0.553749,0.553749
0.5959891,0.5959891
0.63017577,0.63017577
0.59860665,0.59860665
0.60421956,0.60421956
0.62689614,0.62689614
0.60504586,0.60504586
0.6321398,0.6321398
0.61397064,0.61397064
0.578393,0.578393
0.6065925,0.6065925
0.6419789,0.6419789
0.6279637,0.6279637
0.5984231,0.5984231
0.6114617,0.6114617
0.580833,0.580833
0.62428427,0.62428427
0.60968727,0.60968727
0.61430734,0.61430734
0.58632,0.58632
0.5947322,0.5947322
0.60199344,0.60199344
0.6205061,0.6205061
0.587745,0.587745
0.6146389,0.6146389
0.6077492,0.6077492
0.61754054,0.61754054
0.59104156,0.59104156
0.61752397,0.61752397
0.5955456,0.5955456
0.5794473,0.5794473
0.60955095,0.60955095
0.5978803,0.5978803
0.63052136,0.63052136
0.63195884,0.63195884
0.6101266,0.6101266
0.61856145,0.61856145
0.58663946,0.58663946
0.5547274,0.5547274
0.6367219,0.6367219
0.6344864,0.6344864
0.6138163,0.6138163
0.6175578,0.6175578
0.58964115,0.58964115
0.5859686,0.5859686
0.6319959,0.6319959
0.5937671,0.5937671
0.5571406,0.5571406
0.60227424,0.60227424
0.617635,0.617635
0.5945081,0.5945081
0.64743197,0.64743197
0.59300464,0.59300464
0.6074623,0.6074623
0.5857808,0.5857808
0.59323037,0.59323037
0.5959366,0.5959366
0.582642,0.582642
0.62273866,0.62273866
0.61531043,0.61531043
0.6073296,0.6073296
0.64731234,0.64731234
0.5893999,0.5893999
0.58691967,0.58691967
0.59773386,0.59773386
0.6150622,0.6150622
0.5948817,0.5948817
0.59867096,0.59867096
0.6496854,0.6496854
0.6044553,0.6044553
0.6437899,0.6437899
0.54069924,0.54069924
0.5156885,0.5156885
0.6652428,0.6652428
0.5609275,0.5609275
0.6369101,0.6369101
0.57174605,0.57174605
0.59018326,0.59018326
0.6224128,0.6224128
0.6126634,0.6126634
0.58950794,0.58950794
0.6144064,0.6144064
0.60420495,0.60420495
0.62791914,0.62791914
0.6086615,0.6086615
0.5765079,0.5765079
0.5765587,0.5765587
0.5817007,0.5817007
0.5911759,0.5911759
0.6454287,0.6454287
0.59172887,0.59172887
0.59534377,0.59534377
0.5980684,0.5980684
0.6530036,0.6530036
0.63748413,0.63748413
0.6151372,0.6151372
0.60054654,0.60054654
0.6331687,0.6331687
0.6185069,0.6185069
0.50720423,0.50720423
0.59246224,0.59246224
0.6443013,0.6443013
0.59133905,0.59133905
0.58845216,0.58845216
0.577978,0.577978
0.60352117,0.60352117
0.57488513,0.57488513
0.57963985,0.57963985
0.5783056,0.5783056
0.5648786,0.5648786
0.59695196,0.59695196
0.5939684,0.5939684
0.60982996,0.60982996
0.5843276,0.5843276
0.6075061,0.6075061
0.6204784,0.6204784
0.61909765,0.61909765
0.6228284,0.6228284
0.5664735,0.5664735
0.59559816,0.59559816
0.61034095,0.61034095
0.5685109,0.5685109
0.63052267,0.63052267
0.6182237,0.6182237
0.5655486,0.5655486
0.57133836,0.57133836
0.63860786,0.63860786
0.56355125,0.56355125
0.62534297,0.62534297
0.5975233,0.5975233
0.6039439,0.6039439
0.61996585,0.61996585
0.63022774,0.63022774
0.5925674,0.5925674
0.62240684,0.62240684
0.5862506,0.5862506
0.574925,0.574925
0.5633625,0.5633625
0.59652495,0.59652495
0.59047157,0.59047157
0.59499574,0.59499574
0.62827533,0.62827533
0.59179085,0.59179085
0.57978547,0.57978547
0.6187392,0.6187392
0.5658805,0.5658805
0.52062345,0.52062345
0.6111048,0.6111048
0.5614423,0.5614423
0.6186985,0.6186985
0.6131839,0.6131839
0.6075586,0.6075586
0.59251124,0.59251124
0.6289952,0.6289952
0.63424844,0.63424844
0.53922623,0.53922623
0.5806606,0.5806606
0.61062723,0.61062723
0.5723552,0.5723552
0.5715644,0.5715644
0.6134685,0.6134685
0.5806275,0.5806275
0.5801216,0.5801216
0.6493841,0.6493841
0.5997598,0.5997598
0.5663106,0.5663106
0.62283605,0.62283605
0.60626143,0.60626143
0.58921295,0.58921295
0.623884,0.623884
0.6159863,0.6159863
0.62877035,0.62877035
0.59467274,0.59467274
0.60974306,0.60974306
0.5948725,0.5948725
0.567689,0.567689
0.5963913,0.5963913
0.58308905,0.58308905
0.5958421,0.5958421
0.6034017,0.6034017
0.60585684,0.60585684
0.5635757,0.5635757
0.6162932,0.6162932
0.61868066,0.61868066
0.58102363,0.58102363
0.61957026,0.61957026
0.6170732,0.6170732
0.57545424,0.57545424
0.6202687,0.6202687
0.603426,0.603426
0.55845803,0.55845803
0.6034828,0.6034828
0.5915237,0.5915237
0.6300479,0.6300479
0.6018101,0.6018101
0.6110208,0.6110208
0.6169215,0.6169215
0.6186384,0.6186384
0.58875734,0.58875734
0.60347664,0.60347664
0.65671366,0.65671366
0.60249686,0.60249686
0.5700079,0.5700079
0.553226,0.553226
0.6287057,0.6287057
0.5925151,0.5925151
0.5588164,0.5588164
0.6239337,0.6239337
0.5751748,0.5751748
0.5696387,0.5696387
0.5779372,0.5779372
0.61117065,0.61117065
0.60475755,0.60475755
0.5921194,0.5921194
0.5836466,0.5836466
0.58563894,0.58563894
0.5643603,0.5643603
0.5975954,0.5975954
0.6247318,0.6247318
0.6316289,0.6316289
0.6160571,0.6160571
0.59308904,0.59308904
0.5899471,0.5899471
0.6100873,0.6100873
0.625595,0.625595
0.58763933,0.58763933
0.6423023,0.6423023
0.59172446,0.59172446
0.62072074,0.62072074
0.61712134,0.61712134
0.5805953,0.5805953
0.49536335,0.49536335
0.51754653,0.51754653
0.46484852,0.46484852
0.40796757,0.40796757
0.5239056,0.5239056
0.4176019,0.4176019
0.49595627,0.49595627
0.5454996,0.5454996
0.61409956,0.61409956
0.60317326,0.60317326
0.5003472,0.5003472
0.41794285,0.41794285
0.40408346,0.40408346
0.4406732,0.4406732
0.39051536,0.39051536
0.46586084,0.46586084
0.4889043,0.4889043
0.5806116,0.5806116
0.51040083,0.51040083
0.6002618,0.6002618
0.46955374,0.46955374
0.5167834,0.5167834
0.45596474,0.45596474
0.49537954,0.49537954
0.44577143,0.44577143
0.5412233,0.5412233
0.4912703,0.4912703
0.49845153,0.49845153
0.529388,0.529388
0.52913827,0.52913827
0.5161942,0.5161942
0.5616738,0.5616738
0.59076416,0.59076416
0.54996675,0.54996675
0.49837616,0.49837616
0.49273542,0.49273542
0.53761786,0.53761786
0.49106476,0.49106476
0.534109,0.534109
0.5682713,0.5682713
0.59996957,0.59996957
0.5496707,0.5496707
0.5585618,0.5585618
0.5475501,0.5475501
0.5634998,0.5634998
0.43197632,0.43197632
0.49300006,0.49300006
0.4105552,0.4105552
0.45932502,0.45932502
0.405631,0.405631
0.49647063,0.49647063
0.533218,0.533218
0.54054844,0.54054844
0.55453515,0.55453515
0.49867618,0.49867618
0.4644915,0.4644915
0.5217266,0.5217266
0.5693061,0.5693061
0.55355465,0.55355465
0.5349705,0.5349705
0.607244,0.607244
0.5723478,0.5723478
0.55381584,0.55381584
0.5524448,0.5524448
0.5287789,0.5287789
0.44992676,0.44992676
0.4565129,0.4565129
0.5656237,0.5656237
0.5408595,0.5408595
0.48100656,0.48100656
0.51359504,0.51359504
0.57643986,0.57643986
0.5324621,0.5324621
0.5825475,0.5825475
0.59864265,0.59864265
0.5217458,0.5217458
0.55657095,0.55657095
0.5501994,0.5501994
0.61382306,0.61382306
0.62971944,0.62971944
0.46849158,0.46849158
0.4271297,0.4271297
0.44618475,0.44618475
0.42437848,0.42437848
0.3680581,0.3680581
0.38841087,0.38841087
0.5138039,0.5138039
0.45682967,0.45682967
0.44141015,0.44141015
0.5679843,0.5679843
0.5388259,0.5388259
0.59473795,0.59473795
0.5784013,0.5784013
0.47445962,0.47445962
0.4903281,0.4903281
0.60643345,0.60643345
0.5389158,0.5389158
0.5890917,0.5890917
0.62755907,0.62755907
0.5756381,0.5756381
0.6256725,0.6256725
0.51520234,0.51520234
0.50151366,0.50151366
0.5716028,0.5716028
0.57692075,0.57692075
0.6129137,0.6129137
0.5153906,0.5153906
0.54442114,0.54442114
0.5637297,0.5637297
0.61444783,0.61444783
0.5974693,0.5974693
0.59386516,0.59386516
0.5733468,0.5733468
0.5305318,0.5305318
0.5206845,0.5206845
0.6610765,0.6610765
0.56379575,0.56379575
0.50621045,0.50621045
0.5573393,0.5573393
0.4807801,0.4807801
0.43324038,0.43324038
0.44173646,0.44173646
0.51044935,0.51044935
0.534388,0.534388
0.46736795,0.46736795
0.476556,0.476556
0.50115144,0.50115144
0.5647561,0.5647561
0.4282151,0.4282151
0.44588265,0.44588265
0.4407153,0.4407153
0.54781437,0.54781437
0.47149327,0.47149327
0.4985861,0.4985861
0.4676725,0.4676725
0.4786491,0.4786491
0.511111,0.511111
0.5000461,0.5000461
0.3901558,0.3901558
0.5879039,0.5879039
0.51172715,0.51172715
0.49564385,0.49564385
0.46698335,0.46698335
0.46751842,0.46751842
0.49402678,0.49402678
0.48495826,0.48495826
0.54490626,0.54490626
0.43514305,0.43514305
0.52155405,0.52155405
0.5303996,0.5303996
0.44346577,0.44346577
0.42474055,0.42474055
0.54686993,0.54686993
0.5937602,0.5937602
0.56762445,0.56762445
0.42054245,0.42054245
0.52221286,0.52221286
0.5814637,0.5814637
0.5693582,0.5693582
0.59904134,0.59904134
0.52074957,0.52074957
0.5715956,0.5715956
0.5610226,0.5610226
0.53842014,0.53842014
0.49695253,0.49695253
0.5658959,0.5658959
0.45982698,0.45982698
0.57226217,0.57226217
0.5290545,0.5290545
0.61303896,0.61303896
0.50503796,0.50503796
0.5358239,0.5358239
0.5486708,0.5486708
0.5715789,0.5715789
0.6175008,0.6175008
0.586796,0.586796
0.6075111,0.6075111
0.57613534,0.57613534
0.58879817,0.58879817
0.6164484,0.6164484
0.6292124,0.6292124
0.48159155,0.48159155
0.450612,0.450612
0.4683179,0.4683179
0.44002447,0.44002447
0.51174927,0.51174927
0.49568263,0.49568263
0.5441972,0.5441972
0.567622,0.567622
0.57948226,0.57948226
0.5739113,0.5739113
0.5751911,0.5751911
0.5794853,0.5794853
0.4564504,0.4564504
0.58553797,0.58553797
0.55093086,0.55093086
0.53633785,0.53633785
0.46035153,0.46035153
0.5095107,0.5095107
0.44419312,0.44419312
0.49553028,0.49553028
0.4840179,0.4840179
0.3789445,0.3789445
0.4032535,0.4032535
0.40121686,0.40121686
0.39859244,0.39859244
0.48563614,0.48563614
0.5378289,0.5378289
0.413449,0.413449
0.594409,0.594409
0.58122665,0.58122665
0.58522105,0.58522105
0.5723119,0.5723119
0.5374434,0.5374434
0.503994,0.503994
0.44655704,0.44655704
0.51926094,0.51926094
0.5390473,0.5390473
0.5303488,0.5303488
0.60823506,0.60823506
0.5861514,0.5861514
0.5689533,0.5689533
0.59657717,0.59657717
0.6211326,0.6211326
0.5113186,0.5113186
0.57737833,0.57737833
0.64689124,0.64689124
0.65798235,0.65798235
0.5805836,0.5805836
0.5893524,0.5893524
0.6234022,0.6234022
0.58266366,0.58266366
0.5707493,0.5707493
0.6068351,0.6068351
0.56294847,0.56294847
0.52704847,0.52704847
0.43671343,0.43671343
0.5140497,0.5140497
0.5079202,0.5079202
0.5834723,0.5834723
0.55591756,0.55591756
0.6545273,0.6545273
0.5918264,0.5918264
0.57572526,0.57572526
0.5130462,0.5130462
0.6019107,0.6019107
0.6214655,0.6214655
0.59448045,0.59448045
0.65563387,0.65563387
0.6260263,0.6260263
0.6448081,0.6448081
0.6491493,0.6491493
0.5983434,0.5983434
0.63635516,0.63635516
0.6147558,0.6147558
0.6193714,0.6193714
0.4608251,0.4608251
0.48414555,0.48414555
0.48257425,0.48257425
0.37771305,0.37771305
0.39096412,0.39096412
0.4395707,0.4395707
0.45123693,0.45123693
0.59786487,0.59786487
0.63738596,0.63738596
0.51014715,0.51014715
0.57762736,0.57762736
0.4544513,0.4544513
0.5206449,0.5206449
0.46231216,0.46231216
0.5281683,0.5281683
0.45067456,0.45067456
0.6248005,0.6248005
0.56533235,0.56533235
0.6386925,0.6386925
0.52726066,0.52726066
0.5766502,0.5766502
0.5443734,0.5443734
0.47839215,0.47839215
0.5496173,0.5496173
0.46323353,0.46323353
0.46435362,0.46435362
0.63590854,0.63590854
0.5868474,0.5868474
0.51039636,0.51039636
0.5648741,0.5648741
0.49017164,0.49017164
0.54219294,0.54219294
0.5318797,0.5318797
0.56699044,0.56699044
0.5689824,0.5689824
0.5454817,0.5454817
0.5115528,0.5115528
0.52742094,0.52742094
0.5810638,0.5810638
0.5149167,0.5149167
0.5656428,0.5656428
0.48142907,0.48142907
0.56537217,0.56537217
0.5304365,0.5304365
0.56708276,0.56708276
0.6247378,0.6247378
0.57808447,0.57808447
0.5147685,0.5147685
0.5564221,0.5564221
0.43714592,0.43714592
0.47187427,0.47187427
0.48623165,0.48623165
0.45631412,0.45631412
0.43237174,0.43237174
0.59136295,0.59136295
0.5505242,0.5505242
0.6339599,0.6339599
0.6473255,0.6473255
0.6075398,0.6075398
0.6312213,0.6312213
0.58953077,0.58953077
0.60186094,0.60186094
0.566918,0.566918
0.47855517,0.47855517
0.4724372,0.4724372
0.4484386,0.4484386
0.45756993,0.45756993
0.46282667,0.46282667
0.5041201,0.5041201
0.47043386,0.47043386
0.48840126,0.48840126
0.61769366,0.61769366
0.546739,0.546739
0.5388649,0.5388649
0.5831855,0.5831855
0.5955427,0.5955427
0.4430559,0.4430559
0.5009954,0.5009954
0.46516228,0.46516228
0.54707307,0.54707307
0.48224685,0.48224685
0.5429297,0.5429297
0.59891987,0.59891987
0.6320014,0.6320014
0.56702054,0.56702054
0.6032975,0.6032975
0.62707585,0.62707585
0.6357248,0.6357248
0.58809114,0.58809114
0.49479464,0.49479464
0.41117036,0.41117036
0.40737477,0.40737477
0.42518434,0.42518434
0.52972186,0.52972186
0.54647917,0.54647917
0.41902927,0.41902927
0.5011433,0.5011433
0.4684863,0.4684863
0.4119928,0.4119928
0.52603894,0.52603894
0.5888162,0.5888162
0.5882885,0.5882885
0.54747075,0.54747075
0.57524025,0.57524025
0.5585716,0.5585716
0.5022597,0.5022597
0.5165246,0.5165246
0.4964371,0.4964371
0.45447153,0.45447153
0.47915453,0.47915453
0.49636433,0.49636433
0.5296593,0.5296593
0.50520253,0.50520253
0.48316842,0.48316842
0.50490224,0.50490224
0.5343473,0.5343473
0.54936683,0.54936683
0.5943482,0.5943482
0.6208683,0.6208683
0.5934578,0.5934578
0.57263184,0.57263184
0.5220103,0.5220103
0.48688173,0.48688173
0.5335989,0.5335989
0.51942444,0.51942444
0.5446885,0.5446885
0.50929624,0.50929624
0.55464,0.55464
0.557088,0.557088
0.45773062,0.45773062
0.44607025,0.44607025
0.50551414,0.50551414
0.57832134,0.57832134
0.5958129,0.5958129
0.5839838,0.5839838
0.62057966,0.62057966
0.6150373,0.6150373
0.5843911,0.5843911
0.6187227,0.6187227
0.6134999,0.6134999
0.6147162,0.6147162
0.5802735,0.5802735
0.60707283,0.60707283
0.6026819,0.6026819
0.6043711,0.6043711
0.6366873,0.6366873
0.55565053,0.55565053
0.5557952,0.5557952
0.49991983,0.49991983
0.49576682,0.49576682
0.4794016,0.4794016
0.56866354,0.56866354
0.5594186,0.5594186
0.56303257,0.56303257
0.502677,0.502677
0.5012322,0.5012322
0.46797544,0.46797544
0.48994464,0.48994464
0.54357135,0.54357135
0.5066968,0.5066968
0.5406206,0.5406206
0.4489422,0.4489422
0.40894818,0.40894818
0.5124718,0.5124718
0.48811582,0.48811582
0.48202208,0.48202208
0.48225102,0.48225102
0.45284942,0.45284942
0.5711486,0.5711486
0.50882035,0.50882035
0.4778537,0.4778537
0.5810147,0.5810147
0.47475538,0.47475538
0.5289101,0.5289101
0.49580207,0.49580207
0.47514546,0.47514546
0.5507109,0.5507109
0.5085194,0.5085194
0.5439865,0.5439865
0.50189203,0.50189203
0.50383765,0.50383765
0.52301526,0.52301526
0.52458304,0.52458304
0.49121356,0.49121356
0.48253363,0.48253363
0.4960962,0.4960962
0.5839895,0.5839895
0.55156904,0.55156904
0.4313696,0.4313696
0.55714864,0.55714864
0.5406816,0.5406816
0.46532628,0.46532628
0.51584774,0.51584774
0.46644938,0.46644938
0.462291,0.462291
0.4892298,0.4892298
0.4841259,0.4841259
0.462049,0.462049
0.48773065,0.48773065
0.5270448,0.5270448
0.4256676,0.4256676
0.42085415,0.42085415
0.43714568,0.43714568
0.4689227,0.4689227
0.5399817,0.5399817
0.5742161,0.5742161
0.56875414,0.56875414
0.494292,0.494292
0.5760271,0.5760271
0.5008747,0.5008747
0.55701566,0.55701566
0.56366146,0.56366146
0.515648,0.515648
0.5558493,0.5558493
0.57050854,0.57050854
0.47729754,0.47729754
0.50957406,0.50957406
0.50720227,0.50720227
0.4700441,0.4700441
0.4548927,0.4548927
0.49431512,0.49431512
0.5492682,0.5492682
0.4000072,0.4000072
0.43796247,0.43796247
0.5842069,0.5842069
0.4747371,0.4747371
0.47839114,0.47839114
0.6086495,0.6086495
0.49444613,0.49444613
0.46874505,0.46874505
0.5826946,0.5826946
0.53504515,0.53504515
0.5284544,0.5284544
0.43404794,0.43404794
0.50312775,0.50312775
0.47598296,0.47598296
0.4800428,0.4800428
0.51191986,0.51191986
0.4274236,0.4274236
0.4359311,0.4359311
0.5383493,0.5383493
0.42611596,0.42611596
0.44893187,0.44893187
0.5137717,0.5137717
0.5159642,0.5159642
0.586099,0.586099
0.6033568,0.6033568
0.56332874,0.56332874
0.5360466,0.5360466
0.59169054,0.59169054
0.597868,0.597868
0.58023965,0.58023965
0.59557897,0.59557897
0.5908075,0.5908075
0.58368945,0.58368945
0.53501606,0.53501606
0.5385329,0.5385329
0.506898,0.506898
0.5430278,0.5430278
0.59813195,0.59813195
0.4279206,0.4279206
0.54252684,0.54252684
0.5331704,0.5331704
0.5679912,0.5679912
0.6097897,0.6097897
0.49094447,0.49094447
0.5515106,0.5515106
0.5244509,0.5244509
0.5132832,0.5132832
0.5060337,0.5060337
0.45545194,0.45545194
0.5407346,0.5407346
0.46523732,0.46523732
0.48686668,0.48686668
0.58293897,0.58293897
0.5124727,0.5124727
0.5276463,0.5276463
0.44948322,0.44948322
0.5375562,0.5375562
0.64352256,0.64352256
0.601216,0.601216
0.5995817,0.5995817
0.6655171,0.6655171
0.6315961,0.6315961
0.600941,0.600941
0.55967385,0.55967385
0.6130516,0.6130516
0.5741322,0.5741322
0.62510127,0.62510127
0.59455144,0.59455144
0.51963836,0.51963836
0.62752366,0.62752366
0.5114445,0.5114445
0.48567286,0.48567286
0.46734738,0.46734738
0.47009006,0.47009006
0.45146945,0.45146945
0.48029473,0.48029473
0.449029,0.449029
0.45646605,0.45646605
0.46891186,0.46891186
0.50166804,0.50166804
0.55791545,0.55791545
0.53939784,0.53939784
0.52333933,0.52333933
0.46576756,0.46576756
0.52347195,0.52347195
0.57265437,0.57265437
0.5819389,0.5819389
0.61102015,0.61102015
0.6363617,0.6363617
0.54216325,0.54216325
0.61429256,0.61429256
0.6531079,0.6531079
0.55834454,0.55834454
0.57091314,0.57091314
0.57458955,0.57458955
0.5872917,0.5872917
0.627813,0.627813
0.5825009,0.5825009
0.573861,0.573861
0.61622065,0.61622065
0.5992283,0.5992283
0.4904356,0.4904356
0.48741165,0.48741165
0.56325316,0.56325316
0.5473227,0.5473227
0.4034111,0.4034111
0.5138379,0.5138379
0.54034454,0.54034454
0.52156025,0.52156025
0.47057042,0.47057042
0.40215296,0.40215296
0.4305064,0.4305064
0.42738622,0.42738622
0.58261853,0.58261853
0.47833258,0.47833258
0.58130926,0.58130926
0.54231364,0.54231364
0.6144513,0.6144513
0.5648048,0.5648048
0.5717397,0.5717397
0.59295595,0.59295595
0.5939485,0.5939485
0.5969631,0.5969631
0.5927726,0.5927726
0.51926756,0.51926756
0.51484174,0.51484174
0.5276815,0.5276815
0.5890504,0.5890504
0.49553794,0.49553794
0.47390708,0.47390708
0.5501073,0.5501073
0.4537488,0.4537488
0.4982469,0.4982469
0.5595972,0.5595972
0.51745987,0.51745987
0.4543878,0.4543878
0.4347745,0.4347745
0.5777098,0.5777098
0.5423381,0.5423381
0.4808942,0.4808942
0.44618407,0.44618407
0.4630499,0.4630499
0.51699585,0.51699585
0.48450992,0.48450992
0.49259323,0.49259323
0.46778634,0.46778634
0.5106725,0.5106725
0.52837163,0.52837163
0.57513803,0.57513803
0.5734406,0.5734406
0.4303493,0.4303493
0.5461896,0.5461896
0.52032864,0.52032864
0.5110833,0.5110833
0.5262275,0.5262275
0.52236867,0.52236867
0.56112343,0.56112343
0.52090037,0.52090037
0.5579709,0.5579709
0.5526471,0.5526471
0.5263318,0.5263318
0.58821094,0.58821094
0.52463245,0.52463245
0.580754,0.580754
0.56864554,0.56864554
0.54059535,0.54059535
0.4565921,0.4565921
0.46911713,0.46911713
0.5180845,0.5180845
0.41210002,0.41210002
0.5209326,0.5209326
0.4722527,0.4722527
0.4234785,0.4234785
0.419179,0.419179
0.4822382,0.4822382
0.42012563,0.42012563
0.5422264,0.5422264
0.44119436,0.44119436
0.59154,0.59154
0.62641805,0.62641805
0.5756727,0.5756727
0.46978763,0.46978763
0.43339807,0.43339807
0.5399101,0.5399101
0.5889425,0.5889425
0.56006116,0.56006116
0.52374387,0.52374387
0.4418147,0.4418147
0.49068603,0.49068603
0.4780398,0.4780398
0.48073193,0.48073193
0.47862756,0.47862756
0.41214803,0.41214803
0.55841625,0.55841625
0.5429879,0.5429879
0.5446784,0.5446784
0.57009727,0.57009727
0.58088547,0.58088547
0.48211613,0.48211613
0.4699117,0.4699117
0.5621888,0.5621888
0.55865633,0.55865633
0.5086713,0.5086713
0.43788838,0.43788838
0.5762,0.5762
0.5877956,0.5877956
0.45063695,0.45063695
0.5515781,0.5515781
0.56110394,0.56110394
0.59282106,0.59282106
0.5384709,0.5384709
0.52301013,0.52301013
0.5799564,0.5799564
0.52510196,0.52510196
0.47969347,0.47969347
0.51276255,0.51276255
0.58006424,0.58006424
0.5218569,0.5218569
0.55591404,0.55591404
0.49234796,0.49234796
0.5246167,0.5246167
0.57005894,0.57005894
0.578512,0.578512
0.5921738,0.5921738
0.55235684,0.55235684
0.58400196,0.58400196
0.5967294,0.5967294
0.5363594,0.5363594
0.53187615,0.53187615
0.5921396,0.5921396
0.5432738,0.5432738
0.4531614,0.4531614
0.5449153,0.5449153
0.5990545,0.5990545
0.6009417,0.6009417
0.5786015,0.5786015
0.581789,0.581789
0.64606607,0.64606607
0.56760764,0.56760764
0.6088742,0.6088742
0.5643873,0.5643873
0.43311498,0.43311498
0.5956767,0.5956767
0.5639214,0.5639214
0.5816229,0.5816229
0.55391264,0.55391264
0.5474341,0.5474341
0.5337477,0.5337477
0.54362696,0.54362696
0.5713157,0.5713157
0.4953195,0.4953195
0.56757706,0.56757706
0.6869198,0.6869198
0.6697093,0.6697093
0.57834965,0.57834965
0.58188754,0.58188754
0.6118558,0.6118558
0.5840882,0.5840882
0.6439763,0.6439763
0.5874746,0.5874746
0.59335333,0.59335333
0.599106,0.599106
0.5865743,0.5865743
0.57642126,0.57642126
0.5824127,0.5824127
0.63348806,0.63348806
0.45041302,0.45041302
0.50906056,0.50906056
0.42729148,0.42729148
0.46571064,0.46571064
0.55968314,0.55968314
0.49851683,0.49851683
0.5101741,0.5101741
0.42333978,0.42333978
0.4865673,0.4865673
0.48539272,0.48539272
0.52860504,0.52860504
0.47354802,0.47354802
0.5446323,0.5446323
0.4663274,0.4663274
0.45651093,0.45651093
0.5116275,0.5116275
0.6372899,0.6372899
0.61561614,0.61561614
0.60074747,0.60074747
0.60077345,0.60077345
0.4004943,0.4004943
0.49854013,0.49854013
0.43192154,0.43192154
0.42960387,0.42960387
0.4644599,0.4644599
0.43974197,0.43974197
0.488852,0.488852
0.41100964,0.41100964
0.39043078,0.39043078
0.39777738,0.39777738
0.49606013,0.49606013
0.5204093,0.5204093
0.55738217,0.55738217
0.55480844,0.55480844
0.51592565,0.51592565
0.5212816,0.5212816
0.46919897,0.46919897
0.53091514,0.53091514
0.52304524,0.52304524
0.51961094,0.51961094
0.6155242,0.6155242
0.58161026,0.58161026
0.6301874,0.6301874
0.56098884,0.56098884
0.52794963,0.52794963
0.5197723,0.5197723
0.55410683,0.55410683
0.4802504,0.4802504
0.51089793,0.51089793
0.53525627,0.53525627
0.52946484,0.52946484
0.600634,0.600634
0.5995611,0.5995611
0.6111317,0.6111317
0.47296628,0.47296628
0.5551976,0.5551976
0.5476351,0.5476351
0.46567765,0.46567765
0.4767769,0.4767769
0.5436548,0.5436548
0.45790547,0.45790547
0.50710577,0.50710577
0.54617906,0.54617906
0.65285426,0.65285426
0.56347835,0.56347835
0.52117103,0.52117103
0.5410138,0.5410138
0.5550866,0.5550866
0.48554462,0.48554462
0.481052,0.481052
0.5022161,0.5022161
0.51312697,0.51312697
0.5545193,0.5545193
0.4985702,0.4985702
0.46755168,0.46755168
0.46142313,0.46142313
0.5250929,0.5250929
0.5320421,0.5320421
0.539093,0.539093
0.58703715,0.58703715
0.52701265,0.52701265
0.64062214,0.64062214
0.6613273,0.6613273
0.49598354,0.49598354
0.41615406,0.41615406
0.5449048,0.5449048
0.5436013,0.5436013
0.45100552,0.45100552
0.50045466,0.50045466
0.52840805,0.52840805
0.55905116,0.55905116
0.47272953,0.47272953
0.4474397,0.4474397
0.6045356,0.6045356
0.5114358,0.5114358
0.5145267,0.5145267
0.57198626,0.57198626
0.6057107,0.6057107
0.56723356,0.56723356
0.6115197,0.6115197
0.60675406,0.60675406
0.60834086,0.60834086
0.6107497,0.6107497
0.52437854,0.52437854
0.56861913,0.56861913
0.4975675,0.4975675
0.43437564,0.43437564
0.48735172,0.48735172
0.5609917,0.5609917
0.5354448,0.5354448
0.55223435,0.55223435
0.5898163,0.5898163
0.4855693,0.4855693
0.5291669,0.5291669
0.5202258,0.5202258
0.52647114,0.52647114
0.49276373,0.49276373
0.514381,0.514381
0.5062687,0.5062687
0.5412039,0.5412039
0.53855443,0.53855443
0.5262485,0.5262485
0.51358306,0.51358306
0.52975136,0.52975136
0.5370557,0.5370557
0.58402914,0.58402914
0.6003789,0.6003789
0.6202914,0.6202914
0.58001316,0.58001316
0.6017733,0.6017733
0.54951376,0.54951376
0.5936189,0.5936189
0.5712885,0.5712885
0.6345781,0.6345781
0.59296876,0.59296876
0.63201976,0.63201976
0.6069458,0.6069458
0.54166746,0.54166746
0.60759336,0.60759336
0.5897456,0.5897456
0.67372054,0.67372054
0.6080925,0.6080925
0.65837073,0.65837073
0.6108581,0.6108581
0.6011747,0.6011747
0.60025346,0.60025346
0.59639424,0.59639424
0.69273674,0.69273674
0.63319194,0.63319194
0.6656162,0.6656162
0.57984287,0.57984287
0.5250538,0.5250538
0.62107456,0.62107456
0.67070717,0.67070717
0.55634665,0.55634665
0.5642607,0.5642607
0.56734824,0.56734824
0.5783925,0.5783925
0.59458596,0.59458596
0.5832357,0.5832357
0.5500879,0.5500879
0.53567976,0.53567976
0.56809884,0.56809884
0.5374694,0.5374694
0.5151554,0.5151554
0.56029534,0.56029534
0.5616354,0.5616354
0.58262664,0.58262664
0.5677009,0.5677009
0.5609373,0.5609373
0.57594436,0.57594436
0.5680039,0.5680039
0.5460928,0.5460928
0.5508911,0.5508911
0.57336414,0.57336414
0.5360304,0.5360304
0.51920533,0.51920533
0.5403138,0.5403138
0.5521446,0.5521446
0.5493856,0.5493856
0.61935675,0.61935675
0.5646756,0.5646756
0.5916515,0.5916515
0.5648867,0.5648867
0.61068046,0.61068046
0.57645047,0.57645047
0.53792554,0.53792554
0.53903973,0.53903973
0.58780366,0.58780366
0.60812914,0.60812914
0.5400057,0.5400057
0.5333922,0.5333922
0.57680106,0.57680106
0.5848718,0.5848718
0.5503461,0.5503461
0.5655701,0.5655701
0.5446521,0.5446521
0.51769704,0.51769704
0.5892265,0.5892265
0.5884383,0.5884383
0.5844559,0.5844559
0.5683262,0.5683262
0.6149872,0.6149872
0.5577978,0.5577978
0.5974558,0.5974558
0.5900282,0.5900282
0.5642918,0.5642918
0.5780927,0.5780927
0.56122804,0.56122804
0.58881605,0.58881605
0.548436,0.548436
0.59200615,0.59200615
0.5801813,0.5801813
0.5735445,0.5735445
0.5705067,0.5705067
0.52828383,0.52828383
0.5990503,0.5990503
0.57161206,0.57161206
0.577067,0.577067
0.60234874,0.60234874
0.5671605,0.5671605
0.5643355,0.5643355
0.58275336,0.58275336
0.5658709,0.5658709
0.5441056,0.5441056
0.53449506,0.53449506
0.55327916,0.55327916
0.55891114,0.55891114
0.55567765,0.55567765
0.58087456,0.58087456
0.5733924,0.5733924
0.5509515,0.5509515
0.5808588,0.5808588
0.6025294,0.6025294
0.60219294,0.60219294
0.5919769,0.5919769
0.55685294,0.55685294
0.5164066,0.5164066
0.59020144,0.59020144
0.5604276,0.5604276
0.5707196,0.5707196
0.5599943,0.5599943
0.55970204,0.55970204
0.549642,0.549642
0.546862,0.546862
0.55067116,0.55067116
0.5380875,0.5380875
0.59474427,0.59474427
0.5926395,0.5926395
0.5622964,0.5622964
0.58250356,0.58250356
0.58814037,0.58814037
0.5659814,0.5659814
0.57478774,0.57478774
0.55524856,0.55524856
0.575733,0.575733
0.5480781,0.5480781
0.5590621,0.5590621
0.5443107,0.5443107
0.5574121,0.5574121
0.61259997,0.61259997
0.5260542,0.5260542
0.52599406,0.52599406
0.55449474,0.55449474
0.538793,0.538793
0.4680606,0.4680606
0.62818563,0.62818563
0.5702018,0.5702018
0.6042469,0.6042469
0.5467502,0.5467502
0.52598906,0.52598906
0.61220604,0.61220604
0.5502626,0.5502626
0.5843073,0.5843073
0.5668403,0.5668403
0.50224876,0.50224876
0.542942,0.542942
0.5701111,0.5701111
0.55274755,0.55274755
0.6178659,0.6178659
0.4976511,0.4976511
0.5297485,0.5297485
0.5155482,0.5155482
0.6070406,0.6070406
0.5795269,0.5795269
0.58987623,0.58987623
0.60671014,0.60671014
0.5830052,0.5830052
0.58051705,0.58051705
0.54023755,0.54023755
0.55841094,0.55841094
0.56114143,0.56114143
0.57117414,0.57117414
0.6131253,0.6131253
0.6222784,0.6222784
0.6179506,0.6179506
0.56604415,0.56604415
0.58234495,0.58234495
0.5316997,0.5316997
0.5593821,0.5593821
0.5930271,0.5930271
0.5518601,0.5518601
0.5508716,0.5508716
0.57406265,0.57406265
0.571153,0.571153
0.57722324,0.57722324
0.49677843,0.49677843
0.5692416,0.5692416
0.5741672,0.5741672
0.6148933,0.6148933
0.55603945,0.55603945
0.5714155,0.5714155
0.5680808,0.5680808
0.59006757,0.59006757
0.5541919,0.5541919
0.58551425,0.58551425
0.5863654,0.5863654
0.56055385,0.56055385
0.5759297,0.5759297
0.5418084,0.5418084
0.55756736,0.55756736
0.5407439,0.5407439
0.5753122,0.5753122
0.5520537,0.5520537
0.59091234,0.59091234
0.5912919,0.5912919
0.5698904,0.5698904
0.5462646,0.5462646
0.5647955,0.5647955
0.55538386,0.55538386
0.5712909,0.5712909
0.6074412,0.6074412
0.57993186,0.57993186
0.6014088,0.6014088
0.62595326,0.62595326
0.61337256,0.61337256
0.61887836,0.61887836
0.54821086,0.54821086
0.63060784,0.63060784
0.48314276,0.48314276
0.4721293,0.4721293
0.42463422,0.42463422
0.64738625,0.64738625
0.37776864,0.37776864
0.44783512,0.44783512
0.5098444,0.5098444
0.42070726,0.42070726
0.40662193,0.40662193
0.3847362,0.3847362
0.43491313,0.43491313
0.38005692,0.38005692
0.42072797,0.42072797
0.41300967,0.41300967
0.70728076,0.70728076
0.5881776,0.5881776
0.41731495,0.41731495
0.46176502,0.46176502
0.47564644,0.47564644
0.4862105,0.4862105
0.6447338,0.6447338
0.61145246,0.61145246
0.59484243,0.59484243
0.6792863,0.6792863
0.43883675,0.43883675
0.41915733,0.41915733
0.40805203,0.40805203
0.47885674,0.47885674
0.3687941,0.3687941
0.41393423,0.41393423
0.44769886,0.44769886
0.48215085,0.48215085
0.4781019,0.4781019
0.41548994,0.41548994
0.48007306,0.48007306
0.41280922,0.41280922
0.35809663,0.35809663
0.59036803,0.59036803
0.45473284,0.45473284
0.3904031,0.3904031
0.38683057,0.38683057
0.39904517,0.39904517
0.44640246,0.44640246
0.49658984,0.49658984
0.4181945,0.4181945
0.4488802,0.4488802
0.41778138,0.41778138
0.45562702,0.45562702
0.60377705,0.60377705
0.60987854,0.60987854
0.48682365,0.48682365
0.48254412,0.48254412
0.55003715,0.55003715
0.46938366,0.46938366
0.45745832,0.45745832
0.48170087,0.48170087
0.48535386,0.48535386
0.50566983,0.50566983
0.55231166,0.55231166
0.5327429,0.5327429
0.47538462,0.47538462
0.4413059,0.4413059
0.53809994,0.53809994
0.43155354,0.43155354
0.5286506,0.5286506
0.5641827,0.5641827
0.59185207,0.59185207
0.6152215,0.6152215
0.59098107,0.59098107
0.53874046,0.53874046
0.6317444,0.6317444
0.41753626,0.41753626
0.49356392,0.49356392
0.5844295,0.5844295
0.53557694,0.53557694
0.6745295,0.6745295
0.47079003,0.47079003
0.40257138,0.40257138
0.4372896,0.4372896
0.39820933,0.39820933
0.58698076,0.58698076
0.56185704,0.56185704
0.55251414,0.55251414
0.5454192,0.5454192
0.60097724,0.60097724
0.6027321,0.6027321
0.5621168,0.5621168
0.5762989,0.5762989
0.62222844,0.62222844
0.5348949,0.5348949
0.6188162,0.6188162
0.5874837,0.5874837
0.5637667,0.5637667
0.5670212,0.5670212
0.599126,0.599126
0.52884316,0.52884316
0.62515527,0.62515527
0.5883408,0.5883408
0.6133031,0.6133031
0.57814616,0.57814616
0.5629472,0.5629472
0.5970237,0.5970237
0.61216533,0.61216533
0.6011862,0.6011862
0.59034085,0.59034085
0.5728357,0.5728357
0.5962943,0.5962943
0.60759073,0.60759073
0.5894614,0.5894614
0.58325106,0.58325106
0.57773024,0.57773024
0.45864356,0.45864356
0.5799777,0.5799777
0.47668695,0.47668695
0.5251102,0.5251102
0.5284214,0.5284214
0.4899112,0.4899112
0.6059897,0.6059897
0.5558661,0.5558661
0.5574558,0.5574558
0.56033236,0.56033236
0.50944775,0.50944775
0.4307513,0.4307513
0.5248295,0.5248295
0.5082408,0.5082408
0.5158489,0.5158489
0.52804786,0.52804786
0.4654518,0.4654518
0.5827268,0.5827268
0.56720954,0.56720954
0.5494863,0.5494863
0.59570074,0.59570074
0.5977857,0.5977857
0.5631592,0.5631592
0.5693745,0.5693745
0.5620613,0.5620613
0.5010885,0.5010885
0.5206914,0.5206914
0.5747501,0.5747501
0.5834051,0.5834051
0.582823,0.582823
0.5291854,0.5291854
0.56925744,0.56925744
0.4942154,0.4942154
0.52791023,0.52791023
0.5322733,0.5322733
0.47025263,0.47025263
0.52498204,0.52498204
0.53079975,0.53079975
0.5315358,0.5315358
0.5656942,0.5656942
0.5581711,0.5581711
0.56178576,0.56178576
0.55941284,0.55941284
0.47546718,0.47546718
0.6304912,0.6304912
0.57170403,0.57170403
0.5703055,0.5703055
0.59758955,0.59758955
0.5112629,0.5112629
0.61200345,0.61200345
0.6257353,0.6257353
0.54478645,0.54478645
0.61260927,0.61260927
0.6040509,0.6040509
0.5028405,0.5028405
0.5250973,0.5250973
0.5211757,0.5211757
0.59596395,0.59596395
0.5402653,0.5402653
0.5199447,0.5199447
0.41074675,0.41074675
0.5165519,0.5165519
0.58628017,0.58628017
0.5619909,0.5619909
0.5936822,0.5936822
0.5501701,0.5501701
0.6061295,0.6061295
0.6054236,0.6054236
0.63315,0.63315
0.59440595,0.59440595
0.6329158,0.6329158
0.55161864,0.55161864
0.56765246,0.56765246
0.5819465,0.5819465
0.59036356,0.59036356
0.59487414,0.59487414
0.6254864,0.6254864
0.5881542,0.5881542
0.60270464,0.60270464
0.5668056,0.5668056
0.6056193,0.6056193
0.6098219,0.6098219
0.604299,0.604299
0.5648539,0.5648539
0.6064779,0.6064779
0.4893323,0.4893323
0.60923576,0.60923576
0.6055649,0.6055649
0.61148995,0.61148995
0.58801657,0.58801657
0.601842,0.601842
0.5919183,0.5919183
0.6258192,0.6258192
0.5665532,0.5665532
0.54767346,0.54767346
0.5706676,0.5706676
0.57453746,0.57453746
0.63631654,0.63631654
0.6046817,0.6046817
0.5946997,0.5946997
0.62385315,0.62385315
0.5231184,0.5231184
0.437018,0.437018
0.51102793,0.51102793
0.520953,0.520953
0.55965394,0.55965394
0.51233757,0.51233757
0.59389555,0.59389555
0.5486951,0.5486951
0.5620308,0.5620308
0.57923794,0.57923794
0.5840729,0.5840729
0.6077003,0.6077003
0.5630868,0.5630868
0.6160703,0.6160703
0.57835174,0.57835174
0.62202984,0.62202984
0.60728925,0.60728925
0.5907765,0.5907765
0.5840195,0.5840195
0.6372016,0.6372016
0.5800341,0.5800341
0.5824821,0.5824821
0.5273042,0.5273042
0.59824854,0.59824854
0.60423565,0.60423565
0.5804498,0.5804498
0.5906246,0.5906246
0.6204135,0.6204135
0.60757476,0.60757476
0.6092438,0.6092438
0.5556755,0.5556755
0.6346934,0.6346934
0.6275061,0.6275061
0.61708885,0.61708885
0.6381621,0.6381621
0.5140713,0.5140713
0.61757183,0.61757183
0.6026506,0.6026506
0.642061,0.642061
0.60520726,0.60520726
0.46366876,0.46366876
0.484208,0.484208
0.56385386,0.56385386
0.50259894,0.50259894
0.5011944,0.5011944
0.48654157,0.48654157
0.4892904,0.4892904
0.5403889,0.5403889
0.5541378,0.5541378
0.46603444,0.46603444
0.5111576,0.5111576
0.57968867,0.57968867
0.54177755,0.54177755
0.5303507,0.5303507
0.6139493,0.6139493
0.5099594,0.5099594
0.5852685,0.5852685
0.6154989,0.6154989
0.53532684,0.53532684
0.50722367,0.50722367
0.5833979,0.5833979
0.5846849,0.5846849
0.62078494,0.62078494
0.55767703,0.55767703
0.5559119,0.5559119
0.595309,0.595309
0.5682203,0.5682203
0.4782063,0.4782063
0.6155751,0.6155751
0.6293783,0.6293783
0.6244101,0.6244101
0.6004722,0.6004722
0.6276431,0.6276431
0.6185318,0.6185318
0.60340667,0.60340667
0.62774456,0.62774456
0.59407485,0.59407485
0.58847797,0.58847797
0.60400397,0.60400397
0.5903982,0.5903982
0.59153926,0.59153926
0.60638857,0.60638857
0.6316743,0.6316743
0.61572784,0.61572784
0.62618625,0.62618625
0.5401931,0.5401931
0.58517206,0.58517206
0.579718,0.579718
0.6133341,0.6133341
0.5799632,0.5799632
0.5536202,0.5536202
0.6120337,0.6120337
0.5890444,0.5890444
0.6079207,0.6079207
0.59909767,0.59909767
0.61780703,0.61780703
0.62999254,0.62999254
0.5600372,0.5600372
0.60307354,0.60307354
0.6312862,0.6312862
0.5824132,0.5824132
0.5747912,0.5747912
0.5990411,0.5990411
0.57177603,0.57177603
0.5971552,0.5971552
0.615907,0.615907
0.59323716,0.59323716
0.5727059,0.5727059
0.62285036,0.62285036
0.5691029,0.5691029
0.6260544,0.6260544
0.6376017,0.6376017
0.66894764,0.66894764
0.5552744,0.5552744
0.5880886,0.5880886
0.6095334,0.6095334
0.59954226,0.59954226
0.5995012,0.5995012
0.6060665,0.6060665
0.5495301,0.5495301
0.5666231,0.5666231
0.6262291,0.6262291
0.60688317,0.60688317
0.60101664,0.60101664
0.5756482,0.5756482
0.618324,0.618324
0.61201626,0.61201626
0.59657705,0.59657705
0.5756724,0.5756724
0.5731339,0.5731339
0.56232834,0.56232834
0.58415747,0.58415747
0.58530235,0.58530235
0.6102409,0.6102409
0.59504527,0.59504527
0.6025104,0.6025104
0.62109685,0.62109685
0.632051,0.632051
0.6373972,0.6373972
0.5908877,0.5908877
0.59302264,0.59302264
0.5957289,0.5957289
0.62000155,0.62000155
0.5812191,0.5812191
0.66453105,0.66453105
0.5642756,0.5642756
0.60445225,0.60445225
0.6007669,0.6007669
0.5838691,0.5838691
0.62827206,0.62827206
0.5856996,0.5856996
0.5887728,0.5887728
0.6023861,0.6023861
0.59871966,0.59871966
0.5944391,0.5944391
0.6043218,0.6043218
0.61020344,0.61020344
0.5757209,0.5757209
0.6357693,0.6357693
0.6375072,0.6375072
0.5581994,0.5581994
0.6253732,0.6253732
0.62898415,0.62898415
0.6152494,0.6152494
0.60565925,0.60565925
0.590531,0.590531
0.6361881,0.6361881
0.6007243,0.6007243
0.61554223,0.61554223
0.60550267,0.60550267
0.5818831,0.5818831
0.6222223,0.6222223
0.57860804,0.57860804
0.60558486,0.60558486
0.58191746,0.58191746
0.6496295,0.6496295
0.57833374,0.57833374
0.6080247,0.6080247
0.56141233,0.56141233
0.6041382,0.6041382
0.6005863,0.6005863
0.57530546,0.57530546
0.63332254,0.63332254
0.58319366,0.58319366
0.52548826,0.52548826
0.62396884,0.62396884
0.58076215,0.58076215
0.596385,0.596385
0.56895906,0.56895906
0.5806675,0.5806675
0.60906196,0.60906196
0.5959786,0.5959786
0.6075041,0.6075041
0.6074271,0.6074271
0.60674727,0.60674727
0.57383865,0.57383865
0.55959445,0.55959445
0.58232677,0.58232677
0.5861925,0.5861925
0.54229987,0.54229987
0.6197186,0.6197186
0.6057674,0.6057674
0.5972129,0.5972129
0.6077441,0.6077441
0.5845451,0.5845451
0.5934046,0.5934046
0.63177615,0.63177615
0.60422456,0.60422456
0.6579405,0.6579405
0.5506717,0.5506717
0.58554125,0.58554125
0.5520787,0.5520787
0.5532022,0.5532022
0.5749546,0.5749546
0.5775568,0.5775568
0.53219974,0.53219974
0.6096417,0.6096417
0.59600437,0.59600437
0.56600267,0.56600267
0.5807608,0.5807608
0.66170174,0.66170174
0.5891545,0.5891545
0.56489587,0.56489587
0.5805317,0.5805317
0.6007802,0.6007802
0.5932492,0.5932492
0.5990038,0.5990038
0.6133288,0.6133288
0.5821696,0.5821696
0.59939647,0.59939647
0.6100337,0.6100337
0.59462506,0.59462506
0.6408685,0.6408685
0.60066193,0.60066193
0.6048915,0.6048915
0.5704998,0.5704998
0.5841317,0.5841317
0.58397603,0.58397603
0.63487947,0.63487947
0.5980872,0.5980872
0.6076418,0.6076418
0.5686144,0.5686144
0.6034408,0.6034408
0.5903187,0.5903187
0.60560536,0.60560536
0.5736293,0.5736293
0.62265724,0.62265724
0.6213116,0.6213116
0.64093184,0.64093184
0.59381,0.59381
0.57988834,0.57988834
0.57911545,0.57911545
0.5930416,0.5930416
0.5957348,0.5957348
0.59070456,0.59070456
0.58649313,0.58649313
0.5998904,0.5998904
0.5708243,0.5708243
0.5866623,0.5866623
0.6335012,0.6335012
0.60205173,0.60205173
0.57991046,0.57991046
0.615508,0.615508
0.60882086,0.60882086
0.5621751,0.5621751
0.640102,0.640102
0.6031752,0.6031752
0.62041724,0.62041724
0.61806357,0.61806357
0.5900764,0.5900764
0.58671767,0.58671767
0.60297966,0.60297966
0.5667086,0.5667086
0.6296879,0.6296879
0.65235054,0.65235054
0.5313475,0.5313475
0.54736406,0.54736406
0.57472295,0.57472295
0.5775637,0.5775637
0.5788872,0.5788872
0.6391018,0.6391018
0.5692241,0.5692241
0.63667625,0.63667625
0.58578205,0.58578205
0.61748576,0.61748576
0.58692527,0.58692527
0.585579,0.585579
0.582572,0.582572
0.58251566,0.58251566
0.58223915,0.58223915
0.6048341,0.6048341
0.4910102,0.4910102
0.6012096,0.6012096
0.56008905,0.56008905
0.5831261,0.5831261
0.56946343,0.56946343
0.6050655,0.6050655
0.58040684,0.58040684
0.6457218,0.6457218
0.62245923,0.62245923
0.5950199,0.5950199
0.6133094,0.6133094
0.5880656,0.5880656
0.6079607,0.6079607
0.5704362,0.5704362
0.66892135,0.66892135
0.6108031,0.6108031
0.6199901,0.6199901
0.58133453,0.58133453
0.58599406,0.58599406
0.62747014,0.62747014
0.5983347,0.5983347
0.60705763,0.60705763
0.5811135,0.5811135
0.60786533,0.60786533
0.55430686,0.55430686
0.6007899,0.6007899
0.5663359,0.5663359
0.52778316,0.52778316
0.52778316,0.52778316
0.52778316,0.52778316
0.52778316,0.52778316
0.52778316,0.52778316
0.52778316,0.52778316
0.52778316,0.52778316
0.52778316,0.52778316
0.52778316,0.52778316
0.52778316,0.52778316
0.52778316,0.52778316
0.52778316,0.52778316
0.52778316,0.52778316
0.52778316,0.52778316
0.52778316,0.52778316
0.52778316,0.52778316
0.52778316,0.52778316
0.52778316,0.52778316
0.52778316,0.52778316
0.52778316,0.52778316
0.52778316,0.52778316
0.52778316,0.52778316
0.52778316,0.52778316
0.52778316,0.52778316
0.52778316,0.52778316
0.52778316,0.52778316
0.52778316,0.52778316
0.52778316,0.52778316
0.52778316,0.52778316
0.52778316,0.52778316
0.52778316,0.52778316
0.52778316,0.52778316
0.52778316,0.52778316
0.52778316,0.52778316
0.52778316,0.52778316
0.52778316,0.52778316
0.52778316,0.52778316
0.52778316,0.52778316
0.52778316,0.52778316
0.52778316,0.52778316
0.52778316,0.52778316
0.52778316,0.52778316
0.52778316,0.52778316
0.52778316,0.52778316
0.52778316,0.52778316
0.53292066,0.53292066
0.58338314,0.58338314
0.5927481,0.5927481
0.62385726,0.62385726
0.59926516,0.59926516
0.56338114,0.56338114
0.59018123,0.59018123
0.60050267,0.60050267
0.5731084,0.5731084
0.6162277,0.6162277
0.59281653,0.59281653
0.68467575,0.68467575
0.5757595,0.5757595
0.5976353,0.5976353
0.57883656,0.57883656
0.6002405,0.6002405
0.5501917,0.5501917
0.598418,0.598418
0.6331233,0.6331233
0.61681855,0.61681855
0.5608183,0.5608183
0.5694711,0.5694711
0.6281145,0.6281145
0.6077235,0.6077235
0.5772295,0.5772295
0.6395954,0.6395954
0.6307549,0.6307549
0.56438375,0.56438375
0.62493175,0.62493175
0.60082406,0.60082406
0.641,0.641
0.5887274,0.5887274
0.59622437,0.59622437
0.58354825,0.58354825
0.58849585,0.58849585
0.5492955,0.5492955
0.5321872,0.5321872
0.50429446,0.50429446
0.48522234,0.48522234
0.45862865,0.45862865
0.46595073,0.46595073
0.44753405,0.44753405
0.49458072,0.49458072
0.50105506,0.50105506
0.52778316,0.52778316
0.52778316,0.52778316
0.52778316,0.52778316
0.52778316,0.52778316
0.52778316,0.52778316
0.52778316,0.52778316
0.52778316,0.52778316
0.52778316,0.52778316
0.52778316,0.52778316
0.52778316,0.52778316
0.52778316,0.52778316
0.52778316,0.52778316
0.52778316,0.52778316
0.52778316,0.52778316
0.52778316,0.52778316
0.52778316,0.52778316
0.52778316,0.52778316
0.52778316,0.52778316
0.52778316,0.52778316
0.52778316,0.52778316
0.52778316,0.52778316
0.52778316,0.52778316
0.52778316,0.52778316
0.52778316,0.52778316
0.52778316,0.52778316
0.52778316,0.52778316
0.52778316,0.52778316
0.52778316,0.52778316
0.52778316,0.52778316
0.52778316,0.52778316
0.52778316,0.52778316
0.52778316,0.52778316
0.52778316,0.52778316
0.52778316,0.52778316
0.52778316,0.52778316
0.52778316,0.52778316
0.52778316,0.52778316
0.52778316,0.52778316
0.52778316,0.52778316
0.52778316,0.52778316
0.52778316,0.52778316
0.52778316,0.52778316
0.52778316,0.52778316
0.52778316,0.52778316
0.52778316,0.52778316
0.52778316,0.52778316
0.52778316,0.52778316
0.52778316,0.52778316
0.52778316,0.52778316
0.52778316,0.52778316
0.52778316,0.52778316
0.52778316,0.52778316
0.52778316,0.52778316
0.52778316,0.52778316
0.52778316,0.52778316
0.52778316,0.52778316
0.52778316,0.52778316
0.52778316,0.52778316
0.52778316,0.52778316
0.52778316,0.52778316
0.52778316,0.52778316
0.52778316,0.52778316
0.52778316,0.52778316
0.52778316,0.52778316
0.52778316,0.52778316
0.52778316,0.52778316
0.5381683,0.5381683
0.37445956,0.37445956
0.42933872,0.42933872
0.48132876,0.48132876
0.4427211,0.4427211
0.43228596,0.43228596
0.46369648,0.46369648
0.40432352,0.40432352
0.52538246,0.52538246
0.4900754,0.4900754
0.596902,0.596902
0.56209326,0.56209326
0.42018044,0.42018044
0.450338,0.450338
0.49291128,0.49291128
0.5363849,0.5363849
0.5581695,0.5581695
0.5674187,0.5674187
0.5619169,0.5619169
0.4903701,0.4903701
0.47660935,0.47660935
0.52991116,0.52991116
0.48316282,0.48316282
0.5612827,0.5612827
0.48082194,0.48082194
0.4788666,0.4788666
0.4942631,0.4942631
0.47808245,0.47808245
0.5131992,0.5131992
0.53000504,0.53000504
0.5193417,0.5193417
0.5043812,0.5043812
0.5122992,0.5122992
0.4856091,0.4856091
0.5593599,0.5593599
0.59711266,0.59711266
0.6478402,0.6478402
0.4502927,0.4502927
0.50149494,0.50149494
0.48958242,0.48958242
0.533396,0.533396
0.46547452,0.46547452
0.5564022,0.5564022
0.35158294,0.35158294
0.46574304,0.46574304
0.4563293,0.4563293
0.48445258,0.48445258
0.4677508,0.4677508
0.52778316,0.52778316
0.52778316,0.52778316
0.52778316,0.52778316
0.52778316,0.52778316
0.52778316,0.52778316
0.52778316,0.52778316
0.52778316,0.52778316
0.52778316,0.52778316
0.52778316,0.52778316
0.52778316,0.52778316
0.52778316,0.52778316
0.52778316,0.52778316
0.52778316,0.52778316
0.52778316,0.52778316
0.52778316,0.52778316
0.52778316,0.52778316
0.52778316,0.52778316
0.52778316,0.52778316
0.52778316,0.52778316
0.52778316,0.52778316
0.52778316,0.52778316
0.52778316,0.52778316
0.52778316,0.52778316
0.52778316,0.52778316
0.52778316,0.52778316
0.52778316,0.52778316
0.52778316,0.52778316
0.52778316,0.52778316
0.52778316,0.52778316
0.52778316,0.52778316
0.52778316,0.52778316
0.52778316,0.52778316
0.52778316,0.52778316
0.52778316,0.52778316
0.52778316,0.52778316
0.52778316,0.52778316
0.52778316,0.52778316
0.52778316,0.52778316
0.52778316,0.52778316
0.52778316,0.52778316
0.52778316,0.52778316
0.52778316,0.52778316
0.52778316,0.52778316
0.52778316,0.52778316
0.52778316,0.52778316
0.52778316,0.52778316
0.562673,0.562673
0.5564201,0.5564201
0.5078421,0.5078421
0.5067533,0.5067533
0.3866619,0.3866619
0.45418185,0.45418185
0.49596035,0.49596035
0.6026643,0.6026643
0.4292319,0.4292319
0.4756095,0.4756095
0.55804926,0.55804926
0.5817742,0.5817742
0.4676808,0.4676808
0.5206269,0.5206269
0.53416514,0.53416514
0.5077358,0.5077358
0.49750522,0.49750522
0.5094782,0.5094782
0.48361108,0.48361108
0.6415548,0.6415548
0.4872781,0.4872781
0.5333708,0.5333708
0.50183403,0.50183403
0.52416766,0.52416766
0.62682474,0.62682474
0.5685701,0.5685701
0.56557447,0.56557447
0.44281545,0.44281545
0.47576556,0.47576556
0.45946008,0.45946008
0.5047807,0.5047807
0.38105053,0.38105053
0.48975325,0.48975325
0.60684514,0.60684514
0.48211402,0.48211402
0.49728018,0.49728018
0.4553704,0.4553704
0.48426038,0.48426038
0.44207647,0.44207647
0.45276847,0.45276847
0.4502297,0.4502297
0.45669252,0.45669252
0.572094,0.572094
0.41055992,0.41055992
0.59893435,0.59893435
0.64635646,0.64635646
0.55423313,0.55423313
0.50188106,0.50188106
0.4456222,0.4456222
0.47167057,0.47167057
0.5331303,0.5331303
0.4243991,0.4243991
0.48681653,0.48681653
0.60722274,0.60722274
0.5471506,0.5471506
0.46542773,0.46542773
0.53849274,0.53849274
0.4939602,0.4939602
0.4834527,0.4834527
0.5188333,0.5188333
0.386171,0.386171
0.3752192,0.3752192
0.43062955,0.43062955
0.56110394,0.56110394
0.5475208,0.5475208
0.49266455,0.49266455
0.4262405,0.4262405
0.5192875,0.5192875
0.55512786,0.55512786
0.5067421,0.5067421
0.5015194,0.5015194
0.5423328,0.5423328
0.61587095,0.61587095
0.55020654,0.55020654
0.4861475,0.4861475
0.58086526,0.58086526
0.5600883,0.5600883
0.5286217,0.5286217
0.45574826,0.45574826
0.45856056,0.45856056
0.52935606,0.52935606
0.5237281,0.5237281
0.53765035,0.53765035
0.45123369,0.45123369
0.51420915,0.51420915
0.5454913,0.5454913
0.45151114,0.45151114
0.46090496,0.46090496
0.33129144,0.33129144
0.49043953,0.49043953
0.43220186,0.43220186
0.54702586,0.54702586
0.48942935,0.48942935
0.4759229,0.4759229
0.45343852,0.45343852
0.42350495,0.42350495
0.5341713,0.5341713
0.43184042,0.43184042
0.40901485,0.40901485
0.47499028,0.47499028
0.48737732,0.48737732
0.42708933,0.42708933
0.4407,0.4407
0.5558877,0.5558877
0.4268068,0.4268068
0.5150726,0.5150726
0.59152234,0.59152234
0.5527486,0.5527486
0.56650263,0.56650263
0.5015598,0.5015598
0.5153649,0.5153649
0.5201093,0.5201093
0.49005723,0.49005723
0.42837474,0.42837474
0.49872386,0.49872386
0.4839312,0.4839312
0.544697,0.544697
0.5083334,0.5083334
0.5963652,0.5963652
0.52849454,0.52849454
0.46634844,0.46634844
0.53023213,0.53023213
0.5528757,0.5528757
0.43163043,0.43163043
0.41117513,0.41117513
0.47506875,0.47506875
0.4966768,0.4966768
0.48553756,0.48553756
0.46642584,0.46642584
0.42284244,0.42284244
0.584871,0.584871
0.69699824,0.69699824
0.6585385,0.6585385
0.49917713,0.49917713
0.45816216,0.45816216
0.547221,0.547221
0.5031376,0.5031376
0.5416172,0.5416172
0.5047173,0.5047173
0.53155977,0.53155977
0.585294,0.585294
0.4611077,0.4611077
0.4704145,0.4704145
0.4932747,0.4932747
0.538895,0.538895
0.5067248,0.5067248
0.46388426,0.46388426
0.54044515,0.54044515
0.5733931,0.5733931
0.45433667,0.45433667
0.5636583,0.5636583
0.49978784,0.49978784
0.47987494,0.47987494
0.5761696,0.5761696
0.49517536,0.49517536
0.5425857,0.5425857
0.34740296,0.34740296
0.33233166,0.33233166
0.409434,0.409434
0.44248098,0.44248098
0.46384943,0.46384943
0.41653696,0.41653696
0.5441572,0.5441572
0.47496492,0.47496492
0.45128334,0.45128334
0.62326276,0.62326276
0.54892087,0.54892087
0.535552,0.535552
0.66547525,0.66547525
0.5670377,0.5670377
0.5633169,0.5633169
0.47136563,0.47136563
0.5130969,0.5130969
0.50626284,0.50626284
0.64343166,0.64343166
0.5689902,0.5689902
0.541212,0.541212
0.4719019,0.4719019
0.46287167,0.46287167
0.5414876,0.5414876
0.5069249,0.5069249
0.4274386,0.4274386
0.6237643,0.6237643
0.64642495,0.64642495
0.52446723,0.52446723
0.48906738,0.48906738
0.632757,0.632757
0.57998633,0.57998633
0.53296816,0.53296816
0.53051853,0.53051853
0.46681592,0.46681592
0.4391365,0.4391365
0.4377514,0.4377514
0.45439383,0.45439383
0.45040512,0.45040512
0.41302705,0.41302705
0.48561758,0.48561758
0.42943218,0.42943218
0.53801686,0.53801686
0.537852,0.537852
0.49952686,0.49952686
0.55126023,0.55126023
0.41709486,0.41709486
0.43744627,0.43744627
0.43072343,0.43072343
0.42321628,0.42321628
0.4783014,0.4783014
0.46038565,0.46038565
0.4236507,0.4236507
0.43019465,0.43019465
0.4524922,0.4524922
0.4458865,0.4458865
0.43804955,0.43804955
0.4910707,0.4910707
0.41184446,0.41184446
0.49538434,0.49538434
0.5032197,0.5032197
0.47466946,0.47466946
0.49605983,0.49605983
0.5451981,0.5451981
0.5163731,0.5163731
0.48374438,0.48374438
0.48500746,0.48500746
0.44349626,0.44349626
0.4848403,0.4848403
0.58269083,0.58269083
0.5523837,0.5523837
0.5183034,0.5183034
0.57045156,0.57045156
0.54343283,0.54343283
0.45735958,0.45735958
0.51855814,0.51855814
0.54609674,0.54609674
0.53313535,0.53313535
0.5709331,0.5709331
0.52038157,0.52038157
0.54303974,0.54303974
0.5528401,0.5528401
0.46694398,0.46694398
0.41483527,0.41483527
0.47257695,0.47257695
0.46466303,0.46466303
0.6402328,0.6402328
0.5661256,0.5661256
0.47222516,0.47222516
0.44590965,0.44590965
0.43206352,0.43206352
0.6323321,0.6323321
0.48737898,0.48737898
0.49086574,0.49086574
0.58182406,0.58182406
0.46223122,0.46223122
0.48629332,0.48629332
0.5198174,0.5198174
0.36528912,0.36528912
0.46493286,0.46493286
0.46782804,0.46782804
0.43803865,0.43803865
0.38092527,0.38092527
0.6003563,0.6003563
0.5423264,0.5423264
0.5880222,0.5880222
0.59875244,0.59875244
0.47876647,0.47876647
0.43355858,0.43355858
0.47010294,0.47010294
0.5027892,0.5027892
0.48142743,0.48142743
0.45042878,0.45042878
0.49308586,0.49308586
0.55262434,0.55262434
0.5908468,0.5908468
0.54407793,0.54407793
0.5698478,0.5698478
0.56816995,0.56816995
0.462618,0.462618
0.5405498,0.5405498
0.46362874,0.46362874
0.49172688,0.49172688
0.52792245,0.52792245
0.45634392,0.45634392
0.48615047,0.48615047
0.47387722,0.47387722
0.52778316,0.52778316
0.52778316,0.52778316
0.52778316,0.52778316
0.52778316,0.52778316
0.52778316,0.52778316
0.52778316,0.52778316
0.53874815,0.53874815
0.51804805,0.51804805
0.41512,0.41512
0.61460364,0.61460364
0.49165165,0.49165165
0.5496594,0.5496594
0.37851855,0.37851855
0.39956316,0.39956316
0.3998303,0.3998303
0.485011,0.485011
0.5252258,0.5252258
0.4650431,0.4650431
0.43781546,0.43781546
0.4002175,0.4002175
0.45751315,0.45751315
0.43565685,0.43565685
0.42158464,0.42158464
0.51573414,0.51573414
0.38069737,0.38069737
0.42087835,0.42087835
0.40820044,0.40820044
0.4358307,0.4358307
0.4798686,0.4798686
0.5670736,0.5670736
0.48792168,0.48792168
0.47260395,0.47260395
0.42423686,0.42423686
0.54206336,0.54206336
0.6349952,0.6349952
0.54133,0.54133
0.46193233,0.46193233
0.54238886,0.54238886
0.5704272,0.5704272
0.57750946,0.57750946
0.4072091,0.4072091
0.5769203,0.5769203
0.5514244,0.5514244
0.52169687,0.52169687
0.3747201,0.3747201
0.5104742,0.5104742
0.54251105,0.54251105
0.65043336,0.65043336
0.47168916,0.47168916
0.48738143,0.48738143
0.452986,0.452986
0.58396584,0.58396584
0.5236003,0.5236003
0.56025434,0.56025434
0.58728784,0.58728784
0.46868396,0.46868396
0.48143077,0.48143077
0.46112084,0.46112084
0.5125906,0.5125906
0.4963475,0.4963475
0.42680833,0.42680833
0.40758815,0.40758815
0.45287618,0.45287618
0.4224859,0.4224859
0.57264566,0.57264566
0.5316621,0.5316621
0.6125831,0.6125831
0.38084784,0.38084784
0.44359812,0.44359812
0.45171538,0.45171538
0.44593617,0.44593617
0.5864706,0.5864706
0.48546827,0.48546827
0.50227386,0.50227386
0.50201577,0.50201577
0.4968215,0.4968215
0.46210602,0.46210602
0.51495445,0.51495445
0.5672135,0.5672135
0.5141324,0.5141324
0.4944474,0.4944474
0.4353307,0.4353307
0.4429291,0.4429291
0.5523943,0.5523943
0.5069166,0.5069166
0.5708487,0.5708487
0.57578206,0.57578206
0.51406026,0.51406026
0.45904422,0.45904422
0.5786775,0.5786775
0.52778316,0.52778316
0.52778316,0.52778316
0.52778316,0.52778316
0.52778316,0.52778316
0.52778316,0.52778316
0.52778316,0.52778316
0.52778316,0.52778316
0.52778316,0.52778316
0.52778316,0.52778316
0.52778316,0.52778316
0.52778316,0.52778316
0.58797586,0.58797586
0.44880882,0.44880882
0.48246184,0.48246184
0.533181,0.533181
0.57286286,0.57286286
0.5522045,0.5522045
0.48901686,0.48901686
0.4698369,0.4698369
0.6110179,0.6110179
0.5034597,0.5034597
0.49804297,0.49804297
0.48888773,0.48888773
0.42013216,0.42013216
0.5688482,0.5688482
0.5848819,0.5848819
0.5226813,0.5226813
0.5020003,0.5020003
0.5841421,0.5841421
0.5350921,0.5350921
0.54848266,0.54848266
0.5476304,0.5476304
0.539109,0.539109
0.4931523,0.4931523
0.5720635,0.5720635
0.47662535,0.47662535
0.5493594,0.5493594
0.42982507,0.42982507
0.443806,0.443806
0.43271804,0.43271804
0.42853165,0.42853165
0.42644057,0.42644057
0.66872305,0.66872305
0.6123938,0.6123938
0.6125882,0.6125882
0.52087146,0.52087146
0.4588621,0.4588621
0.4543547,0.4543547
0.44648954,0.44648954
0.4448624,0.4448624
0.44673467,0.44673467
0.4579181,0.4579181
0.47366744,0.47366744
0.39966205,0.39966205
0.61811906,0.61811906
0.59847313,0.59847313
0.5864772,0.5864772
0.6135098,0.6135098
0.56260514,0.56260514
0.46158803,0.46158803
0.40879852,0.40879852
0.4372571,0.4372571
0.6276369,0.6276369
0.4811059,0.4811059
0.53539485,0.53539485
0.49963608,0.49963608
0.53710866,0.53710866
0.57570344,0.57570344
0.5646057,0.5646057
0.5563638,0.5563638
0.5681911,0.5681911
0.57289445,0.57289445
0.3737494,0.3737494
0.41112718,0.41112718
0.4413665,0.4413665
0.44178215,0.44178215
0.44392878,0.44392878
0.45665336,0.45665336
0.41740268,0.41740268
0.40522957,0.40522957
0.36363915,0.36363915
0.63481265,0.63481265
0.59506845,0.59506845
0.59254956,0.59254956
0.61971277,0.61971277
0.62012786,0.62012786
0.564391,0.564391
0.5308746,0.5308746
0.54569674,0.54569674
0.4736169,0.4736169
0.46616414,0.46616414
0.43998346,0.43998346
0.44416395,0.44416395
0.39919996,0.39919996
0.44286832,0.44286832
0.4131142,0.4131142
0.3967343,0.3967343
0.43097025,0.43097025
0.44741377,0.44741377
0.4808791,0.4808791
0.5445235,0.5445235
0.43652105,0.43652105
0.47349602,0.47349602
0.48221496,0.48221496
0.46078727,0.46078727
0.510323,0.510323
0.48757043,0.48757043
0.4490567,0.4490567
0.47902486,0.47902486
0.49883786,0.49883786
0.3623613,0.3623613
0.46869704,0.46869704
0.4719421,0.4719421
0.4661396,0.4661396
0.45114964,0.45114964
0.40385252,0.40385252
0.39206588,0.39206588
0.429813,0.429813
0.40602705,0.40602705
0.4316908,0.4316908
0.45956135,0.45956135
0.5662623,0.5662623
0.57959145,0.57959145
0.46479514,0.46479514
0.45698878,0.45698878
0.56504506,0.56504506
0.56295115,0.56295115
0.44179404,0.44179404
0.50238246,0.50238246
0.37880954,0.37880954
0.3707402,0.3707402
0.39398238,0.39398238
0.38303903,0.38303903
0.4046826,0.4046826
0.37021658,0.37021658
0.49707264,0.49707264
0.47060946,0.47060946
0.50290424,0.50290424
0.5529365,0.5529365
0.5366121,0.5366121
0.5439394,0.5439394
0.63340545,0.63340545
0.5323517,0.5323517
0.4828347,0.4828347
0.47718304,0.47718304
0.44378304,0.44378304
0.4413405,0.4413405
0.4708074,0.4708074
0.50184906,0.50184906
0.48023075,0.48023075
0.49040207,0.49040207
0.43706614,0.43706614
0.48296052,0.48296052
0.52778316,0.52778316
0.5531502,0.5531502
0.4151863,0.4151863
0.52078754,0.52078754
0.42437774,0.42437774
0.4552432,0.4552432
0.4999743,0.4999743
0.46361202,0.46361202
0.65254396,0.65254396
0.5815475,0.5815475
0.63343036,0.63343036
0.3601419,0.3601419
0.46150324,0.46150324
0.46303,0.46303
0.48825774,0.48825774
0.4997665,0.4997665
0.51912534,0.51912534
0.50582933,0.50582933
0.4321901,0.4321901
0.50250566,0.50250566
0.44792652,0.44792652
0.49514058,0.49514058
0.5579611,0.5579611
0.48408946,0.48408946
0.4931701,0.4931701
0.4131573,0.4131573
0.4967805,0.4967805
0.4378308,0.4378308
0.41934156,0.41934156
0.39436087,0.39436087
0.45660135,0.45660135
0.47450137,0.47450137
0.53249484,0.53249484
0.5895268,0.5895268
0.3635476,0.3635476
0.31811234,0.31811234
0.4268279,0.4268279
0.4537613,0.4537613
0.4756325,0.4756325
0.52010286,0.52010286
0.51735663,0.51735663
0.5301359,0.5301359
0.43134457,0.43134457
0.47518462,0.47518462
0.4675432,0.4675432
0.492042,0.492042
0.47193658,0.47193658
0.5363757,0.5363757
0.52778316,0.52778316
0.52778316,0.52778316
0.52778316,0.52778316
0.52778316,0.52778316
0.52778316,0.52778316
0.52778316,0.52778316
0.52778316,0.52778316
0.52778316,0.52778316
0.53593534,0.53593534
0.50467074,0.50467074
0.4457239,0.4457239
0.39114398,0.39114398
0.61119825,0.61119825
0.49896538,0.49896538
0.43435448,0.43435448
0.48338878,0.48338878
0.40163362,0.40163362
0.4858039,0.4858039
0.5017746,0.5017746
0.4683301,0.4683301
0.4649713,0.4649713
0.58878845,0.58878845
0.55479795,0.55479795
0.39428827,0.39428827
0.4596193,0.4596193
0.44681248,0.44681248
0.43719974,0.43719974
0.49909484,0.49909484
0.48008665,0.48008665
0.4345537,0.4345537
0.43449003,0.43449003
0.49156272,0.49156272
0.46921298,0.46921298
0.4708223,0.4708223
0.6299383,0.6299383
0.44220686,0.44220686
0.41971695,0.41971695
0.42299867,0.42299867
0.47784084,0.47784084
0.5010929,0.5010929
0.45722407,0.45722407
0.5922978,0.5922978
0.57447666,0.57447666
0.6032524,0.6032524
0.36259997,0.36259997
0.38836047,0.38836047
0.42653596,0.42653596
0.3809975,0.3809975
0.48861718,0.48861718
0.46103305,0.46103305
0.44409215,0.44409215
0.45939782,0.45939782
0.42603245,0.42603245
0.4199217,0.4199217
0.43606687,0.43606687
0.5816981,0.5816981
0.5027196,0.5027196
0.5894527,0.5894527
0.48084262,0.48084262
0.5008406,0.5008406
0.46262404,0.46262404
0.50619954,0.50619954
0.50784147,0.50784147
0.45260018,0.45260018
0.46914712,0.46914712
0.4905219,0.4905219
0.50110966,0.50110966
0.53021723,0.53021723
0.52778316,0.52778316
0.52778316,0.52778316
0.52778316,0.52778316
0.5310287,0.5310287
0.42372495,0.42372495
0.37533778,0.37533778
0.41362053,0.41362053
0.41064277,0.41064277
0.46940157,0.46940157
0.47297287,0.47297287
0.4458624,0.4458624
0.4220157,0.4220157
0.45615524,0.45615524
0.44050944,0.44050944
0.36939237,0.36939237
0.4056341,0.4056341
0.4264852,0.4264852
0.40994948,0.40994948
0.5769023,0.5769023
0.5767464,0.5767464
0.56182057,0.56182057
0.4786945,0.4786945
0.51770085,0.51770085
0.4879021,0.4879021
0.47555193,0.47555193
0.5394089,0.5394089
0.49388248,0.49388248
0.50642246,0.50642246
0.47659722,0.47659722
0.5426386,0.5426386
0.56785417,0.56785417
0.52778316,0.52778316
0.52778316,0.52778316
0.52778316,0.52778316
0.52778316,0.52778316
0.52778316,0.52778316
0.52778316,0.52778316
0.52778316,0.52778316
0.52778316,0.52778316
0.52778316,0.52778316
0.52778316,0.52778316
0.52778316,0.52778316
0.52778316,0.52778316
0.52778316,0.52778316
0.52778316,0.52778316
0.52778316,0.52778316
0.52778316,0.52778316
0.52778316,0.52778316
0.52778316,0.52778316
0.52778316,0.52778316
0.52778316,0.52778316
0.52778316,0.52778316
0.52778316,0.52778316
0.52778316,0.52778316
0.52778316,0.52778316
0.52778316,0.52778316
0.52778316,0.52778316
0.52778316,0.52778316
0.52778316,0.52778316
0.52778316,0.52778316
0.52778316,0.52778316
0.52778316,0.52778316
0.52778316,0.52778316
0.52778316,0.52778316
0.52778316,0.52778316
0.52778316,0.52778316
0.52778316,0.52778316
0.52778316,0.52778316
0.52778316,0.52778316
0.55395293,0.55395293
0.464031,0.464031
0.42500788,0.42500788
0.59095204,0.59095204
0.5384162,0.5384162
0.3914158,0.3914158
0.3682864,0.3682864
0.40004575,0.40004575
0.39155486,0.39155486
0.5163553,0.5163553
0.39821935,0.39821935
0.5177686,0.5177686
0.44637686,0.44637686
0.40307012,0.40307012
0.42777768,0.42777768
0.54781055,0.54781055
0.43321142,0.43321142
0.4547724,0.4547724
0.51431394,0.51431394
0.43356872,0.43356872
0.47174698,0.47174698
0.429104,0.429104
0.45382676,0.45382676
0.45050296,0.45050296
0.42531908,0.42531908
0.37359565,0.37359565
0.4955794,0.4955794
0.42228374,0.42228374
0.65430963,0.65430963
0.46570295,0.46570295
0.5994511,0.5994511
0.59682596,0.59682596
0.5147569,0.5147569
0.4702798,0.4702798
0.4988869,0.4988869
0.48978373,0.48978373
0.4321897,0.4321897
0.43888515,0.43888515
0.4639464,0.4639464
0.66323435,0.66323435
0.51136154,0.51136154
0.38365766,0.38365766
0.39144623,0.39144623
0.40254453,0.40254453
0.37899354,0.37899354
0.34287506,0.34287506
0.3710821,0.3710821
0.5264539,0.5264539
0.6016419,0.6016419
0.6656285,0.6656285
0.5358645,0.5358645
0.39426106,0.39426106
0.43045306,0.43045306
0.45311508,0.45311508
0.48616445,0.48616445
0.48689023,0.48689023
0.44583562,0.44583562
0.4327036,0.4327036
0.40363535,0.40363535
0.41195202,0.41195202
0.39423314,0.39423314
0.44170186,0.44170186
0.36008403,0.36008403
0.29612792,0.29612792
0.35805777,0.35805777
0.47267023,0.47267023
0.4670178,0.4670178
0.47794893,0.47794893
0.45391592,0.45391592
0.40819108,0.40819108
0.4162115,0.4162115
0.52173084,0.52173084
0.55999255,0.55999255
0.39636672,0.39636672
0.40071622,0.40071622
0.41123742,0.41123742
0.4250531,0.4250531
0.46523944,0.46523944
0.41766486,0.41766486
0.39058053,0.39058053
0.3795232,0.3795232
0.40319186,0.40319186
0.4562866,0.4562866
0.41563743,0.41563743
0.48784164,0.48784164
0.42947152,0.42947152
0.4545135,0.4545135
0.5774861,0.5774861
0.38608187,0.38608187
0.43397504,0.43397504
0.40445617,0.40445617
0.53971225,0.53971225
0.58267444,0.58267444
0.5571667,0.5571667
0.49262226,0.49262226
0.5605544,0.5605544
0.64552766,0.64552766
0.5701359,0.5701359
0.54316556,0.54316556
0.53899294,0.53899294
0.50572056,0.50572056
0.43960384,0.43960384
0.506133,0.506133
0.5610574,0.5610574
0.4963447,0.4963447
0.49183172,0.49183172
0.45320642,0.45320642
0.4853349,0.4853349
0.431241,0.431241
0.6099334,0.6099334
0.39810807,0.39810807
0.4674151,0.4674151
0.5067133,0.5067133
0.48116314,0.48116314
0.5127307,0.5127307
0.5380093,0.5380093
0.52320004,0.52320004
0.49853298,0.49853298
0.43872654,0.43872654
0.4823501,0.4823501
0.45846567,0.45846567
0.52778316,0.52778316
0.52778316,0.52778316
0.52778316,0.52778316
0.52778316,0.52778316
0.52778316,0.52778316
0.52778316,0.52778316
0.52778316,0.52778316
0.52778316,0.52778316
0.52778316,0.52778316
0.52778316,0.52778316
0.52778316,0.52778316
0.52778316,0.52778316
0.52778316,0.52778316
0.52778316,0.52778316
0.52778316,0.52778316
0.52778316,0.52778316
0.5729447,0.5729447
0.38668412,0.38668412
0.40320417,0.40320417
0.4382787,0.4382787
0.4410591,0.4410591
0.443805,0.443805
0.43528405,0.43528405
0.43536842,0.43536842
0.32477364,0.32477364
0.33611676,0.33611676
0.36907277,0.36907277
0.35686257,0.35686257
0.4050992,0.4050992
0.3890466,0.3890466
0.5371825,0.5371825
0.4460721,0.4460721
0.42911726,0.42911726
0.51925385,0.51925385
0.49249202,0.49249202
0.5099027,0.5099027
0.54191047,0.54191047
0.4617029,0.4617029
0.518334,0.518334
0.43943477,0.43943477
0.45168146,0.45168146
0.47989044,0.47989044
0.5388814,0.5388814
0.52778316,0.52778316
0.52778316,0.52778316
0.52778316,0.52778316
0.52778316,0.52778316
0.52778316,0.52778316
0.52778316,0.52778316
0.52778316,0.52778316
0.52778316,0.52778316
0.52778316,0.52778316
0.52778316,0.52778316
0.52778316,0.52778316
0.52778316,0.52778316
0.52778316,0.52778316
0.52778316,0.52778316
0.52778316,0.52778316
0.52778316,0.52778316
0.52778316,0.52778316
0.52778316,0.52778316
0.5189677,0.5189677
0.49914184,0.49914184
0.47926745,0.47926745
0.50568146,0.50568146
0.46262595,0.46262595
0.4866875,0.4866875
0.55590165,0.55590165
0.4931517,0.4931517
0.49147585,0.49147585
0.45928913,0.45928913
0.5175801,0.5175801
0.4667604,0.4667604
0.46922287,0.46922287
0.551692,0.551692
0.4809004,0.4809004
0.4858789,0.4858789
0.45428494,0.45428494
0.5326716,0.5326716
0.52778316,0.52778316
0.52778316,0.52778316
0.52778316,0.52778316
0.52778316,0.52778316
0.52778316,0.52778316
0.52778316,0.52778316
0.52778316,0.52778316
0.52778316,0.52778316
0.52778316,0.52778316
0.52778316,0.52778316
0.52778316,0.52778316
0.52778316,0.52778316
0.52778316,0.52778316
0.52778316,0.52778316
0.52778316,0.52778316
0.52778316,0.52778316
0.52778316,0.52778316
0.52778316,0.52778316
0.52778316,0.52778316
0.52778316,0.52778316
0.52778316,0.52778316
0.52778316,0.52778316
0.52778316,0.52778316
0.52778316,0.52778316
0.52778316,0.52778316
0.52778316,0.52778316
0.52778316,0.52778316
0.52778316,0.52778316
0.52778316,0.52778316
0.52778316,0.52778316
0.52778316,0.52778316
0.52778316,0.52778316
0.52778316,0.52778316
0.52778316,0.52778316
0.52778316,0.52778316
0.52778316,0.52778316
0.52778316,0.52778316
0.52778316,0.52778316
0.52778316,0.52778316
0.52778316,0.52778316
0.52778316,0.52778316
0.52778316,0.52778316
0.52778316,0.52778316
0.52778316,0.52778316
0.52778316,0.52778316
0.52778316,0.52778316
0.52778316,0.52778316
0.52778316,0.52778316
0.52778316,0.52778316
0.52778316,0.52778316
0.52778316,0.52778316
0.52778316,0.52778316
0.52778316,0.52778316
0.52778316,0.52778316
0.52778316,0.52778316
0.52778316,0.52778316
0.52778316,0.52778316
0.52778316,0.52778316
0.52778316,0.52778316
0.52778316,0.52778316
0.52778316,0.52778316
0.52778316,0.52778316
0.52778316,0.52778316
0.52778316,0.52778316
0.52778316,0.52778316
0.52778316,0.52778316
0.52778316,0.52778316
0.52778316,0.52778316
0.52778316,0.52778316
0.52778316,0.52778316
0.52778316,0.52778316
0.52778316,0.52778316
0.52778316,0.52778316
0.52778316,0.52778316
0.52778316,0.52778316
0.52778316,0.52778316
0.52778316,0.52778316
0.52778316,0.52778316
0.52778316,0.52778316
0.52778316,0.52778316
0.52778316,0.52778316
0.52778316,0.52778316
0.52778316,0.52778316
0.52778316,0.52778316
0.52778316,0.52778316
0.52778316,0.52778316
0.52778316,0.52778316
0.52778316,0.52778316
0.52778316,0.52778316
0.52778316,0.52778316
0.52778316,0.52778316
0.52778316,0.52778316
0.52778316,0.52778316
0.52778316,0.52778316
0.52778316,0.52778316
0.52778316,0.52778316
0.52778316,0.52778316
0.52778316,0.52778316
0.52778316,0.52778316
0.52778316,0.52778316
0.52778316,0.52778316
0.52778316,0.52778316
0.52778316,0.52778316
0.52778316,0.52778316
0.52778316,0.52778316
0.52778316,0.52778316
0.52778316,0.52778316
0.52778316,0.52778316
0.52778316,0.52778316
0.52778316,0.52778316
0.52778316,0.52778316
0.52778316,0.52778316
0.52778316,0.52778316
0.52778316,0.52778316
0.52778316,0.52778316
0.52778316,0.52778316
0.52778316,0.52778316
0.52778316,0.52778316
0.52778316,0.52778316
0.52778316,0.52778316
0.52778316,0.52778316
0.52778316,0.52778316
0.52778316,0.52778316
0.52778316,0.52778316
0.52778316,0.52778316
0.52778316,0.52778316
0.52778316,0.52778316
0.52778316,0.52778316
0.52778316,0.52778316
0.52778316,0.52778316
0.54545134,0.54545134
0.42930713,0.42930713
0.38503575,0.38503575
0.33525488,0.33525488
0.47814015,0.47814015
0.4677747,0.4677747
0.4218032,0.4218032
0.48668468,0.48668468
0.5078669,0.5078669
0.3755614,0.3755614
0.4636169,0.4636169
0.5265925,0.5265925
0.4941706,0.4941706
0.51549006,0.51549006
0.46906438,0.46906438
0.37003618,0.37003618
0.48507148,0.48507148
0.626099,0.626099
0.5361617,0.5361617
0.51652414,0.51652414
0.43455985,0.43455985
0.5277563,0.5277563
0.49868166,0.49868166
0.4633859,0.4633859
0.40957916,0.40957916
0.409405,0.409405
0.43338603,0.43338603
0.44514143,0.44514143
0.45792952,0.45792952
0.56969976,0.56969976
0.5685329,0.5685329
0.55511844,0.55511844
0.48169938,0.48169938
0.49611214,0.49611214
0.5105207,0.5105207
0.44054404,0.44054404
0.50862074,0.50862074
0.596992,0.596992
0.5366495,0.5366495
0.5952032,0.5952032
0.52365935,0.52365935
0.4993546,0.4993546
0.40131128,0.40131128
0.57652646,0.57652646
0.63709813,0.63709813
0.53847927,0.53847927
0.51250345,0.51250345
0.47808114,0.47808114
0.4249594,0.4249594
0.34934896,0.34934896
0.4910593,0.4910593
0.5715258,0.5715258
0.5835845,0.5835845
0.482079,0.482079
0.53508115,0.53508115
0.46570423,0.46570423
0.5334083,0.5334083
0.501457,0.501457
0.5406061,0.5406061
0.52616775,0.52616775
0.47172263,0.47172263
0.5171345,0.5171345
0.51412565,0.51412565
0.5109549,0.5109549
0.44829366,0.44829366
0.5686656,0.5686656
0.52778316,0.52778316
0.52778316,0.52778316
0.49100554,0.49100554
0.4852521,0.4852521
0.45184758,0.45184758
0.43382505,0.43382505
0.42350143,0.42350143
0.41570306,0.41570306
0.5110992,0.5110992
0.44067436,0.44067436
0.54362935,0.54362935
0.44488642,0.44488642
0.56723,0.56723
0.4505655,0.4505655
0.40689293,0.40689293
0.44668174,0.44668174
0.43335855,0.43335855
0.45447084,0.45447084
0.41174436,0.41174436
0.4752765,0.4752765
0.4344127,0.4344127
0.40400898,0.40400898
0.40094522,0.40094522
0.4590529,0.4590529
0.46664828,0.46664828
0.43712822,0.43712822
0.545388,0.545388
0.51280636,0.51280636
0.55802727,0.55802727
0.37457442,0.37457442
0.45765367,0.45765367
0.47901484,0.47901484
0.46145052,0.46145052
0.4398079,0.4398079
0.47478056,0.47478056
0.40630966,0.40630966
0.46254605,0.46254605
0.44493085,0.44493085
0.5509056,0.5509056
0.47850272,0.47850272
0.5922762,0.5922762
0.5255083,0.5255083
0.52165836,0.52165836
0.5638907,0.5638907
0.49591827,0.49591827
0.6181114,0.6181114
0.5594096,0.5594096
0.4975703,0.4975703
0.5068468,0.5068468
0.4652772,0.4652772
0.5352955,0.5352955
0.464861,0.464861
0.42339233,0.42339233
0.48911324,0.48911324
0.49463522,0.49463522
0.36535358,0.36535358
0.38238847,0.38238847
0.4100669,0.4100669
0.40780005,0.40780005
0.43775448,0.43775448
0.4988575,0.4988575
0.5901351,0.5901351
0.5329494,0.5329494
0.46638575,0.46638575
0.60087943,0.60087943
0.59529984,0.59529984
0.4913476,0.4913476
0.50311184,0.50311184
0.5013313,0.5013313
0.6882939,0.6882939
0.48398253,0.48398253
0.69206756,0.69206756
0.5325031,0.5325031
0.48168704,0.48168704
0.47854668,0.47854668
0.45709503,0.45709503
0.41027227,0.41027227
0.48272416,0.48272416
0.40512598,0.40512598
0.48433092,0.48433092
0.4674981,0.4674981
0.44403234,0.44403234
0.47677526,0.47677526
0.4327819,0.4327819
0.5162875,0.5162875
0.42921656,0.42921656
0.61432,0.61432
0.6044954,0.6044954
0.6155082,0.6155082
0.5497701,0.5497701
0.4904095,0.4904095
0.52841365,0.52841365
0.6363114,0.6363114
0.5468009,0.5468009
0.5229201,0.5229201
0.5837944,0.5837944
0.42781648,0.42781648
0.42520574,0.42520574
0.45983717,0.45983717
0.45882484,0.45882484
0.47018057,0.47018057
0.49004966,0.49004966
0.4651466,0.4651466
0.5175713,0.5175713
0.5225325,0.5225325
0.42268622,0.42268622
0.4367864,0.4367864
0.45389265,0.45389265
0.52806175,0.52806175
0.5366105,0.5366105
0.38587323,0.38587323
0.46771818,0.46771818
0.41252583,0.41252583
0.3744599,0.3744599
0.45361736,0.45361736
0.37545726,0.37545726
0.49483022,0.49483022
0.49614093,0.49614093
0.49277475,0.49277475
0.49018046,0.49018046
0.44452032,0.44452032
0.46315128,0.46315128
0.5652894,0.5652894
0.43459833,0.43459833
0.502964,0.502964
0.52778316,0.52778316
0.52778316,0.52778316
0.52778316,0.52778316
0.52778316,0.52778316
0.52778316,0.52778316
0.52778316,0.52778316
0.52778316,0.52778316
0.52778316,0.52778316
0.52778316,0.52778316
0.52778316,0.52778316
0.52778316,0.52778316
0.52778316,0.52778316
0.52778316,0.52778316
0.52778316,0.52778316
0.52778316,0.52778316
0.52778316,0.52778316
0.52778316,0.52778316
0.52778316,0.52778316
0.52778316,0.52778316
0.52778316,0.52778316
0.52778316,0.52778316
0.53578377,0.53578377
0.4209398,0.4209398
0.43304867,0.43304867
0.4599761,0.4599761
0.42332283,0.42332283
0.3926924,0.3926924
0.3999749,0.3999749
0.4771469,0.4771469
0.46242845,0.46242845
0.48136815,0.48136815
0.44586354,0.44586354
0.43093842,0.43093842
0.5158179,0.5158179
0.44729462,0.44729462
0.4626377,0.4626377
0.55751354,0.55751354
0.44458225,0.44458225
0.44801185,0.44801185
0.48390973,0.48390973
0.5330309,0.5330309
0.5464039,0.5464039
0.48694405,0.48694405
0.48844716,0.48844716
0.472004,0.472004
0.4629652,0.4629652
0.3969587,0.3969587
0.48610666,0.48610666
0.5021713,0.5021713
0.5133508,0.5133508
0.46597257,0.46597257
0.4419117,0.4419117
0.43624756,0.43624756
0.4405289,0.4405289
0.38376695,0.38376695
0.45481962,0.45481962
0.43184102,0.43184102
0.4543413,0.4543413
0.50979424,0.50979424
0.5757434,0.5757434
0.66363585,0.66363585
0.51766,0.51766
0.5225019,0.5225019
0.4459152,0.4459152
0.49866095,0.49866095
0.4183246,0.4183246
0.45363665,0.45363665
0.3975475,0.3975475
0.42267537,0.42267537
0.40712494,0.40712494
0.5121864,0.5121864
0.42591792,0.42591792
0.4391941,0.4391941
0.42618316,0.42618316
0.47440428,0.47440428
0.481578,0.481578
0.5006218,0.5006218
0.49186957,0.49186957
0.45218343,0.45218343
0.4557442,0.4557442
0.46345845,0.46345845
0.47006577,0.47006577
0.5209784,0.5209784
0.5135906,0.5135906
0.48623246,0.48623246
0.42407566,0.42407566
0.6304393,0.6304393
0.55992377,0.55992377
0.5229451,0.5229451
0.5413506,0.5413506
0.48817554,0.48817554
0.49119022,0.49119022
0.5668755,0.5668755
0.5669637,0.5669637
0.46239728,0.46239728
0.45134416,0.45134416
0.45885232,0.45885232
0.45402274,0.45402274
0.36990535,0.36990535
0.45851713,0.45851713
0.560226,0.560226
0.38042733,0.38042733
0.4117915,0.4117915
0.45215645,0.45215645
0.5820836,0.5820836
0.52014685,0.52014685
0.4138652,0.4138652
0.3881041,0.3881041
0.51551944,0.51551944
0.5043287,0.5043287
0.58420455,0.58420455
0.5950259,0.5950259
0.44779938,0.44779938
0.45515788,0.45515788
0.44448227,0.44448227
0.4409548,0.4409548
0.51903427,0.51903427
0.57004976,0.57004976
0.5560362,0.5560362
0.53092474,0.53092474
0.54017955,0.54017955
0.4673355,0.4673355
0.37641785,0.37641785
0.46495807,0.46495807
0.700085,0.700085
0.63009816,0.63009816
0.5254387,0.5254387
0.4218413,0.4218413
0.53424585,0.53424585
0.51746696,0.51746696
0.46598652,0.46598652
0.42592314,0.42592314
0.4600989,0.4600989
0.3904413,0.3904413
0.36829844,0.36829844
0.4124126,0.4124126
0.42754456,0.42754456
0.4081775,0.4081775
0.44796884,0.44796884
0.45904753,0.45904753
0.46309966,0.46309966
0.47969505,0.47969505
0.5433585,0.5433585
0.43776116,0.43776116
0.54334575,0.54334575
0.509028,0.509028
0.52627856,0.52627856
0.49444774,0.49444774
0.46769226,0.46769226
0.5350375,0.5350375
0.49077868,0.49077868
0.5231209,0.5231209
0.5037042,0.5037042
0.5471876,0.5471876
0.53532803,0.53532803
0.52778316,0.52778316
0.5426301,0.5426301
0.49424127,0.49424127
0.43754822,0.43754822
0.45264548,0.45264548
0.42364448,0.42364448
0.41699487,0.41699487
0.44861478,0.44861478
0.49102867,0.49102867
0.41582033,0.41582033
0.45004767,0.45004767
0.4149444,0.4149444
0.3689793,0.3689793
0.65400213,0.65400213
0.6003195,0.6003195
0.585507,0.585507
0.33810696,0.33810696
0.41197005,0.41197005
0.4821629,0.4821629
0.48326072,0.48326072
0.49707726,0.49707726
0.58960956,0.58960956
0.52744156,0.52744156
0.38123485,0.38123485
0.48259056,0.48259056
0.43165487,0.43165487
0.4499451,0.4499451
0.44154477,0.44154477
0.4523921,0.4523921
0.5272688,0.5272688
0.68030757,0.68030757
0.4496184,0.4496184
0.44490582,0.44490582
0.54849404,0.54849404
0.41918454,0.41918454
0.47360787,0.47360787
0.39782637,0.39782637
0.42179808,0.42179808
0.5114659,0.5114659
0.6045435,0.6045435
0.4940507,0.4940507
0.5305547,0.5305547
0.61814666,0.61814666
0.55984616,0.55984616
0.4281305,0.4281305
0.57634705,0.57634705
0.41314203,0.41314203
0.50577456,0.50577456
0.4546343,0.4546343
0.47429043,0.47429043
0.4633006,0.4633006
0.55064595,0.55064595
0.52302706,0.52302706
0.5144004,0.5144004
0.52638793,0.52638793
0.40098685,0.40098685
0.4822929,0.4822929
0.63687843,0.63687843
0.48677912,0.48677912
0.45299998,0.45299998
0.47870868,0.47870868
0.43816838,0.43816838
0.49431953,0.49431953
0.4979558,0.4979558
0.53406113,0.53406113
0.48743442,0.48743442
0.45295987,0.45295987
0.43376982,0.43376982
0.444636,0.444636
0.4799613,0.4799613
0.40040603,0.40040603
0.41885334,0.41885334
0.37266698,0.37266698
0.37436616,0.37436616
0.36995286,0.36995286
0.36818948,0.36818948
0.46719572,0.46719572
0.46411023,0.46411023
0.3940084,0.3940084
0.4464661,0.4464661
0.42774463,0.42774463
0.46752656,0.46752656
0.6098559,0.6098559
0.67813015,0.67813015
0.5969304,0.5969304
0.59531397,0.59531397
0.530897,0.530897
0.37697816,0.37697816
0.4734378,0.4734378
0.50559735,0.50559735
0.5115724,0.5115724
0.45580223,0.45580223
0.48281074,0.48281074
0.5771946,0.5771946
0.52067965,0.52067965
0.62938523,0.62938523
0.56832016,0.56832016
0.43264142,0.43264142
0.4900046,0.4900046
0.39079508,0.39079508
0.37724164,0.37724164
0.37908402,0.37908402
0.3760607,0.3760607
0.37601885,0.37601885
0.43421513,0.43421513
0.4855978,0.4855978
0.47478765,0.47478765
0.5896197,0.5896197
0.5034873,0.5034873
0.4755524,0.4755524
0.49164382,0.49164382
0.56830883,0.56830883
0.45746553,0.45746553
0.5020259,0.5020259
0.52438104,0.52438104
0.5534967,0.5534967
0.49168572,0.49168572
0.53166735,0.53166735
0.40971306,0.40971306
0.4694387,0.4694387
0.40352824,0.40352824
0.5632546,0.5632546
0.43913803,0.43913803
0.5029331,0.5029331
0.6944814,0.6944814
0.4501156,0.4501156
0.44995907,0.44995907
0.3965724,0.3965724
0.45959687,0.45959687
0.53244656,0.53244656
0.54273933,0.54273933
0.41391933,0.41391933
0.41929862,0.41929862
0.4559425,0.4559425
0.4483313,0.4483313
0.4286451,0.4286451
0.46545053,0.46545053
0.4040922,0.4040922
0.4166578,0.4166578
0.4142393,0.4142393
0.4158348,0.4158348
0.5553361,0.5553361
0.45198885,0.45198885
0.57955015,0.57955015
0.72106135,0.72106135
0.4997103,0.4997103
0.6468448,0.6468448
0.5793711,0.5793711
0.534053,0.534053
0.44098502,0.44098502
0.4796182,0.4796182
0.43245733,0.43245733
0.4858219,0.4858219
0.45457914,0.45457914
0.3981537,0.3981537
0.4200664,0.4200664
0.34980714,0.34980714
0.416671,0.416671
0.66648,0.66648
0.5355062,0.5355062
0.54970264,0.54970264
0.46707323,0.46707323
0.45941606,0.45941606
0.5222416,0.5222416
0.5266894,0.5266894
0.3514168,0.3514168
0.38725635,0.38725635
0.4515716,0.4515716
0.50839984,0.50839984
0.53101903,0.53101903
0.6684291,0.6684291
0.5227586,0.5227586
0.5016442,0.5016442
0.4101107,0.4101107
0.6831492,0.6831492
0.6351277,0.6351277
0.562429,0.562429
0.46024552,0.46024552
0.4176807,0.4176807
0.43707937,0.43707937
0.39645913,0.39645913
0.40624425,0.40624425
0.44318196,0.44318196
0.48709068,0.48709068
0.46398002,0.46398002
0.43574208,0.43574208
0.50153136,0.50153136
0.35008034,0.35008034
0.36449564,0.36449564
0.39090312,0.39090312
0.42765915,0.42765915
0.45869136,0.45869136
0.50007033,0.50007033
0.54249597,0.54249597
0.53834087,0.53834087
0.50382525,0.50382525
0.5265866,0.5265866
0.4903536,0.4903536
0.50665456,0.50665456
0.53655106,0.53655106
0.5273626,0.5273626
0.5125574,0.5125574
0.5672177,0.5672177
0.51552004,0.51552004
0.57987547,0.57987547
0.54958457,0.54958457
0.5965848,0.5965848
0.556358,0.556358
0.6040189,0.6040189
0.52778316,0.52778316
0.52778316,0.52778316
0.52778316,0.52778316
0.5327957,0.5327957
0.5188234,0.5188234
0.475121,0.475121
0.42649376,0.42649376
0.4795732,0.4795732
0.48620972,0.48620972
0.4634395,0.4634395
0.44596022,0.44596022
0.52868736,0.52868736
0.52899706,0.52899706
0.5378099,0.5378099
0.42019528,0.42019528
0.57222134,0.57222134
0.5072175,0.5072175
0.48397446,0.48397446
0.47422257,0.47422257
0.5087834,0.5087834
0.5509238,0.5509238
0.5177003,0.5177003
0.53059787,0.53059787
0.45893025,0.45893025
0.53177124,0.53177124
0.4353184,0.4353184
0.4243621,0.4243621
0.42835096,0.42835096
0.48549977,0.48549977
0.44411442,0.44411442
0.55806893,0.55806893
0.5287393,0.5287393
0.58075064,0.58075064
0.44864982,0.44864982
0.46343294,0.46343294
0.43236822,0.43236822
0.44795603,0.44795603
0.5550611,0.5550611
0.42396656,0.42396656
0.5210368,0.5210368
0.45314556,0.45314556
0.45935437,0.45935437
0.47510237,0.47510237
0.5007322,0.5007322
0.56149215,0.56149215
0.542341,0.542341
0.43421233,0.43421233
0.43531728,0.43531728
0.44961584,0.44961584
0.50631666,0.50631666
0.46542445,0.46542445
0.46246737,0.46246737
0.45015055,0.45015055
0.46386266,0.46386266
0.42833784,0.42833784
0.573987,0.573987
0.4631209,0.4631209
0.44390124,0.44390124
0.4787429,0.4787429
0.41891408,0.41891408
0.42547762,0.42547762
0.44019923,0.44019923
0.45948163,0.45948163
0.6122358,0.6122358
0.4560194,0.4560194
0.4096619,0.4096619
0.45897007,0.45897007
0.43480253,0.43480253
0.4736938,0.4736938
0.46435183,0.46435183
0.44751847,0.44751847
0.4349837,0.4349837
0.51427335,0.51427335
0.51145935,0.51145935
0.41164067,0.41164067
0.47597212,0.47597212
0.47153768,0.47153768
0.59652567,0.59652567
0.4709628,0.4709628
0.4880206,0.4880206
0.43129712,0.43129712
0.4142023,0.4142023
0.44437218,0.44437218
0.40208057,0.40208057
0.29638082,0.29638082
0.36445343,0.36445343
0.46391496,0.46391496
0.62319696,0.62319696
0.6499997,0.6499997
0.56029695,0.56029695
0.44433495,0.44433495
0.44885367,0.44885367
0.47773027,0.47773027
0.49287605,0.49287605
0.49153537,0.49153537
0.40183616,0.40183616
0.2920982,0.2920982
0.33975148,0.33975148
0.4672946,0.4672946
0.49841204,0.49841204
0.48683587,0.48683587
0.53529304,0.53529304
0.4481671,0.4481671
0.46792632,0.46792632
0.469262,0.469262
0.4472522,0.4472522
0.44478795,0.44478795
0.47920114,0.47920114
0.46629298,0.46629298
0.453635,0.453635
0.42967996,0.42967996
0.48075876,0.48075876
0.4862721,0.4862721
0.43699047,0.43699047
0.48582894,0.48582894
0.4258804,0.4258804
0.45426834,0.45426834
0.5549222,0.5549222
0.5818329,0.5818329
0.43404227,0.43404227
0.42937133,0.42937133
0.44413796,0.44413796
0.42912695,0.42912695
0.46321028,0.46321028
0.4566656,0.4566656
0.5098632,0.5098632
0.5582737,0.5582737
0.61575705,0.61575705
0.53204304,0.53204304
0.4460154,0.4460154
0.4444074,0.4444074
0.57276034,0.57276034
0.45261672,0.45261672
0.51647174,0.51647174
0.5268772,0.5268772
0.48931167,0.48931167
0.454337,0.454337
0.44086093,0.44086093
0.4218192,0.4218192
0.42844754,0.42844754
0.37807187,0.37807187
0.47704706,0.47704706
0.49596646,0.49596646
0.5532252,0.5532252
0.48576602,0.48576602
0.50962746,0.50962746
0.4216817,0.4216817
0.4165126,0.4165126
0.48110816,0.48110816
0.40148503,0.40148503
0.5369652,0.5369652
0.61701536,0.61701536
0.40266046,0.40266046
0.6229951,0.6229951
0.5073724,0.5073724
0.46021152,0.46021152
0.5527196,0.5527196
0.5356816,0.5356816
0.55692893,0.55692893
0.5074972,0.5074972
0.52431655,0.52431655
0.441672,0.441672
0.383913,0.383913
0.31058773,0.31058773
0.60928607,0.60928607
0.38518375,0.38518375
0.4891065,0.4891065
0.51336604,0.51336604
0.5693859,0.5693859
0.5236251,0.5236251
0.46303573,0.46303573
0.40342724,0.40342724
0.47266096,0.47266096
0.5097826,0.5097826
0.58107805,0.58107805
0.5455894,0.5455894
0.4895365,0.4895365
0.49182174,0.49182174
0.52959687,0.52959687
0.49858624,0.49858624
0.5333465,0.5333465
0.50236064,0.50236064
0.4844543,0.4844543
0.47025195,0.47025195
0.46821547,0.46821547
0.5130069,0.5130069
0.52778316,0.52778316
0.52778316,0.52778316
0.52778316,0.52778316
0.52778316,0.52778316
0.52778316,0.52778316
0.52778316,0.52778316
0.52778316,0.52778316
0.52778316,0.52778316
0.5512509,0.5512509
0.5099676,0.5099676
0.50430375,0.50430375
0.41092077,0.41092077
0.5556127,0.5556127
0.51698947,0.51698947
0.6553282,0.6553282
0.4551008,0.4551008
0.42447644,0.42447644
0.48100382,0.48100382
0.41225362,0.41225362
0.49546766,0.49546766
0.43519422,0.43519422
0.5840102,0.5840102
0.43354988,0.43354988
0.4578012,0.4578012
0.5014701,0.5014701
0.4694909,0.4694909
0.5359382,0.5359382
0.47878027,0.47878027
0.51633686,0.51633686
0.450152,0.450152
0.5287459,0.5287459
0.48836845,0.48836845
0.6348674,0.6348674
0.493879,0.493879
0.46874192,0.46874192
0.40257072,0.40257072
0.4771317,0.4771317
0.4364399,0.4364399
0.4101472,0.4101472
0.4259839,0.4259839
0.5476835,0.5476835
0.7091451,0.7091451
0.6606337,0.6606337
0.46707734,0.46707734
0.46912965,0.46912965
0.44899923,0.44899923
0.4070655,0.4070655
0.45909137,0.45909137
0.4375937,0.4375937
0.46061215,0.46061215
0.4751711,0.4751711
0.5044362,0.5044362
0.5365129,0.5365129
0.5385152,0.5385152
0.6028884,0.6028884
0.5618992,0.5618992
0.40030944,0.40030944
0.5469088,0.5469088
0.5352282,0.5352282
0.50019777,0.50019777
0.40963346,0.40963346
0.5228696,0.5228696
0.5482389,0.5482389
0.55398667,0.55398667
0.6586331,0.6586331
0.517102,0.517102
0.45113885,0.45113885
0.6469919,0.6469919
0.3628602,0.3628602
0.5542604,0.5542604
0.4173344,0.4173344
0.46721882,0.46721882
0.38360447,0.38360447
0.5824215,0.5824215
0.62859035,0.62859035
0.59292483,0.59292483
0.47092116,0.47092116
0.46008202,0.46008202
0.47215164,0.47215164
0.47126833,0.47126833
0.44316673,0.44316673
0.41478926,0.41478926
0.47640005,0.47640005
0.4558389,0.4558389
0.4502646,0.4502646
0.4790892,0.4790892
0.5698426,0.5698426
0.5756616,0.5756616
0.53788096,0.53788096
0.47528216,0.47528216
0.4123718,0.4123718
0.46645412,0.46645412
0.47889757,0.47889757
0.42895284,0.42895284
0.40353715,0.40353715
0.637857,0.637857
0.5420461,0.5420461
0.4540365,0.4540365
0.5136867,0.5136867
0.52288735,0.52288735
0.44897625,0.44897625
0.4432582,0.4432582
0.49356717,0.49356717
0.4817388,0.4817388
0.46993017,0.46993017
0.50251055,0.50251055
0.44875097,0.44875097
0.52778316,0.52778316
0.52778316,0.52778316
0.52778316,0.52778316
0.52778316,0.52778316
0.52778316,0.52778316
0.52778316,0.52778316
0.5523154,0.5523154
0.47025865,0.47025865
0.5106608,0.5106608
0.43568274,0.43568274
0.3843583,0.3843583
0.4199342,0.4199342
0.46125287,0.46125287
0.5553796,0.5553796
0.48550487,0.48550487
0.45126802,0.45126802
0.5260388,0.5260388
0.4828719,0.4828719
0.4180419,0.4180419
0.4633542,0.4633542
0.5355837,0.5355837
0.4621418,0.4621418
0.454251,0.454251
0.4792397,0.4792397
0.41409472,0.41409472
0.5334108,0.5334108
0.45912126,0.45912126
0.48096472,0.48096472
0.45999613,0.45999613
0.53210336,0.53210336
0.44717714,0.44717714
0.5279873,0.5279873
0.4366964,0.4366964
0.4867991,0.4867991
0.5007663,0.5007663
0.48666218,0.48666218
0.4171988,0.4171988
0.4751721,0.4751721
0.5064032,0.5064032
0.5250224,0.5250224
0.5601969,0.5601969
0.6311951,0.6311951
0.38526618,0.38526618
0.4517042,0.4517042
0.52305895,0.52305895
0.500263,0.500263
0.449066,0.449066
0.43793684,0.43793684
0.44053057,0.44053057
0.5822083,0.5822083
0.61624175,0.61624175
0.51803154,0.51803154
0.59986365,0.59986365
0.62778795,0.62778795
0.49125716,0.49125716
0.42045677,0.42045677
0.43608633,0.43608633
0.49163255,0.49163255
0.48964122,0.48964122
0.4599687,0.4599687
0.46599138,0.46599138
0.577557,0.577557
0.41724452,0.41724452
0.51675636,0.51675636
0.50118923,0.50118923
0.42991328,0.42991328
0.47588778,0.47588778
0.5130607,0.5130607
0.45591778,0.45591778
0.46849507,0.46849507
0.46150172,0.46150172
0.522295,0.522295
0.5638373,0.5638373
0.53711736,0.53711736
0.5253656,0.5253656
0.54643565,0.54643565
0.43361685,0.43361685
0.49660066,0.49660066
0.50861895,0.50861895
0.4681889,0.4681889
0.583255,0.583255
0.6142805,0.6142805
0.57289565,0.57289565
0.5203017,0.5203017
0.47031406,0.47031406
0.44363406,0.44363406
0.44744435,0.44744435
0.6048713,0.6048713
0.46780288,0.46780288
0.44876182,0.44876182
0.462271,0.462271
0.50321615,0.50321615
0.42509186,0.42509186
0.40285346,0.40285346
0.5621856,0.5621856
0.57612497,0.57612497
0.69932693,0.69932693
0.5437835,0.5437835
0.4511009,0.4511009
0.40959233,0.40959233
0.37775442,0.37775442
0.467538,0.467538
0.46046078,0.46046078
0.40904355,0.40904355
0.33548737,0.33548737
0.3332485,0.3332485
0.37659356,0.37659356
0.54509807,0.54509807
0.4462926,0.4462926
0.51411337,0.51411337
0.45167455,0.45167455
0.4745299,0.4745299
0.52452004,0.52452004
0.5724945,0.5724945
0.58504236,0.58504236
0.37401745,0.37401745
0.44068414,0.44068414
0.40360713,0.40360713
0.45701692,0.45701692
0.47766525,0.47766525
0.42459813,0.42459813
0.56278116,0.56278116
0.50051624,0.50051624
0.47564295,0.47564295
0.48646215,0.48646215
0.55465174,0.55465174
0.44157693,0.44157693
0.49241042,0.49241042
0.5159214,0.5159214
0.50580156,0.50580156
0.43996617,0.43996617
0.54235184,0.54235184
0.42182413,0.42182413
0.5016484,0.5016484
0.52778316,0.52778316
0.52778316,0.52778316
0.52778316,0.52778316
0.52778316,0.52778316
0.52778316,0.52778316
0.52778316,0.52778316
0.52778316,0.52778316
0.52778316,0.52778316
0.52778316,0.52778316
0.52778316,0.52778316
0.52778316,0.52778316
0.52950776,0.52950776
0.37176025,0.37176025
0.4277803,0.4277803
0.5460523,0.5460523
0.4764776,0.4764776
0.5069588,0.5069588
0.34749714,0.34749714
0.47902653,0.47902653
0.61548376,0.61548376
0.54576284,0.54576284
0.48825347,0.48825347
0.5436634,0.5436634
0.5317415,0.5317415
0.5863032,0.5863032
0.60136765,0.60136765
0.55945796,0.55945796
0.4870764,0.4870764
0.5612828,0.5612828
0.51746744,0.51746744
0.46473265,0.46473265
0.49902117,0.49902117
0.5281875,0.5281875
0.4757392,0.4757392
0.4623338,0.4623338
0.42072988,0.42072988
0.37440026,0.37440026
0.43523592,0.43523592
0.443143,0.443143
0.5067464,0.5067464
0.46870574,0.46870574
0.50374794,0.50374794
0.45064482,0.45064482
0.45672122,0.45672122
0.38173345,0.38173345
0.3616137,0.3616137
0.3941143,0.3941143
0.5192487,0.5192487
0.4595554,0.4595554
0.40463635,0.40463635
0.44728944,0.44728944
0.4578854,0.4578854
0.45469385,0.45469385
0.43817836,0.43817836
0.51756525,0.51756525
0.406455,0.406455
0.4061706,0.4061706
0.42144117,0.42144117
0.4884998,0.4884998
0.58231765,0.58231765
0.67442715,0.67442715
0.6048243,0.6048243
0.39811042,0.39811042
0.3769236,0.3769236
0.4374617,0.4374617
0.5074769,0.5074769
0.5196075,0.5196075
0.47665772,0.47665772
0.6084241,0.6084241
0.58210003,0.58210003
0.53773034,0.53773034
0.5587573,0.5587573
0.49864018,0.49864018
0.4790738,0.4790738
0.47810063,0.47810063
0.53574944,0.53574944
0.5172724,0.5172724
0.56024617,0.56024617
0.52759886,0.52759886
0.4367641,0.4367641
0.46866435,0.46866435
0.5143633,0.5143633
0.4289959,0.4289959
0.62993664,0.62993664
0.46967107,0.46967107
0.45451903,0.45451903
0.48766166,0.48766166
0.604358,0.604358
0.47264034,0.47264034
0.4067354,0.4067354
0.5842907,0.5842907
0.62625283,0.62625283
0.55516917,0.55516917
0.38759586,0.38759586
0.41024095,0.41024095
0.4382779,0.4382779
0.549479,0.549479
0.37117508,0.37117508
0.4652909,0.4652909
0.5058176,0.5058176
0.42075193,0.42075193
0.5709219,0.5709219
0.6025484,0.6025484
0.42122376,0.42122376
0.5584902,0.5584902
0.56862116,0.56862116
0.4667412,0.4667412
0.504076,0.504076
0.6317789,0.6317789
0.70493346,0.70493346
0.5059175,0.5059175
0.41504323,0.41504323
0.4521235,0.4521235
0.53391576,0.53391576
0.5419031,0.5419031
0.5779943,0.5779943
0.54767984,0.54767984
0.49331436,0.49331436
0.4739883,0.4739883
0.4343975,0.4343975
0.40883258,0.40883258
0.36977398,0.36977398
0.44746858,0.44746858
0.48213565,0.48213565
0.6977044,0.6977044
0.59114695,0.59114695
0.5662337,0.5662337
0.474921,0.474921
0.49350804,0.49350804
0.47920924,0.47920924
0.4382694,0.4382694
0.46423572,0.46423572
0.5247999,0.5247999
0.494714,0.494714
0.6577475,0.6577475
0.4987136,0.4987136
0.49739245,0.49739245
0.49039087,0.49039087
0.56735164,0.56735164
0.5297274,0.5297274
0.47796997,0.47796997
0.5127199,0.5127199
0.5079604,0.5079604
0.5128523,0.5128523
0.4855951,0.4855951
0.4973335,0.4973335
0.59116304,0.59116304
0.46345252,0.46345252
0.39338446,0.39338446
0.43272063,0.43272063
0.4507059,0.4507059
0.53736544,0.53736544
0.56491876,0.56491876
0.5262159,0.5262159
0.536862,0.536862
0.4947968,0.4947968
0.49421293,0.49421293
0.4797057,0.4797057
0.49057165,0.49057165
0.54158324,0.54158324
0.5252821,0.5252821
0.5355555,0.5355555
0.48014557,0.48014557
0.550465,0.550465
0.52778316,0.52778316
0.52778316,0.52778316
0.52778316,0.52778316
0.52778316,0.52778316
0.52778316,0.52778316
0.52778316,0.52778316
0.52778316,0.52778316
0.52778316,0.52778316
0.52778316,0.52778316
0.52778316,0.52778316
0.52778316,0.52778316
0.52778316,0.52778316
0.52778316,0.52778316
0.52778316,0.52778316
0.52778316,0.52778316
0.52778316,0.52778316
0.52778316,0.52778316
0.52778316,0.52778316
0.52778316,0.52778316
0.52778316,0.52778316
0.52778316,0.52778316
0.52778316,0.52778316
0.52778316,0.52778316
0.52778316,0.52778316
0.52778316,0.52778316
0.52778316,0.52778316
0.52778316,0.52778316
0.52778316,0.52778316
0.52778316,0.52778316
0.52778316,0.52778316
0.52778316,0.52778316
0.52778316,0.52778316
0.52778316,0.52778316
0.52778316,0.52778316
0.52778316,0.52778316
0.52778316,0.52778316
0.52778316,0.52778316
0.52778316,0.52778316
0.52778316,0.52778316
0.52778316,0.52778316
0.52778316,0.52778316
0.52778316,0.52778316
0.52778316,0.52778316
0.52778316,0.52778316
0.52778316,0.52778316
0.52778316,0.52778316
0.52778316,0.52778316
0.52778316,0.52778316
0.52778316,0.52778316
0.52778316,0.52778316
0.52778316,0.52778316
0.52778316,0.52778316
0.52778316,0.52778316
0.52778316,0.52778316
0.52778316,0.52778316
0.52778316,0.52778316
0.52778316,0.52778316
0.52778316,0.52778316
0.52778316,0.52778316
0.52778316,0.52778316
0.52778316,0.52778316
0.52778316,0.52778316
0.52778316,0.52778316
0.52778316,0.52778316
0.52778316,0.52778316
0.52778316,0.52778316
0.52778316,0.52778316
0.52778316,0.52778316
0.52778316,0.52778316
0.52778316,0.52778316
0.49130163,0.49130163
0.42942142,0.42942142
0.4611373,0.4611373
0.43577334,0.43577334
0.46969324,0.46969324
0.457687,0.457687
0.5118835,0.5118835
0.46037447,0.46037447
0.63342196,0.63342196
0.49692568,0.49692568
0.64829487,0.64829487
0.38967624,0.38967624
0.4356695,0.4356695
0.5103777,0.5103777
0.42611146,0.42611146
0.45619857,0.45619857
0.47989193,0.47989193
0.4749214,0.4749214
0.4627009,0.4627009
0.43520102,0.43520102
0.44852012,0.44852012
0.54088837,0.54088837
0.63093364,0.63093364
0.5655913,0.5655913
0.47635663,0.47635663
0.36877406,0.36877406
0.4395747,0.4395747
0.48408234,0.48408234
0.42305493,0.42305493
0.4800777,0.4800777
0.46802622,0.46802622
0.40275794,0.40275794
0.47268498,0.47268498
0.46321687,0.46321687
0.48504028,0.48504028
0.4927651,0.4927651
0.5534213,0.5534213
0.46629435,0.46629435
0.48382092,0.48382092
0.54280984,0.54280984
0.5438697,0.5438697
0.4872359,0.4872359
0.4283384,0.4283384
0.4972728,0.4972728
0.40102988,0.40102988
0.46843275,0.46843275
0.52751213,0.52751213
0.4725046,0.4725046
0.6358226,0.6358226
0.5213657,0.5213657
0.50096995,0.50096995
0.4835521,0.4835521
0.60258996,0.60258996
0.48708776,0.48708776
0.51290375,0.51290375
0.51310843,0.51310843
0.4924726,0.4924726
0.4937048,0.4937048
0.50694454,0.50694454
0.4786982,0.4786982
0.52778316,0.52778316
0.52778316,0.52778316
0.52778316,0.52778316
0.52778316,0.52778316
0.5766317,0.5766317
0.7069522,0.7069522
0.5183371,0.5183371
0.48004204,0.48004204
0.40320966,0.40320966
0.388293,0.388293
0.48563597,0.48563597
0.5113392,0.5113392
0.5265888,0.5265888
0.45744827,0.45744827
0.4290989,0.4290989
0.49189344,0.49189344
0.46123,0.46123
0.49719843,0.49719843
0.49615422,0.49615422
0.48060647,0.48060647
0.44616228,0.44616228
0.46985647,0.46985647
0.534908,0.534908
0.5485135,0.5485135
0.52778316,0.52778316
0.52778316,0.52778316
0.52778316,0.52778316
0.52778316,0.52778316
0.52778316,0.52778316
0.52778316,0.52778316
0.52778316,0.52778316
0.52778316,0.52778316
0.52778316,0.52778316
0.52778316,0.52778316
0.52778316,0.52778316
0.52778316,0.52778316
0.52778316,0.52778316
0.52778316,0.52778316
0.52778316,0.52778316
0.52778316,0.52778316
0.52778316,0.52778316
0.52778316,0.52778316
0.52778316,0.52778316
0.52778316,0.52778316
0.52778316,0.52778316
0.52778316,0.52778316
0.52778316,0.52778316
0.52778316,0.52778316
0.52778316,0.52778316
0.52778316,0.52778316
0.52778316,0.52778316
0.52778316,0.52778316
0.52778316,0.52778316
0.52778316,0.52778316
0.46738413,0.46738413
0.408767,0.408767
0.3976365,0.3976365
0.39331508,0.39331508
0.4393159,0.4393159
0.44960102,0.44960102
0.4207892,0.4207892
0.43959305,0.43959305
0.5365132,0.5365132
0.5574632,0.5574632
0.6188578,0.6188578
0.44902697,0.44902697
0.4797637,0.4797637
0.47571167,0.47571167
0.44727215,0.44727215
0.48238242,0.48238242
0.39951724,0.39951724
0.46925384,0.46925384
0.63293487,0.63293487
0.44286156,0.44286156
0.45998934,0.45998934
0.56024075,0.56024075
0.5219206,0.5219206
0.494936,0.494936
0.51951426,0.51951426
0.51697063,0.51697063
0.45889378,0.45889378
0.4612512,0.4612512
0.4573668,0.4573668
0.5572524,0.5572524
0.44639438,0.44639438
0.5079054,0.5079054
0.45841026,0.45841026
0.4191932,0.4191932
0.6153183,0.6153183
0.57791716,0.57791716
0.65935826,0.65935826
0.46175292,0.46175292
0.45430216,0.45430216
0.44969246,0.44969246
0.44447747,0.44447747
0.49458802,0.49458802
0.5371134,0.5371134
0.4985115,0.4985115
0.4954203,0.4954203
0.39910287,0.39910287
0.6808627,0.6808627
0.57599425,0.57599425
0.46568808,0.46568808
0.45366794,0.45366794
0.5434501,0.5434501
0.4332146,0.4332146
0.3949952,0.3949952
0.4646938,0.4646938
0.55267805,0.55267805
0.48940426,0.48940426
0.5283788,0.5283788
0.60524553,0.60524553
0.4514208,0.4514208
0.47152895,0.47152895
0.49189395,0.49189395
0.47400874,0.47400874
0.5147761,0.5147761
0.45479605,0.45479605
0.49765077,0.49765077
0.5307991,0.5307991
0.6222616,0.6222616
0.5908345,0.5908345
0.52019924,0.52019924
0.53331065,0.53331065
0.46965,0.46965
0.45836836,0.45836836
0.44499138,0.44499138
0.45163152,0.45163152
0.3913726,0.3913726
0.5066612,0.5066612
0.4397729,0.4397729
0.49923605,0.49923605
0.42786303,0.42786303
0.41143408,0.41143408
0.41000032,0.41000032
0.43028483,0.43028483
0.46924832,0.46924832
0.46388713,0.46388713
0.55218273,0.55218273
0.5839817,0.5839817
0.46053335,0.46053335
0.46145856,0.46145856
0.52390456,0.52390456
0.48301482,0.48301482
0.50296,0.50296
0.42328316,0.42328316
0.38744846,0.38744846
0.43822992,0.43822992
0.54818505,0.54818505
0.5361697,0.5361697
0.48023587,0.48023587
0.48212644,0.48212644
0.5121664,0.5121664
0.58512074,0.58512074
0.6567305,0.6567305
0.5642817,0.5642817
0.4833911,0.4833911
0.43791223,0.43791223
0.43434954,0.43434954
0.51513827,0.51513827
0.48194748,0.48194748
0.40738904,0.40738904
0.46493897,0.46493897
0.571918,0.571918
0.5417298,0.5417298
0.5201644,0.5201644
0.49792555,0.49792555
0.46810728,0.46810728
0.3949762,0.3949762
0.37491202,0.37491202
0.41723877,0.41723877
0.38807148,0.38807148
0.41432983,0.41432983
0.4520898,0.4520898
0.4701278,0.4701278
0.50070703,0.50070703
0.55639565,0.55639565
0.59326637,0.59326637
0.45373866,0.45373866
0.4673268,0.4673268
0.46965605,0.46965605
0.6052696,0.6052696
0.5104139,0.5104139
0.5131243,0.5131243
0.4774794,0.4774794
0.5004135,0.5004135
0.54607743,0.54607743
0.5790769,0.5790769
0.54097587,0.54097587
0.51957864,0.51957864
0.5034452,0.5034452
0.50005597,0.50005597
0.4802126,0.4802126
0.5099025,0.5099025
0.53763956,0.53763956
0.4682987,0.4682987
0.52364665,0.52364665
0.5385609,0.5385609
0.5525292,0.5525292
0.52778316,0.52778316
0.52778316,0.52778316
0.52778316,0.52778316
0.52778316,0.52778316
0.52778316,0.52778316
0.52778316,0.52778316
0.52778316,0.52778316
0.52778316,0.52778316
0.52778316,0.52778316
0.52778316,0.52778316
0.52778316,0.52778316
0.52778316,0.52778316
0.52778316,0.52778316
0.52778316,0.52778316
0.52778316,0.52778316
0.52778316,0.52778316
0.5204532,0.5204532
0.45364192,0.45364192
0.4078545,0.4078545
0.38681886,0.38681886
0.4203746,0.4203746
0.541138,0.541138
0.49076587,0.49076587
0.46907878,0.46907878
0.48781398,0.48781398
0.6750925,0.6750925
0.63077915,0.63077915
0.5446879,0.5446879
0.57944065,0.57944065
0.4729394,0.4729394
0.5090628,0.5090628
0.46370038,0.46370038
0.45740935,0.45740935
0.457611,0.457611
0.49171704,0.49171704
0.49858803,0.49858803
0.43314043,0.43314043
0.4380638,0.4380638
0.49015173,0.49015173
0.5161441,0.5161441
0.5531652,0.5531652
0.5336135,0.5336135
0.49603447,0.49603447
0.4737152,0.4737152
0.4797319,0.4797319
0.4023235,0.4023235
0.48412007,0.48412007
0.47938794,0.47938794
0.40221137,0.40221137
0.48581195,0.48581195
0.46719986,0.46719986
0.44754776,0.44754776
0.47871342,0.47871342
0.6460818,0.6460818
0.5887322,0.5887322
0.5517891,0.5517891
0.44276315,0.44276315
0.6125181,0.6125181
0.5345841,0.5345841
0.59629637,0.59629637
0.4964381,0.4964381
0.45843968,0.45843968
0.47011933,0.47011933
0.44484273,0.44484273
0.40839726,0.40839726
0.3953432,0.3953432
0.39736634,0.39736634
0.43889302,0.43889302
0.49969128,0.49969128
0.58461255,0.58461255
0.5453308,0.5453308
0.47353786,0.47353786
0.48076743,0.48076743
0.61027557,0.61027557
0.547397,0.547397
0.5293373,0.5293373
0.4736664,0.4736664
0.49038276,0.49038276
0.5153347,0.5153347
0.43705055,0.43705055
0.38575223,0.38575223
0.40616554,0.40616554
0.527662,0.527662
0.6090351,0.6090351
0.59801453,0.59801453
0.59523976,0.59523976
0.43279818,0.43279818
0.48961902,0.48961902
0.45699444,0.45699444
0.57516235,0.57516235
0.41432706,0.41432706
0.47591853,0.47591853
0.47328067,0.47328067
0.44012284,0.44012284
0.45353818,0.45353818
0.46967557,0.46967557
0.41388437,0.41388437
0.45804834,0.45804834
0.44659603,0.44659603
0.49071088,0.49071088
0.4792984,0.4792984
0.52699095,0.52699095
0.63016665,0.63016665
0.60717034,0.60717034
0.4229609,0.4229609
0.4797633,0.4797633
0.5507817,0.5507817
0.41572317,0.41572317
0.42830974,0.42830974
0.39525494,0.39525494
0.38975218,0.38975218
0.42271245,0.42271245
0.49587995,0.49587995
0.5855418,0.5855418
0.5145333,0.5145333
0.59606105,0.59606105
0.5519998,0.5519998
0.55220544,0.55220544
0.5459317,0.5459317
0.5678947,0.5678947
0.49471387,0.49471387
0.49932906,0.49932906
0.4857193,0.4857193
0.56429803,0.56429803
0.51669955,0.51669955
0.52778316,0.52778316
0.52778316,0.52778316
0.52778316,0.52778316
0.5121798,0.5121798
0.3658889,0.3658889
0.39417902,0.39417902
0.42974842,0.42974842
0.47725627,0.47725627
0.54840344,0.54840344
0.58015853,0.58015853
0.51472974,0.51472974
0.5062409,0.5062409
0.39618298,0.39618298
0.36491603,0.36491603
0.43157572,0.43157572
0.44270766,0.44270766
0.47867423,0.47867423
0.5165156,0.5165156
0.4618341,0.4618341
0.48045367,0.48045367
0.48347536,0.48347536
0.50015205,0.50015205
0.47715265,0.47715265
0.47318715,0.47318715
0.6939074,0.6939074
0.601637,0.601637
0.61345917,0.61345917
0.54189265,0.54189265
0.37162703,0.37162703
0.3471495,0.3471495
0.6288618,0.6288618
0.5438988,0.5438988
0.5759809,0.5759809
0.4665417,0.4665417
0.46299237,0.46299237
0.44708872,0.44708872
0.47407386,0.47407386
0.4958738,0.4958738
0.41535005,0.41535005
0.52090937,0.52090937
0.69735664,0.69735664
0.45251268,0.45251268
0.47730672,0.47730672
0.45973963,0.45973963
0.5368203,0.5368203
0.44956008,0.44956008
0.5189897,0.5189897
0.4956778,0.4956778
0.48744407,0.48744407
0.46534684,0.46534684
0.49811247,0.49811247
0.51905686,0.51905686
0.52778316,0.52778316
0.52778316,0.52778316
0.52778316,0.52778316
0.52778316,0.52778316
0.52778316,0.52778316
0.52778316,0.52778316
0.52778316,0.52778316
0.52778316,0.52778316
0.52778316,0.52778316
0.52778316,0.52778316
0.52778316,0.52778316
0.52778316,0.52778316
0.52778316,0.52778316
0.52778316,0.52778316
0.52778316,0.52778316
0.52778316,0.52778316
0.52778316,0.52778316
0.53410304,0.53410304
0.50529325,0.50529325
0.4430448,0.4430448
0.44013134,0.44013134
0.436549,0.436549
0.4820031,0.4820031
0.5130593,0.5130593
0.5026527,0.5026527
0.4966006,0.4966006
0.5658696,0.5658696
0.46541134,0.46541134
0.51301736,0.51301736
0.5564378,0.5564378
0.4867021,0.4867021
0.39971662,0.39971662
0.46307945,0.46307945
0.4675918,0.4675918
0.4388949,0.4388949
0.44914064,0.44914064
0.51450557,0.51450557
0.47527516,0.47527516
0.44396308,0.44396308
0.45817637,0.45817637
0.48817495,0.48817495
0.52077043,0.52077043
0.5192666,0.5192666
0.57002795,0.57002795
0.69399476,0.69399476
0.56118274,0.56118274
0.51168317,0.51168317
0.45064515,0.45064515
0.50868785,0.50868785
0.5119171,0.5119171
0.6015734,0.6015734
0.58565927,0.58565927
0.54526955,0.54526955
0.4324351,0.4324351
0.47461885,0.47461885
0.43121797,0.43121797
0.46258298,0.46258298
0.5059693,0.5059693
0.41235852,0.41235852
0.47762874,0.47762874
0.50136405,0.50136405
0.46634728,0.46634728
0.634457,0.634457
0.61597115,0.61597115
0.5167931,0.5167931
0.49749866,0.49749866
0.44587803,0.44587803
0.42207104,0.42207104
0.47494787,0.47494787
0.52842236,0.52842236
0.45844287,0.45844287
0.46326274,0.46326274
0.44430554,0.44430554
0.55762553,0.55762553
0.58229303,0.58229303
0.5495498,0.5495498
0.479023,0.479023
0.3885251,0.3885251
0.35823542,0.35823542
0.45460552,0.45460552
0.5041574,0.5041574
0.46462578,0.46462578
0.5207827,0.5207827
0.40056273,0.40056273
0.47546425,0.47546425
0.63127625,0.63127625
0.53118527,0.53118527
0.57611686,0.57611686
0.5709255,0.5709255
0.3617938,0.3617938
0.4027522,0.4027522
0.4201744,0.4201744
0.48896685,0.48896685
0.6458371,0.6458371
0.6286715,0.6286715
0.5341915,0.5341915
0.5560094,0.5560094
0.64730614,0.64730614
0.45393327,0.45393327
0.49817404,0.49817404
0.45748484,0.45748484
0.43898663,0.43898663
0.60794765,0.60794765
0.44262922,0.44262922
0.4948624,0.4948624
0.5440877,0.5440877
0.5656723,0.5656723
0.5388964,0.5388964
0.57614255,0.57614255
0.5616837,0.5616837
0.4688279,0.4688279
0.5716323,0.5716323
0.621968,0.621968
0.49891645,0.49891645
0.4759106,0.4759106
0.50310534,0.50310534
0.51039875,0.51039875
0.5100224,0.5100224
0.50924706,0.50924706
0.53145033,0.53145033
0.49118397,0.49118397
0.45762342,0.45762342
0.5040016,0.5040016
0.51478904,0.51478904
0.52778316,0.52778316
0.52778316,0.52778316
0.52778316,0.52778316
0.52778316,0.52778316
0.52778316,0.52778316
0.5364388,0.5364388
0.37274557,0.37274557
0.5550324,0.5550324
0.4061214,0.4061214
0.6069193,0.6069193
0.577296,0.577296
0.54737955,0.54737955
0.58144426,0.58144426
0.43049282,0.43049282
0.4696919,0.4696919
0.38583013,0.38583013
0.42180482,0.42180482
0.3917892,0.3917892
0.40210912,0.40210912
0.3955391,0.3955391
0.41680658,0.41680658
0.4357925,0.4357925
0.53510326,0.53510326
0.47461104,0.47461104
0.6126117,0.6126117
0.6298443,0.6298443
0.55940264,0.55940264
0.57074326,0.57074326
0.5019009,0.5019009
0.48163092,0.48163092
0.48428786,0.48428786
0.34320113,0.34320113
0.5797152,0.5797152
0.6466571,0.6466571
0.60330015,0.60330015
0.5985797,0.5985797
0.4984068,0.4984068
0.49037045,0.49037045
0.596502,0.596502
0.45227575,0.45227575
0.4916568,0.4916568
0.45310128,0.45310128
0.41661996,0.41661996
0.50191593,0.50191593
0.39757636,0.39757636
0.5666281,0.5666281
0.46140242,0.46140242
0.65617126,0.65617126
0.53928524,0.53928524
0.5677357,0.5677357
0.5445504,0.5445504
0.5449783,0.5449783
0.5474003,0.5474003
0.54138446,0.54138446
0.5146933,0.5146933
0.5309681,0.5309681
0.54881436,0.54881436
0.55060244,0.55060244
0.51623917,0.51623917
0.52778316,0.52778316
0.53586,0.53586
0.48832586,0.48832586
0.4111292,0.4111292
0.35202053,0.35202053
0.4325205,0.4325205
0.43673366,0.43673366
0.44320056,0.44320056
0.43734154,0.43734154
0.57805556,0.57805556
0.4444928,0.4444928
0.37446487,0.37446487
0.36564323,0.36564323
0.45907763,0.45907763
0.49726748,0.49726748
0.5537371,0.5537371
0.58571726,0.58571726
0.4359623,0.4359623
0.43257666,0.43257666
0.46176147,0.46176147
0.53937143,0.53937143
0.51038593,0.51038593
0.40512264,0.40512264
0.51944965,0.51944965
0.47965518,0.47965518
0.45791733,0.45791733
0.5151341,0.5151341
0.47799894,0.47799894
0.4637688,0.4637688
0.43888113,0.43888113
0.35763696,0.35763696
0.44784033,0.44784033
0.44536233,0.44536233
0.44256273,0.44256273
0.49579874,0.49579874
0.61477894,0.61477894
0.4052405,0.4052405
0.41868502,0.41868502
0.40869892,0.40869892
0.46260473,0.46260473
0.40085825,0.40085825
0.44156274,0.44156274
0.52191865,0.52191865
0.4452487,0.4452487
0.44972768,0.44972768
0.50481117,0.50481117
0.47084427,0.47084427
0.49670175,0.49670175
0.3568563,0.3568563
0.42843628,0.42843628
0.4151917,0.4151917
0.4479447,0.4479447
0.46056235,0.46056235
0.48106682,0.48106682
0.43506336,0.43506336
0.42765117,0.42765117
0.42573327,0.42573327
0.43436772,0.43436772
0.4994016,0.4994016
0.45647958,0.45647958
0.5473262,0.5473262
0.6071338,0.6071338
0.5787029,0.5787029
0.48835954,0.48835954
0.48769382,0.48769382
0.48944893,0.48944893
0.46707508,0.46707508
0.4407106,0.4407106
0.49736857,0.49736857
0.5034254,0.5034254
0.4628325,0.4628325
0.510636,0.510636
0.5251497,0.5251497
0.4623902,0.4623902
0.43136132,0.43136132
0.47690395,0.47690395
0.38216022,0.38216022
0.42838913,0.42838913
0.35874012,0.35874012
0.3353227,0.3353227
0.3214694,0.3214694
0.3317016,0.3317016
0.4974527,0.4974527
0.44513464,0.44513464
0.41724345,0.41724345
0.46156773,0.46156773
0.4932417,0.4932417
0.45806098,0.45806098
0.552815,0.552815
0.4586781,0.4586781
0.42060235,0.42060235
0.43617982,0.43617982
0.47369507,0.47369507
0.44093487,0.44093487
0.4959516,0.4959516
0.42986482,0.42986482
0.5275515,0.5275515
0.5370285,0.5370285
0.582357,0.582357
0.63122994,0.63122994
0.65724766,0.65724766
0.5729222,0.5729222
0.41255343,0.41255343
0.42359394,0.42359394
0.49114364,0.49114364
0.46722025,0.46722025
0.35301208,0.35301208
0.49977964,0.49977964
0.4305644,0.4305644
0.5429884,0.5429884
0.6569971,0.6569971
0.4167228,0.4167228
0.4496095,0.4496095
0.45912606,0.45912606
0.4349453,0.4349453
0.4985447,0.4985447
0.5831935,0.5831935
0.5703346,0.5703346
0.5282294,0.5282294
0.39933017,0.39933017
0.43605694,0.43605694
0.4446275,0.4446275
0.43472743,0.43472743
0.4023038,0.4023038
0.4320766,0.4320766
0.36774486,0.36774486
0.40238184,0.40238184
0.37280822,0.37280822
0.41605094,0.41605094
0.40839022,0.40839022
0.4567151,0.4567151
0.541941,0.541941
0.5104802,0.5104802
0.53407156,0.53407156
0.38378456,0.38378456
0.4346507,0.4346507
0.4055565,0.4055565
0.47452992,0.47452992
0.42337474,0.42337474
0.5195388,0.5195388
0.4511144,0.4511144
0.4770727,0.4770727
0.47555333,0.47555333
0.42416033,0.42416033
0.30035356,0.30035356
0.40194836,0.40194836
0.3974628,0.3974628
0.39929038,0.39929038
0.37502214,0.37502214
0.4312196,0.4312196
0.38413608,0.38413608
0.3696023,0.3696023
0.35247922,0.35247922
0.37704408,0.37704408
0.37220198,0.37220198
0.42129683,0.42129683
0.49598,0.49598
0.6007236,0.6007236
0.5386257,0.5386257
0.6230346,0.6230346
0.49084252,0.49084252
0.47735286,0.47735286
0.4289005,0.4289005
0.51558036,0.51558036
0.5871966,0.5871966
0.5888018,0.5888018
0.6008058,0.6008058
0.46914613,0.46914613
0.43909472,0.43909472
0.4173115,0.4173115
0.43502203,0.43502203
0.42415005,0.42415005
0.43947166,0.43947166
0.42654303,0.42654303
0.4718004,0.4718004
0.4809085,0.4809085
0.41704792,0.41704792
0.4401741,0.4401741
0.4321735,0.4321735
0.42884105,0.42884105
0.6372681,0.6372681
0.58644885,0.58644885
0.61386186,0.61386186
0.54291815,0.54291815
0.44429094,0.44429094
0.43396482,0.43396482
0.44124886,0.44124886
0.5297991,0.5297991
0.4780673,0.4780673
0.62028605,0.62028605
0.45894277,0.45894277
0.4446479,0.4446479
0.35103044,0.35103044
0.4598542,0.4598542
0.40862718,0.40862718
0.46806967,0.46806967
0.40417647,0.40417647
0.40236023,0.40236023
0.4355355,0.4355355
0.59788024,0.59788024
0.56482583,0.56482583
0.38668683,0.38668683
0.45899877,0.45899877
0.47667658,0.47667658
0.61560655,0.61560655
0.5192993,0.5192993
0.44827017,0.44827017
0.4069137,0.4069137
0.46090746,0.46090746
0.40529102,0.40529102
0.41029683,0.41029683
0.42625678,0.42625678
0.3822065,0.3822065
0.44595408,0.44595408
0.46808684,0.46808684
0.3687128,0.3687128
0.38078147,0.38078147
0.39375666,0.39375666
0.4320273,0.4320273
0.46497533,0.46497533
0.46614534,0.46614534
0.5024645,0.5024645
0.49163696,0.49163696
0.46257913,0.46257913
0.59012747,0.59012747
0.49523848,0.49523848
0.46458706,0.46458706
0.5602264,0.5602264
0.54129255,0.54129255
0.54528993,0.54528993
0.52686685,0.52686685
0.53253895,0.53253895
0.48705482,0.48705482
0.50317186,0.50317186
0.47438073,0.47438073
0.48049483,0.48049483
0.52778316,0.52778316
0.52778316,0.52778316
0.605207,0.605207
0.37612215,0.37612215
0.48378903,0.48378903
0.5557476,0.5557476
0.39258403,0.39258403
0.45572045,0.45572045
0.46749488,0.46749488
0.4970559,0.4970559
0.45707572,0.45707572
0.41907555,0.41907555
0.37878603,0.37878603
0.4386642,0.4386642
0.47743237,0.47743237
0.511811,0.511811
0.48443088,0.48443088
0.47328153,0.47328153
0.51296437,0.51296437
0.4539412,0.4539412
0.4362106,0.4362106
0.46456853,0.46456853
0.4644576,0.4644576
0.4883472,0.4883472
0.4519628,0.4519628
0.47404125,0.47404125
0.56568956,0.56568956
0.49173197,0.49173197
0.44422415,0.44422415
0.4732818,0.4732818
0.5755274,0.5755274
0.54559267,0.54559267
0.6409164,0.6409164
0.4787304,0.4787304
0.37734175,0.37734175
0.44870776,0.44870776
0.5091154,0.5091154
0.6825838,0.6825838
0.5345158,0.5345158
0.47413573,0.47413573
0.5343349,0.5343349
0.50005287,0.50005287
0.64879614,0.64879614
0.467756,0.467756
0.5265598,0.5265598
0.49832687,0.49832687
0.64120984,0.64120984
0.562719,0.562719
0.532243,0.532243
0.6007049,0.6007049
0.41599053,0.41599053
0.43518937,0.43518937
0.4756596,0.4756596
0.4233006,0.4233006
0.5610944,0.5610944
0.41435504,0.41435504
0.44462818,0.44462818
0.42656356,0.42656356
0.64015305,0.64015305
0.54005176,0.54005176
0.5546759,0.5546759
0.56381875,0.56381875
0.37094408,0.37094408
0.48501927,0.48501927
0.5660657,0.5660657
0.5734481,0.5734481
0.5107745,0.5107745
0.40077123,0.40077123
0.43250588,0.43250588
0.46051335,0.46051335
0.4261308,0.4261308
0.42568037,0.42568037
0.50936323,0.50936323
0.44876647,0.44876647
0.5952316,0.5952316
0.57612914,0.57612914
0.500964,0.500964
0.5216531,0.5216531
0.5318936,0.5318936
0.4951909,0.4951909
0.5259344,0.5259344
0.5960289,0.5960289
0.47666588,0.47666588
0.41301236,0.41301236
0.39320573,0.39320573
0.39926842,0.39926842
0.41401538,0.41401538
0.47254804,0.47254804
0.48408094,0.48408094
0.49859756,0.49859756
0.51510507,0.51510507
0.5560032,0.5560032
0.49745595,0.49745595
0.4035181,0.4035181
0.42540553,0.42540553
0.4814341,0.4814341
0.47501943,0.47501943
0.46152413,0.46152413
0.46452597,0.46452597
0.46357292,0.46357292
0.7364269,0.7364269
0.37633485,0.37633485
0.40358564,0.40358564
0.4699224,0.4699224
0.4059138,0.4059138
0.52466285,0.52466285
0.5787166,0.5787166
0.53494567,0.53494567
0.6056487,0.6056487
0.54604477,0.54604477
0.47900525,0.47900525
0.46977147,0.46977147
0.44643456,0.44643456
0.46348557,0.46348557
0.42961946,0.42961946
0.63231295,0.63231295
0.61141723,0.61141723
0.42944852,0.42944852
0.4272495,0.4272495
0.46198073,0.46198073
0.42491168,0.42491168
0.4705683,0.4705683
0.54677004,0.54677004
0.40866545,0.40866545
0.4097661,0.4097661
0.44593954,0.44593954
0.40862384,0.40862384
0.39240038,0.39240038
0.4786234,0.4786234
0.5166427,0.5166427
0.47709396,0.47709396
0.46602648,0.46602648
0.42948088,0.42948088
0.5362669,0.5362669
0.5238222,0.5238222
0.47360012,0.47360012
0.54222846,0.54222846
0.48733854,0.48733854
0.52406335,0.52406335
0.5441482,0.5441482
0.52778316,0.52778316
0.52778316,0.52778316
0.52778316,0.52778316
0.52778316,0.52778316
0.52778316,0.52778316
0.52778316,0.52778316
0.52778316,0.52778316
0.5424815,0.5424815
0.50257194,0.50257194
0.46529713,0.46529713
0.4456488,0.4456488
0.46577018,0.46577018
0.6362095,0.6362095
0.5319417,0.5319417
0.40271914,0.40271914
0.48494148,0.48494148
0.48260653,0.48260653
0.4565711,0.4565711
0.49625152,0.49625152
0.5613321,0.5613321
0.51098466,0.51098466
0.58973974,0.58973974
0.38792223,0.38792223
0.41713327,0.41713327
0.4707879,0.4707879
0.6101093,0.6101093
0.5455464,0.5455464
0.39987686,0.39987686
0.4407846,0.4407846
0.45284486,0.45284486
0.5558537,0.5558537
0.5468757,0.5468757
0.59618574,0.59618574
0.58158946,0.58158946
0.37280563,0.37280563
0.41521135,0.41521135
0.69150305,0.69150305
0.5036526,0.5036526
0.42564765,0.42564765
0.5639668,0.5639668
0.59519035,0.59519035
0.4492862,0.4492862
0.4733735,0.4733735
0.38169664,0.38169664
0.3821118,0.3821118
0.3899023,0.3899023
0.38205594,0.38205594
0.5840811,0.5840811
0.41436145,0.41436145
0.5415428,0.5415428
0.48591492,0.48591492
0.5640392,0.5640392
0.49078014,0.49078014
0.45025006,0.45025006
0.55191964,0.55191964
0.42877057,0.42877057
0.5337685,0.5337685
0.53386235,0.53386235
0.4928101,0.4928101
0.5525112,0.5525112
0.52778316,0.52778316
0.52778316,0.52778316
0.52778316,0.52778316
0.52778316,0.52778316
0.52778316,0.52778316
0.52778316,0.52778316
0.52778316,0.52778316
0.52778316,0.52778316
0.52778316,0.52778316
0.52778316,0.52778316
0.54256225,0.54256225
0.41838005,0.41838005
0.49412292,0.49412292
0.46247458,0.46247458
0.48126322,0.48126322
0.4747107,0.4747107
0.49378318,0.49378318
0.48097003,0.48097003
0.58539146,0.58539146
0.65408677,0.65408677
0.60893464,0.60893464
0.3931312,0.3931312
0.4150752,0.4150752
0.42407462,0.42407462
0.48520264,0.48520264
0.46026233,0.46026233
0.46283647,0.46283647
0.4207322,0.4207322
0.50878716,0.50878716
0.5214007,0.5214007
0.5607982,0.5607982
0.58836675,0.58836675
0.53378993,0.53378993
0.5185813,0.5185813
0.47812673,0.47812673
0.5007351,0.5007351
0.44018924,0.44018924
0.38918284,0.38918284
0.38941753,0.38941753
0.3580706,0.3580706
0.36558992,0.36558992
0.5529478,0.5529478
0.4826621,0.4826621
0.52555496,0.52555496
0.48055524,0.48055524
0.53939116,0.53939116
0.4533957,0.4533957
0.48754805,0.48754805
0.49712968,0.49712968
0.52415246,0.52415246
0.4467332,0.4467332
0.5340992,0.5340992
0.46873114,0.46873114
0.54289645,0.54289645
0.47782338,0.47782338
0.51453304,0.51453304
0.52778316,0.52778316
0.52778316,0.52778316
0.52778316,0.52778316
0.52778316,0.52778316
0.52778316,0.52778316
0.52778316,0.52778316
0.52778316,0.52778316
0.52778316,0.52778316
0.52778316,0.52778316
0.52778316,0.52778316
0.52778316,0.52778316
0.52778316,0.52778316
0.52778316,0.52778316
0.52778316,0.52778316
0.52778316,0.52778316
0.52778316,0.52778316
0.52778316,0.52778316
0.52778316,0.52778316
0.52778316,0.52778316
0.52778316,0.52778316
0.52778316,0.52778316
0.52778316,0.52778316
0.52778316,0.52778316
0.52778316,0.52778316
0.52778316,0.52778316
0.52778316,0.52778316
0.52778316,0.52778316
0.52778316,0.52778316
0.52778316,0.52778316
0.52778316,0.52778316
0.52778316,0.52778316
0.52778316,0.52778316
0.52778316,0.52778316
0.52778316,0.52778316
0.52778316,0.52778316
0.52778316,0.52778316
0.52778316,0.52778316
0.52778316,0.52778316
0.52778316,0.52778316
0.52778316,0.52778316
0.52778316,0.52778316
0.52778316,0.52778316
0.52778316,0.52778316
0.52778316,0.52778316
0.52778316,0.52778316
0.52778316,0.52778316
0.52778316,0.52778316
0.52778316,0.52778316
0.52778316,0.52778316
0.52778316,0.52778316
0.52778316,0.52778316
0.52778316,0.52778316
0.52778316,0.52778316
0.52778316,0.52778316
0.52778316,0.52778316
0.52778316,0.52778316
0.52778316,0.52778316
0.52778316,0.52778316
0.52778316,0.52778316
0.52778316,0.52778316
0.52778316,0.52778316
0.52778316,0.52778316
0.52778316,0.52778316
0.52778316,0.52778316
0.52778316,0.52778316
0.52778316,0.52778316
0.52778316,0.52778316
0.52778316,0.52778316
0.52778316,0.52778316
0.52778316,0.52778316
0.52778316,0.52778316
0.52778316,0.52778316
0.52778316,0.52778316
0.52778316,0.52778316
0.52778316,0.52778316
0.52778316,0.52778316
0.52778316,0.52778316
0.52778316,0.52778316
0.52778316,0.52778316
0.52778316,0.52778316
0.52778316,0.52778316
0.52778316,0.52778316
0.52778316,0.52778316
0.52778316,0.52778316
0.52778316,0.52778316
0.52778316,0.52778316
0.52778316,0.52778316
0.52778316,0.52778316
0.52778316,0.52778316
0.52778316,0.52778316
0.52778316,0.52778316
0.52778316,0.52778316
0.52778316,0.52778316
0.52778316,0.52778316
0.52778316,0.52778316
0.52778316,0.52778316
0.52778316,0.52778316
0.52778316,0.52778316
0.52778316,0.52778316
0.52778316,0.52778316
0.52778316,0.52778316
0.59004736,0.59004736
0.41912666,0.41912666
0.47228962,0.47228962
0.45121863,0.45121863
0.430193,0.430193
0.5734513,0.5734513
0.630417,0.630417
0.44066444,0.44066444
0.49405214,0.49405214
0.5435532,0.5435532
0.49129453,0.49129453
0.50223154,0.50223154
0.48778462,0.48778462
0.51579666,0.51579666
0.46248767,0.46248767
0.4824007,0.4824007
0.5523123,0.5523123
0.5321295,0.5321295
0.4216189,0.4216189
0.4595776,0.4595776
0.6283623,0.6283623
0.5517979,0.5517979
0.52644026,0.52644026
0.5103534,0.5103534
0.40879688,0.40879688
0.44194508,0.44194508
0.4742997,0.4742997
0.38095665,0.38095665
0.4181271,0.4181271
0.41019022,0.41019022
0.38839716,0.38839716
0.39575905,0.39575905
0.3773536,0.3773536
0.46552193,0.46552193
0.39032486,0.39032486
0.59942615,0.59942615
0.5575731,0.5575731
0.5065526,0.5065526
0.5719378,0.5719378
0.4078928,0.4078928
0.472628,0.472628
0.44012862,0.44012862
0.4473751,0.4473751
0.44507706,0.44507706
0.60423505,0.60423505
0.62408584,0.62408584
0.46078986,0.46078986
0.42118397,0.42118397
0.44230688,0.44230688
0.48464653,0.48464653
0.47759774,0.47759774
0.49946767,0.49946767
0.43875897,0.43875897
0.48724383,0.48724383
0.45802942,0.45802942
0.53637576,0.53637576
0.47256085,0.47256085
0.46134228,0.46134228
0.48683,0.48683
0.46288624,0.46288624
0.4851156,0.4851156
0.4291218,0.4291218
0.4036366,0.4036366
0.46508116,0.46508116
0.43339863,0.43339863
0.4241772,0.4241772
0.5164978,0.5164978
0.50674295,0.50674295
0.41489086,0.41489086
0.337665,0.337665
0.36612928,0.36612928
0.48235044,0.48235044
0.43187788,0.43187788
0.37437034,0.37437034
0.4858645,0.4858645
0.46557412,0.46557412
0.3746355,0.3746355
0.42168632,0.42168632
0.4523869,0.4523869
0.5080164,0.5080164
0.5072691,0.5072691
0.46398208,0.46398208
0.47225976,0.47225976
0.45747384,0.45747384
0.6194116,0.6194116
0.60671103,0.60671103
0.536911,0.536911
0.4308735,0.4308735
0.42787293,0.42787293
0.49802768,0.49802768
0.5821826,0.5821826
0.44592485,0.44592485
0.404723,0.404723
0.4558266,0.4558266
0.44325998,0.44325998
0.5915597,0.5915597
0.5268359,0.5268359
0.4746636,0.4746636
0.38224468,0.38224468
0.3805865,0.3805865
0.4237324,0.4237324
0.63728714,0.63728714
0.55188197,0.55188197
0.5232563,0.5232563
0.46466914,0.46466914
0.35187423,0.35187423
0.35978433,0.35978433
0.33195022,0.33195022
0.38487738,0.38487738
0.4541942,0.4541942
0.42030486,0.42030486
0.50257015,0.50257015
0.55896336,0.55896336
0.6484196,0.6484196
0.5623743,0.5623743
0.5869755,0.5869755
0.57567525,0.57567525
0.58573097,0.58573097
0.5647996,0.5647996
0.55902916,0.55902916
0.52337754,0.52337754
0.47826928,0.47826928
0.52778316,0.52778316
0.52778316,0.52778316
0.52778316,0.52778316
0.52778316,0.52778316
0.52778316,0.52778316
0.52778316,0.52778316
0.52778316,0.52778316
0.52778316,0.52778316
0.52778316,0.52778316
0.52778316,0.52778316
0.52778316,0.52778316
0.52778316,0.52778316
0.5386133,0.5386133
0.5912342,0.5912342
0.5206707,0.5206707
0.45433998,0.45433998
0.43497378,0.43497378
0.51194406,0.51194406
0.45341605,0.45341605
0.48032412,0.48032412
0.52053577,0.52053577
0.5082634,0.5082634
0.48134497,0.48134497
0.6167418,0.6167418
0.61016244,0.61016244
0.3942882,0.3942882
0.43782303,0.43782303
0.47182962,0.47182962
0.43951908,0.43951908
0.5251067,0.5251067
0.552486,0.552486
0.4463952,0.4463952
0.35963878,0.35963878
0.41899595,0.41899595
0.49113035,0.49113035
0.6337642,0.6337642
0.53836155,0.53836155
0.5341467,0.5341467
0.54071116,0.54071116
0.45772734,0.45772734
0.46548298,0.46548298
0.48905998,0.48905998
0.5666284,0.5666284
0.5245882,0.5245882
0.5972853,0.5972853
0.47198948,0.47198948
0.42050397,0.42050397
0.39408714,0.39408714
0.41889235,0.41889235
0.3733553,0.3733553
0.35827485,0.35827485
0.37135407,0.37135407
0.40198588,0.40198588
0.37415606,0.37415606
0.40747958,0.40747958
0.44043437,0.44043437
0.457548,0.457548
0.46693754,0.46693754
0.45990145,0.45990145
0.43011048,0.43011048
0.4130585,0.4130585
0.42489332,0.42489332
0.62918884,0.62918884
0.5181143,0.5181143
0.5523207,0.5523207
0.54197156,0.54197156
0.5177006,0.5177006
0.56474036,0.56474036
0.3900772,0.3900772
0.43295425,0.43295425
0.42919847,0.42919847
0.38285014,0.38285014
0.5378104,0.5378104
0.4549712,0.4549712
0.43386856,0.43386856
0.5106299,0.5106299
0.49531686,0.49531686
0.5264581,0.5264581
0.47674912,0.47674912
0.4680932,0.4680932
0.46697485,0.46697485
0.56549436,0.56549436
0.48849544,0.48849544
0.5114512,0.5114512
0.55672264,0.55672264
0.52778316,0.52778316
0.52778316,0.52778316
0.52778316,0.52778316
0.52778316,0.52778316
0.52778316,0.52778316
0.52778316,0.52778316
0.52778316,0.52778316
0.52778316,0.52778316
0.52778316,0.52778316
0.52778316,0.52778316
0.52778316,0.52778316
0.52778316,0.52778316
0.52778316,0.52778316
0.52778316,0.52778316
0.52778316,0.52778316
0.52778316,0.52778316
0.52778316,0.52778316
0.52778316,0.52778316
0.52778316,0.52778316
0.52778316,0.52778316
0.52778316,0.52778316
0.52778316,0.52778316
0.52778316,0.52778316
0.52778316,0.52778316
0.52778316,0.52778316
0.52778316,0.52778316
0.52778316,0.52778316
0.52778316,0.52778316
0.52778316,0.52778316
0.52778316,0.52778316
0.52778316,0.52778316
0.52778316,0.52778316
0.52778316,0.52778316
0.52778316,0.52778316
0.52778316,0.52778316
0.52778316,0.52778316
0.52778316,0.52778316
0.52778316,0.52778316
0.52778316,0.52778316
0.52778316,0.52778316
0.52778316,0.52778316
0.52778316,0.52778316
0.52778316,0.52778316
0.52778316,0.52778316
0.52778316,0.52778316
0.52778316,0.52778316
0.52778316,0.52778316
0.52778316,0.52778316
0.52778316,0.52778316
0.52778316,0.52778316
0.52778316,0.52778316
0.52778316,0.52778316
0.52778316,0.52778316
0.52778316,0.52778316
0.52778316,0.52778316
0.52778316,0.52778316
0.52778316,0.52778316
0.52778316,0.52778316
0.52778316,0.52778316
0.52778316,0.52778316
0.52778316,0.52778316
0.52778316,0.52778316
0.52778316,0.52778316
0.52778316,0.52778316
0.52778316,0.52778316
0.52778316,0.52778316
0.52778316,0.52778316
0.52778316,0.52778316
0.52778316,0.52778316
0.52778316,0.52778316
0.52778316,0.52778316
0.52778316,0.52778316
0.52778316,0.52778316
0.52778316,0.52778316
0.52778316,0.52778316
0.52778316,0.52778316
0.52778316,0.52778316
0.52778316,0.52778316
0.52778316,0.52778316
0.52778316,0.52778316
0.52778316,0.52778316
0.52778316,0.52778316
0.52778316,0.52778316
0.52778316,0.52778316
0.52778316,0.52778316
0.52778316,0.52778316
0.52778316,0.52778316
0.52778316,0.52778316
0.52778316,0.52778316
0.52778316,0.52778316
0.52778316,0.52778316
0.52778316,0.52778316
0.52778316,0.52778316
0.52778316,0.52778316
0.52778316,0.52778316
0.52778316,0.52778316
0.52778316,0.52778316
0.52778316,0.52778316
0.52778316,0.52778316
0.52778316,0.52778316
0.52778316,0.52778316
0.52778316,0.52778316
0.52778316,0.52778316
0.52778316,0.52778316
0.52778316,0.52778316
0.52778316,0.52778316
0.52778316,0.52778316
0.52778316,0.52778316
0.52778316,0.52778316
0.52778316,0.52778316
0.52778316,0.52778316
0.52778316,0.52778316
0.52778316,0.52778316
0.52778316,0.52778316
0.52778316,0.52778316
0.52778316,0.52778316
0.52778316,0.52778316
0.52778316,0.52778316
0.52778316,0.52778316
0.52778316,0.52778316
0.52778316,0.52778316
0.52778316,0.52778316
0.52778316,0.52778316
0.52778316,0.52778316
0.52778316,0.52778316
0.52778316,0.52778316
0.52778316,0.52778316
0.52778316,0.52778316
0.52778316,0.52778316
0.52778316,0.52778316
0.52778316,0.52778316
0.52778316,0.52778316
0.52778316,0.52778316
0.52778316,0.52778316
0.52778316,0.52778316
0.52778316,0.52778316
0.52778316,0.52778316
0.52778316,0.52778316
0.52778316,0.52778316
0.52778316,0.52778316
0.52778316,0.52778316
0.52778316,0.52778316
0.52778316,0.52778316
0.52778316,0.52778316
0.52778316,0.52778316
0.52778316,0.52778316
0.52778316,0.52778316
0.52778316,0.52778316
0.52778316,0.52778316
0.52778316,0.52778316
0.5336152,0.5336152
0.43052766,0.43052766
0.42431065,0.42431065
0.42087743,0.42087743
0.41377905,0.41377905
0.37962866,0.37962866
0.398812,0.398812
0.37644827,0.37644827
0.4769438,0.4769438
0.5429698,0.5429698
0.53873,0.53873
0.48806846,0.48806846
0.4786439,0.4786439
0.4742178,0.4742178
0.45773062,0.45773062
0.48960787,0.48960787
0.46208492,0.46208492
0.4753944,0.4753944
0.51311415,0.51311415
0.44395617,0.44395617
0.5580601,0.5580601
0.52778316,0.52778316
0.52778316,0.52778316
0.52778316,0.52778316
0.52778316,0.52778316
0.52778316,0.52778316
0.52778316,0.52778316
0.52778316,0.52778316
0.52778316,0.52778316
0.52778316,0.52778316
0.52778316,0.52778316
0.52778316,0.52778316
0.52778316,0.52778316
0.52778316,0.52778316
0.52778316,0.52778316
0.52778316,0.52778316
0.52778316,0.52778316
0.52778316,0.52778316
0.52778316,0.52778316
0.52778316,0.52778316
0.52778316,0.52778316
0.52778316,0.52778316
0.52778316,0.52778316
0.52778316,0.52778316
0.52778316,0.52778316
0.52778316,0.52778316
0.52778316,0.52778316
0.52778316,0.52778316
0.52778316,0.52778316
0.52778316,0.52778316
0.52778316,0.52778316
0.52778316,0.52778316
0.52778316,0.52778316
0.52778316,0.52778316
0.52778316,0.52778316
0.52778316,0.52778316
0.52778316,0.52778316
0.52778316,0.52778316
0.52778316,0.52778316
0.52778316,0.52778316
0.52778316,0.52778316
0.52778316,0.52778316
0.52778316,0.52778316
0.52778316,0.52778316
0.52778316,0.52778316
0.52778316,0.52778316
0.52778316,0.52778316
0.52778316,0.52778316
0.52778316,0.52778316
0.52778316,0.52778316
0.52778316,0.52778316
0.52778316,0.52778316
0.52778316,0.52778316
0.52778316,0.52778316
0.52778316,0.52778316
0.52778316,0.52778316
0.52778316,0.52778316
0.55706304,0.55706304
0.64311403,0.64311403
0.61239475,0.61239475
0.6145327,0.6145327
0.5917389,0.5917389
0.61515653,0.61515653
0.60221684,0.60221684
0.55869794,0.55869794
0.5836146,0.5836146
0.5919806,0.5919806
0.575827,0.575827
0.6114723,0.6114723
0.62230515,0.62230515
0.5965199,0.5965199
0.62593234,0.62593234
0.59718364,0.59718364
0.6226175,0.6226175
0.57599396,0.57599396
0.63789624,0.63789624
0.6114504,0.6114504
0.5514733,0.5514733
0.5957421,0.5957421
0.60985804,0.60985804
0.6459623,0.6459623
0.589233,0.589233
0.63486063,0.63486063
0.60645396,0.60645396
0.61371946,0.61371946
0.60570276,0.60570276
0.62280834,0.62280834
0.59298885,0.59298885
0.64516133,0.64516133
0.59660536,0.59660536
0.6079204,0.6079204
0.5916039,0.5916039
0.6092194,0.6092194
0.66700464,0.66700464
0.60886025,0.60886025
0.612651,0.612651
0.6101276,0.6101276
0.57966703,0.57966703
0.5929525,0.5929525
0.6457166,0.6457166
0.6142823,0.6142823
0.5893534,0.5893534
0.6451252,0.6451252
0.61358887,0.61358887
0.60545295,0.60545295
0.6107329,0.6107329
0.59626627,0.59626627
0.5996591,0.5996591
0.5727119,0.5727119
0.60579324,0.60579324
0.5433526,0.5433526
0.61348814,0.61348814
0.60985756,0.60985756
0.6011247,0.6011247
0.58919084,0.58919084
0.5898073,0.5898073
0.6028811,0.6028811
0.6336489,0.6336489
0.55146366,0.55146366
0.6435735,0.6435735
0.6346484,0.6346484
0.61825645,0.61825645
0.6055351,0.6055351
0.6040505,0.6040505
0.6170707,0.6170707
0.6275611,0.6275611
0.61740613,0.61740613
0.6178665,0.6178665
0.64775985,0.64775985
0.61421406,0.61421406
0.6263418,0.6263418
0.61176026,0.61176026
0.62956506,0.62956506
0.5708698,0.5708698
0.66668737,0.66668737
0.62245,0.62245
0.57606953,0.57606953
0.5727727,0.5727727
0.6042494,0.6042494
0.6173485,0.6173485
0.6341516,0.6341516
0.5938866,0.5938866
0.56194806,0.56194806
0.6042792,0.6042792
0.57391506,0.57391506
0.5823222,0.5823222
0.5798441,0.5798441
0.6227155,0.6227155
0.6242395,0.6242395
0.66005987,0.66005987
0.62715054,0.62715054
0.57219625,0.57219625
0.633899,0.633899
0.6030636,0.6030636
0.61816305,0.61816305
0.6094567,0.6094567
0.58069664,0.58069664
0.6022367,0.6022367
0.6399072,0.6399072
0.62929225,0.62929225
0.631407,0.631407
0.553912,0.553912
0.609462,0.609462
0.6027779,0.6027779
0.6071126,0.6071126
0.6088477,0.6088477
0.6053792,0.6053792
0.6134116,0.6134116
0.62564087,0.62564087
0.62577784,0.62577784
0.5552297,0.5552297
0.5971284,0.5971284
0.6186574,0.6186574
0.6110199,0.6110199
0.58684796,0.58684796
0.5847749,0.5847749
0.6500869,0.6500869
0.60734534,0.60734534
0.5905502,0.5905502
0.62524587,0.62524587
0.63439715,0.63439715
0.6007015,0.6007015
0.56840056,0.56840056
0.6249371,0.6249371
0.61703134,0.61703134
0.61790013,0.61790013
0.55859196,0.55859196
0.61607236,0.61607236
0.6327714,0.6327714
0.61892784,0.61892784
0.5882661,0.5882661
0.6325988,0.6325988
0.58369726,0.58369726
0.60873383,0.60873383
0.590009,0.590009
0.61548376,0.61548376
0.6666328,0.6666328
0.59411776,0.59411776
0.58743453,0.58743453
0.59064925,0.59064925
0.58412504,0.58412504
0.617503,0.617503
0.59879404,0.59879404
0.5516825,0.5516825
0.62973017,0.62973017
0.62461275,0.62461275
0.6220038,0.6220038
0.6180902,0.6180902
0.6012883,0.6012883
0.62863463,0.62863463
0.56528145,0.56528145
0.60884696,0.60884696
0.6280793,0.6280793
0.6200957,0.6200957
0.58092695,0.58092695
0.6170709,0.6170709
0.5961932,0.5961932
0.5851375,0.5851375
0.6096898,0.6096898
0.63867956,0.63867956
0.5311369,0.5311369
0.49056816,0.49056816
0.47374052,0.47374052
0.48788983,0.48788983
0.42187136,0.42187136
0.41478252,0.41478252
0.4224587,0.4224587
0.34749013,0.34749013
0.48386392,0.48386392
0.45781565,0.45781565
0.6629707,0.6629707
0.61356026,0.61356026
0.6331951,0.6331951
0.43791887,0.43791887
0.43797815,0.43797815
0.44930136,0.44930136
0.4122845,0.4122845
0.4049712,0.4049712
0.47161686,0.47161686
0.4215046,0.4215046
0.32036507,0.32036507
0.43106982,0.43106982
0.42199007,0.42199007
0.41967964,0.41967964
0.40826586,0.40826586
0.6165438,0.6165438
0.65141064,0.65141064
0.5233996,0.5233996
0.42344883,0.42344883
0.42791116,0.42791116
0.43337667,0.43337667
0.4695353,0.4695353
0.48243573,0.48243573
0.500406,0.500406
0.38742378,0.38742378
0.41346174,0.41346174
0.60012156,0.60012156
0.43753922,0.43753922
0.38026908,0.38026908
0.3705565,0.3705565
0.36465457,0.36465457
0.4253897,0.4253897
0.4088874,0.4088874
0.417946,0.417946
0.6261889,0.6261889
0.58539426,0.58539426
0.6300735,0.6300735
0.634905,0.634905
0.5749749,0.5749749
0.60857946,0.60857946
0.6299094,0.6299094
0.64326924,0.64326924
0.58983064,0.58983064
0.617048,0.617048
0.5342159,0.5342159
0.6029213,0.6029213
0.47705308,0.47705308
0.44382927,0.44382927
0.62883204,0.62883204
0.52636975,0.52636975
0.62637085,0.62637085
0.5906053,0.5906053
0.576616,0.576616
0.3059692,0.3059692
0.41453046,0.41453046
0.41882768,0.41882768
0.43350267,0.43350267
0.401198,0.401198
0.59280044,0.59280044
0.5878742,0.5878742
0.63605976,0.63605976
0.65673536,0.65673536
0.5504475,0.5504475
0.52457964,0.52457964
0.31810102,0.31810102
0.36741808,0.36741808
0.37352464,0.37352464
0.50400096,0.50400096
0.35186836,0.35186836
0.40638888,0.40638888
0.3842618,0.3842618
0.3510343,0.3510343
0.62702215,0.62702215
0.56140643,0.56140643
0.44429678,0.44429678
0.48075387,0.48075387
0.47466576,0.47466576
0.6586068,0.6586068
0.610595,0.610595
0.6121496,0.6121496
0.6309761,0.6309761
0.6142882,0.6142882
0.5750118,0.5750118
0.62247926,0.62247926
0.6137967,0.6137967
0.62924576,0.62924576
0.5758604,0.5758604
0.57564205,0.57564205
0.6450045,0.6450045
0.6016705,0.6016705
0.6295555,0.6295555
0.5855611,0.5855611
0.6003186,0.6003186
0.5988338,0.5988338
0.60955715,0.60955715
0.62427807,0.62427807
0.58753926,0.58753926
0.5133711,0.5133711
0.5404491,0.5404491
0.44885513,0.44885513
0.44465622,0.44465622
0.47121206,0.47121206
0.42169794,0.42169794
0.4345317,0.4345317
0.46320686,0.46320686
0.47322014,0.47322014
0.4469817,0.4469817
0.42447484,0.42447484
0.5084104,0.5084104
0.5164459,0.5164459
0.50149494,0.50149494
0.43285453,0.43285453
0.49799114,0.49799114
0.5978375,0.5978375
0.5225419,0.5225419
0.48075652,0.48075652
0.47408012,0.47408012
0.54200155,0.54200155
0.6326309,0.6326309
0.56270355,0.56270355
0.5732835,0.5732835
0.5804723,0.5804723
0.59904,0.59904
0.4256736,0.4256736
0.506244,0.506244
0.48665667,0.48665667
0.63572705,0.63572705
0.59232485,0.59232485
0.40584588,0.40584588
0.53412765,0.53412765
0.44997904,0.44997904
0.5466608,0.5466608
0.43892118,0.43892118
0.4224355,0.4224355
0.52702576,0.52702576
0.54441077,0.54441077
0.522174,0.522174
0.473363,0.473363
0.55217904,0.55217904
0.57986253,0.57986253
0.5649728,0.5649728
0.45998412,0.45998412
0.6187262,0.6187262
0.61944014,0.61944014
0.57364315,0.57364315
0.6310269,0.6310269
0.5879234,0.5879234
0.6110693,0.6110693
0.6060512,0.6060512
0.5979326,0.5979326
0.5659178,0.5659178
0.5685884,0.5685884
0.58723515,0.58723515
0.64363974,0.64363974
0.60097545,0.60097545
0.45833576,0.45833576
0.59441096,0.59441096
0.59527177,0.59527177
0.464436,0.464436
0.4021107,0.4021107
0.49250564,0.49250564
0.66063195,0.66063195
0.62485796,0.62485796
0.43318972,0.43318972
0.43354967,0.43354967
0.434898,0.434898
0.37677658,0.37677658
0.5161299,0.5161299
0.45929536,0.45929536
0.46805245,0.46805245
0.51181334,0.51181334
0.58319706,0.58319706
0.6124477,0.6124477
0.6000874,0.6000874
0.6002966,0.6002966
0.6314097,0.6314097
0.53458285,0.53458285
0.6057236,0.6057236
0.6394735,0.6394735
0.6006685,0.6006685
0.5959151,0.5959151
0.6325052,0.6325052
0.6089712,0.6089712
0.5990378,0.5990378
0.6083614,0.6083614
0.6075429,0.6075429
0.63239807,0.63239807
0.5705892,0.5705892
0.6175693,0.6175693
0.61557776,0.61557776
0.57419395,0.57419395
0.6165126,0.6165126
0.58491844,0.58491844
0.6715625,0.6715625
0.6073358,0.6073358
0.5568132,0.5568132
0.57188696,0.57188696
0.61212397,0.61212397
0.57982945,0.57982945
0.6184068,0.6184068
0.5647545,0.5647545
0.61539316,0.61539316
0.6184384,0.6184384
0.59708005,0.59708005
0.6227538,0.6227538
0.61766034,0.61766034
0.594889,0.594889
0.56499785,0.56499785
0.62261105,0.62261105
0.5940562,0.5940562
0.63858235,0.63858235
0.5993615,0.5993615
0.6661695,0.6661695
0.63270974,0.63270974
0.5896173,0.5896173
0.4444001,0.4444001
0.4777633,0.4777633
0.43473077,0.43473077
0.48018986,0.48018986
0.61650956,0.61650956
0.5861858,0.5861858
0.40625077,0.40625077
0.49810416,0.49810416
0.70758015,0.70758015
0.6067312,0.6067312
0.46795982,0.46795982
0.5782173,0.5782173
0.47447613,0.47447613
0.4481054,0.4481054
0.64027035,0.64027035
0.57187057,0.57187057
0.41441453,0.41441453
0.50379765,0.50379765
0.6452997,0.6452997
0.51418895,0.51418895
0.4542102,0.4542102
0.52777594,0.52777594
0.46288592,0.46288592
0.61604065,0.61604065
0.58155787,0.58155787
0.49196136,0.49196136
0.49412245,0.49412245
0.5428816,0.5428816
0.5891534,0.5891534
0.5146581,0.5146581
0.40448692,0.40448692
0.3878371,0.3878371
0.39206952,0.39206952
0.5107865,0.5107865
0.5993678,0.5993678
0.5858623,0.5858623
0.6062506,0.6062506
0.62588584,0.62588584
0.64474136,0.64474136
0.47959375,0.47959375
0.5110435,0.5110435
0.4548506,0.4548506
0.4672856,0.4672856
0.44180644,0.44180644
0.44106436,0.44106436
0.49902388,0.49902388
0.5478478,0.5478478
0.46180484,0.46180484
0.51157254,0.51157254
0.46707115,0.46707115
0.38567638,0.38567638
0.44905138,0.44905138
0.54698396,0.54698396
0.53891754,0.53891754
0.6410467,0.6410467
0.42075813,0.42075813
0.43274537,0.43274537
0.4221981,0.4221981
0.44384128,0.44384128
0.45358846,0.45358846
0.421465,0.421465
0.48887855,0.48887855
0.5653719,0.5653719
0.44719398,0.44719398
0.45355645,0.45355645
0.44437116,0.44437116
0.55824274,0.55824274
0.6565619,0.6565619
0.6250989,0.6250989
0.56853443,0.56853443
0.51892483,0.51892483
0.5549551,0.5549551
0.4858602,0.4858602
0.4292394,0.4292394
0.48640698,0.48640698
0.46538904,0.46538904
0.59552157,0.59552157
0.5849297,0.5849297
0.5197791,0.5197791
0.5457349,0.5457349
0.38629436,0.38629436
0.47902206,0.47902206
0.4976955,0.4976955
0.5507205,0.5507205
0.5100026,0.5100026
0.6038536,0.6038536
0.63220024,0.63220024
0.5265697,0.5265697
0.46433318,0.46433318
0.5425483,0.5425483
0.52459085,0.52459085
0.5291268,0.5291268
0.4189695,0.4189695
0.37708327,0.37708327
0.4919098,0.4919098
0.54730654,0.54730654
0.3673777,0.3673777
0.45927697,0.45927697
0.3721681,0.3721681
0.424648,0.424648
0.40906852,0.40906852
0.60183734,0.60183734
0.38919413,0.38919413
0.40693858,0.40693858
0.45159906,0.45159906
0.64523923,0.64523923
0.5713215,0.5713215
0.5854552,0.5854552
0.5466699,0.5466699
0.43310612,0.43310612
0.4469382,0.4469382
0.44773754,0.44773754
0.5276558,0.5276558
0.5325063,0.5325063
0.59966683,0.59966683
0.6064762,0.6064762
0.6305749,0.6305749
0.5885341,0.5885341
0.6003643,0.6003643
0.583964,0.583964
0.59363353,0.59363353
0.6496242,0.6496242
0.6339194,0.6339194
0.61544514,0.61544514
0.6272474,0.6272474
0.5892159,0.5892159
0.621592,0.621592
0.59463316,0.59463316
0.62911016,0.62911016
0.6087527,0.6087527
0.62946343,0.62946343
0.6132229,0.6132229
0.63037497,0.63037497
0.6103055,0.6103055
0.56888914,0.56888914
0.61133075,0.61133075
0.62207055,0.62207055
0.6629387,0.6629387
0.62446576,0.62446576
0.6003014,0.6003014
0.64321035,0.64321035
0.60996526,0.60996526
0.6540851,0.6540851
0.63315004,0.63315004
0.5859593,0.5859593
0.59913,0.59913
0.66126055,0.66126055
0.63632494,0.63632494
0.60493845,0.60493845
0.58603364,0.58603364
0.62503594,0.62503594
0.6253777,0.6253777
0.59614635,0.59614635
0.63103926,0.63103926
0.6726255,0.6726255
0.6015506,0.6015506
0.5694236,0.5694236
0.6139212,0.6139212
0.62239385,0.62239385
0.58910537,0.58910537
0.60883987,0.60883987
0.6305906,0.6305906
0.6264287,0.6264287
0.5826538,0.5826538
0.6020821,0.6020821
0.55779034,0.55779034
0.62439466,0.62439466
0.63119227,0.63119227
0.6185644,0.6185644
0.60655177,0.60655177
0.63954026,0.63954026
0.63417387,0.63417387
0.58483803,0.58483803
0.55326015,0.55326015
0.6406284,0.6406284
0.5644853,0.5644853
0.61239225,0.61239225
0.58900994,0.58900994
0.60314786,0.60314786
0.61192954,0.61192954
0.5851354,0.5851354
0.6149346,0.6149346
0.59051037,0.59051037
0.6205793,0.6205793
0.6095409,0.6095409
0.6369277,0.6369277
0.61129117,0.61129117
0.63023764,0.63023764
0.63735,0.63735
0.55877125,0.55877125
0.5752237,0.5752237
0.6008913,0.6008913
0.5795085,0.5795085
0.6250545,0.6250545
0.5874127,0.5874127
0.5777777,0.5777777
0.5952448,0.5952448
0.56800497,0.56800497
0.6394901,0.6394901
0.64176154,0.64176154
0.6488982,0.6488982
0.5976015,0.5976015
0.5820726,0.5820726
0.5617807,0.5617807
0.59615475,0.59615475
0.6198262,0.6198262
0.6038936,0.6038936
0.61253995,0.61253995
0.61198413,0.61198413
0.5837645,0.5837645
0.5991337,0.5991337
0.63628316,0.63628316
0.60464805,0.60464805
0.6062175,0.6062175
0.5918843,0.5918843
0.61702853,0.61702853
0.5827607,0.5827607
0.61987406,0.61987406
0.5749973,0.5749973
0.56061035,0.56061035
0.62633425,0.62633425
0.594457,0.594457
0.6312054,0.6312054
0.62724495,0.62724495
0.61368096,0.61368096
0.6253256,0.6253256
0.6040981,0.6040981
0.6298604,0.6298604
0.61447364,0.61447364
0.58832186,0.58832186
0.61384434,0.61384434
0.64727914,0.64727914
0.5638251,0.5638251
0.5857812,0.5857812
0.6428695,0.6428695
0.5375432,0.5375432
0.61166584,0.61166584
0.6121394,0.6121394
0.62163526,0.62163526
0.6183504,0.6183504
0.65282434,0.65282434
0.60485363,0.60485363
0.60103524,0.60103524
0.6466945,0.6466945
0.58225876,0.58225876
0.5904678,0.5904678
0.61043805,0.61043805
0.6093132,0.6093132
0.590812,0.590812
0.55489886,0.55489886
0.6324022,0.6324022
0.5223343,0.5223343
0.46814856,0.46814856
0.5676886,0.5676886
0.56053036,0.56053036
0.39358974,0.39358974
0.5970614,0.5970614
0.5218061,0.5218061
0.5371082,0.5371082
0.62579644,0.62579644
0.5463593,0.5463593
0.42357212,0.42357212
0.49704862,0.49704862
0.5617522,0.5617522
0.5837929,0.5837929
0.6263829,0.6263829
0.62913656,0.62913656
0.66509306,0.66509306
0.49020606,0.49020606
0.58590245,0.58590245
0.5626992,0.5626992
0.49362102,0.49362102
0.44694772,0.44694772
0.40325257,0.40325257
0.39923418,0.39923418
0.4856247,0.4856247
0.47311193,0.47311193
0.5679133,0.5679133
0.4855218,0.4855218
0.59414136,0.59414136
0.39235744,0.39235744
0.4834693,0.4834693
0.53423566,0.53423566
0.6047236,0.6047236
0.5355735,0.5355735
0.55218184,0.55218184
0.52760756,0.52760756
0.4281865,0.4281865
0.5164588,0.5164588
0.5773206,0.5773206
0.57584345,0.57584345
0.6106117,0.6106117
0.58691585,0.58691585
0.44495133,0.44495133
0.39903086,0.39903086
0.3757824,0.3757824
0.3981399,0.3981399
0.4108548,0.4108548
0.39416054,0.39416054
0.42817122,0.42817122
0.4667779,0.4667779
0.39462966,0.39462966
0.47940078,0.47940078
0.503418,0.503418
0.62015724,0.62015724
0.5794582,0.5794582
0.42827526,0.42827526
0.36145374,0.36145374
0.35672492,0.35672492
0.57100594,0.57100594
0.5876705,0.5876705
0.33775634,0.33775634
0.43802512,0.43802512
0.41024768,0.41024768
0.4753697,0.4753697
0.6359081,0.6359081
0.63835275,0.63835275
0.39286876,0.39286876
0.3531732,0.3531732
0.36954752,0.36954752
0.40385666,0.40385666
0.58992857,0.58992857
0.6183529,0.6183529
0.6075855,0.6075855
0.6377673,0.6377673
0.59611744,0.59611744
0.5612934,0.5612934
0.61478496,0.61478496
0.6139929,0.6139929
0.56421655,0.56421655
0.58921754,0.58921754
0.6120484,0.6120484
0.6243739,0.6243739
0.6358524,0.6358524
0.6457139,0.6457139
0.59847045,0.59847045
0.58310413,0.58310413
0.5871482,0.5871482
0.6146482,0.6146482
0.46831536,0.46831536
0.49948773,0.49948773
0.501604,0.501604
0.40007854,0.40007854
0.43958405,0.43958405
0.50040436,0.50040436
0.47752848,0.47752848
0.4678785,0.4678785
0.55954653,0.55954653
0.48387086,0.48387086
0.531436,0.531436
0.43171883,0.43171883
0.45796224,0.45796224
0.53724504,0.53724504
0.6391405,0.6391405
0.43161947,0.43161947
0.4182162,0.4182162
0.5787449,0.5787449
0.59926325,0.59926325
0.547627,0.547627
0.5628224,0.5628224
0.56671095,0.56671095
0.5191782,0.5191782
0.45563802,0.45563802
0.31813136,0.31813136
0.35811928,0.35811928
0.59404755,0.59404755
0.5741606,0.5741606
0.54322994,0.54322994
0.48045623,0.48045623
0.48151562,0.48151562
0.49531767,0.49531767
0.6261086,0.6261086
0.6133516,0.6133516
0.6537876,0.6537876
0.44281253,0.44281253
0.60985816,0.60985816
0.5264518,0.5264518
0.40843263,0.40843263
0.36782524,0.36782524
0.4916654,0.4916654
0.48718762,0.48718762
0.4741395,0.4741395
0.46242395,0.46242395
0.50408083,0.50408083
0.48106554,0.48106554
0.5099797,0.5099797
0.45168516,0.45168516
0.47163218,0.47163218
0.59228325,0.59228325
0.61267114,0.61267114
0.595179,0.595179
0.61210036,0.61210036
0.5433897,0.5433897
0.5991145,0.5991145
0.6094743,0.6094743
0.59842014,0.59842014
0.6253463,0.6253463
0.6003723,0.6003723
0.61293674,0.61293674
0.63788044,0.63788044
0.56106526,0.56106526
0.625317,0.625317
0.57746565,0.57746565
0.5862378,0.5862378
0.60803974,0.60803974
0.62813985,0.62813985
0.60745144,0.60745144
0.59962326,0.59962326
0.5844094,0.5844094
0.581536,0.581536
0.62547207,0.62547207
0.565778,0.565778
0.6139081,0.6139081
0.629135,0.629135
0.65292263,0.65292263
0.67281157,0.67281157
0.63921165,0.63921165
0.61062825,0.61062825
0.6279911,0.6279911
0.5866161,0.5866161
0.5739952,0.5739952
0.6107633,0.6107633
0.60612977,0.60612977
0.64398867,0.64398867
0.59471685,0.59471685
0.5556691,0.5556691
0.57819474,0.57819474
0.49979952,0.49979952
0.5365024,0.5365024
0.5417981,0.5417981
0.5084757,0.5084757
0.4099343,0.4099343
0.50644416,0.50644416
0.38960648,0.38960648
0.42050922,0.42050922
0.6193714,0.6193714
0.60295206,0.60295206
0.64338243,0.64338243
0.56228125,0.56228125
0.40716672,0.40716672
0.43309864,0.43309864
0.44581336,0.44581336
0.48521554,0.48521554
0.60546726,0.60546726
0.6656649,0.6656649
0.6385498,0.6385498
0.4298001,0.4298001
0.4916142,0.4916142
0.42909762,0.42909762
0.38805988,0.38805988
0.40227947,0.40227947
0.38685623,0.38685623
0.3638572,0.3638572
0.38541147,0.38541147
0.39179826,0.39179826
0.4004837,0.4004837
0.47395045,0.47395045
0.63190544,0.63190544
0.5589375,0.5589375
0.55643743,0.55643743
0.47436115,0.47436115
0.44806752,0.44806752
0.5197806,0.5197806
0.64422846,0.64422846
0.53778285,0.53778285
0.48005837,0.48005837
0.4987591,0.4987591
0.45303273,0.45303273
0.45557344,0.45557344
0.550372,0.550372
0.51640624,0.51640624
0.45110926,0.45110926
0.48071653,0.48071653
0.563139,0.563139
0.42805365,0.42805365
0.4431593,0.4431593
0.4109821,0.4109821
0.3681332,0.3681332
0.40071118,0.40071118
0.37262172,0.37262172
0.39916605,0.39916605
0.39575067,0.39575067
0.31927875,0.31927875
0.39185032,0.39185032
0.49781588,0.49781588
0.4431286,0.4431286
0.5570981,0.5570981
0.5872258,0.5872258
0.5760052,0.5760052
0.39657286,0.39657286
0.5505144,0.5505144
0.5268979,0.5268979
0.4567654,0.4567654
0.46589825,0.46589825
0.4905774,0.4905774
0.45593143,0.45593143
0.5887372,0.5887372
0.51508677,0.51508677
0.49201095,0.49201095
0.48615828,0.48615828
0.45805043,0.45805043
0.6313171,0.6313171
0.5789914,0.5789914
0.5153987,0.5153987
0.3454552,0.3454552
0.3842979,0.3842979
0.43829376,0.43829376
0.57674444,0.57674444
0.49200758,0.49200758
0.52948236,0.52948236
0.49877337,0.49877337
0.47295475,0.47295475
0.44763178,0.44763178
0.47913074,0.47913074
0.61535966,0.61535966
0.63251173,0.63251173
0.59942627,0.59942627
0.6609634,0.6609634
0.56345254,0.56345254
0.61075974,0.61075974
0.404162,0.404162
0.38598624,0.38598624
0.46176758,0.46176758
0.41095656,0.41095656
0.44628534,0.44628534
0.4922282,0.4922282
0.44716245,0.44716245
0.5935551,0.5935551
0.6598429,0.6598429
0.43677694,0.43677694
0.458919,0.458919
0.49804047,0.49804047
0.604424,0.604424
0.5043803,0.5043803
0.43048424,0.43048424
0.39501834,0.39501834
0.45051685,0.45051685
0.47491735,0.47491735
0.50916517,0.50916517
0.61978906,0.61978906
0.5359531,0.5359531
0.44869265,0.44869265
0.3230669,0.3230669
0.37875506,0.37875506
0.48218182,0.48218182
0.5057587,0.5057587
0.40081063,0.40081063
0.51602703,0.51602703
0.47680235,0.47680235
0.52267784,0.52267784
0.5067079,0.5067079
0.4167487,0.4167487
0.35879734,0.35879734
0.40224934,0.40224934
0.5777073,0.5777073
0.6477209,0.6477209
0.55061096,0.55061096
0.59666216,0.59666216
0.48408097,0.48408097
0.39358127,0.39358127
0.4343809,0.4343809
0.41012737,0.41012737
0.4552389,0.4552389
0.40570906,0.40570906
0.43507093,0.43507093
0.44462752,0.44462752
0.47804135,0.47804135
0.44253495,0.44253495
0.36793932,0.36793932
0.5521132,0.5521132
0.5110902,0.5110902
0.591971,0.591971
0.6626653,0.6626653
0.658984,0.658984
0.46837294,0.46837294
0.51662195,0.51662195
0.5032847,0.5032847
0.6319109,0.6319109
0.49332586,0.49332586
0.5502662,0.5502662
0.43454322,0.43454322
0.43399388,0.43399388
0.39855772,0.39855772
0.39622068,0.39622068
0.445111,0.445111
0.4360174,0.4360174
0.4552609,0.4552609
0.564996,0.564996
0.536814,0.536814
0.56384134,0.56384134
0.5623731,0.5623731
0.49313945,0.49313945
0.55025005,0.55025005
0.5090487,0.5090487
0.52949286,0.52949286
0.57828754,0.57828754
0.52778316,0.52778316
0.52778316,0.52778316
0.52778316,0.52778316
0.52778316,0.52778316
0.5015683,0.5015683
0.42955288,0.42955288
0.41600022,0.41600022
0.43391982,0.43391982
0.40889546,0.40889546
0.41642177,0.41642177
0.4305668,0.4305668
0.3266897,0.3266897
0.43217528,0.43217528
0.39654213,0.39654213
0.39149824,0.39149824
0.39025828,0.39025828
0.41349104,0.41349104
0.42030698,0.42030698
0.42335966,0.42335966
0.49235055,0.49235055
0.51215065,0.51215065
0.45579904,0.45579904
0.47337902,0.47337902
0.49046656,0.49046656
0.4699564,0.4699564
0.55492204,0.55492204
0.55793345,0.55793345
0.6454751,0.6454751
0.6112553,0.6112553
0.40076703,0.40076703
0.48834744,0.48834744
0.43140963,0.43140963
0.5482748,0.5482748
0.4882354,0.4882354
0.4889782,0.4889782
0.53970677,0.53970677
0.5262644,0.5262644
0.4598388,0.4598388
0.4259502,0.4259502
0.40375778,0.40375778
0.43177232,0.43177232
0.43945837,0.43945837
0.4141525,0.4141525
0.40168616,0.40168616
0.46366787,0.46366787
0.47076246,0.47076246
0.49329323,0.49329323
0.46941864,0.46941864
0.49753118,0.49753118
0.4729451,0.4729451
0.5184403,0.5184403
0.5912521,0.5912521
0.4298085,0.4298085
0.4349313,0.4349313
0.59641254,0.59641254
0.5236516,0.5236516
0.6085819,0.6085819
0.5585012,0.5585012
0.45166928,0.45166928
0.4933682,0.4933682
0.63480073,0.63480073
0.5674363,0.5674363
0.45878726,0.45878726
0.4242823,0.4242823
0.41458273,0.41458273
0.44181642,0.44181642
0.49487782,0.49487782
0.39487672,0.39487672
0.34059867,0.34059867
0.42426828,0.42426828
0.40294036,0.40294036
0.42747632,0.42747632
0.40945444,0.40945444
0.46857426,0.46857426
0.5637808,0.5637808
0.3705658,0.3705658
0.38162187,0.38162187
0.4431249,0.4431249
0.6402867,0.6402867
0.6168356,0.6168356
0.46522605,0.46522605
0.4715499,0.4715499
0.5053389,0.5053389
0.4749117,0.4749117
0.43852487,0.43852487
0.4486479,0.4486479
0.5411324,0.5411324
0.48383212,0.48383212
0.4843981,0.4843981
0.49451685,0.49451685
0.3904522,0.3904522
0.512532,0.512532
0.48701078,0.48701078
0.49623707,0.49623707
0.391944,0.391944
0.5035762,0.5035762
0.39680454,0.39680454
0.54302955,0.54302955
0.34057197,0.34057197
0.53698397,0.53698397
0.46937877,0.46937877
0.47396517,0.47396517
0.36062986,0.36062986
0.3908917,0.3908917
0.43728012,0.43728012
0.6032489,0.6032489
0.5218824,0.5218824
0.45167655,0.45167655
0.46223825,0.46223825
0.51695174,0.51695174
0.4789526,0.4789526
0.52034706,0.52034706
0.40966037,0.40966037
0.45847994,0.45847994
0.48796302,0.48796302
0.50149333,0.50149333
0.5929762,0.5929762
0.5645028,0.5645028
0.38451135,0.38451135
0.4300885,0.4300885
0.48117182,0.48117182
0.4596254,0.4596254
0.45130232,0.45130232
0.44601294,0.44601294
0.4841601,0.4841601
0.45586523,0.45586523
0.3883306,0.3883306
0.68027705,0.68027705
0.58108336,0.58108336
0.55399936,0.55399936
0.6080443,0.6080443
0.6206211,0.6206211
0.5132886,0.5132886
0.45530578,0.45530578
0.5127832,0.5127832
0.58149415,0.58149415
0.53034943,0.53034943
0.50277585,0.50277585
0.541656,0.541656
0.49885118,0.49885118
0.4060062,0.4060062
0.5577671,0.5577671
0.32658356,0.32658356
0.4981744,0.4981744
0.6117011,0.6117011
0.49518368,0.49518368
0.40625373,0.40625373
0.38449192,0.38449192
0.4653661,0.4653661
0.4514941,0.4514941
0.49945363,0.49945363
0.52467036,0.52467036
0.49753094,0.49753094
0.5194185,0.5194185
0.54267627,0.54267627
0.50045407,0.50045407
0.58218634,0.58218634
0.54297304,0.54297304
0.49910414,0.49910414
0.46164414,0.46164414
0.4541165,0.4541165
0.45655575,0.45655575
0.4624215,0.4624215
0.51770735,0.51770735
0.57948285,0.57948285
0.5507384,0.5507384
0.51669455,0.51669455
0.49709624,0.49709624
0.48948923,0.48948923
0.47075617,0.47075617
0.5007384,0.5007384
0.4985223,0.4985223
0.520937,0.520937
0.3818086,0.3818086
0.44595644,0.44595644
0.42317107,0.42317107
0.48059732,0.48059732
0.50406426,0.50406426
0.46198338,0.46198338
0.56045073,0.56045073
0.46056464,0.46056464
0.52884424,0.52884424
0.4619584,0.4619584
0.4349837,0.4349837
0.5393999,0.5393999
0.47998106,0.47998106
0.5363482,0.5363482
0.45732915,0.45732915
0.40976885,0.40976885
0.38615862,0.38615862
0.39448732,0.39448732
0.42795816,0.42795816
0.42993137,0.42993137
0.5044546,0.5044546
0.5754007,0.5754007
0.48172745,0.48172745
0.50745547,0.50745547
0.505352,0.505352
0.5363926,0.5363926
0.5610803,0.5610803
0.54260546,0.54260546
0.5053711,0.5053711
0.4806715,0.4806715
0.48283356,0.48283356
0.49438542,0.49438542
0.48642126,0.48642126
0.5371905,0.5371905
0.52665913,0.52665913
0.529143,0.529143
0.56104696,0.56104696
0.556714,0.556714
0.52778316,0.52778316
0.52778316,0.52778316
0.52778316,0.52778316
0.52778316,0.52778316
0.52778316,0.52778316
0.52778316,0.52778316
0.52778316,0.52778316
0.52778316,0.52778316
0.52778316,0.52778316
0.5122821,0.5122821
0.44243607,0.44243607
0.41298935,0.41298935
0.4954808,0.4954808
0.46154076,0.46154076
0.43836245,0.43836245
0.40593773,0.40593773
0.38980195,0.38980195
0.6817355,0.6817355
0.5415544,0.5415544
0.41219318,0.41219318
0.41323757,0.41323757
0.45462373,0.45462373
0.48158804,0.48158804
0.47010288,0.47010288
0.4876195,0.4876195
0.57507014,0.57507014
0.68102497,0.68102497
0.6330376,0.6330376
0.50059,0.50059
0.5036034,0.5036034
0.40748826,0.40748826
0.551142,0.551142
0.53705007,0.53705007
0.6308592,0.6308592
0.47301427,0.47301427
0.49980012,0.49980012
0.46235374,0.46235374
0.5795403,0.5795403
0.6738472,0.6738472
0.47636154,0.47636154
0.5665232,0.5665232
0.37504372,0.37504372
0.46373826,0.46373826
0.46269834,0.46269834
0.46329424,0.46329424
0.3903776,0.3903776
0.43444443,0.43444443
0.49052092,0.49052092
0.4476367,0.4476367
0.4518236,0.4518236
0.47095835,0.47095835
0.44060934,0.44060934
0.5191076,0.5191076
0.40260056,0.40260056
0.43052447,0.43052447
0.4091447,0.4091447
0.35958084,0.35958084
0.5368632,0.5368632
0.3751353,0.3751353
0.48474395,0.48474395
0.49342674,0.49342674
0.52514505,0.52514505
0.4735142,0.4735142
0.44483227,0.44483227
0.4209426,0.4209426
0.43011877,0.43011877
0.5453646,0.5453646
0.40657616,0.40657616
0.4010882,0.4010882
0.5414148,0.5414148
0.65780485,0.65780485
0.5751724,0.5751724
0.4427677,0.4427677
0.5553113,0.5553113
0.3607699,0.3607699
0.34294102,0.34294102
0.39664122,0.39664122
0.34964734,0.34964734
0.5017603,0.5017603
0.42001888,0.42001888
0.50906193,0.50906193
0.42927328,0.42927328
0.5065735,0.5065735
0.501589,0.501589
0.62967205,0.62967205
0.60352296,0.60352296
0.6237959,0.6237959
0.4167801,0.4167801
0.4227596,0.4227596
0.41188958,0.41188958
0.46861693,0.46861693
0.473054,0.473054
0.5293231,0.5293231
0.3909583,0.3909583
0.47189572,0.47189572
0.515618,0.515618
0.52387685,0.52387685
0.3503754,0.3503754
0.51358163,0.51358163
0.41885498,0.41885498
0.46396092,0.46396092
0.48885524,0.48885524
0.4059107,0.4059107
0.46113023,0.46113023
0.44760773,0.44760773
0.4851808,0.4851808
0.4774922,0.4774922
0.4500765,0.4500765
0.39618862,0.39618862
0.6168834,0.6168834
0.5015005,0.5015005
0.5232853,0.5232853
0.5217911,0.5217911
0.4734605,0.4734605
0.4781893,0.4781893
0.5634996,0.5634996
0.54384273,0.54384273
0.4565699,0.4565699
0.4586819,0.4586819
0.4854888,0.4854888
0.44740847,0.44740847
0.39887056,0.39887056
0.40577728,0.40577728
0.42890352,0.42890352
0.3284785,0.3284785
0.48026237,0.48026237
0.52145267,0.52145267
0.56151867,0.56151867
0.62373275,0.62373275
0.61207336,0.61207336
0.47669157,0.47669157
0.4921258,0.4921258
0.67501277,0.67501277
0.5800018,0.5800018
0.50493866,0.50493866
0.48654196,0.48654196
0.49708247,0.49708247
0.4568092,0.4568092
0.4493543,0.4493543
0.57117224,0.57117224
0.6353407,0.6353407
0.57662296,0.57662296
0.587315,0.587315
0.48643658,0.48643658
0.47916523,0.47916523
0.5427552,0.5427552
0.5198329,0.5198329
0.452749,0.452749
0.4425553,0.4425553
0.45059413,0.45059413
0.4688205,0.4688205
0.47987458,0.47987458
0.41337055,0.41337055
0.4044992,0.4044992
0.45764267,0.45764267
0.46406618,0.46406618
0.4851045,0.4851045
0.43970475,0.43970475
0.41388762,0.41388762
0.46650517,0.46650517
0.5243175,0.5243175
0.4731161,0.4731161
0.5231459,0.5231459
0.5906996,0.5906996
0.43068126,0.43068126
0.4669133,0.4669133
0.43596992,0.43596992
0.48497075,0.48497075
0.4629789,0.4629789
0.4313181,0.4313181
0.45239913,0.45239913
0.6632199,0.6632199
0.6403075,0.6403075
0.58465433,0.58465433
0.4127865,0.4127865
0.4605853,0.4605853
0.39250293,0.39250293
0.4263227,0.4263227
0.43005046,0.43005046
0.39482144,0.39482144
0.52382773,0.52382773
0.3932335,0.3932335
0.39001614,0.39001614
0.5525553,0.5525553
0.42573842,0.42573842
0.4590034,0.4590034
0.41885364,0.41885364
0.4952296,0.4952296
0.6185168,0.6185168
0.57438433,0.57438433
0.55966216,0.55966216
0.45560429,0.45560429
0.4732716,0.4732716
0.50636816,0.50636816
0.55508596,0.55508596
0.4811021,0.4811021
0.51467294,0.51467294
0.5271957,0.5271957
0.48491058,0.48491058
0.52319044,0.52319044
0.52778316,0.52778316
0.52778316,0.52778316
0.52778316,0.52778316
0.52778316,0.52778316
0.52778316,0.52778316
0.52778316,0.52778316
0.52778316,0.52778316
0.52778316,0.52778316
0.52778316,0.52778316
0.52778316,0.52778316
0.52778316,0.52778316
0.52778316,0.52778316
0.52778316,0.52778316
0.52778316,0.52778316
0.52778316,0.52778316
0.52778316,0.52778316
0.52778316,0.52778316
0.52778316,0.52778316
0.52778316,0.52778316
0.52778316,0.52778316
0.52778316,0.52778316
0.52778316,0.52778316
0.56675476,0.56675476
0.40217906,0.40217906
0.41854325,0.41854325
0.41749424,0.41749424
0.38036397,0.38036397
0.41715857,0.41715857
0.4111491,0.4111491
0.40785244,0.40785244
0.36751613,0.36751613
0.34438917,0.34438917
0.41905594,0.41905594
0.50091106,0.50091106
0.45991412,0.45991412
0.47562099,0.47562099
0.47012863,0.47012863
0.48530594,0.48530594
0.5235025,0.5235025
0.4803765,0.4803765
0.5119097,0.5119097
0.51346505,0.51346505
0.46427503,0.46427503
0.45986515,0.45986515
0.5114111,0.5114111
0.4941017,0.4941017
0.31717393,0.31717393
0.48552996,0.48552996
0.45024994,0.45024994
0.50660163,0.50660163
0.4844121,0.4844121
0.43017027,0.43017027
0.6446829,0.6446829
0.6343845,0.6343845
0.44155055,0.44155055
0.42236415,0.42236415
0.45111382,0.45111382
0.5542741,0.5542741
0.47703966,0.47703966
0.40815955,0.40815955
0.43382096,0.43382096
0.49516553,0.49516553
0.6095418,0.6095418
0.5466002,0.5466002
0.62314236,0.62314236
0.46976638,0.46976638
0.5811773,0.5811773
0.68391144,0.68391144
0.62569153,0.62569153
0.4112325,0.4112325
0.40211773,0.40211773
0.46095967,0.46095967
0.5223814,0.5223814
0.61654216,0.61654216
0.6251183,0.6251183
0.5342159,0.5342159
0.4031647,0.4031647
0.43808264,0.43808264
0.62256974,0.62256974
0.6369353,0.6369353
0.625313,0.625313
0.4044408,0.4044408
0.5234872,0.5234872
0.5434623,0.5434623
0.38640186,0.38640186
0.4490108,0.4490108
0.52236027,0.52236027
0.5107438,0.5107438
0.45883024,0.45883024
0.5190149,0.5190149
0.49712107,0.49712107
0.5334298,0.5334298
0.4860349,0.4860349
0.42196804,0.42196804
0.3949708,0.3949708
0.42612648,0.42612648
0.44199732,0.44199732
0.43805155,0.43805155
0.41550022,0.41550022
0.67421377,0.67421377
0.6017745,0.6017745
0.56201667,0.56201667
0.4422891,0.4422891
0.40081644,0.40081644
0.43660763,0.43660763
0.4644254,0.4644254
0.49751616,0.49751616
0.48109156,0.48109156
0.5000167,0.5000167
0.54915357,0.54915357
0.53009176,0.53009176
0.44437158,0.44437158
0.6273959,0.6273959
0.5232074,0.5232074
0.5284216,0.5284216
0.48564383,0.48564383
0.39753035,0.39753035
0.45922208,0.45922208
0.45482454,0.45482454
0.46952468,0.46952468
0.57769597,0.57769597
0.5387019,0.5387019
0.5413203,0.5413203
0.5193913,0.5193913
0.49001887,0.49001887
0.51634973,0.51634973
0.51138353,0.51138353
0.49276203,0.49276203
0.4678336,0.4678336
0.45399725,0.45399725
0.47868922,0.47868922
0.46342796,0.46342796
0.47421998,0.47421998
0.44890365,0.44890365
0.4391848,0.4391848
0.50162923,0.50162923
0.49004138,0.49004138
0.50727606,0.50727606
0.53769445,0.53769445
0.5369922,0.5369922
0.5080903,0.5080903
0.46387,0.46387
0.48383176,0.48383176
0.50032943,0.50032943
0.42084572,0.42084572
0.52659315,0.52659315
0.5809866,0.5809866
0.4529403,0.4529403
0.49675727,0.49675727
0.4190086,0.4190086
0.520736,0.520736
0.49621978,0.49621978
0.52387553,0.52387553
0.45455226,0.45455226
0.4418147,0.4418147
0.47057956,0.47057956
0.52967465,0.52967465
0.4871982,0.4871982
0.52778316,0.52778316
0.52778316,0.52778316
0.52778316,0.52778316
0.52778316,0.52778316
0.52778316,0.52778316
0.5132353,0.5132353
0.5688016,0.5688016
0.6569581,0.6569581
0.52455205,0.52455205
0.50874275,0.50874275
0.485793,0.485793
0.46166968,0.46166968
0.45068744,0.45068744
0.47496626,0.47496626
0.5199322,0.5199322
0.46313745,0.46313745
0.47409013,0.47409013
0.47777495,0.47777495
0.45664167,0.45664167
0.5542644,0.5542644
0.52778316,0.52778316
0.52778316,0.52778316
0.52778316,0.52778316
0.52778316,0.52778316
0.49575123,0.49575123
0.45706296,0.45706296
0.4746967,0.4746967
0.4430462,0.4430462
0.37045857,0.37045857
0.50583804,0.50583804
0.5254262,0.5254262
0.58478415,0.58478415
0.5760523,0.5760523
0.32814565,0.32814565
0.47974634,0.47974634
0.45116907,0.45116907
0.55768603,0.55768603
0.42463374,0.42463374
0.50407255,0.50407255
0.47508246,0.47508246
0.42650586,0.42650586
0.521456,0.521456
0.62322956,0.62322956
0.5913471,0.5913471
0.519964,0.519964
0.4376066,0.4376066
0.45472336,0.45472336
0.7027908,0.7027908
0.61737424,0.61737424
0.52634776,0.52634776
0.4025207,0.4025207
0.42937714,0.42937714
0.42227986,0.42227986
0.4625224,0.4625224
0.53968054,0.53968054
0.45764098,0.45764098
0.56944877,0.56944877
0.45417887,0.45417887
0.41889906,0.41889906
0.46697336,0.46697336
0.51773506,0.51773506
0.49526215,0.49526215
0.49132368,0.49132368
0.40775356,0.40775356
0.48573005,0.48573005
0.45508614,0.45508614
0.647536,0.647536
0.40937996,0.40937996
0.40729442,0.40729442
0.46178636,0.46178636
0.6510459,0.6510459
0.5471071,0.5471071
0.5208858,0.5208858
0.4076679,0.4076679
0.45468155,0.45468155
0.6366838,0.6366838
0.48482347,0.48482347
0.5675264,0.5675264
0.43497378,0.43497378
0.4272891,0.4272891
0.43832418,0.43832418
0.47126842,0.47126842
0.41119534,0.41119534
0.54057455,0.54057455
0.4389161,0.4389161
0.43992588,0.43992588
0.3946564,0.3946564
0.6647076,0.6647076
0.5952494,0.5952494
0.5109089,0.5109089
0.50336635,0.50336635
0.6346354,0.6346354
0.39332813,0.39332813
0.412302,0.412302
0.4501385,0.4501385
0.54354566,0.54354566
0.53179055,0.53179055
0.40031853,0.40031853
0.46765265,0.46765265
0.43495047,0.43495047
0.37084106,0.37084106
0.5414807,0.5414807
0.49241114,0.49241114
0.49446055,0.49446055
0.49075145,0.49075145
0.54665184,0.54665184
0.5149139,0.5149139
0.4334638,0.4334638
0.45381242,0.45381242
0.46901175,0.46901175
0.47094882,0.47094882
0.5050084,0.5050084
0.4217592,0.4217592
0.55103475,0.55103475
0.4880821,0.4880821
0.4539542,0.4539542
0.47035962,0.47035962
0.5080639,0.5080639
0.4521486,0.4521486
0.58662736,0.58662736
0.40748477,0.40748477
0.440518,0.440518
0.3361433,0.3361433
0.37754652,0.37754652
0.41421264,0.41421264
0.40605947,0.40605947
0.4410342,0.4410342
0.441935,0.441935
0.42561433,0.42561433
0.45753676,0.45753676
0.43018296,0.43018296
0.43712476,0.43712476
0.39150423,0.39150423
0.3880225,0.3880225
0.4853179,0.4853179
0.50809294,0.50809294
0.41687045,0.41687045
0.5479926,0.5479926
0.53151107,0.53151107
0.4320507,0.4320507
0.44492248,0.44492248
0.48282346,0.48282346
0.5251448,0.5251448
0.48135668,0.48135668
0.5051233,0.5051233
0.4095874,0.4095874
0.46254423,0.46254423
0.46731323,0.46731323
0.5430402,0.5430402
0.49340016,0.49340016
0.48523864,0.48523864
0.4669673,0.4669673
0.49378014,0.49378014
0.5001946,0.5001946
0.59797865,0.59797865
0.5157776,0.5157776
0.51263905,0.51263905
0.47395456,0.47395456
0.5149087,0.5149087
0.52905726,0.52905726
0.54469365,0.54469365
0.46634343,0.46634343
0.47755873,0.47755873
0.4299525,0.4299525
0.40607595,0.40607595
0.43812874,0.43812874
0.5104874,0.5104874
0.44373745,0.44373745
0.50858665,0.50858665
0.42229766,0.42229766
0.38593403,0.38593403
0.4854396,0.4854396
0.34676203,0.34676203
0.46788684,0.46788684
0.47858408,0.47858408
0.44731015,0.44731015
0.47047475,0.47047475
0.4815773,0.4815773
0.51541,0.51541
0.4889588,0.4889588
0.4863017,0.4863017
0.45574617,0.45574617
0.5630029,0.5630029
0.44694248,0.44694248
0.44831684,0.44831684
0.40753835,0.40753835
0.43715945,0.43715945
0.4665162,0.4665162
0.43540907,0.43540907
0.4655854,0.4655854
0.44753516,0.44753516
0.51301557,0.51301557
0.62058634,0.62058634
0.640758,0.640758
0.4841747,0.4841747
0.34034738,0.34034738
0.4231558,0.4231558
0.4525198,0.4525198
0.42014927,0.42014927
0.4906928,0.4906928
0.48121783,0.48121783
0.42903286,0.42903286
0.397983,0.397983
0.46935353,0.46935353
0.55389583,0.55389583
0.55491453,0.55491453
0.5868308,0.5868308
0.4980539,0.4980539
0.5870184,0.5870184
0.568053,0.568053
0.5404741,0.5404741
0.530307,0.530307
0.443582,0.443582
0.5294477,0.5294477
0.4531481,0.4531481
0.49180907,0.49180907
0.37698317,0.37698317
0.46897882,0.46897882
0.50705135,0.50705135
0.50651133,0.50651133
0.5046187,0.5046187
0.49796125,0.49796125
0.3929655,0.3929655
0.43597317,0.43597317
0.5467691,0.5467691
0.4532548,0.4532548
0.50137544,0.50137544
0.51823306,0.51823306
0.70172167,0.70172167
0.37902758,0.37902758
0.41818756,0.41818756
0.43812555,0.43812555
0.5421644,0.5421644
0.4949024,0.4949024
0.5111692,0.5111692
0.45256045,0.45256045
0.43856218,0.43856218
0.45199972,0.45199972
0.4929061,0.4929061
0.42673197,0.42673197
0.4588977,0.4588977
0.58271694,0.58271694
0.3556606,0.3556606
0.48254347,0.48254347
0.610834,0.610834
0.52541167,0.52541167
0.4529365,0.4529365
0.4896762,0.4896762
0.45748278,0.45748278
0.45248687,0.45248687
0.43089175,0.43089175
0.39281082,0.39281082
0.35465512,0.35465512
0.37740722,0.37740722
0.67223215,0.67223215
0.56314737,0.56314737
0.4147252,0.4147252
0.37542492,0.37542492
0.3316018,0.3316018
0.31977418,0.31977418
0.4285845,0.4285845
0.45509225,0.45509225
0.56719273,0.56719273
0.4922391,0.4922391
0.5540164,0.5540164
0.547354,0.547354
0.557407,0.557407
0.57088333,0.57088333
0.4997162,0.4997162
0.4975215,0.4975215
0.5379824,0.5379824
0.56817234,0.56817234
0.5082755,0.5082755
0.5670909,0.5670909
0.54033035,0.54033035
0.52778316,0.52778316
0.52778316,0.52778316
0.52778316,0.52778316
0.52778316,0.52778316
0.52778316,0.52778316
0.52778316,0.52778316
0.5629862,0.5629862
0.46932775,0.46932775
0.42872533,0.42872533
0.41755542,0.41755542
0.43707255,0.43707255
0.47442457,0.47442457
0.46338803,0.46338803
0.5756684,0.5756684
0.5908908,0.5908908
0.41924268,0.41924268
0.46281168,0.46281168
0.42317644,0.42317644
0.4378246,0.4378246
0.45912558,0.45912558
0.5723065,0.5723065
0.52584213,0.52584213
0.4023524,0.4023524
0.6326732,0.6326732
0.618169,0.618169
0.4841936,0.4841936
0.48482478,0.48482478
0.44631103,0.44631103
0.4916596,0.4916596
0.480382,0.480382
0.44353777,0.44353777
0.5924937,0.5924937
0.62158346,0.62158346
0.39203084,0.39203084
0.6026353,0.6026353
0.649969,0.649969
0.58696914,0.58696914
0.44998375,0.44998375
0.58070487,0.58070487
0.5936636,0.5936636
0.55140215,0.55140215
0.4164308,0.4164308
0.43316144,0.43316144
0.45131624,0.45131624
0.41203558,0.41203558
0.40350804,0.40350804
0.5307282,0.5307282
0.53980047,0.53980047
0.47495157,0.47495157
0.44801947,0.44801947
0.39336202,0.39336202
0.43861178,0.43861178
0.45163512,0.45163512
0.4110281,0.4110281
0.47076458,0.47076458
0.4637681,0.4637681
0.3942433,0.3942433
0.61816144,0.61816144
0.65247846,0.65247846
0.37538055,0.37538055
0.38278326,0.38278326
0.4936105,0.4936105
0.42390504,0.42390504
0.41857463,0.41857463
0.44195512,0.44195512
0.43109432,0.43109432
0.4246186,0.4246186
0.46710718,0.46710718
0.44229367,0.44229367
0.46891737,0.46891737
0.45939696,0.45939696
0.37463722,0.37463722
0.46263725,0.46263725
0.48516098,0.48516098
0.44160458,0.44160458
0.40929544,0.40929544
0.47280797,0.47280797
0.58349496,0.58349496
0.4732908,0.4732908
0.46624947,0.46624947
0.45041695,0.45041695
0.57027084,0.57027084
0.5635026,0.5635026
0.4650215,0.4650215
0.3867533,0.3867533
0.49672878,0.49672878
0.4604458,0.4604458
0.4918099,0.4918099
0.43253255,0.43253255
0.5136417,0.5136417
0.4566118,0.4566118
0.4099462,0.4099462
0.4545495,0.4545495
0.4721754,0.4721754
0.5350768,0.5350768
0.46845457,0.46845457
0.52274996,0.52274996
0.50239736,0.50239736
0.5473225,0.5473225
0.4744826,0.4744826
0.38664043,0.38664043
0.5616073,0.5616073
0.5778899,0.5778899
0.56792206,0.56792206
0.5898116,0.5898116
0.44899082,0.44899082
0.40939406,0.40939406
0.42153773,0.42153773
0.43886864,0.43886864
0.40612113,0.40612113
0.46784425,0.46784425
0.57805306,0.57805306
0.6557035,0.6557035
0.55249923,0.55249923
0.40686062,0.40686062
0.43772689,0.43772689
0.43954122,0.43954122
0.55246806,0.55246806
0.50929505,0.50929505
0.55773175,0.55773175
0.39278793,0.39278793
0.49954152,0.49954152
0.41658747,0.41658747
0.3817472,0.3817472
0.41635707,0.41635707
0.4353071,0.4353071
0.4661019,0.4661019
0.69629794,0.69629794
0.6275011,0.6275011
0.3413454,0.3413454
0.43309727,0.43309727
0.41540393,0.41540393
0.45937133,0.45937133
0.40965238,0.40965238
0.6863902,0.6863902
0.573099,0.573099
0.6320165,0.6320165
0.38759145,0.38759145
0.45754197,0.45754197
0.41800073,0.41800073
0.3826678,0.3826678
0.46876958,0.46876958
0.3489568,0.3489568
0.3562785,0.3562785
0.33497885,0.33497885
0.39073437,0.39073437
0.4047313,0.4047313
0.40077576,0.40077576
0.6529938,0.6529938
0.49006817,0.49006817
0.55835253,0.55835253
0.665286,0.665286
0.5363646,0.5363646
0.5439869,0.5439869
0.5549049,0.5549049
0.5391066,0.5391066
0.4799525,0.4799525
0.5146194,0.5146194
0.5326824,0.5326824
0.549547,0.549547
0.57058156,0.57058156
0.52778316,0.52778316
0.5301113,0.5301113
0.40276405,0.40276405
0.49193108,0.49193108
0.54702175,0.54702175
0.5157075,0.5157075
0.41034007,0.41034007
0.56336933,0.56336933
0.63336134,0.63336134
0.46996894,0.46996894
0.4589011,0.4589011
0.5643975,0.5643975
0.6199445,0.6199445
0.396702,0.396702
0.3848295,0.3848295
0.5431197,0.5431197
0.5525565,0.5525565
0.50807106,0.50807106
0.5826601,0.5826601
0.40006292,0.40006292
0.55139834,0.55139834
0.4550591,0.4550591
0.43654358,0.43654358
0.41696593,0.41696593
0.34705916,0.34705916
0.4867353,0.4867353
0.48575228,0.48575228
0.4766658,0.4766658
0.49065363,0.49065363
0.4801517,0.4801517
0.39743906,0.39743906
0.41681173,0.41681173
0.50053936,0.50053936
0.48976994,0.48976994
0.41747162,0.41747162
0.46072912,0.46072912
0.46001875,0.46001875
0.4268023,0.4268023
0.4046028,0.4046028
0.4387167,0.4387167
0.56596154,0.56596154
0.54944503,0.54944503
0.49393722,0.49393722
0.5133524,0.5133524
0.49068913,0.49068913
0.5769225,0.5769225
0.56998163,0.56998163
0.5233146,0.5233146
0.5081398,0.5081398
0.45997593,0.45997593
0.45715582,0.45715582
0.4786721,0.4786721
0.4955468,0.4955468
0.4919149,0.4919149
0.55923873,0.55923873
0.5022238,0.5022238
0.4241994,0.4241994
0.49997872,0.49997872
0.5060429,0.5060429
0.5369521,0.5369521
0.5180053,0.5180053
0.5223203,0.5223203
0.43821794,0.43821794
0.49129555,0.49129555
0.5792283,0.5792283
0.604891,0.604891
0.560266,0.560266
0.6015518,0.6015518
0.3944915,0.3944915
0.42210746,0.42210746
0.4377069,0.4377069
0.4650928,0.4650928
0.48675427,0.48675427
0.35038045,0.35038045
0.40620983,0.40620983
0.48845255,0.48845255
0.43018606,0.43018606
0.43841177,0.43841177
0.67681867,0.67681867
0.5061048,0.5061048
0.57307243,0.57307243
0.41926196,0.41926196
0.40366635,0.40366635
0.48840562,0.48840562
0.49593976,0.49593976
0.44426876,0.44426876
0.49852157,0.49852157
0.64786047,0.64786047
0.59661055,0.59661055
0.5245492,0.5245492
0.4307664,0.4307664
0.53883636,0.53883636
0.5067665,0.5067665
0.5194515,0.5194515
0.5282345,0.5282345
0.49404192,0.49404192
0.5312526,0.5312526
0.49035707,0.49035707
0.5193436,0.5193436
0.49503282,0.49503282
0.52778316,0.52778316
0.52778316,0.52778316
0.52778316,0.52778316
0.52778316,0.52778316
0.52778316,0.52778316
0.52778316,0.52778316
0.52778316,0.52778316
0.52778316,0.52778316
0.52778316,0.52778316
0.52778316,0.52778316
0.52778316,0.52778316
0.52778316,0.52778316
0.52778316,0.52778316
0.52778316,0.52778316
0.52778316,0.52778316
0.52778316,0.52778316
0.52778316,0.52778316
0.52778316,0.52778316
0.52778316,0.52778316
0.52778316,0.52778316
0.52778316,0.52778316
0.52778316,0.52778316
0.52778316,0.52778316
0.52778316,0.52778316
0.52778316,0.52778316
0.52778316,0.52778316
0.52778316,0.52778316
0.52778316,0.52778316
0.52778316,0.52778316
0.52778316,0.52778316
0.52778316,0.52778316
0.52778316,0.52778316
0.52778316,0.52778316
0.52778316,0.52778316
0.52778316,0.52778316
0.52778316,0.52778316
0.52778316,0.52778316
0.52778316,0.52778316
0.52778316,0.52778316
0.52778316,0.52778316
0.52778316,0.52778316
0.52778316,0.52778316
0.52778316,0.52778316
0.52778316,0.52778316
0.52778316,0.52778316
0.52778316,0.52778316
0.52778316,0.52778316
0.52778316,0.52778316
0.52778316,0.52778316
0.52778316,0.52778316
0.52778316,0.52778316
0.52778316,0.52778316
0.52778316,0.52778316
0.52778316,0.52778316
0.52778316,0.52778316
0.52778316,0.52778316
0.52778316,0.52778316
0.52778316,0.52778316
0.52778316,0.52778316
0.52778316,0.52778316
0.52778316,0.52778316
0.52778316,0.52778316
0.52778316,0.52778316
0.52778316,0.52778316
0.52778316,0.52778316
0.52778316,0.52778316
0.52778316,0.52778316
0.52778316,0.52778316
0.52778316,0.52778316
0.52778316,0.52778316
0.52778316,0.52778316
0.52778316,0.52778316
0.5646497,0.5646497
0.48073387,0.48073387
0.4274444,0.4274444
0.48035362,0.48035362
0.6141201,0.6141201
0.49749982,0.49749982
0.43415728,0.43415728
0.48518106,0.48518106
0.39283103,0.39283103
0.60530865,0.60530865
0.5474598,0.5474598
0.5803912,0.5803912
0.6303548,0.6303548
0.64451313,0.64451313
0.5737439,0.5737439
0.50163907,0.50163907
0.4828543,0.4828543
0.59342885,0.59342885
0.6366544,0.6366544
0.4123065,0.4123065
0.5011833,0.5011833
0.6121171,0.6121171
0.54110354,0.54110354
0.4296584,0.4296584
0.6141348,0.6141348
0.5683186,0.5683186
0.4991688,0.4991688
0.52579665,0.52579665
0.543357,0.543357
0.4594925,0.4594925
0.4385891,0.4385891
0.57819605,0.57819605
0.3970436,0.3970436
0.5906221,0.5906221
0.5748765,0.5748765
0.41368422,0.41368422
0.42764443,0.42764443
0.49162456,0.49162456
0.44581443,0.44581443
0.40159327,0.40159327
0.38416198,0.38416198
0.46220425,0.46220425
0.49285042,0.49285042
0.5142288,0.5142288
0.6206553,0.6206553
0.6314135,0.6314135
0.64441156,0.64441156
0.4257291,0.4257291
0.45690686,0.45690686
0.45560622,0.45560622
0.46211642,0.46211642
0.4720011,0.4720011
0.39816988,0.39816988
0.4220872,0.4220872
0.46126422,0.46126422
0.42903915,0.42903915
0.44264796,0.44264796
0.43421838,0.43421838
0.44792235,0.44792235
0.4599625,0.4599625
0.44494778,0.44494778
0.40008798,0.40008798
0.46612987,0.46612987
0.52279896,0.52279896
0.5099533,0.5099533
0.503117,0.503117
0.47641656,0.47641656
0.50874853,0.50874853
0.46840554,0.46840554
0.49773046,0.49773046
0.54571164,0.54571164
0.49370056,0.49370056
0.5005113,0.5005113
0.48139423,0.48139423
0.49007887,0.49007887
0.52778316,0.52778316
0.52778316,0.52778316
0.52778316,0.52778316
0.52778316,0.52778316
0.52778316,0.52778316
0.52778316,0.52778316
0.52778316,0.52778316
0.52778316,0.52778316
0.52778316,0.52778316
0.52778316,0.52778316
0.52778316,0.52778316
0.52778316,0.52778316
0.52778316,0.52778316
0.52778316,0.52778316
0.52778316,0.52778316
0.52778316,0.52778316
0.52778316,0.52778316
0.52778316,0.52778316
0.53662324,0.53662324
0.49216363,0.49216363
0.50049174,0.50049174
0.5519474,0.5519474
0.50300866,0.50300866
0.4438728,0.4438728
0.6004736,0.6004736
0.5024115,0.5024115
0.51392746,0.51392746
0.4505478,0.4505478
0.46635532,0.46635532
0.4096212,0.4096212
0.5683172,0.5683172
0.46029863,0.46029863
0.41417673,0.41417673
0.46195018,0.46195018
0.45109245,0.45109245
0.47577152,0.47577152
0.6074953,0.6074953
0.5370097,0.5370097
0.54658645,0.54658645
0.61777407,0.61777407
0.3874513,0.3874513
0.45593822,0.45593822
0.51770097,0.51770097
0.43751305,0.43751305
0.6171674,0.6171674
0.5666081,0.5666081
0.5879834,0.5879834
0.6381201,0.6381201
0.68112385,0.68112385
0.6788455,0.6788455
0.5458339,0.5458339
0.45867732,0.45867732
0.4715958,0.4715958
0.6266159,0.6266159
0.5095426,0.5095426
0.5464328,0.5464328
0.4145955,0.4145955
0.47760028,0.47760028
0.4706762,0.4706762
0.41184744,0.41184744
0.52325386,0.52325386
0.5726495,0.5726495
0.45122427,0.45122427
0.5474071,0.5474071
0.43030748,0.43030748
0.53324497,0.53324497
0.40773034,0.40773034
0.5697783,0.5697783
0.42111877,0.42111877
0.42616764,0.42616764
0.45865744,0.45865744
0.4960335,0.4960335
0.4737304,0.4737304
0.5431829,0.5431829
0.48008686,0.48008686
0.43360996,0.43360996
0.49723876,0.49723876
0.44492894,0.44492894
0.5483132,0.5483132
0.38944083,0.38944083
0.41814813,0.41814813
0.44713902,0.44713902
0.41754624,0.41754624
0.4767254,0.4767254
0.41117775,0.41117775
0.4849731,0.4849731
0.62214804,0.62214804
0.5666284,0.5666284
0.55005133,0.55005133
0.5606635,0.5606635
0.51871777,0.51871777
0.42480883,0.42480883
0.61289406,0.61289406
0.56249785,0.56249785
0.5254239,0.5254239
0.4710702,0.4710702
0.4586784,0.4586784
0.49230146,0.49230146
0.45771027,0.45771027
0.40016946,0.40016946
0.35442522,0.35442522
0.34473196,0.34473196
0.39736122,0.39736122
0.46104696,0.46104696
0.57746625,0.57746625
0.44231123,0.44231123
0.52704835,0.52704835
0.6080375,0.6080375
0.5336333,0.5336333
0.5447418,0.5447418
0.5384219,0.5384219
0.53312033,0.53312033
0.5959085,0.5959085
0.51797855,0.51797855
0.45843744,0.45843744
0.5148155,0.5148155
0.5609901,0.5609901
0.41005674,0.41005674
0.41667697,0.41667697
0.47269192,0.47269192
0.49714702,0.49714702
0.49825245,0.49825245
0.49637553,0.49637553
0.5044791,0.5044791
0.47548485,0.47548485
0.4663216,0.4663216
0.45960838,0.45960838
0.69602233,0.69602233
0.57475257,0.57475257
0.51564807,0.51564807
0.5221107,0.5221107
0.47565275,0.47565275
0.56996536,0.56996536
0.47684,0.47684
0.5157746,0.5157746
0.53996646,0.53996646
0.5168605,0.5168605
0.5143515,0.5143515
0.43079603,0.43079603
0.53193223,0.53193223
0.52778316,0.52778316
0.52778316,0.52778316
0.52778316,0.52778316
0.52778316,0.52778316
0.52778316,0.52778316
0.53710204,0.53710204
0.51138365,0.51138365
0.43520272,0.43520272
0.4953985,0.4953985
0.5899751,0.5899751
0.48304805,0.48304805
0.47227475,0.47227475
0.44500503,0.44500503
0.53081566,0.53081566
0.4843224,0.4843224
0.45259497,0.45259497
0.3948458,0.3948458
0.4775225,0.4775225
0.41706988,0.41706988
0.4613559,0.4613559
0.59607434,0.59607434
0.59054613,0.59054613
0.5838437,0.5838437
0.6540628,0.6540628
0.4116965,0.4116965
0.46273506,0.46273506
0.43664992,0.43664992
0.43097523,0.43097523
0.47780362,0.47780362
0.4164362,0.4164362
0.45122,0.45122
0.4412661,0.4412661
0.63065386,0.63065386
0.5890602,0.5890602
0.4987169,0.4987169
0.48268235,0.48268235
0.5674541,0.5674541
0.4006253,0.4006253
0.43816355,0.43816355
0.48610988,0.48610988
0.4116566,0.4116566
0.44035974,0.44035974
0.49362576,0.49362576
0.41624963,0.41624963
0.37582734,0.37582734
0.41564348,0.41564348
0.4559276,0.4559276
0.38805386,0.38805386
0.50747246,0.50747246
0.49953645,0.49953645
0.39942732,0.39942732
0.40505818,0.40505818
0.4996011,0.4996011
0.43193862,0.43193862
0.4929086,0.4929086
0.64686096,0.64686096
0.66771704,0.66771704
0.43807113,0.43807113
0.49807674,0.49807674
0.5271086,0.5271086
0.54400015,0.54400015
0.61861223,0.61861223
0.6453851,0.6453851
0.44958127,0.44958127
0.6065733,0.6065733
0.5117841,0.5117841
0.37191048,0.37191048
0.43626228,0.43626228
0.6610493,0.6610493
0.57790005,0.57790005
0.57705,0.57705
0.3549422,0.3549422
0.4958311,0.4958311
0.61352766,0.61352766
0.4902294,0.4902294
0.44974682,0.44974682
0.52259135,0.52259135
0.50830173,0.50830173
0.4346522,0.4346522
0.4231346,0.4231346
0.57303154,0.57303154
0.56990176,0.56990176
0.54045707,0.54045707
0.47460356,0.47460356
0.51500297,0.51500297
0.6315124,0.6315124
0.4267992,0.4267992
0.42588776,0.42588776
0.45360312,0.45360312
0.48052523,0.48052523
0.70228004,0.70228004
0.5817419,0.5817419
0.58458704,0.58458704
0.56648964,0.56648964
0.48496136,0.48496136
0.3899054,0.3899054
0.439979,0.439979
0.45416218,0.45416218
0.4907806,0.4907806
0.40090135,0.40090135
0.46398112,0.46398112
0.42485794,0.42485794
0.6232073,0.6232073
0.56141967,0.56141967
0.5066835,0.5066835
0.4742147,0.4742147
0.485399,0.485399
0.48901147,0.48901147
0.49534175,0.49534175
0.49258786,0.49258786
0.56314254,0.56314254
0.4930302,0.4930302
0.52871597,0.52871597
0.42588654,0.42588654
0.4926648,0.4926648
0.50615805,0.50615805
0.52577585,0.52577585
0.5173657,0.5173657
0.4896083,0.4896083
0.56263554,0.56263554
0.51451194,0.51451194
0.51619583,0.51619583
0.45146933,0.45146933
0.48261145,0.48261145
0.5200889,0.5200889
0.3062835,0.3062835
0.526093,0.526093
0.5252274,0.5252274
0.5102559,0.5102559
0.5115351,0.5115351
0.33969387,0.33969387
0.36469635,0.36469635
0.37048355,0.37048355
0.47611567,0.47611567
0.52522624,0.52522624
0.6049045,0.6049045
0.3885554,0.3885554
0.43237397,0.43237397
0.43733463,0.43733463
0.3588844,0.3588844
0.42829904,0.42829904
0.33756435,0.33756435
0.40384603,0.40384603
0.46353397,0.46353397
0.5240452,0.5240452
0.45362982,0.45362982
0.4796335,0.4796335
0.4902859,0.4902859
0.52067465,0.52067465
0.5162443,0.5162443
0.49402532,0.49402532
0.47962317,0.47962317
0.53988343,0.53988343
0.52778316,0.52778316
0.52778316,0.52778316
0.52778316,0.52778316
0.51352143,0.51352143
0.47619268,0.47619268
0.36568633,0.36568633
0.41357794,0.41357794
0.65118015,0.65118015
0.5642541,0.5642541
0.4423916,0.4423916
0.4420837,0.4420837
0.4223647,0.4223647
0.4162498,0.4162498
0.4494594,0.4494594
0.62568873,0.62568873
0.54298156,0.54298156
0.6064292,0.6064292
0.38731635,0.38731635
0.47633082,0.47633082
0.50074106,0.50074106
0.43503413,0.43503413
0.501738,0.501738
0.5241688,0.5241688
0.56779915,0.56779915
0.4304025,0.4304025
0.41953444,0.41953444
0.4161535,0.4161535
0.39427692,0.39427692
0.6093732,0.6093732
0.69356847,0.69356847
0.58552927,0.58552927
0.512267,0.512267
0.49883494,0.49883494
0.49293408,0.49293408
0.51567054,0.51567054
0.63425696,0.63425696
0.48355308,0.48355308
0.38154963,0.38154963
0.43862396,0.43862396
0.42899176,0.42899176
0.5618287,0.5618287
0.62588274,0.62588274
0.5549827,0.5549827
0.44594848,0.44594848
0.430712,0.430712
0.535952,0.535952
0.44856775,0.44856775
0.49543047,0.49543047
0.52730244,0.52730244
0.42938226,0.42938226
0.44324395,0.44324395
0.48956704,0.48956704
0.5270133,0.5270133
0.51861393,0.51861393
0.5072834,0.5072834
0.4799792,0.4799792
0.4751568,0.4751568
0.49784505,0.49784505
0.61229813,0.61229813
0.5055568,0.5055568
0.52433693,0.52433693
0.5069293,0.5069293
0.4886835,0.4886835
0.5751474,0.5751474
0.52736175,0.52736175
0.39656067,0.39656067
0.43903092,0.43903092
0.40842912,0.40842912
0.4445811,0.4445811
0.47777414,0.47777414
0.52273464,0.52273464
0.5382617,0.5382617
0.5382927,0.5382927
0.5073765,0.5073765
0.46351954,0.46351954
0.5338256,0.5338256
0.46271017,0.46271017
0.5412361,0.5412361
0.4997388,0.4997388
0.3887867,0.3887867
0.397863,0.397863
0.42836207,0.42836207
0.55420196,0.55420196
0.4457671,0.4457671
0.6533631,0.6533631
0.5422217,0.5422217
0.5491317,0.5491317
0.55326176,0.55326176
0.41858837,0.41858837
0.49208778,0.49208778
0.5158082,0.5158082
0.53623605,0.53623605
0.5013836,0.5013836
0.70304966,0.70304966
0.42727667,0.42727667
0.5111254,0.5111254
0.4730087,0.4730087
0.40706593,0.40706593
0.43021652,0.43021652
0.52923167,0.52923167
0.5361795,0.5361795
0.47482252,0.47482252
0.4595635,0.4595635
0.3861334,0.3861334
0.45212436,0.45212436
0.48184535,0.48184535
0.60963416,0.60963416
0.633198,0.633198
0.5553894,0.5553894
0.4748669,0.4748669
0.43134642,0.43134642
0.5258228,0.5258228
0.5649827,0.5649827
0.40775338,0.40775338
0.4437354,0.4437354
0.5213114,0.5213114
0.4719076,0.4719076
0.49319762,0.49319762
0.58128333,0.58128333
0.4966356,0.4966356
0.54146636,0.54146636
0.45305645,0.45305645
0.51100266,0.51100266
0.4649591,0.4649591
0.46011996,0.46011996
0.3510389,0.3510389
0.5665528,0.5665528
0.44514778,0.44514778
0.47876617,0.47876617
0.51696473,0.51696473
0.48751312,0.48751312
0.3747647,0.3747647
0.50927323,0.50927323
0.39977914,0.39977914
0.40094414,0.40094414
0.4664365,0.4664365
0.4307464,0.4307464
0.48310208,0.48310208
0.44768327,0.44768327
0.46422708,0.46422708
0.46689293,0.46689293
0.40617234,0.40617234
0.4405442,0.4405442
0.42865115,0.42865115
0.43785778,0.43785778
0.5604347,0.5604347
0.417181,0.417181
0.5460297,0.5460297
0.52293396,0.52293396
0.41826394,0.41826394
0.50515646,0.50515646
0.4887337,0.4887337
0.49296775,0.49296775
0.49071762,0.49071762
0.5339871,0.5339871
0.5351514,0.5351514
0.48841146,0.48841146
0.52778316,0.52778316
0.52778316,0.52778316
0.5811548,0.5811548
0.51078284,0.51078284
0.46940795,0.46940795
0.37211317,0.37211317
0.41554034,0.41554034
0.5143023,0.5143023
0.47694534,0.47694534
0.50860304,0.50860304
0.58784896,0.58784896
0.59715056,0.59715056
0.45234722,0.45234722
0.4265105,0.4265105
0.47273296,0.47273296
0.42325333,0.42325333
0.55173624,0.55173624
0.51336706,0.51336706
0.43727267,0.43727267
0.48109204,0.48109204
0.44893503,0.44893503
0.41795245,0.41795245
0.51245135,0.51245135
0.6144882,0.6144882
0.609827,0.609827
0.4214778,0.4214778
0.57112837,0.57112837
0.64567876,0.64567876
0.55658543,0.55658543
0.5947765,0.5947765
0.5006226,0.5006226
0.47751436,0.47751436
0.48602682,0.48602682
0.48194852,0.48194852
0.6216028,0.6216028
0.44167468,0.44167468
0.45341694,0.45341694
0.49431708,0.49431708
0.48385665,0.48385665
0.46763292,0.46763292
0.4789214,0.4789214
0.47667316,0.47667316
0.4252984,0.4252984
0.46776018,0.46776018
0.47943082,0.47943082
0.6119267,0.6119267
0.57069653,0.57069653
0.5706755,0.5706755
0.560751,0.560751
0.48187718,0.48187718
0.5038397,0.5038397
0.4253666,0.4253666
0.42521325,0.42521325
0.59136647,0.59136647
0.48209974,0.48209974
0.5009989,0.5009989
0.47696537,0.47696537
0.4738034,0.4738034
0.4779117,0.4779117
0.44489878,0.44489878
0.48450607,0.48450607
0.4332615,0.4332615
0.494449,0.494449
0.42793015,0.42793015
0.42103294,0.42103294
0.3785326,0.3785326
0.47185624,0.47185624
0.502841,0.502841
0.5510422,0.5510422
0.51465267,0.51465267
0.5014788,0.5014788
0.46899378,0.46899378
0.40037552,0.40037552
0.42776155,0.42776155
0.42470583,0.42470583
0.49535152,0.49535152
0.45502222,0.45502222
0.50630176,0.50630176
0.6795963,0.6795963
0.46682402,0.46682402
0.4980961,0.4980961
0.4688701,0.4688701
0.47116834,0.47116834
0.43679756,0.43679756
0.42520204,0.42520204
0.39929852,0.39929852
0.393587,0.393587
0.45005712,0.45005712
0.4920592,0.4920592
0.46569002,0.46569002
0.47121093,0.47121093
0.48312455,0.48312455
0.57962704,0.57962704
0.4450648,0.4450648
0.4577794,0.4577794
0.42762202,0.42762202
0.5162015,0.5162015
0.472652,0.472652
0.4327734,0.4327734
0.52171427,0.52171427
0.45966935,0.45966935
0.40431866,0.40431866
0.47554758,0.47554758
0.60416645,0.60416645
0.44338363,0.44338363
0.5635693,0.5635693
0.4904306,0.4904306
0.6075975,0.6075975
0.5123124,0.5123124
0.49676612,0.49676612
0.58031535,0.58031535
0.4407224,0.4407224
0.5721746,0.5721746
0.47779262,0.47779262
0.48029056,0.48029056
0.68388224,0.68388224
0.58826977,0.58826977
0.606502,0.606502
0.63018763,0.63018763
0.5549344,0.5549344
0.4567501,0.4567501
0.45488247,0.45488247
0.42739123,0.42739123
0.49912116,0.49912116
0.49008146,0.49008146
0.47165236,0.47165236
0.41167,0.41167
0.5838472,0.5838472
0.6066251,0.6066251
0.43658474,0.43658474
0.47702557,0.47702557
0.4887349,0.4887349
0.49613282,0.49613282
0.5158136,0.5158136
0.5398646,0.5398646
0.46347436,0.46347436
0.49285558,0.49285558
0.47623557,0.47623557
0.60655475,0.60655475
0.53539604,0.53539604
0.42978832,0.42978832
0.4665955,0.4665955
0.4551345,0.4551345
0.46204278,0.46204278
0.4357074,0.4357074
0.4404439,0.4404439
0.5549671,0.5549671
0.64165086,0.64165086
0.47476956,0.47476956
0.47115564,0.47115564
0.44584405,0.44584405
0.47811905,0.47811905
0.44252262,0.44252262
0.4429199,0.4429199
0.51689315,0.51689315
0.49868459,0.49868459
0.5737107,0.5737107
0.39303008,0.39303008
0.4690003,0.4690003
0.47991726,0.47991726
0.48075143,0.48075143
0.4667568,0.4667568
0.459314,0.459314
0.5403499,0.5403499
0.7351139,0.7351139
0.59375036,0.59375036
0.5181572,0.5181572
0.5443162,0.5443162
0.5525363,0.5525363
0.4590926,0.4590926
0.4851753,0.4851753
0.5192137,0.5192137
0.531014,0.531014
0.57213056,0.57213056
0.5258438,0.5258438
0.51913404,0.51913404
0.5494532,0.5494532
0.52778316,0.52778316
0.52778316,0.52778316
0.52778316,0.52778316
0.52778316,0.52778316
0.46624878,0.46624878
0.48922515,0.48922515
0.55729425,0.55729425
0.49047515,0.49047515
0.50346047,0.50346047
0.55023897,0.55023897
0.5652717,0.5652717
0.48375523,0.48375523
0.48586896,0.48586896
0.49216315,0.49216315
0.4839298,0.4839298
0.4482563,0.4482563
0.52119255,0.52119255
0.50050235,0.50050235
0.44197205,0.44197205
0.49454972,0.49454972
0.41615844,0.41615844
0.4277221,0.4277221
0.48172134,0.48172134
0.62762207,0.62762207
0.49167633,0.49167633
0.5096442,0.5096442
0.58593863,0.58593863
0.517639,0.517639
0.43948585,0.43948585
0.40713644,0.40713644
0.45170382,0.45170382
0.4477422,0.4477422
0.42415267,0.42415267
0.48028404,0.48028404
0.5199775,0.5199775
0.5036781,0.5036781
0.5352893,0.5352893
0.4808867,0.4808867
0.39649057,0.39649057
0.42240745,0.42240745
0.43982607,0.43982607
0.4739889,0.4739889
0.47572982,0.47572982
0.5365892,0.5365892
0.46874002,0.46874002
0.49378002,0.49378002
0.47178566,0.47178566
0.48398325,0.48398325
0.45331806,0.45331806
0.44618472,0.44618472
0.54635817,0.54635817
0.4618597,0.4618597
0.48612356,0.48612356
0.562154,0.562154
0.4887174,0.4887174
0.5009051,0.5009051
0.40717012,0.40717012
0.48115075,0.48115075
0.43814835,0.43814835
0.54558283,0.54558283
0.5110565,0.5110565
0.58138597,0.58138597
0.5192769,0.5192769
0.49243864,0.49243864
0.45494518,0.45494518
0.4407548,0.4407548
0.44154716,0.44154716
0.41415873,0.41415873
0.4433951,0.4433951
0.5377558,0.5377558
0.5415413,0.5415413
0.54619014,0.54619014
0.5296326,0.5296326
0.47534874,0.47534874
0.4812692,0.4812692
0.47925973,0.47925973
0.48039046,0.48039046
0.52111757,0.52111757
0.44506136,0.44506136
0.50321144,0.50321144
0.41486707,0.41486707
0.48643678,0.48643678
0.41949666,0.41949666
0.4141718,0.4141718
0.46335897,0.46335897
0.43166715,0.43166715
0.45209327,0.45209327
0.44987732,0.44987732
0.5017259,0.5017259
0.4454173,0.4454173
0.5429263,0.5429263
0.63118875,0.63118875
0.6363155,0.6363155
0.63248634,0.63248634
0.39894766,0.39894766
0.4939299,0.4939299
0.41427138,0.41427138
0.438666,0.438666
0.58036923,0.58036923
0.5809172,0.5809172
0.5273861,0.5273861
0.5277927,0.5277927
0.5097918,0.5097918
0.5216461,0.5216461
0.5704952,0.5704952
0.5893094,0.5893094
0.48872608,0.48872608
0.5321954,0.5321954
0.55672044,0.55672044
0.52017075,0.52017075
0.5098664,0.5098664
0.4689142,0.4689142
0.45599648,0.45599648
0.5310045,0.5310045
0.5537926,0.5537926
0.45575497,0.45575497
0.4711612,0.4711612
0.4339916,0.4339916
0.47130895,0.47130895
0.56795204,0.56795204
0.54196435,0.54196435
0.5553427,0.5553427
0.56255037,0.56255037
0.5088761,0.5088761
0.4796833,0.4796833
0.42005694,0.42005694
0.4303202,0.4303202
0.50342834,0.50342834
0.5340555,0.5340555
0.66376644,0.66376644
0.44490048,0.44490048
0.4732793,0.4732793
0.46781364,0.46781364
0.37197116,0.37197116
0.48910198,0.48910198
0.50252944,0.50252944
0.4551982,0.4551982
0.6008618,0.6008618
0.48797363,0.48797363
0.5462221,0.5462221
0.4822821,0.4822821
0.46903637,0.46903637
0.42622387,0.42622387
0.41489005,0.41489005
0.5066945,0.5066945
0.59746426,0.59746426
0.4957976,0.4957976
0.50005877,0.50005877
0.49823868,0.49823868
0.5123351,0.5123351
0.5298113,0.5298113
0.6320354,0.6320354
0.5499344,0.5499344
0.560685,0.560685
0.5396226,0.5396226
0.55828863,0.55828863
0.54822475,0.54822475
0.50022405,0.50022405
0.5154916,0.5154916
0.41467127,0.41467127
0.40947896,0.40947896
0.5152018,0.5152018
0.45637318,0.45637318
0.4504809,0.4504809
0.5124331,0.5124331
0.50160974,0.50160974
0.50501055,0.50501055
0.4856758,0.4856758
0.6251063,0.6251063
0.48206797,0.48206797
0.49088967,0.49088967
0.51736385,0.51736385
0.4407865,0.4407865
0.56442463,0.56442463
0.41840845,0.41840845
0.4171441,0.4171441
0.4303736,0.4303736
0.44559696,0.44559696
0.4646476,0.4646476
0.4659832,0.4659832
0.45775744,0.45775744
0.4767017,0.4767017
0.46867847,0.46867847
0.4847827,0.4847827
0.5337906,0.5337906
0.5192835,0.5192835
0.51249593,0.51249593
0.5100517,0.5100517
0.510987,0.510987
0.512586,0.512586
0.50188947,0.50188947
0.50579655,0.50579655
0.50110507,0.50110507
0.4733299,0.4733299
0.5025729,0.5025729
0.47445542,0.47445542
0.47545594,0.47545594
0.52778316,0.52778316
0.52778316,0.52778316
0.52778316,0.52778316
0.52778316,0.52778316
0.52778316,0.52778316
0.52778316,0.52778316
0.52778316,0.52778316
0.52778316,0.52778316
0.52778316,0.52778316
0.52778316,0.52778316
0.52778316,0.52778316
0.52778316,0.52778316
0.52778316,0.52778316
0.52778316,0.52778316
0.52778316,0.52778316
0.52778316,0.52778316
0.52778316,0.52778316
0.52778316,0.52778316
0.52778316,0.52778316
0.52778316,0.52778316
0.52778316,0.52778316
0.52778316,0.52778316
0.52778316,0.52778316
0.52778316,0.52778316
0.52778316,0.52778316
0.52778316,0.52778316
0.52778316,0.52778316
0.52778316,0.52778316
0.52778316,0.52778316
0.52778316,0.52778316
0.52778316,0.52778316
0.52778316,0.52778316
0.52778316,0.52778316
0.52778316,0.52778316
0.52778316,0.52778316
0.52778316,0.52778316
0.52778316,0.52778316
0.52778316,0.52778316
0.52778316,0.52778316
0.52778316,0.52778316
0.52778316,0.52778316
0.52778316,0.52778316
0.52778316,0.52778316
0.52778316,0.52778316
0.52778316,0.52778316
0.52778316,0.52778316
0.52778316,0.52778316
0.5339943,0.5339943
0.5127888,0.5127888
0.45010525,0.45010525
0.5120921,0.5120921
0.51659125,0.51659125
0.59464914,0.59464914
0.49293566,0.49293566
0.45195436,0.45195436
0.43149325,0.43149325
0.48744884,0.48744884
0.51553756,0.51553756
0.59358853,0.59358853
0.62417996,0.62417996
0.47997352,0.47997352
0.47098625,0.47098625
0.66940886,0.66940886
0.57345766,0.57345766
0.5729627,0.5729627
0.380926,0.380926
0.34215644,0.34215644
0.41815293,0.41815293
0.48727342,0.48727342
0.4617397,0.4617397
0.47769564,0.47769564
0.45398125,0.45398125
0.4816896,0.4816896
0.4149527,0.4149527
0.44458693,0.44458693
0.5858082,0.5858082
0.41542763,0.41542763
0.5079181,0.5079181
0.57104385,0.57104385
0.4923405,0.4923405
0.51238763,0.51238763
0.44993988,0.44993988
0.38768858,0.38768858
0.50364006,0.50364006
0.49851957,0.49851957
0.4226146,0.4226146
0.42961022,0.42961022
0.54338026,0.54338026
0.5440486,0.5440486
0.4838393,0.4838393
0.4879269,0.4879269
0.5193921,0.5193921
0.4250547,0.4250547
0.40056837,0.40056837
0.37629065,0.37629065
0.4732465,0.4732465
0.4990753,0.4990753
0.5257276,0.5257276
0.468117,0.468117
0.4729963,0.4729963
0.567515,0.567515
0.5751595,0.5751595
0.5937579,0.5937579
0.4538601,0.4538601
0.39755943,0.39755943
0.43921545,0.43921545
0.56479925,0.56479925
0.5914737,0.5914737
0.52364594,0.52364594
0.43370607,0.43370607
0.4073011,0.4073011
0.4243322,0.4243322
0.5234273,0.5234273
0.4475322,0.4475322
0.62313974,0.62313974
0.5013021,0.5013021
0.60778135,0.60778135
0.4727931,0.4727931
0.347512,0.347512
0.3661574,0.3661574
0.4122694,0.4122694
0.4530638,0.4530638
0.428877,0.428877
0.60782474,0.60782474
0.5465179,0.5465179
0.48666695,0.48666695
0.45670483,0.45670483
0.5125939,0.5125939
0.53806216,0.53806216
0.5138979,0.5138979
0.51091,0.51091
0.51146144,0.51146144
0.54360324,0.54360324
0.55782974,0.55782974
0.5234423,0.5234423
0.58608294,0.58608294
0.52778316,0.52778316
0.52778316,0.52778316
0.52778316,0.52778316
0.53746504,0.53746504
0.5520632,0.5520632
0.46971098,0.46971098
0.49172512,0.49172512
0.45263392,0.45263392
0.5012975,0.5012975
0.4669342,0.4669342
0.47945973,0.47945973
0.48172763,0.48172763
0.5161872,0.5161872
0.42519733,0.42519733
0.39022833,0.39022833
0.40570638,0.40570638
0.5831591,0.5831591
0.52182823,0.52182823
0.50322306,0.50322306
0.495775,0.495775
0.5334301,0.5334301
0.48423645,0.48423645
0.49108946,0.49108946
0.5372936,0.5372936
0.50443316,0.50443316
0.46573555,0.46573555
0.4507322,0.4507322
0.5121199,0.5121199
0.52778316,0.52778316
0.52778316,0.52778316
0.52778316,0.52778316
0.52778316,0.52778316
0.52778316,0.52778316
0.52778316,0.52778316
0.52778316,0.52778316
0.52778316,0.52778316
0.52778316,0.52778316
0.52778316,0.52778316
0.52778316,0.52778316
0.52778316,0.52778316
0.52778316,0.52778316
0.52778316,0.52778316
0.52778316,0.52778316
0.52778316,0.52778316
0.52778316,0.52778316
0.52778316,0.52778316
0.52778316,0.52778316
0.52778316,0.52778316
0.52778316,0.52778316
0.52778316,0.52778316
0.52778316,0.52778316
0.52778316,0.52778316
0.52778316,0.52778316
0.52778316,0.52778316
0.52778316,0.52778316
0.52778316,0.52778316
0.52778316,0.52778316
0.52778316,0.52778316
0.52778316,0.52778316
0.52778316,0.52778316
0.52778316,0.52778316
0.52778316,0.52778316
0.52778316,0.52778316
0.52778316,0.52778316
0.52778316,0.52778316
0.52778316,0.52778316
0.52778316,0.52778316
0.52778316,0.52778316
0.52778316,0.52778316
0.52778316,0.52778316
0.52778316,0.52778316
0.52778316,0.52778316
0.52778316,0.52778316
0.52778316,0.52778316
0.52778316,0.52778316
0.52778316,0.52778316
0.52778316,0.52778316
0.52778316,0.52778316
0.52778316,0.52778316
0.52778316,0.52778316
0.52778316,0.52778316
0.52778316,0.52778316
0.52778316,0.52778316
0.52778316,0.52778316
0.52778316,0.52778316
0.40851235,0.40851235
0.36587235,0.36587235
0.4265244,0.4265244
0.3959031,0.3959031
0.38643724,0.38643724
0.4095741,0.4095741
0.4265425,0.4265425
0.42999247,0.42999247
0.39450172,0.39450172
0.45068642,0.45068642
0.5260317,0.5260317
0.51192296,0.51192296
0.571522,0.571522
0.5424284,0.5424284
0.5315422,0.5315422
0.4577623,0.4577623
0.46371117,0.46371117
0.41456312,0.41456312
0.51178837,0.51178837
0.43730882,0.43730882
0.39349324,0.39349324
0.48490602,0.48490602
0.5410864,0.5410864
0.638701,0.638701
0.48709983,0.48709983
0.41312483,0.41312483
0.49010906,0.49010906
0.50233,0.50233
0.52360916,0.52360916
0.60058165,0.60058165
0.4708686,0.4708686
0.5046569,0.5046569
0.4395176,0.4395176
0.4687818,0.4687818
0.603661,0.603661
0.47588348,0.47588348
0.5020759,0.5020759
0.49395296,0.49395296
0.51901287,0.51901287
0.532962,0.532962
0.4967665,0.4967665
0.4792229,0.4792229
0.39824787,0.39824787
0.42708048,0.42708048
0.38467526,0.38467526
0.53450906,0.53450906
0.49685338,0.49685338
0.4465976,0.4465976
0.348076,0.348076
0.33846366,0.33846366
0.35204688,0.35204688
0.43339768,0.43339768
0.48553172,0.48553172
0.4892629,0.4892629
0.62421614,0.62421614
0.5777459,0.5777459
0.5650253,0.5650253
0.518628,0.518628
0.4341625,0.4341625
0.48079967,0.48079967
0.53182703,0.53182703
0.5146501,0.5146501
0.4721985,0.4721985
0.45804006,0.45804006
0.4400311,0.4400311
0.53332037,0.53332037
0.44224697,0.44224697
0.5053186,0.5053186
0.6419896,0.6419896
0.63579607,0.63579607
0.5701074,0.5701074
0.5881701,0.5881701
0.44971934,0.44971934
0.5210313,0.5210313
0.49276865,0.49276865
0.4600698,0.4600698
0.67736113,0.67736113
0.55778813,0.55778813
0.39137352,0.39137352
0.4277304,0.4277304
0.3914461,0.3914461
0.36734214,0.36734214
0.4095022,0.4095022
0.63234794,0.63234794
0.51639575,0.51639575
0.5016731,0.5016731
0.55327743,0.55327743
0.5288857,0.5288857
0.5459601,0.5459601
0.505892,0.505892
0.5200238,0.5200238
0.4738281,0.4738281
0.50990117,0.50990117
0.50217974,0.50217974
0.50240177,0.50240177
0.52778316,0.52778316
0.52778316,0.52778316
0.52778316,0.52778316
0.52778316,0.52778316
0.52778316,0.52778316
0.52778316,0.52778316
0.52778316,0.52778316
0.52778316,0.52778316
0.52778316,0.52778316
0.52778316,0.52778316
0.52778316,0.52778316
0.5419575,0.5419575
0.4560491,0.4560491
0.4797096,0.4797096
0.45657596,0.45657596
0.44887096,0.44887096
0.44673446,0.44673446
0.49465522,0.49465522
0.3995269,0.3995269
0.47406307,0.47406307
0.50103295,0.50103295
0.49147072,0.49147072
0.49778166,0.49778166
0.46741703,0.46741703
0.4715424,0.4715424
0.4319351,0.4319351
0.47335544,0.47335544
0.5040683,0.5040683
0.5516651,0.5516651
0.517137,0.517137
0.47144806,0.47144806
0.52868944,0.52868944
0.4954924,0.4954924
0.52326196,0.52326196
0.4521889,0.4521889
0.5022807,0.5022807
0.5285021,0.5285021
0.467818,0.467818
0.5191914,0.5191914
0.52784836,0.52784836
0.546563,0.546563
0.52778316,0.52778316
0.52778316,0.52778316
0.52778316,0.52778316
0.52778316,0.52778316
0.52778316,0.52778316
0.52778316,0.52778316
0.52778316,0.52778316
0.52778316,0.52778316
0.52778316,0.52778316
0.53636897,0.53636897
0.41236776,0.41236776
0.4380698,0.4380698
0.46125934,0.46125934
0.67055285,0.67055285
0.6153401,0.6153401
0.56099516,0.56099516
0.46274087,0.46274087
0.5084068,0.5084068
0.5006805,0.5006805
0.53614616,0.53614616
0.56068593,0.56068593
0.6253043,0.6253043
0.6889983,0.6889983
0.57367533,0.57367533
0.5658284,0.5658284
0.44490948,0.44490948
0.5111197,0.5111197
0.51888704,0.51888704
0.46531832,0.46531832
0.5088167,0.5088167
0.6518899,0.6518899
0.5664677,0.5664677
0.49942186,0.49942186
0.49706897,0.49706897
0.35226622,0.35226622
0.43913254,0.43913254
0.6148354,0.6148354
0.5714159,0.5714159
0.59531486,0.59531486
0.57515424,0.57515424
0.43942055,0.43942055
0.40597406,0.40597406
0.53103495,0.53103495
0.49664837,0.49664837
0.60771537,0.60771537
0.4131784,0.4131784
0.50425756,0.50425756
0.5094263,0.5094263
0.49562347,0.49562347
0.4702779,0.4702779
0.36415341,0.36415341
0.4797747,0.4797747
0.33000806,0.33000806
0.3460988,0.3460988
0.34434196,0.34434196
0.36140674,0.36140674
0.31234327,0.31234327
0.43527633,0.43527633
0.55302155,0.55302155
0.51821864,0.51821864
0.52000594,0.52000594
0.51742417,0.51742417
0.50240904,0.50240904
0.5407562,0.5407562
0.48314002,0.48314002
0.45805016,0.45805016
0.5334338,0.5334338
0.4762178,0.4762178
0.5003067,0.5003067
0.48522267,0.48522267
0.52778316,0.52778316
0.52778316,0.52778316
0.52778316,0.52778316
0.52778316,0.52778316
0.52778316,0.52778316
0.52778316,0.52778316
0.52778316,0.52778316
0.52778316,0.52778316
0.52778316,0.52778316
0.52778316,0.52778316
0.58375096,0.58375096
0.38499123,0.38499123
0.44124782,0.44124782
0.42467925,0.42467925
0.38943106,0.38943106
0.44071418,0.44071418
0.5002151,0.5002151
0.4479167,0.4479167
0.5836006,0.5836006
0.4903783,0.4903783
0.47438866,0.47438866
0.5288778,0.5288778
0.5742247,0.5742247
0.58676213,0.58676213
0.505774,0.505774
0.43990445,0.43990445
0.4160132,0.4160132
0.4559362,0.4559362
0.48715478,0.48715478
0.45291424,0.45291424
0.41938934,0.41938934
0.39213026,0.39213026
0.43566394,0.43566394
0.40621462,0.40621462
0.4490725,0.4490725
0.4417266,0.4417266
0.42064196,0.42064196
0.4702371,0.4702371
0.5175447,0.5175447
0.41171446,0.41171446
0.442835,0.442835
0.49041423,0.49041423
0.5486045,0.5486045
0.4576175,0.4576175
0.3869023,0.3869023
0.6181971,0.6181971
0.46349996,0.46349996
0.41890988,0.41890988
0.4317501,0.4317501
0.41714984,0.41714984
0.50101924,0.50101924
0.4841294,0.4841294
0.50471926,0.50471926
0.42755806,0.42755806
0.4850781,0.4850781
0.58521336,0.58521336
0.4731313,0.4731313
0.497188,0.497188
0.5958136,0.5958136
0.61525583,0.61525583
0.51245,0.51245
0.5385265,0.5385265
0.5531821,0.5531821
0.52024114,0.52024114
0.5018322,0.5018322
0.54373044,0.54373044
0.51086414,0.51086414
0.48942903,0.48942903
0.52943015,0.52943015
0.466249,0.466249
0.50834215,0.50834215
0.52778316,0.52778316
0.52778316,0.52778316
0.52778316,0.52778316
0.52778316,0.52778316
0.52778316,0.52778316
0.52778316,0.52778316
0.52778316,0.52778316
0.52778316,0.52778316
0.52778316,0.52778316
0.52778316,0.52778316
0.52778316,0.52778316
0.52778316,0.52778316
0.52778316,0.52778316
0.52778316,0.52778316
0.52778316,0.52778316
0.52778316,0.52778316
0.52778316,0.52778316
0.52778316,0.52778316
0.52778316,0.52778316
0.52778316,0.52778316
0.52778316,0.52778316
0.52778316,0.52778316
0.52778316,0.52778316
0.52778316,0.52778316
0.52778316,0.52778316
0.52778316,0.52778316
0.52778316,0.52778316
0.52778316,0.52778316
0.52778316,0.52778316
0.52778316,0.52778316
0.52778316,0.52778316
0.52778316,0.52778316
0.52778316,0.52778316
0.52778316,0.52778316
0.52778316,0.52778316
0.52778316,0.52778316
0.52778316,0.52778316
0.52778316,0.52778316
0.53064114,0.53064114
0.46233213,0.46233213
0.46502408,0.46502408
0.47592077,0.47592077
0.466355,0.466355
0.49384436,0.49384436
0.5209678,0.5209678
0.5067749,0.5067749
0.5433095,0.5433095
0.68035275,0.68035275
0.5324073,0.5324073
0.57168007,0.57168007
0.4811497,0.4811497
0.45515823,0.45515823
0.44877666,0.44877666
0.4093028,0.4093028
0.4948951,0.4948951
0.5031201,0.5031201
0.45239687,0.45239687
0.6163179,0.6163179
0.56332904,0.56332904
0.54472685,0.54472685
0.6473885,0.6473885
0.53200454,0.53200454
0.5093473,0.5093473
0.45604247,0.45604247
0.45730236,0.45730236
0.50381386,0.50381386
0.47621688,0.47621688
0.45615393,0.45615393
0.4639866,0.4639866
0.44846025,0.44846025
0.49115103,0.49115103
0.52778316,0.52778316
0.52778316,0.52778316
0.52778316,0.52778316
0.52778316,0.52778316
0.52778316,0.52778316
0.52778316,0.52778316
0.52778316,0.52778316
0.52778316,0.52778316
0.52778316,0.52778316
0.52778316,0.52778316
0.52778316,0.52778316
0.52778316,0.52778316
0.52778316,0.52778316
0.52778316,0.52778316
0.52778316,0.52778316
0.52778316,0.52778316
0.52778316,0.52778316
0.52778316,0.52778316
0.52778316,0.52778316
0.52778316,0.52778316
0.52778316,0.52778316
0.52778316,0.52778316
0.52778316,0.52778316
0.52778316,0.52778316
0.52778316,0.52778316
0.52778316,0.52778316
0.52778316,0.52778316
0.52778316,0.52778316
0.52778316,0.52778316
0.52778316,0.52778316
0.52778316,0.52778316
0.52778316,0.52778316
0.52778316,0.52778316
0.52778316,0.52778316
0.52778316,0.52778316
0.52778316,0.52778316
0.52778316,0.52778316
0.52778316,0.52778316
0.52778316,0.52778316
0.52778316,0.52778316
0.52778316,0.52778316
0.52778316,0.52778316
0.52778316,0.52778316
0.52778316,0.52778316
0.52778316,0.52778316
0.52778316,0.52778316
0.52778316,0.52778316
0.52778316,0.52778316
0.52778316,0.52778316
0.52778316,0.52778316
0.52778316,0.52778316
0.52778316,0.52778316
0.52778316,0.52778316
0.52778316,0.52778316
0.52778316,0.52778316
0.52778316,0.52778316
0.52778316,0.52778316
0.52778316,0.52778316
0.52778316,0.52778316
0.52778316,0.52778316
0.52778316,0.52778316
0.52778316,0.52778316
0.52778316,0.52778316
0.52778316,0.52778316
0.52778316,0.52778316
0.52778316,0.52778316
0.52778316,0.52778316
0.52778316,0.52778316
0.52778316,0.52778316
0.52778316,0.52778316
0.52778316,0.52778316
0.52778316,0.52778316
0.52778316,0.52778316
0.52778316,0.52778316
0.52778316,0.52778316
0.52778316,0.52778316
0.52778316,0.52778316
0.52778316,0.52778316
0.52778316,0.52778316
0.52778316,0.52778316
0.52778316,0.52778316
0.52778316,0.52778316
0.52778316,0.52778316
0.52778316,0.52778316
0.52778316,0.52778316
0.52778316,0.52778316
0.52778316,0.52778316
0.52778316,0.52778316
0.52778316,0.52778316
0.52778316,0.52778316
0.52778316,0.52778316
0.52778316,0.52778316
0.52778316,0.52778316
0.52778316,0.52778316
0.52778316,0.52778316
0.52778316,0.52778316
0.52778316,0.52778316
0.52778316,0.52778316
0.52778316,0.52778316
0.52778316,0.52778316
0.52778316,0.52778316
0.52778316,0.52778316
0.52778316,0.52778316
0.52778316,0.52778316
0.52778316,0.52778316
0.52778316,0.52778316
0.52778316,0.52778316
0.52778316,0.52778316
0.52778316,0.52778316
0.52778316,0.52778316
0.52778316,0.52778316
0.52778316,0.52778316
0.52778316,0.52778316
0.52778316,0.52778316
0.52778316,0.52778316
0.52778316,0.52778316
0.52778316,0.52778316
0.52778316,0.52778316
0.52778316,0.52778316
0.52778316,0.52778316
0.52778316,0.52778316
0.52778316,0.52778316
0.52778316,0.52778316
0.52778316,0.52778316
0.52778316,0.52778316
0.52778316,0.52778316
0.52778316,0.52778316
0.52778316,0.52778316
0.52778316,0.52778316
0.52778316,0.52778316
0.52778316,0.52778316
0.52778316,0.52778316
0.52778316,0.52778316
0.52778316,0.52778316
0.52778316,0.52778316
0.52778316,0.52778316
0.52778316,0.52778316
0.52778316,0.52778316
0.52778316,0.52778316
0.52778316,0.52778316
0.52778316,0.52778316
0.52778316,0.52778316
0.52778316,0.52778316
0.52778316,0.52778316
0.52778316,0.52778316
0.52778316,0.52778316
0.52778316,0.52778316
0.52778316,0.52778316
0.52778316,0.52778316
0.52778316,0.52778316
0.52778316,0.52778316
0.52778316,0.52778316
0.52778316,0.52778316
0.52778316,0.52778316
0.52778316,0.52778316
0.52778316,0.52778316
0.52778316,0.52778316
0.52778316,0.52778316
0.52778316,0.52778316
0.52778316,0.52778316
0.52778316,0.52778316
0.52778316,0.52778316
0.52778316,0.52778316
0.52778316,0.52778316
0.52778316,0.52778316
0.52778316,0.52778316
0.52778316,0.52778316
0.52778316,0.52778316
0.52778316,0.52778316
0.52778316,0.52778316
0.52778316,0.52778316
0.52778316,0.52778316
0.52778316,0.52778316
0.52778316,0.52778316
0.52778316,0.52778316
0.52778316,0.52778316
0.52778316,0.52778316
0.52778316,0.52778316
0.52778316,0.52778316
0.52778316,0.52778316
0.52778316,0.52778316
0.52778316,0.52778316
0.52778316,0.52778316
0.52778316,0.52778316
0.52778316,0.52778316
0.52778316,0.52778316
0.52778316,0.52778316
0.52778316,0.52778316
0.52778316,0.52778316
0.52778316,0.52778316
0.52778316,0.52778316
0.52778316,0.52778316
0.52778316,0.52778316
0.52778316,0.52778316
0.52778316,0.52778316
0.52778316,0.52778316
0.52778316,0.52778316
0.52778316,0.52778316
0.52778316,0.52778316
0.52778316,0.52778316
0.52778316,0.52778316
0.52778316,0.52778316
0.52778316,0.52778316
0.52778316,0.52778316
0.52778316,0.52778316
0.52778316,0.52778316
0.52778316,0.52778316
0.52778316,0.52778316
0.52778316,0.52778316
0.52778316,0.52778316
0.52778316,0.52778316
0.52778316,0.52778316
0.52778316,0.52778316
0.52778316,0.52778316
0.52778316,0.52778316
0.52778316,0.52778316
0.52778316,0.52778316
0.52778316,0.52778316
0.52778316,0.52778316
0.52778316,0.52778316
0.52778316,0.52778316
0.52778316,0.52778316
0.52778316,0.52778316
0.52778316,0.52778316
0.52778316,0.52778316
0.52778316,0.52778316
0.52778316,0.52778316
0.52778316,0.52778316
0.52778316,0.52778316
0.52778316,0.52778316
0.52778316,0.52778316
0.52778316,0.52778316
0.52778316,0.52778316
0.52778316,0.52778316
0.52778316,0.52778316
0.52778316,0.52778316
0.52778316,0.52778316
0.52778316,0.52778316
0.52778316,0.52778316
0.52778316,0.52778316
0.52778316,0.52778316
0.52778316,0.52778316
0.52778316,0.52778316
0.52778316,0.52778316
0.52778316,0.52778316
0.52778316,0.52778316
0.52778316,0.52778316
0.52778316,0.52778316
0.52778316,0.52778316
0.52778316,0.52778316
0.52778316,0.52778316
0.52778316,0.52778316
0.52778316,0.52778316
0.52778316,0.52778316
0.52778316,0.52778316
0.52778316,0.52778316
0.52778316,0.52778316
0.52778316,0.52778316
0.52778316,0.52778316
0.52778316,0.52778316
0.52778316,0.52778316
0.52778316,0.52778316
0.52778316,0.52778316
0.52778316,0.52778316
0.52778316,0.52778316
0.52778316,0.52778316
0.52778316,0.52778316
0.52778316,0.52778316
0.52778316,0.52778316
0.52778316,0.52778316
0.52778316,0.52778316
0.52778316,0.52778316
0.52778316,0.52778316
0.52778316,0.52778316
0.52778316,0.52778316
0.52778316,0.52778316
0.52778316,0.52778316
0.52778316,0.52778316
0.52778316,0.52778316
0.52778316,0.52778316
0.52778316,0.52778316
0.52778316,0.52778316
0.52778316,0.52778316
0.52778316,0.52778316
0.52778316,0.52778316
0.52778316,0.52778316
0.52778316,0.52778316
0.52778316,0.52778316
0.52778316,0.52778316
0.52778316,0.52778316
0.52778316,0.52778316
0.52778316,0.52778316
0.52778316,0.52778316
0.52778316,0.52778316
0.52778316,0.52778316
0.52778316,0.52778316
0.52778316,0.52778316
0.52778316,0.52778316
0.52778316,0.52778316
0.52778316,0.52778316
0.52778316,0.52778316
0.52778316,0.52778316
0.52778316,0.52778316
0.52778316,0.52778316
0.52778316,0.52778316
0.52778316,0.52778316
0.52778316,0.52778316
0.52778316,0.52778316
0.52778316,0.52778316
0.52778316,0.52778316
0.52778316,0.52778316
0.52778316,0.52778316
0.52778316,0.52778316
0.52778316,0.52778316
0.52778316,0.52778316
0.52778316,0.52778316
0.52778316,0.52778316
0.52778316,0.52778316
0.52778316,0.52778316
0.52778316,0.52778316
0.52778316,0.52778316
0.52778316,0.52778316
0.52778316,0.52778316
0.52778316,0.52778316
0.52778316,0.52778316
0.52778316,0.52778316
0.52778316,0.52778316
0.52778316,0.52778316
0.52778316,0.52778316
0.52778316,0.52778316
0.52778316,0.52778316
0.52778316,0.52778316
0.52778316,0.52778316
0.52778316,0.52778316
0.52778316,0.52778316
0.52778316,0.52778316
0.52778316,0.52778316
0.52778316,0.52778316
0.52778316,0.52778316
0.52778316,0.52778316
0.52778316,0.52778316
0.52778316,0.52778316
0.52778316,0.52778316
0.52778316,0.52778316
0.52778316,0.52778316
0.52778316,0.52778316
0.52778316,0.52778316
0.52778316,0.52778316
0.52778316,0.52778316
0.52778316,0.52778316
0.52778316,0.52778316
0.52778316,0.52778316
0.52778316,0.52778316
0.52778316,0.52778316
0.52778316,0.52778316
0.52778316,0.52778316
0.52778316,0.52778316
0.52778316,0.52778316
0.52778316,0.52778316
0.52778316,0.52778316
0.52778316,0.52778316
0.52778316,0.52778316
0.52778316,0.52778316
0.52778316,0.52778316
0.52778316,0.52778316
0.52778316,0.52778316
0.52778316,0.52778316
0.52778316,0.52778316
0.52778316,0.52778316
0.52778316,0.52778316
0.52778316,0.52778316
0.52778316,0.52778316
0.52778316,0.52778316
0.52778316,0.52778316
0.52778316,0.52778316
0.52778316,0.52778316
0.52778316,0.52778316
0.52778316,0.52778316
0.52778316,0.52778316
0.52778316,0.52778316
0.52778316,0.52778316
0.52778316,0.52778316
0.52778316,0.52778316
0.52778316,0.52778316
0.52778316,0.52778316
0.52778316,0.52778316
0.52778316,0.52778316
0.52778316,0.52778316
0.52778316,0.52778316
0.52778316,0.52778316
0.52778316,0.52778316
0.52778316,0.52778316
0.52778316,0.52778316
0.52778316,0.52778316
0.52778316,0.52778316
0.52778316,0.52778316
0.52778316,0.52778316
0.52778316,0.52778316
0.52778316,0.52778316
0.52778316,0.52778316
0.52778316,0.52778316
0.52778316,0.52778316
0.52778316,0.52778316
0.52778316,0.52778316
0.52778316,0.52778316
0.52778316,0.52778316
0.52778316,0.52778316
0.52778316,0.52778316
0.52778316,0.52778316
0.52778316,0.52778316
0.52778316,0.52778316
0.52778316,0.52778316
0.52778316,0.52778316
0.52778316,0.52778316
0.52778316,0.52778316
0.52778316,0.52778316
0.52778316,0.52778316
0.52778316,0.52778316
0.52778316,0.52778316
0.52778316,0.52778316
0.52778316,0.52778316
0.52778316,0.52778316
0.52778316,0.52778316
0.52778316,0.52778316
0.52778316,0.52778316
0.52778316,0.52778316
0.52778316,0.52778316
0.52778316,0.52778316
0.52778316,0.52778316
0.52778316,0.52778316
0.52778316,0.52778316
0.52778316,0.52778316
0.52778316,0.52778316
0.52778316,0.52778316
0.52778316,0.52778316
0.52778316,0.52778316
0.52778316,0.52778316
0.52778316,0.52778316
0.52778316,0.52778316
0.52778316,0.52778316
0.52778316,0.52778316
0.52778316,0.52778316
0.52778316,0.52778316
0.52778316,0.52778316
0.52778316,0.52778316
0.52778316,0.52778316
0.52778316,0.52778316
0.52778316,0.52778316
0.52778316,0.52778316
0.52778316,0.52778316
0.52778316,0.52778316
0.52778316,0.52778316
0.52778316,0.52778316
0.52778316,0.52778316
0.52778316,0.52778316
0.52778316,0.52778316
0.52778316,0.52778316
0.52778316,0.52778316
0.52778316,0.52778316
0.52778316,0.52778316
0.52778316,0.52778316
0.52778316,0.52778316
0.52778316,0.52778316
0.52778316,0.52778316
0.52778316,0.52778316
0.52778316,0.52778316
0.52778316,0.52778316
0.52778316,0.52778316
0.52778316,0.52778316
0.52778316,0.52778316
0.52778316,0.52778316
0.52778316,0.52778316
0.52778316,0.52778316
0.52778316,0.52778316
0.52778316,0.52778316
0.52778316,0.52778316
0.52778316,0.52778316
0.52778316,0.52778316
0.52778316,0.52778316
0.52778316,0.52778316
0.52778316,0.52778316
0.52778316,0.52778316
0.52778316,0.52778316
0.52778316,0.52778316
0.52778316,0.52778316
0.52778316,0.52778316
0.52778316,0.52778316
0.52778316,0.52778316
0.52778316,0.52778316
0.52778316,0.52778316
0.52778316,0.52778316
0.52778316,0.52778316
0.52778316,0.52778316
0.52778316,0.52778316
0.52778316,0.52778316
0.52778316,0.52778316
0.52778316,0.52778316
0.52778316,0.52778316
0.52778316,0.52778316
0.52778316,0.52778316
0.52778316,0.52778316
0.52778316,0.52778316
0.52778316,0.52778316
0.52778316,0.52778316
0.52778316,0.52778316
0.52778316,0.52778316
0.52778316,0.52778316
0.52778316,0.52778316
0.52778316,0.52778316
0.52778316,0.52778316
0.52778316,0.52778316
0.52778316,0.52778316
0.52778316,0.52778316
0.52778316,0.52778316
0.52778316,0.52778316
0.52778316,0.52778316
0.52778316,0.52778316
0.52778316,0.52778316
0.52778316,0.52778316
0.52778316,0.52778316
0.52778316,0.52778316
0.52778316,0.52778316
0.52778316,0.52778316
0.52778316,0.52778316
0.52778316,0.52778316
0.52778316,0.52778316
0.52778316,0.52778316
0.52778316,0.52778316
0.52778316,0.52778316
0.52778316,0.52778316
0.52778316,0.52778316
0.52778316,0.52778316
0.52778316,0.52778316
0.52778316,0.52778316
0.52778316,0.52778316
0.52778316,0.52778316
0.52778316,0.52778316
0.52778316,0.52778316
0.52778316,0.52778316
0.52778316,0.52778316
0.52778316,0.52778316
0.52778316,0.52778316
0.52778316,0.52778316
0.52778316,0.52778316
0.52778316,0.52778316
0.52778316,0.52778316
0.52778316,0.52778316
0.52778316,0.52778316
0.52778316,0.52778316
0.52778316,0.52778316
0.52778316,0.52778316
0.52778316,0.52778316
0.52778316,0.52778316
0.52778316,0.52778316
0.52778316,0.52778316
0.52778316,0.52778316
0.52778316,0.52778316
0.52778316,0.52778316
0.52778316,0.52778316
0.52778316,0.52778316
0.52778316,0.52778316
0.52778316,0.52778316
0.52778316,0.52778316
0.52778316,0.52778316
0.52778316,0.52778316
0.52778316,0.52778316
0.52778316,0.52778316
0.52778316,0.52778316
0.52778316,0.52778316
0.52778316,0.52778316
0.52778316,0.52778316
0.52778316,0.52778316
0.52778316,0.52778316
0.52778316,0.52778316
0.52778316,0.52778316
0.52778316,0.52778316
0.52778316,0.52778316
0.52778316,0.52778316
0.52778316,0.52778316
0.52778316,0.52778316
0.52778316,0.52778316
0.52778316,0.52778316
0.52778316,0.52778316
0.52778316,0.52778316
0.52778316,0.52778316
0.52778316,0.52778316
0.52778316,0.52778316
0.52778316,0.52778316
0.52778316,0.52778316
0.52778316,0.52778316
0.52778316,0.52778316
0.52778316,0.52778316
0.52778316,0.52778316
0.52778316,0.52778316
0.52778316,0.52778316
0.52778316,0.52778316
0.52778316,0.52778316
0.52778316,0.52778316
0.52778316,0.52778316
0.52778316,0.52778316
0.52778316,0.52778316
0.52778316,0.52778316
0.52778316,0.52778316
0.52778316,0.52778316
0.52778316,0.52778316
0.52778316,0.52778316
0.52778316,0.52778316
0.52778316,0.52778316
0.52778316,0.52778316
0.52778316,0.52778316
0.52778316,0.52778316
0.52778316,0.52778316
0.52778316,0.52778316
0.52778316,0.52778316
0.52778316,0.52778316
0.52778316,0.52778316
0.52778316,0.52778316
0.52778316,0.52778316
0.52778316,0.52778316
0.52778316,0.52778316
0.52778316,0.52778316
0.52778316,0.52778316
0.52778316,0.52778316
0.52778316,0.52778316
0.52778316,0.52778316
0.52778316,0.52778316
0.52778316,0.52778316
0.52778316,0.52778316
0.52778316,0.52778316
0.52778316,0.52778316
0.52778316,0.52778316
0.52778316,0.52778316
0.52778316,0.52778316
0.52778316,0.52778316
0.52778316,0.52778316
0.52778316,0.52778316
0.52778316,0.52778316
0.52778316,0.52778316
0.52778316,0.52778316
0.52778316,0.52778316
0.52778316,0.52778316
0.52778316,0.52778316
0.52778316,0.52778316
0.52778316,0.52778316
0.52778316,0.52778316
0.52778316,0.52778316
0.52778316,0.52778316
0.52778316,0.52778316
0.52778316,0.52778316
0.52778316,0.52778316
0.52778316,0.52778316
0.52778316,0.52778316
0.52778316,0.52778316
0.52778316,0.52778316
0.52778316,0.52778316
0.52778316,0.52778316
0.52778316,0.52778316
0.52778316,0.52778316
0.52778316,0.52778316
0.52778316,0.52778316
0.52778316,0.52778316
0.52778316,0.52778316
0.52778316,0.52778316
0.52778316,0.52778316
0.52778316,0.52778316
0.52778316,0.52778316
0.52778316,0.52778316
0.52778316,0.52778316
0.52778316,0.52778316
0.52778316,0.52778316
0.52778316,0.52778316
0.52778316,0.52778316
0.52778316,0.52778316
0.52778316,0.52778316
0.52778316,0.52778316
0.52778316,0.52778316
0.52778316,0.52778316
0.52778316,0.52778316
0.52778316,0.52778316
0.52778316,0.52778316
0.52778316,0.52778316
0.52778316,0.52778316
0.52778316,0.52778316
0.52778316,0.52778316
0.52778316,0.52778316
0.52778316,0.52778316
0.52778316,0.52778316
0.52778316,0.52778316
0.52778316,0.52778316
0.52778316,0.52778316
0.52778316,0.52778316
0.52778316,0.52778316
0.52778316,0.52778316
0.52778316,0.52778316
0.52778316,0.52778316
0.52778316,0.52778316
0.52778316,0.52778316
0.52778316,0.52778316
0.52778316,0.52778316
0.52778316,0.52778316
0.52778316,0.52778316
0.52778316,0.52778316
0.52778316,0.52778316
0.52778316,0.52778316
0.52778316,0.52778316
0.52778316,0.52778316
0.52778316,0.52778316
0.52778316,0.52778316
0.52778316,0.52778316
0.52778316,0.52778316
0.52778316,0.52778316
0.52778316,0.52778316
0.52778316,0.52778316
0.52778316,0.52778316
0.52778316,0.52778316
0.52778316,0.52778316
0.52778316,0.52778316
0.52778316,0.52778316
0.52778316,0.52778316
0.52778316,0.52778316
0.52778316,0.52778316
0.52778316,0.52778316
0.52778316,0.52778316
0.52778316,0.52778316
0.52778316,0.52778316
0.52778316,0.52778316
0.52778316,0.52778316
0.52778316,0.52778316
0.52778316,0.52778316
0.52778316,0.52778316
0.52778316,0.52778316
0.52778316,0.52778316
0.52778316,0.52778316
0.52778316,0.52778316
0.52778316,0.52778316
0.52778316,0.52778316
0.52778316,0.52778316
0.52778316,0.52778316
0.52778316,0.52778316
0.52778316,0.52778316
0.52778316,0.52778316
0.52778316,0.52778316
0.52778316,0.52778316
0.52778316,0.52778316
0.52778316,0.52778316
0.52778316,0.52778316
0.52778316,0.52778316
0.52778316,0.52778316
0.52778316,0.52778316
0.52778316,0.52778316
0.52778316,0.52778316
0.52778316,0.52778316
0.52778316,0.52778316
0.52778316,0.52778316
0.52778316,0.52778316
0.52778316,0.52778316
0.52778316,0.52778316
0.52778316,0.52778316
0.52778316,0.52778316
0.52778316,0.52778316
0.52778316,0.52778316
0.52778316,0.52778316
0.52778316,0.52778316
0.52778316,0.52778316
0.52778316,0.52778316
0.52778316,0.52778316
0.52778316,0.52778316
0.52778316,0.52778316
0.52778316,0.52778316
0.52778316,0.52778316
0.52778316,0.52778316
0.52778316,0.52778316
0.52778316,0.52778316
0.52778316,0.52778316
0.52778316,0.52778316
0.52778316,0.52778316
0.52778316,0.52778316
0.52778316,0.52778316
0.52778316,0.52778316
0.52778316,0.52778316
0.52778316,0.52778316
0.52778316,0.52778316
0.52778316,0.52778316
0.52778316,0.52778316
0.52778316,0.52778316
0.52778316,0.52778316
0.52778316,0.52778316
0.52778316,0.52778316
0.52778316,0.52778316
0.52778316,0.52778316
0.52778316,0.52778316
0.52778316,0.52778316
0.52778316,0.52778316
0.52778316,0.52778316
0.52778316,0.52778316
0.52778316,0.52778316
0.52778316,0.52778316
0.52778316,0.52778316
0.52778316,0.52778316
0.52778316,0.52778316
0.52778316,0.52778316
0.52778316,0.52778316
0.52778316,0.52778316
0.52778316,0.52778316
0.52778316,0.52778316
0.52778316,0.52778316
0.52778316,0.52778316
0.52778316,0.52778316
0.52778316,0.52778316
0.52778316,0.52778316
0.52778316,0.52778316
0.52778316,0.52778316
0.52778316,0.52778316
0.52778316,0.52778316
0.52778316,0.52778316
0.52778316,0.52778316
0.52778316,0.52778316
0.52778316,0.52778316
0.52778316,0.52778316
0.52778316,0.52778316
0.52778316,0.52778316
0.52778316,0.52778316
0.52778316,0.52778316
0.52778316,0.52778316
0.52778316,0.52778316
0.52778316,0.52778316
0.52778316,0.52778316
0.52778316,0.52778316
0.52778316,0.52778316
0.52778316,0.52778316
0.52778316,0.52778316
0.52778316,0.52778316
0.52778316,0.52778316
0.52778316,0.52778316
0.52778316,0.52778316
0.52778316,0.52778316
0.52778316,0.52778316
0.52778316,0.52778316
0.52778316,0.52778316
0.52778316,0.52778316
0.52778316,0.52778316
0.52778316,0.52778316
0.52778316,0.52778316
0.52778316,0.52778316
0.52778316,0.52778316
0.52778316,0.52778316
0.52778316,0.52778316
0.52778316,0.52778316
0.52778316,0.52778316
0.52778316,0.52778316
0.52778316,0.52778316
0.52778316,0.52778316
0.52778316,0.52778316
0.52778316,0.52778316
0.52778316,0.52778316
0.52778316,0.52778316
0.52778316,0.52778316
0.52778316,0.52778316
0.52778316,0.52778316
0.52778316,0.52778316
0.52778316,0.52778316
0.52778316,0.52778316
0.52778316,0.52778316
0.52778316,0.52778316
0.52778316,0.52778316
0.52778316,0.52778316
0.52778316,0.52778316
0.52778316,0.52778316
0.52778316,0.52778316
0.52778316,0.52778316
0.52778316,0.52778316
0.52778316,0.52778316
0.5370669,0.5370669
0.6553177,0.6553177
0.6326741,0.6326741
0.6032183,0.6032183
0.5915185,0.5915185
0.6134847,0.6134847
0.5974993,0.5974993
0.61759496,0.61759496
0.60335034,0.60335034
0.6064795,0.6064795
0.6391243,0.6391243
0.5867114,0.5867114
0.6591803,0.6591803
0.5758612,0.5758612
0.5984761,0.5984761
0.6312675,0.6312675
0.6634187,0.6634187
0.61022514,0.61022514
0.5822183,0.5822183
0.61422867,0.61422867
0.5894059,0.5894059
0.62011105,0.62011105
0.6211741,0.6211741
0.62096447,0.62096447
0.5994723,0.5994723
0.6101208,0.6101208
0.59705484,0.59705484
0.6147979,0.6147979
0.6008373,0.6008373
0.662299,0.662299
0.6275283,0.6275283
0.6085015,0.6085015
0.6425133,0.6425133
0.58873034,0.58873034
0.56432897,0.56432897
0.6123222,0.6123222
0.6301971,0.6301971
0.6041035,0.6041035
0.63552684,0.63552684
0.6213709,0.6213709
0.59851086,0.59851086
0.5774081,0.5774081
0.625461,0.625461
0.5895372,0.5895372
0.6655502,0.6655502
0.60062957,0.60062957
0.5884248,0.5884248
0.5828225,0.5828225
0.6500375,0.6500375
0.57261336,0.57261336
0.62496436,0.62496436
0.5929135,0.5929135
0.664534,0.664534
0.60238045,0.60238045
0.6117462,0.6117462
0.6112602,0.6112602
0.6480562,0.6480562
0.6063169,0.6063169
0.6066455,0.6066455
0.6057212,0.6057212
0.63021237,0.63021237
0.6556831,0.6556831
0.60341525,0.60341525
0.58822846,0.58822846
0.6280075,0.6280075
0.6258773,0.6258773
0.6230458,0.6230458
0.59933645,0.59933645
0.6230104,0.6230104
0.5951179,0.5951179
0.6272476,0.6272476
0.60062325,0.60062325
0.610431,0.610431
0.62139386,0.62139386
0.5799733,0.5799733
0.64065015,0.64065015
0.6329404,0.6329404
0.6315342,0.6315342
0.60840356,0.60840356
0.580334,0.580334
0.5948673,0.5948673
0.6130443,0.6130443
0.57217395,0.57217395
0.6019139,0.6019139
0.6094069,0.6094069
0.60809386,0.60809386
0.61226946,0.61226946
0.59012467,0.59012467
0.59353876,0.59353876
0.627248,0.627248
0.64859843,0.64859843
0.6100759,0.6100759
0.5630611,0.5630611
0.59173155,0.59173155
0.5977291,0.5977291
0.59657586,0.59657586
0.5962861,0.5962861
0.61400914,0.61400914
0.58024806,0.58024806
0.5961087,0.5961087
0.6042178,0.6042178
0.5638427,0.5638427
0.61624306,0.61624306
0.6449741,0.6449741
0.61942303,0.61942303
0.55990386,0.55990386
0.6408985,0.6408985
0.6207894,0.6207894
0.55163157,0.55163157
0.5880302,0.5880302
0.5828551,0.5828551
0.62866354,0.62866354
0.65207547,0.65207547
0.61377555,0.61377555
0.62357116,0.62357116
0.6109409,0.6109409
0.6322808,0.6322808
0.5860231,0.5860231
0.6112171,0.6112171
0.6205492,0.6205492
0.5726753,0.5726753
0.58812565,0.58812565
0.6784137,0.6784137
0.57711786,0.57711786
0.6167903,0.6167903
0.6522676,0.6522676
0.5903666,0.5903666
0.59691834,0.59691834
0.6359993,0.6359993
0.6414142,0.6414142
0.6045756,0.6045756
0.6282366,0.6282366
0.6330588,0.6330588
0.62241536,0.62241536
0.56106883,0.56106883
0.6018287,0.6018287
0.5938681,0.5938681
0.5612367,0.5612367
0.5827272,0.5827272
0.6197322,0.6197322
0.5968497,0.5968497
0.5941662,0.5941662
0.63588727,0.63588727
0.59345895,0.59345895
0.5946403,0.5946403
0.61937386,0.61937386
0.6438342,0.6438342
0.60453033,0.60453033
0.61391824,0.61391824
0.57643646,0.57643646
0.6928556,0.6928556
0.58175755,0.58175755
0.61629546,0.61629546
0.6011363,0.6011363
0.595461,0.595461
0.63213843,0.63213843
0.62335384,0.62335384
0.55886286,0.55886286
0.44771734,0.44771734
0.51123005,0.51123005
0.4777238,0.4777238
0.45809504,0.45809504
0.46188477,0.46188477
0.47257525,0.47257525
0.42719316,0.42719316
0.39396656,0.39396656
0.43399334,0.43399334
0.6114485,0.6114485
0.554172,0.554172
0.6251907,0.6251907
0.47647345,0.47647345
0.4154643,0.4154643
0.432737,0.432737
0.4344111,0.4344111
0.44905487,0.44905487
0.6619933,0.6619933
0.6162071,0.6162071
0.59117985,0.59117985
0.4960073,0.4960073
0.53679013,0.53679013
0.44770613,0.44770613
0.45036152,0.45036152
0.46201077,0.46201077
0.43795753,0.43795753
0.43241727,0.43241727
0.6179334,0.6179334
0.6417697,0.6417697
0.5927469,0.5927469
0.6118653,0.6118653
0.64414245,0.64414245
0.59455407,0.59455407
0.56413686,0.56413686
0.5627593,0.5627593
0.60585755,0.60585755
0.64630705,0.64630705
0.51769763,0.51769763
0.4139941,0.4139941
0.5596971,0.5596971
0.5832911,0.5832911
0.570346,0.570346
0.5019133,0.5019133
0.71475613,0.71475613
0.4696162,0.4696162
0.4549708,0.4549708
0.59944636,0.59944636
0.57868016,0.57868016
0.6056955,0.6056955
0.6002706,0.6002706
0.5243508,0.5243508
0.50236773,0.50236773
0.495023,0.495023
0.48720947,0.48720947
0.42864934,0.42864934
0.61544627,0.61544627
0.6071601,0.6071601
0.61343324,0.61343324
0.5403961,0.5403961
0.5940752,0.5940752
0.61375284,0.61375284
0.58032984,0.58032984
0.6074925,0.6074925
0.6164941,0.6164941
0.50545764,0.50545764
0.52217066,0.52217066
0.5933658,0.5933658
0.6239393,0.6239393
0.62697077,0.62697077
0.58436376,0.58436376
0.6166493,0.6166493
0.5866304,0.5866304
0.56379694,0.56379694
0.62840825,0.62840825
0.61128485,0.61128485
0.6193369,0.6193369
0.5660462,0.5660462
0.6363196,0.6363196
0.62798357,0.62798357
0.6116934,0.6116934
0.60918367,0.60918367
0.5830884,0.5830884
0.58241796,0.58241796
0.62889737,0.62889737
0.57300144,0.57300144
0.6480431,0.6480431
0.6706593,0.6706593
0.59983146,0.59983146
0.5939109,0.5939109
0.59121144,0.59121144
0.5972487,0.5972487
0.63178784,0.63178784
0.6409472,0.6409472
0.63587195,0.63587195
0.6622445,0.6622445
0.6179104,0.6179104
0.6103896,0.6103896
0.5921889,0.5921889
0.59814227,0.59814227
0.57697713,0.57697713
0.6055572,0.6055572
0.6003404,0.6003404
0.681462,0.681462
0.6421876,0.6421876
0.65248495,0.65248495
0.59012914,0.59012914
0.57372475,0.57372475
0.60542774,0.60542774
0.61711925,0.61711925
0.64164555,0.64164555
0.635718,0.635718
0.61649686,0.61649686
0.6175466,0.6175466
0.6235618,0.6235618
0.6082714,0.6082714
0.57818997,0.57818997
0.6110073,0.6110073
0.6018948,0.6018948
0.6132356,0.6132356
0.59724545,0.59724545
0.5870176,0.5870176
0.6247843,0.6247843
0.59568965,0.59568965
0.58324903,0.58324903
0.6133028,0.6133028
0.5964728,0.5964728
0.5989821,0.5989821
0.65234375,0.65234375
0.6095091,0.6095091
0.5579679,0.5579679
0.6195292,0.6195292
0.54692155,0.54692155
0.647585,0.647585
0.58669466,0.58669466
0.6296133,0.6296133
0.6206128,0.6206128
0.62662876,0.62662876
0.6133081,0.6133081
0.6311435,0.6311435
0.59451574,0.59451574
0.5989181,0.5989181
0.599574,0.599574
0.61663026,0.61663026
0.60459965,0.60459965
0.6250718,0.6250718
0.5965975,0.5965975
0.6045008,0.6045008
0.5970595,0.5970595
0.61254597,0.61254597
0.60523945,0.60523945
0.5968212,0.5968212
0.5860693,0.5860693
0.6058589,0.6058589
0.5604126,0.5604126
0.6162742,0.6162742
0.59520274,0.59520274
0.6232582,0.6232582
0.606752,0.606752
0.57402146,0.57402146
0.5912374,0.5912374
0.59766376,0.59766376
0.58098876,0.58098876
0.5444936,0.5444936
0.58601564,0.58601564
0.61074734,0.61074734
0.61514336,0.61514336
0.54613084,0.54613084
0.6176285,0.6176285
0.5993377,0.5993377
0.64550126,0.64550126
0.606521,0.606521
0.61866635,0.61866635
0.58791786,0.58791786
0.5652102,0.5652102
0.6069964,0.6069964
0.63332355,0.63332355
0.6010134,0.6010134
0.62913156,0.62913156
0.6275171,0.6275171
0.5741266,0.5741266
0.6371516,0.6371516
0.56868756,0.56868756
0.5813958,0.5813958
0.57526493,0.57526493
0.5927919,0.5927919
0.60148257,0.60148257
0.6116594,0.6116594
0.6532558,0.6532558
0.59280854,0.59280854
0.58756596,0.58756596
0.574672,0.574672
0.6024761,0.6024761
0.56617206,0.56617206
0.61821425,0.61821425
0.6258682,0.6258682
0.60845387,0.60845387
0.6092269,0.6092269
0.62264234,0.62264234
0.6302458,0.6302458
0.6293227,0.6293227
0.59530973,0.59530973
0.63404125,0.63404125
0.60922194,0.60922194
0.61231655,0.61231655
0.60305226,0.60305226
0.6103327,0.6103327
0.55966127,0.55966127
0.6262737,0.6262737
0.6089665,0.6089665
0.6004646,0.6004646
0.61669403,0.61669403
0.6264571,0.6264571
0.6350747,0.6350747
0.61616975,0.61616975
0.6445353,0.6445353
0.6378635,0.6378635
0.6035902,0.6035902
0.6056527,0.6056527
0.5929358,0.5929358
0.6003982,0.6003982
0.60262823,0.60262823
0.59528416,0.59528416
0.6435242,0.6435242
0.6289529,0.6289529
0.6066985,0.6066985
0.5806768,0.5806768
0.629978,0.629978
0.5306821,0.5306821
0.63064486,0.63064486
0.53267837,0.53267837
0.58652425,0.58652425
0.6039059,0.6039059
0.61024225,0.61024225
0.5953724,0.5953724
0.62426007,0.62426007
0.6104441,0.6104441
0.609231,0.609231
0.6159133,0.6159133
0.62636554,0.62636554
0.6336252,0.6336252
0.62900484,0.62900484
0.6021731,0.6021731
0.56354207,0.56354207
0.45474094,0.45474094
0.6061017,0.6061017
0.616696,0.616696
0.63997656,0.63997656
0.5792921,0.5792921
0.64525294,0.64525294
0.48441666,0.48441666
0.5345583,0.5345583
0.5757055,0.5757055
0.5914712,0.5914712
0.62098235,0.62098235
0.60767114,0.60767114
0.54590195,0.54590195
0.5884941,0.5884941
0.58036435,0.58036435
0.59960437,0.59960437
0.5905948,0.5905948
0.5740982,0.5740982
0.6243431,0.6243431
0.5957647,0.5957647
0.6069286,0.6069286
0.5779804,0.5779804
0.61112505,0.61112505
0.58691245,0.58691245
0.59166354,0.59166354
0.5890455,0.5890455
0.63656145,0.63656145
0.6188499,0.6188499
0.57474214,0.57474214
0.55455315,0.55455315
0.5969619,0.5969619
0.6360442,0.6360442
0.6403503,0.6403503
0.6319589,0.6319589
0.64411926,0.64411926
0.5791864,0.5791864
0.5960124,0.5960124
0.61985034,0.61985034
0.63542455,0.63542455
0.6039307,0.6039307
0.6237071,0.6237071
0.6319383,0.6319383
0.6204672,0.6204672
0.5877469,0.5877469
0.60205626,0.60205626
0.59167325,0.59167325
0.62800175,0.62800175
0.6064192,0.6064192
0.64234185,0.64234185
0.62000483,0.62000483
0.62328446,0.62328446
0.59347236,0.59347236
0.59702075,0.59702075
0.6292984,0.6292984
0.60215205,0.60215205
0.60902303,0.60902303
0.54470587,0.54470587
0.6158743,0.6158743
0.6126633,0.6126633
0.6298561,0.6298561
0.5796069,0.5796069
0.5671551,0.5671551
0.60477644,0.60477644
0.6286002,0.6286002
0.6122696,0.6122696
0.6359611,0.6359611
0.6325596,0.6325596
0.6341683,0.6341683
0.6058863,0.6058863
0.60267764,0.60267764
0.56731725,0.56731725
0.6305958,0.6305958
0.61484843,0.61484843
0.5998078,0.5998078
0.5942961,0.5942961
0.60557556,0.60557556
0.6281262,0.6281262
0.62921983,0.62921983
0.6121867,0.6121867
0.57000655,0.57000655
0.61915535,0.61915535
0.6009221,0.6009221
0.5894493,0.5894493
0.67768323,0.67768323
0.6347752,0.6347752
0.5702366,0.5702366
0.6032257,0.6032257
0.5534272,0.5534272
0.610928,0.610928
0.5909659,0.5909659
0.6102407,0.6102407
0.5945895,0.5945895
0.6088628,0.6088628
0.6283529,0.6283529
0.6256508,0.6256508
0.5948964,0.5948964
0.5969459,0.5969459
0.6276028,0.6276028
0.63278586,0.63278586
0.60507345,0.60507345
0.596646,0.596646
0.6105335,0.6105335
0.61277014,0.61277014
0.5933579,0.5933579
0.63902706,0.63902706
0.5847319,0.5847319
0.61762404,0.61762404
0.6097009,0.6097009
0.6220524,0.6220524
0.6059302,0.6059302
0.6123122,0.6123122
0.61990863,0.61990863
0.5942603,0.5942603
0.6186543,0.6186543
0.57418543,0.57418543
0.60362256,0.60362256
0.5706973,0.5706973
0.6011153,0.6011153
0.6109007,0.6109007
0.52159154,0.52159154
0.5563877,0.5563877
0.6163676,0.6163676
0.595854,0.595854
0.5743126,0.5743126
0.5810234,0.5810234
0.57586545,0.57586545
0.64414835,0.64414835
0.6279302,0.6279302
0.59909153,0.59909153
0.6354413,0.6354413
0.5794246,0.5794246
0.5581947,0.5581947
0.61925167,0.61925167
0.5979018,0.5979018
0.5886,0.5886
0.54636335,0.54636335
0.613097,0.613097
0.6073488,0.6073488
0.58157206,0.58157206
0.5704204,0.5704204
0.58405924,0.58405924
0.6308663,0.6308663
0.5765496,0.5765496
0.6511009,0.6511009
0.601953,0.601953
0.5868197,0.5868197
0.63687676,0.63687676
0.62446725,0.62446725
0.4340297,0.4340297
0.41402763,0.41402763
0.45029366,0.45029366
0.3454576,0.3454576
0.39501622,0.39501622
0.61422586,0.61422586
0.5949725,0.5949725
0.6039402,0.6039402
0.62,0.62
0.58590007,0.58590007
0.6057302,0.6057302
0.5967022,0.5967022
0.5921296,0.5921296
0.6071238,0.6071238
0.6429724,0.6429724
0.5846836,0.5846836
0.5176101,0.5176101
0.4757539,0.4757539
0.50515574,0.50515574
0.5604053,0.5604053
0.58646595,0.58646595
0.56239575,0.56239575
0.572927,0.572927
0.563087,0.563087
0.59685665,0.59685665
0.61337215,0.61337215
0.6244165,0.6244165
0.6171715,0.6171715
0.5731092,0.5731092
0.59928274,0.59928274
0.6000893,0.6000893
0.56560606,0.56560606
0.53854746,0.53854746
0.60926306,0.60926306
0.62891483,0.62891483
0.6208997,0.6208997
0.5934336,0.5934336
0.59692866,0.59692866
0.6038399,0.6038399
0.61538994,0.61538994
0.63030547,0.63030547
0.61483926,0.61483926
0.588145,0.588145
0.62274474,0.62274474
0.6054412,0.6054412
0.5879793,0.5879793
0.6422158,0.6422158
0.57939464,0.57939464
0.598423,0.598423
0.6075759,0.6075759
0.60560423,0.60560423
0.6332513,0.6332513
0.6144932,0.6144932
0.6322274,0.6322274
0.62042284,0.62042284
0.6005847,0.6005847
0.63066554,0.63066554
0.61971563,0.61971563
0.5867932,0.5867932
0.5611562,0.5611562
0.6207811,0.6207811
0.63246363,0.63246363
0.62073094,0.62073094
0.5948171,0.5948171
0.59049034,0.59049034
0.6068437,0.6068437
0.5882246,0.5882246
0.58523494,0.58523494
0.5708382,0.5708382
0.5615464,0.5615464
0.57343423,0.57343423
0.61075705,0.61075705
0.6180367,0.6180367
0.64941883,0.64941883
0.63228655,0.63228655
0.6085671,0.6085671
0.5806103,0.5806103
0.61468136,0.61468136
0.6238132,0.6238132
0.57789165,0.57789165
0.62948287,0.62948287
0.5824468,0.5824468
0.6111892,0.6111892
0.63229567,0.63229567
0.61302394,0.61302394
0.6184538,0.6184538
0.594612,0.594612
0.62233776,0.62233776
0.64822036,0.64822036
0.6157226,0.6157226
0.5878677,0.5878677
0.61252385,0.61252385
0.60376096,0.60376096
0.6045875,0.6045875
0.63742775,0.63742775
0.62209,0.62209
0.6295036,0.6295036
0.5759208,0.5759208
0.6297775,0.6297775
0.65102684,0.65102684
0.6548837,0.6548837
0.6080471,0.6080471
0.5953873,0.5953873
0.5747988,0.5747988
0.6251375,0.6251375
0.61979276,0.61979276
0.58536875,0.58536875
0.6149423,0.6149423
0.6058789,0.6058789
0.59634936,0.59634936
0.6151593,0.6151593
0.586824,0.586824
0.5855036,0.5855036
0.6169037,0.6169037
0.587971,0.587971
0.59775454,0.59775454
0.6290049,0.6290049
0.59113485,0.59113485
0.60963196,0.60963196
0.6077227,0.6077227
0.60391235,0.60391235
0.6135539,0.6135539
0.61712545,0.61712545
0.59179235,0.59179235
0.56048006,0.56048006
0.60134697,0.60134697
0.6323522,0.6323522
0.6187481,0.6187481
0.62192714,0.62192714
0.5671455,0.5671455
0.59978914,0.59978914
0.60060483,0.60060483
0.61218596,0.61218596
0.60217285,0.60217285
0.57595,0.57595
0.6305713,0.6305713
0.58276427,0.58276427
0.6235907,0.6235907
0.63131076,0.63131076
0.5828129,0.5828129
0.5618406,0.5618406
0.5642179,0.5642179
0.62504274,0.62504274
0.6205557,0.6205557
0.60311747,0.60311747
0.59007,0.59007
0.6015408,0.6015408
0.5731753,0.5731753
0.5772841,0.5772841
0.6128184,0.6128184
0.60346293,0.60346293
0.6288211,0.6288211
0.6156012,0.6156012
0.5902023,0.5902023
0.6355517,0.6355517
0.60354805,0.60354805
0.5990792,0.5990792
0.6002491,0.6002491
0.5797099,0.5797099
0.638412,0.638412
0.6171648,0.6171648
0.57442683,0.57442683
0.6352927,0.6352927
0.62033087,0.62033087
0.64003694,0.64003694
0.59249437,0.59249437
0.5867204,0.5867204
0.6006283,0.6006283
0.6125282,0.6125282
0.613394,0.613394
0.60054946,0.60054946
0.6035252,0.6035252
0.57520324,0.57520324
0.59372157,0.59372157
0.60479015,0.60479015
0.60969466,0.60969466
0.570474,0.570474
0.60410494,0.60410494
0.58948946,0.58948946
0.65650475,0.65650475
0.60438555,0.60438555
0.67164856,0.67164856
0.5633422,0.5633422
0.6472943,0.6472943
0.61506253,0.61506253
0.6052489,0.6052489
0.5769756,0.5769756
0.6127484,0.6127484
0.6015904,0.6015904
0.64654744,0.64654744
0.597399,0.597399
0.636045,0.636045
0.5771086,0.5771086
0.64756835,0.64756835
0.6034225,0.6034225
0.63462645,0.63462645
0.612693,0.612693
0.6291905,0.6291905
0.61532444,0.61532444
0.6360032,0.6360032
0.6403547,0.6403547
0.61409503,0.61409503
0.6272833,0.6272833
0.6371488,0.6371488
0.6080978,0.6080978
0.5837445,0.5837445
0.604109,0.604109
0.6164133,0.6164133
0.5967369,0.5967369
0.62660336,0.62660336
0.63952017,0.63952017
0.66015255,0.66015255
0.62338406,0.62338406
0.6103794,0.6103794
0.602988,0.602988
0.6106298,0.6106298
0.6023709,0.6023709
0.618359,0.618359
0.62985927,0.62985927
0.62742645,0.62742645
0.60746396,0.60746396
0.6014859,0.6014859
0.59766763,0.59766763
0.6122417,0.6122417
0.5899599,0.5899599
0.59586465,0.59586465
0.6243265,0.6243265
0.6595786,0.6595786
0.5626639,0.5626639
0.64094704,0.64094704
0.63617665,0.63617665
0.6276402,0.6276402
0.625558,0.625558
0.6225429,0.6225429
0.59189874,0.59189874
0.59380025,0.59380025
0.62231797,0.62231797
0.60641974,0.60641974
0.615158,0.615158
0.6005537,0.6005537
0.64737386,0.64737386
0.59421265,0.59421265
0.57974803,0.57974803
0.6154415,0.6154415
0.6115582,0.6115582
0.5834325,0.5834325
0.63426244,0.63426244
0.62466097,0.62466097
0.5709863,0.5709863
0.61144936,0.61144936
0.5474518,0.5474518
0.5914537,0.5914537
0.68480235,0.68480235
0.5739133,0.5739133
0.6052933,0.6052933
0.600815,0.600815
0.5477028,0.5477028
0.6298711,0.6298711
0.6089012,0.6089012
0.5883929,0.5883929
0.5276282,0.5276282
0.57422334,0.57422334
0.57693344,0.57693344
0.57891375,0.57891375
0.6044515,0.6044515
0.5935023,0.5935023
0.60242546,0.60242546
0.60964996,0.60964996
0.6090194,0.6090194
0.59540075,0.59540075
0.5561071,0.5561071
0.59216374,0.59216374
0.6119495,0.6119495
0.5895991,0.5895991
0.6101718,0.6101718
0.6168021,0.6168021
0.5932734,0.5932734
0.6294998,0.6294998
0.5686744,0.5686744
0.62322843,0.62322843
0.59467924,0.59467924
0.60292906,0.60292906
0.6060936,0.6060936
0.6221323,0.6221323
0.6196001,0.6196001
0.61245215,0.61245215
0.59776235,0.59776235
0.6093651,0.6093651
0.5992996,0.5992996
0.6319764,0.6319764
0.6199456,0.6199456
0.5719023,0.5719023
0.60123944,0.60123944
0.5825777,0.5825777
0.61997074,0.61997074
0.56525964,0.56525964
0.57263106,0.57263106
0.61005914,0.61005914
0.65688926,0.65688926
0.57086325,0.57086325
0.57867134,0.57867134
0.58365756,0.58365756
0.60912985,0.60912985
0.6362159,0.6362159
0.6389434,0.6389434
0.608709,0.608709
0.6188837,0.6188837
0.6187621,0.6187621
0.57665384,0.57665384
0.56188035,0.56188035
0.61668587,0.61668587
0.6268913,0.6268913
0.61587626,0.61587626
0.590271,0.590271
0.6171118,0.6171118
0.6386661,0.6386661
0.60007155,0.60007155
0.61499226,0.61499226
0.62831575,0.62831575
0.5904347,0.5904347
0.61916226,0.61916226
0.6329754,0.6329754
0.60419184,0.60419184
0.56759536,0.56759536
0.6201564,0.6201564
0.56861186,0.56861186
0.6147456,0.6147456
0.6141088,0.6141088
0.6337402,0.6337402
0.61834884,0.61834884
0.60388434,0.60388434
0.6628159,0.6628159
0.60605174,0.60605174
0.619179,0.619179
0.61355525,0.61355525
0.57543516,0.57543516
0.57901114,0.57901114
0.5985842,0.5985842
0.64604074,0.64604074
0.59970206,0.59970206
0.5981293,0.5981293
0.5931882,0.5931882
0.6217792,0.6217792
0.62415504,0.62415504
0.62203103,0.62203103
0.60292023,0.60292023
0.61593586,0.61593586
0.6342094,0.6342094
0.51363784,0.51363784
0.5289936,0.5289936
0.61041313,0.61041313
0.59361315,0.59361315
0.6349193,0.6349193
0.63491756,0.63491756
0.60227865,0.60227865
0.59417605,0.59417605
0.57633424,0.57633424
0.60842043,0.60842043
0.6004257,0.6004257
0.6553514,0.6553514
0.59583753,0.59583753
0.58391917,0.58391917
0.58924747,0.58924747
0.604884,0.604884
0.64010984,0.64010984
0.5445315,0.5445315
0.6010778,0.6010778
0.6400284,0.6400284
0.6228429,0.6228429
0.57254547,0.57254547
0.6191078,0.6191078
0.6155005,0.6155005
0.603572,0.603572
0.6097648,0.6097648
0.6255347,0.6255347
0.617639,0.617639
0.6260849,0.6260849
0.597959,0.597959
0.6443818,0.6443818
0.60544616,0.60544616
0.62102807,0.62102807
0.62114584,0.62114584
0.5826796,0.5826796
0.608496,0.608496
0.63024986,0.63024986
0.58055174,0.58055174
0.60619086,0.60619086
0.5979191,0.5979191
0.5830087,0.5830087
0.6180908,0.6180908
0.6174711,0.6174711
0.6084567,0.6084567
0.6021782,0.6021782
0.62262577,0.62262577
0.60505384,0.60505384
0.56996006,0.56996006
0.5770479,0.5770479
0.6213054,0.6213054
0.6159343,0.6159343
0.6039063,0.6039063
0.66908324,0.66908324
0.5819195,0.5819195
0.6257596,0.6257596
0.6461986,0.6461986
0.6254403,0.6254403
0.65263426,0.65263426
0.60209054,0.60209054
0.61253834,0.61253834
0.6136122,0.6136122
0.62906355,0.62906355
0.6138257,0.6138257
0.58286494,0.58286494
0.6021318,0.6021318
0.60067815,0.60067815
0.5997627,0.5997627
0.6526238,0.6526238
0.6447634,0.6447634
0.62907404,0.62907404
0.6179628,0.6179628
0.6049668,0.6049668
0.6456162,0.6456162
0.63673484,0.63673484
0.6249624,0.6249624
0.66364723,0.66364723
0.6071318,0.6071318
0.6130405,0.6130405
0.60694486,0.60694486
0.61445886,0.61445886
0.6044153,0.6044153
0.5795259,0.5795259
0.59945416,0.59945416
0.6315419,0.6315419
0.62086856,0.62086856
0.62541324,0.62541324
0.6487777,0.6487777
0.59441745,0.59441745
0.646523,0.646523
0.6390636,0.6390636
0.5917412,0.5917412
0.6425371,0.6425371
0.64300066,0.64300066
0.6257715,0.6257715
0.6460844,0.6460844
0.593564,0.593564
0.6224128,0.6224128
0.5973098,0.5973098
0.57169765,0.57169765
0.59233665,0.59233665
0.6234613,0.6234613
0.602619,0.602619
0.578761,0.578761
0.61251944,0.61251944
0.5781682,0.5781682
0.6415418,0.6415418
0.6316264,0.6316264
0.613034,0.613034
0.5828052,0.5828052
0.59706426,0.59706426
0.583552,0.583552
0.5827372,0.5827372
0.62003744,0.62003744
0.60570806,0.60570806
0.6660259,0.6660259
0.6136494,0.6136494
0.64149356,0.64149356
0.6258705,0.6258705
0.647523,0.647523
0.58691305,0.58691305
0.6285903,0.6285903
0.5937843,0.5937843
0.5976671,0.5976671
0.64002794,0.64002794
0.60939443,0.60939443
0.5987362,0.5987362
0.60121864,0.60121864
0.6030831,0.6030831
0.5926968,0.5926968
0.56743294,0.56743294
0.6062732,0.6062732
0.5830316,0.5830316
0.6102223,0.6102223
0.6271042,0.6271042
0.62921053,0.62921053
0.60643065,0.60643065
0.5849502,0.5849502
0.61887234,0.61887234
0.60843766,0.60843766
0.5800898,0.5800898
0.60506946,0.60506946
0.6221549,0.6221549
0.58373994,0.58373994
0.54621387,0.54621387
0.4744368,0.4744368
0.6257878,0.6257878
0.6458781,0.6458781
0.5948109,0.5948109
0.45396772,0.45396772
0.4435065,0.4435065
0.6492034,0.6492034
0.5303544,0.5303544
0.49376294,0.49376294
0.4756519,0.4756519
0.4910668,0.4910668
0.40065807,0.40065807
0.39854196,0.39854196
0.39836326,0.39836326
0.4346364,0.4346364
0.42019638,0.42019638
0.47535378,0.47535378
0.43339074,0.43339074
0.4145916,0.4145916
0.45064434,0.45064434
0.590125,0.590125
0.61687946,0.61687946
0.38447616,0.38447616
0.4196604,0.4196604
0.42545676,0.42545676
0.44007912,0.44007912
0.61022776,0.61022776
0.5095852,0.5095852
0.4695267,0.4695267
0.43470648,0.43470648
0.5260323,0.5260323
0.43490708,0.43490708
0.43275997,0.43275997
0.4114902,0.4114902
0.40120655,0.40120655
0.4622907,0.4622907
0.48914444,0.48914444
0.65657157,0.65657157
0.58367836,0.58367836
0.5785709,0.5785709
0.4597243,0.4597243
0.41186646,0.41186646
0.3866319,0.3866319
0.41460586,0.41460586
0.4011423,0.4011423
0.4952104,0.4952104
0.3801354,0.3801354
0.5686411,0.5686411
0.61388505,0.61388505
0.50247437,0.50247437
0.4003688,0.4003688
0.6049319,0.6049319
0.58673173,0.58673173
0.5065681,0.5065681
0.5874374,0.5874374
0.59987414,0.59987414
0.42968282,0.42968282
0.4378773,0.4378773
0.38288528,0.38288528
0.41810462,0.41810462
0.5571013,0.5571013
0.51583517,0.51583517
0.57942975,0.57942975
0.51718795,0.51718795
0.34497875,0.34497875
0.44360697,0.44360697
0.3584361,0.3584361
0.51345795,0.51345795
0.6014534,0.6014534
0.61033046,0.61033046
0.621739,0.621739
0.6061262,0.6061262
0.6271314,0.6271314
0.6013971,0.6013971
0.6248149,0.6248149
0.60995513,0.60995513
0.5987613,0.5987613
0.60857016,0.60857016
0.6186388,0.6186388
0.6064292,0.6064292
0.6482618,0.6482618
0.66004497,0.66004497
0.65434545,0.65434545
0.6106058,0.6106058
0.5749037,0.5749037
0.59854877,0.59854877
0.62693644,0.62693644
0.670251,0.670251
0.5930117,0.5930117
0.5827653,0.5827653
0.60761833,0.60761833
0.6075522,0.6075522
0.60655916,0.60655916
0.5939395,0.5939395
0.6306741,0.6306741
0.6063261,0.6063261
0.6198424,0.6198424
0.61057174,0.61057174
0.5969068,0.5969068
0.60324895,0.60324895
0.5763343,0.5763343
0.58009857,0.58009857
0.61562204,0.61562204
0.6406996,0.6406996
0.5877999,0.5877999
0.59881824,0.59881824
0.63372755,0.63372755
0.6423783,0.6423783
0.59341174,0.59341174
0.59516984,0.59516984
0.6233966,0.6233966
0.60762113,0.60762113
0.6092311,0.6092311
0.599871,0.599871
0.61578023,0.61578023
0.5898814,0.5898814
0.5907211,0.5907211
0.59374636,0.59374636
0.62036896,0.62036896
0.578734,0.578734
0.58983606,0.58983606
0.60896075,0.60896075
0.59045506,0.59045506
0.5914388,0.5914388
0.612544,0.612544
0.61744505,0.61744505
0.549794,0.549794
0.636895,0.636895
0.6951369,0.6951369
0.48661536,0.48661536
0.45459324,0.45459324
0.5092094,0.5092094
0.49505082,0.49505082
0.49940422,0.49940422
0.43426216,0.43426216
0.39574146,0.39574146
0.45108768,0.45108768
0.48315266,0.48315266
0.46243235,0.46243235
0.50828075,0.50828075
0.42239577,0.42239577
0.47390965,0.47390965
0.42881188,0.42881188
0.44902924,0.44902924
0.43942985,0.43942985
0.6102763,0.6102763
0.61667305,0.61667305
0.6277338,0.6277338
0.6405469,0.6405469
0.63005304,0.63005304
0.6595646,0.6595646
0.61731446,0.61731446
0.6341662,0.6341662
0.5980316,0.5980316
0.62769294,0.62769294
0.61900955,0.61900955
0.62902206,0.62902206
0.5721939,0.5721939
0.5798676,0.5798676
0.58626145,0.58626145
0.6095951,0.6095951
0.5920324,0.5920324
0.6102422,0.6102422
0.58983356,0.58983356
0.59740454,0.59740454
0.58377385,0.58377385
0.6486198,0.6486198
0.6495871,0.6495871
0.56317884,0.56317884
0.59942406,0.59942406
0.5994295,0.5994295
0.5774277,0.5774277
0.5965667,0.5965667
0.62148374,0.62148374
0.6218492,0.6218492
0.5542116,0.5542116
0.58561045,0.58561045
0.59410983,0.59410983
0.5870924,0.5870924
0.6168896,0.6168896
0.6073211,0.6073211
0.59846246,0.59846246
0.60299,0.60299
0.63704133,0.63704133
0.59781396,0.59781396
0.62391174,0.62391174
0.6219409,0.6219409
0.6123664,0.6123664
0.58340955,0.58340955
0.5423279,0.5423279
0.5825422,0.5825422
0.6150203,0.6150203
0.61047804,0.61047804
0.5974112,0.5974112
0.5926585,0.5926585
0.5944945,0.5944945
0.61121416,0.61121416
0.6187265,0.6187265
0.61261225,0.61261225
0.61805314,0.61805314
0.62916636,0.62916636
0.6063169,0.6063169
0.6273072,0.6273072
0.61396927,0.61396927
0.5955836,0.5955836
0.60282505,0.60282505
0.6157836,0.6157836
0.54538065,0.54538065
0.62619835,0.62619835
0.592591,0.592591
0.63675475,0.63675475
0.5670581,0.5670581
0.5877621,0.5877621
0.6279426,0.6279426
0.570889,0.570889
0.6257181,0.6257181
0.62810594,0.62810594
0.63887423,0.63887423
0.64446914,0.64446914
0.66599935,0.66599935
0.64681584,0.64681584
0.6054264,0.6054264
0.6304063,0.6304063
0.6157552,0.6157552
0.65547574,0.65547574
0.6208027,0.6208027
0.60620534,0.60620534
0.63142866,0.63142866
0.5706131,0.5706131
0.6133733,0.6133733
0.5809264,0.5809264
0.63582665,0.63582665
0.6190956,0.6190956
0.57025236,0.57025236
0.6318123,0.6318123
0.62070405,0.62070405
0.5933618,0.5933618
0.6262811,0.6262811
0.57862294,0.57862294
0.5734842,0.5734842
0.498419,0.498419
0.46712425,0.46712425
0.4676671,0.4676671
0.43185815,0.43185815
0.52957124,0.52957124
0.48955017,0.48955017
0.51850116,0.51850116
0.481656,0.481656
0.48292327,0.48292327
0.5004886,0.5004886
0.47928852,0.47928852
0.559936,0.559936
0.42431214,0.42431214
0.46203735,0.46203735
0.48623773,0.48623773
0.49261823,0.49261823
0.5864128,0.5864128
0.5738867,0.5738867
0.5647072,0.5647072
0.61609966,0.61609966
0.53594095,0.53594095
0.4478082,0.4478082
0.41512948,0.41512948
0.5468342,0.5468342
0.599543,0.599543
0.5422869,0.5422869
0.5504655,0.5504655
0.37357816,0.37357816
0.45971376,0.45971376
0.45979235,0.45979235
0.45330256,0.45330256
0.4103505,0.4103505
0.65747833,0.65747833
0.6602789,0.6602789
0.62736064,0.62736064
0.61657536,0.61657536
0.6312357,0.6312357
0.60347223,0.60347223
0.6157497,0.6157497
0.60150087,0.60150087
0.61074954,0.61074954
0.678052,0.678052
0.6242125,0.6242125
0.63844943,0.63844943
0.6255723,0.6255723
0.57136995,0.57136995
0.6227692,0.6227692
0.63771987,0.63771987
0.6107907,0.6107907
0.6151244,0.6151244
0.59249914,0.59249914
0.61489385,0.61489385
0.6196877,0.6196877
0.6384499,0.6384499
0.5770624,0.5770624
0.6327626,0.6327626
0.65987957,0.65987957
0.61269104,0.61269104
0.6114077,0.6114077
0.61622524,0.61622524
0.62215364,0.62215364
0.6461169,0.6461169
0.6398615,0.6398615
0.60976064,0.60976064
0.61402214,0.61402214
0.60323364,0.60323364
0.6208973,0.6208973
0.59417915,0.59417915
0.6124633,0.6124633
0.60445905,0.60445905
0.5771524,0.5771524
0.6072587,0.6072587
0.65607744,0.65607744
0.6164274,0.6164274
0.62597936,0.62597936
0.6281959,0.6281959
0.6057268,0.6057268
0.62579817,0.62579817
0.62894475,0.62894475
0.61859596,0.61859596
0.6154187,0.6154187
0.6113877,0.6113877
0.57889956,0.57889956
0.6256273,0.6256273
0.621603,0.621603
0.612093,0.612093
0.6058154,0.6058154
0.57263136,0.57263136
0.5858001,0.5858001
0.5897911,0.5897911
0.61995053,0.61995053
0.5920893,0.5920893
0.6043145,0.6043145
0.58800936,0.58800936
0.53727496,0.53727496
0.5981938,0.5981938
0.6271906,0.6271906
0.63599306,0.63599306
0.5663972,0.5663972
0.61723167,0.61723167
0.5905554,0.5905554
0.5841375,0.5841375
0.6621676,0.6621676
0.59794796,0.59794796
0.625134,0.625134
0.57266575,0.57266575
0.62560433,0.62560433
0.62453026,0.62453026
0.6176738,0.6176738
0.60638785,0.60638785
0.6020978,0.6020978
0.5584559,0.5584559
0.5980133,0.5980133
0.6251065,0.6251065
0.59231293,0.59231293
0.62886846,0.62886846
0.607726,0.607726
0.605741,0.605741
0.6277345,0.6277345
0.6147797,0.6147797
0.58161217,0.58161217
0.6203677,0.6203677
0.63654625,0.63654625
0.61832607,0.61832607
0.6120578,0.6120578
0.6296086,0.6296086
0.5671115,0.5671115
0.59147936,0.59147936
0.631948,0.631948
0.6490834,0.6490834
0.6902563,0.6902563
0.595355,0.595355
0.6047349,0.6047349
0.5981125,0.5981125
0.57761586,0.57761586
0.59369355,0.59369355
0.6255346,0.6255346
0.5750236,0.5750236
0.59659874,0.59659874
0.6441316,0.6441316
0.6083249,0.6083249
0.5203827,0.5203827
0.5894326,0.5894326
0.6087115,0.6087115
0.6209717,0.6209717
0.6047861,0.6047861
0.60801035,0.60801035
0.5915548,0.5915548
0.57297266,0.57297266
0.569591,0.569591
0.64634645,0.64634645
0.5842666,0.5842666
0.6067078,0.6067078
0.56613576,0.56613576
0.6060698,0.6060698
0.629747,0.629747
0.60733294,0.60733294
0.6407176,0.6407176
0.567771,0.567771
0.6112837,0.6112837
0.5875424,0.5875424
0.41103908,0.41103908
0.46320063,0.46320063
0.45707563,0.45707563
0.5882319,0.5882319
0.6125141,0.6125141
0.44025987,0.44025987
0.46030283,0.46030283
0.53491557,0.53491557
0.47083572,0.47083572
0.49668396,0.49668396
0.39226267,0.39226267
0.37902924,0.37902924
0.3879385,0.3879385
0.6361339,0.6361339
0.61768574,0.61768574
0.60086304,0.60086304
0.5920354,0.5920354
0.5737483,0.5737483
0.612138,0.612138
0.65282625,0.65282625
0.5936066,0.5936066
0.57951057,0.57951057
0.5999427,0.5999427
0.5276597,0.5276597
0.4573033,0.4573033
0.43017104,0.43017104
0.484243,0.484243
0.5112427,0.5112427
0.47912526,0.47912526
0.46002233,0.46002233
0.5001834,0.5001834
0.43070424,0.43070424
0.50980866,0.50980866
0.56157523,0.56157523
0.3914357,0.3914357
0.38774619,0.38774619
0.39721295,0.39721295
0.40103668,0.40103668
0.3363993,0.3363993
0.38000488,0.38000488
0.4155249,0.4155249
0.453163,0.453163
0.5608836,0.5608836
0.59182787,0.59182787
0.60534495,0.60534495
0.6793769,0.6793769
0.6035031,0.6035031
0.58135027,0.58135027
0.6498173,0.6498173
0.44181496,0.44181496
0.44412246,0.44412246
0.4637994,0.4637994
0.53641015,0.53641015
0.5634665,0.5634665
0.45073158,0.45073158
0.46025774,0.46025774
0.44124103,0.44124103
0.40685883,0.40685883
0.45931503,0.45931503
0.60266876,0.60266876
0.67980695,0.67980695
0.636048,0.636048
0.6291888,0.6291888
0.41324618,0.41324618
0.5104231,0.5104231
0.36899948,0.36899948
0.61067796,0.61067796
0.6423554,0.6423554
0.6738065,0.6738065
0.6086306,0.6086306
0.66038716,0.66038716
0.6426256,0.6426256
0.6450077,0.6450077
0.4349603,0.4349603
0.44892147,0.44892147
0.4383575,0.4383575
0.39928815,0.39928815
0.4322156,0.4322156
0.46547207,0.46547207
0.43155923,0.43155923
0.47994485,0.47994485
0.41068524,0.41068524
0.47802484,0.47802484
0.62709427,0.62709427
0.5910744,0.5910744
0.667593,0.667593
0.6077515,0.6077515
0.61482096,0.61482096
0.6106737,0.6106737
0.5580583,0.5580583
0.5793753,0.5793753
0.60097885,0.60097885
0.618425,0.618425
0.5993608,0.5993608
0.63662463,0.63662463
0.62423676,0.62423676
0.62519246,0.62519246
0.6117323,0.6117323
0.6056877,0.6056877
0.6178925,0.6178925
0.60390985,0.60390985
0.5691432,0.5691432
0.47123224,0.47123224
0.46987337,0.46987337
0.48571694,0.48571694
0.43093538,0.43093538
0.4509487,0.4509487
0.41280636,0.41280636
0.62091994,0.62091994
0.6168794,0.6168794
0.5800327,0.5800327
0.5322764,0.5322764
0.426185,0.426185
0.4270389,0.4270389
0.45466164,0.45466164
0.4197653,0.4197653
0.4376736,0.4376736
0.50321037,0.50321037
0.53110105,0.53110105
0.5969005,0.5969005
0.5805729,0.5805729
0.46107695,0.46107695
0.3983528,0.3983528
0.482652,0.482652
0.45335442,0.45335442
0.5694323,0.5694323
0.5915674,0.5915674
0.3179578,0.3179578
0.4326091,0.4326091
0.4772787,0.4772787
0.48891944,0.48891944
0.35853797,0.35853797
0.40713724,0.40713724
0.46870273,0.46870273
0.6395879,0.6395879
0.58887,0.58887
0.6186099,0.6186099
0.46986935,0.46986935
0.48942974,0.48942974
0.4856236,0.4856236
0.50968754,0.50968754
0.4894131,0.4894131
0.49783143,0.49783143
0.64761883,0.64761883
0.61393124,0.61393124
0.57515365,0.57515365
0.4434333,0.4434333
0.3865298,0.3865298
0.46205524,0.46205524
0.4328627,0.4328627
0.4667467,0.4667467
0.4740216,0.4740216
0.4606261,0.4606261
0.5054603,0.5054603
0.43858486,0.43858486
0.59639084,0.59639084
0.6006388,0.6006388
0.60562414,0.60562414
0.59053856,0.59053856
0.3960061,0.3960061
0.40068007,0.40068007
0.4504477,0.4504477
0.5167416,0.5167416
0.61533165,0.61533165
0.6121931,0.6121931
0.60804725,0.60804725
0.5390865,0.5390865
0.554551,0.554551
0.4339195,0.4339195
0.4696288,0.4696288
0.47683573,0.47683573
0.475441,0.475441
0.6665032,0.6665032
0.5423043,0.5423043
0.6458272,0.6458272
0.7045602,0.7045602
0.55301327,0.55301327
0.5778421,0.5778421
0.60493124,0.60493124
0.6215254,0.6215254
0.6188495,0.6188495
0.590217,0.590217
0.5291254,0.5291254
0.4072952,0.4072952
0.43567565,0.43567565
0.40418288,0.40418288
0.40022078,0.40022078
0.42446855,0.42446855
0.40034387,0.40034387
0.44110894,0.44110894
0.40489876,0.40489876
0.5689421,0.5689421
0.60890615,0.60890615
0.59882534,0.59882534
0.5581017,0.5581017
0.63592714,0.63592714
0.6027545,0.6027545
0.5858576,0.5858576
0.4222096,0.4222096
0.47444308,0.47444308
0.5111893,0.5111893
0.43510985,0.43510985
0.5694873,0.5694873
0.6012391,0.6012391
0.5783213,0.5783213
0.629431,0.629431
0.475806,0.475806
0.38704368,0.38704368
0.46916124,0.46916124
0.4420115,0.4420115
0.441677,0.441677
0.4721057,0.4721057
0.46783483,0.46783483
0.46863103,0.46863103
0.48469278,0.48469278
0.45882636,0.45882636
0.5069481,0.5069481
0.50821894,0.50821894
0.61217237,0.61217237
0.6267918,0.6267918
0.5996342,0.5996342
0.6027327,0.6027327
0.638984,0.638984
0.58981395,0.58981395
0.61981994,0.61981994
0.6001373,0.6001373
0.57518786,0.57518786
0.59444356,0.59444356
0.6070453,0.6070453
0.6287965,0.6287965
0.5984083,0.5984083
0.5969934,0.5969934
0.61887753,0.61887753
0.5731211,0.5731211
0.55876285,0.55876285
0.58482933,0.58482933
0.55049306,0.55049306
0.6302413,0.6302413
0.6032751,0.6032751
0.62695706,0.62695706
0.5893517,0.5893517
0.6724295,0.6724295
0.60841537,0.60841537
0.6257519,0.6257519
0.4993764,0.4993764
0.47509724,0.47509724
0.5235325,0.5235325
0.49259043,0.49259043
0.49258134,0.49258134
0.45935017,0.45935017
0.42103323,0.42103323
0.597379,0.597379
0.60180223,0.60180223
0.57785356,0.57785356
0.58258057,0.58258057
0.56104827,0.56104827
0.6030838,0.6030838
0.6534425,0.6534425
0.58337355,0.58337355
0.55379015,0.55379015
0.54754746,0.54754746
0.57975733,0.57975733
0.59391207,0.59391207
0.60509723,0.60509723
0.6012356,0.6012356
0.5904951,0.5904951
0.61521494,0.61521494
0.6004923,0.6004923
0.61849976,0.61849976
0.6166056,0.6166056
0.5534723,0.5534723
0.61011887,0.61011887
0.60386854,0.60386854
0.5977049,0.5977049
0.6105317,0.6105317
0.57057726,0.57057726
0.6200535,0.6200535
0.5475637,0.5475637
0.5960797,0.5960797
0.5211906,0.5211906
0.5781638,0.5781638
0.60064936,0.60064936
0.5022168,0.5022168
0.64436966,0.64436966
0.551067,0.551067
0.50937486,0.50937486
0.47273326,0.47273326
0.4288194,0.4288194
0.46438348,0.46438348
0.460093,0.460093
0.4342354,0.4342354
0.49617967,0.49617967
0.46024647,0.46024647
0.39713416,0.39713416
0.46309763,0.46309763
0.6224044,0.6224044
0.6450778,0.6450778
0.58869076,0.58869076
0.39763433,0.39763433
0.60104126,0.60104126
0.4387129,0.4387129
0.39888322,0.39888322
0.47387683,0.47387683
0.4796729,0.4796729
0.65306705,0.65306705
0.57520074,0.57520074
0.598761,0.598761
0.3877493,0.3877493
0.6480387,0.6480387
0.51854676,0.51854676
0.3455404,0.3455404
0.46730217,0.46730217
0.41129366,0.41129366
0.46465287,0.46465287
0.42853934,0.42853934
0.3861025,0.3861025
0.35931486,0.35931486
0.37942928,0.37942928
0.42019773,0.42019773
0.62172294,0.62172294
0.59392184,0.59392184
0.514779,0.514779
0.6104635,0.6104635
0.63783675,0.63783675
0.6092878,0.6092878
0.5760531,0.5760531
0.55280924,0.55280924
0.51841563,0.51841563
0.5090009,0.5090009
0.44593036,0.44593036
0.43388927,0.43388927
0.53811085,0.53811085
0.59867305,0.59867305
0.4632018,0.4632018
0.43239456,0.43239456
0.44096303,0.44096303
0.48209485,0.48209485
0.5576454,0.5576454
0.57931805,0.57931805
0.64543945,0.64543945
0.5322586,0.5322586
0.58484733,0.58484733
0.5769352,0.5769352
0.57068217,0.57068217
0.4380737,0.4380737
0.37604,0.37604
0.43907174,0.43907174
0.46355602,0.46355602
0.47751796,0.47751796
0.47863108,0.47863108
0.5363744,0.5363744
0.53795284,0.53795284
0.48394915,0.48394915
0.6344453,0.6344453
0.54586715,0.54586715
0.6383074,0.6383074
0.614923,0.614923
0.5450102,0.5450102
0.40974692,0.40974692
0.39340833,0.39340833
0.46497434,0.46497434
0.4481306,0.4481306
0.44125837,0.44125837
0.43607825,0.43607825
0.46417093,0.46417093
0.47020555,0.47020555
0.4901233,0.4901233
0.4437818,0.4437818
0.66119903,0.66119903
0.62077147,0.62077147
0.64878565,0.64878565
0.46927118,0.46927118
0.45613658,0.45613658
0.45309126,0.45309126
0.4403582,0.4403582
0.44051138,0.44051138
0.6339164,0.6339164
0.62283117,0.62283117
0.41955975,0.41955975
0.49179906,0.49179906
0.50872684,0.50872684
0.5081815,0.5081815
0.4984949,0.4984949
0.47462177,0.47462177
0.45679852,0.45679852
0.6764117,0.6764117
0.5473526,0.5473526
0.5205309,0.5205309
0.55958474,0.55958474
0.6161781,0.6161781
0.6137445,0.6137445
0.5961132,0.5961132
0.6122414,0.6122414
0.571539,0.571539
0.5429606,0.5429606
0.508384,0.508384
0.3813945,0.3813945
0.41382885,0.41382885
0.42388237,0.42388237
0.4720338,0.4720338
0.4877241,0.4877241
0.48006594,0.48006594
0.53425694,0.53425694
0.4973402,0.4973402
0.45590323,0.45590323
0.46115506,0.46115506
0.5263098,0.5263098
0.47952703,0.47952703
0.5619475,0.5619475
0.68571895,0.68571895
0.4976484,0.4976484
0.38768926,0.38768926
0.36786646,0.36786646
0.43621856,0.43621856
0.47459716,0.47459716
0.5563496,0.5563496
0.53625214,0.53625214
0.58254945,0.58254945
0.5703111,0.5703111
0.39529827,0.39529827
0.37749803,0.37749803
0.6413451,0.6413451
0.53408325,0.53408325
0.57514304,0.57514304
0.4085487,0.4085487
0.39821985,0.39821985
0.3626699,0.3626699
0.40602744,0.40602744
0.5222467,0.5222467
0.62912464,0.62912464
0.6246901,0.6246901
0.55344135,0.55344135
0.5809204,0.5809204
0.5509582,0.5509582
0.6212164,0.6212164
0.64150834,0.64150834
0.63021374,0.63021374
0.59818155,0.59818155
0.60199726,0.60199726
0.5957581,0.5957581
0.60384643,0.60384643
0.6060663,0.6060663
0.5925849,0.5925849
0.5894787,0.5894787
0.57403713,0.57403713
0.57259053,0.57259053
0.6193741,0.6193741
0.62717324,0.62717324
0.50757265,0.50757265
0.5951581,0.5951581
0.5685453,0.5685453
0.6321563,0.6321563
0.6052745,0.6052745
0.6022446,0.6022446
0.60012466,0.60012466
0.6013352,0.6013352
0.64429545,0.64429545
0.59552246,0.59552246
0.60930383,0.60930383
0.59551466,0.59551466
0.58399826,0.58399826
0.6316117,0.6316117
0.61169636,0.61169636
0.599716,0.599716
0.64799494,0.64799494
0.68554765,0.68554765
0.6521163,0.6521163
0.5853538,0.5853538
0.5832566,0.5832566
0.5915682,0.5915682
0.6230399,0.6230399
0.60316426,0.60316426
0.60434765,0.60434765
0.61845005,0.61845005
0.6006046,0.6006046
0.6432733,0.6432733
0.6148046,0.6148046
0.6004279,0.6004279
0.5997984,0.5997984
0.5634404,0.5634404
0.52778316,0.52778316
0.52778316,0.52778316
0.52778316,0.52778316
0.52778316,0.52778316
0.52778316,0.52778316
0.52778316,0.52778316
0.52778316,0.52778316
0.52778316,0.52778316
0.52778316,0.52778316
0.52778316,0.52778316
0.52778316,0.52778316
0.52778316,0.52778316
0.52778316,0.52778316
0.5395806,0.5395806
0.6313071,0.6313071
0.678408,0.678408
0.6113649,0.6113649
0.55557597,0.55557597
0.6596076,0.6596076
0.6264744,0.6264744
0.59913146,0.59913146
0.5681861,0.5681861
0.6171504,0.6171504
0.64989775,0.64989775
0.63041997,0.63041997
0.606501,0.606501
0.58904785,0.58904785
0.61968803,0.61968803
0.5878234,0.5878234
0.63141286,0.63141286
0.6609688,0.6609688
0.5965143,0.5965143
0.62273,0.62273
0.6075994,0.6075994
0.61744195,0.61744195
0.6008563,0.6008563
0.5987031,0.5987031
0.6174179,0.6174179
0.5810702,0.5810702
0.5909132,0.5909132
0.60929143,0.60929143
0.5921457,0.5921457
0.6224098,0.6224098
0.60149837,0.60149837
0.58849996,0.58849996
0.6421399,0.6421399
0.6827523,0.6827523
0.6107718,0.6107718
0.48180866,0.48180866
0.6013178,0.6013178
0.72898847,0.72898847
0.5043159,0.5043159
0.5192341,0.5192341
0.48146597,0.48146597
0.4480486,0.4480486
0.48893958,0.48893958
0.49274737,0.49274737
0.4780033,0.4780033
0.46876198,0.46876198
0.47932866,0.47932866
0.43733513,0.43733513
0.5343283,0.5343283
0.52778316,0.52778316
0.52778316,0.52778316
0.52778316,0.52778316
0.52778316,0.52778316
0.52778316,0.52778316
0.52778316,0.52778316
0.52778316,0.52778316
0.52778316,0.52778316
0.52778316,0.52778316
0.52778316,0.52778316
0.52778316,0.52778316
0.52778316,0.52778316
0.52778316,0.52778316
0.52778316,0.52778316
0.52778316,0.52778316
0.52778316,0.52778316
0.52778316,0.52778316
0.52778316,0.52778316
0.52778316,0.52778316
0.52778316,0.52778316
0.52778316,0.52778316
0.52778316,0.52778316
0.52778316,0.52778316
0.52778316,0.52778316
0.52778316,0.52778316
0.52778316,0.52778316
0.52778316,0.52778316
0.52778316,0.52778316
0.52778316,0.52778316
0.52778316,0.52778316
0.52778316,0.52778316
0.52778316,0.52778316
0.52778316,0.52778316
0.52778316,0.52778316
0.52778316,0.52778316
0.52778316,0.52778316
0.52778316,0.52778316
0.52778316,0.52778316
0.52778316,0.52778316
0.52778316,0.52778316
0.52778316,0.52778316
0.52778316,0.52778316
0.52778316,0.52778316
0.52778316,0.52778316
0.52778316,0.52778316
0.52778316,0.52778316
0.52778316,0.52778316
0.52778316,0.52778316
0.52778316,0.52778316
0.52778316,0.52778316
0.52778316,0.52778316
0.52778316,0.52778316
0.52778316,0.52778316
0.52778316,0.52778316
0.52778316,0.52778316
0.52778316,0.52778316
0.52778316,0.52778316
0.52778316,0.52778316
0.52778316,0.52778316
0.52778316,0.52778316
0.52778316,0.52778316
0.52778316,0.52778316
0.52778316,0.52778316
0.52778316,0.52778316
0.52778316,0.52778316
0.52778316,0.52778316
0.52778316,0.52778316
0.52778316,0.52778316
0.52778316,0.52778316
0.52778316,0.52778316
0.52778316,0.52778316
0.52778316,0.52778316
0.52778316,0.52778316
0.52778316,0.52778316
0.52778316,0.52778316
0.52778316,0.52778316
0.52778316,0.52778316
0.52778316,0.52778316
0.52778316,0.52778316
0.52778316,0.52778316
0.52778316,0.52778316
0.52778316,0.52778316
0.52778316,0.52778316
0.52778316,0.52778316
0.52778316,0.52778316
0.52778316,0.52778316
0.52778316,0.52778316
0.4138179,0.4138179
0.49132732,0.49132732
0.4482933,0.4482933
0.43938315,0.43938315
0.44763482,0.44763482
0.4556108,0.4556108
0.46973747,0.46973747
0.4448304,0.4448304
0.4867505,0.4867505
0.44172174,0.44172174
0.49077177,0.49077177
0.49092373,0.49092373
0.44745392,0.44745392
0.44588757,0.44588757
0.4292149,0.4292149
0.47615674,0.47615674
0.4399647,0.4399647
0.52270764,0.52270764
0.52778316,0.52778316
0.52778316,0.52778316
0.52778316,0.52778316
0.52778316,0.52778316
0.52778316,0.52778316
0.52778316,0.52778316
0.52778316,0.52778316
0.52778316,0.52778316
0.52778316,0.52778316
0.52778316,0.52778316
0.52778316,0.52778316
0.52778316,0.52778316
0.52778316,0.52778316
0.52778316,0.52778316
0.52778316,0.52778316
0.52778316,0.52778316
0.52778316,0.52778316
0.52778316,0.52778316
0.52778316,0.52778316
0.52778316,0.52778316
0.52778316,0.52778316
0.52778316,0.52778316
0.52778316,0.52778316
0.52778316,0.52778316
0.52778316,0.52778316
0.52778316,0.52778316
0.52778316,0.52778316
0.52778316,0.52778316
0.52778316,0.52778316
0.52778316,0.52778316
0.52778316,0.52778316
0.52778316,0.52778316
0.52778316,0.52778316
0.52778316,0.52778316
0.52778316,0.52778316
0.52778316,0.52778316
0.52778316,0.52778316
0.52778316,0.52778316
0.52778316,0.52778316
0.52778316,0.52778316
0.52778316,0.52778316
0.52778316,0.52778316
0.52778316,0.52778316
0.52778316,0.52778316
0.52778316,0.52778316
0.52778316,0.52778316
0.52778316,0.52778316
0.52778316,0.52778316
0.52778316,0.52778316
0.52778316,0.52778316
0.52778316,0.52778316
0.52778316,0.52778316
0.52778316,0.52778316
0.52778316,0.52778316
0.52778316,0.52778316
0.52778316,0.52778316
0.52778316,0.52778316
0.52778316,0.52778316
0.52778316,0.52778316
0.52778316,0.52778316
0.52778316,0.52778316
0.52778316,0.52778316
0.52778316,0.52778316
0.52778316,0.52778316
0.52778316,0.52778316
0.52778316,0.52778316
0.52778316,0.52778316
0.52778316,0.52778316
0.52778316,0.52778316
0.52778316,0.52778316
0.52778316,0.52778316
0.52778316,0.52778316
0.52778316,0.52778316
0.52778316,0.52778316
0.52778316,0.52778316
0.52778316,0.52778316
0.52778316,0.52778316
0.52778316,0.52778316
0.52778316,0.52778316
0.52778316,0.52778316
0.52778316,0.52778316
0.52778316,0.52778316
0.52778316,0.52778316
0.52778316,0.52778316
0.52778316,0.52778316
0.52778316,0.52778316
0.52778316,0.52778316
0.52778316,0.52778316
0.52778316,0.52778316
0.52778316,0.52778316
0.52778316,0.52778316
0.52778316,0.52778316
0.52778316,0.52778316
0.52778316,0.52778316
0.52778316,0.52778316
0.52778316,0.52778316
0.52778316,0.52778316
0.52778316,0.52778316
0.52778316,0.52778316
0.52778316,0.52778316
0.52778316,0.52778316
0.52778316,0.52778316
0.52778316,0.52778316
0.52778316,0.52778316
0.52778316,0.52778316
0.52778316,0.52778316
0.52778316,0.52778316
0.52778316,0.52778316
0.52778316,0.52778316
0.52778316,0.52778316
0.52778316,0.52778316
0.52778316,0.52778316
0.52778316,0.52778316
0.52778316,0.52778316
0.52778316,0.52778316
0.52778316,0.52778316
0.52778316,0.52778316
0.52778316,0.52778316
0.52778316,0.52778316
0.52778316,0.52778316
0.52778316,0.52778316
0.52778316,0.52778316
0.52778316,0.52778316
0.52778316,0.52778316
0.52778316,0.52778316
0.52778316,0.52778316
0.52778316,0.52778316
0.52778316,0.52778316
0.52778316,0.52778316
0.52778316,0.52778316
0.52778316,0.52778316
0.52778316,0.52778316
0.52778316,0.52778316
0.52778316,0.52778316
0.52778316,0.52778316
0.52778316,0.52778316
0.52778316,0.52778316
0.52778316,0.52778316
0.52778316,0.52778316
0.52778316,0.52778316
0.52778316,0.52778316
0.52778316,0.52778316
0.52778316,0.52778316
0.52778316,0.52778316
0.52778316,0.52778316
0.52778316,0.52778316
0.52778316,0.52778316
0.52778316,0.52778316
0.52778316,0.52778316
0.52778316,0.52778316
0.52778316,0.52778316
0.52778316,0.52778316
0.52778316,0.52778316
0.52778316,0.52778316
0.52778316,0.52778316
0.52778316,0.52778316
0.52778316,0.52778316
0.52778316,0.52778316
0.52778316,0.52778316
0.52778316,0.52778316
0.52778316,0.52778316
0.52778316,0.52778316
0.52778316,0.52778316
0.52778316,0.52778316
0.52778316,0.52778316
0.52778316,0.52778316
0.52778316,0.52778316
0.52778316,0.52778316
0.52778316,0.52778316
0.52778316,0.52778316
0.52778316,0.52778316
0.52778316,0.52778316
0.52778316,0.52778316
0.52778316,0.52778316
0.52778316,0.52778316
0.52778316,0.52778316
0.52778316,0.52778316
0.52778316,0.52778316
0.52778316,0.52778316
0.52778316,0.52778316
0.52778316,0.52778316
0.52778316,0.52778316
0.52778316,0.52778316
0.52778316,0.52778316
0.52778316,0.52778316
0.52778316,0.52778316
0.52778316,0.52778316
0.52778316,0.52778316
0.52778316,0.52778316
0.52778316,0.52778316
0.52778316,0.52778316
0.52778316,0.52778316
0.52778316,0.52778316
0.52778316,0.52778316
0.52778316,0.52778316
0.52778316,0.52778316
0.52778316,0.52778316
0.52778316,0.52778316
0.52778316,0.52778316
0.52778316,0.52778316
0.52778316,0.52778316
0.52778316,0.52778316
0.52778316,0.52778316
0.52778316,0.52778316
0.52778316,0.52778316
0.52778316,0.52778316
0.52778316,0.52778316
0.52778316,0.52778316
0.52778316,0.52778316
0.52778316,0.52778316
0.52778316,0.52778316
0.52778316,0.52778316
0.52778316,0.52778316
0.52778316,0.52778316
0.52778316,0.52778316
0.52778316,0.52778316
0.52778316,0.52778316
0.52778316,0.52778316
0.52778316,0.52778316
0.52778316,0.52778316
0.52778316,0.52778316
0.52778316,0.52778316
0.52778316,0.52778316
0.52778316,0.52778316
0.52778316,0.52778316
0.52778316,0.52778316
0.52778316,0.52778316
0.52778316,0.52778316
0.52778316,0.52778316
0.52778316,0.52778316
0.52778316,0.52778316
0.52778316,0.52778316
0.52778316,0.52778316
0.52778316,0.52778316
0.52778316,0.52778316
0.52778316,0.52778316
0.52778316,0.52778316
0.52778316,0.52778316
0.52778316,0.52778316
0.52778316,0.52778316
0.52778316,0.52778316
0.52778316,0.52778316
0.52778316,0.52778316
0.52778316,0.52778316
0.52778316,0.52778316
0.52778316,0.52778316
0.52778316,0.52778316
0.52778316,0.52778316
0.52778316,0.52778316
0.52778316,0.52778316
0.52778316,0.52778316
0.52778316,0.52778316
0.52778316,0.52778316
0.52778316,0.52778316
0.52778316,0.52778316
0.52778316,0.52778316
0.52778316,0.52778316
0.52778316,0.52778316
0.52778316,0.52778316
0.52778316,0.52778316
0.52778316,0.52778316
0.52778316,0.52778316
0.52778316,0.52778316
0.52778316,0.52778316
0.52778316,0.52778316
0.52778316,0.52778316
0.52778316,0.52778316
0.52778316,0.52778316
0.52778316,0.52778316
0.52778316,0.52778316
0.52778316,0.52778316
0.52778316,0.52778316
0.52778316,0.52778316
0.52778316,0.52778316
0.52778316,0.52778316
0.52778316,0.52778316
0.52778316,0.52778316
0.52778316,0.52778316
0.52778316,0.52778316
0.52778316,0.52778316
0.52778316,0.52778316
0.52778316,0.52778316
0.52778316,0.52778316
0.52778316,0.52778316
0.52778316,0.52778316
0.52778316,0.52778316
0.52778316,0.52778316
0.52778316,0.52778316
0.52778316,0.52778316
0.52778316,0.52778316
0.52778316,0.52778316
0.52778316,0.52778316
0.52778316,0.52778316
0.52778316,0.52778316
0.52778316,0.52778316
0.52778316,0.52778316
0.52778316,0.52778316
0.52778316,0.52778316
0.52778316,0.52778316
0.52778316,0.52778316
0.52778316,0.52778316
0.52778316,0.52778316
0.52778316,0.52778316
0.52778316,0.52778316
0.52778316,0.52778316
0.52778316,0.52778316
0.52778316,0.52778316
0.52778316,0.52778316
0.52778316,0.52778316
0.52778316,0.52778316
0.52778316,0.52778316
0.52778316,0.52778316
0.52778316,0.52778316
0.52778316,0.52778316
0.52778316,0.52778316
0.52778316,0.52778316
0.52778316,0.52778316
0.52778316,0.52778316
0.52778316,0.52778316
0.52778316,0.52778316
0.52778316,0.52778316
0.52778316,0.52778316
0.52778316,0.52778316
0.52778316,0.52778316
0.52778316,0.52778316
0.52778316,0.52778316
0.52778316,0.52778316
0.52778316,0.52778316
0.52778316,0.52778316
0.52778316,0.52778316
0.52778316,0.52778316
0.52778316,0.52778316
0.52778316,0.52778316
0.52778316,0.52778316
0.52778316,0.52778316
0.52778316,0.52778316
0.52778316,0.52778316
0.52778316,0.52778316
0.52778316,0.52778316
0.52778316,0.52778316
0.52778316,0.52778316
0.52778316,0.52778316
0.52778316,0.52778316
0.52778316,0.52778316
0.52778316,0.52778316
0.52778316,0.52778316
0.52778316,0.52778316
0.52778316,0.52778316
0.52778316,0.52778316
0.52778316,0.52778316
0.52778316,0.52778316
0.52778316,0.52778316
0.52778316,0.52778316
0.52778316,0.52778316
0.52778316,0.52778316
0.52778316,0.52778316
0.52778316,0.52778316
0.52778316,0.52778316
0.52778316,0.52778316
0.52778316,0.52778316
0.52778316,0.52778316
0.52778316,0.52778316
0.52778316,0.52778316
0.52778316,0.52778316
0.52778316,0.52778316
0.52778316,0.52778316
0.52778316,0.52778316
0.52778316,0.52778316
0.52778316,0.52778316
0.52778316,0.52778316
0.52778316,0.52778316
0.52778316,0.52778316
0.52778316,0.52778316
0.52778316,0.52778316
0.52778316,0.52778316
0.52778316,0.52778316
0.52778316,0.52778316
0.52778316,0.52778316
0.52778316,0.52778316
0.52778316,0.52778316
0.52778316,0.52778316
0.52778316,0.52778316
0.52778316,0.52778316
0.52778316,0.52778316
0.52778316,0.52778316
0.52778316,0.52778316
0.52778316,0.52778316
0.52778316,0.52778316
0.52778316,0.52778316
0.52778316,0.52778316
0.52778316,0.52778316
0.52778316,0.52778316
0.52778316,0.52778316
0.52778316,0.52778316
0.52778316,0.52778316
0.52778316,0.52778316
0.52778316,0.52778316
0.52778316,0.52778316
0.52778316,0.52778316
0.52778316,0.52778316
0.52778316,0.52778316
0.52778316,0.52778316
0.52778316,0.52778316
0.52778316,0.52778316
0.52778316,0.52778316
0.52778316,0.52778316
0.52778316,0.52778316
0.52778316,0.52778316
0.52778316,0.52778316
0.52778316,0.52778316
0.52778316,0.52778316
0.52778316,0.52778316
0.52778316,0.52778316
0.52778316,0.52778316
0.52778316,0.52778316
0.52778316,0.52778316
0.52778316,0.52778316
0.52778316,0.52778316
0.52778316,0.52778316
0.52778316,0.52778316
0.52778316,0.52778316
0.52778316,0.52778316
0.52778316,0.52778316
0.52778316,0.52778316
0.52778316,0.52778316
0.52778316,0.52778316
0.52778316,0.52778316
0.52778316,0.52778316
0.52778316,0.52778316
0.52778316,0.52778316
0.52778316,0.52778316
0.52778316,0.52778316
0.52778316,0.52778316
0.52778316,0.52778316
0.52778316,0.52778316
0.52778316,0.52778316
0.52778316,0.52778316
0.52778316,0.52778316
0.52778316,0.52778316
0.52778316,0.52778316
0.52778316,0.52778316
0.52778316,0.52778316
0.52778316,0.52778316
0.52778316,0.52778316
0.52778316,0.52778316
0.52778316,0.52778316
0.52778316,0.52778316
0.52778316,0.52778316
0.52778316,0.52778316
0.52778316,0.52778316
0.52778316,0.52778316
0.52778316,0.52778316
0.52778316,0.52778316
0.52778316,0.52778316
0.52778316,0.52778316
0.52778316,0.52778316
0.52778316,0.52778316
0.52778316,0.52778316
0.52778316,0.52778316
0.52778316,0.52778316
0.52778316,0.52778316
0.52778316,0.52778316
0.52778316,0.52778316
0.52778316,0.52778316
0.52778316,0.52778316
0.52778316,0.52778316
0.52778316,0.52778316
0.52778316,0.52778316
0.52778316,0.52778316
0.52778316,0.52778316
0.52778316,0.52778316
0.52778316,0.52778316
0.52778316,0.52778316
0.52778316,0.52778316
0.52778316,0.52778316
0.52778316,0.52778316
0.52778316,0.52778316
0.52778316,0.52778316
0.52778316,0.52778316
0.52778316,0.52778316
0.52778316,0.52778316
0.52778316,0.52778316
0.52778316,0.52778316
0.52778316,0.52778316
0.52778316,0.52778316
0.52778316,0.52778316
0.52778316,0.52778316
0.52778316,0.52778316
0.52778316,0.52778316
0.52778316,0.52778316
0.52778316,0.52778316
0.52778316,0.52778316
0.52778316,0.52778316
0.52778316,0.52778316
0.52778316,0.52778316
0.52778316,0.52778316
0.52778316,0.52778316
0.52778316,0.52778316
0.52778316,0.52778316
0.52778316,0.52778316
0.52778316,0.52778316
0.52778316,0.52778316
0.52778316,0.52778316
0.52778316,0.52778316
0.52778316,0.52778316
0.52778316,0.52778316
0.52778316,0.52778316
0.52778316,0.52778316
0.52778316,0.52778316
0.52778316,0.52778316
0.52778316,0.52778316
0.52778316,0.52778316
0.52778316,0.52778316
0.52778316,0.52778316
0.52778316,0.52778316
0.52778316,0.52778316
0.52778316,0.52778316
0.52778316,0.52778316
0.52778316,0.52778316
0.52778316,0.52778316
0.52778316,0.52778316
0.52778316,0.52778316
0.52778316,0.52778316
0.52778316,0.52778316
0.52778316,0.52778316
0.52778316,0.52778316
0.52778316,0.52778316
0.52778316,0.52778316
0.52778316,0.52778316
0.52778316,0.52778316
0.52778316,0.52778316
0.52778316,0.52778316
0.52778316,0.52778316
0.52778316,0.52778316
0.52778316,0.52778316
0.52778316,0.52778316
0.52778316,0.52778316
0.52778316,0.52778316
0.52778316,0.52778316
0.52778316,0.52778316
0.52778316,0.52778316
0.52778316,0.52778316
0.52778316,0.52778316
0.52778316,0.52778316
0.52778316,0.52778316
0.52778316,0.52778316
0.52778316,0.52778316
0.52778316,0.52778316
0.52778316,0.52778316
0.52778316,0.52778316
0.52778316,0.52778316
0.52778316,0.52778316
0.52778316,0.52778316
0.52778316,0.52778316
0.52778316,0.52778316
0.52778316,0.52778316
0.52778316,0.52778316
0.52778316,0.52778316
0.52778316,0.52778316
0.52778316,0.52778316
0.52778316,0.52778316
0.52778316,0.52778316
0.52778316,0.52778316
0.52778316,0.52778316
0.52778316,0.52778316
0.52778316,0.52778316
0.52778316,0.52778316
0.52778316,0.52778316
0.52778316,0.52778316
0.52778316,0.52778316
0.52778316,0.52778316
0.52778316,0.52778316
0.52778316,0.52778316
0.52778316,0.52778316
0.52778316,0.52778316
0.52778316,0.52778316
0.52778316,0.52778316
0.52778316,0.52778316
0.52778316,0.52778316
0.52778316,0.52778316
0.52778316,0.52778316
0.52778316,0.52778316
0.52778316,0.52778316
0.52778316,0.52778316
0.52778316,0.52778316
0.52778316,0.52778316
0.52778316,0.52778316
0.52778316,0.52778316
0.52778316,0.52778316
0.52778316,0.52778316
0.52778316,0.52778316
0.5355829,0.5355829
0.55412716,0.55412716
0.4844144,0.4844144
0.44645214,0.44645214
0.5419984,0.5419984
0.58408326,0.58408326
0.6065703,0.6065703
0.63261986,0.63261986
0.62379277,0.62379277
0.55517215,0.55517215
0.5867822,0.5867822
0.5952463,0.5952463
0.58867055,0.58867055
0.5425737,0.5425737
0.6086479,0.6086479
0.5985221,0.5985221
0.59550977,0.59550977
0.55263764,0.55263764
0.6139633,0.6139633
0.6315607,0.6315607
0.44485018,0.44485018
0.601507,0.601507
0.6167673,0.6167673
0.5810625,0.5810625
0.6120243,0.6120243
0.6013996,0.6013996
0.47944793,0.47944793
0.57360786,0.57360786
0.5574274,0.5574274
0.5237901,0.5237901
0.5097045,0.5097045
0.60496205,0.60496205
0.5663209,0.5663209
0.6106615,0.6106615
0.63494545,0.63494545
0.5837,0.5837
0.6521288,0.6521288
0.5876239,0.5876239
0.6244373,0.6244373
0.6145187,0.6145187
0.62854207,0.62854207
0.6342794,0.6342794
0.6076387,0.6076387
0.61606216,0.61606216
0.62152606,0.62152606
0.64898694,0.64898694
0.58901757,0.58901757
0.57665867,0.57665867
0.62318873,0.62318873
0.56921387,0.56921387
0.54579896,0.54579896
0.48091838,0.48091838
0.54242444,0.54242444
0.47277996,0.47277996
0.5002737,0.5002737
0.4900508,0.4900508
0.5697742,0.5697742
0.4079491,0.4079491
0.5070078,0.5070078
0.6233499,0.6233499
0.4593811,0.4593811
0.4582348,0.4582348
0.6317008,0.6317008
0.6012251,0.6012251
0.65310025,0.65310025
0.4211688,0.4211688
0.49093536,0.49093536
0.49445987,0.49445987
0.5483644,0.5483644
0.5221146,0.5221146
0.47409385,0.47409385
0.6019458,0.6019458
0.6155897,0.6155897
0.5331097,0.5331097
0.49665624,0.49665624
0.5819189,0.5819189
0.5021072,0.5021072
0.54088426,0.54088426
0.46942833,0.46942833
0.48125622,0.48125622
0.60731506,0.60731506
0.5172868,0.5172868
0.5619894,0.5619894
0.54894334,0.54894334
0.62658924,0.62658924
0.5391074,0.5391074
0.517224,0.517224
0.43477264,0.43477264
0.6218665,0.6218665
0.47905767,0.47905767
0.40869513,0.40869513
0.38889027,0.38889027
0.44179487,0.44179487
0.4838958,0.4838958
0.48229608,0.48229608
0.4473925,0.4473925
0.46671572,0.46671572
0.45829064,0.45829064
0.61741835,0.61741835
0.56677276,0.56677276
0.58630586,0.58630586
0.48336622,0.48336622
0.54938513,0.54938513
0.55974746,0.55974746
0.5524535,0.5524535
0.49104953,0.49104953
0.52552944,0.52552944
0.6034511,0.6034511
0.58728236,0.58728236
0.5003526,0.5003526
0.38772362,0.38772362
0.5008352,0.5008352
0.5211547,0.5211547
0.53853476,0.53853476
0.5699157,0.5699157
0.6147864,0.6147864
0.541934,0.541934
0.47745356,0.47745356
0.43248928,0.43248928
0.5992657,0.5992657
0.5114209,0.5114209
0.6131775,0.6131775
0.5764464,0.5764464
0.617999,0.617999
0.62383026,0.62383026
0.6223392,0.6223392
0.58524865,0.58524865
0.61702913,0.61702913
0.59479254,0.59479254
0.6111933,0.6111933
0.5379896,0.5379896
0.5870853,0.5870853
0.6556777,0.6556777
0.6497494,0.6497494
0.59557587,0.59557587
0.6087458,0.6087458
0.58349097,0.58349097
0.5983544,0.5983544
0.597225,0.597225
0.61639136,0.61639136
0.61542434,0.61542434
0.61466736,0.61466736
0.59484917,0.59484917
0.6040457,0.6040457
0.5663901,0.5663901
0.6363564,0.6363564
0.5924494,0.5924494
0.629399,0.629399
0.67248,0.67248
0.65725297,0.65725297
0.64403206,0.64403206
0.61789495,0.61789495
0.5875959,0.5875959
0.55953723,0.55953723
0.62130624,0.62130624
0.60182256,0.60182256
0.6535335,0.6535335
0.632593,0.632593
0.5861927,0.5861927
0.5796702,0.5796702
0.5978307,0.5978307
0.58832633,0.58832633
0.6101236,0.6101236
0.66991824,0.66991824
0.6164636,0.6164636
0.62668586,0.62668586
0.5959385,0.5959385
0.60855776,0.60855776
0.5666226,0.5666226
0.5744891,0.5744891
0.61010414,0.61010414
0.6247668,0.6247668
0.57261527,0.57261527
0.6375989,0.6375989
0.58264947,0.58264947
0.5871276,0.5871276
0.5738668,0.5738668
0.57644844,0.57644844
0.5922341,0.5922341
0.6825285,0.6825285
0.5748326,0.5748326
0.6104824,0.6104824
0.6476017,0.6476017
0.568881,0.568881
0.6576101,0.6576101
0.61434907,0.61434907
0.6511414,0.6511414
0.6594311,0.6594311
0.5570017,0.5570017
0.610638,0.610638
0.6438892,0.6438892
0.5845579,0.5845579
0.60041636,0.60041636
0.55882305,0.55882305
0.6042911,0.6042911
0.609731,0.609731
0.6083562,0.6083562
0.6059151,0.6059151
0.58533883,0.58533883
0.6153418,0.6153418
0.6391941,0.6391941
0.57223886,0.57223886
0.61231995,0.61231995
0.5917451,0.5917451
0.61283445,0.61283445
0.59814245,0.59814245
0.6068501,0.6068501
0.53228825,0.53228825
0.6073968,0.6073968
0.5311352,0.5311352
0.579233,0.579233
0.55314255,0.55314255
0.54917157,0.54917157
0.5558977,0.5558977
0.5503804,0.5503804
0.42158154,0.42158154
0.40367773,0.40367773
0.47300687,0.47300687
0.49503297,0.49503297
0.54415655,0.54415655
0.57608986,0.57608986
0.5557857,0.5557857
0.5486144,0.5486144
0.54591995,0.54591995
0.5391146,0.5391146
0.61136425,0.61136425
0.605141,0.605141
0.5590661,0.5590661
0.5356321,0.5356321
0.58449763,0.58449763
0.53680784,0.53680784
0.54609805,0.54609805
0.4870442,0.4870442
0.4687575,0.4687575
0.46030265,0.46030265
0.44351232,0.44351232
0.45372677,0.45372677
0.49042273,0.49042273
0.57837236,0.57837236
0.43409076,0.43409076
0.51097274,0.51097274
0.43873793,0.43873793
0.49115866,0.49115866
0.5187818,0.5187818
0.5197929,0.5197929
0.5241964,0.5241964
0.46231082,0.46231082
0.5759294,0.5759294
0.5057672,0.5057672
0.48738173,0.48738173
0.5256948,0.5256948
0.5291415,0.5291415
0.45397466,0.45397466
0.47087926,0.47087926
0.43835974,0.43835974
0.56443965,0.56443965
0.49062186,0.49062186
0.44175178,0.44175178
0.55152184,0.55152184
0.4789025,0.4789025
0.5298068,0.5298068
0.5120997,0.5120997
0.58721316,0.58721316
0.5911149,0.5911149
0.4156379,0.4156379
0.5504941,0.5504941
0.55799496,0.55799496
0.505278,0.505278
0.57394576,0.57394576
0.53798187,0.53798187
0.48519567,0.48519567
0.42269906,0.42269906
0.5140257,0.5140257
0.38676247,0.38676247
0.51204544,0.51204544
0.49905542,0.49905542
0.6104255,0.6104255
0.5014862,0.5014862
0.57257456,0.57257456
0.54103017,0.54103017
0.59738916,0.59738916
0.64673,0.64673
0.58066016,0.58066016
0.54605764,0.54605764
0.58295494,0.58295494
0.5526508,0.5526508
0.49586552,0.49586552
0.59998906,0.59998906
0.5750517,0.5750517
0.5914169,0.5914169
0.6682734,0.6682734
0.57009447,0.57009447
0.5996549,0.5996549
0.58728284,0.58728284
0.5538114,0.5538114
0.54608876,0.54608876
0.6026028,0.6026028
0.63790965,0.63790965
0.6071628,0.6071628
0.60289556,0.60289556
0.62677056,0.62677056
0.58613735,0.58613735
0.5183874,0.5183874
0.57441664,0.57441664
0.571245,0.571245
0.48478645,0.48478645
0.539452,0.539452
0.56640035,0.56640035
0.58054996,0.58054996
0.5950479,0.5950479
0.5962108,0.5962108
0.40452778,0.40452778
0.61352026,0.61352026
0.6492898,0.6492898
0.61364144,0.61364144
0.6257036,0.6257036
0.5928234,0.5928234
0.48003414,0.48003414
0.4940009,0.4940009
0.51560557,0.51560557
0.53948504,0.53948504
0.59256655,0.59256655
0.5192467,0.5192467
0.52206445,0.52206445
0.52490157,0.52490157
0.53335065,0.53335065
0.501045,0.501045
0.49177054,0.49177054
0.54670167,0.54670167
0.6253749,0.6253749
0.5509643,0.5509643
0.5683399,0.5683399
0.52529913,0.52529913
0.5848393,0.5848393
0.51575804,0.51575804
0.48210055,0.48210055
0.5678662,0.5678662
0.6438503,0.6438503
0.47873446,0.47873446
0.5023399,0.5023399
0.5596858,0.5596858
0.51041794,0.51041794
0.47545922,0.47545922
0.47119716,0.47119716
0.52580464,0.52580464
0.62298656,0.62298656
0.6275177,0.6275177
0.58249974,0.58249974
0.5566732,0.5566732
0.6057224,0.6057224
0.5758218,0.5758218
0.55175614,0.55175614
0.5291392,0.5291392
0.5497848,0.5497848
0.60848296,0.60848296
0.5632827,0.5632827
0.46487424,0.46487424
0.48398754,0.48398754
0.45425612,0.45425612
0.5616647,0.5616647
0.48335883,0.48335883
0.5446018,0.5446018
0.44683322,0.44683322
0.449607,0.449607
0.5791573,0.5791573
0.5474113,0.5474113
0.45752582,0.45752582
0.6126765,0.6126765
0.43183246,0.43183246
0.5758112,0.5758112
0.43020046,0.43020046
0.47522396,0.47522396
0.53555226,0.53555226
0.46336836,0.46336836
0.43923914,0.43923914
0.48156688,0.48156688
0.5474372,0.5474372
0.46440637,0.46440637
0.52541864,0.52541864
0.4854478,0.4854478
0.46806228,0.46806228
0.5924703,0.5924703
0.56102127,0.56102127
0.466613,0.466613
0.4490884,0.4490884
0.4021166,0.4021166
0.48178968,0.48178968
0.4654292,0.4654292
0.49126068,0.49126068
0.5335504,0.5335504
0.5204516,0.5204516
0.45818776,0.45818776
0.4242842,0.4242842
0.4500624,0.4500624
0.39357692,0.39357692
0.4004952,0.4004952
0.44684756,0.44684756
0.46601564,0.46601564
0.5876982,0.5876982
0.57665044,0.57665044
0.49226463,0.49226463
0.50065005,0.50065005
0.55423516,0.55423516
0.5255066,0.5255066
0.51833004,0.51833004
0.48764575,0.48764575
0.49106103,0.49106103
0.44749293,0.44749293
0.52564365,0.52564365
0.59473556,0.59473556
0.55152416,0.55152416
0.5115044,0.5115044
0.47168353,0.47168353
0.6174929,0.6174929
0.59442437,0.59442437
0.6001587,0.6001587
0.42635763,0.42635763
0.4889843,0.4889843
0.5776631,0.5776631
0.5790872,0.5790872
0.38967934,0.38967934
0.4997753,0.4997753
0.5358311,0.5358311
0.55902356,0.55902356
0.5483514,0.5483514
0.49726102,0.49726102
0.5068674,0.5068674
0.5245221,0.5245221
0.467845,0.467845
0.48618537,0.48618537
0.43244734,0.43244734
0.5894966,0.5894966
0.55221957,0.55221957
0.4842318,0.4842318
0.48195055,0.48195055
0.5066456,0.5066456
0.5336709,0.5336709
0.5546508,0.5546508
0.4487868,0.4487868
0.4692844,0.4692844
0.55592304,0.55592304
0.5386709,0.5386709
0.5631306,0.5631306
0.5138477,0.5138477
0.57008135,0.57008135
0.60065377,0.60065377
0.65715635,0.65715635
0.5985841,0.5985841
0.5518637,0.5518637
0.60699034,0.60699034
0.5235362,0.5235362
0.59961736,0.59961736
0.51422924,0.51422924
0.55452704,0.55452704
0.5405391,0.5405391
0.5362895,0.5362895
0.45750985,0.45750985
0.46410635,0.46410635
0.53515357,0.53515357
0.51974183,0.51974183
0.5926081,0.5926081
0.5233626,0.5233626
0.5754001,0.5754001
0.46084306,0.46084306
0.4570766,0.4570766
0.42707756,0.42707756
0.46595585,0.46595585
0.5159444,0.5159444
0.6452043,0.6452043
0.5731304,0.5731304
0.62479943,0.62479943
0.60099065,0.60099065
0.5931893,0.5931893
0.60185236,0.60185236
0.5947782,0.5947782
0.6032151,0.6032151
0.57224905,0.57224905
0.56055295,0.56055295
0.5353534,0.5353534
0.6283202,0.6283202
0.6110768,0.6110768
0.5772357,0.5772357
0.6143141,0.6143141
0.62254924,0.62254924
0.6399837,0.6399837
0.56331825,0.56331825
0.5745523,0.5745523
0.53691053,0.53691053
0.6361904,0.6361904
0.6366212,0.6366212
0.6042346,0.6042346
0.6335074,0.6335074
0.6037502,0.6037502
0.6135362,0.6135362
0.5938406,0.5938406
0.6317675,0.6317675
0.5902057,0.5902057
0.5572738,0.5572738
0.6215239,0.6215239
0.588521,0.588521
0.51630455,0.51630455
0.45737052,0.45737052
0.5543368,0.5543368
0.6293579,0.6293579
0.5683423,0.5683423
0.5884308,0.5884308
0.6235918,0.6235918
0.52463984,0.52463984
0.5041911,0.5041911
0.58271235,0.58271235
0.5202413,0.5202413
0.52806413,0.52806413
0.5698864,0.5698864
0.5524884,0.5524884
0.5468723,0.5468723
0.54590845,0.54590845
0.44887146,0.44887146
0.5264453,0.5264453
0.52362615,0.52362615
0.5829942,0.5829942
0.5715424,0.5715424
0.57001895,0.57001895
0.6153706,0.6153706
0.58704567,0.58704567
0.63739276,0.63739276
0.6199271,0.6199271
0.51888764,0.51888764
0.5615087,0.5615087
0.6023131,0.6023131
0.58583987,0.58583987
0.56349,0.56349
0.58234614,0.58234614
0.5829589,0.5829589
0.5950661,0.5950661
0.5595667,0.5595667
0.45446146,0.45446146
0.42846587,0.42846587
0.50536025,0.50536025
0.4619573,0.4619573
0.5220071,0.5220071
0.5781972,0.5781972
0.58878666,0.58878666
0.618972,0.618972
0.5989806,0.5989806
0.53076804,0.53076804
0.5876756,0.5876756
0.52778316,0.52778316
0.52778316,0.52778316
0.52778316,0.52778316
0.52778316,0.52778316
0.52778316,0.52778316
0.52778316,0.52778316
0.52778316,0.52778316
0.52778316,0.52778316
0.52778316,0.52778316
0.52778316,0.52778316
0.52778316,0.52778316
0.52778316,0.52778316
0.52778316,0.52778316
0.52778316,0.52778316
0.52778316,0.52778316
0.52778316,0.52778316
0.52778316,0.52778316
0.52778316,0.52778316
0.52778316,0.52778316
0.52778316,0.52778316
0.52778316,0.52778316
0.52778316,0.52778316
0.52778316,0.52778316
0.52778316,0.52778316
0.52778316,0.52778316
0.52778316,0.52778316
0.52165073,0.52165073
0.5284026,0.5284026
0.52778316,0.52778316
0.52778316,0.52778316
0.52778316,0.52778316
0.52778316,0.52778316
0.52778316,0.52778316
0.52778316,0.52778316
0.52778316,0.52778316
0.52778316,0.52778316
0.52778316,0.52778316
0.52778316,0.52778316
0.52778316,0.52778316
0.52778316,0.52778316
0.52778316,0.52778316
0.52778316,0.52778316
0.52778316,0.52778316
0.52778316,0.52778316
0.52778316,0.52778316
0.52778316,0.52778316
0.52778316,0.52778316
0.52778316,0.52778316
0.52778316,0.52778316
0.52778316,0.52778316
0.52778316,0.52778316
0.52778316,0.52778316
0.52778316,0.52778316
0.52778316,0.52778316
0.52778316,0.52778316
0.52778316,0.52778316
0.52778316,0.52778316
0.52778316,0.52778316
0.52778316,0.52778316
0.52778316,0.52778316
0.52778316,0.52778316
0.52778316,0.52778316
0.52778316,0.52778316
0.52778316,0.52778316
0.52778316,0.52778316
0.52778316,0.52778316
0.52778316,0.52778316
0.52778316,0.52778316
0.52778316,0.52778316
0.52778316,0.52778316
0.52778316,0.52778316
0.52778316,0.52778316
0.52778316,0.52778316
0.52778316,0.52778316
0.52778316,0.52778316
0.52778316,0.52778316
0.52778316,0.52778316
0.52778316,0.52778316
0.52778316,0.52778316
0.52778316,0.52778316
0.52778316,0.52778316
0.52778316,0.52778316
0.4370413,0.4370413
0.43983734,0.43983734
0.38173646,0.38173646
0.48367044,0.48367044
0.46087134,0.46087134
0.41044784,0.41044784
0.4445232,0.4445232
0.4154151,0.4154151
0.41574025,0.41574025
0.44119605,0.44119605
0.43768597,0.43768597
0.40769726,0.40769726
0.5375529,0.5375529
0.52864283,0.52864283
0.45106405,0.45106405
0.5131176,0.5131176
0.53834337,0.53834337
0.47628593,0.47628593
0.47169703,0.47169703
0.53005755,0.53005755
0.4012831,0.4012831
0.39666352,0.39666352
0.4849131,0.4849131
0.48905876,0.48905876
0.42589033,0.42589033
0.47793567,0.47793567
0.4371845,0.4371845
0.4914859,0.4914859
0.52592397,0.52592397
0.52608323,0.52608323
0.47916675,0.47916675
0.4777278,0.4777278
0.5229496,0.5229496
0.5043653,0.5043653
0.46438605,0.46438605
0.45376605,0.45376605
0.5651882,0.5651882
0.50802153,0.50802153
0.52778316,0.52778316
0.52778316,0.52778316
0.52778316,0.52778316
0.52778316,0.52778316
0.52778316,0.52778316
0.49932042,0.49932042
0.41164887,0.41164887
0.49248007,0.49248007
0.513063,0.513063
0.4672694,0.4672694
0.47087902,0.47087902
0.43875152,0.43875152
0.5376242,0.5376242
0.42377612,0.42377612
0.42672035,0.42672035
0.5012503,0.5012503
0.38969454,0.38969454
0.43581125,0.43581125
0.4187816,0.4187816
0.3681055,0.3681055
0.33355594,0.33355594
0.35483384,0.35483384
0.402439,0.402439
0.39464587,0.39464587
0.5185318,0.5185318
0.4709368,0.4709368
0.5266008,0.5266008
0.46077535,0.46077535
0.39534307,0.39534307
0.41644704,0.41644704
0.3489447,0.3489447
0.52384394,0.52384394
0.56296325,0.56296325
0.4642564,0.4642564
0.44729114,0.44729114
0.4382822,0.4382822
0.4074398,0.4074398
0.43675295,0.43675295
0.4630532,0.4630532
0.44980666,0.44980666
0.44961023,0.44961023
0.52778316,0.52778316
0.52778316,0.52778316
0.5426519,0.5426519
0.5439973,0.5439973
0.49884167,0.49884167
0.4726097,0.4726097
0.42705262,0.42705262
0.43228802,0.43228802
0.33830827,0.33830827
0.3836895,0.3836895
0.36671624,0.36671624
0.46310288,0.46310288
0.39923236,0.39923236
0.48763794,0.48763794
0.4149381,0.4149381
0.41269606,0.41269606
0.48251888,0.48251888
0.5441566,0.5441566
0.5958776,0.5958776
0.5355461,0.5355461
0.44443586,0.44443586
0.49465847,0.49465847
0.4501761,0.4501761
0.41140637,0.41140637
0.49263135,0.49263135
0.559913,0.559913
0.43917194,0.43917194
0.49940595,0.49940595
0.5197631,0.5197631
0.43655905,0.43655905
0.5695015,0.5695015
0.47573707,0.47573707
0.4849636,0.4849636
0.5086349,0.5086349
0.48477173,0.48477173
0.48674542,0.48674542
0.49501106,0.49501106
0.47024584,0.47024584
0.57117504,0.57117504
0.52672195,0.52672195
0.5143365,0.5143365
0.4617655,0.4617655
0.45011315,0.45011315
0.4769111,0.4769111
0.41607657,0.41607657
0.4326492,0.4326492
0.5428104,0.5428104
0.4437411,0.4437411
0.47116786,0.47116786
0.38515177,0.38515177
0.4159936,0.4159936
0.5178646,0.5178646
0.5267809,0.5267809
0.5595685,0.5595685
0.46352944,0.46352944
0.48945105,0.48945105
0.5384129,0.5384129
0.48596746,0.48596746
0.38138136,0.38138136
0.38222095,0.38222095
0.3861613,0.3861613
0.57227135,0.57227135
0.472356,0.472356
0.5017545,0.5017545
0.49094683,0.49094683
0.53279793,0.53279793
0.47076985,0.47076985
0.5012362,0.5012362
0.41957113,0.41957113
0.4923953,0.4923953
0.37790492,0.37790492
0.41289338,0.41289338
0.49620846,0.49620846
0.51053655,0.51053655
0.4980099,0.4980099
0.4736641,0.4736641
0.46387592,0.46387592
0.47817042,0.47817042
0.48216596,0.48216596
0.46227413,0.46227413
0.44537026,0.44537026
0.36263657,0.36263657
0.3472328,0.3472328
0.45130247,0.45130247
0.515718,0.515718
0.46246436,0.46246436
0.49354267,0.49354267
0.48200548,0.48200548
0.4215982,0.4215982
0.48031992,0.48031992
0.50087535,0.50087535
0.47829846,0.47829846
0.44441015,0.44441015
0.40521735,0.40521735
0.5924856,0.5924856
0.45720777,0.45720777
0.4637151,0.4637151
0.48374057,0.48374057
0.4851127,0.4851127
0.40962204,0.40962204
0.3785239,0.3785239
0.44053018,0.44053018
0.4537243,0.4537243
0.54676974,0.54676974
0.4444525,0.4444525
0.49037078,0.49037078
0.5624435,0.5624435
0.511456,0.511456
0.4458973,0.4458973
0.5543547,0.5543547
0.49634287,0.49634287
0.44473693,0.44473693
0.46839213,0.46839213
0.4125881,0.4125881
0.35782856,0.35782856
0.4113774,0.4113774
0.45996788,0.45996788
0.35886085,0.35886085
0.44813374,0.44813374
0.5051024,0.5051024
0.46182576,0.46182576
0.4438952,0.4438952
0.5034276,0.5034276
0.4797349,0.4797349
0.4736008,0.4736008
0.46698132,0.46698132
0.465313,0.465313
0.43827382,0.43827382
0.44773573,0.44773573
0.539603,0.539603
0.4169796,0.4169796
0.4568643,0.4568643
0.3922718,0.3922718
0.41868415,0.41868415
0.3942268,0.3942268
0.46620047,0.46620047
0.5053492,0.5053492
0.45105165,0.45105165
0.38485324,0.38485324
0.42012152,0.42012152
0.5189084,0.5189084
0.49310806,0.49310806
0.3963125,0.3963125
0.5063397,0.5063397
0.5410949,0.5410949
0.44843093,0.44843093
0.45598018,0.45598018
0.44377756,0.44377756
0.52214533,0.52214533
0.511456,0.511456
0.45966566,0.45966566
0.5037752,0.5037752
0.5102855,0.5102855
0.43635947,0.43635947
0.43341145,0.43341145
0.43448228,0.43448228
0.39286423,0.39286423
0.48175845,0.48175845
0.47622463,0.47622463
0.57767195,0.57767195
0.40116552,0.40116552
0.52006507,0.52006507
0.48912224,0.48912224
0.44144613,0.44144613
0.50578773,0.50578773
0.45251286,0.45251286
0.4611712,0.4611712
0.4812348,0.4812348
0.49858686,0.49858686
0.4775109,0.4775109
0.47647545,0.47647545
0.48558417,0.48558417
0.53125757,0.53125757
0.41919896,0.41919896
0.45878384,0.45878384
0.41360742,0.41360742
0.4069306,0.4069306
0.45109886,0.45109886
0.42599043,0.42599043
0.40664527,0.40664527
0.5677957,0.5677957
0.4559122,0.4559122
0.33750388,0.33750388
0.39524904,0.39524904
0.41125715,0.41125715
0.44034502,0.44034502
0.45911336,0.45911336
0.41485223,0.41485223
0.515937,0.515937
0.49721536,0.49721536
0.52778316,0.52778316
0.52778316,0.52778316
0.52778316,0.52778316
0.52778316,0.52778316
0.52778316,0.52778316
0.5473032,0.5473032
0.4342404,0.4342404
0.43945053,0.43945053
0.4313864,0.4313864
0.48531228,0.48531228
0.48115066,0.48115066
0.53160983,0.53160983
0.39664495,0.39664495
0.43655705,0.43655705
0.45811853,0.45811853
0.44801733,0.44801733
0.54992986,0.54992986
0.4781602,0.4781602
0.48059,0.48059
0.40615013,0.40615013
0.44594574,0.44594574
0.51488847,0.51488847
0.46983698,0.46983698
0.4806793,0.4806793
0.48844287,0.48844287
0.39756045,0.39756045
0.47302753,0.47302753
0.47833505,0.47833505
0.5280066,0.5280066
0.40648538,0.40648538
0.38950282,0.38950282
0.5259574,0.5259574
0.43110153,0.43110153
0.45958123,0.45958123
0.37201852,0.37201852
0.4464965,0.4464965
0.44030815,0.44030815
0.48463735,0.48463735
0.39451778,0.39451778
0.40000123,0.40000123
0.5272841,0.5272841
0.39254275,0.39254275
0.495407,0.495407
0.5086188,0.5086188
0.48475447,0.48475447
0.48523572,0.48523572
0.49139357,0.49139357
0.42597193,0.42597193
0.47431567,0.47431567
0.44312912,0.44312912
0.5010662,0.5010662
0.5067879,0.5067879
0.54305774,0.54305774
0.49561036,0.49561036
0.41336,0.41336
0.5542595,0.5542595
0.44410864,0.44410864
0.4689291,0.4689291
0.46240696,0.46240696
0.46852446,0.46852446
0.4489622,0.4489622
0.46636936,0.46636936
0.50387084,0.50387084
0.46309906,0.46309906
0.43862492,0.43862492
0.51015663,0.51015663
0.57278955,0.57278955
0.48054066,0.48054066
0.56950194,0.56950194
0.4218223,0.4218223
0.38071343,0.38071343
0.45539778,0.45539778
0.4803917,0.4803917
0.45245564,0.45245564
0.47426626,0.47426626
0.49107984,0.49107984
0.45655185,0.45655185
0.53763264,0.53763264
0.49074087,0.49074087
0.5186921,0.5186921
0.49093646,0.49093646
0.47342193,0.47342193
0.39648116,0.39648116
0.41848192,0.41848192
0.46348596,0.46348596
0.32454878,0.32454878
0.46202305,0.46202305
0.5233004,0.5233004
0.43253237,0.43253237
0.48416802,0.48416802
0.54711086,0.54711086
0.52778316,0.52778316
0.52778316,0.52778316
0.52778316,0.52778316
0.49943537,0.49943537
0.45432106,0.45432106
0.64361614,0.64361614
0.5092468,0.5092468
0.5170058,0.5170058
0.4696625,0.4696625
0.4570411,0.4570411
0.53914505,0.53914505
0.48491737,0.48491737
0.4827549,0.4827549
0.5011125,0.5011125
0.52581096,0.52581096
0.39506334,0.39506334
0.48119873,0.48119873
0.5061639,0.5061639
0.435209,0.435209
0.46753544,0.46753544
0.50602883,0.50602883
0.46086165,0.46086165
0.566729,0.566729
0.4814448,0.4814448
0.4807017,0.4807017
0.39497134,0.39497134
0.5139919,0.5139919
0.438982,0.438982
0.4746984,0.4746984
0.5134449,0.5134449
0.5178092,0.5178092
0.49422786,0.49422786
0.38772964,0.38772964
0.50564754,0.50564754
0.5201168,0.5201168
0.5045358,0.5045358
0.24184738,0.24184738
0.42061728,0.42061728
0.44455993,0.44455993
0.5384093,0.5384093
0.37603718,0.37603718
0.41446066,0.41446066
0.49435064,0.49435064
0.46947983,0.46947983
0.46963063,0.46963063
0.5048629,0.5048629
0.52778316,0.52778316
0.52778316,0.52778316
0.52778316,0.52778316
0.52778316,0.52778316
0.52778316,0.52778316
0.52778316,0.52778316
0.52778316,0.52778316
0.52778316,0.52778316
0.52778316,0.52778316
0.52778316,0.52778316
0.52778316,0.52778316
0.52778316,0.52778316
0.52778316,0.52778316
0.52778316,0.52778316
0.52778316,0.52778316
0.52778316,0.52778316
0.52778316,0.52778316
0.52778316,0.52778316
0.52778316,0.52778316
0.52778316,0.52778316
0.52778316,0.52778316
0.52778316,0.52778316
0.52778316,0.52778316
0.52778316,0.52778316
0.52778316,0.52778316
0.52778316,0.52778316
0.52778316,0.52778316
0.52778316,0.52778316
0.52778316,0.52778316
0.52778316,0.52778316
0.46851856,0.46851856
0.34212407,0.34212407
0.3493871,0.3493871
0.49937966,0.49937966
0.50050503,0.50050503
0.37496373,0.37496373
0.4848464,0.4848464
0.49992472,0.49992472
0.4386584,0.4386584
0.49727917,0.49727917
0.40989593,0.40989593
0.41124162,0.41124162
0.4793722,0.4793722
0.4289084,0.4289084
0.4406681,0.4406681
0.48499814,0.48499814
0.3494704,0.3494704
0.45010403,0.45010403
0.36058527,0.36058527
0.38069776,0.38069776
0.48223978,0.48223978
0.39316237,0.39316237
0.44875887,0.44875887
0.53388786,0.53388786
0.53048587,0.53048587
0.48668072,0.48668072
0.48734155,0.48734155
0.4561202,0.4561202
0.486539,0.486539
0.43973386,0.43973386
0.36631048,0.36631048
0.349764,0.349764
0.4496444,0.4496444
0.49606246,0.49606246
0.42246783,0.42246783
0.52194905,0.52194905
0.42589706,0.42589706
0.41735655,0.41735655
0.49468812,0.49468812
0.4901566,0.4901566
0.5499794,0.5499794
0.50539345,0.50539345
0.5290079,0.5290079
0.52778316,0.52778316
0.52778316,0.52778316
0.52778316,0.52778316
0.52778316,0.52778316
0.52778316,0.52778316
0.52778316,0.52778316
0.52778316,0.52778316
0.52778316,0.52778316
0.52778316,0.52778316
0.52778316,0.52778316
0.52778316,0.52778316
0.52778316,0.52778316
0.46811756,0.46811756
0.442156,0.442156
0.47584328,0.47584328
0.43134975,0.43134975
0.4190474,0.4190474
0.5305882,0.5305882
0.4130597,0.4130597
0.45410287,0.45410287
0.46345276,0.46345276
0.48163694,0.48163694
0.4808947,0.4808947
0.45724025,0.45724025
0.40590012,0.40590012
0.46098444,0.46098444
0.45224386,0.45224386
0.34640014,0.34640014
0.4243625,0.4243625
0.28427488,0.28427488
0.5128436,0.5128436
0.4179791,0.4179791
0.37126628,0.37126628
0.5455571,0.5455571
0.42815375,0.42815375
0.43161917,0.43161917
0.3957745,0.3957745
0.45744377,0.45744377
0.42538783,0.42538783
0.46447918,0.46447918
0.53872997,0.53872997
0.4605044,0.4605044
0.461142,0.461142
0.46868822,0.46868822
0.49901316,0.49901316
0.37695387,0.37695387
0.47467634,0.47467634
0.3594876,0.3594876
0.39420554,0.39420554
0.5434049,0.5434049
0.45635918,0.45635918
0.5222549,0.5222549
0.45225632,0.45225632
0.33598948,0.33598948
0.36300942,0.36300942
0.47431052,0.47431052
0.43141547,0.43141547
0.53175145,0.53175145
0.50183487,0.50183487
0.51365346,0.51365346
0.47012126,0.47012126
0.4769027,0.4769027
0.4436822,0.4436822
0.44374275,0.44374275
0.41761947,0.41761947
0.46146736,0.46146736
0.50138384,0.50138384
0.50256777,0.50256777
0.48883983,0.48883983
0.45436043,0.45436043
0.49514765,0.49514765
0.57088125,0.57088125
0.5066848,0.5066848
0.5652535,0.5652535
0.4666099,0.4666099
0.48360205,0.48360205
0.39433017,0.39433017
0.41515598,0.41515598
0.46789348,0.46789348
0.46226746,0.46226746
0.4217534,0.4217534
0.4534315,0.4534315
0.45265314,0.45265314
0.6028635,0.6028635
0.46590385,0.46590385
0.407856,0.407856
0.3835872,0.3835872
0.4672696,0.4672696
0.4237144,0.4237144
0.44520992,0.44520992
0.4615543,0.4615543
0.41538632,0.41538632
0.4525959,0.4525959
0.6225637,0.6225637
0.52296823,0.52296823
0.54733545,0.54733545
0.49465367,0.49465367
0.4883192,0.4883192
0.57486576,0.57486576
0.5051371,0.5051371
0.53642774,0.53642774
0.45275038,0.45275038
0.5551669,0.5551669
0.43473434,0.43473434
0.40776107,0.40776107
0.47783637,0.47783637
0.5343368,0.5343368
0.48114437,0.48114437
0.45647153,0.45647153
0.43002656,0.43002656
0.47160476,0.47160476
0.5134841,0.5134841
0.46741962,0.46741962
0.4630194,0.4630194
0.3923343,0.3923343
0.3517651,0.3517651
0.45845416,0.45845416
0.48271912,0.48271912
0.47302908,0.47302908
0.5104859,0.5104859
0.46415603,0.46415603
0.470518,0.470518
0.46207473,0.46207473
0.5204495,0.5204495
0.4407994,0.4407994
0.52778316,0.52778316
0.52778316,0.52778316
0.52778316,0.52778316
0.52778316,0.52778316
0.52778316,0.52778316
0.52778316,0.52778316
0.52778316,0.52778316
0.52778316,0.52778316
0.52778316,0.52778316
0.52778316,0.52778316
0.52778316,0.52778316
0.52778316,0.52778316
0.52778316,0.52778316
0.52778316,0.52778316
0.52778316,0.52778316
0.52778316,0.52778316
0.5400334,0.5400334
0.5477285,0.5477285
0.50432765,0.50432765
0.4636691,0.4636691
0.411915,0.411915
0.43983302,0.43983302
0.41213182,0.41213182
0.45074773,0.45074773
0.4331373,0.4331373
0.47957063,0.47957063
0.38987285,0.38987285
0.4305523,0.4305523
0.49285933,0.49285933
0.49995726,0.49995726
0.41966456,0.41966456
0.48721743,0.48721743
0.45609018,0.45609018
0.43086272,0.43086272
0.5086533,0.5086533
0.45018515,0.45018515
0.5224705,0.5224705
0.51629007,0.51629007
0.46075153,0.46075153
0.44384512,0.44384512
0.58530575,0.58530575
0.54333246,0.54333246
0.5175551,0.5175551
0.4215175,0.4215175
0.47330645,0.47330645
0.45375124,0.45375124
0.45646137,0.45646137
0.39720738,0.39720738
0.53104115,0.53104115
0.46239212,0.46239212
0.45358357,0.45358357
0.3887404,0.3887404
0.45089403,0.45089403
0.52697366,0.52697366
0.45673698,0.45673698
0.4977903,0.4977903
0.396697,0.396697
0.4071316,0.4071316
0.42114082,0.42114082
0.6717033,0.6717033
0.5520641,0.5520641
0.51472586,0.51472586
0.4855594,0.4855594
0.59507465,0.59507465
0.5801258,0.5801258
0.681517,0.681517
0.44905472,0.44905472
0.5074682,0.5074682
0.38735282,0.38735282
0.49240685,0.49240685
0.51851887,0.51851887
0.4350039,0.4350039
0.5631722,0.5631722
0.51913875,0.51913875
0.46336845,0.46336845
0.55127454,0.55127454
0.4481939,0.4481939
0.5684065,0.5684065
0.56484985,0.56484985
0.65628153,0.65628153
0.598557,0.598557
0.4654867,0.4654867
0.44707695,0.44707695
0.48208442,0.48208442
0.466465,0.466465
0.50924563,0.50924563
0.48921406,0.48921406
0.5615506,0.5615506
0.45938584,0.45938584
0.5123981,0.5123981
0.3889595,0.3889595
0.38663337,0.38663337
0.49802455,0.49802455
0.45014575,0.45014575
0.439584,0.439584
0.45511538,0.45511538
0.47507334,0.47507334
0.4679616,0.4679616
0.49525616,0.49525616
0.43348056,0.43348056
0.4728557,0.4728557
0.36292174,0.36292174
0.39907503,0.39907503
0.44024503,0.44024503
0.46817484,0.46817484
0.44807184,0.44807184
0.47570795,0.47570795
0.44590676,0.44590676
0.5290671,0.5290671
0.47137898,0.47137898
0.4707414,0.4707414
0.44454646,0.44454646
0.4322668,0.4322668
0.4415314,0.4415314
0.50303316,0.50303316
0.52151567,0.52151567
0.44900376,0.44900376
0.500704,0.500704
0.5228222,0.5228222
0.4719186,0.4719186
0.5379613,0.5379613
0.54191107,0.54191107
0.45593622,0.45593622
0.40396383,0.40396383
0.47189906,0.47189906
0.41303933,0.41303933
0.37089717,0.37089717
0.42588183,0.42588183
0.49036893,0.49036893
0.39021915,0.39021915
0.44003278,0.44003278
0.42146346,0.42146346
0.4513501,0.4513501
0.36415,0.36415
0.6727782,0.6727782
0.5272263,0.5272263
0.47555977,0.47555977
0.4606797,0.4606797
0.37679878,0.37679878
0.4078425,0.4078425
0.5149927,0.5149927
0.4463284,0.4463284
0.5542392,0.5542392
0.42591092,0.42591092
0.49625853,0.49625853
0.47861797,0.47861797
0.3709849,0.3709849
0.4152238,0.4152238
0.47421688,0.47421688
0.44333532,0.44333532
0.42740962,0.42740962
0.5205659,0.5205659
0.5367266,0.5367266
0.542713,0.542713
0.47178885,0.47178885
0.4445357,0.4445357
0.44075614,0.44075614
0.5007385,0.5007385
0.50601393,0.50601393
0.5207117,0.5207117
0.5408788,0.5408788
0.52778137,0.52778137
0.52778137,0.52778137
0.52778137,0.52778137
0.52778137,0.52778137
0.52778137,0.52778137
0.52778137,0.52778137
0.52778137,0.52778137
0.52778137,0.52778137
0.52778137,0.52778137
0.52778137,0.52778137
0.52778137,0.52778137
0.52778137,0.52778137
0.52778137,0.52778137
0.52778137,0.52778137
0.52778137,0.52778137
0.52778137,0.52778137
0.52778137,0.52778137
0.52778137,0.52778137
0.52778137,0.52778137
0.52778137,0.52778137
0.52778137,0.52778137
0.52778137,0.52778137
0.52778137,0.52778137
0.52778137,0.52778137
0.52778137,0.52778137
0.52778137,0.52778137
0.52778137,0.52778137
0.52778137,0.52778137
0.52778137,0.52778137
0.52778137,0.52778137
0.52778137,0.52778137
0.52778137,0.52778137
0.52778137,0.52778137
0.52778137,0.52778137
0.52778137,0.52778137
0.52778137,0.52778137
