analysis,target,model,feature,coef
individual_engagement,engagement_target,linear_pca,segment_duration_s,-0.038019517769876096
individual_engagement,engagement_target,linear_pca,word_count,0.059918534584497966
individual_engagement,engagement_target,linear_pca,avg_word_length,0.00700735213801028
individual_engagement,engagement_target,linear_pca,words_per_second,-0.007405038944481754
individual_engagement,engagement_target,linear_pca,question,-0.004445545565943304
individual_engagement,engagement_target,linear_pca,statement,0.004445545565943743
individual_engagement,engagement_target,linear_pca,sentiment_p_blue_mean,0.006600509962883702
individual_engagement,engagement_target,linear_pca,sentiment_p_green_mean,-0.011010799581654943
individual_engagement,engagement_target,linear_pca,sentiment_p_red_mean,-0.0008352916972231725
individual_engagement,engagement_target,linear_pca,arousal_mean,0.008555344012622994
individual_engagement,engagement_target,linear_pca,dominance_mean,-0.04536109918902314
individual_engagement,engagement_target,linear_pca,valence_mean,-0.011188308657004847
individual_engagement,engagement_target,linear_pca,role_p_green,0.04953783477369303
individual_engagement,engagement_target,linear_pca,role_p_red,0.007859718860217742
individual_engagement,engagement_target,linear_pca,opensmile_pc001,0.014808257895934672
individual_engagement,engagement_target,linear_pca,opensmile_pc002,0.0019456270542027017
individual_engagement,engagement_target,linear_pca,opensmile_pc003,0.001412139827584305
individual_engagement,engagement_target,linear_pca,opensmile_pc004,0.008356711439946096
individual_engagement,engagement_target,linear_pca,opensmile_pc005,0.01845897013008559
individual_engagement,engagement_target,linear_pca,opensmile_pc006,0.0030416122209224713
individual_engagement,engagement_target,linear_pca,opensmile_pc007,-0.005220895651511574
individual_engagement,engagement_target,linear_pca,opensmile_pc008,-0.003402600853732195
individual_engagement,engagement_target,linear_pca,opensmile_pc009,0.006023955262477878
individual_engagement,engagement_target,linear_pca,opensmile_pc010,-0.0032333670764147877
individual_engagement,engagement_target,linear_pca,opensmile_pc011,0.0021509323794477236
individual_engagement,engagement_target,linear_pca,opensmile_pc012,0.002490115756808555
individual_engagement,engagement_target,linear_pca,opensmile_pc013,-0.00499451332386126
individual_engagement,engagement_target,linear_pca,opensmile_pc014,0.00583310758591318
individual_engagement,engagement_target,linear_pca,opensmile_pc015,0.005379407576521048
individual_engagement,engagement_target,linear_pca,opensmile_pc016,-0.0035565543021433194
individual_engagement,engagement_target,linear_pca,opensmile_pc017,-0.00120039146933794
individual_engagement,engagement_target,linear_pca,opensmile_pc018,0.007978591856816004
individual_engagement,engagement_target,linear_pca,opensmile_pc019,-0.008710813723411292
individual_engagement,engagement_target,linear_pca,opensmile_pc020,-0.002187650943967871
individual_engagement,engagement_target,linear_pca,opensmile_pc021,0.0031008783709194003
individual_engagement,engagement_target,linear_pca,opensmile_pc022,0.004955581467871773
individual_engagement,engagement_target,linear_pca,opensmile_pc023,0.0034408377901089713
individual_engagement,engagement_target,linear_pca,opensmile_pc024,-0.009239550226780533
individual_engagement,engagement_target,linear_pca,opensmile_pc025,-0.0038785172985691604
individual_engagement,engagement_target,linear_pca,opensmile_pc026,-0.003779095024377936
individual_engagement,engagement_target,linear_pca,opensmile_pc027,-0.0013221891738829242
individual_engagement,engagement_target,linear_pca,opensmile_pc028,0.006529917198617149
individual_engagement,engagement_target,linear_pca,opensmile_pc029,0.0006786920257149778
individual_engagement,engagement_target,linear_pca,opensmile_pc030,0.0035445109019009787
individual_engagement,engagement_target,linear_pca,opensmile_pc031,-0.00048099481379535353
individual_engagement,engagement_target,linear_pca,opensmile_pc032,0.0015338802675311657
individual_engagement,engagement_target,linear_pca,opensmile_pc033,0.00032622092257418155
individual_engagement,engagement_target,linear_pca,opensmile_pc034,-0.0037055255263477253
individual_engagement,engagement_target,linear_pca,opensmile_pc035,0.0015483105847715268
individual_engagement,engagement_target,linear_pca,opensmile_pc036,0.0003026275260320942
individual_engagement,engagement_target,linear_pca,opensmile_pc037,-0.003396980659421496
individual_engagement,engagement_target,linear_pca,opensmile_pc038,-0.0014474272387291264
individual_engagement,engagement_target,linear_pca,opensmile_pc039,0.0072067265093291675
individual_engagement,engagement_target,linear_pca,opensmile_pc040,0.0022668485359228652
individual_engagement,engagement_target,linear_pca,opensmile_pc041,-0.005823887438498605
individual_engagement,engagement_target,linear_pca,opensmile_pc042,-0.0020014112344619328
individual_engagement,engagement_target,linear_pca,opensmile_pc043,-0.001931428639485815
individual_engagement,engagement_target,linear_pca,opensmile_pc044,-0.0017880952442845687
individual_engagement,engagement_target,linear_pca,opensmile_pc045,-0.004336375647140381
individual_engagement,engagement_target,linear_pca,opensmile_pc046,0.005176951684934992
individual_engagement,engagement_target,linear_pca,opensmile_pc047,-0.00509353134156555
individual_engagement,engagement_target,linear_pca,opensmile_pc048,-0.0004130628048807286
individual_engagement,engagement_target,linear_pca,opensmile_pc049,0.0020992169089344547
individual_engagement,engagement_target,linear_pca,opensmile_pc050,0.0004696163536182214
individual_engagement,engagement_target,linear_pca,opensmile_pc051,-0.000371776635846878
individual_engagement,engagement_target,linear_pca,opensmile_pc052,0.005879269473571316
individual_engagement,engagement_target,linear_pca,opensmile_pc053,-0.00017644119243313738
individual_engagement,engagement_target,linear_pca,opensmile_pc054,-0.003177603693037964
individual_engagement,engagement_target,linear_pca,opensmile_pc055,-0.0002889116821401566
individual_engagement,engagement_target,linear_pca,opensmile_pc056,0.001925222391502927
individual_engagement,engagement_target,linear_pca,opensmile_pc057,-0.001562567384788331
individual_engagement,engagement_target,linear_pca,opensmile_pc058,-0.0057196442565685636
individual_engagement,engagement_target,linear_pca,opensmile_pc059,-0.0024071262746069213
individual_engagement,engagement_target,linear_pca,emow2v_pc001,-0.0035924231727541434
individual_engagement,engagement_target,linear_pca,emow2v_pc002,-0.025164354330771712
individual_engagement,engagement_target,linear_pca,emow2v_pc003,-0.025604380106008583
individual_engagement,engagement_target,linear_pca,emow2v_pc004,0.002891603960190932
individual_engagement,engagement_target,linear_pca,emow2v_pc005,0.01685137411061942
individual_engagement,engagement_target,linear_pca,emow2v_pc006,-0.009357276227173758
individual_engagement,engagement_target,linear_pca,emow2v_pc007,-0.0018692143744092735
individual_engagement,engagement_target,linear_pca,emow2v_pc008,0.007564937122158677
individual_engagement,engagement_target,linear_pca,emow2v_pc009,-0.015444723774029721
individual_engagement,engagement_target,linear_pca,emow2v_pc010,-0.012205609184015788
individual_engagement,engagement_target,linear_pca,emow2v_pc011,-0.016482147546408348
individual_engagement,engagement_target,linear_pca,emow2v_pc012,0.012395067316704245
individual_engagement,engagement_target,linear_pca,emow2v_pc013,0.01079468713867357
individual_engagement,engagement_target,linear_pca,emow2v_pc014,0.009007478314166331
individual_engagement,engagement_target,linear_pca,emow2v_pc015,0.008343448432819152
individual_engagement,engagement_target,linear_pca,emow2v_pc016,0.0003286844851915507
individual_engagement,engagement_target,linear_pca,emow2v_pc017,0.0014980221711799165
individual_engagement,engagement_target,linear_pca,emow2v_pc018,-0.0004076587405744911
individual_engagement,engagement_target,linear_pca,emow2v_pc019,0.015843117960771518
individual_engagement,engagement_target,linear_pca,emow2v_pc020,0.014095179570350651
individual_engagement,engagement_target,linear_pca,emow2v_pc021,0.010013237744437253
individual_engagement,engagement_target,linear_pca,emow2v_pc022,0.017767112267987096
individual_engagement,engagement_target,linear_pca,emow2v_pc023,-0.005857098394921069
individual_engagement,engagement_target,linear_pca,emow2v_pc024,0.0032714074381032677
individual_engagement,engagement_target,linear_pca,emow2v_pc025,-0.004140451804564054
individual_engagement,engagement_target,linear_pca,emow2v_pc026,0.003393396719716629
individual_engagement,engagement_target,linear_pca,emow2v_pc027,0.017218975061775107
individual_engagement,engagement_target,linear_pca,emow2v_pc028,-0.003385969163988116
individual_engagement,engagement_target,linear_pca,emow2v_pc029,-0.02006766186468445
individual_engagement,engagement_target,linear_pca,emow2v_pc030,-0.003925594956656364
individual_engagement,engagement_target,linear_pca,emow2v_pc031,0.007817914280165658
individual_engagement,engagement_target,linear_pca,emow2v_pc032,0.004286426959302136
individual_engagement,engagement_target,linear_pca,emow2v_pc033,-0.006134749116742768
individual_engagement,engagement_target,linear_pca,emow2v_pc034,-0.005311196182427664
individual_engagement,engagement_target,linear_pca,emow2v_pc035,-0.009531717190596204
individual_engagement,engagement_target,linear_pca,emow2v_pc036,0.006936543333621071
individual_engagement,engagement_target,linear_pca,emow2v_pc037,-0.001798876264064628
individual_engagement,engagement_target,linear_pca,emow2v_pc038,-0.0031972865722695192
individual_engagement,engagement_target,linear_pca,emow2v_pc039,-0.007893330014814272
individual_engagement,engagement_target,linear_pca,emow2v_pc040,0.0018253940481390007
individual_engagement,engagement_target,linear_pca,emow2v_pc041,-0.00879984876157926
individual_engagement,engagement_target,linear_pca,emow2v_pc042,0.0020131360207285777
individual_engagement,engagement_target,linear_pca,emow2v_pc043,-0.0034246746980509447
individual_engagement,engagement_target,linear_pca,emow2v_pc044,-0.002561112252948999
individual_engagement,engagement_target,linear_pca,emow2v_pc045,0.01379655260014865
individual_engagement,engagement_target,linear_pca,emow2v_pc046,-0.0014157568538711498
individual_engagement,engagement_target,linear_pca,emow2v_pc047,-0.0018375284331697947
individual_engagement,engagement_target,linear_pca,emow2v_pc048,-0.007103152493388616
individual_engagement,engagement_target,linear_pca,emow2v_pc049,-0.012073666677174742
individual_engagement,engagement_target,linear_pca,emow2v_pc050,0.0006205248435618059
individual_engagement,engagement_target,linear_pca,emow2v_pc051,0.006401477046160588
individual_engagement,engagement_target,linear_pca,emow2v_pc052,0.008641717162455473
individual_engagement,engagement_target,linear_pca,sentiment_emb_pc001,0.0042053047869032
individual_engagement,engagement_target,linear_pca,sentiment_emb_pc002,0.024279845148302594
individual_engagement,engagement_target,linear_pca,sentiment_emb_pc003,-0.0016255620862521147
individual_engagement,engagement_target,linear_pca,sentiment_emb_pc004,0.012607399217960589
individual_engagement,engagement_target,linear_pca,sentiment_emb_pc005,-0.012639465615404737
individual_engagement,engagement_target,linear_pca,sentiment_emb_pc006,0.012178254380507781
individual_engagement,engagement_target,linear_pca,sentiment_emb_pc007,-0.002022500178925992
individual_engagement,engagement_target,linear_pca,sentiment_emb_pc008,-0.001166908763575019
individual_engagement,engagement_target,linear_pca,sentiment_emb_pc009,-0.013416324728686924
individual_engagement,engagement_target,linear_pca,sentiment_emb_pc010,-0.006921715118294793
individual_engagement,engagement_target,linear_pca,sentiment_emb_pc011,0.0019327901772315682
individual_engagement,engagement_target,linear_pca,sentiment_emb_pc012,0.0007814605824858473
individual_engagement,engagement_target,linear_pca,sentiment_emb_pc013,-0.0007927576845616611
individual_engagement,engagement_target,linear_pca,sentiment_emb_pc014,-0.00598887537440793
individual_engagement,engagement_target,linear_pca,sentiment_emb_pc015,-0.008185046918130826
individual_engagement,engagement_target,linear_pca,sentiment_emb_pc016,-0.0014308072238182732
individual_engagement,engagement_target,linear_pca,sentiment_emb_pc017,0.0005707483647786023
individual_engagement,engagement_target,linear_pca,sentiment_emb_pc018,0.0004983301296320959
individual_engagement,engagement_target,linear_pca,sentiment_emb_pc019,0.0013652859238382354
individual_engagement,engagement_target,linear_pca,sentiment_emb_pc020,-0.004885539267463794
individual_engagement,engagement_target,linear_pca,sentiment_emb_pc021,0.0018821197935234115
individual_engagement,engagement_target,linear_pca,sentiment_emb_pc022,0.006746662554153991
individual_engagement,engagement_target,linear_pca,sentiment_emb_pc023,0.00042511910962906197
individual_engagement,engagement_target,linear_pca,sentiment_emb_pc024,0.007386489094725297
individual_engagement,engagement_target,linear_pca,sentiment_emb_pc025,-0.0019535423707461525
individual_engagement,engagement_target,linear_pca,sentiment_emb_pc026,-0.007189200240149929
individual_engagement,engagement_target,linear_pca,sentiment_emb_pc027,0.002567092883171386
individual_engagement,engagement_target,linear_pca,sentiment_emb_pc028,-0.001091142739006099
individual_engagement,engagement_target,linear_pca,sentiment_emb_pc029,0.010784877393348314
individual_engagement,engagement_target,linear_pca,sentiment_emb_pc030,-0.0028043219824714057
individual_engagement,engagement_target,linear_pca,sentiment_emb_pc031,0.007263509329168612
individual_engagement,engagement_target,linear_pca,sentiment_emb_pc032,0.004592842396272777
individual_engagement,engagement_target,linear_pca,sentiment_emb_pc033,-0.016027479507457032
individual_engagement,engagement_target,linear_pca,sentiment_emb_pc034,-9.958140804925635e-05
individual_engagement,engagement_target,linear_pca,sentiment_emb_pc035,0.013803405766737813
individual_engagement,engagement_target,linear_pca,sentiment_emb_pc036,-0.0012304007557373932
individual_engagement,engagement_target,linear_pca,sentiment_emb_pc037,0.000938484767811997
individual_engagement,engagement_target,linear_pca,sentiment_emb_pc038,-0.0047115612185992
individual_engagement,engagement_target,linear_pca,sentiment_emb_pc039,-0.003944763073811417
individual_engagement,engagement_target,linear_pca,sentiment_emb_pc040,-0.0005637305688903888
individual_engagement,engagement_target,linear_pca,sentiment_emb_pc041,0.003347529261332179
individual_engagement,engagement_target,linear_pca,sentiment_emb_pc042,-0.015442366403468041
individual_engagement,engagement_target,linear_pca,sentiment_emb_pc043,0.0029148656175210902
individual_engagement,engagement_target,linear_pca,sentiment_emb_pc044,0.004100061419508028
individual_engagement,engagement_target,linear_pca,sentiment_emb_pc045,0.004704492701493502
individual_engagement,engagement_target,linear_pca,sentiment_emb_pc046,0.0009710669538203429
individual_engagement,engagement_target,linear_pca,sentiment_emb_pc047,0.005153836010398599
individual_engagement,engagement_target,linear_pca,sentiment_emb_pc048,-0.0037697699661608593
individual_engagement,engagement_target,linear_pca,sentiment_emb_pc049,-0.0016116983681201925
individual_engagement,engagement_target,linear_pca,sentiment_emb_pc050,-0.005962146181615573
individual_engagement,engagement_target,linear_pca,sentiment_emb_pc051,0.004445269004713305
individual_engagement,engagement_target,linear_pca,sentiment_emb_pc052,0.010665772309932433
individual_engagement,engagement_target,linear_pca,sentiment_emb_pc053,0.004297849681645953
individual_engagement,engagement_target,linear_pca,sentiment_emb_pc054,0.00034969430649293135
individual_engagement,engagement_target,linear_pca,sentiment_emb_pc055,-0.0006985172791630117
individual_engagement,engagement_target,linear_pca,sentiment_emb_pc056,-0.009758253324193654
individual_engagement,engagement_target,linear_pca,sentiment_emb_pc057,0.0008335914937036671
individual_engagement,engagement_target,linear_pca,sentiment_emb_pc058,-0.0028069572828706216
individual_engagement,engagement_target,linear_pca,sentiment_emb_pc059,0.007805870801645464
individual_engagement,engagement_target,linear_pca,sentiment_emb_pc060,-0.004657619498073802
individual_engagement,engagement_target,linear_pca,sentiment_emb_pc061,-0.007627399482890665
individual_engagement,engagement_target,linear_pca,sentiment_emb_pc062,-0.0010855873695824914
individual_engagement,engagement_target,linear_pca,sentiment_emb_pc063,-0.0007391640780056961
individual_engagement,engagement_target,linear_pca,sentiment_emb_pc064,-0.0009138957038285382
individual_engagement,engagement_target,linear_pca,sentiment_emb_pc065,-0.004249324760857108
individual_engagement,engagement_target,linear_pca,sentiment_emb_pc066,0.0023902445328839905
individual_engagement,engagement_target,linear_pca,sentiment_emb_pc067,-0.0018261064205032506
individual_engagement,engagement_target,linear_pca,sentiment_emb_pc068,0.001955592229624447
individual_engagement,engagement_target,linear_pca,sentiment_emb_pc069,6.189203264500426e-05
individual_engagement,engagement_target,linear_pca,sentiment_emb_pc070,-0.008044647498782856
individual_engagement,engagement_target,linear_pca,sentiment_emb_pc071,-0.006525023024627791
individual_engagement,engagement_target,linear_pca,sentiment_emb_pc072,-0.0048375451100442935
individual_engagement,engagement_target,linear_pca,sentiment_emb_pc073,0.012554536199590514
individual_engagement,engagement_target,linear_pca,sentiment_emb_pc074,-0.002073430425818039
individual_engagement,engagement_target,linear_pca,sentiment_emb_pc075,0.006738280151706214
individual_engagement,engagement_target,linear_pca,sentiment_emb_pc076,0.0004476374689037716
individual_engagement,engagement_target,linear_pca,sentiment_emb_pc077,0.000565954767940426
individual_engagement,engagement_target,linear_pca,sentiment_emb_pc078,0.00854521949886614
individual_engagement,engagement_target,linear_pca,sentiment_emb_pc079,-0.001953817869414478
individual_engagement,engagement_target,linear_pca,sentiment_emb_pc080,-0.0008035609968157232
individual_engagement,engagement_target,linear_pca,sentiment_emb_pc081,0.0032682833788064327
individual_engagement,engagement_target,linear_pca,sentiment_emb_pc082,0.0015404323315411903
individual_engagement,engagement_target,linear_pca,sentiment_emb_pc083,0.009159365382172631
individual_engagement,engagement_target,linear_pca,sentiment_emb_pc084,0.0011069960514330727
individual_engagement,engagement_target,linear_pca,sentiment_emb_pc085,-0.0058410101617944665
individual_engagement,engagement_target,linear_pca,sentiment_emb_pc086,-0.00015588818584341872
individual_engagement,engagement_target,linear_pca,sentiment_emb_pc087,0.00631483447384955
individual_engagement,engagement_target,linear_pca,sentiment_emb_pc088,-0.0036660875580883756
individual_engagement,engagement_target,linear_pca,sentiment_emb_pc089,-0.0018856132064042736
individual_engagement,engagement_target,linear_pca,sentiment_emb_pc090,0.0010757060222801207
individual_engagement,engagement_target,linear_pca,sentiment_emb_pc091,0.002459044787793246
individual_engagement,engagement_target,linear_pca,sentiment_emb_pc092,0.0036777099542070557
individual_engagement,engagement_target,linear_pca,sentiment_emb_pc093,-0.004892416834289218
individual_engagement,engagement_target,linear_pca,sentiment_emb_pc094,-0.005725194348718275
individual_engagement,engagement_target,linear_pca,sentiment_emb_pc095,-0.0033918834765097484
individual_engagement,engagement_target,linear_pca,sentiment_emb_pc096,-0.006121468585477938
individual_engagement,engagement_target,linear_pca,sentiment_emb_pc097,0.004859418840852222
individual_engagement,engagement_target,linear_pca,sentiment_emb_pc098,-0.0031683442277947132
individual_engagement,engagement_target,linear_pca,sentiment_emb_pc099,-0.008972930591150919
individual_engagement,engagement_target,linear_pca,sentiment_emb_pc100,0.009615837031889196
individual_engagement,engagement_target,linear_pca,sentiment_emb_pc101,-0.0002660796546052612
individual_engagement,engagement_target,linear_pca,sentiment_emb_pc102,0.0017911289165347395
individual_engagement,engagement_target,linear_pca,sentiment_emb_pc103,0.00945903264602562
individual_engagement,engagement_target,linear_pca,sentiment_emb_pc104,0.006164287488179707
individual_engagement,engagement_target,linear_pca,sentiment_emb_pc105,0.005571749239032393
individual_engagement,engagement_target,linear_pca,sentiment_emb_pc106,-0.004088197330037816
individual_engagement,engagement_target,linear_pca,sentiment_emb_pc107,-0.0032142724937595213
individual_engagement,engagement_target,linear_pca,sentiment_emb_pc108,-0.005136441097442215
individual_engagement,engagement_target,linear_pca,sentiment_emb_pc109,-0.0005483681838287647
individual_engagement,engagement_target,linear_pca,sentiment_emb_pc110,-0.004799341367372114
individual_engagement,engagement_target,linear_pca,sentiment_emb_pc111,-0.0011088807691281364
individual_engagement,engagement_target,linear_pca,sentiment_emb_pc112,-0.005989310953381135
individual_engagement,engagement_target,linear_pca,sentiment_emb_pc113,0.005096194408470354
individual_engagement,engagement_target,linear_pca,sentiment_emb_pc114,0.002107848528628282
individual_engagement,engagement_target,linear_pca,sentiment_emb_pc115,0.0019072945448731181
individual_engagement,engagement_target,linear_pca,sentiment_emb_pc116,-0.0016120998628856985
individual_engagement,engagement_target,linear_pca,sentiment_emb_pc117,-0.0022973413761381623
individual_engagement,engagement_target,linear_pca,sentiment_emb_pc118,0.0011374665417102955
individual_engagement,engagement_target,linear_pca,sentiment_emb_pc119,-0.0014167489966707698
individual_engagement,engagement_target,linear_pca,sentiment_emb_pc120,0.011353808001056096
individual_engagement,engagement_target,linear_pca,sentiment_emb_pc121,0.005049963771133049
individual_engagement,engagement_target,linear_pca,sentiment_emb_pc122,-0.00021801234211733794
individual_engagement,engagement_target,linear_pca,sentiment_emb_pc123,0.0022281952212331413
individual_engagement,engagement_target,linear_pca,sentiment_emb_pc124,0.003667363381135784
individual_engagement,engagement_target,linear_pca,sentiment_emb_pc125,0.0011107124427863354
individual_engagement,engagement_target,linear_pca,sentiment_emb_pc126,0.0008327769297317391
individual_engagement,engagement_target,linear_pca,sentiment_emb_pc127,-0.0041420240181285
individual_engagement,engagement_target,linear_pca,sentiment_emb_pc128,-0.002910402488970707
individual_engagement,engagement_target,linear_pca,sentiment_emb_pc129,0.009146204666491669
individual_engagement,engagement_target,linear_pca,sentiment_emb_pc130,-0.002077332398831099
individual_engagement,engagement_target,linear_pca,sentiment_emb_pc131,-0.010405586797663954
individual_engagement,engagement_target,linear_pca,sentiment_emb_pc132,0.0032961845912811085
individual_engagement,engagement_target,linear_pca,sentiment_emb_pc133,-0.00037883588150573695
individual_engagement,engagement_target,linear_pca,sentiment_emb_pc134,-0.0005770537152117172
individual_engagement,engagement_target,linear_pca,sentiment_emb_pc135,0.0008038776553971186
individual_engagement,engagement_target,linear_pca,sentiment_emb_pc136,-0.0008635855722827888
individual_engagement,engagement_target,linear_pca,sentiment_emb_pc137,0.004969178097484329
individual_engagement,engagement_target,linear_pca,sentiment_emb_pc138,0.004803003053918852
individual_engagement,engagement_target,linear_pca,sentiment_emb_pc139,0.0005291606860465907
individual_engagement,engagement_target,linear_pca,sentiment_emb_pc140,-0.0013512548853406542
individual_engagement,engagement_target,linear_pca,sentiment_emb_pc141,-0.0005389695080257557
individual_engagement,engagement_target,linear_pca,sentiment_emb_pc142,0.006136954304242976
individual_engagement,engagement_target,linear_pca,sentiment_emb_pc143,0.004075217026331092
individual_engagement,engagement_target,linear_pca,sentiment_emb_pc144,1.628889507107654e-05
individual_engagement,engagement_target,linear_pca,sentiment_emb_pc145,-0.011667023401154072
individual_engagement,engagement_target,linear_pca,sentiment_emb_pc146,-0.006037581091539732
individual_engagement,engagement_target,linear_pca,sentiment_emb_pc147,0.0029617833738998056
individual_engagement,engagement_target,linear_pca,sentiment_emb_pc148,0.0030774476048769615
individual_engagement,engagement_target,linear_pca,sentiment_emb_pc149,-0.0010406348972512626
individual_engagement,engagement_target,linear_pca,sentiment_emb_pc150,-0.001852177399897266
individual_engagement,engagement_target,linear_pca,sentiment_emb_pc151,0.0019400992070533994
individual_engagement,engagement_target,linear_pca,sentiment_emb_pc152,-0.006196424468271109
individual_engagement,engagement_target,linear_pca,sentiment_emb_pc153,-0.0016936510592480763
individual_engagement,engagement_target,linear_pca,sentiment_emb_pc154,0.003225973794907783
individual_engagement,engagement_target,linear_pca,sentiment_emb_pc155,0.0026456195504257554
individual_engagement,engagement_target,linear_pca,sentiment_emb_pc156,-5.789986937623269e-05
individual_engagement,engagement_target,linear_pca,sentiment_emb_pc157,0.006267729566142731
individual_engagement,engagement_target,linear_pca,sentiment_emb_pc158,-0.0004188469839194662
individual_engagement,engagement_target,linear_pca,sentiment_emb_pc159,-0.0009813954091531095
individual_engagement,engagement_target,linear_pca,sentiment_emb_pc160,0.003936884502663701
individual_engagement,engagement_target,linear_pca,sentiment_emb_pc161,0.0014229918691874622
individual_engagement,engagement_target,linear_pca,sentiment_emb_pc162,-0.0029842244278111907
individual_engagement,engagement_target,linear_pca,sentiment_emb_pc163,0.0011730682527490873
individual_engagement,engagement_target,linear_pca,sentiment_emb_pc164,-0.0071866653307565516
individual_engagement,engagement_target,linear_pca,sentiment_emb_pc165,0.005905813868744987
individual_engagement,engagement_target,linear_pca,sentiment_emb_pc166,-0.00331905113168447
individual_engagement,engagement_target,linear_pca,sentiment_emb_pc167,0.005374554067162838
individual_engagement,engagement_target,linear_pca,sentiment_emb_pc168,0.002726570467185059
individual_engagement,engagement_target,linear_pca,sentiment_emb_pc169,-0.0022420687002726735
individual_engagement,engagement_target,linear_pca,sentiment_emb_pc170,-0.003545007509170231
individual_engagement,engagement_target,linear_pca,sentiment_emb_pc171,0.0015176668517304292
individual_engagement,engagement_target,linear_pca,sentiment_emb_pc172,-0.0040201562776412325
individual_engagement,engagement_target,linear_pca,sentiment_emb_pc173,-0.003332165271191282
individual_engagement,engagement_target,linear_pca,sentiment_emb_pc174,0.007102901917833975
individual_engagement,engagement_target,linear_pca,sentiment_emb_pc175,-0.004655992617847313
individual_engagement,engagement_target,linear_pca,sentiment_emb_pc176,0.0007645999015435138
individual_engagement,engagement_target,linear_pca,sentiment_emb_pc177,-0.0004136868095995147
individual_engagement,engagement_target,linear_pca,sentiment_emb_pc178,-0.008038713803754021
individual_engagement,engagement_target,linear_pca,sentiment_emb_pc179,0.0015032991618541805
individual_engagement,engagement_target,linear_pca,sentiment_emb_pc180,-0.006411227308624857
individual_engagement,engagement_target,linear_pca,sentiment_emb_pc181,-0.01039830379691058
individual_engagement,engagement_target,linear_pca,sentiment_emb_pc182,-0.006501335631603192
individual_engagement,engagement_target,linear_pca,sentiment_emb_pc183,0.0011272766555953159
individual_engagement,engagement_target,linear_pca,sentiment_emb_pc184,-0.0003510543767227238
individual_engagement,engagement_target,linear_pca,sentiment_emb_pc185,-0.0002603919279642935
individual_engagement,engagement_target,linear_pca,sentiment_emb_pc186,0.0015624100415784245
individual_engagement,engagement_target,linear_pca,sentiment_emb_pc187,0.0002774393594752208
individual_engagement,engagement_target,linear_pca,sentiment_emb_pc188,0.002179038062208833
individual_engagement,engagement_target,linear_pca,sentiment_emb_pc189,0.00029795206207386675
individual_engagement,engagement_target,linear_pca,sentiment_emb_pc190,0.002111582263033908
individual_engagement,engagement_target,linear_pca,sentiment_emb_pc191,-0.0021352699334387937
individual_engagement,engagement_target,linear_pca,sentiment_emb_pc192,0.0013948391560685905
individual_engagement,engagement_target,linear_pca,sentiment_emb_pc193,0.0003359010365064734
individual_engagement,engagement_target,linear_pca,sentiment_emb_pc194,-0.0050286660252717085
individual_engagement,engagement_target,linear_pca,sentiment_emb_pc195,0.0011186214157446984
individual_engagement,engagement_target,linear_pca,sentiment_emb_pc196,0.0018448423488678985
individual_engagement,engagement_target,linear_pca,sentiment_emb_pc197,0.0036546361400750203
individual_engagement,engagement_target,linear_pca,sentiment_emb_pc198,0.006738593041515774
individual_engagement,engagement_target,linear_pca,sentiment_emb_pc199,0.004027991629318248
individual_engagement,engagement_target,linear_pca,sentiment_emb_pc200,0.004343561092138399
individual_engagement,engagement_target,linear_pca,sentiment_emb_pc201,0.0049628449558647685
individual_engagement,engagement_target,linear_pca,sentiment_emb_pc202,-0.0009348753034540897
individual_engagement,engagement_target,linear_pca,sentiment_emb_pc203,-0.0036340186804672578
individual_engagement,engagement_target,linear_pca,sentiment_emb_pc204,0.0005864700500641535
individual_engagement,engagement_target,linear_pca,sentiment_emb_pc205,-0.007292832581353988
individual_engagement,engagement_target,linear_pca,sentiment_emb_pc206,-0.004589098859628006
individual_engagement,engagement_target,linear_pca,sentiment_emb_pc207,0.001979826774688096
individual_engagement,engagement_target,linear_pca,sentiment_emb_pc208,0.007604484118402324
individual_engagement,engagement_target,linear_pca,sentiment_emb_pc209,-0.000999656854459854
individual_engagement,engagement_target,linear_pca,sentiment_emb_pc210,0.0005316899490103754
individual_engagement,engagement_target,linear_pca,sentiment_emb_pc211,0.0003416230899109285
individual_engagement,engagement_target,linear_pca,sentiment_emb_pc212,0.0036945436700145232
individual_engagement,engagement_target,linear_pca,sentiment_emb_pc213,-0.0016159822305248767
individual_engagement,engagement_target,linear_pca,sentiment_emb_pc214,-0.002069784741482241
individual_engagement,engagement_target,linear_pca,sentiment_emb_pc215,-0.0005727055454942789
individual_engagement,engagement_target,linear_pca,sentiment_emb_pc216,0.0007303554041064725
individual_engagement,engagement_target,linear_pca,sentiment_emb_pc217,-0.0028723495872545702
individual_engagement,engagement_target,linear_pca,sentiment_emb_pc218,0.002351707846222521
individual_engagement,engagement_target,linear_pca,sentiment_emb_pc219,-0.004410765044941073
individual_engagement,engagement_target,linear_pca,sentiment_emb_pc220,0.0051876931955155085
individual_engagement,engagement_target,linear_pca,sentiment_emb_pc221,1.487698229475376e-05
individual_engagement,engagement_target,linear_pca,sentiment_emb_pc222,-0.0004058771536415453
individual_engagement,engagement_target,linear_pca,sentiment_emb_pc223,-0.004027242010634351
individual_engagement,engagement_target,linear_pca,sentiment_emb_pc224,0.0025595646745590114
individual_engagement,engagement_target,linear_pca,sentiment_emb_pc225,0.0010507436711169793
individual_engagement,engagement_target,linear_pca,sentiment_emb_pc226,0.005499389698562204
individual_engagement,engagement_target,linear_pca,sentiment_emb_pc227,0.003179910905701245
individual_engagement,engagement_target,linear_pca,sentiment_emb_pc228,-0.0003192617151741071
individual_engagement,engagement_target,linear_pca,sentiment_emb_pc229,-0.003958302643268055
individual_engagement,engagement_target,linear_pca,sentiment_emb_pc230,-0.003917508284090799
individual_engagement,engagement_target,linear_pca,sentiment_emb_pc231,0.0038953432933343302
individual_engagement,engagement_target,linear_pca,sentiment_emb_pc232,-0.009867682473597225
individual_engagement,engagement_target,linear_pca,sentiment_emb_pc233,0.00236912850294706
individual_engagement,engagement_target,linear_pca,sentiment_emb_pc234,0.0003310852830809838
individual_engagement,engagement_target,linear_pca,sentiment_emb_pc235,0.001610339111614243
individual_engagement,engagement_target,linear_pca,sentiment_emb_pc236,0.00253475327303411
individual_engagement,engagement_target,linear_pca,sentiment_emb_pc237,0.004942982573779411
individual_engagement,engagement_target,linear_pca,sentiment_emb_pc238,-0.0008305222684861444
individual_engagement,engagement_target,linear_pca,sentiment_emb_pc239,-0.0012281329629102915
individual_engagement,engagement_target,linear_pca,sentiment_emb_pc240,-0.012345588067939743
individual_engagement,engagement_target,linear_pca,sentiment_emb_pc241,-0.00375276494167855
individual_engagement,engagement_target,linear_pca,sentiment_emb_pc242,0.005108156319475762
individual_engagement,engagement_target,linear_pca,sentiment_emb_pc243,0.004959334880150634
individual_engagement,engagement_target,linear_pca,sentiment_emb_pc244,0.008137782978851203
individual_engagement,engagement_target,linear_pca,sentiment_emb_pc245,-0.00215635936980085
individual_engagement,engagement_target,linear_pca,sentiment_emb_pc246,-0.0063107530968738905
individual_engagement,engagement_target,linear_pca,sentiment_emb_pc247,-0.00285942819358342
individual_engagement,engagement_target,linear_pca,sentiment_emb_pc248,0.002674518579799871
individual_engagement,engagement_target,linear_pca,sentiment_emb_pc249,0.0008799227289747836
individual_engagement,engagement_target,linear_pca,sentiment_emb_pc250,-0.0015999707620185503
individual_engagement,engagement_target,linear_pca,sentiment_emb_pc251,-0.0002762426348395726
individual_engagement,engagement_target,linear_pca,sentiment_emb_pc252,6.400536594334879e-05
individual_engagement,engagement_target,linear_pca,sentiment_emb_pc253,-0.0019703533573995798
individual_engagement,engagement_target,linear_pca,sentiment_emb_pc254,0.004536207722753056
individual_engagement,engagement_target,linear_pca,sentiment_emb_pc255,-0.0022862337482696927
individual_engagement,engagement_target,linear_pca,sentiment_emb_pc256,-0.0010656317470311382
individual_engagement,engagement_target,linear_pca,sentiment_emb_pc257,0.001153025254040164
individual_engagement,engagement_target,linear_pca,sentiment_emb_pc258,-5.2456940502170366e-05
individual_engagement,engagement_target,linear_pca,sentiment_emb_pc259,-0.0044296506612397195
individual_engagement,engagement_target,linear_pca,sentiment_emb_pc260,-0.004006210962531952
individual_engagement,engagement_target,linear_pca,sentiment_emb_pc261,0.002249797563289171
individual_engagement,engagement_target,linear_pca,sentiment_emb_pc262,-0.010181725355332164
individual_engagement,engagement_target,linear_pca,sentiment_emb_pc263,8.052208540980213e-05
individual_engagement,engagement_target,linear_pca,sentiment_emb_pc264,0.002118098973354596
individual_engagement,engagement_target,linear_pca,sentiment_emb_pc265,0.0006113778969188326
individual_engagement,engagement_target,linear_pca,sentiment_emb_pc266,0.00032723944428606925
individual_engagement,engagement_target,linear_pca,sentiment_emb_pc267,-0.0012887140563105782
individual_engagement,engagement_target,linear_pca,sentiment_emb_pc268,-0.0015177119716526933
individual_engagement,engagement_target,linear_pca,sentiment_emb_pc269,-0.000555909007269426
individual_engagement,engagement_target,linear_pca,sentiment_emb_pc270,0.005716565487630756
individual_engagement,engagement_target,linear_pca,sentiment_emb_pc271,0.005391585352420133
individual_engagement,engagement_target,linear_pca,sentiment_emb_pc272,0.0019010349430855305
individual_engagement,engagement_target,linear_pca,sentiment_emb_pc273,0.004880968953882278
individual_engagement,engagement_target,linear_pca,sentiment_emb_pc274,0.0028527977969187036
individual_engagement,engagement_target,linear_pca,sentiment_emb_pc275,-0.002253626131251049
individual_engagement,engagement_target,linear_pca,sentiment_emb_pc276,0.008623426841697193
individual_engagement,engagement_target,linear_pca,sentiment_emb_pc277,-0.0007646419949788579
individual_engagement,engagement_target,linear_pca,sentiment_emb_pc278,-0.003254938935258872
individual_engagement,engagement_target,linear_pca,sentiment_emb_pc279,0.0075981564595639355
individual_engagement,engagement_target,linear_pca,sentiment_emb_pc280,-0.0047474257620734785
individual_engagement,engagement_target,linear_pca,sentiment_emb_pc281,-0.002170563175364625
individual_engagement,engagement_target,linear_pca,sentiment_emb_pc282,0.0010328053745608942
individual_engagement,engagement_target,linear_pca,sentiment_emb_pc283,-0.006247037886519987
individual_engagement,engagement_target,linear_pca,sentiment_emb_pc284,0.007362391180588652
individual_engagement,engagement_target,linear_pca,sentiment_emb_pc285,-0.0049026759341612184
individual_engagement,engagement_target,linear_pca,sentiment_emb_pc286,-0.0042118356571718965
individual_engagement,engagement_target,linear_pca,sentiment_emb_pc287,-0.008976801696949737
individual_engagement,engagement_target,linear_pca,sentiment_emb_pc288,0.0023767986447369212
individual_engagement,engagement_target,linear_pca,sentiment_emb_pc289,-0.004959864479614758
individual_engagement,engagement_target,linear_pca,sentiment_emb_pc290,0.003417983941707802
individual_engagement,engagement_target,linear_pca,sentiment_emb_pc291,-0.003082642547660088
individual_engagement,engagement_target,linear_pca,sentiment_emb_pc292,-0.0011525284955238978
individual_engagement,engagement_target,linear_pca,sentiment_emb_pc293,-0.0026774046818052954
individual_engagement,engagement_target,linear_pca,sentiment_emb_pc294,-0.0016800086098017549
individual_engagement,engagement_target,linear_pca,sentiment_emb_pc295,0.0011331760844084198
individual_engagement,engagement_target,linear_pca,sentiment_emb_pc296,-0.005220583512411268
individual_engagement,engagement_target,linear_pca,sentiment_emb_pc297,0.000616820820967744
individual_engagement,engagement_target,linear_pca,sentiment_emb_pc298,-0.0015592748879419008
individual_engagement,engagement_target,linear_pca,sentiment_emb_pc299,-0.0029387684428076656
individual_engagement,engagement_target,linear_pca,sentiment_emb_pc300,0.0016157227994649992
individual_engagement,engagement_target,linear_pca,sentiment_emb_pc301,0.00376230545181022
individual_engagement,engagement_target,linear_pca,sentiment_emb_pc302,0.00316616220083408
individual_engagement,engagement_target,linear_pca,sentiment_emb_pc303,0.00020896004035309465
individual_engagement,engagement_target,linear_pca,sentiment_emb_pc304,0.0015338332508973936
individual_engagement,engagement_target,linear_pca,sentiment_emb_pc305,0.004692293186562331
individual_engagement,engagement_target,linear_pca,sentiment_emb_pc306,0.0007627280128976876
individual_engagement,engagement_target,linear_pca,sentiment_emb_pc307,-0.0031385202601412233
individual_engagement,engagement_target,logistic_pca,segment_duration_s,-0.3728513303676927
individual_engagement,engagement_target,logistic_pca,word_count,1.0852204616788241
individual_engagement,engagement_target,logistic_pca,avg_word_length,0.266974266391846
individual_engagement,engagement_target,logistic_pca,words_per_second,-0.32575438648104516
individual_engagement,engagement_target,logistic_pca,question,-0.027893366429001736
individual_engagement,engagement_target,logistic_pca,statement,0.027893366429002153
individual_engagement,engagement_target,logistic_pca,sentiment_p_blue_mean,0.2522446951118456
individual_engagement,engagement_target,logistic_pca,sentiment_p_green_mean,-0.11542148051749064
individual_engagement,engagement_target,logistic_pca,sentiment_p_red_mean,-0.17236170206514845
individual_engagement,engagement_target,logistic_pca,arousal_mean,0.38618179832597843
individual_engagement,engagement_target,logistic_pca,dominance_mean,-0.8757268657814787
individual_engagement,engagement_target,logistic_pca,valence_mean,-0.026277597610956313
individual_engagement,engagement_target,logistic_pca,role_p_green,0.5448385215762102
individual_engagement,engagement_target,logistic_pca,role_p_red,0.030936745179430618
individual_engagement,engagement_target,logistic_pca,opensmile_pc001,0.20321478885852065
individual_engagement,engagement_target,logistic_pca,opensmile_pc002,0.07918166889735909
individual_engagement,engagement_target,logistic_pca,opensmile_pc003,-0.022045692801104088
individual_engagement,engagement_target,logistic_pca,opensmile_pc004,0.1973431590807621
individual_engagement,engagement_target,logistic_pca,opensmile_pc005,0.18778782295641105
individual_engagement,engagement_target,logistic_pca,opensmile_pc006,-0.013770827135338271
individual_engagement,engagement_target,logistic_pca,opensmile_pc007,-0.062474740965768084
individual_engagement,engagement_target,logistic_pca,opensmile_pc008,-0.022042148433937404
individual_engagement,engagement_target,logistic_pca,opensmile_pc009,0.028589837849264867
individual_engagement,engagement_target,logistic_pca,opensmile_pc010,-0.17354507781731018
individual_engagement,engagement_target,logistic_pca,opensmile_pc011,-0.10410635154489181
individual_engagement,engagement_target,logistic_pca,opensmile_pc012,0.005723436538678348
individual_engagement,engagement_target,logistic_pca,opensmile_pc013,-0.13173076601781608
individual_engagement,engagement_target,logistic_pca,opensmile_pc014,0.03455105243362886
individual_engagement,engagement_target,logistic_pca,opensmile_pc015,0.13398851293218192
individual_engagement,engagement_target,logistic_pca,opensmile_pc016,-0.006880332053069556
individual_engagement,engagement_target,logistic_pca,opensmile_pc017,-0.03857413746531282
individual_engagement,engagement_target,logistic_pca,opensmile_pc018,0.20996162621821254
individual_engagement,engagement_target,logistic_pca,opensmile_pc019,-0.1832503306770502
individual_engagement,engagement_target,logistic_pca,opensmile_pc020,-0.1940393718798279
individual_engagement,engagement_target,logistic_pca,opensmile_pc021,-0.037236410390118484
individual_engagement,engagement_target,logistic_pca,opensmile_pc022,0.08955834344562832
individual_engagement,engagement_target,logistic_pca,opensmile_pc023,0.08837648343733845
individual_engagement,engagement_target,logistic_pca,opensmile_pc024,-0.038165966042423866
individual_engagement,engagement_target,logistic_pca,opensmile_pc025,0.0081685816180932
individual_engagement,engagement_target,logistic_pca,opensmile_pc026,0.004080443640558093
individual_engagement,engagement_target,logistic_pca,opensmile_pc027,0.03088723565259358
individual_engagement,engagement_target,logistic_pca,opensmile_pc028,0.13576145093285324
individual_engagement,engagement_target,logistic_pca,opensmile_pc029,-0.06295888790538497
individual_engagement,engagement_target,logistic_pca,opensmile_pc030,-0.015045763341821028
individual_engagement,engagement_target,logistic_pca,opensmile_pc031,0.034727601363569456
individual_engagement,engagement_target,logistic_pca,opensmile_pc032,-0.027053747941169673
individual_engagement,engagement_target,logistic_pca,opensmile_pc033,0.12475825699475135
individual_engagement,engagement_target,logistic_pca,opensmile_pc034,0.029500986941432845
individual_engagement,engagement_target,logistic_pca,opensmile_pc035,-0.05672960198741244
individual_engagement,engagement_target,logistic_pca,opensmile_pc036,0.03766121399242522
individual_engagement,engagement_target,logistic_pca,opensmile_pc037,-0.09224251247066724
individual_engagement,engagement_target,logistic_pca,opensmile_pc038,0.05669208448199445
individual_engagement,engagement_target,logistic_pca,opensmile_pc039,0.1398983635392415
individual_engagement,engagement_target,logistic_pca,opensmile_pc040,0.05695587285309078
individual_engagement,engagement_target,logistic_pca,opensmile_pc041,0.004912344243514203
individual_engagement,engagement_target,logistic_pca,opensmile_pc042,-0.05729736273774121
individual_engagement,engagement_target,logistic_pca,opensmile_pc043,-0.007167936342704662
individual_engagement,engagement_target,logistic_pca,opensmile_pc044,-0.02226840391846021
individual_engagement,engagement_target,logistic_pca,opensmile_pc045,0.1264624783758942
individual_engagement,engagement_target,logistic_pca,opensmile_pc046,0.0017913497781458176
individual_engagement,engagement_target,logistic_pca,opensmile_pc047,-0.046464277291902195
individual_engagement,engagement_target,logistic_pca,opensmile_pc048,-0.03401629882096379
individual_engagement,engagement_target,logistic_pca,opensmile_pc049,0.0384020342158525
individual_engagement,engagement_target,logistic_pca,opensmile_pc050,-0.038484026590313296
individual_engagement,engagement_target,logistic_pca,opensmile_pc051,0.006574188085436726
individual_engagement,engagement_target,logistic_pca,opensmile_pc052,0.09896121326501993
individual_engagement,engagement_target,logistic_pca,opensmile_pc053,-0.028397695838651437
individual_engagement,engagement_target,logistic_pca,opensmile_pc054,-0.08330909914927787
individual_engagement,engagement_target,logistic_pca,opensmile_pc055,-0.07886997205304758
individual_engagement,engagement_target,logistic_pca,opensmile_pc056,-0.07637326514805114
individual_engagement,engagement_target,logistic_pca,opensmile_pc057,-0.04754074584654457
individual_engagement,engagement_target,logistic_pca,opensmile_pc058,-0.038753625208725835
individual_engagement,engagement_target,logistic_pca,opensmile_pc059,-0.0226893179086987
individual_engagement,engagement_target,logistic_pca,emow2v_pc001,-0.2799382478033249
individual_engagement,engagement_target,logistic_pca,emow2v_pc002,-0.20364611670235663
individual_engagement,engagement_target,logistic_pca,emow2v_pc003,-0.040224779625305386
individual_engagement,engagement_target,logistic_pca,emow2v_pc004,0.08793320790154736
individual_engagement,engagement_target,logistic_pca,emow2v_pc005,0.24697715030991124
individual_engagement,engagement_target,logistic_pca,emow2v_pc006,-0.10443725994975349
individual_engagement,engagement_target,logistic_pca,emow2v_pc007,0.005964701734460975
individual_engagement,engagement_target,logistic_pca,emow2v_pc008,-0.010293161536930715
individual_engagement,engagement_target,logistic_pca,emow2v_pc009,-0.1828054616329955
individual_engagement,engagement_target,logistic_pca,emow2v_pc010,-0.13803223153090063
individual_engagement,engagement_target,logistic_pca,emow2v_pc011,-0.11915272019189956
individual_engagement,engagement_target,logistic_pca,emow2v_pc012,0.08333412523256645
individual_engagement,engagement_target,logistic_pca,emow2v_pc013,0.20289050523416727
individual_engagement,engagement_target,logistic_pca,emow2v_pc014,0.20257181604793975
individual_engagement,engagement_target,logistic_pca,emow2v_pc015,0.12986851678404907
individual_engagement,engagement_target,logistic_pca,emow2v_pc016,0.035109012919314904
individual_engagement,engagement_target,logistic_pca,emow2v_pc017,0.04007501152999651
individual_engagement,engagement_target,logistic_pca,emow2v_pc018,0.06014587993307345
individual_engagement,engagement_target,logistic_pca,emow2v_pc019,0.18602470871326296
individual_engagement,engagement_target,logistic_pca,emow2v_pc020,0.258963805705027
individual_engagement,engagement_target,logistic_pca,emow2v_pc021,0.11611168709272197
individual_engagement,engagement_target,logistic_pca,emow2v_pc022,0.23041288239323285
individual_engagement,engagement_target,logistic_pca,emow2v_pc023,-0.02736064901457697
individual_engagement,engagement_target,logistic_pca,emow2v_pc024,0.004655748724919814
individual_engagement,engagement_target,logistic_pca,emow2v_pc025,-0.02962877604633637
individual_engagement,engagement_target,logistic_pca,emow2v_pc026,0.07430164538376187
individual_engagement,engagement_target,logistic_pca,emow2v_pc027,0.21251915770517524
individual_engagement,engagement_target,logistic_pca,emow2v_pc028,-0.11749184689054083
individual_engagement,engagement_target,logistic_pca,emow2v_pc029,-0.20845417739476962
individual_engagement,engagement_target,logistic_pca,emow2v_pc030,-0.03651709361508258
individual_engagement,engagement_target,logistic_pca,emow2v_pc031,0.132778954779199
individual_engagement,engagement_target,logistic_pca,emow2v_pc032,0.09501162628498468
individual_engagement,engagement_target,logistic_pca,emow2v_pc033,-0.07549849114932754
individual_engagement,engagement_target,logistic_pca,emow2v_pc034,-0.09648149973571989
individual_engagement,engagement_target,logistic_pca,emow2v_pc035,-0.2244449548751777
individual_engagement,engagement_target,logistic_pca,emow2v_pc036,-0.038511984883447425
individual_engagement,engagement_target,logistic_pca,emow2v_pc037,-0.15926580517014755
individual_engagement,engagement_target,logistic_pca,emow2v_pc038,-0.11525930990403076
individual_engagement,engagement_target,logistic_pca,emow2v_pc039,-0.15853753506087945
individual_engagement,engagement_target,logistic_pca,emow2v_pc040,0.013636574741934818
individual_engagement,engagement_target,logistic_pca,emow2v_pc041,-0.22391915444770863
individual_engagement,engagement_target,logistic_pca,emow2v_pc042,-0.029225130600384695
individual_engagement,engagement_target,logistic_pca,emow2v_pc043,0.0046826898669826795
individual_engagement,engagement_target,logistic_pca,emow2v_pc044,-0.041311742973928964
individual_engagement,engagement_target,logistic_pca,emow2v_pc045,0.11099447920683332
individual_engagement,engagement_target,logistic_pca,emow2v_pc046,-0.006953400550399594
individual_engagement,engagement_target,logistic_pca,emow2v_pc047,-0.055013356569840355
individual_engagement,engagement_target,logistic_pca,emow2v_pc048,-0.0708389109928403
individual_engagement,engagement_target,logistic_pca,emow2v_pc049,-0.14366826786412995
individual_engagement,engagement_target,logistic_pca,emow2v_pc050,0.11139184836148514
individual_engagement,engagement_target,logistic_pca,emow2v_pc051,0.16259244082980825
individual_engagement,engagement_target,logistic_pca,emow2v_pc052,0.12438842455486618
individual_engagement,engagement_target,logistic_pca,sentiment_emb_pc001,0.04274397265613315
individual_engagement,engagement_target,logistic_pca,sentiment_emb_pc002,0.3390812476107053
individual_engagement,engagement_target,logistic_pca,sentiment_emb_pc003,0.03934667996122181
individual_engagement,engagement_target,logistic_pca,sentiment_emb_pc004,0.3000044115754074
individual_engagement,engagement_target,logistic_pca,sentiment_emb_pc005,-0.24710618732951622
individual_engagement,engagement_target,logistic_pca,sentiment_emb_pc006,-0.09342670857624598
individual_engagement,engagement_target,logistic_pca,sentiment_emb_pc007,-0.047438070241802646
individual_engagement,engagement_target,logistic_pca,sentiment_emb_pc008,0.04571499045688056
individual_engagement,engagement_target,logistic_pca,sentiment_emb_pc009,-0.16855399520934497
individual_engagement,engagement_target,logistic_pca,sentiment_emb_pc010,-0.07505410786504996
individual_engagement,engagement_target,logistic_pca,sentiment_emb_pc011,0.07556386581760542
individual_engagement,engagement_target,logistic_pca,sentiment_emb_pc012,0.06877902732632306
individual_engagement,engagement_target,logistic_pca,sentiment_emb_pc013,-0.1909402163131647
individual_engagement,engagement_target,logistic_pca,sentiment_emb_pc014,-0.060895531341471645
individual_engagement,engagement_target,logistic_pca,sentiment_emb_pc015,-0.13389369233268078
individual_engagement,engagement_target,logistic_pca,sentiment_emb_pc016,0.00967406324150282
individual_engagement,engagement_target,logistic_pca,sentiment_emb_pc017,0.044856234372451904
individual_engagement,engagement_target,logistic_pca,sentiment_emb_pc018,0.008853730322093311
individual_engagement,engagement_target,logistic_pca,sentiment_emb_pc019,-0.05317158847249219
individual_engagement,engagement_target,logistic_pca,sentiment_emb_pc020,-0.14776322621632362
individual_engagement,engagement_target,logistic_pca,sentiment_emb_pc021,0.08323007426658342
individual_engagement,engagement_target,logistic_pca,sentiment_emb_pc022,0.14015855183996595
individual_engagement,engagement_target,logistic_pca,sentiment_emb_pc023,0.051606473233270514
individual_engagement,engagement_target,logistic_pca,sentiment_emb_pc024,0.08430943699072295
individual_engagement,engagement_target,logistic_pca,sentiment_emb_pc025,-0.023346040942650415
individual_engagement,engagement_target,logistic_pca,sentiment_emb_pc026,0.03690213533484194
individual_engagement,engagement_target,logistic_pca,sentiment_emb_pc027,0.12460370281481507
individual_engagement,engagement_target,logistic_pca,sentiment_emb_pc028,-0.055285189749169183
individual_engagement,engagement_target,logistic_pca,sentiment_emb_pc029,0.01643631033342107
individual_engagement,engagement_target,logistic_pca,sentiment_emb_pc030,-0.0025290278389578542
individual_engagement,engagement_target,logistic_pca,sentiment_emb_pc031,0.15731063931021963
individual_engagement,engagement_target,logistic_pca,sentiment_emb_pc032,0.033879740936843074
individual_engagement,engagement_target,logistic_pca,sentiment_emb_pc033,-0.18360137902537144
individual_engagement,engagement_target,logistic_pca,sentiment_emb_pc034,-0.027848116547182816
individual_engagement,engagement_target,logistic_pca,sentiment_emb_pc035,0.2313383682262212
individual_engagement,engagement_target,logistic_pca,sentiment_emb_pc036,-0.045135173732787
individual_engagement,engagement_target,logistic_pca,sentiment_emb_pc037,-0.06488612147296226
individual_engagement,engagement_target,logistic_pca,sentiment_emb_pc038,-0.0739210284024185
individual_engagement,engagement_target,logistic_pca,sentiment_emb_pc039,-0.009769068870956658
individual_engagement,engagement_target,logistic_pca,sentiment_emb_pc040,-0.06168886149133956
individual_engagement,engagement_target,logistic_pca,sentiment_emb_pc041,-0.0026367494891452797
individual_engagement,engagement_target,logistic_pca,sentiment_emb_pc042,-0.30180725457417235
individual_engagement,engagement_target,logistic_pca,sentiment_emb_pc043,-0.006539322702445268
individual_engagement,engagement_target,logistic_pca,sentiment_emb_pc044,0.09499641209694883
individual_engagement,engagement_target,logistic_pca,sentiment_emb_pc045,0.06925737626248643
individual_engagement,engagement_target,logistic_pca,sentiment_emb_pc046,-0.1171719497285389
individual_engagement,engagement_target,logistic_pca,sentiment_emb_pc047,0.16288324022477618
individual_engagement,engagement_target,logistic_pca,sentiment_emb_pc048,0.009069527045249777
individual_engagement,engagement_target,logistic_pca,sentiment_emb_pc049,-0.01423953601815483
individual_engagement,engagement_target,logistic_pca,sentiment_emb_pc050,-0.02355057388391708
individual_engagement,engagement_target,logistic_pca,sentiment_emb_pc051,-0.007165847223299835
individual_engagement,engagement_target,logistic_pca,sentiment_emb_pc052,0.21914715491609962
individual_engagement,engagement_target,logistic_pca,sentiment_emb_pc053,0.03164975856550601
individual_engagement,engagement_target,logistic_pca,sentiment_emb_pc054,0.06728663383490961
individual_engagement,engagement_target,logistic_pca,sentiment_emb_pc055,-0.09229528310694143
individual_engagement,engagement_target,logistic_pca,sentiment_emb_pc056,-0.10479464927814351
individual_engagement,engagement_target,logistic_pca,sentiment_emb_pc057,-0.048240502883977444
individual_engagement,engagement_target,logistic_pca,sentiment_emb_pc058,-0.06796192520853434
individual_engagement,engagement_target,logistic_pca,sentiment_emb_pc059,0.17038657933023538
individual_engagement,engagement_target,logistic_pca,sentiment_emb_pc060,-0.04793337614391849
individual_engagement,engagement_target,logistic_pca,sentiment_emb_pc061,-0.09984491050082436
individual_engagement,engagement_target,logistic_pca,sentiment_emb_pc062,0.03376903512017727
individual_engagement,engagement_target,logistic_pca,sentiment_emb_pc063,0.09810580002029862
individual_engagement,engagement_target,logistic_pca,sentiment_emb_pc064,-0.052575908513354745
individual_engagement,engagement_target,logistic_pca,sentiment_emb_pc065,-0.04445073431070006
individual_engagement,engagement_target,logistic_pca,sentiment_emb_pc066,0.08969090528460846
individual_engagement,engagement_target,logistic_pca,sentiment_emb_pc067,-0.03085382140362711
individual_engagement,engagement_target,logistic_pca,sentiment_emb_pc068,0.04114835533764677
individual_engagement,engagement_target,logistic_pca,sentiment_emb_pc069,0.03997286917209025
individual_engagement,engagement_target,logistic_pca,sentiment_emb_pc070,-0.16465753365516053
individual_engagement,engagement_target,logistic_pca,sentiment_emb_pc071,-0.1884429340148164
individual_engagement,engagement_target,logistic_pca,sentiment_emb_pc072,-0.012532088278430959
individual_engagement,engagement_target,logistic_pca,sentiment_emb_pc073,0.1404985681345436
individual_engagement,engagement_target,logistic_pca,sentiment_emb_pc074,-0.0905541431137496
individual_engagement,engagement_target,logistic_pca,sentiment_emb_pc075,0.09114916724985729
individual_engagement,engagement_target,logistic_pca,sentiment_emb_pc076,-0.01588548289665781
individual_engagement,engagement_target,logistic_pca,sentiment_emb_pc077,0.0009282449706448101
individual_engagement,engagement_target,logistic_pca,sentiment_emb_pc078,0.17613464555272473
individual_engagement,engagement_target,logistic_pca,sentiment_emb_pc079,-0.09688181207634734
individual_engagement,engagement_target,logistic_pca,sentiment_emb_pc080,0.04757639677856169
individual_engagement,engagement_target,logistic_pca,sentiment_emb_pc081,0.08716164623434056
individual_engagement,engagement_target,logistic_pca,sentiment_emb_pc082,0.024949201713830558
individual_engagement,engagement_target,logistic_pca,sentiment_emb_pc083,0.0911618135847096
individual_engagement,engagement_target,logistic_pca,sentiment_emb_pc084,-0.030380636936817966
individual_engagement,engagement_target,logistic_pca,sentiment_emb_pc085,-0.11575594236718578
individual_engagement,engagement_target,logistic_pca,sentiment_emb_pc086,0.01221650289503529
individual_engagement,engagement_target,logistic_pca,sentiment_emb_pc087,0.12128289177396527
individual_engagement,engagement_target,logistic_pca,sentiment_emb_pc088,-0.04806348127746892
individual_engagement,engagement_target,logistic_pca,sentiment_emb_pc089,0.006912353579982353
individual_engagement,engagement_target,logistic_pca,sentiment_emb_pc090,-0.07707121371570012
individual_engagement,engagement_target,logistic_pca,sentiment_emb_pc091,0.024350477696303385
individual_engagement,engagement_target,logistic_pca,sentiment_emb_pc092,0.06737744684156081
individual_engagement,engagement_target,logistic_pca,sentiment_emb_pc093,-0.09345825070212434
individual_engagement,engagement_target,logistic_pca,sentiment_emb_pc094,-0.07581114098558597
individual_engagement,engagement_target,logistic_pca,sentiment_emb_pc095,-0.015445062947710923
individual_engagement,engagement_target,logistic_pca,sentiment_emb_pc096,-0.058018683020380754
individual_engagement,engagement_target,logistic_pca,sentiment_emb_pc097,0.09138323539904114
individual_engagement,engagement_target,logistic_pca,sentiment_emb_pc098,-0.11185273461604982
individual_engagement,engagement_target,logistic_pca,sentiment_emb_pc099,-0.1223593834456501
individual_engagement,engagement_target,logistic_pca,sentiment_emb_pc100,0.058745529279294315
individual_engagement,engagement_target,logistic_pca,sentiment_emb_pc101,0.03244824572294338
individual_engagement,engagement_target,logistic_pca,sentiment_emb_pc102,-0.04911572718944577
individual_engagement,engagement_target,logistic_pca,sentiment_emb_pc103,0.10052025658498656
individual_engagement,engagement_target,logistic_pca,sentiment_emb_pc104,0.020663059982091614
individual_engagement,engagement_target,logistic_pca,sentiment_emb_pc105,0.1112176781636415
individual_engagement,engagement_target,logistic_pca,sentiment_emb_pc106,-0.03739589246811258
individual_engagement,engagement_target,logistic_pca,sentiment_emb_pc107,0.0031918097091812323
individual_engagement,engagement_target,logistic_pca,sentiment_emb_pc108,0.0005534749905972583
individual_engagement,engagement_target,logistic_pca,sentiment_emb_pc109,0.00844168939221032
individual_engagement,engagement_target,logistic_pca,sentiment_emb_pc110,-0.10729963707471078
individual_engagement,engagement_target,logistic_pca,sentiment_emb_pc111,0.058755731601148005
individual_engagement,engagement_target,logistic_pca,sentiment_emb_pc112,-0.17884152973707568
individual_engagement,engagement_target,logistic_pca,sentiment_emb_pc113,0.12381505135261028
individual_engagement,engagement_target,logistic_pca,sentiment_emb_pc114,-0.006134420056372285
individual_engagement,engagement_target,logistic_pca,sentiment_emb_pc115,0.008623969712466921
individual_engagement,engagement_target,logistic_pca,sentiment_emb_pc116,-0.050382277350087004
individual_engagement,engagement_target,logistic_pca,sentiment_emb_pc117,-0.00633168560460838
individual_engagement,engagement_target,logistic_pca,sentiment_emb_pc118,-0.023709814151993122
individual_engagement,engagement_target,logistic_pca,sentiment_emb_pc119,-0.05516493340797156
individual_engagement,engagement_target,logistic_pca,sentiment_emb_pc120,0.14574202073249196
individual_engagement,engagement_target,logistic_pca,sentiment_emb_pc121,0.03377039785564345
individual_engagement,engagement_target,logistic_pca,sentiment_emb_pc122,-0.01724329947937546
individual_engagement,engagement_target,logistic_pca,sentiment_emb_pc123,0.05780761098396178
individual_engagement,engagement_target,logistic_pca,sentiment_emb_pc124,0.08787948717791025
individual_engagement,engagement_target,logistic_pca,sentiment_emb_pc125,0.03179376734925778
individual_engagement,engagement_target,logistic_pca,sentiment_emb_pc126,0.03579025989332903
individual_engagement,engagement_target,logistic_pca,sentiment_emb_pc127,-0.014613800938913415
individual_engagement,engagement_target,logistic_pca,sentiment_emb_pc128,-0.06908513864717084
individual_engagement,engagement_target,logistic_pca,sentiment_emb_pc129,0.09923664931045657
individual_engagement,engagement_target,logistic_pca,sentiment_emb_pc130,-0.05788681229329678
individual_engagement,engagement_target,logistic_pca,sentiment_emb_pc131,-0.10281421741295547
individual_engagement,engagement_target,logistic_pca,sentiment_emb_pc132,-0.00043070070332590723
individual_engagement,engagement_target,logistic_pca,sentiment_emb_pc133,-0.028068218495743737
individual_engagement,engagement_target,logistic_pca,sentiment_emb_pc134,0.05012012156826908
individual_engagement,engagement_target,logistic_pca,sentiment_emb_pc135,0.00960521019307011
individual_engagement,engagement_target,logistic_pca,sentiment_emb_pc136,0.012933133104451254
individual_engagement,engagement_target,logistic_pca,sentiment_emb_pc137,0.0587601035341307
individual_engagement,engagement_target,logistic_pca,sentiment_emb_pc138,0.08328503920433206
individual_engagement,engagement_target,logistic_pca,sentiment_emb_pc139,-0.04223478963924067
individual_engagement,engagement_target,logistic_pca,sentiment_emb_pc140,0.019910989134126304
individual_engagement,engagement_target,logistic_pca,sentiment_emb_pc141,0.03897676041181313
individual_engagement,engagement_target,logistic_pca,sentiment_emb_pc142,0.17793264904214615
individual_engagement,engagement_target,logistic_pca,sentiment_emb_pc143,0.07463860377787229
individual_engagement,engagement_target,logistic_pca,sentiment_emb_pc144,-0.05167323225213571
individual_engagement,engagement_target,logistic_pca,sentiment_emb_pc145,-0.1853941966228493
individual_engagement,engagement_target,logistic_pca,sentiment_emb_pc146,-0.09406839309380746
individual_engagement,engagement_target,logistic_pca,sentiment_emb_pc147,0.143649989974874
individual_engagement,engagement_target,logistic_pca,sentiment_emb_pc148,-0.04375462833467986
individual_engagement,engagement_target,logistic_pca,sentiment_emb_pc149,-0.0714602388875378
individual_engagement,engagement_target,logistic_pca,sentiment_emb_pc150,-0.0349206713894186
individual_engagement,engagement_target,logistic_pca,sentiment_emb_pc151,0.03212287500441714
individual_engagement,engagement_target,logistic_pca,sentiment_emb_pc152,-0.12666375339644848
individual_engagement,engagement_target,logistic_pca,sentiment_emb_pc153,0.008017793480559443
individual_engagement,engagement_target,logistic_pca,sentiment_emb_pc154,0.08112941051265889
individual_engagement,engagement_target,logistic_pca,sentiment_emb_pc155,-0.01644995570612047
individual_engagement,engagement_target,logistic_pca,sentiment_emb_pc156,-0.06696209697229269
individual_engagement,engagement_target,logistic_pca,sentiment_emb_pc157,0.02576702776938201
individual_engagement,engagement_target,logistic_pca,sentiment_emb_pc158,-0.03131965314584415
individual_engagement,engagement_target,logistic_pca,sentiment_emb_pc159,-0.012513092552256517
individual_engagement,engagement_target,logistic_pca,sentiment_emb_pc160,-0.04272117069288406
individual_engagement,engagement_target,logistic_pca,sentiment_emb_pc161,0.07972932001014225
individual_engagement,engagement_target,logistic_pca,sentiment_emb_pc162,0.07613047340911511
individual_engagement,engagement_target,logistic_pca,sentiment_emb_pc163,0.02902885937807232
individual_engagement,engagement_target,logistic_pca,sentiment_emb_pc164,-0.001599101376579508
individual_engagement,engagement_target,logistic_pca,sentiment_emb_pc165,0.0712371827666981
individual_engagement,engagement_target,logistic_pca,sentiment_emb_pc166,-0.044916029218929024
individual_engagement,engagement_target,logistic_pca,sentiment_emb_pc167,0.03224115333377373
individual_engagement,engagement_target,logistic_pca,sentiment_emb_pc168,0.09630840828281045
individual_engagement,engagement_target,logistic_pca,sentiment_emb_pc169,-0.014047887153467796
individual_engagement,engagement_target,logistic_pca,sentiment_emb_pc170,-0.06488580453160116
individual_engagement,engagement_target,logistic_pca,sentiment_emb_pc171,0.046888613947808716
individual_engagement,engagement_target,logistic_pca,sentiment_emb_pc172,-0.08763866681012439
individual_engagement,engagement_target,logistic_pca,sentiment_emb_pc173,0.010687131445097106
individual_engagement,engagement_target,logistic_pca,sentiment_emb_pc174,0.030298498191753863
individual_engagement,engagement_target,logistic_pca,sentiment_emb_pc175,-0.05440015359114982
individual_engagement,engagement_target,logistic_pca,sentiment_emb_pc176,-0.016134261316563765
individual_engagement,engagement_target,logistic_pca,sentiment_emb_pc177,-0.03859317245635501
individual_engagement,engagement_target,logistic_pca,sentiment_emb_pc178,-0.08206113282682781
individual_engagement,engagement_target,logistic_pca,sentiment_emb_pc179,0.012217667647111756
individual_engagement,engagement_target,logistic_pca,sentiment_emb_pc180,-0.11471735343909835
individual_engagement,engagement_target,logistic_pca,sentiment_emb_pc181,-0.11546977633802216
individual_engagement,engagement_target,logistic_pca,sentiment_emb_pc182,-0.09302769766668802
individual_engagement,engagement_target,logistic_pca,sentiment_emb_pc183,-0.008434090046045081
individual_engagement,engagement_target,logistic_pca,sentiment_emb_pc184,-0.08222949494608167
individual_engagement,engagement_target,logistic_pca,sentiment_emb_pc185,0.011080534378286893
individual_engagement,engagement_target,logistic_pca,sentiment_emb_pc186,-0.03815314557797786
individual_engagement,engagement_target,logistic_pca,sentiment_emb_pc187,-0.06798550308766764
individual_engagement,engagement_target,logistic_pca,sentiment_emb_pc188,0.037501464038531926
individual_engagement,engagement_target,logistic_pca,sentiment_emb_pc189,-0.01850493063418412
individual_engagement,engagement_target,logistic_pca,sentiment_emb_pc190,0.06667337277244115
individual_engagement,engagement_target,logistic_pca,sentiment_emb_pc191,-0.040862866565747266
individual_engagement,engagement_target,logistic_pca,sentiment_emb_pc192,-0.0030153314010862887
individual_engagement,engagement_target,logistic_pca,sentiment_emb_pc193,-0.009162807552271869
individual_engagement,engagement_target,logistic_pca,sentiment_emb_pc194,-0.014312516979440224
individual_engagement,engagement_target,logistic_pca,sentiment_emb_pc195,-0.0018766757197298386
individual_engagement,engagement_target,logistic_pca,sentiment_emb_pc196,0.017527564187971995
individual_engagement,engagement_target,logistic_pca,sentiment_emb_pc197,0.08680787702303813
individual_engagement,engagement_target,logistic_pca,sentiment_emb_pc198,0.014974452788049167
individual_engagement,engagement_target,logistic_pca,sentiment_emb_pc199,0.09422755748652051
individual_engagement,engagement_target,logistic_pca,sentiment_emb_pc200,0.03967480604553794
individual_engagement,engagement_target,logistic_pca,sentiment_emb_pc201,0.022336286950149102
individual_engagement,engagement_target,logistic_pca,sentiment_emb_pc202,0.006583325521681996
individual_engagement,engagement_target,logistic_pca,sentiment_emb_pc203,-0.13870347270495526
individual_engagement,engagement_target,logistic_pca,sentiment_emb_pc204,-0.04247763764996234
individual_engagement,engagement_target,logistic_pca,sentiment_emb_pc205,-0.10942384275561773
individual_engagement,engagement_target,logistic_pca,sentiment_emb_pc206,-0.14293986478875398
individual_engagement,engagement_target,logistic_pca,sentiment_emb_pc207,-0.020004261750783216
individual_engagement,engagement_target,logistic_pca,sentiment_emb_pc208,0.17662765653724471
individual_engagement,engagement_target,logistic_pca,sentiment_emb_pc209,-0.032304959530801945
individual_engagement,engagement_target,logistic_pca,sentiment_emb_pc210,-0.006265906976884517
individual_engagement,engagement_target,logistic_pca,sentiment_emb_pc211,-0.01593436996540081
individual_engagement,engagement_target,logistic_pca,sentiment_emb_pc212,0.06815025202959982
individual_engagement,engagement_target,logistic_pca,sentiment_emb_pc213,0.03848103702281392
individual_engagement,engagement_target,logistic_pca,sentiment_emb_pc214,-0.0008097929511894196
individual_engagement,engagement_target,logistic_pca,sentiment_emb_pc215,0.010104720921327233
individual_engagement,engagement_target,logistic_pca,sentiment_emb_pc216,0.08217387766540497
individual_engagement,engagement_target,logistic_pca,sentiment_emb_pc217,-0.03372384902854543
individual_engagement,engagement_target,logistic_pca,sentiment_emb_pc218,0.0009725978078750046
individual_engagement,engagement_target,logistic_pca,sentiment_emb_pc219,-0.0010754739166696386
individual_engagement,engagement_target,logistic_pca,sentiment_emb_pc220,-0.01599966807623241
individual_engagement,engagement_target,logistic_pca,sentiment_emb_pc221,-0.021600469870736147
individual_engagement,engagement_target,logistic_pca,sentiment_emb_pc222,-0.04918401944846259
individual_engagement,engagement_target,logistic_pca,sentiment_emb_pc223,-0.0017916674678809176
individual_engagement,engagement_target,logistic_pca,sentiment_emb_pc224,-0.009414565129463072
individual_engagement,engagement_target,logistic_pca,sentiment_emb_pc225,0.15061619236192783
individual_engagement,engagement_target,logistic_pca,sentiment_emb_pc226,0.13101038692460898
individual_engagement,engagement_target,logistic_pca,sentiment_emb_pc227,0.01753501637567476
individual_engagement,engagement_target,logistic_pca,sentiment_emb_pc228,0.08646033369257604
individual_engagement,engagement_target,logistic_pca,sentiment_emb_pc229,-0.039550682668640195
individual_engagement,engagement_target,logistic_pca,sentiment_emb_pc230,-0.05402636168537764
individual_engagement,engagement_target,logistic_pca,sentiment_emb_pc231,0.0641131390507667
individual_engagement,engagement_target,logistic_pca,sentiment_emb_pc232,-0.14630601397421125
individual_engagement,engagement_target,logistic_pca,sentiment_emb_pc233,0.01872716497133589
individual_engagement,engagement_target,logistic_pca,sentiment_emb_pc234,0.01704124197485555
individual_engagement,engagement_target,logistic_pca,sentiment_emb_pc235,-0.08290272144656842
individual_engagement,engagement_target,logistic_pca,sentiment_emb_pc236,0.036709680277660695
individual_engagement,engagement_target,logistic_pca,sentiment_emb_pc237,0.02132461732439539
individual_engagement,engagement_target,logistic_pca,sentiment_emb_pc238,-0.04495785265175222
individual_engagement,engagement_target,logistic_pca,sentiment_emb_pc239,-0.01237429052956172
individual_engagement,engagement_target,logistic_pca,sentiment_emb_pc240,-0.1676458651742252
individual_engagement,engagement_target,logistic_pca,sentiment_emb_pc241,0.02615957410730681
individual_engagement,engagement_target,logistic_pca,sentiment_emb_pc242,0.0375446218503182
individual_engagement,engagement_target,logistic_pca,sentiment_emb_pc243,0.09802165560934842
individual_engagement,engagement_target,logistic_pca,sentiment_emb_pc244,0.03289986765256006
individual_engagement,engagement_target,logistic_pca,sentiment_emb_pc245,-0.002486408824385417
individual_engagement,engagement_target,logistic_pca,sentiment_emb_pc246,-0.13869123975299463
individual_engagement,engagement_target,logistic_pca,sentiment_emb_pc247,-0.037611322231588536
individual_engagement,engagement_target,logistic_pca,sentiment_emb_pc248,0.038902397210328364
individual_engagement,engagement_target,logistic_pca,sentiment_emb_pc249,0.01885095918563416
individual_engagement,engagement_target,logistic_pca,sentiment_emb_pc250,-0.018376615897213948
individual_engagement,engagement_target,logistic_pca,sentiment_emb_pc251,0.030077495684750627
individual_engagement,engagement_target,logistic_pca,sentiment_emb_pc252,-0.08376493189660632
individual_engagement,engagement_target,logistic_pca,sentiment_emb_pc253,-0.003937747086997204
individual_engagement,engagement_target,logistic_pca,sentiment_emb_pc254,0.03443135766987641
individual_engagement,engagement_target,logistic_pca,sentiment_emb_pc255,-0.03533648893318549
individual_engagement,engagement_target,logistic_pca,sentiment_emb_pc256,-0.023586958367374226
individual_engagement,engagement_target,logistic_pca,sentiment_emb_pc257,0.03778918719052426
individual_engagement,engagement_target,logistic_pca,sentiment_emb_pc258,0.008531712659213334
individual_engagement,engagement_target,logistic_pca,sentiment_emb_pc259,-0.052788834696631017
individual_engagement,engagement_target,logistic_pca,sentiment_emb_pc260,-0.0078109489789057645
individual_engagement,engagement_target,logistic_pca,sentiment_emb_pc261,0.0314888978798451
individual_engagement,engagement_target,logistic_pca,sentiment_emb_pc262,-0.20279055830790388
individual_engagement,engagement_target,logistic_pca,sentiment_emb_pc263,-0.024270657406288434
individual_engagement,engagement_target,logistic_pca,sentiment_emb_pc264,0.050198007105052234
individual_engagement,engagement_target,logistic_pca,sentiment_emb_pc265,0.013411477867048376
individual_engagement,engagement_target,logistic_pca,sentiment_emb_pc266,-0.04297320953359383
individual_engagement,engagement_target,logistic_pca,sentiment_emb_pc267,0.06070477594978983
individual_engagement,engagement_target,logistic_pca,sentiment_emb_pc268,-0.009783674302792165
individual_engagement,engagement_target,logistic_pca,sentiment_emb_pc269,-0.03258083475908825
individual_engagement,engagement_target,logistic_pca,sentiment_emb_pc270,0.12956323686702995
individual_engagement,engagement_target,logistic_pca,sentiment_emb_pc271,0.13355204674729357
individual_engagement,engagement_target,logistic_pca,sentiment_emb_pc272,-0.007818478028443746
individual_engagement,engagement_target,logistic_pca,sentiment_emb_pc273,0.061401888264200934
individual_engagement,engagement_target,logistic_pca,sentiment_emb_pc274,0.07718235270511421
individual_engagement,engagement_target,logistic_pca,sentiment_emb_pc275,-0.07819387451360396
individual_engagement,engagement_target,logistic_pca,sentiment_emb_pc276,0.05646989486803081
individual_engagement,engagement_target,logistic_pca,sentiment_emb_pc277,-0.03248797991238382
individual_engagement,engagement_target,logistic_pca,sentiment_emb_pc278,-0.10368243145290211
individual_engagement,engagement_target,logistic_pca,sentiment_emb_pc279,0.18070901114563467
individual_engagement,engagement_target,logistic_pca,sentiment_emb_pc280,-0.05944987756263451
individual_engagement,engagement_target,logistic_pca,sentiment_emb_pc281,0.03841270893410262
individual_engagement,engagement_target,logistic_pca,sentiment_emb_pc282,0.0856864534616642
individual_engagement,engagement_target,logistic_pca,sentiment_emb_pc283,-0.07882310772093432
individual_engagement,engagement_target,logistic_pca,sentiment_emb_pc284,0.06747508018359563
individual_engagement,engagement_target,logistic_pca,sentiment_emb_pc285,-0.09481227541398493
individual_engagement,engagement_target,logistic_pca,sentiment_emb_pc286,-0.12862714725157945
individual_engagement,engagement_target,logistic_pca,sentiment_emb_pc287,-0.09822943199139962
individual_engagement,engagement_target,logistic_pca,sentiment_emb_pc288,0.07055726780129429
individual_engagement,engagement_target,logistic_pca,sentiment_emb_pc289,-0.07153824946919718
individual_engagement,engagement_target,logistic_pca,sentiment_emb_pc290,0.06827249318574369
individual_engagement,engagement_target,logistic_pca,sentiment_emb_pc291,-0.01702180194406172
individual_engagement,engagement_target,logistic_pca,sentiment_emb_pc292,-0.035168251221744946
individual_engagement,engagement_target,logistic_pca,sentiment_emb_pc293,-0.05251453137656579
individual_engagement,engagement_target,logistic_pca,sentiment_emb_pc294,-0.043573370322985944
individual_engagement,engagement_target,logistic_pca,sentiment_emb_pc295,-0.005850733378872044
individual_engagement,engagement_target,logistic_pca,sentiment_emb_pc296,-0.014682219132371516
individual_engagement,engagement_target,logistic_pca,sentiment_emb_pc297,0.012787671150909211
individual_engagement,engagement_target,logistic_pca,sentiment_emb_pc298,0.017623821103456363
individual_engagement,engagement_target,logistic_pca,sentiment_emb_pc299,-0.07566466754262097
individual_engagement,engagement_target,logistic_pca,sentiment_emb_pc300,-0.028153428248531905
individual_engagement,engagement_target,logistic_pca,sentiment_emb_pc301,0.08112222726046155
individual_engagement,engagement_target,logistic_pca,sentiment_emb_pc302,0.0391040318628718
individual_engagement,engagement_target,logistic_pca,sentiment_emb_pc303,-0.04800508690841167
individual_engagement,engagement_target,logistic_pca,sentiment_emb_pc304,-0.012717427171058011
individual_engagement,engagement_target,logistic_pca,sentiment_emb_pc305,0.1234405349337137
individual_engagement,engagement_target,logistic_pca,sentiment_emb_pc306,0.06519915965393275
individual_engagement,engagement_target,logistic_pca,sentiment_emb_pc307,0.05624533797774256
group_task_engagement,task_engagement,linear_pca,segment_duration_s,-0.008693611663758032
group_task_engagement,task_engagement,linear_pca,word_count,0.025983500096839512
group_task_engagement,task_engagement,linear_pca,avg_word_length,0.007613503541750903
group_task_engagement,task_engagement,linear_pca,words_per_second,-0.0021252729827458505
group_task_engagement,task_engagement,linear_pca,question,-0.001938157461838982
group_task_engagement,task_engagement,linear_pca,statement,0.0019381574618390488
group_task_engagement,task_engagement,linear_pca,sentiment_p_blue_mean,0.0052722624349742
group_task_engagement,task_engagement,linear_pca,sentiment_p_green_mean,0.001940204785774467
group_task_engagement,task_engagement,linear_pca,sentiment_p_red_mean,-0.012273615217708976
group_task_engagement,task_engagement,linear_pca,arousal_mean,-0.010003533439744871
group_task_engagement,task_engagement,linear_pca,dominance_mean,0.03584322213639304
group_task_engagement,task_engagement,linear_pca,valence_mean,-0.05657717512107506
group_task_engagement,task_engagement,linear_pca,role_p_green,-0.022499685522235167
group_task_engagement,task_engagement,linear_pca,role_p_red,-0.03357329045887192
group_task_engagement,task_engagement,linear_pca,opensmile_pc001,0.013748975417535956
group_task_engagement,task_engagement,linear_pca,opensmile_pc002,-0.005437096894794104
group_task_engagement,task_engagement,linear_pca,opensmile_pc003,0.020615563053302255
group_task_engagement,task_engagement,linear_pca,opensmile_pc004,0.011409542648893614
group_task_engagement,task_engagement,linear_pca,opensmile_pc005,-0.005893605230785022
group_task_engagement,task_engagement,linear_pca,opensmile_pc006,0.0011709362706316363
group_task_engagement,task_engagement,linear_pca,opensmile_pc007,-0.003981823533492115
group_task_engagement,task_engagement,linear_pca,opensmile_pc008,0.001483074005007669
group_task_engagement,task_engagement,linear_pca,opensmile_pc009,0.002656470622346204
group_task_engagement,task_engagement,linear_pca,opensmile_pc010,0.01110717900621074
group_task_engagement,task_engagement,linear_pca,opensmile_pc011,0.0008370620152396387
group_task_engagement,task_engagement,linear_pca,opensmile_pc012,-0.002824164700902771
group_task_engagement,task_engagement,linear_pca,opensmile_pc013,0.012515382509308323
group_task_engagement,task_engagement,linear_pca,opensmile_pc014,0.012608729955752507
group_task_engagement,task_engagement,linear_pca,opensmile_pc015,-0.005687108693149463
group_task_engagement,task_engagement,linear_pca,opensmile_pc016,-0.003030534248417963
group_task_engagement,task_engagement,linear_pca,opensmile_pc017,-0.0049976522266338645
group_task_engagement,task_engagement,linear_pca,opensmile_pc018,0.006977674928348396
group_task_engagement,task_engagement,linear_pca,opensmile_pc019,-0.006023976990424773
group_task_engagement,task_engagement,linear_pca,opensmile_pc020,0.001564499132316831
group_task_engagement,task_engagement,linear_pca,opensmile_pc021,-0.006084052535222962
group_task_engagement,task_engagement,linear_pca,opensmile_pc022,0.004587813376825104
group_task_engagement,task_engagement,linear_pca,opensmile_pc023,-0.003473729620590842
group_task_engagement,task_engagement,linear_pca,opensmile_pc024,-0.0037617118168411876
group_task_engagement,task_engagement,linear_pca,opensmile_pc025,0.00012694733758981998
group_task_engagement,task_engagement,linear_pca,opensmile_pc026,-3.330937442720513e-06
group_task_engagement,task_engagement,linear_pca,opensmile_pc027,-0.01273324409939326
group_task_engagement,task_engagement,linear_pca,opensmile_pc028,0.0028498238821040153
group_task_engagement,task_engagement,linear_pca,opensmile_pc029,-0.0032166151574833384
group_task_engagement,task_engagement,linear_pca,opensmile_pc030,0.004900826157370178
group_task_engagement,task_engagement,linear_pca,opensmile_pc031,-0.0020353273924238616
group_task_engagement,task_engagement,linear_pca,opensmile_pc032,-0.007179193673072428
group_task_engagement,task_engagement,linear_pca,opensmile_pc033,1.4454735169483913e-05
group_task_engagement,task_engagement,linear_pca,opensmile_pc034,-0.010905757594579204
group_task_engagement,task_engagement,linear_pca,opensmile_pc035,-0.0006265164185383854
group_task_engagement,task_engagement,linear_pca,opensmile_pc036,-0.012106431070085247
group_task_engagement,task_engagement,linear_pca,opensmile_pc037,-0.0020577679653495883
group_task_engagement,task_engagement,linear_pca,opensmile_pc038,0.011529017787025983
group_task_engagement,task_engagement,linear_pca,opensmile_pc039,0.0051866668514627574
group_task_engagement,task_engagement,linear_pca,opensmile_pc040,-0.009833861189854978
group_task_engagement,task_engagement,linear_pca,opensmile_pc041,-0.007063114547607399
group_task_engagement,task_engagement,linear_pca,opensmile_pc042,-0.0019991248341075796
group_task_engagement,task_engagement,linear_pca,opensmile_pc043,-0.004147846320699429
group_task_engagement,task_engagement,linear_pca,opensmile_pc044,0.0019441052407710286
group_task_engagement,task_engagement,linear_pca,opensmile_pc045,0.009183273801612853
group_task_engagement,task_engagement,linear_pca,opensmile_pc046,-0.003370126066116527
group_task_engagement,task_engagement,linear_pca,opensmile_pc047,-0.007583820438327468
group_task_engagement,task_engagement,linear_pca,opensmile_pc048,-0.007392032712738974
group_task_engagement,task_engagement,linear_pca,opensmile_pc049,0.0038328269471903684
group_task_engagement,task_engagement,linear_pca,opensmile_pc050,0.007279071742013463
group_task_engagement,task_engagement,linear_pca,opensmile_pc051,-0.002815557917075481
group_task_engagement,task_engagement,linear_pca,opensmile_pc052,-0.003209340793358613
group_task_engagement,task_engagement,linear_pca,opensmile_pc053,-0.011485806906073174
group_task_engagement,task_engagement,linear_pca,opensmile_pc054,-0.0034710168859485636
group_task_engagement,task_engagement,linear_pca,opensmile_pc055,-0.01224940720551346
group_task_engagement,task_engagement,linear_pca,opensmile_pc056,0.004343257006549706
group_task_engagement,task_engagement,linear_pca,opensmile_pc057,-0.0008838146712325693
group_task_engagement,task_engagement,linear_pca,opensmile_pc058,0.0016610216706379746
group_task_engagement,task_engagement,linear_pca,opensmile_pc059,0.000288127403351064
group_task_engagement,task_engagement,linear_pca,emow2v_pc001,0.03640010266035952
group_task_engagement,task_engagement,linear_pca,emow2v_pc002,0.034012008681283165
group_task_engagement,task_engagement,linear_pca,emow2v_pc003,-0.07275472226210238
group_task_engagement,task_engagement,linear_pca,emow2v_pc004,-0.011136785442771718
group_task_engagement,task_engagement,linear_pca,emow2v_pc005,0.024036086607071124
group_task_engagement,task_engagement,linear_pca,emow2v_pc006,0.011164946905015715
group_task_engagement,task_engagement,linear_pca,emow2v_pc007,-0.04011542431842275
group_task_engagement,task_engagement,linear_pca,emow2v_pc008,-0.0031292270736199127
group_task_engagement,task_engagement,linear_pca,emow2v_pc009,-0.0007047940121211681
group_task_engagement,task_engagement,linear_pca,emow2v_pc010,-0.001593799693448732
group_task_engagement,task_engagement,linear_pca,emow2v_pc011,0.02160496442471021
group_task_engagement,task_engagement,linear_pca,emow2v_pc012,-0.0004042580886867059
group_task_engagement,task_engagement,linear_pca,emow2v_pc013,0.0036734004775927534
group_task_engagement,task_engagement,linear_pca,emow2v_pc014,-0.022012173731188977
group_task_engagement,task_engagement,linear_pca,emow2v_pc015,-0.019890642679660765
group_task_engagement,task_engagement,linear_pca,emow2v_pc016,0.016684100822404548
group_task_engagement,task_engagement,linear_pca,emow2v_pc017,0.000856514828753463
group_task_engagement,task_engagement,linear_pca,emow2v_pc018,0.00706499418505644
group_task_engagement,task_engagement,linear_pca,emow2v_pc019,-0.009746325931231441
group_task_engagement,task_engagement,linear_pca,emow2v_pc020,-0.011649574969169418
group_task_engagement,task_engagement,linear_pca,emow2v_pc021,-0.008674405799172735
group_task_engagement,task_engagement,linear_pca,emow2v_pc022,-0.008548362042919639
group_task_engagement,task_engagement,linear_pca,emow2v_pc023,0.016686683518082293
group_task_engagement,task_engagement,linear_pca,emow2v_pc024,0.007809966990211968
group_task_engagement,task_engagement,linear_pca,emow2v_pc025,0.020594200667332734
group_task_engagement,task_engagement,linear_pca,emow2v_pc026,-0.03148280119140676
group_task_engagement,task_engagement,linear_pca,emow2v_pc027,0.0014167787842343678
group_task_engagement,task_engagement,linear_pca,emow2v_pc028,0.004545139750596053
group_task_engagement,task_engagement,linear_pca,emow2v_pc029,-0.006601956750197666
group_task_engagement,task_engagement,linear_pca,emow2v_pc030,0.007078830492128371
group_task_engagement,task_engagement,linear_pca,emow2v_pc031,-0.011931215470550779
group_task_engagement,task_engagement,linear_pca,emow2v_pc032,-0.0003254743800407619
group_task_engagement,task_engagement,linear_pca,emow2v_pc033,0.011297019035377106
group_task_engagement,task_engagement,linear_pca,emow2v_pc034,0.007873172876001115
group_task_engagement,task_engagement,linear_pca,emow2v_pc035,-0.019359455577131892
group_task_engagement,task_engagement,linear_pca,emow2v_pc036,0.003948809621278012
group_task_engagement,task_engagement,linear_pca,emow2v_pc037,0.008877750977368705
group_task_engagement,task_engagement,linear_pca,emow2v_pc038,0.014983498884989548
group_task_engagement,task_engagement,linear_pca,emow2v_pc039,0.0009404376762641492
group_task_engagement,task_engagement,linear_pca,emow2v_pc040,-0.017525375808901893
group_task_engagement,task_engagement,linear_pca,emow2v_pc041,-0.02533459898438692
group_task_engagement,task_engagement,linear_pca,emow2v_pc042,0.0002232940470386707
group_task_engagement,task_engagement,linear_pca,emow2v_pc043,-0.016849459251593382
group_task_engagement,task_engagement,linear_pca,emow2v_pc044,-0.0013782319238963663
group_task_engagement,task_engagement,linear_pca,emow2v_pc045,0.0037185927060791814
group_task_engagement,task_engagement,linear_pca,emow2v_pc046,0.013087762929694994
group_task_engagement,task_engagement,linear_pca,emow2v_pc047,0.003799821953601003
group_task_engagement,task_engagement,linear_pca,emow2v_pc048,0.004487069127620264
group_task_engagement,task_engagement,linear_pca,emow2v_pc049,-0.001065305114144825
group_task_engagement,task_engagement,linear_pca,emow2v_pc050,-0.010805255145608934
group_task_engagement,task_engagement,linear_pca,emow2v_pc051,-0.0006842619597394693
group_task_engagement,task_engagement,linear_pca,emow2v_pc052,0.004940001877894854
group_task_engagement,task_engagement,linear_pca,emow2v_pc053,-0.0028807574946009794
group_task_engagement,task_engagement,linear_pca,sentiment_emb_pc001,0.006322614149029717
group_task_engagement,task_engagement,linear_pca,sentiment_emb_pc002,-0.01753635158960721
group_task_engagement,task_engagement,linear_pca,sentiment_emb_pc003,0.004174683340353797
group_task_engagement,task_engagement,linear_pca,sentiment_emb_pc004,-0.008847497595696396
group_task_engagement,task_engagement,linear_pca,sentiment_emb_pc005,0.03134124991340756
group_task_engagement,task_engagement,linear_pca,sentiment_emb_pc006,-0.010485047712255592
group_task_engagement,task_engagement,linear_pca,sentiment_emb_pc007,-0.023752254032366513
group_task_engagement,task_engagement,linear_pca,sentiment_emb_pc008,-0.028136394275604472
group_task_engagement,task_engagement,linear_pca,sentiment_emb_pc009,-0.02394735475832795
group_task_engagement,task_engagement,linear_pca,sentiment_emb_pc010,-0.03622088247767114
group_task_engagement,task_engagement,linear_pca,sentiment_emb_pc011,0.007505269133670927
group_task_engagement,task_engagement,linear_pca,sentiment_emb_pc012,-0.0045114060198980415
group_task_engagement,task_engagement,linear_pca,sentiment_emb_pc013,0.006504010952172006
group_task_engagement,task_engagement,linear_pca,sentiment_emb_pc014,0.00600112215284294
group_task_engagement,task_engagement,linear_pca,sentiment_emb_pc015,0.014018224846826856
group_task_engagement,task_engagement,linear_pca,sentiment_emb_pc016,0.041224223860092404
group_task_engagement,task_engagement,linear_pca,sentiment_emb_pc017,0.024223858105335488
group_task_engagement,task_engagement,linear_pca,sentiment_emb_pc018,-0.017749091218586834
group_task_engagement,task_engagement,linear_pca,sentiment_emb_pc019,-0.02425112757682571
group_task_engagement,task_engagement,linear_pca,sentiment_emb_pc020,-0.007787095704737004
group_task_engagement,task_engagement,linear_pca,sentiment_emb_pc021,-0.00957481963682268
group_task_engagement,task_engagement,linear_pca,sentiment_emb_pc022,0.00573249673209916
group_task_engagement,task_engagement,linear_pca,sentiment_emb_pc023,-0.0016452586823241387
group_task_engagement,task_engagement,linear_pca,sentiment_emb_pc024,0.00838534894191818
group_task_engagement,task_engagement,linear_pca,sentiment_emb_pc025,-0.01969249981522456
group_task_engagement,task_engagement,linear_pca,sentiment_emb_pc026,0.01608867839942765
group_task_engagement,task_engagement,linear_pca,sentiment_emb_pc027,0.017784223320829063
group_task_engagement,task_engagement,linear_pca,sentiment_emb_pc028,0.00251737231094355
group_task_engagement,task_engagement,linear_pca,sentiment_emb_pc029,-0.015438548372791657
group_task_engagement,task_engagement,linear_pca,sentiment_emb_pc030,-0.009804423121832209
group_task_engagement,task_engagement,linear_pca,sentiment_emb_pc031,-0.021238778934426963
group_task_engagement,task_engagement,linear_pca,sentiment_emb_pc032,0.0184526983163373
group_task_engagement,task_engagement,linear_pca,sentiment_emb_pc033,-0.01711196819592815
group_task_engagement,task_engagement,linear_pca,sentiment_emb_pc034,-0.014993180727054063
group_task_engagement,task_engagement,linear_pca,sentiment_emb_pc035,0.003910413244864348
group_task_engagement,task_engagement,linear_pca,sentiment_emb_pc036,6.022806384648091e-06
group_task_engagement,task_engagement,linear_pca,sentiment_emb_pc037,-0.008397934596263736
group_task_engagement,task_engagement,linear_pca,sentiment_emb_pc038,-0.0034095867552249473
group_task_engagement,task_engagement,linear_pca,sentiment_emb_pc039,0.011990724918536528
group_task_engagement,task_engagement,linear_pca,sentiment_emb_pc040,0.01216080294328173
group_task_engagement,task_engagement,linear_pca,sentiment_emb_pc041,0.03370634885612466
group_task_engagement,task_engagement,linear_pca,sentiment_emb_pc042,-0.016405356297668795
group_task_engagement,task_engagement,linear_pca,sentiment_emb_pc043,0.013469953525569841
group_task_engagement,task_engagement,linear_pca,sentiment_emb_pc044,0.005514931926533181
group_task_engagement,task_engagement,linear_pca,sentiment_emb_pc045,-0.009067977939669585
group_task_engagement,task_engagement,linear_pca,sentiment_emb_pc046,0.02021154036691395
group_task_engagement,task_engagement,linear_pca,sentiment_emb_pc047,-0.011141147203222318
group_task_engagement,task_engagement,linear_pca,sentiment_emb_pc048,0.01779327205949301
group_task_engagement,task_engagement,linear_pca,sentiment_emb_pc049,0.014414654651897597
group_task_engagement,task_engagement,linear_pca,sentiment_emb_pc050,-0.004055895810641558
group_task_engagement,task_engagement,linear_pca,sentiment_emb_pc051,-0.003086937355136106
group_task_engagement,task_engagement,linear_pca,sentiment_emb_pc052,-0.000673861361003969
group_task_engagement,task_engagement,linear_pca,sentiment_emb_pc053,0.03669024738815226
group_task_engagement,task_engagement,linear_pca,sentiment_emb_pc054,0.002755672707434172
group_task_engagement,task_engagement,linear_pca,sentiment_emb_pc055,0.009362384668436759
group_task_engagement,task_engagement,linear_pca,sentiment_emb_pc056,0.019224713413959905
group_task_engagement,task_engagement,linear_pca,sentiment_emb_pc057,0.01391383292917482
group_task_engagement,task_engagement,linear_pca,sentiment_emb_pc058,0.005068564071479959
group_task_engagement,task_engagement,linear_pca,sentiment_emb_pc059,-0.027519389045719836
group_task_engagement,task_engagement,linear_pca,sentiment_emb_pc060,-0.014957627141863468
group_task_engagement,task_engagement,linear_pca,sentiment_emb_pc061,0.010007340070798376
group_task_engagement,task_engagement,linear_pca,sentiment_emb_pc062,-0.00038573007790152966
group_task_engagement,task_engagement,linear_pca,sentiment_emb_pc063,-0.020890619476532736
group_task_engagement,task_engagement,linear_pca,sentiment_emb_pc064,0.011330092924735094
group_task_engagement,task_engagement,linear_pca,sentiment_emb_pc065,-0.0016245280212408527
group_task_engagement,task_engagement,linear_pca,sentiment_emb_pc066,0.005841686888753615
group_task_engagement,task_engagement,linear_pca,sentiment_emb_pc067,-0.002226002687568333
group_task_engagement,task_engagement,linear_pca,sentiment_emb_pc068,-0.007821463658885378
group_task_engagement,task_engagement,linear_pca,sentiment_emb_pc069,-0.012896479237531485
group_task_engagement,task_engagement,linear_pca,sentiment_emb_pc070,0.0025757411345094725
group_task_engagement,task_engagement,linear_pca,sentiment_emb_pc071,0.01134866664930821
group_task_engagement,task_engagement,linear_pca,sentiment_emb_pc072,-0.0018855612269160788
group_task_engagement,task_engagement,linear_pca,sentiment_emb_pc073,-0.0013043180018091453
group_task_engagement,task_engagement,linear_pca,sentiment_emb_pc074,-0.018659442142162745
group_task_engagement,task_engagement,linear_pca,sentiment_emb_pc075,0.008287547437263714
group_task_engagement,task_engagement,linear_pca,sentiment_emb_pc076,0.01005163078835157
group_task_engagement,task_engagement,linear_pca,sentiment_emb_pc077,0.0016122477034712088
group_task_engagement,task_engagement,linear_pca,sentiment_emb_pc078,6.832108531417933e-05
group_task_engagement,task_engagement,linear_pca,sentiment_emb_pc079,-0.001660571485383668
group_task_engagement,task_engagement,linear_pca,sentiment_emb_pc080,-0.002850547790174006
group_task_engagement,task_engagement,linear_pca,sentiment_emb_pc081,-0.012863682865028356
group_task_engagement,task_engagement,linear_pca,sentiment_emb_pc082,0.012372312894992962
group_task_engagement,task_engagement,linear_pca,sentiment_emb_pc083,0.006213485838373961
group_task_engagement,task_engagement,linear_pca,sentiment_emb_pc084,-0.004951958738969011
group_task_engagement,task_engagement,linear_pca,sentiment_emb_pc085,0.016145347237591857
group_task_engagement,task_engagement,linear_pca,sentiment_emb_pc086,-0.0009539639728529999
group_task_engagement,task_engagement,linear_pca,sentiment_emb_pc087,-0.012911997545707482
group_task_engagement,task_engagement,linear_pca,sentiment_emb_pc088,0.00016625305935687501
group_task_engagement,task_engagement,linear_pca,sentiment_emb_pc089,0.0039174896229859915
group_task_engagement,task_engagement,linear_pca,sentiment_emb_pc090,0.0010629405364151131
group_task_engagement,task_engagement,linear_pca,sentiment_emb_pc091,-0.008109187701405394
group_task_engagement,task_engagement,linear_pca,sentiment_emb_pc092,-0.002835019844383651
group_task_engagement,task_engagement,linear_pca,sentiment_emb_pc093,-0.001196296638722179
group_task_engagement,task_engagement,linear_pca,sentiment_emb_pc094,-0.017128473477011765
group_task_engagement,task_engagement,linear_pca,sentiment_emb_pc095,-0.00026314772716169667
group_task_engagement,task_engagement,linear_pca,sentiment_emb_pc096,-0.01746744738173089
group_task_engagement,task_engagement,linear_pca,sentiment_emb_pc097,0.011681599984193639
group_task_engagement,task_engagement,linear_pca,sentiment_emb_pc098,0.008260029429113032
group_task_engagement,task_engagement,linear_pca,sentiment_emb_pc099,-0.002903443339782091
group_task_engagement,task_engagement,linear_pca,sentiment_emb_pc100,0.0020655676607900875
group_task_engagement,task_engagement,linear_pca,sentiment_emb_pc101,-0.004348019079752777
group_task_engagement,task_engagement,linear_pca,sentiment_emb_pc102,-0.0034878541854861562
group_task_engagement,task_engagement,linear_pca,sentiment_emb_pc103,-0.008616385785656828
group_task_engagement,task_engagement,linear_pca,sentiment_emb_pc104,0.007266973367582812
group_task_engagement,task_engagement,linear_pca,sentiment_emb_pc105,-0.0022468648312293686
group_task_engagement,task_engagement,linear_pca,sentiment_emb_pc106,0.0016046954004613173
group_task_engagement,task_engagement,linear_pca,sentiment_emb_pc107,-0.01598028964559981
group_task_engagement,task_engagement,linear_pca,sentiment_emb_pc108,-0.0077686307480252115
group_task_engagement,task_engagement,linear_pca,sentiment_emb_pc109,0.009754226236667902
group_task_engagement,task_engagement,linear_pca,sentiment_emb_pc110,0.008140574786974492
group_task_engagement,task_engagement,linear_pca,sentiment_emb_pc111,0.003801492791857017
group_task_engagement,task_engagement,linear_pca,sentiment_emb_pc112,0.0009734250372436678
group_task_engagement,task_engagement,linear_pca,sentiment_emb_pc113,0.0006354732516387869
group_task_engagement,task_engagement,linear_pca,sentiment_emb_pc114,-0.006862158474928225
group_task_engagement,task_engagement,linear_pca,sentiment_emb_pc115,-0.005310990168484404
group_task_engagement,task_engagement,linear_pca,sentiment_emb_pc116,0.010963665201931845
group_task_engagement,task_engagement,linear_pca,sentiment_emb_pc117,0.0038991357520923183
group_task_engagement,task_engagement,linear_pca,sentiment_emb_pc118,-0.0012704437881154765
group_task_engagement,task_engagement,linear_pca,sentiment_emb_pc119,0.0020997001200526847
group_task_engagement,task_engagement,linear_pca,sentiment_emb_pc120,0.006686788294890642
group_task_engagement,task_engagement,linear_pca,sentiment_emb_pc121,-0.010028042138992372
group_task_engagement,task_engagement,linear_pca,sentiment_emb_pc122,0.008323124846230667
group_task_engagement,task_engagement,linear_pca,sentiment_emb_pc123,0.005294357203225028
group_task_engagement,task_engagement,linear_pca,sentiment_emb_pc124,-0.0040904470817115565
group_task_engagement,task_engagement,linear_pca,sentiment_emb_pc125,-0.0024117691082444002
group_task_engagement,task_engagement,linear_pca,sentiment_emb_pc126,-0.0046320997918417066
group_task_engagement,task_engagement,linear_pca,sentiment_emb_pc127,0.011062534836344637
group_task_engagement,task_engagement,linear_pca,sentiment_emb_pc128,0.0013630910462028795
group_task_engagement,task_engagement,linear_pca,sentiment_emb_pc129,0.009344788066789993
group_task_engagement,task_engagement,linear_pca,sentiment_emb_pc130,0.0057890435180799425
group_task_engagement,task_engagement,linear_pca,sentiment_emb_pc131,-0.00999309386113014
group_task_engagement,task_engagement,linear_pca,sentiment_emb_pc132,-0.009503289902981727
group_task_engagement,task_engagement,linear_pca,sentiment_emb_pc133,0.015787588955756517
group_task_engagement,task_engagement,linear_pca,sentiment_emb_pc134,-0.00782449622624001
group_task_engagement,task_engagement,linear_pca,sentiment_emb_pc135,0.004555966242859487
group_task_engagement,task_engagement,linear_pca,sentiment_emb_pc136,0.01076640728029556
group_task_engagement,task_engagement,linear_pca,sentiment_emb_pc137,0.006685596516061567
group_task_engagement,task_engagement,linear_pca,sentiment_emb_pc138,-0.005477446222484904
group_task_engagement,task_engagement,linear_pca,sentiment_emb_pc139,0.008973717054750899
group_task_engagement,task_engagement,linear_pca,sentiment_emb_pc140,-0.0007199323363112707
group_task_engagement,task_engagement,linear_pca,sentiment_emb_pc141,0.0012314868585597315
group_task_engagement,task_engagement,linear_pca,sentiment_emb_pc142,-0.0038578082098018533
group_task_engagement,task_engagement,linear_pca,sentiment_emb_pc143,0.010661252647661613
group_task_engagement,task_engagement,linear_pca,sentiment_emb_pc144,0.010886900495105779
group_task_engagement,task_engagement,linear_pca,sentiment_emb_pc145,-0.004296713693958117
group_task_engagement,task_engagement,linear_pca,sentiment_emb_pc146,-0.007648325236128616
group_task_engagement,task_engagement,linear_pca,sentiment_emb_pc147,0.0032816621324146984
group_task_engagement,task_engagement,linear_pca,sentiment_emb_pc148,-0.0014710475296320822
group_task_engagement,task_engagement,linear_pca,sentiment_emb_pc149,0.00040508982945206196
group_task_engagement,task_engagement,linear_pca,sentiment_emb_pc150,-0.0029060790673081185
group_task_engagement,task_engagement,linear_pca,sentiment_emb_pc151,0.005661873387257426
group_task_engagement,task_engagement,linear_pca,sentiment_emb_pc152,0.008821511596731418
group_task_engagement,task_engagement,linear_pca,sentiment_emb_pc153,-0.005398906191183356
group_task_engagement,task_engagement,linear_pca,sentiment_emb_pc154,-0.016382423503432067
group_task_engagement,task_engagement,linear_pca,sentiment_emb_pc155,-0.012397654598686421
group_task_engagement,task_engagement,linear_pca,sentiment_emb_pc156,-0.011437620025858899
group_task_engagement,task_engagement,linear_pca,sentiment_emb_pc157,0.006916059610962193
group_task_engagement,task_engagement,linear_pca,sentiment_emb_pc158,-0.0006370751736093455
group_task_engagement,task_engagement,linear_pca,sentiment_emb_pc159,-0.006836521234209752
group_task_engagement,task_engagement,linear_pca,sentiment_emb_pc160,-0.001979564397215791
group_task_engagement,task_engagement,linear_pca,sentiment_emb_pc161,-0.004809405264734534
group_task_engagement,task_engagement,linear_pca,sentiment_emb_pc162,-0.00625490417476321
group_task_engagement,task_engagement,linear_pca,sentiment_emb_pc163,-0.0032918674762612335
group_task_engagement,task_engagement,linear_pca,sentiment_emb_pc164,0.003604389785439235
group_task_engagement,task_engagement,linear_pca,sentiment_emb_pc165,0.012672868261569213
group_task_engagement,task_engagement,linear_pca,sentiment_emb_pc166,-0.0016006644016610856
group_task_engagement,task_engagement,linear_pca,sentiment_emb_pc167,-0.008447674912790892
group_task_engagement,task_engagement,linear_pca,sentiment_emb_pc168,0.011611228298861116
group_task_engagement,task_engagement,linear_pca,sentiment_emb_pc169,-0.00981742181994596
group_task_engagement,task_engagement,linear_pca,sentiment_emb_pc170,0.0022625359117793464
group_task_engagement,task_engagement,linear_pca,sentiment_emb_pc171,-0.008886294368724438
group_task_engagement,task_engagement,linear_pca,sentiment_emb_pc172,0.0005671052148300773
group_task_engagement,task_engagement,linear_pca,sentiment_emb_pc173,0.001353761470199828
group_task_engagement,task_engagement,linear_pca,sentiment_emb_pc174,0.005133334992612655
group_task_engagement,task_engagement,linear_pca,sentiment_emb_pc175,-0.009172548360092576
group_task_engagement,task_engagement,linear_pca,sentiment_emb_pc176,-0.00012736088918258414
group_task_engagement,task_engagement,linear_pca,sentiment_emb_pc177,-0.00047535839674722605
group_task_engagement,task_engagement,linear_pca,sentiment_emb_pc178,-0.0007725484851165902
group_task_engagement,task_engagement,linear_pca,sentiment_emb_pc179,-0.022681235073258987
group_task_engagement,task_engagement,linear_pca,sentiment_emb_pc180,-0.0029030888865675827
group_task_engagement,task_engagement,linear_pca,sentiment_emb_pc181,-0.002886526626073411
group_task_engagement,task_engagement,linear_pca,sentiment_emb_pc182,-0.009492003370369971
group_task_engagement,task_engagement,linear_pca,sentiment_emb_pc183,-0.004806968525399506
group_task_engagement,task_engagement,linear_pca,sentiment_emb_pc184,0.013180629477085443
group_task_engagement,task_engagement,linear_pca,sentiment_emb_pc185,-0.007746071609713975
group_task_engagement,task_engagement,linear_pca,sentiment_emb_pc186,-0.008200068923470319
group_task_engagement,task_engagement,linear_pca,sentiment_emb_pc187,0.0016926962861250844
group_task_engagement,task_engagement,linear_pca,sentiment_emb_pc188,0.01415103952683098
group_task_engagement,task_engagement,linear_pca,sentiment_emb_pc189,0.0063129300939773975
group_task_engagement,task_engagement,linear_pca,sentiment_emb_pc190,0.007395364696075193
group_task_engagement,task_engagement,linear_pca,sentiment_emb_pc191,0.012210295394433374
group_task_engagement,task_engagement,linear_pca,sentiment_emb_pc192,-0.006643044913777258
group_task_engagement,task_engagement,linear_pca,sentiment_emb_pc193,-0.011562295951045765
group_task_engagement,task_engagement,linear_pca,sentiment_emb_pc194,0.003825870823759182
group_task_engagement,task_engagement,linear_pca,sentiment_emb_pc195,-0.01781925938101446
group_task_engagement,task_engagement,linear_pca,sentiment_emb_pc196,-0.0011178617011231705
group_task_engagement,task_engagement,linear_pca,sentiment_emb_pc197,-0.0010069238093700819
group_task_engagement,task_engagement,linear_pca,sentiment_emb_pc198,0.0033551366245508137
group_task_engagement,task_engagement,linear_pca,sentiment_emb_pc199,-0.0010622226509406601
group_task_engagement,task_engagement,linear_pca,sentiment_emb_pc200,0.002949097047710102
group_task_engagement,task_engagement,linear_pca,sentiment_emb_pc201,-0.0004944116169136035
group_task_engagement,task_engagement,linear_pca,sentiment_emb_pc202,-0.000183554817786223
group_task_engagement,task_engagement,linear_pca,sentiment_emb_pc203,-0.016680067712064036
group_task_engagement,task_engagement,linear_pca,sentiment_emb_pc204,-0.008349595963358474
group_task_engagement,task_engagement,linear_pca,sentiment_emb_pc205,0.003367416495880992
group_task_engagement,task_engagement,linear_pca,sentiment_emb_pc206,0.0060722020991634965
group_task_engagement,task_engagement,linear_pca,sentiment_emb_pc207,-0.0005812470130239435
group_task_engagement,task_engagement,linear_pca,sentiment_emb_pc208,-0.005728614545128824
group_task_engagement,task_engagement,linear_pca,sentiment_emb_pc209,0.009666811991405833
group_task_engagement,task_engagement,linear_pca,sentiment_emb_pc210,0.006945329752938704
group_task_engagement,task_engagement,linear_pca,sentiment_emb_pc211,0.00322030352904542
group_task_engagement,task_engagement,linear_pca,sentiment_emb_pc212,-0.0017558907652397131
group_task_engagement,task_engagement,linear_pca,sentiment_emb_pc213,1.2229157170479716e-05
group_task_engagement,task_engagement,linear_pca,sentiment_emb_pc214,0.0048994820588598035
group_task_engagement,task_engagement,linear_pca,sentiment_emb_pc215,0.0009673429900946272
group_task_engagement,task_engagement,linear_pca,sentiment_emb_pc216,0.004089747378203698
group_task_engagement,task_engagement,linear_pca,sentiment_emb_pc217,-0.00276300934999829
group_task_engagement,task_engagement,linear_pca,sentiment_emb_pc218,-0.0025030124935623665
group_task_engagement,task_engagement,linear_pca,sentiment_emb_pc219,0.007798179031752419
group_task_engagement,task_engagement,linear_pca,sentiment_emb_pc220,0.007329180529815103
group_task_engagement,task_engagement,linear_pca,sentiment_emb_pc221,-0.007192816940161054
group_task_engagement,task_engagement,linear_pca,sentiment_emb_pc222,0.005211886576957023
group_task_engagement,task_engagement,linear_pca,sentiment_emb_pc223,0.0006110693476959174
group_task_engagement,task_engagement,linear_pca,sentiment_emb_pc224,-0.0006870694101617568
group_task_engagement,task_engagement,linear_pca,sentiment_emb_pc225,0.004028821307498408
group_task_engagement,task_engagement,linear_pca,sentiment_emb_pc226,-0.0009215352029675111
group_task_engagement,task_engagement,linear_pca,sentiment_emb_pc227,0.0035942375597623932
group_task_engagement,task_engagement,linear_pca,sentiment_emb_pc228,0.0022792576366493676
group_task_engagement,task_engagement,linear_pca,sentiment_emb_pc229,0.011016114828246123
group_task_engagement,task_engagement,linear_pca,sentiment_emb_pc230,0.012456829415521538
group_task_engagement,task_engagement,linear_pca,sentiment_emb_pc231,-0.006449077946956469
group_task_engagement,task_engagement,linear_pca,sentiment_emb_pc232,-0.00013940095343988233
group_task_engagement,task_engagement,linear_pca,sentiment_emb_pc233,0.011816766092552656
group_task_engagement,task_engagement,linear_pca,sentiment_emb_pc234,0.009809060086462257
group_task_engagement,task_engagement,linear_pca,sentiment_emb_pc235,-0.00010657126096826916
group_task_engagement,task_engagement,linear_pca,sentiment_emb_pc236,-0.016796667637942006
group_task_engagement,task_engagement,linear_pca,sentiment_emb_pc237,0.007096477346150149
group_task_engagement,task_engagement,linear_pca,sentiment_emb_pc238,0.0016380960645908682
group_task_engagement,task_engagement,linear_pca,sentiment_emb_pc239,-0.0030482147607783384
group_task_engagement,task_engagement,linear_pca,sentiment_emb_pc240,-7.254038691076061e-05
group_task_engagement,task_engagement,linear_pca,sentiment_emb_pc241,-0.012553632765348854
group_task_engagement,task_engagement,linear_pca,sentiment_emb_pc242,0.0032035816274738837
group_task_engagement,task_engagement,linear_pca,sentiment_emb_pc243,0.0017170764429257962
group_task_engagement,task_engagement,linear_pca,sentiment_emb_pc244,-0.002021176322277217
group_task_engagement,task_engagement,linear_pca,sentiment_emb_pc245,0.0038985129280324974
group_task_engagement,task_engagement,linear_pca,sentiment_emb_pc246,-0.005569344948187491
group_task_engagement,task_engagement,linear_pca,sentiment_emb_pc247,0.009473037595053031
group_task_engagement,task_engagement,linear_pca,sentiment_emb_pc248,0.005417151195479574
group_task_engagement,task_engagement,linear_pca,sentiment_emb_pc249,0.012039381732279966
group_task_engagement,task_engagement,linear_pca,sentiment_emb_pc250,-0.002806989862769544
group_task_engagement,task_engagement,linear_pca,sentiment_emb_pc251,-0.004043854921133622
group_task_engagement,task_engagement,linear_pca,sentiment_emb_pc252,0.007651174999484131
group_task_engagement,task_engagement,linear_pca,sentiment_emb_pc253,0.007556498644047426
group_task_engagement,task_engagement,linear_pca,sentiment_emb_pc254,0.0024116566871453635
group_task_engagement,task_engagement,linear_pca,sentiment_emb_pc255,0.0022626179082755543
group_task_engagement,task_engagement,linear_pca,sentiment_emb_pc256,0.0019405393114972057
group_task_engagement,task_engagement,linear_pca,sentiment_emb_pc257,-0.011501193912900033
group_task_engagement,task_engagement,linear_pca,sentiment_emb_pc258,0.005892056761328571
group_task_engagement,task_engagement,linear_pca,sentiment_emb_pc259,0.0006176446424978402
group_task_engagement,task_engagement,linear_pca,sentiment_emb_pc260,-0.00772792586385066
group_task_engagement,task_engagement,linear_pca,sentiment_emb_pc261,0.00799286830705872
group_task_engagement,task_engagement,linear_pca,sentiment_emb_pc262,-0.004431034091081859
group_task_engagement,task_engagement,linear_pca,sentiment_emb_pc263,-0.0065698404585112285
group_task_engagement,task_engagement,linear_pca,sentiment_emb_pc264,-0.003949934994727504
group_task_engagement,task_engagement,linear_pca,sentiment_emb_pc265,0.0033939409771997853
group_task_engagement,task_engagement,linear_pca,sentiment_emb_pc266,0.004405814128112538
group_task_engagement,task_engagement,linear_pca,sentiment_emb_pc267,-0.010289557341898316
group_task_engagement,task_engagement,linear_pca,sentiment_emb_pc268,0.0004912515590405186
group_task_engagement,task_engagement,linear_pca,sentiment_emb_pc269,-0.0003831974615692461
group_task_engagement,task_engagement,linear_pca,sentiment_emb_pc270,0.007781876262011354
group_task_engagement,task_engagement,linear_pca,sentiment_emb_pc271,-0.0029368293306125223
group_task_engagement,task_engagement,linear_pca,sentiment_emb_pc272,0.0019918463284116497
group_task_engagement,task_engagement,linear_pca,sentiment_emb_pc273,-0.00019372788236934012
group_task_engagement,task_engagement,linear_pca,sentiment_emb_pc274,-0.013559249905952175
group_task_engagement,task_engagement,linear_pca,sentiment_emb_pc275,0.002661887630640183
group_task_engagement,task_engagement,linear_pca,sentiment_emb_pc276,0.00845203148547991
group_task_engagement,task_engagement,linear_pca,sentiment_emb_pc277,-0.00021519171486082857
group_task_engagement,task_engagement,linear_pca,sentiment_emb_pc278,0.004867208486487892
group_task_engagement,task_engagement,linear_pca,sentiment_emb_pc279,-0.002672914690917422
group_task_engagement,task_engagement,linear_pca,sentiment_emb_pc280,-0.008459672436337613
group_task_engagement,task_engagement,linear_pca,sentiment_emb_pc281,0.005542265171729244
group_task_engagement,task_engagement,linear_pca,sentiment_emb_pc282,0.0002383849224425177
group_task_engagement,task_engagement,linear_pca,sentiment_emb_pc283,0.004717590854903472
group_task_engagement,task_engagement,linear_pca,sentiment_emb_pc284,-8.433290876310928e-05
group_task_engagement,task_engagement,linear_pca,sentiment_emb_pc285,-0.006802716577725805
group_task_engagement,task_engagement,linear_pca,sentiment_emb_pc286,-0.01000514473993796
group_task_engagement,task_engagement,linear_pca,sentiment_emb_pc287,-0.00830404436508064
group_task_engagement,task_engagement,linear_pca,sentiment_emb_pc288,-0.008628657500926767
group_task_engagement,task_engagement,linear_pca,sentiment_emb_pc289,0.014105587531598329
group_task_engagement,task_engagement,linear_pca,sentiment_emb_pc290,-0.012570400312155065
group_task_engagement,task_engagement,linear_pca,sentiment_emb_pc291,0.004395118218429164
group_task_engagement,task_engagement,linear_pca,sentiment_emb_pc292,-0.00851961869518512
group_task_engagement,task_engagement,linear_pca,sentiment_emb_pc293,-0.011270328230516826
group_task_engagement,task_engagement,linear_pca,sentiment_emb_pc294,0.0048374070789138825
group_task_engagement,task_engagement,linear_pca,sentiment_emb_pc295,-0.00043187914531190067
group_task_engagement,task_engagement,linear_pca,sentiment_emb_pc296,-0.002579167395114289
group_task_engagement,task_engagement,linear_pca,sentiment_emb_pc297,0.002503852709511334
group_task_engagement,task_engagement,linear_pca,sentiment_emb_pc298,-0.0030380190234701866
group_task_engagement,task_engagement,linear_pca,sentiment_emb_pc299,0.015963770444650197
group_task_engagement,task_engagement,linear_pca,sentiment_emb_pc300,-0.000852941045550957
group_task_engagement,task_engagement,linear_pca,sentiment_emb_pc301,-0.0005221893688633393
group_task_engagement,task_engagement,linear_pca,sentiment_emb_pc302,-0.005030702465770433
group_task_engagement,task_engagement,linear_pca,sentiment_emb_pc303,0.003791081968456159
group_task_engagement,task_engagement,linear_pca,sentiment_emb_pc304,-0.0031504552903194177
group_task_engagement,task_engagement,linear_pca,sentiment_emb_pc305,0.0018495433131879345
group_task_engagement,task_engagement,linear_pca,sentiment_emb_pc306,-0.001162151057658429
group_task_engagement,task_engagement,linear_pca,sentiment_emb_pc307,-0.0062493376112648606
group_task_engagement,task_engagement,logistic_pca,segment_duration_s,-0.24760093439598113
group_task_engagement,task_engagement,logistic_pca,word_count,0.34531488581897135
group_task_engagement,task_engagement,logistic_pca,avg_word_length,0.054494695442654006
group_task_engagement,task_engagement,logistic_pca,words_per_second,0.181396655704652
group_task_engagement,task_engagement,logistic_pca,question,-0.025439011579457715
group_task_engagement,task_engagement,logistic_pca,statement,0.025439011579457715
group_task_engagement,task_engagement,logistic_pca,sentiment_p_blue_mean,0.01662926686445173
group_task_engagement,task_engagement,logistic_pca,sentiment_p_green_mean,-0.1856483924952444
group_task_engagement,task_engagement,logistic_pca,sentiment_p_red_mean,-0.1923776578193899
group_task_engagement,task_engagement,logistic_pca,arousal_mean,0.1316846616625822
group_task_engagement,task_engagement,logistic_pca,dominance_mean,0.40394354743908917
group_task_engagement,task_engagement,logistic_pca,valence_mean,-0.31288489540482944
group_task_engagement,task_engagement,logistic_pca,role_p_green,-0.10581516400760033
group_task_engagement,task_engagement,logistic_pca,role_p_red,-0.3021080166016287
group_task_engagement,task_engagement,logistic_pca,opensmile_pc001,0.213803637853122
group_task_engagement,task_engagement,logistic_pca,opensmile_pc002,-0.07136610642979158
group_task_engagement,task_engagement,logistic_pca,opensmile_pc003,0.19139904742731748
group_task_engagement,task_engagement,logistic_pca,opensmile_pc004,0.06500883597946142
group_task_engagement,task_engagement,logistic_pca,opensmile_pc005,-0.00923886047616634
group_task_engagement,task_engagement,logistic_pca,opensmile_pc006,-0.052683554326058785
group_task_engagement,task_engagement,logistic_pca,opensmile_pc007,-0.09070048401209967
group_task_engagement,task_engagement,logistic_pca,opensmile_pc008,-0.058792785385914106
group_task_engagement,task_engagement,logistic_pca,opensmile_pc009,0.0040119509222989545
group_task_engagement,task_engagement,logistic_pca,opensmile_pc010,0.0420609565951262
group_task_engagement,task_engagement,logistic_pca,opensmile_pc011,0.013255043023049523
group_task_engagement,task_engagement,logistic_pca,opensmile_pc012,0.014011575382058623
group_task_engagement,task_engagement,logistic_pca,opensmile_pc013,0.11654919915188582
group_task_engagement,task_engagement,logistic_pca,opensmile_pc014,0.09329879316672658
group_task_engagement,task_engagement,logistic_pca,opensmile_pc015,-0.04775655345321606
group_task_engagement,task_engagement,logistic_pca,opensmile_pc016,-0.04113395831214551
group_task_engagement,task_engagement,logistic_pca,opensmile_pc017,0.01893165622579347
group_task_engagement,task_engagement,logistic_pca,opensmile_pc018,-0.07859892548194412
group_task_engagement,task_engagement,logistic_pca,opensmile_pc019,-0.15207143275049523
group_task_engagement,task_engagement,logistic_pca,opensmile_pc020,-0.007565535444986637
group_task_engagement,task_engagement,logistic_pca,opensmile_pc021,-0.06851874364010654
group_task_engagement,task_engagement,logistic_pca,opensmile_pc022,-0.007203723542035687
group_task_engagement,task_engagement,logistic_pca,opensmile_pc023,0.029459892574762753
group_task_engagement,task_engagement,logistic_pca,opensmile_pc024,0.01067986810152126
group_task_engagement,task_engagement,logistic_pca,opensmile_pc025,0.09110239949483695
group_task_engagement,task_engagement,logistic_pca,opensmile_pc026,0.05219369509704266
group_task_engagement,task_engagement,logistic_pca,opensmile_pc027,-0.13798239137579174
group_task_engagement,task_engagement,logistic_pca,opensmile_pc028,-0.006784060139666888
group_task_engagement,task_engagement,logistic_pca,opensmile_pc029,-0.010311899883011417
group_task_engagement,task_engagement,logistic_pca,opensmile_pc030,-0.0818762413905569
group_task_engagement,task_engagement,logistic_pca,opensmile_pc031,-0.10590364437540718
group_task_engagement,task_engagement,logistic_pca,opensmile_pc032,-0.144365397891378
group_task_engagement,task_engagement,logistic_pca,opensmile_pc033,-0.0005592918530458661
group_task_engagement,task_engagement,logistic_pca,opensmile_pc034,-0.04228555034274077
group_task_engagement,task_engagement,logistic_pca,opensmile_pc035,0.01386424963477085
group_task_engagement,task_engagement,logistic_pca,opensmile_pc036,-0.1293327991449607
group_task_engagement,task_engagement,logistic_pca,opensmile_pc037,0.08786595948408309
group_task_engagement,task_engagement,logistic_pca,opensmile_pc038,0.16316900497016865
group_task_engagement,task_engagement,logistic_pca,opensmile_pc039,0.029773184103720814
group_task_engagement,task_engagement,logistic_pca,opensmile_pc040,-0.052017548568409094
group_task_engagement,task_engagement,logistic_pca,opensmile_pc041,-0.06917628850515302
group_task_engagement,task_engagement,logistic_pca,opensmile_pc042,-0.05674585045852593
group_task_engagement,task_engagement,logistic_pca,opensmile_pc043,-0.05944127367408362
group_task_engagement,task_engagement,logistic_pca,opensmile_pc044,-0.08150558240584795
group_task_engagement,task_engagement,logistic_pca,opensmile_pc045,0.18923050351645998
group_task_engagement,task_engagement,logistic_pca,opensmile_pc046,0.06967568744832253
group_task_engagement,task_engagement,logistic_pca,opensmile_pc047,-0.057938751418208645
group_task_engagement,task_engagement,logistic_pca,opensmile_pc048,-0.07108431396668646
group_task_engagement,task_engagement,logistic_pca,opensmile_pc049,0.13809749205785243
group_task_engagement,task_engagement,logistic_pca,opensmile_pc050,0.06360326978300934
group_task_engagement,task_engagement,logistic_pca,opensmile_pc051,-0.10608457980246182
group_task_engagement,task_engagement,logistic_pca,opensmile_pc052,-0.07116499043479173
group_task_engagement,task_engagement,logistic_pca,opensmile_pc053,-0.08235451481055292
group_task_engagement,task_engagement,logistic_pca,opensmile_pc054,0.04261989667400399
group_task_engagement,task_engagement,logistic_pca,opensmile_pc055,-0.01968000624580394
group_task_engagement,task_engagement,logistic_pca,opensmile_pc056,-0.06888960536924743
group_task_engagement,task_engagement,logistic_pca,opensmile_pc057,-0.005845086316449674
group_task_engagement,task_engagement,logistic_pca,opensmile_pc058,-0.0196308585569157
group_task_engagement,task_engagement,logistic_pca,opensmile_pc059,-0.06865064937334807
group_task_engagement,task_engagement,logistic_pca,emow2v_pc001,0.4353394289505047
group_task_engagement,task_engagement,logistic_pca,emow2v_pc002,0.1924300757198764
group_task_engagement,task_engagement,logistic_pca,emow2v_pc003,-0.25287171141073556
group_task_engagement,task_engagement,logistic_pca,emow2v_pc004,-0.2598486550261144
group_task_engagement,task_engagement,logistic_pca,emow2v_pc005,0.02972744250259573
group_task_engagement,task_engagement,logistic_pca,emow2v_pc006,0.2791686621425782
group_task_engagement,task_engagement,logistic_pca,emow2v_pc007,-0.14038284244898935
group_task_engagement,task_engagement,logistic_pca,emow2v_pc008,0.026182974717726928
group_task_engagement,task_engagement,logistic_pca,emow2v_pc009,0.0990801388073054
group_task_engagement,task_engagement,logistic_pca,emow2v_pc010,0.0354375380678088
group_task_engagement,task_engagement,logistic_pca,emow2v_pc011,0.08633882540639336
group_task_engagement,task_engagement,logistic_pca,emow2v_pc012,-0.08096794096429358
group_task_engagement,task_engagement,logistic_pca,emow2v_pc013,0.02582225806397164
group_task_engagement,task_engagement,logistic_pca,emow2v_pc014,-0.10979882997736747
group_task_engagement,task_engagement,logistic_pca,emow2v_pc015,-0.0645484751211332
group_task_engagement,task_engagement,logistic_pca,emow2v_pc016,0.25897245650344247
group_task_engagement,task_engagement,logistic_pca,emow2v_pc017,-0.046653389686715986
group_task_engagement,task_engagement,logistic_pca,emow2v_pc018,0.16357919326209475
group_task_engagement,task_engagement,logistic_pca,emow2v_pc019,-0.05851342930509963
group_task_engagement,task_engagement,logistic_pca,emow2v_pc020,-0.07437623946542483
group_task_engagement,task_engagement,logistic_pca,emow2v_pc021,-0.02695427991091842
group_task_engagement,task_engagement,logistic_pca,emow2v_pc022,-0.021906293071424315
group_task_engagement,task_engagement,logistic_pca,emow2v_pc023,0.12270463064654595
group_task_engagement,task_engagement,logistic_pca,emow2v_pc024,0.031152712151363535
group_task_engagement,task_engagement,logistic_pca,emow2v_pc025,0.15251744549699078
group_task_engagement,task_engagement,logistic_pca,emow2v_pc026,-0.2637972693699616
group_task_engagement,task_engagement,logistic_pca,emow2v_pc027,0.046501262212739355
group_task_engagement,task_engagement,logistic_pca,emow2v_pc028,0.02144999469171321
group_task_engagement,task_engagement,logistic_pca,emow2v_pc029,-0.06728385873494873
group_task_engagement,task_engagement,logistic_pca,emow2v_pc030,0.0739344019896293
group_task_engagement,task_engagement,logistic_pca,emow2v_pc031,-0.13606785494049406
group_task_engagement,task_engagement,logistic_pca,emow2v_pc032,0.0543815496486605
group_task_engagement,task_engagement,logistic_pca,emow2v_pc033,0.20390274734816102
group_task_engagement,task_engagement,logistic_pca,emow2v_pc034,0.09526513316730066
group_task_engagement,task_engagement,logistic_pca,emow2v_pc035,-0.1825304982139456
group_task_engagement,task_engagement,logistic_pca,emow2v_pc036,0.014613511802823961
group_task_engagement,task_engagement,logistic_pca,emow2v_pc037,0.12071747360828944
group_task_engagement,task_engagement,logistic_pca,emow2v_pc038,0.18279721244453617
group_task_engagement,task_engagement,logistic_pca,emow2v_pc039,-0.11801620643379465
group_task_engagement,task_engagement,logistic_pca,emow2v_pc040,-0.21113957290077998
group_task_engagement,task_engagement,logistic_pca,emow2v_pc041,-0.15587422492408815
group_task_engagement,task_engagement,logistic_pca,emow2v_pc042,-0.10440950764716606
group_task_engagement,task_engagement,logistic_pca,emow2v_pc043,-0.14604450037498093
group_task_engagement,task_engagement,logistic_pca,emow2v_pc044,-0.02927740627662808
group_task_engagement,task_engagement,logistic_pca,emow2v_pc045,-0.021911978077769144
group_task_engagement,task_engagement,logistic_pca,emow2v_pc046,0.15832863380469084
group_task_engagement,task_engagement,logistic_pca,emow2v_pc047,0.0018572619830136692
group_task_engagement,task_engagement,logistic_pca,emow2v_pc048,0.012572983638750656
group_task_engagement,task_engagement,logistic_pca,emow2v_pc049,-0.041428009460971506
group_task_engagement,task_engagement,logistic_pca,emow2v_pc050,-0.08233701235775602
group_task_engagement,task_engagement,logistic_pca,emow2v_pc051,0.037531566455720894
group_task_engagement,task_engagement,logistic_pca,emow2v_pc052,0.0519707219065181
group_task_engagement,task_engagement,logistic_pca,emow2v_pc053,0.054378070920990375
group_task_engagement,task_engagement,logistic_pca,sentiment_emb_pc001,0.15503165015649903
group_task_engagement,task_engagement,logistic_pca,sentiment_emb_pc002,-0.07337221721343803
group_task_engagement,task_engagement,logistic_pca,sentiment_emb_pc003,-0.23079824601932
group_task_engagement,task_engagement,logistic_pca,sentiment_emb_pc004,-0.09506418213960913
group_task_engagement,task_engagement,logistic_pca,sentiment_emb_pc005,0.372165446239799
group_task_engagement,task_engagement,logistic_pca,sentiment_emb_pc006,-0.4048551291491219
group_task_engagement,task_engagement,logistic_pca,sentiment_emb_pc007,-0.2439173734545741
group_task_engagement,task_engagement,logistic_pca,sentiment_emb_pc008,-0.22635201420593504
group_task_engagement,task_engagement,logistic_pca,sentiment_emb_pc009,-0.10352750698666655
group_task_engagement,task_engagement,logistic_pca,sentiment_emb_pc010,-0.6669432727784405
group_task_engagement,task_engagement,logistic_pca,sentiment_emb_pc011,0.06748524855121688
group_task_engagement,task_engagement,logistic_pca,sentiment_emb_pc012,-0.011447042490476948
group_task_engagement,task_engagement,logistic_pca,sentiment_emb_pc013,0.24016568105042946
group_task_engagement,task_engagement,logistic_pca,sentiment_emb_pc014,-0.010823702300053709
group_task_engagement,task_engagement,logistic_pca,sentiment_emb_pc015,0.1490757504205595
group_task_engagement,task_engagement,logistic_pca,sentiment_emb_pc016,0.43885204608279516
group_task_engagement,task_engagement,logistic_pca,sentiment_emb_pc017,0.2327799965102106
group_task_engagement,task_engagement,logistic_pca,sentiment_emb_pc018,-0.2654860849011121
group_task_engagement,task_engagement,logistic_pca,sentiment_emb_pc019,-0.39783939389884293
group_task_engagement,task_engagement,logistic_pca,sentiment_emb_pc020,-0.23638356507236752
group_task_engagement,task_engagement,logistic_pca,sentiment_emb_pc021,-0.08880750413124978
group_task_engagement,task_engagement,logistic_pca,sentiment_emb_pc022,0.12154901640599099
group_task_engagement,task_engagement,logistic_pca,sentiment_emb_pc023,0.027103313946826642
group_task_engagement,task_engagement,logistic_pca,sentiment_emb_pc024,0.04660847656446839
group_task_engagement,task_engagement,logistic_pca,sentiment_emb_pc025,-0.17167705189911855
group_task_engagement,task_engagement,logistic_pca,sentiment_emb_pc026,0.1768080979951336
group_task_engagement,task_engagement,logistic_pca,sentiment_emb_pc027,0.1707146046633244
group_task_engagement,task_engagement,logistic_pca,sentiment_emb_pc028,0.008583619426081513
group_task_engagement,task_engagement,logistic_pca,sentiment_emb_pc029,-0.19594912570645384
group_task_engagement,task_engagement,logistic_pca,sentiment_emb_pc030,0.09280141826484554
group_task_engagement,task_engagement,logistic_pca,sentiment_emb_pc031,-0.10246623330467786
group_task_engagement,task_engagement,logistic_pca,sentiment_emb_pc032,0.22369439653288595
group_task_engagement,task_engagement,logistic_pca,sentiment_emb_pc033,-0.17568337981819657
group_task_engagement,task_engagement,logistic_pca,sentiment_emb_pc034,-0.401376078937968
group_task_engagement,task_engagement,logistic_pca,sentiment_emb_pc035,0.05075477930854373
group_task_engagement,task_engagement,logistic_pca,sentiment_emb_pc036,0.06504801685401905
group_task_engagement,task_engagement,logistic_pca,sentiment_emb_pc037,-0.07350700596512678
group_task_engagement,task_engagement,logistic_pca,sentiment_emb_pc038,-0.07911964489235014
group_task_engagement,task_engagement,logistic_pca,sentiment_emb_pc039,-0.001297621676973784
group_task_engagement,task_engagement,logistic_pca,sentiment_emb_pc040,0.09884986776966316
group_task_engagement,task_engagement,logistic_pca,sentiment_emb_pc041,0.32957076622428294
group_task_engagement,task_engagement,logistic_pca,sentiment_emb_pc042,-0.20160681823314924
group_task_engagement,task_engagement,logistic_pca,sentiment_emb_pc043,0.016331729889132757
group_task_engagement,task_engagement,logistic_pca,sentiment_emb_pc044,0.016853073082470835
group_task_engagement,task_engagement,logistic_pca,sentiment_emb_pc045,-0.1915975016854723
group_task_engagement,task_engagement,logistic_pca,sentiment_emb_pc046,0.1838972768121592
group_task_engagement,task_engagement,logistic_pca,sentiment_emb_pc047,-0.14567890277954926
group_task_engagement,task_engagement,logistic_pca,sentiment_emb_pc048,0.15037556430891597
group_task_engagement,task_engagement,logistic_pca,sentiment_emb_pc049,0.0481803347919299
group_task_engagement,task_engagement,logistic_pca,sentiment_emb_pc050,-0.0026745628774138023
group_task_engagement,task_engagement,logistic_pca,sentiment_emb_pc051,-0.011485360137733583
group_task_engagement,task_engagement,logistic_pca,sentiment_emb_pc052,0.0257809450228479
group_task_engagement,task_engagement,logistic_pca,sentiment_emb_pc053,0.36789985950663684
group_task_engagement,task_engagement,logistic_pca,sentiment_emb_pc054,-0.08689222034644463
group_task_engagement,task_engagement,logistic_pca,sentiment_emb_pc055,0.09126223182577271
group_task_engagement,task_engagement,logistic_pca,sentiment_emb_pc056,0.2445476940732282
group_task_engagement,task_engagement,logistic_pca,sentiment_emb_pc057,0.12434397690095565
group_task_engagement,task_engagement,logistic_pca,sentiment_emb_pc058,0.026040361310790627
group_task_engagement,task_engagement,logistic_pca,sentiment_emb_pc059,-0.29735880429645756
group_task_engagement,task_engagement,logistic_pca,sentiment_emb_pc060,-0.2254281229754656
group_task_engagement,task_engagement,logistic_pca,sentiment_emb_pc061,0.12122205508996821
group_task_engagement,task_engagement,logistic_pca,sentiment_emb_pc062,-0.013788895934656842
group_task_engagement,task_engagement,logistic_pca,sentiment_emb_pc063,-0.10568479588298663
group_task_engagement,task_engagement,logistic_pca,sentiment_emb_pc064,0.31513929966877097
group_task_engagement,task_engagement,logistic_pca,sentiment_emb_pc065,0.007197234242880868
group_task_engagement,task_engagement,logistic_pca,sentiment_emb_pc066,0.13201478781460566
group_task_engagement,task_engagement,logistic_pca,sentiment_emb_pc067,0.03089936875367297
group_task_engagement,task_engagement,logistic_pca,sentiment_emb_pc068,-0.055618019918795454
group_task_engagement,task_engagement,logistic_pca,sentiment_emb_pc069,-0.17480510811033403
group_task_engagement,task_engagement,logistic_pca,sentiment_emb_pc070,0.05700092319461886
group_task_engagement,task_engagement,logistic_pca,sentiment_emb_pc071,0.2633017972522585
group_task_engagement,task_engagement,logistic_pca,sentiment_emb_pc072,-0.032770164092811645
group_task_engagement,task_engagement,logistic_pca,sentiment_emb_pc073,0.02513290361907642
group_task_engagement,task_engagement,logistic_pca,sentiment_emb_pc074,-0.23876516373165596
group_task_engagement,task_engagement,logistic_pca,sentiment_emb_pc075,-0.018891769054112908
group_task_engagement,task_engagement,logistic_pca,sentiment_emb_pc076,0.1300950361266592
group_task_engagement,task_engagement,logistic_pca,sentiment_emb_pc077,-0.031031348206724728
group_task_engagement,task_engagement,logistic_pca,sentiment_emb_pc078,-0.022424446827031114
group_task_engagement,task_engagement,logistic_pca,sentiment_emb_pc079,-0.006251723138143949
group_task_engagement,task_engagement,logistic_pca,sentiment_emb_pc080,0.04032396154710995
group_task_engagement,task_engagement,logistic_pca,sentiment_emb_pc081,-0.23579124965695736
group_task_engagement,task_engagement,logistic_pca,sentiment_emb_pc082,0.13123471117216504
group_task_engagement,task_engagement,logistic_pca,sentiment_emb_pc083,0.044149190339677714
group_task_engagement,task_engagement,logistic_pca,sentiment_emb_pc084,-0.09032422029288499
group_task_engagement,task_engagement,logistic_pca,sentiment_emb_pc085,0.20692176233872517
group_task_engagement,task_engagement,logistic_pca,sentiment_emb_pc086,-0.10665657386766994
group_task_engagement,task_engagement,logistic_pca,sentiment_emb_pc087,-0.2008749834131081
group_task_engagement,task_engagement,logistic_pca,sentiment_emb_pc088,-0.043050071566450764
group_task_engagement,task_engagement,logistic_pca,sentiment_emb_pc089,0.045285122057672766
group_task_engagement,task_engagement,logistic_pca,sentiment_emb_pc090,0.11263728030356512
group_task_engagement,task_engagement,logistic_pca,sentiment_emb_pc091,-0.04155818650662558
group_task_engagement,task_engagement,logistic_pca,sentiment_emb_pc092,0.0008497934552807284
group_task_engagement,task_engagement,logistic_pca,sentiment_emb_pc093,-0.06289304469001009
group_task_engagement,task_engagement,logistic_pca,sentiment_emb_pc094,-0.1323436430563989
group_task_engagement,task_engagement,logistic_pca,sentiment_emb_pc095,-0.00897875533180239
group_task_engagement,task_engagement,logistic_pca,sentiment_emb_pc096,-0.11349471749712325
group_task_engagement,task_engagement,logistic_pca,sentiment_emb_pc097,0.11172087143370606
group_task_engagement,task_engagement,logistic_pca,sentiment_emb_pc098,0.0524542444510544
group_task_engagement,task_engagement,logistic_pca,sentiment_emb_pc099,-0.012919014837331162
group_task_engagement,task_engagement,logistic_pca,sentiment_emb_pc100,0.18763803646434968
group_task_engagement,task_engagement,logistic_pca,sentiment_emb_pc101,0.03617183783051075
group_task_engagement,task_engagement,logistic_pca,sentiment_emb_pc102,-0.07961163632702452
group_task_engagement,task_engagement,logistic_pca,sentiment_emb_pc103,-0.12406502385291458
group_task_engagement,task_engagement,logistic_pca,sentiment_emb_pc104,0.1166887683571248
group_task_engagement,task_engagement,logistic_pca,sentiment_emb_pc105,0.030331815141489804
group_task_engagement,task_engagement,logistic_pca,sentiment_emb_pc106,-0.12246614921195746
group_task_engagement,task_engagement,logistic_pca,sentiment_emb_pc107,-0.21509831933332407
group_task_engagement,task_engagement,logistic_pca,sentiment_emb_pc108,-0.013699577764375644
group_task_engagement,task_engagement,logistic_pca,sentiment_emb_pc109,0.06900173521972378
group_task_engagement,task_engagement,logistic_pca,sentiment_emb_pc110,-0.0003397874317819385
group_task_engagement,task_engagement,logistic_pca,sentiment_emb_pc111,0.06399039347796968
group_task_engagement,task_engagement,logistic_pca,sentiment_emb_pc112,0.019070501839142495
group_task_engagement,task_engagement,logistic_pca,sentiment_emb_pc113,-0.05498995953566475
group_task_engagement,task_engagement,logistic_pca,sentiment_emb_pc114,-0.07285953459517237
group_task_engagement,task_engagement,logistic_pca,sentiment_emb_pc115,0.07353811207173803
group_task_engagement,task_engagement,logistic_pca,sentiment_emb_pc116,0.1317017424966476
group_task_engagement,task_engagement,logistic_pca,sentiment_emb_pc117,0.07745050637905487
group_task_engagement,task_engagement,logistic_pca,sentiment_emb_pc118,-0.023177330790474387
group_task_engagement,task_engagement,logistic_pca,sentiment_emb_pc119,0.04040057103544516
group_task_engagement,task_engagement,logistic_pca,sentiment_emb_pc120,-0.08874954056346221
group_task_engagement,task_engagement,logistic_pca,sentiment_emb_pc121,-0.2050885227344627
group_task_engagement,task_engagement,logistic_pca,sentiment_emb_pc122,0.09239949407785601
group_task_engagement,task_engagement,logistic_pca,sentiment_emb_pc123,0.178822236619457
group_task_engagement,task_engagement,logistic_pca,sentiment_emb_pc124,-0.04013658158415458
group_task_engagement,task_engagement,logistic_pca,sentiment_emb_pc125,-0.04481854086366922
group_task_engagement,task_engagement,logistic_pca,sentiment_emb_pc126,-0.07978730271014232
group_task_engagement,task_engagement,logistic_pca,sentiment_emb_pc127,0.14110794623617956
group_task_engagement,task_engagement,logistic_pca,sentiment_emb_pc128,0.04422902348464089
group_task_engagement,task_engagement,logistic_pca,sentiment_emb_pc129,0.04561135885648189
group_task_engagement,task_engagement,logistic_pca,sentiment_emb_pc130,0.12576046627920398
group_task_engagement,task_engagement,logistic_pca,sentiment_emb_pc131,-0.03516904344797431
group_task_engagement,task_engagement,logistic_pca,sentiment_emb_pc132,-0.03048348955530123
group_task_engagement,task_engagement,logistic_pca,sentiment_emb_pc133,0.06667500119390958
group_task_engagement,task_engagement,logistic_pca,sentiment_emb_pc134,-0.06544358879161116
group_task_engagement,task_engagement,logistic_pca,sentiment_emb_pc135,0.14059903575566746
group_task_engagement,task_engagement,logistic_pca,sentiment_emb_pc136,0.057515107641066085
group_task_engagement,task_engagement,logistic_pca,sentiment_emb_pc137,0.06555220906931551
group_task_engagement,task_engagement,logistic_pca,sentiment_emb_pc138,0.008541621152618643
group_task_engagement,task_engagement,logistic_pca,sentiment_emb_pc139,0.08849047645277999
group_task_engagement,task_engagement,logistic_pca,sentiment_emb_pc140,0.03770030212276764
group_task_engagement,task_engagement,logistic_pca,sentiment_emb_pc141,0.18904807263985202
group_task_engagement,task_engagement,logistic_pca,sentiment_emb_pc142,-0.06260802588629724
group_task_engagement,task_engagement,logistic_pca,sentiment_emb_pc143,0.1674960091217109
group_task_engagement,task_engagement,logistic_pca,sentiment_emb_pc144,0.09784817236441284
group_task_engagement,task_engagement,logistic_pca,sentiment_emb_pc145,0.02579592649584418
group_task_engagement,task_engagement,logistic_pca,sentiment_emb_pc146,-0.11132186458245265
group_task_engagement,task_engagement,logistic_pca,sentiment_emb_pc147,0.019373634188862166
group_task_engagement,task_engagement,logistic_pca,sentiment_emb_pc148,-0.030430663713480383
group_task_engagement,task_engagement,logistic_pca,sentiment_emb_pc149,-0.09952450794425743
group_task_engagement,task_engagement,logistic_pca,sentiment_emb_pc150,-0.014901724668167502
group_task_engagement,task_engagement,logistic_pca,sentiment_emb_pc151,0.09136046675971495
group_task_engagement,task_engagement,logistic_pca,sentiment_emb_pc152,0.15995825335827948
group_task_engagement,task_engagement,logistic_pca,sentiment_emb_pc153,-0.07807665098477493
group_task_engagement,task_engagement,logistic_pca,sentiment_emb_pc154,-0.20776276635394125
group_task_engagement,task_engagement,logistic_pca,sentiment_emb_pc155,-0.06553651921332686
group_task_engagement,task_engagement,logistic_pca,sentiment_emb_pc156,-0.08846788360573037
group_task_engagement,task_engagement,logistic_pca,sentiment_emb_pc157,0.059895286760819115
group_task_engagement,task_engagement,logistic_pca,sentiment_emb_pc158,-0.014526117871501893
group_task_engagement,task_engagement,logistic_pca,sentiment_emb_pc159,-0.04738988025561634
group_task_engagement,task_engagement,logistic_pca,sentiment_emb_pc160,0.04721058780265688
group_task_engagement,task_engagement,logistic_pca,sentiment_emb_pc161,0.0016013374198765797
group_task_engagement,task_engagement,logistic_pca,sentiment_emb_pc162,-0.030880006089538843
group_task_engagement,task_engagement,logistic_pca,sentiment_emb_pc163,-0.09825898382849078
group_task_engagement,task_engagement,logistic_pca,sentiment_emb_pc164,0.01713081641485939
group_task_engagement,task_engagement,logistic_pca,sentiment_emb_pc165,0.04302005460561202
group_task_engagement,task_engagement,logistic_pca,sentiment_emb_pc166,0.008045345589288714
group_task_engagement,task_engagement,logistic_pca,sentiment_emb_pc167,-0.006243249115515013
group_task_engagement,task_engagement,logistic_pca,sentiment_emb_pc168,0.1160695709619764
group_task_engagement,task_engagement,logistic_pca,sentiment_emb_pc169,-0.17130065120179305
group_task_engagement,task_engagement,logistic_pca,sentiment_emb_pc170,-0.0182403519570326
group_task_engagement,task_engagement,logistic_pca,sentiment_emb_pc171,0.013903691271815052
group_task_engagement,task_engagement,logistic_pca,sentiment_emb_pc172,0.08027316550350236
group_task_engagement,task_engagement,logistic_pca,sentiment_emb_pc173,0.0663307513536541
group_task_engagement,task_engagement,logistic_pca,sentiment_emb_pc174,0.0013702929015858884
group_task_engagement,task_engagement,logistic_pca,sentiment_emb_pc175,-0.09900945863985772
group_task_engagement,task_engagement,logistic_pca,sentiment_emb_pc176,-0.10132875670840022
group_task_engagement,task_engagement,logistic_pca,sentiment_emb_pc177,0.09489028262576461
group_task_engagement,task_engagement,logistic_pca,sentiment_emb_pc178,0.05178391648097783
group_task_engagement,task_engagement,logistic_pca,sentiment_emb_pc179,-0.3643208505879575
group_task_engagement,task_engagement,logistic_pca,sentiment_emb_pc180,-0.10235480595072297
group_task_engagement,task_engagement,logistic_pca,sentiment_emb_pc181,-0.10662664162134576
group_task_engagement,task_engagement,logistic_pca,sentiment_emb_pc182,-0.20287641880982543
group_task_engagement,task_engagement,logistic_pca,sentiment_emb_pc183,-0.10324870258912562
group_task_engagement,task_engagement,logistic_pca,sentiment_emb_pc184,0.07993191899804322
group_task_engagement,task_engagement,logistic_pca,sentiment_emb_pc185,-0.05297219102055267
group_task_engagement,task_engagement,logistic_pca,sentiment_emb_pc186,-0.011489371215374595
group_task_engagement,task_engagement,logistic_pca,sentiment_emb_pc187,0.03345096586546827
group_task_engagement,task_engagement,logistic_pca,sentiment_emb_pc188,0.09682334463250541
group_task_engagement,task_engagement,logistic_pca,sentiment_emb_pc189,0.14925439770351373
group_task_engagement,task_engagement,logistic_pca,sentiment_emb_pc190,0.10728890240873032
group_task_engagement,task_engagement,logistic_pca,sentiment_emb_pc191,0.12731624248210063
group_task_engagement,task_engagement,logistic_pca,sentiment_emb_pc192,-0.17161362258356974
group_task_engagement,task_engagement,logistic_pca,sentiment_emb_pc193,-0.14011525207324516
group_task_engagement,task_engagement,logistic_pca,sentiment_emb_pc194,0.027938159540103553
group_task_engagement,task_engagement,logistic_pca,sentiment_emb_pc195,-0.26681406069437996
group_task_engagement,task_engagement,logistic_pca,sentiment_emb_pc196,-0.04952240815968814
group_task_engagement,task_engagement,logistic_pca,sentiment_emb_pc197,-0.06334353995787353
group_task_engagement,task_engagement,logistic_pca,sentiment_emb_pc198,0.11994406827532046
group_task_engagement,task_engagement,logistic_pca,sentiment_emb_pc199,0.15202530702960365
group_task_engagement,task_engagement,logistic_pca,sentiment_emb_pc200,-0.1730480908529308
group_task_engagement,task_engagement,logistic_pca,sentiment_emb_pc201,0.02927653405233183
group_task_engagement,task_engagement,logistic_pca,sentiment_emb_pc202,-0.10108842146019166
group_task_engagement,task_engagement,logistic_pca,sentiment_emb_pc203,-0.07996216555016515
group_task_engagement,task_engagement,logistic_pca,sentiment_emb_pc204,-0.15546368725196216
group_task_engagement,task_engagement,logistic_pca,sentiment_emb_pc205,0.0315261683887944
group_task_engagement,task_engagement,logistic_pca,sentiment_emb_pc206,0.12838734907227628
group_task_engagement,task_engagement,logistic_pca,sentiment_emb_pc207,-0.06457619140881277
group_task_engagement,task_engagement,logistic_pca,sentiment_emb_pc208,-0.06367679503478799
group_task_engagement,task_engagement,logistic_pca,sentiment_emb_pc209,0.020487916678259027
group_task_engagement,task_engagement,logistic_pca,sentiment_emb_pc210,0.04676856377889367
group_task_engagement,task_engagement,logistic_pca,sentiment_emb_pc211,0.01378548875309997
group_task_engagement,task_engagement,logistic_pca,sentiment_emb_pc212,-0.01779503901181037
group_task_engagement,task_engagement,logistic_pca,sentiment_emb_pc213,0.04816947000903214
group_task_engagement,task_engagement,logistic_pca,sentiment_emb_pc214,0.02653831518666422
group_task_engagement,task_engagement,logistic_pca,sentiment_emb_pc215,0.05004016037678706
group_task_engagement,task_engagement,logistic_pca,sentiment_emb_pc216,-0.04269780280681411
group_task_engagement,task_engagement,logistic_pca,sentiment_emb_pc217,-0.076341935759465
group_task_engagement,task_engagement,logistic_pca,sentiment_emb_pc218,-0.09562761868255754
group_task_engagement,task_engagement,logistic_pca,sentiment_emb_pc219,0.11710328483144078
group_task_engagement,task_engagement,logistic_pca,sentiment_emb_pc220,0.11623552854213547
group_task_engagement,task_engagement,logistic_pca,sentiment_emb_pc221,-0.0751550608293581
group_task_engagement,task_engagement,logistic_pca,sentiment_emb_pc222,0.015194100755998521
group_task_engagement,task_engagement,logistic_pca,sentiment_emb_pc223,-0.07262981398128393
group_task_engagement,task_engagement,logistic_pca,sentiment_emb_pc224,-0.11987926227211929
group_task_engagement,task_engagement,logistic_pca,sentiment_emb_pc225,-0.05821558991480459
group_task_engagement,task_engagement,logistic_pca,sentiment_emb_pc226,-0.005204758005060286
group_task_engagement,task_engagement,logistic_pca,sentiment_emb_pc227,0.0020711168371063443
group_task_engagement,task_engagement,logistic_pca,sentiment_emb_pc228,0.0186342598455096
group_task_engagement,task_engagement,logistic_pca,sentiment_emb_pc229,0.11677554317451504
group_task_engagement,task_engagement,logistic_pca,sentiment_emb_pc230,0.18457558022210882
group_task_engagement,task_engagement,logistic_pca,sentiment_emb_pc231,-0.07185129469197718
group_task_engagement,task_engagement,logistic_pca,sentiment_emb_pc232,-0.04983975061930507
group_task_engagement,task_engagement,logistic_pca,sentiment_emb_pc233,0.21275530890581285
group_task_engagement,task_engagement,logistic_pca,sentiment_emb_pc234,0.0937026372578584
group_task_engagement,task_engagement,logistic_pca,sentiment_emb_pc235,0.10396150698824191
group_task_engagement,task_engagement,logistic_pca,sentiment_emb_pc236,-0.19600668085050124
group_task_engagement,task_engagement,logistic_pca,sentiment_emb_pc237,0.055107769992331496
group_task_engagement,task_engagement,logistic_pca,sentiment_emb_pc238,0.030486526345218444
group_task_engagement,task_engagement,logistic_pca,sentiment_emb_pc239,-0.13318991000407815
group_task_engagement,task_engagement,logistic_pca,sentiment_emb_pc240,-0.023460364150709567
group_task_engagement,task_engagement,logistic_pca,sentiment_emb_pc241,-0.168533737067077
group_task_engagement,task_engagement,logistic_pca,sentiment_emb_pc242,-0.021295882760475313
group_task_engagement,task_engagement,logistic_pca,sentiment_emb_pc243,-0.025446355814415345
group_task_engagement,task_engagement,logistic_pca,sentiment_emb_pc244,-0.10060925873860103
group_task_engagement,task_engagement,logistic_pca,sentiment_emb_pc245,-0.0165047015321496
group_task_engagement,task_engagement,logistic_pca,sentiment_emb_pc246,-0.04223231230816792
group_task_engagement,task_engagement,logistic_pca,sentiment_emb_pc247,-0.0054804286046371865
group_task_engagement,task_engagement,logistic_pca,sentiment_emb_pc248,0.05404866431524483
group_task_engagement,task_engagement,logistic_pca,sentiment_emb_pc249,0.17295894234148917
group_task_engagement,task_engagement,logistic_pca,sentiment_emb_pc250,0.055001386763136664
group_task_engagement,task_engagement,logistic_pca,sentiment_emb_pc251,-0.0021251050511071085
group_task_engagement,task_engagement,logistic_pca,sentiment_emb_pc252,0.07821822844293011
group_task_engagement,task_engagement,logistic_pca,sentiment_emb_pc253,0.12884219792260485
group_task_engagement,task_engagement,logistic_pca,sentiment_emb_pc254,0.11407016173867493
group_task_engagement,task_engagement,logistic_pca,sentiment_emb_pc255,0.09904169826609334
group_task_engagement,task_engagement,logistic_pca,sentiment_emb_pc256,-0.03006978688358134
group_task_engagement,task_engagement,logistic_pca,sentiment_emb_pc257,-0.07864385531298765
group_task_engagement,task_engagement,logistic_pca,sentiment_emb_pc258,0.08441732387394599
group_task_engagement,task_engagement,logistic_pca,sentiment_emb_pc259,-0.09283075974184526
group_task_engagement,task_engagement,logistic_pca,sentiment_emb_pc260,-0.07590954126804113
group_task_engagement,task_engagement,logistic_pca,sentiment_emb_pc261,0.06502879940436232
group_task_engagement,task_engagement,logistic_pca,sentiment_emb_pc262,0.015561619983112842
group_task_engagement,task_engagement,logistic_pca,sentiment_emb_pc263,-0.01834676348048742
group_task_engagement,task_engagement,logistic_pca,sentiment_emb_pc264,-0.0998173925869733
group_task_engagement,task_engagement,logistic_pca,sentiment_emb_pc265,0.03983758091251564
group_task_engagement,task_engagement,logistic_pca,sentiment_emb_pc266,-0.020019736488621827
group_task_engagement,task_engagement,logistic_pca,sentiment_emb_pc267,-0.019613613612159193
group_task_engagement,task_engagement,logistic_pca,sentiment_emb_pc268,0.001649486988069027
group_task_engagement,task_engagement,logistic_pca,sentiment_emb_pc269,0.01682335984999857
group_task_engagement,task_engagement,logistic_pca,sentiment_emb_pc270,0.03564523092225717
group_task_engagement,task_engagement,logistic_pca,sentiment_emb_pc271,0.02425122251387276
group_task_engagement,task_engagement,logistic_pca,sentiment_emb_pc272,-0.01746344898233628
group_task_engagement,task_engagement,logistic_pca,sentiment_emb_pc273,0.07021467823256915
group_task_engagement,task_engagement,logistic_pca,sentiment_emb_pc274,-0.07831539327267963
group_task_engagement,task_engagement,logistic_pca,sentiment_emb_pc275,-0.04844369926196377
group_task_engagement,task_engagement,logistic_pca,sentiment_emb_pc276,0.11178533099908416
group_task_engagement,task_engagement,logistic_pca,sentiment_emb_pc277,-0.0697576766331046
group_task_engagement,task_engagement,logistic_pca,sentiment_emb_pc278,0.15599351488207455
group_task_engagement,task_engagement,logistic_pca,sentiment_emb_pc279,-0.06316178805136505
group_task_engagement,task_engagement,logistic_pca,sentiment_emb_pc280,0.02995788525644398
group_task_engagement,task_engagement,logistic_pca,sentiment_emb_pc281,-0.027217816390038462
group_task_engagement,task_engagement,logistic_pca,sentiment_emb_pc282,-0.09783720902843208
group_task_engagement,task_engagement,logistic_pca,sentiment_emb_pc283,0.016147586356736677
group_task_engagement,task_engagement,logistic_pca,sentiment_emb_pc284,0.06671303083525927
group_task_engagement,task_engagement,logistic_pca,sentiment_emb_pc285,-0.10385528256504659
group_task_engagement,task_engagement,logistic_pca,sentiment_emb_pc286,-0.1447431694020742
group_task_engagement,task_engagement,logistic_pca,sentiment_emb_pc287,-0.12128397888296938
group_task_engagement,task_engagement,logistic_pca,sentiment_emb_pc288,-0.04922554111076853
group_task_engagement,task_engagement,logistic_pca,sentiment_emb_pc289,0.12050098975529709
group_task_engagement,task_engagement,logistic_pca,sentiment_emb_pc290,-0.1347844755919989
group_task_engagement,task_engagement,logistic_pca,sentiment_emb_pc291,0.09980918953321807
group_task_engagement,task_engagement,logistic_pca,sentiment_emb_pc292,-0.15051068312818933
group_task_engagement,task_engagement,logistic_pca,sentiment_emb_pc293,-0.10219628548295041
group_task_engagement,task_engagement,logistic_pca,sentiment_emb_pc294,0.027095125201810965
group_task_engagement,task_engagement,logistic_pca,sentiment_emb_pc295,0.026831617034969394
group_task_engagement,task_engagement,logistic_pca,sentiment_emb_pc296,-0.04240959211568684
group_task_engagement,task_engagement,logistic_pca,sentiment_emb_pc297,0.04125366307296702
group_task_engagement,task_engagement,logistic_pca,sentiment_emb_pc298,-0.01578197810409031
group_task_engagement,task_engagement,logistic_pca,sentiment_emb_pc299,0.09894579084423018
group_task_engagement,task_engagement,logistic_pca,sentiment_emb_pc300,0.09757405396262497
group_task_engagement,task_engagement,logistic_pca,sentiment_emb_pc301,-0.02586676185590277
group_task_engagement,task_engagement,logistic_pca,sentiment_emb_pc302,-0.19496902867081922
group_task_engagement,task_engagement,logistic_pca,sentiment_emb_pc303,0.12563147981044437
group_task_engagement,task_engagement,logistic_pca,sentiment_emb_pc304,-0.004687509819670944
group_task_engagement,task_engagement,logistic_pca,sentiment_emb_pc305,-0.02871968243804768
group_task_engagement,task_engagement,logistic_pca,sentiment_emb_pc306,0.10449345415471101
group_task_engagement,task_engagement,logistic_pca,sentiment_emb_pc307,-0.04130574551038003
