score,conf
0.6098209,0.6098209
0.45900494,0.45900494
0.43337,0.43337
0.42503804,0.42503804
0.41303328,0.41303328
0.58244216,0.58244216
0.46988246,0.46988246
0.5185155,0.5185155
0.5163381,0.5163381
0.52864623,0.52864623
0.54634976,0.54634976
0.51060146,0.51060146
0.51940995,0.51940995
0.451534,0.451534
0.5277831,0.5277831
0.5277831,0.5277831
0.5277831,0.5277831
0.5277831,0.5277831
0.5277831,0.5277831
0.5277831,0.5277831
0.5277831,0.5277831
0.5277831,0.5277831
0.535327,0.535327
0.41710556,0.41710556
0.27124757,0.27124757
0.40258515,0.40258515
0.29801068,0.29801068
0.4534311,0.4534311
0.3562698,0.3562698
0.42581198,0.42581198
0.39418033,0.39418033
0.54580873,0.54580873
0.4653691,0.4653691
0.51284575,0.51284575
0.47195274,0.47195274
0.48617762,0.48617762
0.4543273,0.4543273
0.5636336,0.5636336
0.49081552,0.49081552
0.5277831,0.5277831
0.5277831,0.5277831
0.5277831,0.5277831
0.5277831,0.5277831
0.5277831,0.5277831
0.5277831,0.5277831
0.5277831,0.5277831
0.5277831,0.5277831
0.5277831,0.5277831
0.5277831,0.5277831
0.5277831,0.5277831
0.5277831,0.5277831
0.5277831,0.5277831
0.5277831,0.5277831
0.5277831,0.5277831
0.5277831,0.5277831
0.5277831,0.5277831
0.5277831,0.5277831
0.5277831,0.5277831
0.5277831,0.5277831
0.5277831,0.5277831
0.5277831,0.5277831
0.5277831,0.5277831
0.5277831,0.5277831
0.5277831,0.5277831
0.5277831,0.5277831
0.5277831,0.5277831
0.5277831,0.5277831
0.5277831,0.5277831
0.5277831,0.5277831
0.5277831,0.5277831
0.5277831,0.5277831
0.5277831,0.5277831
0.5277831,0.5277831
0.5277831,0.5277831
0.5277831,0.5277831
0.5277831,0.5277831
0.5277831,0.5277831
0.5277831,0.5277831
0.5277831,0.5277831
0.5277831,0.5277831
0.5277831,0.5277831
0.5277831,0.5277831
0.5277831,0.5277831
0.5277831,0.5277831
0.5277831,0.5277831
0.5277831,0.5277831
0.5277831,0.5277831
0.5277831,0.5277831
0.5277831,0.5277831
0.5277831,0.5277831
0.5277831,0.5277831
0.535537,0.535537
0.42419234,0.42419234
0.443873,0.443873
0.48880816,0.48880816
0.37857956,0.37857956
0.3649859,0.3649859
0.5138767,0.5138767
0.5400423,0.5400423
0.5472081,0.5472081
0.5240739,0.5240739
0.50684524,0.50684524
0.5114055,0.5114055
0.5133663,0.5133663
0.4620442,0.4620442
0.46852586,0.46852586
0.5112905,0.5112905
0.5166446,0.5166446
0.5017164,0.5017164
0.5277831,0.5277831
0.5440471,0.5440471
0.37619203,0.37619203
0.406249,0.406249
0.43693495,0.43693495
0.53511274,0.53511274
0.34215945,0.34215945
0.3505889,0.3505889
0.35047308,0.35047308
0.5115875,0.5115875
0.47604635,0.47604635
0.4842377,0.4842377
0.4813833,0.4813833
0.47113344,0.47113344
0.47767648,0.47767648
0.41003826,0.41003826
0.5064505,0.5064505
0.47957945,0.47957945
0.5637367,0.5637367
0.47324923,0.47324923
0.5437215,0.5437215
0.5280755,0.5280755
0.41724372,0.41724372
0.39076823,0.39076823
0.37498817,0.37498817
0.36224008,0.36224008
0.38069078,0.38069078
0.41216952,0.41216952
0.40251666,0.40251666
0.39482167,0.39482167
0.38378635,0.38378635
0.41233382,0.41233382
0.47725394,0.47725394
0.47975644,0.47975644
0.51333153,0.51333153
0.51959854,0.51959854
0.5461378,0.5461378
0.5206437,0.5206437
0.52098703,0.52098703
0.5225989,0.5225989
0.52864623,0.52864623
0.4700956,0.4700956
0.44266328,0.44266328
0.52864623,0.52864623
0.4597872,0.4597872
0.5277831,0.5277831
0.5277831,0.5277831
0.5277831,0.5277831
0.5277831,0.5277831
0.5277831,0.5277831
0.5277831,0.5277831
0.5277831,0.5277831
0.5277831,0.5277831
0.5277831,0.5277831
0.5277831,0.5277831
0.5277831,0.5277831
0.5277831,0.5277831
0.5277831,0.5277831
0.5277831,0.5277831
0.5277831,0.5277831
0.5277831,0.5277831
0.5277831,0.5277831
0.5277831,0.5277831
0.5277831,0.5277831
0.5277831,0.5277831
0.5277831,0.5277831
0.5277831,0.5277831
0.5277831,0.5277831
0.5277831,0.5277831
0.5277831,0.5277831
0.5277831,0.5277831
0.5277831,0.5277831
0.5277831,0.5277831
0.5277831,0.5277831
0.5277831,0.5277831
0.5277831,0.5277831
0.5277831,0.5277831
0.5277831,0.5277831
0.5277831,0.5277831
0.5277831,0.5277831
0.5277831,0.5277831
0.5277831,0.5277831
0.5277831,0.5277831
0.5277831,0.5277831
0.5277831,0.5277831
0.5277831,0.5277831
0.5277831,0.5277831
0.5277831,0.5277831
0.5277831,0.5277831
0.5277831,0.5277831
0.5277831,0.5277831
0.5277831,0.5277831
0.5277831,0.5277831
0.5277831,0.5277831
0.5277831,0.5277831
0.5277831,0.5277831
0.5277831,0.5277831
0.5277831,0.5277831
0.5277831,0.5277831
0.5277831,0.5277831
0.5277831,0.5277831
0.5277831,0.5277831
0.5277831,0.5277831
0.5277831,0.5277831
0.5277831,0.5277831
0.5277831,0.5277831
0.5277831,0.5277831
0.5277831,0.5277831
0.5277831,0.5277831
0.5277831,0.5277831
0.5277831,0.5277831
0.5277831,0.5277831
0.54145753,0.54145753
0.47828344,0.47828344
0.48686397,0.48686397
0.5354711,0.5354711
0.42994902,0.42994902
0.38925183,0.38925183
0.4253856,0.4253856
0.55306876,0.55306876
0.5090594,0.5090594
0.51164305,0.51164305
0.4444527,0.4444527
0.4483851,0.4483851
0.41073558,0.41073558
0.57081765,0.57081765
0.4349918,0.4349918
0.41928938,0.41928938
0.4507906,0.4507906
0.43885416,0.43885416
0.5033167,0.5033167
0.53281426,0.53281426
0.50306886,0.50306886
0.4703041,0.4703041
0.47567266,0.47567266
0.5309695,0.5309695
0.5202986,0.5202986
0.4934947,0.4934947
0.52127904,0.52127904
0.5277831,0.5277831
0.5277831,0.5277831
0.54084766,0.54084766
0.45819893,0.45819893
0.5734573,0.5734573
0.5134131,0.5134131
0.5117527,0.5117527
0.51044524,0.51044524
0.45339012,0.45339012
0.5170573,0.5170573
0.3860646,0.3860646
0.5488114,0.5488114
0.56529087,0.56529087
0.4237534,0.4237534
0.43825826,0.43825826
0.42828366,0.42828366
0.38645142,0.38645142
0.36948413,0.36948413
0.40564558,0.40564558
0.32504597,0.32504597
0.3564673,0.3564673
0.5188105,0.5188105
0.48909318,0.48909318
0.45330882,0.45330882
0.38741255,0.38741255
0.33643594,0.33643594
0.4658449,0.4658449
0.4772128,0.4772128
0.40020975,0.40020975
0.35030377,0.35030377
0.5586191,0.5586191
0.49317542,0.49317542
0.37818736,0.37818736
0.41696763,0.41696763
0.36499348,0.36499348
0.37130114,0.37130114
0.5359172,0.5359172
0.42651525,0.42651525
0.42700186,0.42700186
0.52882254,0.52882254
0.51959026,0.51959026
0.4909404,0.4909404
0.456685,0.456685
0.49641514,0.49641514
0.38674515,0.38674515
0.37907177,0.37907177
0.4114492,0.4114492
0.40102527,0.40102527
0.51572335,0.51572335
0.422317,0.422317
0.405234,0.405234
0.41396034,0.41396034
0.49724063,0.49724063
0.40264878,0.40264878
0.39939636,0.39939636
0.41315588,0.41315588
0.40644002,0.40644002
0.45490342,0.45490342
0.5240773,0.5240773
0.41356367,0.41356367
0.41116014,0.41116014
0.39719796,0.39719796
0.4191495,0.4191495
0.31279054,0.31279054
0.36618996,0.36618996
0.3609411,0.3609411
0.40148136,0.40148136
0.44851756,0.44851756
0.53083944,0.53083944
0.43458918,0.43458918
0.5079116,0.5079116
0.4183614,0.4183614
0.40855727,0.40855727
0.42427793,0.42427793
0.47949615,0.47949615
0.47041956,0.47041956
0.506063,0.506063
0.494191,0.494191
0.4312989,0.4312989
0.43178684,0.43178684
0.40813947,0.40813947
0.41685826,0.41685826
0.4449337,0.4449337
0.33312374,0.33312374
0.34295505,0.34295505
0.44378924,0.44378924
0.42248726,0.42248726
0.46621642,0.46621642
0.43272376,0.43272376
0.5265092,0.5265092
0.5255008,0.5255008
0.40381333,0.40381333
0.4310547,0.4310547
0.5063199,0.5063199
0.42782426,0.42782426
0.4727278,0.4727278
0.50319266,0.50319266
0.59383804,0.59383804
0.59171885,0.59171885
0.5774901,0.5774901
0.51463753,0.51463753
0.32369295,0.32369295
0.36377564,0.36377564
0.3527774,0.3527774
0.33692598,0.33692598
0.3255566,0.3255566
0.4660828,0.4660828
0.4608435,0.4608435
0.41179624,0.41179624
0.36107233,0.36107233
0.4065639,0.4065639
0.41099086,0.41099086
0.4040021,0.4040021
0.48203903,0.48203903
0.5049994,0.5049994
0.49146488,0.49146488
0.52409476,0.52409476
0.53766376,0.53766376
0.47321174,0.47321174
0.528643,0.528643
0.4564012,0.4564012
0.48826703,0.48826703
0.5277831,0.5277831
0.5365264,0.5365264
0.4642263,0.4642263
0.46427017,0.46427017
0.48887685,0.48887685
0.3967032,0.3967032
0.46274912,0.46274912
0.4277242,0.4277242
0.513969,0.513969
0.38370588,0.38370588
0.44627193,0.44627193
0.29097646,0.29097646
0.46271598,0.46271598
0.5037951,0.5037951
0.43199408,0.43199408
0.39995885,0.39995885
0.42927364,0.42927364
0.3742454,0.3742454
0.4801404,0.4801404
0.41499662,0.41499662
0.39893937,0.39893937
0.41420326,0.41420326
0.39453486,0.39453486
0.4224836,0.4224836
0.42792192,0.42792192
0.3909113,0.3909113
0.4252053,0.4252053
0.43022665,0.43022665
0.4828084,0.4828084
0.43519408,0.43519408
0.44551283,0.44551283
0.41045535,0.41045535
0.50264424,0.50264424
0.41348934,0.41348934
0.4789036,0.4789036
0.364597,0.364597
0.6053185,0.6053185
0.5442571,0.5442571
0.402726,0.402726
0.43208894,0.43208894
0.46780294,0.46780294
0.42196977,0.42196977
0.41615066,0.41615066
0.35763976,0.35763976
0.41252846,0.41252846
0.4615923,0.4615923
0.49144512,0.49144512
0.55107754,0.55107754
0.54176295,0.54176295
0.49312064,0.49312064
0.49682733,0.49682733
0.44431213,0.44431213
0.5211608,0.5211608
0.4783103,0.4783103
0.5277831,0.5277831
0.473687,0.473687
0.54463035,0.54463035
0.4712638,0.4712638
0.49127445,0.49127445
0.48501018,0.48501018
0.44347408,0.44347408
0.37571922,0.37571922
0.4548386,0.4548386
0.5132058,0.5132058
0.53023916,0.53023916
0.59034705,0.59034705
0.56155604,0.56155604
0.40794408,0.40794408
0.42908368,0.42908368
0.4214739,0.4214739
0.4049371,0.4049371
0.39107737,0.39107737
0.45974773,0.45974773
0.4888535,0.4888535
0.43089452,0.43089452
0.45212066,0.45212066
0.40988195,0.40988195
0.44587114,0.44587114
0.4634887,0.4634887
0.43336397,0.43336397
0.429475,0.429475
0.44812092,0.44812092
0.3947012,0.3947012
0.4741923,0.4741923
0.37710553,0.37710553
0.44176045,0.44176045
0.4639733,0.4639733
0.47886977,0.47886977
0.41427544,0.41427544
0.41851032,0.41851032
0.48372948,0.48372948
0.48100764,0.48100764
0.42470303,0.42470303
0.40877324,0.40877324
0.35460007,0.35460007
0.42941278,0.42941278
0.39245704,0.39245704
0.43391916,0.43391916
0.43909606,0.43909606
0.4258582,0.4258582
0.42780694,0.42780694
0.40635395,0.40635395
0.41662174,0.41662174
0.46040526,0.46040526
0.4274584,0.4274584
0.49632296,0.49632296
0.477813,0.477813
0.49932134,0.49932134
0.5454941,0.5454941
0.51526684,0.51526684
0.53403693,0.53403693
0.5277241,0.5277241
0.5042951,0.5042951
0.5092666,0.5092666
0.52828246,0.52828246
0.5277831,0.5277831
0.5277831,0.5277831
0.5277831,0.5277831
0.5277831,0.5277831
0.5277831,0.5277831
0.5277831,0.5277831
0.5277831,0.5277831
0.5277831,0.5277831
0.5277831,0.5277831
0.5277831,0.5277831
0.5277831,0.5277831
0.5277831,0.5277831
0.5277831,0.5277831
0.5277831,0.5277831
0.5277831,0.5277831
0.5277831,0.5277831
0.5277831,0.5277831
0.5277831,0.5277831
0.53866273,0.53866273
0.44942257,0.44942257
0.39151123,0.39151123
0.54773986,0.54773986
0.5035603,0.5035603
0.27956602,0.27956602
0.41520855,0.41520855
0.51082873,0.51082873
0.46845353,0.46845353
0.5477048,0.5477048
0.36701423,0.36701423
0.4269324,0.4269324
0.4030705,0.4030705
0.3575085,0.3575085
0.4776785,0.4776785
0.48038292,0.48038292
0.4049414,0.4049414
0.30902612,0.30902612
0.40382454,0.40382454
0.40838724,0.40838724
0.37502816,0.37502816
0.51908594,0.51908594
0.5235577,0.5235577
0.5217265,0.5217265
0.5208623,0.5208623
0.5218169,0.5218169
0.4901425,0.4901425
0.4640438,0.4640438
0.4491412,0.4491412
0.5277831,0.5277831
0.5277831,0.5277831
0.5277831,0.5277831
0.5277831,0.5277831
0.5277831,0.5277831
0.5277831,0.5277831
0.5277831,0.5277831
0.5366403,0.5366403
0.41363698,0.41363698
0.43118042,0.43118042
0.52470416,0.52470416
0.4236556,0.4236556
0.43382457,0.43382457
0.4475819,0.4475819
0.47053835,0.47053835
0.34999993,0.34999993
0.38319603,0.38319603
0.4089683,0.4089683
0.48891553,0.48891553
0.43137562,0.43137562
0.41038278,0.41038278
0.3135729,0.3135729
0.32089755,0.32089755
0.3366614,0.3366614
0.38440225,0.38440225
0.47811803,0.47811803
0.38798186,0.38798186
0.3463202,0.3463202
0.3970776,0.3970776
0.3970844,0.3970844
0.46349832,0.46349832
0.5239305,0.5239305
0.37749746,0.37749746
0.34405077,0.34405077
0.47368437,0.47368437
0.42586544,0.42586544
0.42561927,0.42561927
0.49053445,0.49053445
0.47364262,0.47364262
0.34139314,0.34139314
0.43351206,0.43351206
0.38287646,0.38287646
0.41126934,0.41126934
0.47610602,0.47610602
0.39029267,0.39029267
0.35649323,0.35649323
0.46765774,0.46765774
0.4700593,0.4700593
0.49794427,0.49794427
0.48878804,0.48878804
0.39574522,0.39574522
0.38096693,0.38096693
0.34090415,0.34090415
0.39655444,0.39655444
0.39969295,0.39969295
0.34038922,0.34038922
0.3658865,0.3658865
0.46843204,0.46843204
0.4723777,0.4723777
0.39529926,0.39529926
0.46873972,0.46873972
0.4574002,0.4574002
0.40867808,0.40867808
0.44237146,0.44237146
0.3821113,0.3821113
0.45437694,0.45437694
0.44480366,0.44480366
0.3949905,0.3949905
0.42159262,0.42159262
0.37193888,0.37193888
0.42683125,0.42683125
0.5628424,0.5628424
0.42045376,0.42045376
0.50736594,0.50736594
0.5337324,0.5337324
0.4764666,0.4764666
0.3649828,0.3649828
0.3596591,0.3596591
0.40358737,0.40358737
0.419655,0.419655
0.31515244,0.31515244
0.46475905,0.46475905
0.2810859,0.2810859
0.5220116,0.5220116
0.37751687,0.37751687
0.38443035,0.38443035
0.5117138,0.5117138
0.5592993,0.5592993
0.5057445,0.5057445
0.4741609,0.4741609
0.51705796,0.51705796
0.47417733,0.47417733
0.50560236,0.50560236
0.5348806,0.5348806
0.5231768,0.5231768
0.46747845,0.46747845
0.41469452,0.41469452
0.40469372,0.40469372
0.48550943,0.48550943
0.40242708,0.40242708
0.48050812,0.48050812
0.4020275,0.4020275
0.48372957,0.48372957
0.44121262,0.44121262
0.50661373,0.50661373
0.5300214,0.5300214
0.42030668,0.42030668
0.520809,0.520809
0.44704732,0.44704732
0.43527386,0.43527386
0.4951864,0.4951864
0.44299734,0.44299734
0.47802952,0.47802952
0.4912239,0.4912239
0.36810672,0.36810672
0.30335885,0.30335885
0.29284167,0.29284167
0.3045631,0.3045631
0.30650243,0.30650243
0.4182942,0.4182942
0.47439268,0.47439268
0.42657137,0.42657137
0.42714494,0.42714494
0.3999982,0.3999982
0.39413062,0.39413062
0.45565143,0.45565143
0.3643425,0.3643425
0.4400958,0.4400958
0.42739102,0.42739102
0.40272975,0.40272975
0.36543494,0.36543494
0.38405323,0.38405323
0.41424936,0.41424936
0.38566548,0.38566548
0.4123443,0.4123443
0.3420059,0.3420059
0.39073482,0.39073482
0.44013816,0.44013816
0.4350967,0.4350967
0.4685019,0.4685019
0.4225525,0.4225525
0.44561836,0.44561836
0.45578068,0.45578068
0.37271518,0.37271518
0.4082828,0.4082828
0.40143418,0.40143418
0.3928126,0.3928126
0.47956944,0.47956944
0.49506304,0.49506304
0.33274758,0.33274758
0.4048124,0.4048124
0.4988674,0.4988674
0.5120425,0.5120425
0.40716544,0.40716544
0.45888987,0.45888987
0.41118658,0.41118658
0.43335688,0.43335688
0.40067762,0.40067762
0.4138327,0.4138327
0.482287,0.482287
0.52776253,0.52776253
0.51313007,0.51313007
0.50170875,0.50170875
0.39475197,0.39475197
0.39110228,0.39110228
0.48339435,0.48339435
0.44155604,0.44155604
0.43690386,0.43690386
0.4805967,0.4805967
0.41335818,0.41335818
0.4688448,0.4688448
0.39049742,0.39049742
0.41441396,0.41441396
0.41206905,0.41206905
0.44861823,0.44861823
0.46061367,0.46061367
0.39683533,0.39683533
0.4097873,0.4097873
0.3183883,0.3183883
0.41259444,0.41259444
0.38126323,0.38126323
0.41052142,0.41052142
0.5224621,0.5224621
0.5345926,0.5345926
0.39557877,0.39557877
0.50457215,0.50457215
0.49149546,0.49149546
0.51956356,0.51956356
0.50804913,0.50804913
0.4824497,0.4824497
0.54108137,0.54108137
0.46221027,0.46221027
0.55020595,0.55020595
0.50299895,0.50299895
0.38022417,0.38022417
0.41438434,0.41438434
0.4141157,0.4141157
0.39725447,0.39725447
0.4771485,0.4771485
0.41093335,0.41093335
0.51835644,0.51835644
0.5031714,0.5031714
0.43797866,0.43797866
0.48808372,0.48808372
0.5500801,0.5500801
0.68016493,0.68016493
0.47215044,0.47215044
0.41974926,0.41974926
0.4535314,0.4535314
0.44087338,0.44087338
0.4094264,0.4094264
0.48388815,0.48388815
0.479552,0.479552
0.49377435,0.49377435
0.5204137,0.5204137
0.51293135,0.51293135
0.52877444,0.52877444
0.4902729,0.4902729
0.4966515,0.4966515
0.48471004,0.48471004
0.49709782,0.49709782
0.51110756,0.51110756
0.46250272,0.46250272
0.5089594,0.5089594
0.5277831,0.5277831
0.5277831,0.5277831
0.5277831,0.5277831
0.5277831,0.5277831
0.5277831,0.5277831
0.5277831,0.5277831
0.5277831,0.5277831
0.5277831,0.5277831
0.5277831,0.5277831
0.5277831,0.5277831
0.5277831,0.5277831
0.5277831,0.5277831
0.5277831,0.5277831
0.5277831,0.5277831
0.5277831,0.5277831
0.5277831,0.5277831
0.5277831,0.5277831
0.5277831,0.5277831
0.5277831,0.5277831
0.5277831,0.5277831
0.5277831,0.5277831
0.5277831,0.5277831
0.5277831,0.5277831
0.5277831,0.5277831
0.5277831,0.5277831
0.5277831,0.5277831
0.5277831,0.5277831
0.5277831,0.5277831
0.5277831,0.5277831
0.5277831,0.5277831
0.5277831,0.5277831
0.5382686,0.5382686
0.47532386,0.47532386
0.3799538,0.3799538
0.45001835,0.45001835
0.38106534,0.38106534
0.42195728,0.42195728
0.3343464,0.3343464
0.4683043,0.4683043
0.45140854,0.45140854
0.5027921,0.5027921
0.40671235,0.40671235
0.35591608,0.35591608
0.38776824,0.38776824
0.44654366,0.44654366
0.5539602,0.5539602
0.46615687,0.46615687
0.4804054,0.4804054
0.4623343,0.4623343
0.4768348,0.4768348
0.49436823,0.49436823
0.4142438,0.4142438
0.4787171,0.4787171
0.35353714,0.35353714
0.51339746,0.51339746
0.48894224,0.48894224
0.50395566,0.50395566
0.49082193,0.49082193
0.48025823,0.48025823
0.42626175,0.42626175
0.42163044,0.42163044
0.48777083,0.48777083
0.407188,0.407188
0.44312707,0.44312707
0.44859248,0.44859248
0.4766001,0.4766001
0.4884452,0.4884452
0.43879405,0.43879405
0.45787117,0.45787117
0.4485342,0.4485342
0.51061356,0.51061356
0.4086721,0.4086721
0.43910748,0.43910748
0.47728437,0.47728437
0.4337614,0.4337614
0.43774992,0.43774992
0.37491322,0.37491322
0.4539248,0.4539248
0.46247157,0.46247157
0.49470899,0.49470899
0.44299048,0.44299048
0.4308831,0.4308831
0.46626613,0.46626613
0.37731132,0.37731132
0.36043233,0.36043233
0.32237506,0.32237506
0.4527761,0.4527761
0.5167754,0.5167754
0.57947123,0.57947123
0.4495108,0.4495108
0.41900045,0.41900045
0.5341524,0.5341524
0.28468117,0.28468117
0.49828574,0.49828574
0.41749156,0.41749156
0.38008806,0.38008806
0.5465561,0.5465561
0.37070557,0.37070557
0.35281965,0.35281965
0.37231082,0.37231082
0.4364258,0.4364258
0.44899365,0.44899365
0.35576186,0.35576186
0.34028605,0.34028605
0.40402806,0.40402806
0.5058103,0.5058103
0.36130467,0.36130467
0.48434594,0.48434594
0.5006745,0.5006745
0.43546325,0.43546325
0.47537285,0.47537285
0.5196201,0.5196201
0.5363961,0.5363961
0.5324926,0.5324926
0.49613634,0.49613634
0.5067854,0.5067854
0.49905857,0.49905857
0.5200904,0.5200904
0.54084253,0.54084253
0.3962057,0.3962057
0.33906052,0.33906052
0.33282176,0.33282176
0.3221851,0.3221851
0.3522769,0.3522769
0.32467374,0.32467374
0.42293718,0.42293718
0.3680111,0.3680111
0.5096304,0.5096304
0.45494038,0.45494038
0.49694222,0.49694222
0.46197,0.46197
0.44874963,0.44874963
0.43515155,0.43515155
0.43522173,0.43522173
0.4624699,0.4624699
0.4833591,0.4833591
0.48428628,0.48428628
0.5751648,0.5751648
0.5038051,0.5038051
0.4695487,0.4695487
0.4386732,0.4386732
0.48400086,0.48400086
0.49010393,0.49010393
0.47046694,0.47046694
0.48532322,0.48532322
0.3811018,0.3811018
0.4135896,0.4135896
0.506666,0.506666
0.48831108,0.48831108
0.45956978,0.45956978
0.5113667,0.5113667
0.4075955,0.4075955
0.50566673,0.50566673
0.58776337,0.58776337
0.42891574,0.42891574
0.30724308,0.30724308
0.45973358,0.45973358
0.50286573,0.50286573
0.46320164,0.46320164
0.51980335,0.51980335
0.5165352,0.5165352
0.36565152,0.36565152
0.48576716,0.48576716
0.41079184,0.41079184
0.34116918,0.34116918
0.46113193,0.46113193
0.39493555,0.39493555
0.5421982,0.5421982
0.42646855,0.42646855
0.43153217,0.43153217
0.5012445,0.5012445
0.5277831,0.5277831
0.5277831,0.5277831
0.5277831,0.5277831
0.5277831,0.5277831
0.5277831,0.5277831
0.5277831,0.5277831
0.5277831,0.5277831
0.5277831,0.5277831
0.5277831,0.5277831
0.5277831,0.5277831
0.5277831,0.5277831
0.5277831,0.5277831
0.5277831,0.5277831
0.5277831,0.5277831
0.5277831,0.5277831
0.5277831,0.5277831
0.5277831,0.5277831
0.5277831,0.5277831
0.5277831,0.5277831
0.5277831,0.5277831
0.5277831,0.5277831
0.5277831,0.5277831
0.5277831,0.5277831
0.5277831,0.5277831
0.5277831,0.5277831
0.5277831,0.5277831
0.5277831,0.5277831
0.5277831,0.5277831
0.5277831,0.5277831
0.5277831,0.5277831
0.5277831,0.5277831
0.5277831,0.5277831
0.5277831,0.5277831
0.5277831,0.5277831
0.5277831,0.5277831
0.5277831,0.5277831
0.5277831,0.5277831
0.5277831,0.5277831
0.5277831,0.5277831
0.5277831,0.5277831
0.5277831,0.5277831
0.5277831,0.5277831
0.5277831,0.5277831
0.5277831,0.5277831
0.5277831,0.5277831
0.5277831,0.5277831
0.5277831,0.5277831
0.5277831,0.5277831
0.5277831,0.5277831
0.5362943,0.5362943
0.47706464,0.47706464
0.45850688,0.45850688
0.48268732,0.48268732
0.41045874,0.41045874
0.46508688,0.46508688
0.4611268,0.4611268
0.47821903,0.47821903
0.47459906,0.47459906
0.4151776,0.4151776
0.45127296,0.45127296
0.39270952,0.39270952
0.45853087,0.45853087
0.3896889,0.3896889
0.44435638,0.44435638
0.42860317,0.42860317
0.47982004,0.47982004
0.5043339,0.5043339
0.40055388,0.40055388
0.609041,0.609041
0.42422897,0.42422897
0.36042804,0.36042804
0.4909669,0.4909669
0.47623792,0.47623792
0.40220535,0.40220535
0.4337836,0.4337836
0.40477026,0.40477026
0.507707,0.507707
0.48890382,0.48890382
0.4224887,0.4224887
0.37307858,0.37307858
0.5248213,0.5248213
0.3867881,0.3867881
0.50806975,0.50806975
0.578241,0.578241
0.47219715,0.47219715
0.55373174,0.55373174
0.5430784,0.5430784
0.5159142,0.5159142
0.44990498,0.44990498
0.49503952,0.49503952
0.45368767,0.45368767
0.5104546,0.5104546
0.5277831,0.5277831
0.5277831,0.5277831
0.5277831,0.5277831
0.5277831,0.5277831
0.5277831,0.5277831
0.5277831,0.5277831
0.5277831,0.5277831
0.5277831,0.5277831
0.5277831,0.5277831
0.5277831,0.5277831
0.53276616,0.53276616
0.46445784,0.46445784
0.46066302,0.46066302
0.4923115,0.4923115
0.44622755,0.44622755
0.478418,0.478418
0.4548183,0.4548183
0.4265233,0.4265233
0.4671074,0.4671074
0.53241104,0.53241104
0.40637687,0.40637687
0.46397993,0.46397993
0.5431574,0.5431574
0.38203704,0.38203704
0.48374274,0.48374274
0.3220909,0.3220909
0.37576437,0.37576437
0.40831405,0.40831405
0.45503694,0.45503694
0.44452804,0.44452804
0.40826845,0.40826845
0.50940186,0.50940186
0.4488016,0.4488016
0.49877998,0.49877998
0.4576988,0.4576988
0.4586317,0.4586317
0.41095382,0.41095382
0.38497758,0.38497758
0.41707724,0.41707724
0.44302344,0.44302344
0.45089364,0.45089364
0.4847259,0.4847259
0.43733028,0.43733028
0.42525497,0.42525497
0.40564978,0.40564978
0.45757332,0.45757332
0.5096471,0.5096471
0.53174514,0.53174514
0.45226216,0.45226216
0.52445257,0.52445257
0.4772051,0.4772051
0.5007758,0.5007758
0.49720588,0.49720588
0.42360163,0.42360163
0.4233867,0.4233867
0.41254696,0.41254696
0.45229235,0.45229235
0.3813453,0.3813453
0.3942348,0.3942348
0.4439312,0.4439312
0.43785286,0.43785286
0.41141638,0.41141638
0.37588722,0.37588722
0.44939566,0.44939566
0.46403116,0.46403116
0.4563415,0.4563415
0.5076326,0.5076326
0.38728052,0.38728052
0.39491397,0.39491397
0.5149578,0.5149578
0.43139252,0.43139252
0.4106452,0.4106452
0.39062154,0.39062154
0.44115067,0.44115067
0.4947891,0.4947891
0.52209014,0.52209014
0.5006619,0.5006619
0.4106545,0.4106545
0.39709878,0.39709878
0.41102007,0.41102007
0.41100255,0.41100255
0.57982713,0.57982713
0.48753545,0.48753545
0.34609377,0.34609377
0.49155995,0.49155995
0.4775359,0.4775359
0.5241154,0.5241154
0.4944841,0.4944841
0.41071066,0.41071066
0.3309923,0.3309923
0.37140504,0.37140504
0.38648176,0.38648176
0.35066402,0.35066402
0.30879623,0.30879623
0.33482623,0.33482623
0.40367782,0.40367782
0.32775477,0.32775477
0.4487386,0.4487386
0.41952306,0.41952306
0.420829,0.420829
0.44918984,0.44918984
0.41798025,0.41798025
0.38880578,0.38880578
0.38323453,0.38323453
0.37809217,0.37809217
0.45415053,0.45415053
0.4428731,0.4428731
0.5019675,0.5019675
0.5424656,0.5424656
0.43618578,0.43618578
0.41828126,0.41828126
0.40474826,0.40474826
0.38287076,0.38287076
0.44325602,0.44325602
0.39068887,0.39068887
0.38800362,0.38800362
0.4684206,0.4684206
0.40826485,0.40826485
0.43538302,0.43538302
0.42375064,0.42375064
0.48307887,0.48307887
0.5225363,0.5225363
0.49061024,0.49061024
0.37277862,0.37277862
0.36063406,0.36063406
0.36344373,0.36344373
0.52331203,0.52331203
0.3685737,0.3685737
0.48582536,0.48582536
0.4617588,0.4617588
0.46692595,0.46692595
0.46032944,0.46032944
0.4935132,0.4935132
0.36294666,0.36294666
0.42469117,0.42469117
0.4243024,0.4243024
0.42024398,0.42024398
0.4318796,0.4318796
0.43134817,0.43134817
0.31437087,0.31437087
0.48510304,0.48510304
0.4698521,0.4698521
0.5360545,0.5360545
0.39988732,0.39988732
0.3762031,0.3762031
0.4798684,0.4798684
0.44370276,0.44370276
0.4488417,0.4488417
0.48223472,0.48223472
0.36015552,0.36015552
0.53551763,0.53551763
0.5020771,0.5020771
0.37484646,0.37484646
0.42380148,0.42380148
0.411572,0.411572
0.44170657,0.44170657
0.40078825,0.40078825
0.46923757,0.46923757
0.44951376,0.44951376
0.48107076,0.48107076
0.41146934,0.41146934
0.3085401,0.3085401
0.3043727,0.3043727
0.34569892,0.34569892
0.4221216,0.4221216
0.3411913,0.3411913
0.5532139,0.5532139
0.48564857,0.48564857
0.48818293,0.48818293
0.46653432,0.46653432
0.5109463,0.5109463
0.4829853,0.4829853
0.4764484,0.4764484
0.4838312,0.4838312
0.5130483,0.5130483
0.5277831,0.5277831
0.5277831,0.5277831
0.5277831,0.5277831
0.5277831,0.5277831
0.5277831,0.5277831
0.5277831,0.5277831
0.5277831,0.5277831
0.5277831,0.5277831
0.5277831,0.5277831
0.5277831,0.5277831
0.5277831,0.5277831
0.56225497,0.56225497
0.4480698,0.4480698
0.41155094,0.41155094
0.4612423,0.4612423
0.5163246,0.5163246
0.48124102,0.48124102
0.43652,0.43652
0.417201,0.417201
0.35984483,0.35984483
0.4462842,0.4462842
0.41514054,0.41514054
0.35887095,0.35887095
0.55718255,0.55718255
0.39242062,0.39242062
0.43973917,0.43973917
0.49436542,0.49436542
0.5168178,0.5168178
0.4071794,0.4071794
0.42602748,0.42602748
0.43688735,0.43688735
0.5005837,0.5005837
0.43350378,0.43350378
0.422345,0.422345
0.4266211,0.4266211
0.39031136,0.39031136
0.31097677,0.31097677
0.32243183,0.32243183
0.41861874,0.41861874
0.4630634,0.4630634
0.3436797,0.3436797
0.44026566,0.44026566
0.39878246,0.39878246
0.5085542,0.5085542
0.5078165,0.5078165
0.48858768,0.48858768
0.33294252,0.33294252
0.4459896,0.4459896
0.48963532,0.48963532
0.47402278,0.47402278
0.46947536,0.46947536
0.39961135,0.39961135
0.35091734,0.35091734
0.4386732,0.4386732
0.5432811,0.5432811
0.4612782,0.4612782
0.45825005,0.45825005
0.4756365,0.4756365
0.4749462,0.4749462
0.56647605,0.56647605
0.33177593,0.33177593
0.3337048,0.3337048
0.3263267,0.3263267
0.30365446,0.30365446
0.3822175,0.3822175
0.44411385,0.44411385
0.3896347,0.3896347
0.44576263,0.44576263
0.38493764,0.38493764
0.41204667,0.41204667
0.5456451,0.5456451
0.46777365,0.46777365
0.45955852,0.45955852
0.476631,0.476631
0.4675125,0.4675125
0.49340448,0.49340448
0.518376,0.518376
0.37362581,0.37362581
0.37263623,0.37263623
0.30557442,0.30557442
0.42721772,0.42721772
0.41151103,0.41151103
0.41151783,0.41151783
0.46797147,0.46797147
0.38411763,0.38411763
0.3835161,0.3835161
0.475173,0.475173
0.43622896,0.43622896
0.49709544,0.49709544
0.5172845,0.5172845
0.48598427,0.48598427
0.37320393,0.37320393
0.43724406,0.43724406
0.40852484,0.40852484
0.4554109,0.4554109
0.4554519,0.4554519
0.49134243,0.49134243
0.5528812,0.5528812
0.3489764,0.3489764
0.37359536,0.37359536
0.42773357,0.42773357
0.44318277,0.44318277
0.42430767,0.42430767
0.4689114,0.4689114
0.4625724,0.4625724
0.39629042,0.39629042
0.4018082,0.4018082
0.4896447,0.4896447
0.31210923,0.31210923
0.37624437,0.37624437
0.37405878,0.37405878
0.45515016,0.45515016
0.4345106,0.4345106
0.41608152,0.41608152
0.3195726,0.3195726
0.3560424,0.3560424
0.45548013,0.45548013
0.4129639,0.4129639
0.46309084,0.46309084
0.3495778,0.3495778
0.57713926,0.57713926
0.46016794,0.46016794
0.49593127,0.49593127
0.46510124,0.46510124
0.6022838,0.6022838
0.34835103,0.34835103
0.44100916,0.44100916
0.44113588,0.44113588
0.46593457,0.46593457
0.49967846,0.49967846
0.4932443,0.4932443
0.42928177,0.42928177
0.4961172,0.4961172
0.54306346,0.54306346
0.53035647,0.53035647
0.49484664,0.49484664
0.4573115,0.4573115
0.5224332,0.5224332
0.5276375,0.5276375
0.5404834,0.5404834
0.48978505,0.48978505
0.5277831,0.5277831
0.5277831,0.5277831
0.5277831,0.5277831
0.5277831,0.5277831
0.5277831,0.5277831
0.5277831,0.5277831
0.5277831,0.5277831
0.43571895,0.43571895
0.52595645,0.52595645
0.45885125,0.45885125
0.40828934,0.40828934
0.40209886,0.40209886
0.37492687,0.37492687
0.3771759,0.3771759
0.5027737,0.5027737
0.43129396,0.43129396
0.39024326,0.39024326
0.44211623,0.44211623
0.4021061,0.4021061
0.49441937,0.49441937
0.45616195,0.45616195
0.40074918,0.40074918
0.35531378,0.35531378
0.46063462,0.46063462
0.45556915,0.45556915
0.5006283,0.5006283
0.41452333,0.41452333
0.48115417,0.48115417
0.53944767,0.53944767
0.40872458,0.40872458
0.5591677,0.5591677
0.5211646,0.5211646
0.44988275,0.44988275
0.3877652,0.3877652
0.48478922,0.48478922
0.514441,0.514441
0.5226995,0.5226995
0.5370382,0.5370382
0.5135138,0.5135138
0.5854869,0.5854869
0.5714394,0.5714394
0.5521014,0.5521014
0.55009973,0.55009973
0.5277831,0.5277831
0.5277831,0.5277831
0.5277831,0.5277831
0.5277831,0.5277831
0.5277831,0.5277831
0.5277831,0.5277831
0.5277831,0.5277831
0.5277831,0.5277831
0.5277831,0.5277831
0.5277831,0.5277831
0.5277831,0.5277831
0.5277831,0.5277831
0.5277831,0.5277831
0.5277831,0.5277831
0.5277831,0.5277831
0.5277831,0.5277831
0.5277831,0.5277831
0.5277831,0.5277831
0.5277831,0.5277831
0.5277831,0.5277831
0.5277831,0.5277831
0.5277831,0.5277831
0.5277831,0.5277831
0.5277831,0.5277831
0.5277831,0.5277831
0.5277831,0.5277831
0.5277831,0.5277831
0.5277831,0.5277831
0.5277831,0.5277831
0.5277831,0.5277831
0.5277831,0.5277831
0.5277831,0.5277831
0.5277831,0.5277831
0.5277831,0.5277831
0.5277831,0.5277831
0.5277831,0.5277831
0.5509843,0.5509843
0.5690137,0.5690137
0.51603657,0.51603657
0.5159536,0.5159536
0.47262383,0.47262383
0.38301152,0.38301152
0.38980836,0.38980836
0.40653235,0.40653235
0.4432139,0.4432139
0.445612,0.445612
0.46720436,0.46720436
0.41794342,0.41794342
0.40173978,0.40173978
0.51001734,0.51001734
0.547861,0.547861
0.46092692,0.46092692
0.2938578,0.2938578
0.51152575,0.51152575
0.51185465,0.51185465
0.5129082,0.5129082
0.52343047,0.52343047
0.53155833,0.53155833
0.50391376,0.50391376
0.53903514,0.53903514
0.5300165,0.5300165
0.54324085,0.54324085
0.5277831,0.5277831
0.5277831,0.5277831
0.5277831,0.5277831
0.5277831,0.5277831
0.5277831,0.5277831
0.5277831,0.5277831
0.5277831,0.5277831
0.5277831,0.5277831
0.5277831,0.5277831
0.5277831,0.5277831
0.5277831,0.5277831
0.5277831,0.5277831
0.5277831,0.5277831
0.5277831,0.5277831
0.5277831,0.5277831
0.5277831,0.5277831
0.5277831,0.5277831
0.5277831,0.5277831
0.5277831,0.5277831
0.5277831,0.5277831
0.5277831,0.5277831
0.5277831,0.5277831
0.5277831,0.5277831
0.5277831,0.5277831
0.5277831,0.5277831
0.5277831,0.5277831
0.5277831,0.5277831
0.5277831,0.5277831
0.5277831,0.5277831
0.55228746,0.55228746
0.45588958,0.45588958
0.5032357,0.5032357
0.40942502,0.40942502
0.4306462,0.4306462
0.4104597,0.4104597
0.52096814,0.52096814
0.51809865,0.51809865
0.5171373,0.5171373
0.4360563,0.4360563
0.4776864,0.4776864
0.47896582,0.47896582
0.52406687,0.52406687
0.50617117,0.50617117
0.5432497,0.5432497
0.48655516,0.48655516
0.4873255,0.4873255
0.50632596,0.50632596
0.5045001,0.5045001
0.5262651,0.5262651
0.51791704,0.51791704
0.51437575,0.51437575
0.49664378,0.49664378
0.4874629,0.4874629
0.5277831,0.5277831
0.5277831,0.5277831
0.5277831,0.5277831
0.5277831,0.5277831
0.5277831,0.5277831
0.5277831,0.5277831
0.5277831,0.5277831
0.5277831,0.5277831
0.5277831,0.5277831
0.5277831,0.5277831
0.5277831,0.5277831
0.5277831,0.5277831
0.5277831,0.5277831
0.5277831,0.5277831
0.5277831,0.5277831
0.5277831,0.5277831
0.5277831,0.5277831
0.5277831,0.5277831
0.5277831,0.5277831
0.5277831,0.5277831
0.5277831,0.5277831
0.5277831,0.5277831
0.5277831,0.5277831
0.5277831,0.5277831
0.5277831,0.5277831
0.55075026,0.55075026
0.4286106,0.4286106
0.41098645,0.41098645
0.37003407,0.37003407
0.41436276,0.41436276
0.40133667,0.40133667
0.46236485,0.46236485
0.45020032,0.45020032
0.48672256,0.48672256
0.4462871,0.4462871
0.41203484,0.41203484
0.40273163,0.40273163
0.5010425,0.5010425
0.49191785,0.49191785
0.5186629,0.5186629
0.4266433,0.4266433
0.44378874,0.44378874
0.5246506,0.5246506
0.52781796,0.52781796
0.4461405,0.4461405
0.49589777,0.49589777
0.53652704,0.53652704
0.5088155,0.5088155
0.5277831,0.5277831
0.5530963,0.5530963
0.50717056,0.50717056
0.46912545,0.46912545
0.41568717,0.41568717
0.5009166,0.5009166
0.5511663,0.5511663
0.47740364,0.47740364
0.42300916,0.42300916
0.44252437,0.44252437
0.47277334,0.47277334
0.43065837,0.43065837
0.3028504,0.3028504
0.42729795,0.42729795
0.5936182,0.5936182
0.4538427,0.4538427
0.4282342,0.4282342
0.4170311,0.4170311
0.4051765,0.4051765
0.41967598,0.41967598
0.4303738,0.4303738
0.48278743,0.48278743
0.45323572,0.45323572
0.5195863,0.5195863
0.5289574,0.5289574
0.45815247,0.45815247
0.4162336,0.4162336
0.31109697,0.31109697
0.37488487,0.37488487
0.5440042,0.5440042
0.5037084,0.5037084
0.43060508,0.43060508
0.38584048,0.38584048
0.40052673,0.40052673
0.39548996,0.39548996
0.39554146,0.39554146
0.44551226,0.44551226
0.5361368,0.5361368
0.44134098,0.44134098
0.4555524,0.4555524
0.4349561,0.4349561
0.46870527,0.46870527
0.43817562,0.43817562
0.37427133,0.37427133
0.42309737,0.42309737
0.354489,0.354489
0.4366942,0.4366942
0.37250286,0.37250286
0.35407078,0.35407078
0.540849,0.540849
0.44288462,0.44288462
0.4195938,0.4195938
0.48784918,0.48784918
0.5068861,0.5068861
0.47612083,0.47612083
0.35593036,0.35593036
0.3342202,0.3342202
0.3948574,0.3948574
0.53039056,0.53039056
0.5532246,0.5532246
0.4596012,0.4596012
0.36585435,0.36585435
0.34766638,0.34766638
0.47895357,0.47895357
0.5569268,0.5569268
0.4692422,0.4692422
0.4403286,0.4403286
0.49074692,0.49074692
0.48010144,0.48010144
0.27259734,0.27259734
0.52657914,0.52657914
0.48921952,0.48921952
0.5195871,0.5195871
0.47783107,0.47783107
0.39415056,0.39415056
0.33539173,0.33539173
0.37323982,0.37323982
0.40260348,0.40260348
0.3901741,0.3901741
0.3562386,0.3562386
0.4404322,0.4404322
0.4898306,0.4898306
0.53729105,0.53729105
0.428625,0.428625
0.40408796,0.40408796
0.49435285,0.49435285
0.4500256,0.4500256
0.47872388,0.47872388
0.5095801,0.5095801
0.4385704,0.4385704
0.46359205,0.46359205
0.279208,0.279208
0.54023427,0.54023427
0.4812803,0.4812803
0.50744027,0.50744027
0.4881475,0.4881475
0.43962896,0.43962896
0.3920427,0.3920427
0.43197122,0.43197122
0.4933107,0.4933107
0.5738169,0.5738169
0.53017956,0.53017956
0.4615335,0.4615335
0.47199368,0.47199368
0.5696109,0.5696109
0.49426055,0.49426055
0.4271876,0.4271876
0.41898397,0.41898397
0.41918686,0.41918686
0.44072306,0.44072306
0.4079453,0.4079453
0.4529879,0.4529879
0.55501723,0.55501723
0.41898495,0.41898495
0.3960644,0.3960644
0.48810452,0.48810452
0.53680104,0.53680104
0.31988415,0.31988415
0.4116944,0.4116944
0.3477421,0.3477421
0.46887442,0.46887442
0.5179802,0.5179802
0.50952405,0.50952405
0.54243106,0.54243106
0.52868813,0.52868813
0.4816491,0.4816491
0.51566607,0.51566607
0.526477,0.526477
0.54509723,0.54509723
0.47254494,0.47254494
0.5393067,0.5393067
0.44333288,0.44333288
0.46522707,0.46522707
0.49442768,0.49442768
0.393337,0.393337
0.41304457,0.41304457
0.43955994,0.43955994
0.34552774,0.34552774
0.40204823,0.40204823
0.3691081,0.3691081
0.4004476,0.4004476
0.32764152,0.32764152
0.35592255,0.35592255
0.37102067,0.37102067
0.35652053,0.35652053
0.26796308,0.26796308
0.44074467,0.44074467
0.3440378,0.3440378
0.42368868,0.42368868
0.4392617,0.4392617
0.44319874,0.44319874
0.39718673,0.39718673
0.4383254,0.4383254
0.43200687,0.43200687
0.37199235,0.37199235
0.4743188,0.4743188
0.40076753,0.40076753
0.41832387,0.41832387
0.42952597,0.42952597
0.43041152,0.43041152
0.43328822,0.43328822
0.38363838,0.38363838
0.40471563,0.40471563
0.35414618,0.35414618
0.48028257,0.48028257
0.4807002,0.4807002
0.4095886,0.4095886
0.4087153,0.4087153
0.4217638,0.4217638
0.46768337,0.46768337
0.40560818,0.40560818
0.35589665,0.35589665
0.42963424,0.42963424
0.44904464,0.44904464
0.43366238,0.43366238
0.36967838,0.36967838
0.45923972,0.45923972
0.39537236,0.39537236
0.41151845,0.41151845
0.39594474,0.39594474
0.3411234,0.3411234
0.43476188,0.43476188
0.41013366,0.41013366
0.40373188,0.40373188
0.5321519,0.5321519
0.4637791,0.4637791
0.5429301,0.5429301
0.41478214,0.41478214
0.47562358,0.47562358
0.39333335,0.39333335
0.50657743,0.50657743
0.4922363,0.4922363
0.47607517,0.47607517
0.46853083,0.46853083
0.4849855,0.4849855
0.46828428,0.46828428
0.41917762,0.41917762
0.4822688,0.4822688
0.49089798,0.49089798
0.42837542,0.42837542
0.43033308,0.43033308
0.50094956,0.50094956
0.5539686,0.5539686
0.45790207,0.45790207
0.54117453,0.54117453
0.50860995,0.50860995
0.42700005,0.42700005
0.41722986,0.41722986
0.35054514,0.35054514
0.36003786,0.36003786
0.36853176,0.36853176
0.44127658,0.44127658
0.4040623,0.4040623
0.39896873,0.39896873
0.4895599,0.4895599
0.52010757,0.52010757
0.4138508,0.4138508
0.52933675,0.52933675
0.448501,0.448501
0.40563104,0.40563104
0.4630864,0.4630864
0.49997163,0.49997163
0.50411713,0.50411713
0.45271322,0.45271322
0.4229959,0.4229959
0.42444128,0.42444128
0.47124738,0.47124738
0.39033997,0.39033997
0.37923875,0.37923875
0.43506208,0.43506208
0.4711874,0.4711874
0.4557988,0.4557988
0.4344432,0.4344432
0.39192796,0.39192796
0.43656668,0.43656668
0.40793633,0.40793633
0.36425215,0.36425215
0.40247688,0.40247688
0.48252362,0.48252362
0.41467685,0.41467685
0.41529778,0.41529778
0.4914739,0.4914739
0.37054342,0.37054342
0.48096824,0.48096824
0.4886536,0.4886536
0.46676108,0.46676108
0.41201398,0.41201398
0.42988184,0.42988184
0.41398302,0.41398302
0.50950056,0.50950056
0.4108776,0.4108776
0.52440304,0.52440304
0.48568505,0.48568505
0.5326057,0.5326057
0.5272626,0.5272626
0.51842856,0.51842856
0.5371593,0.5371593
0.5026034,0.5026034
0.530413,0.530413
0.5291328,0.5291328
0.4573857,0.4573857
0.5277831,0.5277831
0.5277831,0.5277831
0.5277831,0.5277831
0.5277831,0.5277831
0.5277831,0.5277831
0.5277831,0.5277831
0.5277831,0.5277831
0.5277831,0.5277831
0.5277831,0.5277831
0.5277831,0.5277831
0.5277831,0.5277831
0.5277831,0.5277831
0.5277831,0.5277831
0.5277831,0.5277831
0.5277831,0.5277831
0.5277831,0.5277831
0.5277831,0.5277831
0.5277831,0.5277831
0.5277831,0.5277831
0.5277831,0.5277831
0.5277831,0.5277831
0.5277831,0.5277831
0.5277831,0.5277831
0.5277831,0.5277831
0.5277831,0.5277831
0.5277831,0.5277831
0.5277831,0.5277831
0.5277831,0.5277831
0.5277831,0.5277831
0.5277831,0.5277831
0.5277831,0.5277831
0.5277831,0.5277831
0.5277831,0.5277831
0.5277831,0.5277831
0.5277831,0.5277831
0.5277831,0.5277831
0.5277831,0.5277831
0.5277831,0.5277831
0.5277831,0.5277831
0.5277831,0.5277831
0.5277831,0.5277831
0.5277831,0.5277831
0.5277831,0.5277831
0.5277831,0.5277831
0.5277831,0.5277831
0.5277831,0.5277831
0.5277831,0.5277831
0.5277831,0.5277831
0.5277831,0.5277831
0.5277831,0.5277831
0.5277831,0.5277831
0.5277831,0.5277831
0.5277831,0.5277831
0.5277831,0.5277831
0.5277831,0.5277831
0.5277831,0.5277831
0.5277831,0.5277831
0.5277831,0.5277831
0.5277831,0.5277831
0.5277831,0.5277831
0.5277831,0.5277831
0.5277831,0.5277831
0.5277831,0.5277831
0.5277831,0.5277831
0.5277831,0.5277831
0.5277831,0.5277831
0.5277831,0.5277831
0.5277831,0.5277831
0.5277831,0.5277831
0.5277831,0.5277831
0.5277831,0.5277831
0.5277831,0.5277831
0.5277831,0.5277831
0.5277831,0.5277831
0.5277831,0.5277831
0.5277831,0.5277831
0.5277831,0.5277831
0.5277831,0.5277831
0.5277831,0.5277831
0.5277831,0.5277831
0.5277831,0.5277831
0.5277831,0.5277831
0.5277831,0.5277831
0.5277831,0.5277831
0.5277831,0.5277831
0.5277831,0.5277831
0.5277831,0.5277831
0.5277831,0.5277831
0.5277831,0.5277831
0.5277831,0.5277831
0.5277831,0.5277831
0.5277831,0.5277831
0.5277831,0.5277831
0.5277831,0.5277831
0.5277831,0.5277831
0.5277831,0.5277831
0.534425,0.534425
0.34368902,0.34368902
0.50701106,0.50701106
0.4466229,0.4466229
0.43853465,0.43853465
0.4535806,0.4535806
0.51306653,0.51306653
0.39833936,0.39833936
0.45673946,0.45673946
0.46418542,0.46418542
0.46651864,0.46651864
0.52792984,0.52792984
0.44772822,0.44772822
0.58493215,0.58493215
0.5039214,0.5039214
0.3818975,0.3818975
0.36735088,0.36735088
0.4420953,0.4420953
0.37387863,0.37387863
0.4471317,0.4471317
0.4139189,0.4139189
0.3882286,0.3882286
0.42911616,0.42911616
0.43454036,0.43454036
0.5519218,0.5519218
0.57101816,0.57101816
0.43050653,0.43050653
0.42865375,0.42865375
0.42977178,0.42977178
0.3626692,0.3626692
0.3408471,0.3408471
0.4622758,0.4622758
0.42105424,0.42105424
0.42477238,0.42477238
0.4110999,0.4110999
0.55466676,0.55466676
0.39914322,0.39914322
0.47242552,0.47242552
0.4502271,0.4502271
0.46980482,0.46980482
0.43170124,0.43170124
0.44013545,0.44013545
0.4243237,0.4243237
0.35282287,0.35282287
0.39157838,0.39157838
0.4113334,0.4113334
0.36874878,0.36874878
0.36107224,0.36107224
0.5008559,0.5008559
0.46858403,0.46858403
0.46505272,0.46505272
0.43194064,0.43194064
0.44403946,0.44403946
0.3938082,0.3938082
0.6628559,0.6628559
0.55077595,0.55077595
0.5769213,0.5769213
0.39503202,0.39503202
0.46671924,0.46671924
0.5178007,0.5178007
0.63002247,0.63002247
0.4338261,0.4338261
0.41254377,0.41254377
0.42529377,0.42529377
0.569674,0.569674
0.6545347,0.6545347
0.57420903,0.57420903
0.49902454,0.49902454
0.5094374,0.5094374
0.4456886,0.4456886
0.35516468,0.35516468
0.34445447,0.34445447
0.394184,0.394184
0.3962246,0.3962246
0.5171589,0.5171589
0.54900014,0.54900014
0.436431,0.436431
0.35893798,0.35893798
0.34486035,0.34486035
0.36059704,0.36059704
0.32666326,0.32666326
0.44567415,0.44567415
0.43244338,0.43244338
0.4225808,0.4225808
0.4795985,0.4795985
0.3540136,0.3540136
0.44602454,0.44602454
0.33339176,0.33339176
0.3603109,0.3603109
0.3579805,0.3579805
0.40274867,0.40274867
0.30135772,0.30135772
0.55154085,0.55154085
0.50687337,0.50687337
0.5621822,0.5621822
0.58933026,0.58933026
0.45009315,0.45009315
0.5012325,0.5012325
0.4894536,0.4894536
0.5278628,0.5278628
0.49478337,0.49478337
0.5683417,0.5683417
0.51605487,0.51605487
0.5039727,0.5039727
0.54576945,0.54576945
0.5136717,0.5136717
0.5098884,0.5098884
0.58997095,0.58997095
0.5277831,0.5277831
0.5277831,0.5277831
0.5277831,0.5277831
0.53700656,0.53700656
0.5293971,0.5293971
0.4083822,0.4083822
0.38566336,0.38566336
0.4248995,0.4248995
0.41895035,0.41895035
0.3765121,0.3765121
0.33172557,0.33172557
0.3411093,0.3411093
0.3506114,0.3506114
0.5293209,0.5293209
0.57029265,0.57029265
0.40552777,0.40552777
0.43384734,0.43384734
0.48931664,0.48931664
0.4988247,0.4988247
0.44670233,0.44670233
0.4547229,0.4547229
0.48773068,0.48773068
0.39134216,0.39134216
0.46673244,0.46673244
0.34624457,0.34624457
0.43158886,0.43158886
0.43985996,0.43985996
0.5535912,0.5535912
0.46181113,0.46181113
0.5178958,0.5178958
0.36383027,0.36383027
0.3941655,0.3941655
0.4330553,0.4330553
0.48896492,0.48896492
0.5816207,0.5816207
0.5136105,0.5136105
0.3277976,0.3277976
0.33819088,0.33819088
0.34141716,0.34141716
0.3748099,0.3748099
0.45120504,0.45120504
0.42606974,0.42606974
0.37353247,0.37353247
0.40528676,0.40528676
0.33926627,0.33926627
0.30891302,0.30891302
0.38706863,0.38706863
0.47234195,0.47234195
0.58627266,0.58627266
0.54422474,0.54422474
0.3510602,0.3510602
0.4148064,0.4148064
0.35472125,0.35472125
0.3932788,0.3932788
0.49688622,0.49688622
0.54409194,0.54409194
0.44054118,0.44054118
0.5100039,0.5100039
0.51347274,0.51347274
0.48727077,0.48727077
0.45802033,0.45802033
0.5074493,0.5074493
0.5118492,0.5118492
0.45099545,0.45099545
0.5224352,0.5224352
0.49928373,0.49928373
0.5176306,0.5176306
0.50309676,0.50309676
0.3559794,0.3559794
0.5181334,0.5181334
0.45497805,0.45497805
0.45324627,0.45324627
0.49951577,0.49951577
0.42034203,0.42034203
0.52680695,0.52680695
0.45866266,0.45866266
0.510242,0.510242
0.4882585,0.4882585
0.5077822,0.5077822
0.49086466,0.49086466
0.52814174,0.52814174
0.5277831,0.5277831
0.5277831,0.5277831
0.52082455,0.52082455
0.481649,0.481649
0.44961584,0.44961584
0.49229118,0.49229118
0.5098315,0.5098315
0.49196687,0.49196687
0.53050995,0.53050995
0.49775618,0.49775618
0.5982062,0.5982062
0.509776,0.509776
0.41252697,0.41252697
0.47549197,0.47549197
0.3667703,0.3667703
0.4589628,0.4589628
0.5042503,0.5042503
0.3490823,0.3490823
0.4109753,0.4109753
0.5609639,0.5609639
0.56813437,0.56813437
0.41770956,0.41770956
0.5880668,0.5880668
0.41161838,0.41161838
0.5104968,0.5104968
0.57430756,0.57430756
0.51235586,0.51235586
0.43573937,0.43573937
0.52376753,0.52376753
0.4965918,0.4965918
0.51059544,0.51059544
0.4866535,0.4866535
0.5126889,0.5126889
0.50982106,0.50982106
0.5277831,0.5277831
0.5277831,0.5277831
0.5277831,0.5277831
0.5277831,0.5277831
0.5277831,0.5277831
0.5277831,0.5277831
0.5277831,0.5277831
0.5277831,0.5277831
0.5277831,0.5277831
0.5277831,0.5277831
0.5277831,0.5277831
0.5277831,0.5277831
0.5277831,0.5277831
0.5277831,0.5277831
0.5277831,0.5277831
0.5277831,0.5277831
0.5277831,0.5277831
0.5277831,0.5277831
0.5277831,0.5277831
0.5277831,0.5277831
0.5277831,0.5277831
0.5277831,0.5277831
0.5277831,0.5277831
0.5277831,0.5277831
0.5277831,0.5277831
0.5277831,0.5277831
0.5277831,0.5277831
0.5277831,0.5277831
0.5277831,0.5277831
0.5277831,0.5277831
0.5277831,0.5277831
0.5277831,0.5277831
0.5277831,0.5277831
0.5277831,0.5277831
0.5277831,0.5277831
0.5277831,0.5277831
0.49528757,0.49528757
0.333092,0.333092
0.49260992,0.49260992
0.5041539,0.5041539
0.52601993,0.52601993
0.5041548,0.5041548
0.4760502,0.4760502
0.5042524,0.5042524
0.44250822,0.44250822
0.5708214,0.5708214
0.50157356,0.50157356
0.48561972,0.48561972
0.54320604,0.54320604
0.5129644,0.5129644
0.43224016,0.43224016
0.43957734,0.43957734
0.57233554,0.57233554
0.59065473,0.59065473
0.37483433,0.37483433
0.44527763,0.44527763
0.4541827,0.4541827
0.51307386,0.51307386
0.56529367,0.56529367
0.52336675,0.52336675
0.5019852,0.5019852
0.53947616,0.53947616
0.3741126,0.3741126
0.3691355,0.3691355
0.41365278,0.41365278
0.5346742,0.5346742
0.42472252,0.42472252
0.4619984,0.4619984
0.6070216,0.6070216
0.4842548,0.4842548
0.5350839,0.5350839
0.5095012,0.5095012
0.39110157,0.39110157
0.50040513,0.50040513
0.5202787,0.5202787
0.5194264,0.5194264
0.5314417,0.5314417
0.44916597,0.44916597
0.46177366,0.46177366
0.49458304,0.49458304
0.5277831,0.5277831
0.5277831,0.5277831
0.5277831,0.5277831
0.5375602,0.5375602
0.52881616,0.52881616
0.48001248,0.48001248
0.40770242,0.40770242
0.45716548,0.45716548
0.47987005,0.47987005
0.3589018,0.3589018
0.37214416,0.37214416
0.4087108,0.4087108
0.4332994,0.4332994
0.48088613,0.48088613
0.37566543,0.37566543
0.38652503,0.38652503
0.44993553,0.44993553
0.5456312,0.5456312
0.44561535,0.44561535
0.38444847,0.38444847
0.40581378,0.40581378
0.5191806,0.5191806
0.47797552,0.47797552
0.42424488,0.42424488
0.4347159,0.4347159
0.42982906,0.42982906
0.4721398,0.4721398
0.39731285,0.39731285
0.4978437,0.4978437
0.49594325,0.49594325
0.46357414,0.46357414
0.36376193,0.36376193
0.46895882,0.46895882
0.47795805,0.47795805
0.47274622,0.47274622
0.46574944,0.46574944
0.4817736,0.4817736
0.45114064,0.45114064
0.5120529,0.5120529
0.47299826,0.47299826
0.43380892,0.43380892
0.5302667,0.5302667
0.51218253,0.51218253
0.51782274,0.51782274
0.49119493,0.49119493
0.4643117,0.4643117
0.5018923,0.5018923
0.5286758,0.5286758
0.55326843,0.55326843
0.51362175,0.51362175
0.5277831,0.5277831
0.5277831,0.5277831
0.5404596,0.5404596
0.44435003,0.44435003
0.43088955,0.43088955
0.45883238,0.45883238
0.4184675,0.4184675
0.3999754,0.3999754
0.4732927,0.4732927
0.5719869,0.5719869
0.43616256,0.43616256
0.39291215,0.39291215
0.4538947,0.4538947
0.34904516,0.34904516
0.34083006,0.34083006
0.5483087,0.5483087
0.46753806,0.46753806
0.3852439,0.3852439
0.58020794,0.58020794
0.55948526,0.55948526
0.32174867,0.32174867
0.40830955,0.40830955
0.5457496,0.5457496
0.50350356,0.50350356
0.45128784,0.45128784
0.4652307,0.4652307
0.47469926,0.47469926
0.536258,0.536258
0.48166955,0.48166955
0.4098268,0.4098268
0.45193398,0.45193398
0.4262026,0.4262026
0.4650818,0.4650818
0.396954,0.396954
0.49479067,0.49479067
0.4516794,0.4516794
0.40961215,0.40961215
0.35812783,0.35812783
0.40259063,0.40259063
0.41317642,0.41317642
0.39029273,0.39029273
0.48024425,0.48024425
0.49003688,0.49003688
0.40129426,0.40129426
0.41037518,0.41037518
0.45598745,0.45598745
0.57987505,0.57987505
0.44482982,0.44482982
0.45744035,0.45744035
0.41264364,0.41264364
0.33653435,0.33653435
0.38463172,0.38463172
0.4007883,0.4007883
0.43417156,0.43417156
0.3996133,0.3996133
0.49062383,0.49062383
0.51287025,0.51287025
0.4979117,0.4979117
0.49329305,0.49329305
0.4733566,0.4733566
0.5200574,0.5200574
0.5175546,0.5175546
0.45825928,0.45825928
0.44154036,0.44154036
0.45992538,0.45992538
0.3669813,0.3669813
0.444417,0.444417
0.39475504,0.39475504
0.44714904,0.44714904
0.47677577,0.47677577
0.49345636,0.49345636
0.45043653,0.45043653
0.520887,0.520887
0.43114576,0.43114576
0.4385941,0.4385941
0.34085777,0.34085777
0.417429,0.417429
0.41949186,0.41949186
0.40166703,0.40166703
0.47899598,0.47899598
0.39867905,0.39867905
0.46765447,0.46765447
0.53623337,0.53623337
0.46112764,0.46112764
0.44812703,0.44812703
0.4225758,0.4225758
0.4805798,0.4805798
0.34672973,0.34672973
0.48280627,0.48280627
0.34472677,0.34472677
0.44300073,0.44300073
0.4443368,0.4443368
0.43390065,0.43390065
0.4363674,0.4363674
0.53678036,0.53678036
0.53116906,0.53116906
0.46812275,0.46812275
0.45094854,0.45094854
0.43170682,0.43170682
0.4987048,0.4987048
0.5733745,0.5733745
0.46057898,0.46057898
0.50211066,0.50211066
0.56625044,0.56625044
0.500902,0.500902
0.50114757,0.50114757
0.35784298,0.35784298
0.38878623,0.38878623
0.40108922,0.40108922
0.45069388,0.45069388
0.48087493,0.48087493
0.55316997,0.55316997
0.59765697,0.59765697
0.48362938,0.48362938
0.585886,0.585886
0.53301334,0.53301334
0.49962756,0.49962756
0.44963303,0.44963303
0.51849276,0.51849276
0.48901543,0.48901543
0.4872398,0.4872398
0.50707364,0.50707364
0.40910456,0.40910456
0.42655542,0.42655542
0.472913,0.472913
0.43288544,0.43288544
0.4123681,0.4123681
0.5241919,0.5241919
0.46167615,0.46167615
0.4671392,0.4671392
0.47011334,0.47011334
0.33868092,0.33868092
0.41443425,0.41443425
0.39088073,0.39088073
0.4161742,0.4161742
0.4717343,0.4717343
0.49061063,0.49061063
0.41240487,0.41240487
0.4727331,0.4727331
0.45120233,0.45120233
0.43537208,0.43537208
0.4649723,0.4649723
0.46479875,0.46479875
0.45946044,0.45946044
0.43282637,0.43282637
0.55301845,0.55301845
0.5252115,0.5252115
0.49034965,0.49034965
0.45440078,0.45440078
0.39611313,0.39611313
0.39885935,0.39885935
0.38988617,0.38988617
0.5277721,0.5277721
0.5166937,0.5166937
0.5348364,0.5348364
0.47426194,0.47426194
0.46401075,0.46401075
0.4227279,0.4227279
0.54263467,0.54263467
0.45561156,0.45561156
0.385311,0.385311
0.33912548,0.33912548
0.42877892,0.42877892
0.36683062,0.36683062
0.4123118,0.4123118
0.41243845,0.41243845
0.570216,0.570216
0.4394288,0.4394288
0.4595456,0.4595456
0.4627751,0.4627751
0.42298326,0.42298326
0.4748767,0.4748767
0.4038865,0.4038865
0.41002277,0.41002277
0.48516846,0.48516846
0.37051848,0.37051848
0.49075153,0.49075153
0.36694732,0.36694732
0.4576198,0.4576198
0.63040507,0.63040507
0.372683,0.372683
0.4232523,0.4232523
0.523776,0.523776
0.45326236,0.45326236
0.5000621,0.5000621
0.4586216,0.4586216
0.48065418,0.48065418
0.40338707,0.40338707
0.49461624,0.49461624
0.38521773,0.38521773
0.40330243,0.40330243
0.4153162,0.4153162
0.3769851,0.3769851
0.50557345,0.50557345
0.47691384,0.47691384
0.48695076,0.48695076
0.45518762,0.45518762
0.44309804,0.44309804
0.3663317,0.3663317
0.43921405,0.43921405
0.4169514,0.4169514
0.36804146,0.36804146
0.48382482,0.48382482
0.5217123,0.5217123
0.46820223,0.46820223
0.48486876,0.48486876
0.47416407,0.47416407
0.47422305,0.47422305
0.47370642,0.47370642
0.5849717,0.5849717
0.42013562,0.42013562
0.5031387,0.5031387
0.5465837,0.5465837
0.49483967,0.49483967
0.5172654,0.5172654
0.4668536,0.4668536
0.439536,0.439536
0.5294342,0.5294342
0.4698223,0.4698223
0.40970215,0.40970215
0.37400138,0.37400138
0.4744726,0.4744726
0.3725187,0.3725187
0.45090327,0.45090327
0.49597412,0.49597412
0.5030981,0.5030981
0.47105366,0.47105366
0.4370183,0.4370183
0.48217764,0.48217764
0.46353117,0.46353117
0.42599505,0.42599505
0.48312175,0.48312175
0.46067792,0.46067792
0.44398668,0.44398668
0.41119868,0.41119868
0.40808016,0.40808016
0.4282277,0.4282277
0.4659713,0.4659713
0.42988247,0.42988247
0.44107068,0.44107068
0.5568209,0.5568209
0.45431066,0.45431066
0.43284208,0.43284208
0.39656514,0.39656514
0.4435044,0.4435044
0.39136556,0.39136556
0.40525442,0.40525442
0.45427474,0.45427474
0.4587949,0.4587949
0.4431907,0.4431907
0.47394148,0.47394148
0.46558574,0.46558574
0.550602,0.550602
0.49616274,0.49616274
0.45476764,0.45476764
0.4755296,0.4755296
0.4822804,0.4822804
0.42356536,0.42356536
0.47436908,0.47436908
0.38447616,0.38447616
0.40000504,0.40000504
0.41187096,0.41187096
0.39270625,0.39270625
0.44638625,0.44638625
0.38475803,0.38475803
0.43534333,0.43534333
0.4971,0.4971
0.4154731,0.4154731
0.40576917,0.40576917
0.5464913,0.5464913
0.409392,0.409392
0.4180677,0.4180677
0.46469608,0.46469608
0.3757549,0.3757549
0.36699915,0.36699915
0.46398377,0.46398377
0.37814048,0.37814048
0.33098125,0.33098125
0.3308806,0.3308806
0.42567095,0.42567095
0.45893168,0.45893168
0.38096657,0.38096657
0.42416403,0.42416403
0.39776,0.39776
0.41654068,0.41654068
0.4009205,0.4009205
0.47512147,0.47512147
0.47364154,0.47364154
0.4967924,0.4967924
0.4238816,0.4238816
0.50240624,0.50240624
0.41307876,0.41307876
0.36961517,0.36961517
0.52533466,0.52533466
0.45517004,0.45517004
0.4693573,0.4693573
0.51104105,0.51104105
0.48716018,0.48716018
0.5205227,0.5205227
0.46668136,0.46668136
0.47278172,0.47278172
0.5106385,0.5106385
0.6056395,0.6056395
0.5247162,0.5247162
0.56416595,0.56416595
0.5104628,0.5104628
0.42735082,0.42735082
0.4504491,0.4504491
0.43408713,0.43408713
0.3734969,0.3734969
0.42699477,0.42699477
0.5046966,0.5046966
0.51258093,0.51258093
0.5327809,0.5327809
0.5203858,0.5203858
0.46583557,0.46583557
0.40488383,0.40488383
0.3556831,0.3556831
0.4306933,0.4306933
0.43839753,0.43839753
0.49712792,0.49712792
0.5012241,0.5012241
0.45617998,0.45617998
0.40909287,0.40909287
0.43340954,0.43340954
0.44481763,0.44481763
0.377989,0.377989
0.50395983,0.50395983
0.5119141,0.5119141
0.53280914,0.53280914
0.5279326,0.5279326
0.46278453,0.46278453
0.42602596,0.42602596
0.4714892,0.4714892
0.47199273,0.47199273
0.45837867,0.45837867
0.41824678,0.41824678
0.46432844,0.46432844
0.50757736,0.50757736
0.5189473,0.5189473
0.5540585,0.5540585
0.5024473,0.5024473
0.48307192,0.48307192
0.49842,0.49842
0.5277831,0.5277831
0.5277831,0.5277831
0.5277831,0.5277831
0.5277831,0.5277831
0.5277831,0.5277831
0.5277831,0.5277831
0.5277831,0.5277831
0.5277831,0.5277831
0.5277831,0.5277831
0.5277831,0.5277831
0.5277831,0.5277831
0.5277831,0.5277831
0.5277831,0.5277831
0.5277831,0.5277831
0.54037565,0.54037565
0.485732,0.485732
0.45112404,0.45112404
0.4767211,0.4767211
0.48276094,0.48276094
0.46362275,0.46362275
0.44703007,0.44703007
0.42684466,0.42684466
0.46305287,0.46305287
0.4621855,0.4621855
0.4562238,0.4562238
0.46198088,0.46198088
0.486797,0.486797
0.40741184,0.40741184
0.40288517,0.40288517
0.50399417,0.50399417
0.4674465,0.4674465
0.4922903,0.4922903
0.48807833,0.48807833
0.5263357,0.5263357
0.49488375,0.49488375
0.50883067,0.50883067
0.4605005,0.4605005
0.53599954,0.53599954
0.5277831,0.5277831
0.5277831,0.5277831
0.5366802,0.5366802
0.5618929,0.5618929
0.43783528,0.43783528
0.48965606,0.48965606
0.5444172,0.5444172
0.42236763,0.42236763
0.35478038,0.35478038
0.43062338,0.43062338
0.38892347,0.38892347
0.44527912,0.44527912
0.43560225,0.43560225
0.47901642,0.47901642
0.51306355,0.51306355
0.47524467,0.47524467
0.51372147,0.51372147
0.4652903,0.4652903
0.44437087,0.44437087
0.56797993,0.56797993
0.31799406,0.31799406
0.4472529,0.4472529
0.42543796,0.42543796
0.397241,0.397241
0.38444734,0.38444734
0.53013366,0.53013366
0.45708585,0.45708585
0.43327847,0.43327847
0.42219743,0.42219743
0.44513565,0.44513565
0.35877243,0.35877243
0.35011366,0.35011366
0.37502086,0.37502086
0.34734264,0.34734264
0.362039,0.362039
0.39963397,0.39963397
0.49977618,0.49977618
0.47009918,0.47009918
0.43498382,0.43498382
0.34459227,0.34459227
0.39087778,0.39087778
0.42265818,0.42265818
0.420926,0.420926
0.46141997,0.46141997
0.48021007,0.48021007
0.51852196,0.51852196
0.47701648,0.47701648
0.38817963,0.38817963
0.40885803,0.40885803
0.37918764,0.37918764
0.44868284,0.44868284
0.4113417,0.4113417
0.46114394,0.46114394
0.47519705,0.47519705
0.44305742,0.44305742
0.45141003,0.45141003
0.4072101,0.4072101
0.44107816,0.44107816
0.40024167,0.40024167
0.5148542,0.5148542
0.43940505,0.43940505
0.47408572,0.47408572
0.39442602,0.39442602
0.4223982,0.4223982
0.44518808,0.44518808
0.43344176,0.43344176
0.44310442,0.44310442
0.41165042,0.41165042
0.37280908,0.37280908
0.44596043,0.44596043
0.37059897,0.37059897
0.4074914,0.4074914
0.3969327,0.3969327
0.36407903,0.36407903
0.43395653,0.43395653
0.39657068,0.39657068
0.37973878,0.37973878
0.46292582,0.46292582
0.3432243,0.3432243
0.3320427,0.3320427
0.5308963,0.5308963
0.4591539,0.4591539
0.5042336,0.5042336
0.47270936,0.47270936
0.5545474,0.5545474
0.5072755,0.5072755
0.47470632,0.47470632
0.47185084,0.47185084
0.512467,0.512467
0.5277831,0.5277831
0.5277831,0.5277831
0.5560945,0.5560945
0.467827,0.467827
0.278539,0.278539
0.33436835,0.33436835
0.45147607,0.45147607
0.39567482,0.39567482
0.458144,0.458144
0.38764322,0.38764322
0.45186815,0.45186815
0.45672464,0.45672464
0.5119278,0.5119278
0.49514195,0.49514195
0.53459007,0.53459007
0.5310194,0.5310194
0.49005708,0.49005708
0.33390936,0.33390936
0.37154612,0.37154612
0.3306622,0.3306622
0.3664924,0.3664924
0.36460364,0.36460364
0.46127364,0.46127364
0.44083935,0.44083935
0.48368886,0.48368886
0.5539536,0.5539536
0.56727624,0.56727624
0.5366201,0.5366201
0.50416875,0.50416875
0.3253467,0.3253467
0.41716626,0.41716626
0.45112747,0.45112747
0.45655477,0.45655477
0.43482995,0.43482995
0.5342796,0.5342796
0.38343787,0.38343787
0.3972055,0.3972055
0.3669148,0.3669148
0.35968837,0.35968837
0.37666726,0.37666726
0.50123256,0.50123256
0.44701114,0.44701114
0.4320998,0.4320998
0.4716468,0.4716468
0.49150866,0.49150866
0.54701734,0.54701734
0.47688013,0.47688013
0.5701011,0.5701011
0.51503855,0.51503855
0.5237401,0.5237401
0.43120062,0.43120062
0.39814302,0.39814302
0.41869378,0.41869378
0.41101116,0.41101116
0.4063365,0.4063365
0.5356537,0.5356537
0.41796294,0.41796294
0.38884607,0.38884607
0.39994004,0.39994004
0.37606475,0.37606475
0.414627,0.414627
0.47447988,0.47447988
0.44014415,0.44014415
0.52070564,0.52070564
0.47305408,0.47305408
0.48404095,0.48404095
0.6070143,0.6070143
0.45317397,0.45317397
0.5845148,0.5845148
0.54715425,0.54715425
0.4476968,0.4476968
0.44210657,0.44210657
0.49232587,0.49232587
0.41525298,0.41525298
0.38774204,0.38774204
0.41265556,0.41265556
0.5238338,0.5238338
0.44755834,0.44755834
0.4389666,0.4389666
0.49654925,0.49654925
0.46854886,0.46854886
0.4540954,0.4540954
0.3901777,0.3901777
0.44963157,0.44963157
0.36957535,0.36957535
0.4250341,0.4250341
0.42843962,0.42843962
0.44576237,0.44576237
0.3615807,0.3615807
0.39777136,0.39777136
0.42350987,0.42350987
0.39174452,0.39174452
0.45977905,0.45977905
0.3678105,0.3678105
0.50376445,0.50376445
0.5298852,0.5298852
0.5066908,0.5066908
0.4742471,0.4742471
0.38849542,0.38849542
0.45016593,0.45016593
0.4780143,0.4780143
0.5133942,0.5133942
0.5412605,0.5412605
0.56847775,0.56847775
0.5277831,0.5277831
0.53653574,0.53653574
0.52947396,0.52947396
0.48786628,0.48786628
0.5206936,0.5206936
0.4945105,0.4945105
0.58392787,0.58392787
0.5354251,0.5354251
0.4405506,0.4405506
0.49263445,0.49263445
0.31940493,0.31940493
0.39762014,0.39762014
0.40946153,0.40946153
0.55064875,0.55064875
0.49532416,0.49532416
0.38368657,0.38368657
0.3911457,0.3911457
0.3914103,0.3914103
0.53990406,0.53990406
0.5478556,0.5478556
0.45541927,0.45541927
0.50397396,0.50397396
0.4899406,0.4899406
0.5076354,0.5076354
0.51555985,0.51555985
0.39305332,0.39305332
0.42234263,0.42234263
0.5222061,0.5222061
0.5389754,0.5389754
0.5382661,0.5382661
0.4686176,0.4686176
0.49490368,0.49490368
0.4409865,0.4409865
0.5005676,0.5005676
0.49894834,0.49894834
0.51463056,0.51463056
0.5277831,0.5277831
0.5277831,0.5277831
0.5277831,0.5277831
0.5277831,0.5277831
0.5277831,0.5277831
0.5277831,0.5277831
0.5277831,0.5277831
0.5277831,0.5277831
0.5277831,0.5277831
0.5277831,0.5277831
0.5066747,0.5066747
0.48336658,0.48336658
0.5055032,0.5055032
0.42219123,0.42219123
0.44982865,0.44982865
0.5465657,0.5465657
0.52315634,0.52315634
0.4812037,0.4812037
0.5623099,0.5623099
0.47375867,0.47375867
0.3951676,0.3951676
0.39697698,0.39697698
0.40881008,0.40881008
0.40965304,0.40965304
0.43424827,0.43424827
0.48649687,0.48649687
0.45023388,0.45023388
0.46218145,0.46218145
0.37891492,0.37891492
0.355603,0.355603
0.38827848,0.38827848
0.3617217,0.3617217
0.50856125,0.50856125
0.49582028,0.49582028
0.42029446,0.42029446
0.39075187,0.39075187
0.39600527,0.39600527
0.4813876,0.4813876
0.41878566,0.41878566
0.54074854,0.54074854
0.50405943,0.50405943
0.47442198,0.47442198
0.5490939,0.5490939
0.44793788,0.44793788
0.4640695,0.4640695
0.47561067,0.47561067
0.48408931,0.48408931
0.354005,0.354005
0.5575067,0.5575067
0.5516404,0.5516404
0.50886095,0.50886095
0.511459,0.511459
0.5239123,0.5239123
0.5023772,0.5023772
0.51062226,0.51062226
0.4608915,0.4608915
0.4253689,0.4253689
0.44728953,0.44728953
0.5503662,0.5503662
0.49399891,0.49399891
0.45807108,0.45807108
0.41901547,0.41901547
0.43906936,0.43906936
0.43152413,0.43152413
0.37292194,0.37292194
0.42987636,0.42987636
0.45258772,0.45258772
0.5260332,0.5260332
0.49773866,0.49773866
0.4903294,0.4903294
0.4929418,0.4929418
0.5534623,0.5534623
0.46408728,0.46408728
0.46162137,0.46162137
0.45088103,0.45088103
0.4837322,0.4837322
0.48679385,0.48679385
0.501808,0.501808
0.5501711,0.5501711
0.5277831,0.5277831
0.5277831,0.5277831
0.5277831,0.5277831
0.5277831,0.5277831
0.5277831,0.5277831
0.5277831,0.5277831
0.5277831,0.5277831
0.5277831,0.5277831
0.5277831,0.5277831
0.5277831,0.5277831
0.5277831,0.5277831
0.5277831,0.5277831
0.5277831,0.5277831
0.5277831,0.5277831
0.5277831,0.5277831
0.5277831,0.5277831
0.5277831,0.5277831
0.5277831,0.5277831
0.5277831,0.5277831
0.5277831,0.5277831
0.5277831,0.5277831
0.5277831,0.5277831
0.5277831,0.5277831
0.5277831,0.5277831
0.5277831,0.5277831
0.5277831,0.5277831
0.5277831,0.5277831
0.5277831,0.5277831
0.5277831,0.5277831
0.5277831,0.5277831
0.5277831,0.5277831
0.5277831,0.5277831
0.5277831,0.5277831
0.5277831,0.5277831
0.5277831,0.5277831
0.5277831,0.5277831
0.5277831,0.5277831
0.5277831,0.5277831
0.5277831,0.5277831
0.5277831,0.5277831
0.5277831,0.5277831
0.5277831,0.5277831
0.5277831,0.5277831
0.5277831,0.5277831
0.5277831,0.5277831
0.5277831,0.5277831
0.5277831,0.5277831
0.5277831,0.5277831
0.5277831,0.5277831
0.5320001,0.5320001
0.4528043,0.4528043
0.40325394,0.40325394
0.38084713,0.38084713
0.37438977,0.37438977
0.3984818,0.3984818
0.4052012,0.4052012
0.60105026,0.60105026
0.55173886,0.55173886
0.38662782,0.38662782
0.5303573,0.5303573
0.44602525,0.44602525
0.40125376,0.40125376
0.42008474,0.42008474
0.589541,0.589541
0.40507725,0.40507725
0.5319579,0.5319579
0.38641816,0.38641816
0.3833861,0.3833861
0.5344956,0.5344956
0.53214455,0.53214455
0.5058101,0.5058101
0.38083732,0.38083732
0.3291202,0.3291202
0.3615323,0.3615323
0.39142838,0.39142838
0.39309716,0.39309716
0.39000434,0.39000434
0.5042881,0.5042881
0.45761967,0.45761967
0.32658303,0.32658303
0.36679494,0.36679494
0.44046184,0.44046184
0.5551168,0.5551168
0.5411383,0.5411383
0.5085854,0.5085854
0.46391228,0.46391228
0.47670746,0.47670746
0.55304104,0.55304104
0.5803041,0.5803041
0.5487171,0.5487171
0.42925578,0.42925578
0.5280428,0.5280428
0.51767397,0.51767397
0.54437506,0.54437506
0.5052792,0.5052792
0.5277831,0.5277831
0.5277831,0.5277831
0.5277831,0.5277831
0.5277831,0.5277831
0.5277831,0.5277831
0.5277831,0.5277831
0.5277831,0.5277831
0.5277831,0.5277831
0.5277831,0.5277831
0.5277831,0.5277831
0.5277831,0.5277831
0.5277831,0.5277831
0.5277831,0.5277831
0.5277831,0.5277831
0.5277831,0.5277831
0.5277831,0.5277831
0.5330151,0.5330151
0.4964205,0.4964205
0.5163934,0.5163934
0.4154919,0.4154919
0.5427339,0.5427339
0.5077908,0.5077908
0.5121559,0.5121559
0.49030554,0.49030554
0.49167714,0.49167714
0.43807223,0.43807223
0.455929,0.455929
0.5144703,0.5144703
0.53892714,0.53892714
0.3460278,0.3460278
0.39198756,0.39198756
0.46082556,0.46082556
0.61599946,0.61599946
0.4874525,0.4874525
0.61254966,0.61254966
0.55352545,0.55352545
0.49413505,0.49413505
0.53526366,0.53526366
0.50161844,0.50161844
0.5290154,0.5290154
0.5371612,0.5371612
0.5481308,0.5481308
0.5382356,0.5382356
0.521045,0.521045
0.49569827,0.49569827
0.47425842,0.47425842
0.49040446,0.49040446
0.4646007,0.4646007
0.44744608,0.44744608
0.5266181,0.5266181
0.5277831,0.5277831
0.5277831,0.5277831
0.5277831,0.5277831
0.5277831,0.5277831
0.5277831,0.5277831
0.5277831,0.5277831
0.5277831,0.5277831
0.5277831,0.5277831
0.5277831,0.5277831
0.5277831,0.5277831
0.5277831,0.5277831
0.5277831,0.5277831
0.5277831,0.5277831
0.5277831,0.5277831
0.5277831,0.5277831
0.5277831,0.5277831
0.5277831,0.5277831
0.5277831,0.5277831
0.5277831,0.5277831
0.5277831,0.5277831
0.5277831,0.5277831
0.5277831,0.5277831
0.5277831,0.5277831
0.5277831,0.5277831
0.5277831,0.5277831
0.5277831,0.5277831
0.5277831,0.5277831
0.5277831,0.5277831
0.5277831,0.5277831
0.5277831,0.5277831
0.5277831,0.5277831
0.5277831,0.5277831
0.5277831,0.5277831
0.5277831,0.5277831
0.5277831,0.5277831
0.5277831,0.5277831
0.5277831,0.5277831
0.5277831,0.5277831
0.5277831,0.5277831
0.5277831,0.5277831
0.5277831,0.5277831
0.5277831,0.5277831
0.5277831,0.5277831
0.5277831,0.5277831
0.5362586,0.5362586
0.45776474,0.45776474
0.40829268,0.40829268
0.48518163,0.48518163
0.52276,0.52276
0.561328,0.561328
0.65232956,0.65232956
0.5709583,0.5709583
0.5371668,0.5371668
0.3976268,0.3976268
0.437629,0.437629
0.4534732,0.4534732
0.43523556,0.43523556
0.45399445,0.45399445
0.46764103,0.46764103
0.6974724,0.6974724
0.5254091,0.5254091
0.60230196,0.60230196
0.65190977,0.65190977
0.45252925,0.45252925
0.52315736,0.52315736
0.6213084,0.6213084
0.56473583,0.56473583
0.58027333,0.58027333
0.46732607,0.46732607
0.45982176,0.45982176
0.5856402,0.5856402
0.6558154,0.6558154
0.48860952,0.48860952
0.45134214,0.45134214
0.48135307,0.48135307
0.46543485,0.46543485
0.5051037,0.5051037
0.5995169,0.5995169
0.56355745,0.56355745
0.59635156,0.59635156
0.57737374,0.57737374
0.7210428,0.7210428
0.58892936,0.58892936
0.48336583,0.48336583
0.5499216,0.5499216
0.47087246,0.47087246
0.5268169,0.5268169
0.61995214,0.61995214
0.6520953,0.6520953
0.42805064,0.42805064
0.39438927,0.39438927
0.3853153,0.3853153
0.4098421,0.4098421
0.39995438,0.39995438
0.4865775,0.4865775
0.46696565,0.46696565
0.46462125,0.46462125
0.4078621,0.4078621
0.3938733,0.3938733
0.4657506,0.4657506
0.5553471,0.5553471
0.44690165,0.44690165
0.50552666,0.50552666
0.35787523,0.35787523
0.53116673,0.53116673
0.41573364,0.41573364
0.47022602,0.47022602
0.5946258,0.5946258
0.5963012,0.5963012
0.55738235,0.55738235
0.46239814,0.46239814
0.48376742,0.48376742
0.44816953,0.44816953
0.53011006,0.53011006
0.5277831,0.5277831
0.5277831,0.5277831
0.5277831,0.5277831
0.5277831,0.5277831
0.5277831,0.5277831
0.5277831,0.5277831
0.51793003,0.51793003
0.34671822,0.34671822
0.3651369,0.3651369
0.38735986,0.38735986
0.48649424,0.48649424
0.50598717,0.50598717
0.43690026,0.43690026
0.45556423,0.45556423
0.39526644,0.39526644
0.49993426,0.49993426
0.5729003,0.5729003
0.5901271,0.5901271
0.619372,0.619372
0.55894077,0.55894077
0.6379335,0.6379335
0.66747606,0.66747606
0.62546706,0.62546706
0.50734556,0.50734556
0.53069746,0.53069746
0.5272871,0.5272871
0.5203165,0.5203165
0.4693555,0.4693555
0.5040419,0.5040419
0.5055736,0.5055736
0.50880754,0.50880754
0.47301188,0.47301188
0.47722915,0.47722915
0.5277831,0.5277831
0.5277831,0.5277831
0.5277831,0.5277831
0.5277831,0.5277831
0.5277831,0.5277831
0.5277831,0.5277831
0.5277831,0.5277831
0.5277831,0.5277831
0.5277831,0.5277831
0.5277831,0.5277831
0.5277831,0.5277831
0.5277831,0.5277831
0.5277831,0.5277831
0.5277831,0.5277831
0.5277831,0.5277831
0.5277831,0.5277831
0.5277831,0.5277831
0.5277831,0.5277831
0.5277831,0.5277831
0.5277831,0.5277831
0.5277831,0.5277831
0.5277831,0.5277831
0.5277831,0.5277831
0.5277831,0.5277831
0.5277831,0.5277831
0.5277831,0.5277831
0.5277831,0.5277831
0.5277831,0.5277831
0.5277831,0.5277831
0.5277831,0.5277831
0.5277831,0.5277831
0.5277831,0.5277831
0.5277831,0.5277831
0.5277831,0.5277831
0.5277831,0.5277831
0.5277831,0.5277831
0.5277831,0.5277831
0.5277831,0.5277831
0.5277831,0.5277831
0.4993103,0.4993103
0.46969008,0.46969008
0.4708574,0.4708574
0.48602095,0.48602095
0.4511835,0.4511835
0.4356352,0.4356352
0.4335738,0.4335738
0.58866537,0.58866537
0.5151187,0.5151187
0.6121716,0.6121716
0.6444047,0.6444047
0.646786,0.646786
0.6206791,0.6206791
0.663397,0.663397
0.5734634,0.5734634
0.37226588,0.37226588
0.3897879,0.3897879
0.40555927,0.40555927
0.45446244,0.45446244
0.48905313,0.48905313
0.40577886,0.40577886
0.59048545,0.59048545
0.55695486,0.55695486
0.45025346,0.45025346
0.42884248,0.42884248
0.44069535,0.44069535
0.45713976,0.45713976
0.46450454,0.46450454
0.43042436,0.43042436
0.47558334,0.47558334
0.61221635,0.61221635
0.6373504,0.6373504
0.5405439,0.5405439
0.5264043,0.5264043
0.5535227,0.5535227
0.5014013,0.5014013
0.51589704,0.51589704
0.65881217,0.65881217
0.5478081,0.5478081
0.38973126,0.38973126
0.47599792,0.47599792
0.5844554,0.5844554
0.7119496,0.7119496
0.42473614,0.42473614
0.43752354,0.43752354
0.421192,0.421192
0.44332844,0.44332844
0.5103318,0.5103318
0.441873,0.441873
0.45024166,0.45024166
0.5406687,0.5406687
0.4603945,0.4603945
0.5315664,0.5315664
0.5581312,0.5581312
0.43790615,0.43790615
0.4698344,0.4698344
0.4988303,0.4988303
0.5437878,0.5437878
0.44909796,0.44909796
0.5112411,0.5112411
0.45330054,0.45330054
0.5124867,0.5124867
0.6706558,0.6706558
0.5376374,0.5376374
0.46982393,0.46982393
0.42830563,0.42830563
0.4441107,0.4441107
0.5302223,0.5302223
0.4318718,0.4318718
0.48061585,0.48061585
0.462381,0.462381
0.38523796,0.38523796
0.43492147,0.43492147
0.5522773,0.5522773
0.6657227,0.6657227
0.46209362,0.46209362
0.46393278,0.46393278
0.47291955,0.47291955
0.49962294,0.49962294
0.5370233,0.5370233
0.3579756,0.3579756
0.42120644,0.42120644
0.5040174,0.5040174
0.42444077,0.42444077
0.3917182,0.3917182
0.49905497,0.49905497
0.4660382,0.4660382
0.5499062,0.5499062
0.5048577,0.5048577
0.32121417,0.32121417
0.43918207,0.43918207
0.5541176,0.5541176
0.43375006,0.43375006
0.48993456,0.48993456
0.4358699,0.4358699
0.46312526,0.46312526
0.4316759,0.4316759
0.4437129,0.4437129
0.5594008,0.5594008
0.63417876,0.63417876
0.4430604,0.4430604
0.47303253,0.47303253
0.47959885,0.47959885
0.48970756,0.48970756
0.5073519,0.5073519
0.43633163,0.43633163
0.5732559,0.5732559
0.49520588,0.49520588
0.603786,0.603786
0.4058152,0.4058152
0.41860017,0.41860017
0.5273947,0.5273947
0.4437301,0.4437301
0.30243623,0.30243623
0.43041077,0.43041077
0.5035419,0.5035419
0.47755742,0.47755742
0.39832485,0.39832485
0.6883327,0.6883327
0.62315494,0.62315494
0.42773852,0.42773852
0.52501744,0.52501744
0.49722576,0.49722576
0.39986295,0.39986295
0.4175849,0.4175849
0.43925515,0.43925515
0.40327296,0.40327296
0.67821175,0.67821175
0.53971547,0.53971547
0.41218713,0.41218713
0.43735412,0.43735412
0.6735839,0.6735839
0.41988957,0.41988957
0.5856053,0.5856053
0.6480612,0.6480612
0.6034288,0.6034288
0.41348103,0.41348103
0.4503452,0.4503452
0.43962845,0.43962845
0.43710044,0.43710044
0.4642607,0.4642607
0.40344223,0.40344223
0.35192662,0.35192662
0.47658187,0.47658187
0.4939637,0.4939637
0.48502117,0.48502117
0.5044512,0.5044512
0.40525216,0.40525216
0.49658284,0.49658284
0.4369202,0.4369202
0.4412979,0.4412979
0.5334039,0.5334039
0.44514433,0.44514433
0.4492189,0.4492189
0.32651597,0.32651597
0.32370156,0.32370156
0.50039786,0.50039786
0.5291593,0.5291593
0.46845797,0.46845797
0.46854433,0.46854433
0.462883,0.462883
0.40220898,0.40220898
0.4326528,0.4326528
0.46786797,0.46786797
0.466746,0.466746
0.5092429,0.5092429
0.5019399,0.5019399
0.44543573,0.44543573
0.5172856,0.5172856
0.49215657,0.49215657
0.5522342,0.5522342
0.48107332,0.48107332
0.47612497,0.47612497
0.38493565,0.38493565
0.55706775,0.55706775
0.58236045,0.58236045
0.50157285,0.50157285
0.5364326,0.5364326
0.5543199,0.5543199
0.49291295,0.49291295
0.40758952,0.40758952
0.47527885,0.47527885
0.47448274,0.47448274
0.399962,0.399962
0.5090931,0.5090931
0.400845,0.400845
0.3701211,0.3701211
0.41778693,0.41778693
0.46076778,0.46076778
0.48507166,0.48507166
0.5075241,0.5075241
0.44726288,0.44726288
0.4875525,0.4875525
0.51040334,0.51040334
0.4289501,0.4289501
0.5004539,0.5004539
0.44956243,0.44956243
0.42362657,0.42362657
0.5463196,0.5463196
0.525933,0.525933
0.535257,0.535257
0.37042403,0.37042403
0.5744598,0.5744598
0.65834856,0.65834856
0.39810494,0.39810494
0.6522947,0.6522947
0.4142763,0.4142763
0.38961267,0.38961267
0.5158774,0.5158774
0.5960337,0.5960337
0.5547191,0.5547191
0.5822939,0.5822939
0.45207906,0.45207906
0.5680338,0.5680338
0.5675884,0.5675884
0.54462445,0.54462445
0.44871023,0.44871023
0.4414772,0.4414772
0.48635522,0.48635522
0.40234303,0.40234303
0.6606882,0.6606882
0.5327952,0.5327952
0.67857075,0.67857075
0.47307304,0.47307304
0.5092091,0.5092091
0.58391327,0.58391327
0.6607647,0.6607647
0.60691774,0.60691774
0.6295227,0.6295227
0.5605946,0.5605946
0.6910621,0.6910621
0.46165067,0.46165067
0.46886143,0.46886143
0.50581825,0.50581825
0.52892506,0.52892506
0.40320835,0.40320835
0.4175818,0.4175818
0.50902855,0.50902855
0.44737986,0.44737986
0.507623,0.507623
0.3267161,0.3267161
0.45520625,0.45520625
0.5542449,0.5542449
0.5277831,0.5277831
0.5277831,0.5277831
0.5277831,0.5277831
0.53216887,0.53216887
0.5411237,0.5411237
0.456345,0.456345
0.42784533,0.42784533
0.4280748,0.4280748
0.46120697,0.46120697
0.47587982,0.47587982
0.5205028,0.5205028
0.45110303,0.45110303
0.4842568,0.4842568
0.45395043,0.45395043
0.43642387,0.43642387
0.44551975,0.44551975
0.43147138,0.43147138
0.42216823,0.42216823
0.41885006,0.41885006
0.4104751,0.4104751
0.44404218,0.44404218
0.5537057,0.5537057
0.5901236,0.5901236
0.5505706,0.5505706
0.5466197,0.5466197
0.5534777,0.5534777
0.58153087,0.58153087
0.36688736,0.36688736
0.5870737,0.5870737
0.48845205,0.48845205
0.55318713,0.55318713
0.5779992,0.5779992
0.53723073,0.53723073
0.48552284,0.48552284
0.4752748,0.4752748
0.4981552,0.4981552
0.38059694,0.38059694
0.44911858,0.44911858
0.51161444,0.51161444
0.48723713,0.48723713
0.5785121,0.5785121
0.5277831,0.5277831
0.5277831,0.5277831
0.5277831,0.5277831
0.5277831,0.5277831
0.5277831,0.5277831
0.5277831,0.5277831
0.5277831,0.5277831
0.5277831,0.5277831
0.5277831,0.5277831
0.5277831,0.5277831
0.5277831,0.5277831
0.5277831,0.5277831
0.5277831,0.5277831
0.5277831,0.5277831
0.5277831,0.5277831
0.5277831,0.5277831
0.5277831,0.5277831
0.5277831,0.5277831
0.5277831,0.5277831
0.5277831,0.5277831
0.45873168,0.45873168
0.3734159,0.3734159
0.5165667,0.5165667
0.4538683,0.4538683
0.4948593,0.4948593
0.49971575,0.49971575
0.47907057,0.47907057
0.5298926,0.5298926
0.5418099,0.5418099
0.42123592,0.42123592
0.43769243,0.43769243
0.3877865,0.3877865
0.41132137,0.41132137
0.3889885,0.3889885
0.37726587,0.37726587
0.36380547,0.36380547
0.43081254,0.43081254
0.3838105,0.3838105
0.38146794,0.38146794
0.31894502,0.31894502
0.56886196,0.56886196
0.6151453,0.6151453
0.5991359,0.5991359
0.5802239,0.5802239
0.44468096,0.44468096
0.4454155,0.4454155
0.5399153,0.5399153
0.45093185,0.45093185
0.48507974,0.48507974
0.42117155,0.42117155
0.5754465,0.5754465
0.6113028,0.6113028
0.5492384,0.5492384
0.5158675,0.5158675
0.482372,0.482372
0.5496158,0.5496158
0.55716664,0.55716664
0.52369267,0.52369267
0.5962927,0.5962927
0.5257938,0.5257938
0.43163326,0.43163326
0.4925388,0.4925388
0.5047398,0.5047398
0.5039612,0.5039612
0.5026131,0.5026131
0.502608,0.502608
0.4778608,0.4778608
0.42781952,0.42781952
0.48066685,0.48066685
0.5989804,0.5989804
0.6226402,0.6226402
0.50332963,0.50332963
0.49622774,0.49622774
0.5287024,0.5287024
0.47165382,0.47165382
0.5813421,0.5813421
0.6692425,0.6692425
0.5742727,0.5742727
0.55497086,0.55497086
0.54283786,0.54283786
0.5199218,0.5199218
0.41900235,0.41900235
0.47141513,0.47141513
0.38456094,0.38456094
0.46747693,0.46747693
0.47666067,0.47666067
0.48052198,0.48052198
0.53087616,0.53087616
0.6489775,0.6489775
0.5090191,0.5090191
0.5704551,0.5704551
0.52392954,0.52392954
0.43762317,0.43762317
0.43330225,0.43330225
0.44171798,0.44171798
0.64853513,0.64853513
0.6406313,0.6406313
0.55830324,0.55830324
0.52077025,0.52077025
0.45259953,0.45259953
0.55489916,0.55489916
0.4139436,0.4139436
0.36313698,0.36313698
0.41127834,0.41127834
0.6128127,0.6128127
0.63315123,0.63315123
0.58065444,0.58065444
0.6186918,0.6186918
0.67795914,0.67795914
0.56698483,0.56698483
0.5930552,0.5930552
0.59317476,0.59317476
0.59073734,0.59073734
0.5981983,0.5981983
0.6188075,0.6188075
0.562295,0.562295
0.57130927,0.57130927
0.6341534,0.6341534
0.5986338,0.5986338
0.46294546,0.46294546
0.64498246,0.64498246
0.47604972,0.47604972
0.4698035,0.4698035
0.41713658,0.41713658
0.4586569,0.4586569
0.39681792,0.39681792
0.398012,0.398012
0.4858041,0.4858041
0.41328913,0.41328913
0.42461467,0.42461467
0.45414573,0.45414573
0.4344814,0.4344814
0.4866523,0.4866523
0.480008,0.480008
0.48144192,0.48144192
0.51925415,0.51925415
0.45910206,0.45910206
0.50126797,0.50126797
0.44576517,0.44576517
0.42575026,0.42575026
0.48577756,0.48577756
0.5277831,0.5277831
0.5277831,0.5277831
0.5277831,0.5277831
0.5277831,0.5277831
0.5277831,0.5277831
0.5277831,0.5277831
0.5277831,0.5277831
0.5277831,0.5277831
0.5277831,0.5277831
0.5281392,0.5281392
0.5034752,0.5034752
0.4077952,0.4077952
0.42367402,0.42367402
0.49690038,0.49690038
0.5071902,0.5071902
0.47404447,0.47404447
0.4817037,0.4817037
0.5285549,0.5285549
0.62219626,0.62219626
0.65914935,0.65914935
0.552807,0.552807
0.5108609,0.5108609
0.6095383,0.6095383
0.45883286,0.45883286
0.5147884,0.5147884
0.5657294,0.5657294
0.53552,0.53552
0.540609,0.540609
0.42376858,0.42376858
0.5960869,0.5960869
0.52137476,0.52137476
0.5277831,0.5277831
0.5259232,0.5259232
0.48255125,0.48255125
0.46261808,0.46261808
0.4320842,0.4320842
0.4578211,0.4578211
0.38012275,0.38012275
0.45916516,0.45916516
0.4965455,0.4965455
0.4469132,0.4469132
0.48039663,0.48039663
0.5860279,0.5860279
0.5562447,0.5562447
0.39866284,0.39866284
0.46000272,0.46000272
0.48485127,0.48485127
0.43154934,0.43154934
0.45490342,0.45490342
0.3938379,0.3938379
0.46412325,0.46412325
0.6076711,0.6076711
0.6928258,0.6928258
0.62713724,0.62713724
0.5169421,0.5169421
0.435019,0.435019
0.49532035,0.49532035
0.4894397,0.4894397
0.47253016,0.47253016
0.5589227,0.5589227
0.5710115,0.5710115
0.5903213,0.5903213
0.6115337,0.6115337
0.6243499,0.6243499
0.56046206,0.56046206
0.54675555,0.54675555
0.38168105,0.38168105
0.37408036,0.37408036
0.33526704,0.33526704
0.6331866,0.6331866
0.5497944,0.5497944
0.47252816,0.47252816
0.3665945,0.3665945
0.38787583,0.38787583
0.5221371,0.5221371
0.60004205,0.60004205
0.5627209,0.5627209
0.5479489,0.5479489
0.367056,0.367056
0.44154546,0.44154546
0.42173868,0.42173868
0.59959257,0.59959257
0.5865751,0.5865751
0.6255972,0.6255972
0.4353394,0.4353394
0.42125463,0.42125463
0.47165138,0.47165138
0.4491196,0.4491196
0.44360924,0.44360924
0.494319,0.494319
0.39118582,0.39118582
0.46072677,0.46072677
0.5395508,0.5395508
0.4452516,0.4452516
0.52661866,0.52661866
0.47290114,0.47290114
0.5015118,0.5015118
0.50427866,0.50427866
0.48223314,0.48223314
0.4341778,0.4341778
0.60144997,0.60144997
0.43953043,0.43953043
0.39582616,0.39582616
0.3686861,0.3686861
0.41078013,0.41078013
0.38941026,0.38941026
0.43628547,0.43628547
0.4050952,0.4050952
0.54716873,0.54716873
0.4756528,0.4756528
0.315604,0.315604
0.355381,0.355381
0.44775304,0.44775304
0.4287022,0.4287022
0.46963748,0.46963748
0.49324554,0.49324554
0.4686761,0.4686761
0.46144128,0.46144128
0.47816223,0.47816223
0.46091285,0.46091285
0.4355046,0.4355046
0.4599212,0.4599212
0.44666198,0.44666198
0.5718708,0.5718708
0.52853066,0.52853066
0.5003204,0.5003204
0.5634808,0.5634808
0.45134878,0.45134878
0.43303293,0.43303293
0.5218008,0.5218008
0.55390525,0.55390525
0.4991083,0.4991083
0.43828616,0.43828616
0.41780272,0.41780272
0.43154058,0.43154058
0.4640653,0.4640653
0.40502724,0.40502724
0.43610102,0.43610102
0.39793706,0.39793706
0.4268622,0.4268622
0.41848975,0.41848975
0.4622518,0.4622518
0.45443207,0.45443207
0.38226768,0.38226768
0.3954952,0.3954952
0.49802378,0.49802378
0.51457816,0.51457816
0.53415716,0.53415716
0.5332191,0.5332191
0.49441376,0.49441376
0.5151969,0.5151969
0.5899397,0.5899397
0.6454708,0.6454708
0.63338363,0.63338363
0.5193284,0.5193284
0.53565556,0.53565556
0.45452046,0.45452046
0.4339249,0.4339249
0.4770063,0.4770063
0.5578131,0.5578131
0.45772135,0.45772135
0.4719286,0.4719286
0.50652814,0.50652814
0.4766237,0.4766237
0.48843625,0.48843625
0.47442037,0.47442037
0.40694618,0.40694618
0.40470254,0.40470254
0.4521417,0.4521417
0.43019614,0.43019614
0.45388478,0.45388478
0.4252507,0.4252507
0.35493797,0.35493797
0.39922038,0.39922038
0.59665155,0.59665155
0.38385153,0.38385153
0.49251816,0.49251816
0.5138413,0.5138413
0.49928802,0.49928802
0.4204281,0.4204281
0.5057432,0.5057432
0.4511569,0.4511569
0.50213194,0.50213194
0.6338114,0.6338114
0.5839164,0.5839164
0.70484865,0.70484865
0.439685,0.439685
0.43075317,0.43075317
0.37000272,0.37000272
0.46193716,0.46193716
0.47491303,0.47491303
0.4715256,0.4715256
0.5826594,0.5826594
0.41009375,0.41009375
0.58647746,0.58647746
0.54368305,0.54368305
0.40755758,0.40755758
0.44707194,0.44707194
0.48891297,0.48891297
0.4879707,0.4879707
0.43287173,0.43287173
0.44951937,0.44951937
0.48525885,0.48525885
0.5450232,0.5450232
0.5841853,0.5841853
0.5983981,0.5983981
0.5327507,0.5327507
0.42897275,0.42897275
0.41881236,0.41881236
0.4526367,0.4526367
0.46830642,0.46830642
0.4546775,0.4546775
0.4809163,0.4809163
0.38751066,0.38751066
0.39602554,0.39602554
0.39898655,0.39898655
0.3742704,0.3742704
0.6400792,0.6400792
0.5677144,0.5677144
0.4903023,0.4903023
0.3869654,0.3869654
0.46853468,0.46853468
0.47304484,0.47304484
0.45654473,0.45654473
0.5254618,0.5254618
0.460565,0.460565
0.46572602,0.46572602
0.4544263,0.4544263
0.43801397,0.43801397
0.42631876,0.42631876
0.4814067,0.4814067
0.6382473,0.6382473
0.6093529,0.6093529
0.39754394,0.39754394
0.5029756,0.5029756
0.487227,0.487227
0.49088815,0.49088815
0.6054828,0.6054828
0.48781046,0.48781046
0.5178647,0.5178647
0.40134302,0.40134302
0.45914108,0.45914108
0.6465906,0.6465906
0.6058054,0.6058054
0.44135186,0.44135186
0.48930344,0.48930344
0.39812723,0.39812723
0.41491023,0.41491023
0.4801879,0.4801879
0.39555562,0.39555562
0.62697625,0.62697625
0.6633829,0.6633829
0.5900923,0.5900923
0.41618386,0.41618386
0.525908,0.525908
0.5124625,0.5124625
0.49700266,0.49700266
0.50052184,0.50052184
0.502475,0.502475
0.49128848,0.49128848
0.5197543,0.5197543
0.5098164,0.5098164
0.53809166,0.53809166
0.49696556,0.49696556
0.5489324,0.5489324
0.44259825,0.44259825
0.5860808,0.5860808
0.60574436,0.60574436
0.5319414,0.5319414
0.54536873,0.54536873
0.5562905,0.5562905
0.5253424,0.5253424
0.5287815,0.5287815
0.5277963,0.5277963
0.6214946,0.6214946
0.5802736,0.5802736
0.58715,0.58715
0.5380689,0.5380689
0.53502923,0.53502923
0.5496814,0.5496814
0.47674695,0.47674695
0.5042068,0.5042068
0.45782807,0.45782807
0.45484683,0.45484683
0.538156,0.538156
0.5594635,0.5594635
0.6673839,0.6673839
0.4899052,0.4899052
0.4797329,0.4797329
0.40927082,0.40927082
0.41107365,0.41107365
0.4740039,0.4740039
0.59184194,0.59184194
0.48696566,0.48696566
0.44817075,0.44817075
0.4759102,0.4759102
0.5359741,0.5359741
0.5516497,0.5516497
0.472278,0.472278
0.50307614,0.50307614
0.50737804,0.50737804
0.41504166,0.41504166
0.4134113,0.4134113
0.49283805,0.49283805
0.48444778,0.48444778
0.52824396,0.52824396
0.5868293,0.5868293
0.40735462,0.40735462
0.38613257,0.38613257
0.39273447,0.39273447
0.6671047,0.6671047
0.60063195,0.60063195
0.4861133,0.4861133
0.51195455,0.51195455
0.43098712,0.43098712
0.53457326,0.53457326
0.61453885,0.61453885
0.5776621,0.5776621
0.6688221,0.6688221
0.4036851,0.4036851
0.4440233,0.4440233
0.5340364,0.5340364
0.53183496,0.53183496
0.63031006,0.63031006
0.55425173,0.55425173
0.42232922,0.42232922
0.4749499,0.4749499
0.49421316,0.49421316
0.56459254,0.56459254
0.4172441,0.4172441
0.49034727,0.49034727
0.5359258,0.5359258
0.43089485,0.43089485
0.51144826,0.51144826
0.3390154,0.3390154
0.45441145,0.45441145
0.35410494,0.35410494
0.50268966,0.50268966
0.5386623,0.5386623
0.45013675,0.45013675
0.5664784,0.5664784
0.5417041,0.5417041
0.49884203,0.49884203
0.47950524,0.47950524
0.48477533,0.48477533
0.4896032,0.4896032
0.5745812,0.5745812
0.631257,0.631257
0.5718589,0.5718589
0.621061,0.621061
0.5850346,0.5850346
0.6405699,0.6405699
0.5005298,0.5005298
0.41659006,0.41659006
0.47454515,0.47454515
0.33723125,0.33723125
0.44101465,0.44101465
0.47782254,0.47782254
0.40197966,0.40197966
0.42490917,0.42490917
0.39535087,0.39535087
0.5804598,0.5804598
0.51323783,0.51323783
0.566292,0.566292
0.6347661,0.6347661
0.50845736,0.50845736
0.5171366,0.5171366
0.5308698,0.5308698
0.5069303,0.5069303
0.5362684,0.5362684
0.5067905,0.5067905
0.5676553,0.5676553
0.51921976,0.51921976
0.5638225,0.5638225
0.5974888,0.5974888
0.52407074,0.52407074
0.58818275,0.58818275
0.5775831,0.5775831
0.5267787,0.5267787
0.5924548,0.5924548
0.59937495,0.59937495
0.5149488,0.5149488
0.54764163,0.54764163
0.5389875,0.5389875
0.4917368,0.4917368
0.4735841,0.4735841
0.49835518,0.49835518
0.49394706,0.49394706
0.5109624,0.5109624
0.5451467,0.5451467
0.5216098,0.5216098
0.5180946,0.5180946
0.48166853,0.48166853
0.4608361,0.4608361
0.47448018,0.47448018
0.50074804,0.50074804
0.4778738,0.4778738
0.4582693,0.4582693
0.44693595,0.44693595
0.4577293,0.4577293
0.45051214,0.45051214
0.44416648,0.44416648
0.454406,0.454406
0.43481988,0.43481988
0.5527857,0.5527857
0.5392681,0.5392681
0.6052916,0.6052916
0.51584667,0.51584667
0.6099383,0.6099383
0.41457206,0.41457206
0.49055156,0.49055156
0.49100846,0.49100846
0.47416157,0.47416157
0.5341096,0.5341096
0.5061985,0.5061985
0.52459705,0.52459705
0.49793497,0.49793497
0.55242306,0.55242306
0.5277831,0.5277831
0.5277831,0.5277831
0.5277831,0.5277831
0.5277831,0.5277831
0.5277831,0.5277831
0.5277831,0.5277831
0.5277831,0.5277831
0.5277831,0.5277831
0.5277831,0.5277831
0.5277831,0.5277831
0.5277831,0.5277831
0.5277831,0.5277831
0.5277831,0.5277831
0.5277831,0.5277831
0.5277831,0.5277831
0.5259226,0.5259226
0.56484133,0.56484133
0.38530827,0.38530827
0.44251266,0.44251266
0.4279274,0.4279274
0.4451389,0.4451389
0.43423924,0.43423924
0.3905431,0.3905431
0.40563262,0.40563262
0.37522918,0.37522918
0.37718683,0.37718683
0.3967627,0.3967627
0.36609784,0.36609784
0.41414303,0.41414303
0.38751897,0.38751897
0.49602696,0.49602696
0.39624068,0.39624068
0.46800402,0.46800402
0.44117916,0.44117916
0.47829133,0.47829133
0.54427505,0.54427505
0.5028792,0.5028792
0.5381457,0.5381457
0.51408315,0.51408315
0.52561784,0.52561784
0.47856674,0.47856674
0.5184611,0.5184611
0.45676443,0.45676443
0.5277831,0.5277831
0.5277831,0.5277831
0.5277831,0.5277831
0.5277831,0.5277831
0.5277831,0.5277831
0.5277831,0.5277831
0.5277831,0.5277831
0.5277831,0.5277831
0.561422,0.561422
0.5449816,0.5449816
0.5123333,0.5123333
0.48050433,0.48050433
0.49469393,0.49469393
0.5284188,0.5284188
0.52496,0.52496
0.48946846,0.48946846
0.4760225,0.4760225
0.5069624,0.5069624
0.4994136,0.4994136
0.53956044,0.53956044
0.5325301,0.5325301
0.5277831,0.5277831
0.5277831,0.5277831
0.5277831,0.5277831
0.5277831,0.5277831
0.5277831,0.5277831
0.5277831,0.5277831
0.5277831,0.5277831
0.5277831,0.5277831
0.5277831,0.5277831
0.5277831,0.5277831
0.5277831,0.5277831
0.5277831,0.5277831
0.5277831,0.5277831
0.5277831,0.5277831
0.5277831,0.5277831
0.5277831,0.5277831
0.5277831,0.5277831
0.5281392,0.5281392
0.5034324,0.5034324
0.49192968,0.49192968
0.5488398,0.5488398
0.52844316,0.52844316
0.44233692,0.44233692
0.55009353,0.55009353
0.54309446,0.54309446
0.45041656,0.45041656
0.47235152,0.47235152
0.58674824,0.58674824
0.5422618,0.5422618
0.46920413,0.46920413
0.49357206,0.49357206
0.5339081,0.5339081
0.53350383,0.53350383
0.4267384,0.4267384
0.3722767,0.3722767
0.53711605,0.53711605
0.66579914,0.66579914
0.43827966,0.43827966
0.47748792,0.47748792
0.49631956,0.49631956
0.52700347,0.52700347
0.50707257,0.50707257
0.5291006,0.5291006
0.49273133,0.49273133
0.50953215,0.50953215
0.46903953,0.46903953
0.5335797,0.5335797
0.54898345,0.54898345
0.413834,0.413834
0.48357296,0.48357296
0.53880125,0.53880125
0.44682574,0.44682574
0.45613766,0.45613766
0.5293305,0.5293305
0.48462832,0.48462832
0.5511146,0.5511146
0.49748775,0.49748775
0.53660357,0.53660357
0.53322977,0.53322977
0.4995994,0.4995994
0.49260587,0.49260587
0.48115635,0.48115635
0.45727152,0.45727152
0.4789697,0.4789697
0.4420354,0.4420354
0.4427481,0.4427481
0.5253245,0.5253245
0.49453688,0.49453688
0.47376642,0.47376642
0.477541,0.477541
0.47562593,0.47562593
0.43815246,0.43815246
0.42048392,0.42048392
0.45194012,0.45194012
0.3887835,0.3887835
0.46835214,0.46835214
0.416612,0.416612
0.47959372,0.47959372
0.49645564,0.49645564
0.51991594,0.51991594
0.5795461,0.5795461
0.45966834,0.45966834
0.50624603,0.50624603
0.5191489,0.5191489
0.51149654,0.51149654
0.45734254,0.45734254
0.47355375,0.47355375
0.51515144,0.51515144
0.419794,0.419794
0.468869,0.468869
0.50287783,0.50287783
0.6760546,0.6760546
0.5285781,0.5285781
0.43680662,0.43680662
0.53704727,0.53704727
0.46426025,0.46426025
0.4317193,0.4317193
0.41419107,0.41419107
0.5062155,0.5062155
0.5359976,0.5359976
0.6594508,0.6594508
0.5887666,0.5887666
0.63339317,0.63339317
0.3919244,0.3919244
0.5220844,0.5220844
0.42330483,0.42330483
0.4837779,0.4837779
0.60344213,0.60344213
0.6034668,0.6034668
0.52870876,0.52870876
0.41978604,0.41978604
0.32015574,0.32015574
0.4250986,0.4250986
0.48827827,0.48827827
0.5560914,0.5560914
0.612564,0.612564
0.5548412,0.5548412
0.49208158,0.49208158
0.45234704,0.45234704
0.4848368,0.4848368
0.47755796,0.47755796
0.57994473,0.57994473
0.64583814,0.64583814
0.67769873,0.67769873
0.63520527,0.63520527
0.45576727,0.45576727
0.5975044,0.5975044
0.53295213,0.53295213
0.6590015,0.6590015
0.5836831,0.5836831
0.56109947,0.56109947
0.47202033,0.47202033
0.5117548,0.5117548
0.5026114,0.5026114
0.51195496,0.51195496
0.42143187,0.42143187
0.45624346,0.45624346
0.44139358,0.44139358
0.48964936,0.48964936
0.44745255,0.44745255
0.49050856,0.49050856
0.5993362,0.5993362
0.45208168,0.45208168
0.50855714,0.50855714
0.54811597,0.54811597
0.59065175,0.59065175
0.3704374,0.3704374
0.4508859,0.4508859
0.6115975,0.6115975
0.45697162,0.45697162
0.46222967,0.46222967
0.4675278,0.4675278
0.433101,0.433101
0.42188305,0.42188305
0.41542923,0.41542923
0.39250502,0.39250502
0.3419101,0.3419101
0.36361077,0.36361077
0.34343314,0.34343314
0.34912688,0.34912688
0.33956045,0.33956045
0.33959216,0.33959216
0.31925115,0.31925115
0.30828187,0.30828187
0.3233285,0.3233285
0.48779827,0.48779827
0.6069823,0.6069823
0.4244539,0.4244539
0.3775358,0.3775358
0.51044965,0.51044965
0.49950117,0.49950117
0.4643443,0.4643443
0.5090351,0.5090351
0.5282454,0.5282454
0.42808288,0.42808288
0.5339659,0.5339659
0.46742034,0.46742034
0.5288156,0.5288156
0.5181713,0.5181713
0.5277831,0.5277831
0.5277831,0.5277831
0.53589916,0.53589916
0.5764241,0.5764241
0.5231761,0.5231761
0.46598655,0.46598655
0.5370435,0.5370435
0.49939314,0.49939314
0.31276187,0.31276187
0.3243287,0.3243287
0.323568,0.323568
0.5322895,0.5322895
0.5006145,0.5006145
0.56600386,0.56600386
0.67815566,0.67815566
0.58609223,0.58609223
0.5330654,0.5330654
0.4342897,0.4342897
0.4853521,0.4853521
0.46842977,0.46842977
0.39234194,0.39234194
0.45878392,0.45878392
0.45568767,0.45568767
0.51959944,0.51959944
0.55698425,0.55698425
0.47504592,0.47504592
0.44542018,0.44542018
0.44606486,0.44606486
0.60078543,0.60078543
0.53294855,0.53294855
0.5680712,0.5680712
0.6372498,0.6372498
0.5298384,0.5298384
0.50317144,0.50317144
0.48701686,0.48701686
0.47658142,0.47658142
0.5612447,0.5612447
0.51090443,0.51090443
0.5374462,0.5374462
0.483932,0.483932
0.5145492,0.5145492
0.48964354,0.48964354
0.5480957,0.5480957
0.46638945,0.46638945
0.55673623,0.55673623
0.5234023,0.5234023
0.48229983,0.48229983
0.47602046,0.47602046
0.531566,0.531566
0.5176935,0.5176935
0.500146,0.500146
0.50933254,0.50933254
0.49451864,0.49451864
0.4816332,0.4816332
0.47537345,0.47537345
0.48678476,0.48678476
0.49864975,0.49864975
0.5321513,0.5321513
0.45112166,0.45112166
0.4277374,0.4277374
0.44948784,0.44948784
0.42709777,0.42709777
0.41303912,0.41303912
0.48388284,0.48388284
0.48497835,0.48497835
0.43012235,0.43012235
0.4488877,0.4488877
0.49601826,0.49601826
0.46370527,0.46370527
0.4818869,0.4818869
0.506902,0.506902
0.54881734,0.54881734
0.47435638,0.47435638
0.5051049,0.5051049
0.49601805,0.49601805
0.5599691,0.5599691
0.5277831,0.5277831
0.5277831,0.5277831
0.5277831,0.5277831
0.5277831,0.5277831
0.5277831,0.5277831
0.5277831,0.5277831
0.5277831,0.5277831
0.5277831,0.5277831
0.5277831,0.5277831
0.5277831,0.5277831
0.5277831,0.5277831
0.5277831,0.5277831
0.5277831,0.5277831
0.5277831,0.5277831
0.5277831,0.5277831
0.5277831,0.5277831
0.5277831,0.5277831
0.5277831,0.5277831
0.5277831,0.5277831
0.5277831,0.5277831
0.5277831,0.5277831
0.5335202,0.5335202
0.42257056,0.42257056
0.41536376,0.41536376
0.4871442,0.4871442
0.41972917,0.41972917
0.5510701,0.5510701
0.47517923,0.47517923
0.39786208,0.39786208
0.44418392,0.44418392
0.58146477,0.58146477
0.61315525,0.61315525
0.5435338,0.5435338
0.46352986,0.46352986
0.50975335,0.50975335
0.5801915,0.5801915
0.47412398,0.47412398
0.52664,0.52664
0.39399603,0.39399603
0.4314477,0.4314477
0.3880232,0.3880232
0.36834598,0.36834598
0.37266037,0.37266037
0.42920926,0.42920926
0.45352498,0.45352498
0.45605734,0.45605734
0.36670682,0.36670682
0.39961493,0.39961493
0.40883243,0.40883243
0.42420286,0.42420286
0.48337516,0.48337516
0.4427405,0.4427405
0.49994916,0.49994916
0.48990187,0.48990187
0.42146173,0.42146173
0.385176,0.385176
0.3657412,0.3657412
0.30069292,0.30069292
0.4116676,0.4116676
0.31600127,0.31600127
0.45260194,0.45260194
0.32253104,0.32253104
0.36422554,0.36422554
0.5143595,0.5143595
0.40778792,0.40778792
0.38175812,0.38175812
0.421295,0.421295
0.48638654,0.48638654
0.35989952,0.35989952
0.4046351,0.4046351
0.4802339,0.4802339
0.46221974,0.46221974
0.44272804,0.44272804
0.4251387,0.4251387
0.57170725,0.57170725
0.48464444,0.48464444
0.49032643,0.49032643
0.53071123,0.53071123
0.5966381,0.5966381
0.52692664,0.52692664
0.510504,0.510504
0.49480247,0.49480247
0.45937514,0.45937514
0.640571,0.640571
0.5206766,0.5206766
0.6135046,0.6135046
0.49363434,0.49363434
0.5173828,0.5173828
0.46778038,0.46778038
0.46723092,0.46723092
0.5302293,0.5302293
0.52981645,0.52981645
0.50393426,0.50393426
0.46282408,0.46282408
0.49690884,0.49690884
0.516679,0.516679
0.39713076,0.39713076
0.5656727,0.5656727
0.56623864,0.56623864
0.35422724,0.35422724
0.42122713,0.42122713
0.44566044,0.44566044
0.3677892,0.3677892
0.41569817,0.41569817
0.6043156,0.6043156
0.58870023,0.58870023
0.66039246,0.66039246
0.5501427,0.5501427
0.58040714,0.58040714
0.3303855,0.3303855
0.62046427,0.62046427
0.51111984,0.51111984
0.4101715,0.4101715
0.39413983,0.39413983
0.40718138,0.40718138
0.39187926,0.39187926
0.34889537,0.34889537
0.4306342,0.4306342
0.45230868,0.45230868
0.39184925,0.39184925
0.47012138,0.47012138
0.43055984,0.43055984
0.38675532,0.38675532
0.47923043,0.47923043
0.50794196,0.50794196
0.56765556,0.56765556
0.5915068,0.5915068
0.52385783,0.52385783
0.37266234,0.37266234
0.42552242,0.42552242
0.4706545,0.4706545
0.53442794,0.53442794
0.46494752,0.46494752
0.44205943,0.44205943
0.55991745,0.55991745
0.5103939,0.5103939
0.4729017,0.4729017
0.4387206,0.4387206
0.42825347,0.42825347
0.4269126,0.4269126
0.46861133,0.46861133
0.42552608,0.42552608
0.39431766,0.39431766
0.41872436,0.41872436
0.5316688,0.5316688
0.52848107,0.52848107
0.36421835,0.36421835
0.3659638,0.3659638
0.6050861,0.6050861
0.33639663,0.33639663
0.2997131,0.2997131
0.34936497,0.34936497
0.44609228,0.44609228
0.38487643,0.38487643
0.35791373,0.35791373
0.34444535,0.34444535
0.40208718,0.40208718
0.39331242,0.39331242
0.6556207,0.6556207
0.6218175,0.6218175
0.4247043,0.4247043
0.4590136,0.4590136
0.45474386,0.45474386
0.5459145,0.5459145
0.6406038,0.6406038
0.4384551,0.4384551
0.37850624,0.37850624
0.33782676,0.33782676
0.33580774,0.33580774
0.5510542,0.5510542
0.52720296,0.52720296
0.37017655,0.37017655
0.5074666,0.5074666
0.4387217,0.4387217
0.43927962,0.43927962
0.5022652,0.5022652
0.43405738,0.43405738
0.4484947,0.4484947
0.44541642,0.44541642
0.3545687,0.3545687
0.37085578,0.37085578
0.34033862,0.34033862
0.4190685,0.4190685
0.47599217,0.47599217
0.3301035,0.3301035
0.5442543,0.5442543
0.50773406,0.50773406
0.45744944,0.45744944
0.48092437,0.48092437
0.3985139,0.3985139
0.4617258,0.4617258
0.47321588,0.47321588
0.4601693,0.4601693
0.37837964,0.37837964
0.4714274,0.4714274
0.4430305,0.4430305
0.4663359,0.4663359
0.44221598,0.44221598
0.47271928,0.47271928
0.59091854,0.59091854
0.49275085,0.49275085
0.44136512,0.44136512
0.39892912,0.39892912
0.3756926,0.3756926
0.41432315,0.41432315
0.33171156,0.33171156
0.37558305,0.37558305
0.3682629,0.3682629
0.3429958,0.3429958
0.3639764,0.3639764
0.3864405,0.3864405
0.42485976,0.42485976
0.42593837,0.42593837
0.35029435,0.35029435
0.47120613,0.47120613
0.6369888,0.6369888
0.5941424,0.5941424
0.30727518,0.30727518
0.39861855,0.39861855
0.3575512,0.3575512
0.39325172,0.39325172
0.5358084,0.5358084
0.609084,0.609084
0.4026413,0.4026413
0.42274517,0.42274517
0.4339562,0.4339562
0.36238205,0.36238205
0.42151207,0.42151207
0.4106925,0.4106925
0.5599056,0.5599056
0.48964885,0.48964885
0.49175823,0.49175823
0.5155717,0.5155717
0.56938106,0.56938106
0.5849543,0.5849543
0.5140265,0.5140265
0.50544834,0.50544834
0.5263187,0.5263187
0.50091225,0.50091225
0.50688213,0.50688213
0.47941232,0.47941232
0.49479976,0.49479976
0.53283113,0.53283113
0.47306868,0.47306868
0.4753976,0.4753976
0.5964193,0.5964193
0.54155594,0.54155594
0.47691017,0.47691017
0.37812033,0.37812033
0.36548737,0.36548737
0.3712515,0.3712515
0.36239395,0.36239395
0.38847262,0.38847262
0.47667277,0.47667277
0.49517432,0.49517432
0.48794135,0.48794135
0.6390916,0.6390916
0.5410447,0.5410447
0.52043736,0.52043736
0.5226671,0.5226671
0.5723602,0.5723602
0.3041421,0.3041421
0.3652861,0.3652861
0.41340682,0.41340682
0.42543155,0.42543155
0.41361758,0.41361758
0.3906054,0.3906054
0.48502412,0.48502412
0.48563436,0.48563436
0.4887665,0.4887665
0.4320066,0.4320066
0.6018865,0.6018865
0.5630657,0.5630657
0.58682966,0.58682966
0.4977639,0.4977639
0.45544088,0.45544088
0.3736606,0.3736606
0.39108902,0.39108902
0.37533835,0.37533835
0.39417285,0.39417285
0.45513996,0.45513996
0.5588912,0.5588912
0.49035215,0.49035215
0.5021235,0.5021235
0.59791523,0.59791523
0.3201399,0.3201399
0.5604053,0.5604053
0.47084787,0.47084787
0.528913,0.528913
0.69900036,0.69900036
0.5395194,0.5395194
0.56587654,0.56587654
0.44274577,0.44274577
0.32765895,0.32765895
0.3561068,0.3561068
0.48713207,0.48713207
0.5092949,0.5092949
0.4348734,0.4348734
0.47923848,0.47923848
0.40075248,0.40075248
0.518756,0.518756
0.5511226,0.5511226
0.5315335,0.5315335
0.55043983,0.55043983
0.43535113,0.43535113
0.4067987,0.4067987
0.51923674,0.51923674
0.36383182,0.36383182
0.37477496,0.37477496
0.42475793,0.42475793
0.3963228,0.3963228
0.43247482,0.43247482
0.4823993,0.4823993
0.44620198,0.44620198
0.393711,0.393711
0.38695905,0.38695905
0.41333127,0.41333127
0.5513783,0.5513783
0.47062016,0.47062016
0.5604184,0.5604184
0.51196855,0.51196855
0.51126033,0.51126033
0.5162899,0.5162899
0.50723904,0.50723904
0.49982297,0.49982297
0.4903134,0.4903134
0.546828,0.546828
0.52917945,0.52917945
0.48477346,0.48477346
0.53767115,0.53767115
0.5277831,0.5277831
0.5277831,0.5277831
0.5277831,0.5277831
0.5277831,0.5277831
0.5176318,0.5176318
0.3872707,0.3872707
0.46269417,0.46269417
0.45165583,0.45165583
0.43032682,0.43032682
0.43422297,0.43422297
0.38671175,0.38671175
0.37995997,0.37995997
0.42434442,0.42434442
0.38351488,0.38351488
0.39050332,0.39050332
0.6135305,0.6135305
0.4803428,0.4803428
0.49625483,0.49625483
0.6241315,0.6241315
0.51956236,0.51956236
0.47637185,0.47637185
0.5378025,0.5378025
0.47660238,0.47660238
0.4956898,0.4956898
0.5211555,0.5211555
0.53306586,0.53306586
0.42522976,0.42522976
0.45142007,0.45142007
0.47461495,0.47461495
0.47728413,0.47728413
0.4854392,0.4854392
0.47280464,0.47280464
0.4761321,0.4761321
0.48839054,0.48839054
0.46520218,0.46520218
0.43330467,0.43330467
0.41403505,0.41403505
0.42401868,0.42401868
0.4373853,0.4373853
0.39882693,0.39882693
0.36238068,0.36238068
0.50508875,0.50508875
0.49841025,0.49841025
0.5569146,0.5569146
0.4920042,0.4920042
0.503807,0.503807
0.5055272,0.5055272
0.46386102,0.46386102
0.47550395,0.47550395
0.61375076,0.61375076
0.54293144,0.54293144
0.49770027,0.49770027
0.5957175,0.5957175
0.5569239,0.5569239
0.42407683,0.42407683
0.52909774,0.52909774
0.4593715,0.4593715
0.37012583,0.37012583
0.33370808,0.33370808
0.47090885,0.47090885
0.50211465,0.50211465
0.55210567,0.55210567
0.4589252,0.4589252
0.5013606,0.5013606
0.49616376,0.49616376
0.47348958,0.47348958
0.5038401,0.5038401
0.4922284,0.4922284
0.51678145,0.51678145
0.4982253,0.4982253
0.44992667,0.44992667
0.52864623,0.52864623
0.5212124,0.5212124
0.5277831,0.5277831
0.5277831,0.5277831
0.5277831,0.5277831
0.5277831,0.5277831
0.5277831,0.5277831
0.5277831,0.5277831
0.5277831,0.5277831
0.5277831,0.5277831
0.5277831,0.5277831
0.5277831,0.5277831
0.5277831,0.5277831
0.5277831,0.5277831
0.5277831,0.5277831
0.5277831,0.5277831
0.5277831,0.5277831
0.5277831,0.5277831
0.5277831,0.5277831
0.5277831,0.5277831
0.5277831,0.5277831
0.5277831,0.5277831
0.5277831,0.5277831
0.5277831,0.5277831
0.5277831,0.5277831
0.5277831,0.5277831
0.5277831,0.5277831
0.5277831,0.5277831
0.5277831,0.5277831
0.5473586,0.5473586
0.39159706,0.39159706
0.4930854,0.4930854
0.35981962,0.35981962
0.35134822,0.35134822
0.58769983,0.58769983
0.5244025,0.5244025
0.3568191,0.3568191
0.38720828,0.38720828
0.35683993,0.35683993
0.5710113,0.5710113
0.5582442,0.5582442
0.51405543,0.51405543
0.2989882,0.2989882
0.35727608,0.35727608
0.5122094,0.5122094
0.3525906,0.3525906
0.44375342,0.44375342
0.44606322,0.44606322
0.4514899,0.4514899
0.51595485,0.51595485
0.5260307,0.5260307
0.52166,0.52166
0.4674479,0.4674479
0.41430622,0.41430622
0.33613902,0.33613902
0.43387797,0.43387797
0.43478572,0.43478572
0.43904042,0.43904042
0.40638003,0.40638003
0.42109522,0.42109522
0.3749437,0.3749437
0.36150172,0.36150172
0.40169907,0.40169907
0.42138964,0.42138964
0.4195208,0.4195208
0.5605808,0.5605808
0.54474515,0.54474515
0.48923823,0.48923823
0.41893938,0.41893938
0.43023238,0.43023238
0.53221977,0.53221977
0.56785744,0.56785744
0.38532913,0.38532913
0.40179196,0.40179196
0.33498752,0.33498752
0.2954669,0.2954669
0.46549937,0.46549937
0.46611366,0.46611366
0.39026663,0.39026663
0.35369855,0.35369855
0.38513216,0.38513216
0.56483316,0.56483316
0.56547314,0.56547314
0.6400328,0.6400328
0.5761728,0.5761728
0.49309316,0.49309316
0.4756863,0.4756863
0.5177531,0.5177531
0.5566726,0.5566726
0.5807731,0.5807731
0.5248901,0.5248901
0.555265,0.555265
0.52939075,0.52939075
0.5317188,0.5317188
0.415694,0.415694
0.3678691,0.3678691
0.4249091,0.4249091
0.4478408,0.4478408
0.39310494,0.39310494
0.30209106,0.30209106
0.38177538,0.38177538
0.5762783,0.5762783
0.57851154,0.57851154
0.40036985,0.40036985
0.5882553,0.5882553
0.5328817,0.5328817
0.5757041,0.5757041
0.34283313,0.34283313
0.34140483,0.34140483
0.39954168,0.39954168
0.5878892,0.5878892
0.3425461,0.3425461
0.51824075,0.51824075
0.35357344,0.35357344
0.3854587,0.3854587
0.40330574,0.40330574
0.32683423,0.32683423
0.33563358,0.33563358
0.36492857,0.36492857
0.32936668,0.32936668
0.41601762,0.41601762
0.35584146,0.35584146
0.4260493,0.4260493
0.5427309,0.5427309
0.5938779,0.5938779
0.4964895,0.4964895
0.5185726,0.5185726
0.4298126,0.4298126
0.4036134,0.4036134
0.37290296,0.37290296
0.44165298,0.44165298
0.47926807,0.47926807
0.38463736,0.38463736
0.4275704,0.4275704
0.55626756,0.55626756
0.5283055,0.5283055
0.39049616,0.39049616
0.43485942,0.43485942
0.523044,0.523044
0.5214055,0.5214055
0.62069464,0.62069464
0.45037803,0.45037803
0.46965137,0.46965137
0.48528555,0.48528555
0.46003222,0.46003222
0.41893032,0.41893032
0.49660957,0.49660957
0.42840204,0.42840204
0.4775496,0.4775496
0.38414505,0.38414505
0.4275633,0.4275633
0.4716022,0.4716022
0.51990813,0.51990813
0.5277831,0.5277831
0.5277831,0.5277831
0.5277831,0.5277831
0.5277831,0.5277831
0.53146666,0.53146666
0.4501832,0.4501832
0.43442726,0.43442726
0.43687737,0.43687737
0.36339676,0.36339676
0.35070568,0.35070568
0.48834664,0.48834664
0.39757746,0.39757746
0.42813328,0.42813328
0.47812116,0.47812116
0.3852207,0.3852207
0.4055307,0.4055307
0.40170226,0.40170226
0.43844023,0.43844023
0.4140997,0.4140997
0.42786822,0.42786822
0.37769356,0.37769356
0.3182866,0.3182866
0.3825388,0.3825388
0.3647009,0.3647009
0.51253283,0.51253283
0.3543379,0.3543379
0.35708392,0.35708392
0.5017258,0.5017258
0.41738194,0.41738194
0.4895203,0.4895203
0.51015747,0.51015747
0.4791912,0.4791912
0.45519227,0.45519227
0.426556,0.426556
0.46124277,0.46124277
0.51725066,0.51725066
0.56086737,0.56086737
0.5277831,0.5277831
0.53243715,0.53243715
0.5611819,0.5611819
0.4972827,0.4972827
0.3910735,0.3910735
0.3490102,0.3490102
0.43107808,0.43107808
0.39069518,0.39069518
0.46873257,0.46873257
0.4323329,0.4323329
0.339729,0.339729
0.47124556,0.47124556
0.40019464,0.40019464
0.38822216,0.38822216
0.367534,0.367534
0.39405963,0.39405963
0.58377945,0.58377945
0.5543299,0.5543299
0.39967403,0.39967403
0.33290324,0.33290324
0.3929623,0.3929623
0.4507356,0.4507356
0.38806316,0.38806316
0.44531497,0.44531497
0.5252141,0.5252141
0.54228234,0.54228234
0.4352856,0.4352856
0.41568732,0.41568732
0.388089,0.388089
0.55216193,0.55216193
0.53984517,0.53984517
0.35660267,0.35660267
0.38409895,0.38409895
0.34527326,0.34527326
0.42178962,0.42178962
0.37502038,0.37502038
0.51958185,0.51958185
0.3460444,0.3460444
0.35467404,0.35467404
0.32496694,0.32496694
0.3138498,0.3138498
0.37145656,0.37145656
0.5445521,0.5445521
0.3805903,0.3805903
0.40969348,0.40969348
0.41394728,0.41394728
0.38540998,0.38540998
0.37669536,0.37669536
0.3247066,0.3247066
0.4319155,0.4319155
0.46510917,0.46510917
0.40353343,0.40353343
0.33119136,0.33119136
0.37949967,0.37949967
0.386948,0.386948
0.36326984,0.36326984
0.25718063,0.25718063
0.42521712,0.42521712
0.3534045,0.3534045
0.332764,0.332764
0.50512594,0.50512594
0.41558135,0.41558135
0.29967675,0.29967675
0.63244605,0.63244605
0.43369934,0.43369934
0.49781704,0.49781704
0.58012885,0.58012885
0.51884115,0.51884115
0.48390442,0.48390442
0.5121314,0.5121314
0.5064093,0.5064093
0.5615251,0.5615251
0.48781675,0.48781675
0.48013386,0.48013386
0.5551868,0.5551868
0.5277831,0.5277831
0.5277831,0.5277831
0.5277831,0.5277831
0.5277831,0.5277831
0.5336805,0.5336805
0.69496036,0.69496036
0.58677757,0.58677757
0.41194615,0.41194615
0.37859008,0.37859008
0.40645367,0.40645367
0.4489379,0.4489379
0.39356083,0.39356083
0.42010647,0.42010647
0.43937176,0.43937176
0.53253,0.53253
0.33276364,0.33276364
0.36385742,0.36385742
0.56656337,0.56656337
0.59000725,0.59000725
0.3870016,0.3870016
0.46059036,0.46059036
0.5159011,0.5159011
0.4602052,0.4602052
0.3829968,0.3829968
0.39880627,0.39880627
0.5323188,0.5323188
0.50705,0.50705
0.37582415,0.37582415
0.41545382,0.41545382
0.38303965,0.38303965
0.53009176,0.53009176
0.3983391,0.3983391
0.36580998,0.36580998
0.35331723,0.35331723
0.41261548,0.41261548
0.43953574,0.43953574
0.38158748,0.38158748
0.55816966,0.55816966
0.35971084,0.35971084
0.3752337,0.3752337
0.57331836,0.57331836
0.5249515,0.5249515
0.4468649,0.4468649
0.5738297,0.5738297
0.61615306,0.61615306
0.5185202,0.5185202
0.5090228,0.5090228
0.52514094,0.52514094
0.53159446,0.53159446
0.49578145,0.49578145
0.5775039,0.5775039
0.5277831,0.5277831
0.5277831,0.5277831
0.5277831,0.5277831
0.5277831,0.5277831
0.5277831,0.5277831
0.5277831,0.5277831
0.5277831,0.5277831
0.5277831,0.5277831
0.5277831,0.5277831
0.5277831,0.5277831
0.5277831,0.5277831
0.5277831,0.5277831
0.5277831,0.5277831
0.5277831,0.5277831
0.5277831,0.5277831
0.5277831,0.5277831
0.5277831,0.5277831
0.5277831,0.5277831
0.5405046,0.5405046
0.5084971,0.5084971
0.4117223,0.4117223
0.53155595,0.53155595
0.47391334,0.47391334
0.40125924,0.40125924
0.32573178,0.32573178
0.3636137,0.3636137
0.37816364,0.37816364
0.3815377,0.3815377
0.43808752,0.43808752
0.5239594,0.5239594
0.3895065,0.3895065
0.38740817,0.38740817
0.3540924,0.3540924
0.41038513,0.41038513
0.47263974,0.47263974
0.44086018,0.44086018
0.4250379,0.4250379
0.42868087,0.42868087
0.69650745,0.69650745
0.41541064,0.41541064
0.44007164,0.44007164
0.40518767,0.40518767
0.43350282,0.43350282
0.5575779,0.5575779
0.48613846,0.48613846
0.6840756,0.6840756
0.5084912,0.5084912
0.5586921,0.5586921
0.61395526,0.61395526
0.5389687,0.5389687
0.4022175,0.4022175
0.5015156,0.5015156
0.5100194,0.5100194
0.3929746,0.3929746
0.47450352,0.47450352
0.5061255,0.5061255
0.41766074,0.41766074
0.44305196,0.44305196
0.61837965,0.61837965
0.55677336,0.55677336
0.36099517,0.36099517
0.5369639,0.5369639
0.54654044,0.54654044
0.3868069,0.3868069
0.56451386,0.56451386
0.5877483,0.5877483
0.35327035,0.35327035
0.5954289,0.5954289
0.47211105,0.47211105
0.43971494,0.43971494
0.37732083,0.37732083
0.3890557,0.3890557
0.56233215,0.56233215
0.52898014,0.52898014
0.48063058,0.48063058
0.46875247,0.46875247
0.49340695,0.49340695
0.4573307,0.4573307
0.44832313,0.44832313
0.4785579,0.4785579
0.5595448,0.5595448
0.50582856,0.50582856
0.5430373,0.5430373
0.5259213,0.5259213
0.51249087,0.51249087
0.5277831,0.5277831
0.5277831,0.5277831
0.5277831,0.5277831
0.5277831,0.5277831
0.5277831,0.5277831
0.5277831,0.5277831
0.5277831,0.5277831
0.5277831,0.5277831
0.5277831,0.5277831
0.5277831,0.5277831
0.5277831,0.5277831
0.53459835,0.53459835
0.41880235,0.41880235
0.4070386,0.4070386
0.34890252,0.34890252
0.41945478,0.41945478
0.38091832,0.38091832
0.36354595,0.36354595
0.4703699,0.4703699
0.50148004,0.50148004
0.5955417,0.5955417
0.40146947,0.40146947
0.35339436,0.35339436
0.50746495,0.50746495
0.49747282,0.49747282
0.55705285,0.55705285
0.46806505,0.46806505
0.38977048,0.38977048
0.33468792,0.33468792
0.3713754,0.3713754
0.56085336,0.56085336
0.5004342,0.5004342
0.33149815,0.33149815
0.3179106,0.3179106
0.46030694,0.46030694
0.5598054,0.5598054
0.5098978,0.5098978
0.40669313,0.40669313
0.41827145,0.41827145
0.4157624,0.4157624
0.4140928,0.4140928
0.40544638,0.40544638
0.40927383,0.40927383
0.39588556,0.39588556
0.5301912,0.5301912
0.54330164,0.54330164
0.46999055,0.46999055
0.49361932,0.49361932
0.52420646,0.52420646
0.4386598,0.4386598
0.46646032,0.46646032
0.53553486,0.53553486
0.50799066,0.50799066
0.46737954,0.46737954
0.43695945,0.43695945
0.52162814,0.52162814
0.5308415,0.5308415
0.5277831,0.5277831
0.5277831,0.5277831
0.5277831,0.5277831
0.5277831,0.5277831
0.5277831,0.5277831
0.5277831,0.5277831
0.5277831,0.5277831
0.5277831,0.5277831
0.5277831,0.5277831
0.5277831,0.5277831
0.5277831,0.5277831
0.5277831,0.5277831
0.5277831,0.5277831
0.5277831,0.5277831
0.5277831,0.5277831
0.5277831,0.5277831
0.5277831,0.5277831
0.5277831,0.5277831
0.5277831,0.5277831
0.5277831,0.5277831
0.5277831,0.5277831
0.5277831,0.5277831
0.5277831,0.5277831
0.5277831,0.5277831
0.5277831,0.5277831
0.5277831,0.5277831
0.5277831,0.5277831
0.5277831,0.5277831
0.5277831,0.5277831
0.5277831,0.5277831
0.5277831,0.5277831
0.5277831,0.5277831
0.5277831,0.5277831
0.5277831,0.5277831
0.5277831,0.5277831
0.5277831,0.5277831
0.5277831,0.5277831
0.5277831,0.5277831
0.5277831,0.5277831
0.5277831,0.5277831
0.5277831,0.5277831
0.5277831,0.5277831
0.5277831,0.5277831
0.5277831,0.5277831
0.5277831,0.5277831
0.5277831,0.5277831
0.5277831,0.5277831
0.5277831,0.5277831
0.5277831,0.5277831
0.5277831,0.5277831
0.5277831,0.5277831
0.5277831,0.5277831
0.5277831,0.5277831
0.5277831,0.5277831
0.5277831,0.5277831
0.5277831,0.5277831
0.5277831,0.5277831
0.5277831,0.5277831
0.5277831,0.5277831
0.5277831,0.5277831
0.5277831,0.5277831
0.5277831,0.5277831
0.5277831,0.5277831
0.5277831,0.5277831
0.5277831,0.5277831
0.5277831,0.5277831
0.5277831,0.5277831
0.5277831,0.5277831
0.5277831,0.5277831
0.5277831,0.5277831
0.5277831,0.5277831
0.5277831,0.5277831
0.5277831,0.5277831
0.5277831,0.5277831
0.5277831,0.5277831
0.5277831,0.5277831
0.5277831,0.5277831
0.5277831,0.5277831
0.5277831,0.5277831
0.5277831,0.5277831
0.5277831,0.5277831
0.5277831,0.5277831
0.5277831,0.5277831
0.5277831,0.5277831
0.5277831,0.5277831
0.5277831,0.5277831
0.5277831,0.5277831
0.53427136,0.53427136
0.5475618,0.5475618
0.44879794,0.44879794
0.57827526,0.57827526
0.39559036,0.39559036
0.50963,0.50963
0.5086112,0.5086112
0.43859914,0.43859914
0.49400103,0.49400103
0.46751946,0.46751946
0.57199746,0.57199746
0.50989306,0.50989306
0.46287343,0.46287343
0.40720403,0.40720403
0.44733855,0.44733855
0.53951824,0.53951824
0.5187089,0.5187089
0.46907023,0.46907023
0.5336307,0.5336307
0.49191323,0.49191323
0.5126487,0.5126487
0.54136586,0.54136586
0.50483197,0.50483197
0.47884345,0.47884345
0.39985964,0.39985964
0.49259692,0.49259692
0.49599716,0.49599716
0.49199146,0.49199146
0.4613462,0.4613462
0.53853416,0.53853416
0.5372711,0.5372711
0.37554064,0.37554064
0.5366297,0.5366297
0.48239177,0.48239177
0.394646,0.394646
0.48996645,0.48996645
0.5649603,0.5649603
0.5277831,0.5277831
0.5277831,0.5277831
0.5277831,0.5277831
0.5277831,0.5277831
0.5277831,0.5277831
0.5277831,0.5277831
0.5277831,0.5277831
0.5277831,0.5277831
0.5277831,0.5277831
0.5277831,0.5277831
0.5277831,0.5277831
0.5277831,0.5277831
0.5277831,0.5277831
0.5277831,0.5277831
0.5277831,0.5277831
0.5277831,0.5277831
0.5277831,0.5277831
0.5277831,0.5277831
0.5277831,0.5277831
0.5277831,0.5277831
0.5375401,0.5375401
0.5466757,0.5466757
0.44339758,0.44339758
0.4316521,0.4316521
0.4265621,0.4265621
0.4724497,0.4724497
0.45206228,0.45206228
0.51765794,0.51765794
0.5182735,0.5182735
0.55629146,0.55629146
0.53932506,0.53932506
0.34653324,0.34653324
0.5362075,0.5362075
0.405296,0.405296
0.45726424,0.45726424
0.47664642,0.47664642
0.39277142,0.39277142
0.5265636,0.5265636
0.45154393,0.45154393
0.33854732,0.33854732
0.3953447,0.3953447
0.3626157,0.3626157
0.42471135,0.42471135
0.43946126,0.43946126
0.46829608,0.46829608
0.47747463,0.47747463
0.49098185,0.49098185
0.4793927,0.4793927
0.4791909,0.4791909
0.46493116,0.46493116
0.3744127,0.3744127
0.373248,0.373248
0.34218097,0.34218097
0.3806574,0.3806574
0.5498764,0.5498764
0.5197742,0.5197742
0.5769832,0.5769832
0.55633557,0.55633557
0.4820187,0.4820187
0.48251772,0.48251772
0.5337374,0.5337374
0.4484727,0.4484727
0.46907368,0.46907368
0.50424033,0.50424033
0.4930795,0.4930795
0.4742962,0.4742962
0.4627825,0.4627825
0.5277831,0.5277831
0.5277831,0.5277831
0.5277831,0.5277831
0.5277831,0.5277831
0.5277831,0.5277831
0.5277831,0.5277831
0.5277831,0.5277831
0.5277831,0.5277831
0.5277831,0.5277831
0.5277831,0.5277831
0.5277831,0.5277831
0.5277831,0.5277831
0.5277831,0.5277831
0.5277831,0.5277831
0.5277831,0.5277831
0.5277831,0.5277831
0.5277831,0.5277831
0.5277831,0.5277831
0.5277831,0.5277831
0.5277831,0.5277831
0.5277831,0.5277831
0.5277831,0.5277831
0.5277831,0.5277831
0.5277831,0.5277831
0.5277831,0.5277831
0.5277831,0.5277831
0.5277831,0.5277831
0.5277831,0.5277831
0.5277831,0.5277831
0.5277831,0.5277831
0.5277831,0.5277831
0.5277831,0.5277831
0.5277831,0.5277831
0.5277831,0.5277831
0.5277831,0.5277831
0.5277831,0.5277831
0.5277831,0.5277831
0.5277831,0.5277831
0.5277831,0.5277831
0.5277831,0.5277831
0.5277831,0.5277831
0.5277831,0.5277831
0.5277831,0.5277831
0.5277831,0.5277831
0.5277831,0.5277831
0.5277831,0.5277831
0.5277831,0.5277831
0.5277831,0.5277831
0.5277831,0.5277831
0.5277831,0.5277831
0.5277831,0.5277831
0.5683834,0.5683834
0.41368556,0.41368556
0.4389587,0.4389587
0.34366536,0.34366536
0.5257596,0.5257596
0.4699536,0.4699536
0.5834684,0.5834684
0.4711584,0.4711584
0.51300466,0.51300466
0.46979576,0.46979576
0.48618189,0.48618189
0.51810193,0.51810193
0.4753828,0.4753828
0.53783125,0.53783125
0.51974773,0.51974773
0.523002,0.523002
0.5500802,0.5500802
0.42022222,0.42022222
0.46701685,0.46701685
0.45849755,0.45849755
0.57595015,0.57595015
0.536067,0.536067
0.5598792,0.5598792
0.51931053,0.51931053
0.50002515,0.50002515
0.51055104,0.51055104
0.48311192,0.48311192
0.45819154,0.45819154
0.30295843,0.30295843
0.43204582,0.43204582
0.44915178,0.44915178
0.42972144,0.42972144
0.3749735,0.3749735
0.4321507,0.4321507
0.49940613,0.49940613
0.44818655,0.44818655
0.41404784,0.41404784
0.3944499,0.3944499
0.39639264,0.39639264
0.4483915,0.4483915
0.376994,0.376994
0.5249092,0.5249092
0.42478436,0.42478436
0.40809664,0.40809664
0.48600227,0.48600227
0.61661094,0.61661094
0.5291574,0.5291574
0.4882359,0.4882359
0.45629758,0.45629758
0.37701678,0.37701678
0.4898707,0.4898707
0.44803694,0.44803694
0.48360318,0.48360318
0.46513155,0.46513155
0.47992837,0.47992837
0.48881108,0.48881108
0.45363757,0.45363757
0.48329192,0.48329192
0.4537254,0.4537254
0.5330218,0.5330218
0.45531085,0.45531085
0.56482446,0.56482446
0.4692527,0.4692527
0.39554578,0.39554578
0.51895416,0.51895416
0.40908578,0.40908578
0.47306657,0.47306657
0.5385644,0.5385644
0.3321594,0.3321594
0.48106518,0.48106518
0.44036692,0.44036692
0.5075464,0.5075464
0.5194807,0.5194807
0.3654326,0.3654326
0.39367673,0.39367673
0.32856432,0.32856432
0.50072163,0.50072163
0.27623034,0.27623034
0.4430343,0.4430343
0.42936212,0.42936212
0.44713503,0.44713503
0.5613367,0.5613367
0.5862373,0.5862373
0.43023005,0.43023005
0.4623353,0.4623353
0.45873418,0.45873418
0.39861533,0.39861533
0.46241167,0.46241167
0.43493238,0.43493238
0.4056786,0.4056786
0.46970734,0.46970734
0.3269242,0.3269242
0.5148621,0.5148621
0.41377267,0.41377267
0.4612997,0.4612997
0.42002672,0.42002672
0.43594122,0.43594122
0.5190421,0.5190421
0.421778,0.421778
0.45316467,0.45316467
0.48560932,0.48560932
0.43965,0.43965
0.54965186,0.54965186
0.5499358,0.5499358
0.51975936,0.51975936
0.55079836,0.55079836
0.50494117,0.50494117
0.48879427,0.48879427
0.49420297,0.49420297
0.5277831,0.5277831
0.5277831,0.5277831
0.5277831,0.5277831
0.530569,0.530569
0.5202161,0.5202161
0.52472824,0.52472824
0.46892387,0.46892387
0.4920315,0.4920315
0.4379973,0.4379973
0.48727798,0.48727798
0.4101051,0.4101051
0.5059847,0.5059847
0.44253254,0.44253254
0.4972986,0.4972986
0.5427021,0.5427021
0.5188064,0.5188064
0.5769561,0.5769561
0.56104577,0.56104577
0.5014359,0.5014359
0.37458825,0.37458825
0.42631224,0.42631224
0.6203514,0.6203514
0.48378086,0.48378086
0.5272198,0.5272198
0.42141223,0.42141223
0.52399397,0.52399397
0.47092256,0.47092256
0.5328677,0.5328677
0.4667615,0.4667615
0.5272325,0.5272325
0.40440673,0.40440673
0.3308333,0.3308333
0.41354302,0.41354302
0.38748384,0.38748384
0.3524056,0.3524056
0.41116542,0.41116542
0.4106131,0.4106131
0.5363376,0.5363376
0.4751214,0.4751214
0.46353802,0.46353802
0.49509147,0.49509147
0.48708504,0.48708504
0.41885906,0.41885906
0.38243747,0.38243747
0.42975396,0.42975396
0.48665258,0.48665258
0.44666076,0.44666076
0.555432,0.555432
0.48650384,0.48650384
0.36115927,0.36115927
0.3994157,0.3994157
0.36154145,0.36154145
0.4695358,0.4695358
0.5261287,0.5261287
0.529245,0.529245
0.5610273,0.5610273
0.5181713,0.5181713
0.467734,0.467734
0.4493067,0.4493067
0.5235192,0.5235192
0.47320393,0.47320393
0.4714921,0.4714921
0.5097916,0.5097916
0.48947957,0.48947957
0.4652519,0.4652519
0.5121354,0.5121354
0.5277831,0.5277831
0.5277831,0.5277831
0.5277831,0.5277831
0.5277831,0.5277831
0.5277831,0.5277831
0.5277831,0.5277831
0.5277831,0.5277831
0.5277831,0.5277831
0.5277831,0.5277831
0.52330106,0.52330106
0.4210058,0.4210058
0.45254016,0.45254016
0.39347094,0.39347094
0.45544848,0.45544848
0.45977062,0.45977062
0.43052465,0.43052465
0.39427757,0.39427757
0.48603678,0.48603678
0.53736854,0.53736854
0.5091918,0.5091918
0.35653228,0.35653228
0.53976375,0.53976375
0.5320312,0.5320312
0.47080535,0.47080535
0.54850477,0.54850477
0.4648212,0.4648212
0.51432985,0.51432985
0.4502484,0.4502484
0.41576505,0.41576505
0.56168914,0.56168914
0.4922073,0.4922073
0.5227022,0.5227022
0.41683993,0.41683993
0.37889943,0.37889943
0.38294038,0.38294038
0.4232385,0.4232385
0.40084535,0.40084535
0.5208197,0.5208197
0.5375406,0.5375406
0.4557113,0.4557113
0.4599554,0.4599554
0.53632665,0.53632665
0.49595127,0.49595127
0.3761712,0.3761712
0.5267979,0.5267979
0.4818784,0.4818784
0.46123743,0.46123743
0.49372765,0.49372765
0.34115648,0.34115648
0.43217772,0.43217772
0.49869046,0.49869046
0.43135148,0.43135148
0.53300875,0.53300875
0.47517675,0.47517675
0.4765442,0.4765442
0.45324147,0.45324147
0.45982736,0.45982736
0.5060058,0.5060058
0.45268816,0.45268816
0.46217948,0.46217948
0.5181942,0.5181942
0.5279023,0.5279023
0.4888157,0.4888157
0.36207592,0.36207592
0.495841,0.495841
0.48616886,0.48616886
0.4396528,0.4396528
0.4775142,0.4775142
0.4907825,0.4907825
0.5282776,0.5282776
0.53470755,0.53470755
0.5078443,0.5078443
0.47029382,0.47029382
0.49740195,0.49740195
0.49079707,0.49079707
0.44301406,0.44301406
0.45577782,0.45577782
0.5022748,0.5022748
0.53573585,0.53573585
0.5277831,0.5277831
0.5277831,0.5277831
0.5277831,0.5277831
0.5277831,0.5277831
0.5277831,0.5277831
0.5277831,0.5277831
0.5277831,0.5277831
0.5277831,0.5277831
0.5277831,0.5277831
0.5277831,0.5277831
0.5277831,0.5277831
0.5277831,0.5277831
0.5277831,0.5277831
0.5277831,0.5277831
0.5277831,0.5277831
0.5277831,0.5277831
0.5277831,0.5277831
0.5277831,0.5277831
0.5277831,0.5277831
0.5277831,0.5277831
0.5277831,0.5277831
0.5277831,0.5277831
0.5277831,0.5277831
0.5277831,0.5277831
0.5277831,0.5277831
0.5277831,0.5277831
0.5277831,0.5277831
0.5277831,0.5277831
0.5277831,0.5277831
0.5277831,0.5277831
0.5277831,0.5277831
0.5277831,0.5277831
0.5277831,0.5277831
0.5277831,0.5277831
0.5277831,0.5277831
0.5277831,0.5277831
0.5277831,0.5277831
0.5277831,0.5277831
0.5277831,0.5277831
0.5277831,0.5277831
0.5277831,0.5277831
0.5277831,0.5277831
0.5277831,0.5277831
0.5277831,0.5277831
0.5277831,0.5277831
0.5277831,0.5277831
0.5277831,0.5277831
0.5277831,0.5277831
0.5277831,0.5277831
0.5277831,0.5277831
0.5277831,0.5277831
0.5277831,0.5277831
0.5277831,0.5277831
0.5277831,0.5277831
0.5277831,0.5277831
0.5277831,0.5277831
0.5277831,0.5277831
0.5277831,0.5277831
0.5277831,0.5277831
0.5333139,0.5333139
0.44882426,0.44882426
0.4406047,0.4406047
0.5333556,0.5333556
0.34716183,0.34716183
0.29260805,0.29260805
0.34776387,0.34776387
0.42559493,0.42559493
0.4849795,0.4849795
0.47031105,0.47031105
0.54453534,0.54453534
0.41759646,0.41759646
0.5207083,0.5207083
0.5251431,0.5251431
0.5046725,0.5046725
0.49574402,0.49574402
0.44336957,0.44336957
0.5249833,0.5249833
0.5277831,0.5277831
0.5277831,0.5277831
0.5277831,0.5277831
0.5277831,0.5277831
0.5277831,0.5277831
0.5277831,0.5277831
0.5277831,0.5277831
0.5277831,0.5277831
0.5277831,0.5277831
0.5277831,0.5277831
0.5277831,0.5277831
0.5277831,0.5277831
0.5277831,0.5277831
0.5277831,0.5277831
0.5277831,0.5277831
0.5277831,0.5277831
0.5277831,0.5277831
0.5277831,0.5277831
0.5277831,0.5277831
0.5277831,0.5277831
0.5277831,0.5277831
0.5277831,0.5277831
0.5277831,0.5277831
0.5277831,0.5277831
0.5277831,0.5277831
0.5277831,0.5277831
0.5277831,0.5277831
0.5277831,0.5277831
0.5277831,0.5277831
0.5277831,0.5277831
0.5277831,0.5277831
0.5277831,0.5277831
0.5277831,0.5277831
0.5277831,0.5277831
0.5277831,0.5277831
0.5277831,0.5277831
0.5277831,0.5277831
0.5277831,0.5277831
0.5277831,0.5277831
0.5277831,0.5277831
0.5277831,0.5277831
0.5277831,0.5277831
0.5277831,0.5277831
0.5277831,0.5277831
0.5277831,0.5277831
0.5277831,0.5277831
0.5277831,0.5277831
0.5277831,0.5277831
0.5277831,0.5277831
0.576015,0.576015
0.34532544,0.34532544
0.5909392,0.5909392
0.47973818,0.47973818
0.40415043,0.40415043
0.39118809,0.39118809
0.42000565,0.42000565
0.51103294,0.51103294
0.4024327,0.4024327
0.33562165,0.33562165
0.3898268,0.3898268
0.47546658,0.47546658
0.6274979,0.6274979
0.6757318,0.6757318
0.45645905,0.45645905
0.43179128,0.43179128
0.43845797,0.43845797
0.51018924,0.51018924
0.536507,0.536507
0.48111084,0.48111084
0.5240257,0.5240257
0.36970907,0.36970907
0.37790027,0.37790027
0.5967149,0.5967149
0.48555738,0.48555738
0.48105067,0.48105067
0.42332166,0.42332166
0.45854908,0.45854908
0.44242382,0.44242382
0.4346057,0.4346057
0.5431684,0.5431684
0.5186937,0.5186937
0.43474236,0.43474236
0.48018375,0.48018375
0.40124634,0.40124634
0.38625282,0.38625282
0.43646547,0.43646547
0.34538904,0.34538904
0.40603557,0.40603557
0.31190407,0.31190407
0.32987794,0.32987794
0.4305644,0.4305644
0.43904608,0.43904608
0.39063737,0.39063737
0.4228825,0.4228825
0.44070736,0.44070736
0.45017397,0.45017397
0.45090958,0.45090958
0.44726792,0.44726792
0.47496906,0.47496906
0.44032794,0.44032794
0.63949865,0.63949865
0.540235,0.540235
0.54404944,0.54404944
0.5305498,0.5305498
0.5153461,0.5153461
0.47335124,0.47335124
0.48108312,0.48108312
0.48633265,0.48633265
0.4881358,0.4881358
0.51398385,0.51398385
0.5067247,0.5067247
0.466781,0.466781
0.5277831,0.5277831
0.5277831,0.5277831
0.5277831,0.5277831
0.5277831,0.5277831
0.5277831,0.5277831
0.5277831,0.5277831
0.5277831,0.5277831
0.5277831,0.5277831
0.5277831,0.5277831
0.5277831,0.5277831
0.5277831,0.5277831
0.5277831,0.5277831
0.5277831,0.5277831
0.5277831,0.5277831
0.5277831,0.5277831
0.5277831,0.5277831
0.5277831,0.5277831
0.5277831,0.5277831
0.5277831,0.5277831
0.5277831,0.5277831
0.5277831,0.5277831
0.5277831,0.5277831
0.5277831,0.5277831
0.5277831,0.5277831
0.5277831,0.5277831
0.5277831,0.5277831
0.5277831,0.5277831
0.5277831,0.5277831
0.55683964,0.55683964
0.4375487,0.4375487
0.4462606,0.4462606
0.30651414,0.30651414
0.41750318,0.41750318
0.36111972,0.36111972
0.41119844,0.41119844
0.47649977,0.47649977
0.36962357,0.36962357
0.4984577,0.4984577
0.37682095,0.37682095
0.366393,0.366393
0.44361565,0.44361565
0.39051843,0.39051843
0.4221636,0.4221636
0.40073144,0.40073144
0.40570715,0.40570715
0.50558305,0.50558305
0.55530405,0.55530405
0.4954166,0.4954166
0.37190244,0.37190244
0.41640437,0.41640437
0.37090087,0.37090087
0.40237108,0.40237108
0.45536086,0.45536086
0.41305083,0.41305083
0.39590517,0.39590517
0.38536787,0.38536787
0.44800735,0.44800735
0.49814108,0.49814108
0.5113883,0.5113883
0.48281786,0.48281786
0.5614756,0.5614756
0.4499523,0.4499523
0.47389475,0.47389475
0.47930634,0.47930634
0.37542868,0.37542868
0.42604184,0.42604184
0.37599656,0.37599656
0.3785392,0.3785392
0.33313218,0.33313218
0.30528355,0.30528355
0.38336727,0.38336727
0.38769156,0.38769156
0.40079814,0.40079814
0.49573287,0.49573287
0.49362528,0.49362528
0.3696208,0.3696208
0.44226903,0.44226903
0.3841698,0.3841698
0.40062356,0.40062356
0.38003334,0.38003334
0.39486468,0.39486468
0.43735337,0.43735337
0.5021464,0.5021464
0.41504094,0.41504094
0.36469272,0.36469272
0.59211975,0.59211975
0.6033385,0.6033385
0.3912429,0.3912429
0.45745444,0.45745444
0.41159993,0.41159993
0.330222,0.330222
0.31596303,0.31596303
0.41927665,0.41927665
0.5673105,0.5673105
0.41460192,0.41460192
0.3758927,0.3758927
0.28035483,0.28035483
0.43269557,0.43269557
0.33721042,0.33721042
0.3955907,0.3955907
0.39374778,0.39374778
0.46323714,0.46323714
0.4634122,0.4634122
0.402261,0.402261
0.44472587,0.44472587
0.41223586,0.41223586
0.57990676,0.57990676
0.546197,0.546197
0.4832281,0.4832281
0.36558262,0.36558262
0.32852468,0.32852468
0.4280151,0.4280151
0.5254426,0.5254426
0.48594016,0.48594016
0.50108224,0.50108224
0.44400033,0.44400033
0.41008338,0.41008338
0.3343517,0.3343517
0.46915603,0.46915603
0.44193748,0.44193748
0.33538863,0.33538863
0.56546015,0.56546015
0.57994413,0.57994413
0.657544,0.657544
0.578469,0.578469
0.55424523,0.55424523
0.54529166,0.54529166
0.5350104,0.5350104
0.49633417,0.49633417
0.49759832,0.49759832
0.5207145,0.5207145
0.5347899,0.5347899
0.43934885,0.43934885
0.40305915,0.40305915
0.48820877,0.48820877
0.42613012,0.42613012
0.52624255,0.52624255
0.46534505,0.46534505
0.4309248,0.4309248
0.40878442,0.40878442
0.38001215,0.38001215
0.35740998,0.35740998
0.37298694,0.37298694
0.34009543,0.34009543
0.39413527,0.39413527
0.38455176,0.38455176
0.5065084,0.5065084
0.4357382,0.4357382
0.40404192,0.40404192
0.59736705,0.59736705
0.4326544,0.4326544
0.4102116,0.4102116
0.4502011,0.4502011
0.5252892,0.5252892
0.5454708,0.5454708
0.6052983,0.6052983
0.55658364,0.55658364
0.6053521,0.6053521
0.60616624,0.60616624
0.6015592,0.6015592
0.60503966,0.60503966
0.5061612,0.5061612
0.5149715,0.5149715
0.5711768,0.5711768
0.4050872,0.4050872
0.42955297,0.42955297
0.37760153,0.37760153
0.3569747,0.3569747
0.31548977,0.31548977
0.37658122,0.37658122
0.38538864,0.38538864
0.4266496,0.4266496
0.33231172,0.33231172
0.5235433,0.5235433
0.5944105,0.5944105
0.3145102,0.3145102
0.3883426,0.3883426
0.40089107,0.40089107
0.3891984,0.3891984
0.6252003,0.6252003
0.57367843,0.57367843
0.4335415,0.4335415
0.36847708,0.36847708
0.4004409,0.4004409
0.40748805,0.40748805
0.6030883,0.6030883
0.35726267,0.35726267
0.41695115,0.41695115
0.3673812,0.3673812
0.5215803,0.5215803
0.3735389,0.3735389
0.41817212,0.41817212
0.41551036,0.41551036
0.41018763,0.41018763
0.4805282,0.4805282
0.46928617,0.46928617
0.49734458,0.49734458
0.47037196,0.47037196
0.51856524,0.51856524
0.5059266,0.5059266
0.38778934,0.38778934
0.4492257,0.4492257
0.49766546,0.49766546
0.45118365,0.45118365
0.57289636,0.57289636
0.51791555,0.51791555
0.4340397,0.4340397
0.5216816,0.5216816
0.46792275,0.46792275
0.3544362,0.3544362
0.40557098,0.40557098
0.44156304,0.44156304
0.4052194,0.4052194
0.33254573,0.33254573
0.41331324,0.41331324
0.35801467,0.35801467
0.4947531,0.4947531
0.4125251,0.4125251
0.5607503,0.5607503
0.5145876,0.5145876
0.38747182,0.38747182
0.38476154,0.38476154
0.5310667,0.5310667
0.42307457,0.42307457
0.67765826,0.67765826
0.5981509,0.5981509
0.6083175,0.6083175
0.5988366,0.5988366
0.6024749,0.6024749
0.5776076,0.5776076
0.5749432,0.5749432
0.44475147,0.44475147
0.5605825,0.5605825
0.55359083,0.55359083
0.43476626,0.43476626
0.5040615,0.5040615
0.5364894,0.5364894
0.42160913,0.42160913
0.36942723,0.36942723
0.5609393,0.5609393
0.58611286,0.58611286
0.5341779,0.5341779
0.41847083,0.41847083
0.41572446,0.41572446
0.40464494,0.40464494
0.45665935,0.45665935
0.5792079,0.5792079
0.5623623,0.5623623
0.6274099,0.6274099
0.41014937,0.41014937
0.39201534,0.39201534
0.42004484,0.42004484
0.36823714,0.36823714
0.48800644,0.48800644
0.52387834,0.52387834
0.3868037,0.3868037
0.3308655,0.3308655
0.4142334,0.4142334
0.33211258,0.33211258
0.5952631,0.5952631
0.58047575,0.58047575
0.42673817,0.42673817
0.39453432,0.39453432
0.44741488,0.44741488
0.4317541,0.4317541
0.44059196,0.44059196
0.43435216,0.43435216
0.46318012,0.46318012
0.47268322,0.47268322
0.45045865,0.45045865
0.4654784,0.4654784
0.59033483,0.59033483
0.5432744,0.5432744
0.51389784,0.51389784
0.4518706,0.4518706
0.526015,0.526015
0.46343622,0.46343622
0.56033283,0.56033283
0.6165562,0.6165562
0.56963277,0.56963277
0.41784474,0.41784474
0.33667615,0.33667615
0.42065647,0.42065647
0.42656764,0.42656764
0.37838927,0.37838927
0.4075204,0.4075204
0.39317432,0.39317432
0.33024406,0.33024406
0.3991575,0.3991575
0.32397047,0.32397047
0.38801262,0.38801262
0.41309983,0.41309983
0.32425824,0.32425824
0.32884657,0.32884657
0.36632663,0.36632663
0.3658993,0.3658993
0.49969825,0.49969825
0.35136616,0.35136616
0.4219958,0.4219958
0.31508073,0.31508073
0.37520963,0.37520963
0.5125616,0.5125616
0.56978154,0.56978154
0.4559815,0.4559815
0.41738662,0.41738662
0.41688928,0.41688928
0.58741325,0.58741325
0.5382783,0.5382783
0.38469812,0.38469812
0.384258,0.384258
0.38319153,0.38319153
0.37396082,0.37396082
0.51839,0.51839
0.61276263,0.61276263
0.690125,0.690125
0.3806142,0.3806142
0.4919401,0.4919401
0.57505566,0.57505566
0.5245647,0.5245647
0.5171822,0.5171822
0.5507779,0.5507779
0.5229327,0.5229327
0.59130406,0.59130406
0.6000711,0.6000711
0.5843453,0.5843453
0.52491075,0.52491075
0.5089302,0.5089302
0.3706193,0.3706193
0.29683378,0.29683378
0.5053899,0.5053899
0.47478515,0.47478515
0.36252877,0.36252877
0.42015424,0.42015424
0.39420077,0.39420077
0.380828,0.380828
0.39427206,0.39427206
0.35775495,0.35775495
0.43227315,0.43227315
0.4150025,0.4150025
0.47714967,0.47714967
0.512706,0.512706
0.5455818,0.5455818
0.3877206,0.3877206
0.59664726,0.59664726
0.48126414,0.48126414
0.52287126,0.52287126
0.37938645,0.37938645
0.3440085,0.3440085
0.4804119,0.4804119
0.46517375,0.46517375
0.46274582,0.46274582
0.3816354,0.3816354
0.34646755,0.34646755
0.6159733,0.6159733
0.4278566,0.4278566
0.6164121,0.6164121
0.38585904,0.38585904
0.44509315,0.44509315
0.4432675,0.4432675
0.4593885,0.4593885
0.6557153,0.6557153
0.5241931,0.5241931
0.60415554,0.60415554
0.67467403,0.67467403
0.6452601,0.6452601
0.4601689,0.4601689
0.5267427,0.5267427
0.43145037,0.43145037
0.52915525,0.52915525
0.5063516,0.5063516
0.4836052,0.4836052
0.5263947,0.5263947
0.4614382,0.4614382
0.51350003,0.51350003
0.4518406,0.4518406
0.53983396,0.53983396
0.5277831,0.5277831
0.5277831,0.5277831
0.5277831,0.5277831
0.5277831,0.5277831
0.5277831,0.5277831
0.5277831,0.5277831
0.5277831,0.5277831
0.5277831,0.5277831
0.5277831,0.5277831
0.5277831,0.5277831
0.5277831,0.5277831
0.5277831,0.5277831
0.5277831,0.5277831
0.48293254,0.48293254
0.39683902,0.39683902
0.48635107,0.48635107
0.43638846,0.43638846
0.5238408,0.5238408
0.36737704,0.36737704
0.5619685,0.5619685
0.59063184,0.59063184
0.53058195,0.53058195
0.40761194,0.40761194
0.5097109,0.5097109
0.54718274,0.54718274
0.59257805,0.59257805
0.37512273,0.37512273
0.46984112,0.46984112
0.41439316,0.41439316
0.46346304,0.46346304
0.49279124,0.49279124
0.4638528,0.4638528
0.4526288,0.4526288
0.46621335,0.46621335
0.50294983,0.50294983
0.46416643,0.46416643
0.47266972,0.47266972
0.5654354,0.5654354
0.5277831,0.5277831
0.5277831,0.5277831
0.5277831,0.5277831
0.5277831,0.5277831
0.5277831,0.5277831
0.5277831,0.5277831
0.5277831,0.5277831
0.5277831,0.5277831
0.5277831,0.5277831
0.5277831,0.5277831
0.5277831,0.5277831
0.5277831,0.5277831
0.5277831,0.5277831
0.5277831,0.5277831
0.5277831,0.5277831
0.5277831,0.5277831
0.5277831,0.5277831
0.5277831,0.5277831
0.5277831,0.5277831
0.5277831,0.5277831
0.5277831,0.5277831
0.5277831,0.5277831
0.5277831,0.5277831
0.5277831,0.5277831
0.5277831,0.5277831
0.5277831,0.5277831
0.5277831,0.5277831
0.5277831,0.5277831
0.5277831,0.5277831
0.5277831,0.5277831
0.5277831,0.5277831
0.511487,0.511487
0.45108446,0.45108446
0.6094439,0.6094439
0.46957347,0.46957347
0.39877144,0.39877144
0.42367816,0.42367816
0.55522126,0.55522126
0.514875,0.514875
0.43304482,0.43304482
0.429984,0.429984
0.46957082,0.46957082
0.37998727,0.37998727
0.49735168,0.49735168
0.48895046,0.48895046
0.6368203,0.6368203
0.56249183,0.56249183
0.38973516,0.38973516
0.41081393,0.41081393
0.56011665,0.56011665
0.4519475,0.4519475
0.40547746,0.40547746
0.4045029,0.4045029
0.54541576,0.54541576
0.44085503,0.44085503
0.48299852,0.48299852
0.5418184,0.5418184
0.46652484,0.46652484
0.34197673,0.34197673
0.318101,0.318101
0.3885256,0.3885256
0.39267153,0.39267153
0.36994195,0.36994195
0.5260735,0.5260735
0.3582693,0.3582693
0.4028971,0.4028971
0.62720907,0.62720907
0.4192824,0.4192824
0.63988984,0.63988984
0.4793831,0.4793831
0.4166499,0.4166499
0.39922276,0.39922276
0.48662663,0.48662663
0.4209521,0.4209521
0.32993716,0.32993716
0.38222638,0.38222638
0.36001408,0.36001408
0.45372424,0.45372424
0.52385324,0.52385324
0.36630642,0.36630642
0.35327843,0.35327843
0.37477666,0.37477666
0.42370576,0.42370576
0.48656845,0.48656845
0.42697576,0.42697576
0.3657513,0.3657513
0.43960455,0.43960455
0.39435303,0.39435303
0.4160787,0.4160787
0.51980025,0.51980025
0.5087247,0.5087247
0.5225924,0.5225924
0.53430825,0.53430825
0.5338384,0.5338384
0.5213246,0.5213246
0.4775076,0.4775076
0.5744461,0.5744461
0.5060598,0.5060598
0.38988307,0.38988307
0.5143416,0.5143416
0.41174546,0.41174546
0.44438994,0.44438994
0.41476718,0.41476718
0.3858763,0.3858763
0.3888172,0.3888172
0.38634664,0.38634664
0.30972928,0.30972928
0.4630183,0.4630183
0.48846933,0.48846933
0.37652132,0.37652132
0.3455807,0.3455807
0.49573198,0.49573198
0.40562204,0.40562204
0.37940258,0.37940258
0.42721295,0.42721295
0.47625056,0.47625056
0.36774603,0.36774603
0.46349174,0.46349174
0.5764094,0.5764094
0.41801387,0.41801387
0.4734462,0.4734462
0.4955843,0.4955843
0.42600617,0.42600617
0.42116848,0.42116848
0.42453256,0.42453256
0.41162798,0.41162798
0.49303502,0.49303502
0.545223,0.545223
0.47728404,0.47728404
0.5416687,0.5416687
0.53017116,0.53017116
0.5040894,0.5040894
0.5288695,0.5288695
0.49075493,0.49075493
0.5107347,0.5107347
0.4913391,0.4913391
0.46155715,0.46155715
0.5003498,0.5003498
0.42559165,0.42559165
0.55937356,0.55937356
0.5277831,0.5277831
0.5277831,0.5277831
0.5277831,0.5277831
0.5277831,0.5277831
0.5277831,0.5277831
0.5277831,0.5277831
0.5277831,0.5277831
0.5277831,0.5277831
0.5277831,0.5277831
0.5277831,0.5277831
0.53845185,0.53845185
0.43852377,0.43852377
0.5561777,0.5561777
0.5604446,0.5604446
0.36093435,0.36093435
0.37899724,0.37899724
0.38416135,0.38416135
0.40108633,0.40108633
0.41399986,0.41399986
0.5574681,0.5574681
0.37706897,0.37706897
0.5327639,0.5327639
0.472597,0.472597
0.36749536,0.36749536
0.4983828,0.4983828
0.3392278,0.3392278
0.41732413,0.41732413
0.3511201,0.3511201
0.3402921,0.3402921
0.41087365,0.41087365
0.3523445,0.3523445
0.37898603,0.37898603
0.35381588,0.35381588
0.45779833,0.45779833
0.5877674,0.5877674
0.5784862,0.5784862
0.4724169,0.4724169
0.42936605,0.42936605
0.5280496,0.5280496
0.50655377,0.50655377
0.5330819,0.5330819
0.537511,0.537511
0.55432105,0.55432105
0.53400546,0.53400546
0.53133446,0.53133446
0.54973185,0.54973185
0.47734985,0.47734985
0.5472549,0.5472549
0.5277831,0.5277831
0.5277831,0.5277831
0.53777176,0.53777176
0.5445878,0.5445878
0.35768697,0.35768697
0.56958854,0.56958854
0.35761923,0.35761923
0.33996168,0.33996168
0.3845718,0.3845718
0.3329977,0.3329977
0.46297786,0.46297786
0.3930195,0.3930195
0.3759956,0.3759956
0.38528758,0.38528758
0.3659905,0.3659905
0.3907084,0.3907084
0.39844063,0.39844063
0.37570882,0.37570882
0.5363021,0.5363021
0.48635864,0.48635864
0.41567212,0.41567212
0.3595474,0.3595474
0.3955175,0.3955175
0.49850187,0.49850187
0.38911504,0.38911504
0.40423417,0.40423417
0.42113099,0.42113099
0.3722252,0.3722252
0.4605846,0.4605846
0.4674649,0.4674649
0.48285016,0.48285016
0.43176073,0.43176073
0.4961493,0.4961493
0.45116442,0.45116442
0.5200288,0.5200288
0.5288215,0.5288215
0.5277831,0.5277831
0.5277831,0.5277831
0.5277831,0.5277831
0.5277831,0.5277831
0.5277831,0.5277831
0.5277831,0.5277831
0.5277831,0.5277831
0.5277831,0.5277831
0.5277831,0.5277831
0.5277831,0.5277831
0.5277831,0.5277831
0.5277831,0.5277831
0.5277831,0.5277831
0.5277831,0.5277831
0.5277831,0.5277831
0.5277831,0.5277831
0.5277831,0.5277831
0.5277831,0.5277831
0.5277831,0.5277831
0.5277831,0.5277831
0.5277831,0.5277831
0.5277831,0.5277831
0.5277831,0.5277831
0.5277831,0.5277831
0.5277831,0.5277831
0.5277831,0.5277831
0.5277831,0.5277831
0.5277831,0.5277831
0.5277831,0.5277831
0.5277831,0.5277831
0.5277831,0.5277831
0.5277831,0.5277831
0.5277831,0.5277831
0.5277831,0.5277831
0.5277831,0.5277831
0.5277831,0.5277831
0.5277831,0.5277831
0.5277831,0.5277831
0.5277831,0.5277831
0.5277831,0.5277831
0.5277831,0.5277831
0.5277831,0.5277831
0.5277831,0.5277831
0.5277831,0.5277831
0.5277831,0.5277831
0.5277831,0.5277831
0.5277831,0.5277831
0.5277831,0.5277831
0.5277831,0.5277831
0.5277831,0.5277831
0.5277831,0.5277831
0.5277831,0.5277831
0.5277831,0.5277831
0.5277831,0.5277831
0.5277831,0.5277831
0.5277831,0.5277831
0.5277831,0.5277831
0.5277831,0.5277831
0.5277831,0.5277831
0.5277831,0.5277831
0.5277831,0.5277831
0.5277831,0.5277831
0.5277831,0.5277831
0.5277831,0.5277831
0.5277831,0.5277831
0.5277831,0.5277831
0.5277831,0.5277831
0.5277831,0.5277831
0.5277831,0.5277831
0.5277831,0.5277831
0.5277831,0.5277831
0.5277831,0.5277831
0.5277831,0.5277831
0.5277831,0.5277831
0.5277831,0.5277831
0.5277831,0.5277831
0.5277831,0.5277831
0.5277831,0.5277831
0.5277831,0.5277831
0.5277831,0.5277831
0.5277831,0.5277831
0.5277831,0.5277831
0.5277831,0.5277831
0.5277831,0.5277831
0.5277831,0.5277831
0.5277831,0.5277831
0.5277831,0.5277831
0.5277831,0.5277831
0.5277831,0.5277831
0.5277831,0.5277831
0.5277831,0.5277831
0.5277831,0.5277831
0.5277831,0.5277831
0.5277831,0.5277831
0.5277831,0.5277831
0.5277831,0.5277831
0.5277831,0.5277831
0.5277831,0.5277831
0.5277831,0.5277831
0.5277831,0.5277831
0.5277831,0.5277831
0.5277831,0.5277831
0.5277831,0.5277831
0.5277831,0.5277831
0.5277831,0.5277831
0.5277831,0.5277831
0.5277831,0.5277831
0.5277831,0.5277831
0.5277831,0.5277831
0.5277831,0.5277831
0.5277831,0.5277831
0.5277831,0.5277831
0.5277831,0.5277831
0.5277831,0.5277831
0.5277831,0.5277831
0.5277831,0.5277831
0.5277831,0.5277831
0.5277831,0.5277831
0.5277831,0.5277831
0.5277831,0.5277831
0.5277831,0.5277831
0.5277831,0.5277831
0.5277831,0.5277831
0.5277831,0.5277831
0.5277831,0.5277831
0.5277831,0.5277831
0.5277831,0.5277831
0.5277831,0.5277831
0.5277831,0.5277831
0.5277831,0.5277831
0.5277831,0.5277831
0.5277831,0.5277831
0.5277831,0.5277831
0.5277831,0.5277831
0.5277831,0.5277831
0.5277831,0.5277831
0.5277831,0.5277831
0.5277831,0.5277831
0.5277831,0.5277831
0.5277831,0.5277831
0.5277831,0.5277831
0.5277831,0.5277831
0.5277831,0.5277831
0.5277831,0.5277831
0.5277831,0.5277831
0.5277831,0.5277831
0.5277831,0.5277831
0.5277831,0.5277831
0.5277831,0.5277831
0.5277831,0.5277831
0.5277831,0.5277831
0.5277831,0.5277831
0.5277831,0.5277831
0.5277831,0.5277831
0.5277831,0.5277831
0.537252,0.537252
0.55994904,0.55994904
0.36947343,0.36947343
0.3479352,0.3479352
0.4203745,0.4203745
0.46083543,0.46083543
0.5476432,0.5476432
0.5354587,0.5354587
0.47402298,0.47402298
0.52206236,0.52206236
0.4482979,0.4482979
0.5312113,0.5312113
0.51085025,0.51085025
0.4899353,0.4899353
0.52687514,0.52687514
0.46142367,0.46142367
0.501914,0.501914
0.47940782,0.47940782
0.513402,0.513402
0.5277831,0.5277831
0.5277831,0.5277831
0.5277831,0.5277831
0.5277831,0.5277831
0.5277831,0.5277831
0.5277831,0.5277831
0.5277831,0.5277831
0.5277831,0.5277831
0.5277831,0.5277831
0.5277831,0.5277831
0.5277831,0.5277831
0.5277831,0.5277831
0.5277831,0.5277831
0.5277831,0.5277831
0.5277831,0.5277831
0.5277831,0.5277831
0.5277831,0.5277831
0.5277831,0.5277831
0.5277831,0.5277831
0.5277831,0.5277831
0.53669,0.53669
0.5401883,0.5401883
0.4986158,0.4986158
0.49381614,0.49381614
0.48971617,0.48971617
0.4899145,0.4899145
0.46920827,0.46920827
0.46780986,0.46780986
0.48771906,0.48771906
0.47049814,0.47049814
0.46183595,0.46183595
0.436533,0.436533
0.4630126,0.4630126
0.42616642,0.42616642
0.44100016,0.44100016
0.40957454,0.40957454
0.39135665,0.39135665
0.39733544,0.39733544
0.44644517,0.44644517
0.41632253,0.41632253
0.38643658,0.38643658
0.45789307,0.45789307
0.44888532,0.44888532
0.5041522,0.5041522
0.5361236,0.5361236
0.50633806,0.50633806
0.5129553,0.5129553
0.4832065,0.4832065
0.44328928,0.44328928
0.52261585,0.52261585
0.49536788,0.49536788
0.5277831,0.5277831
0.5277831,0.5277831
0.5277831,0.5277831
0.5277831,0.5277831
0.5277831,0.5277831
0.5277831,0.5277831
0.5277831,0.5277831
0.5277831,0.5277831
0.5277831,0.5277831
0.5277831,0.5277831
0.5277831,0.5277831
0.5277831,0.5277831
0.5277831,0.5277831
0.5277831,0.5277831
0.5277831,0.5277831
0.5277831,0.5277831
0.5277831,0.5277831
0.5277831,0.5277831
0.5277831,0.5277831
0.5277831,0.5277831
0.5277831,0.5277831
0.5277831,0.5277831
0.5277831,0.5277831
0.5277831,0.5277831
0.5277831,0.5277831
0.5277831,0.5277831
0.5277831,0.5277831
0.5277831,0.5277831
0.5277831,0.5277831
0.5277831,0.5277831
0.5277831,0.5277831
0.5277831,0.5277831
0.5277831,0.5277831
0.5277831,0.5277831
0.5277831,0.5277831
0.5277831,0.5277831
0.5277831,0.5277831
0.5277831,0.5277831
0.5277831,0.5277831
0.5277831,0.5277831
0.5277831,0.5277831
0.5277831,0.5277831
0.5277831,0.5277831
0.5277831,0.5277831
0.5277831,0.5277831
0.5277831,0.5277831
0.5277831,0.5277831
0.5277831,0.5277831
0.5277831,0.5277831
0.5277831,0.5277831
0.5277831,0.5277831
0.5277831,0.5277831
0.5277831,0.5277831
0.5277831,0.5277831
0.5277831,0.5277831
0.5277831,0.5277831
0.5277831,0.5277831
0.5277831,0.5277831
0.5277831,0.5277831
0.5277831,0.5277831
0.5277831,0.5277831
0.5277831,0.5277831
0.5277831,0.5277831
0.5277831,0.5277831
0.5277831,0.5277831
0.5277831,0.5277831
0.5277831,0.5277831
0.5277831,0.5277831
0.5277831,0.5277831
0.5277831,0.5277831
0.5277831,0.5277831
0.5277831,0.5277831
0.5277831,0.5277831
0.5277831,0.5277831
0.5277831,0.5277831
0.5277831,0.5277831
0.5277831,0.5277831
0.5277831,0.5277831
0.5277831,0.5277831
0.5277831,0.5277831
0.5277831,0.5277831
0.5277831,0.5277831
0.5277831,0.5277831
0.5277831,0.5277831
0.5277831,0.5277831
0.5277831,0.5277831
0.5277831,0.5277831
0.5277831,0.5277831
0.5277831,0.5277831
0.5277831,0.5277831
0.5277831,0.5277831
0.5277831,0.5277831
0.5277831,0.5277831
0.5277831,0.5277831
0.5277831,0.5277831
0.5277831,0.5277831
0.5277831,0.5277831
0.5277831,0.5277831
0.5277831,0.5277831
0.5277831,0.5277831
0.5277831,0.5277831
0.53561354,0.53561354
0.44474813,0.44474813
0.38606775,0.38606775
0.54231924,0.54231924
0.47187117,0.47187117
0.48647118,0.48647118
0.5610178,0.5610178
0.42662144,0.42662144
0.4013844,0.4013844
0.38296768,0.38296768
0.39879918,0.39879918
0.4319818,0.4319818
0.54471624,0.54471624
0.6071023,0.6071023
0.59785235,0.59785235
0.5009249,0.5009249
0.5156862,0.5156862
0.582147,0.582147
0.5248468,0.5248468
0.375277,0.375277
0.46183223,0.46183223
0.4254657,0.4254657
0.39540407,0.39540407
0.35158008,0.35158008
0.34270495,0.34270495
0.52255136,0.52255136
0.44610137,0.44610137
0.61421335,0.61421335
0.5594572,0.5594572
0.58391356,0.58391356
0.6620288,0.6620288
0.44401067,0.44401067
0.5011731,0.5011731
0.5572862,0.5572862
0.46157473,0.46157473
0.53402257,0.53402257
0.55202085,0.55202085
0.46146858,0.46146858
0.54396105,0.54396105
0.6131218,0.6131218
0.67410654,0.67410654
0.5546192,0.5546192
0.5817602,0.5817602
0.5864984,0.5864984
0.506029,0.506029
0.3443932,0.3443932
0.45286888,0.45286888
0.42432666,0.42432666
0.4483056,0.4483056
0.6179467,0.6179467
0.6501368,0.6501368
0.5055519,0.5055519
0.43020925,0.43020925
0.4186601,0.4186601
0.4364867,0.4364867
0.44988808,0.44988808
0.4423696,0.4423696
0.45133957,0.45133957
0.5465714,0.5465714
0.5836318,0.5836318
0.46415928,0.46415928
0.5674472,0.5674472
0.49847412,0.49847412
0.51398796,0.51398796
0.4794006,0.4794006
0.5313938,0.5313938
0.5054046,0.5054046
0.53162754,0.53162754
0.46276814,0.46276814
0.52781135,0.52781135
0.5277831,0.5277831
0.5277831,0.5277831
0.5277831,0.5277831
0.5277831,0.5277831
0.5277831,0.5277831
0.5277831,0.5277831
0.5277831,0.5277831
0.5277831,0.5277831
0.5277831,0.5277831
0.5277831,0.5277831
0.5277831,0.5277831
0.5277831,0.5277831
0.5277831,0.5277831
0.5277831,0.5277831
0.5277831,0.5277831
0.5277831,0.5277831
0.5277831,0.5277831
0.5277831,0.5277831
0.5277831,0.5277831
0.5277831,0.5277831
0.5277831,0.5277831
0.5277831,0.5277831
0.5277831,0.5277831
0.5277831,0.5277831
0.5277831,0.5277831
0.5277831,0.5277831
0.5277831,0.5277831
0.5277831,0.5277831
0.5277831,0.5277831
0.5277831,0.5277831
0.5277831,0.5277831
0.5277831,0.5277831
0.5277831,0.5277831
0.5277831,0.5277831
0.5277831,0.5277831
0.5277831,0.5277831
0.5277831,0.5277831
0.5277831,0.5277831
0.5277831,0.5277831
0.5277831,0.5277831
0.5277831,0.5277831
0.5277831,0.5277831
0.5277831,0.5277831
0.5277831,0.5277831
0.5277831,0.5277831
0.5277831,0.5277831
0.5277831,0.5277831
0.5277831,0.5277831
0.5277831,0.5277831
0.5277831,0.5277831
0.5277831,0.5277831
0.5277831,0.5277831
0.5277831,0.5277831
0.5277831,0.5277831
0.5277831,0.5277831
0.5277831,0.5277831
0.5277831,0.5277831
0.5277831,0.5277831
0.5277831,0.5277831
0.5277831,0.5277831
0.5277831,0.5277831
0.5277831,0.5277831
0.5277831,0.5277831
0.5277831,0.5277831
0.5277831,0.5277831
0.5277831,0.5277831
0.5277831,0.5277831
0.5277831,0.5277831
0.5277831,0.5277831
0.5277831,0.5277831
0.5277831,0.5277831
0.5277831,0.5277831
0.5277831,0.5277831
0.5277831,0.5277831
0.5277831,0.5277831
0.5277831,0.5277831
0.5277831,0.5277831
0.5277831,0.5277831
0.5277831,0.5277831
0.5277831,0.5277831
0.5277831,0.5277831
0.5277831,0.5277831
0.5277831,0.5277831
0.5277831,0.5277831
0.5277831,0.5277831
0.5277831,0.5277831
0.5277831,0.5277831
0.5277831,0.5277831
0.5277831,0.5277831
0.5277831,0.5277831
0.5277831,0.5277831
0.5277831,0.5277831
0.5277831,0.5277831
0.5277831,0.5277831
0.5277831,0.5277831
0.5277831,0.5277831
0.5277831,0.5277831
0.5277831,0.5277831
0.5277831,0.5277831
0.5277831,0.5277831
0.5277831,0.5277831
0.5277831,0.5277831
0.5547201,0.5547201
0.5272465,0.5272465
0.54082364,0.54082364
0.45932877,0.45932877
0.45046923,0.45046923
0.44594935,0.44594935
0.5679094,0.5679094
0.6285133,0.6285133
0.5191718,0.5191718
0.5427479,0.5427479
0.46481326,0.46481326
0.5326674,0.5326674
0.5724754,0.5724754
0.51527315,0.51527315
0.5488164,0.5488164
0.55559015,0.55559015
0.5270937,0.5270937
0.4020158,0.4020158
0.6382303,0.6382303
0.60504717,0.60504717
0.5186227,0.5186227
0.5013871,0.5013871
0.38386753,0.38386753
0.42867845,0.42867845
0.56192297,0.56192297
0.43923295,0.43923295
0.4090696,0.4090696
0.40222552,0.40222552
0.4855953,0.4855953
0.57921135,0.57921135
0.6473528,0.6473528
0.449576,0.449576
0.4639595,0.4639595
0.5836443,0.5836443
0.5928982,0.5928982
0.54034394,0.54034394
0.5869347,0.5869347
0.6385936,0.6385936
0.5864721,0.5864721
0.55412716,0.55412716
0.4511991,0.4511991
0.6558029,0.6558029
0.5286625,0.5286625
0.6062652,0.6062652
0.42532825,0.42532825
0.50153136,0.50153136
0.44080952,0.44080952
0.494841,0.494841
0.50045824,0.50045824
0.50637436,0.50637436
0.5637277,0.5637277
0.53252345,0.53252345
0.6209072,0.6209072
0.5333297,0.5333297
0.535298,0.535298
0.44698083,0.44698083
0.41940165,0.41940165
0.50065917,0.50065917
0.6039486,0.6039486
0.55760866,0.55760866
0.6051092,0.6051092
0.6295637,0.6295637
0.5614954,0.5614954
0.48886022,0.48886022
0.53124404,0.53124404
0.684241,0.684241
0.6592415,0.6592415
0.43748325,0.43748325
0.4491094,0.4491094
0.4118405,0.4118405
0.41387582,0.41387582
0.4098985,0.4098985
0.38579413,0.38579413
0.64486194,0.64486194
0.6340593,0.6340593
0.5718685,0.5718685
0.4007875,0.4007875
0.44774148,0.44774148
0.63785326,0.63785326
0.44404137,0.44404137
0.4121033,0.4121033
0.42466143,0.42466143
0.4306591,0.4306591
0.62244725,0.62244725
0.4258721,0.4258721
0.5040511,0.5040511
0.49671003,0.49671003
0.49999005,0.49999005
0.5935933,0.5935933
0.622712,0.622712
0.5269042,0.5269042
0.4627195,0.4627195
0.50536454,0.50536454
0.4977013,0.4977013
0.6587624,0.6587624
0.6394922,0.6394922
0.44495174,0.44495174
0.54605,0.54605
0.41748467,0.41748467
0.49629357,0.49629357
0.49037045,0.49037045
0.56600845,0.56600845
0.6635199,0.6635199
0.504545,0.504545
0.43781152,0.43781152
0.48627722,0.48627722
0.5014985,0.5014985
0.401146,0.401146
0.5902724,0.5902724
0.59623015,0.59623015
0.6274648,0.6274648
0.43693867,0.43693867
0.49439466,0.49439466
0.5279186,0.5279186
0.5486733,0.5486733
0.6548471,0.6548471
0.6487826,0.6487826
0.5865898,0.5865898
0.44807526,0.44807526
0.48015282,0.48015282
0.4992419,0.4992419
0.42081046,0.42081046
0.4527188,0.4527188
0.4088222,0.4088222
0.42583025,0.42583025
0.4996423,0.4996423
0.462464,0.462464
0.45913208,0.45913208
0.4256005,0.4256005
0.4701809,0.4701809
0.45092642,0.45092642
0.42646536,0.42646536
0.4270519,0.4270519
0.42477402,0.42477402
0.38523486,0.38523486
0.48522308,0.48522308
0.37180054,0.37180054
0.4899251,0.4899251
0.50557333,0.50557333
0.52560437,0.52560437
0.58584374,0.58584374
0.38797235,0.38797235
0.63558465,0.63558465
0.61734676,0.61734676
0.676195,0.676195
0.657338,0.657338
0.39191344,0.39191344
0.45256883,0.45256883
0.46714497,0.46714497
0.44519413,0.44519413
0.40940154,0.40940154
0.43324986,0.43324986
0.45988265,0.45988265
0.5147863,0.5147863
0.42335057,0.42335057
0.41560873,0.41560873
0.4459626,0.4459626
0.5275898,0.5275898
0.45716226,0.45716226
0.5585464,0.5585464
0.425706,0.425706
0.43583927,0.43583927
0.37633055,0.37633055
0.45507053,0.45507053
0.55031675,0.55031675
0.61046416,0.61046416
0.5249586,0.5249586
0.38135406,0.38135406
0.39338392,0.39338392
0.37336135,0.37336135
0.5525769,0.5525769
0.50249386,0.50249386
0.5482852,0.5482852
0.60030663,0.60030663
0.5655136,0.5655136
0.5801988,0.5801988
0.52670026,0.52670026
0.65557915,0.65557915
0.57719827,0.57719827
0.44684786,0.44684786
0.509473,0.509473
0.5106421,0.5106421
0.48199248,0.48199248
0.49997935,0.49997935
0.5025989,0.5025989
0.5362326,0.5362326
0.5277831,0.5277831
0.5277831,0.5277831
0.5330391,0.5330391
0.45769265,0.45769265
0.37980375,0.37980375
0.40409404,0.40409404
0.5317148,0.5317148
0.43635353,0.43635353
0.3683524,0.3683524
0.43913883,0.43913883
0.5105972,0.5105972
0.47424862,0.47424862
0.52830905,0.52830905
0.3816688,0.3816688
0.5637444,0.5637444
0.5108249,0.5108249
0.5302683,0.5302683
0.5393776,0.5393776
0.5565346,0.5565346
0.5264327,0.5264327
0.49545002,0.49545002
0.48183292,0.48183292
0.49849635,0.49849635
0.4830976,0.4830976
0.49911296,0.49911296
0.50991,0.50991
0.47151056,0.47151056
0.46984902,0.46984902
0.45882028,0.45882028
0.45345053,0.45345053
0.4753696,0.4753696
0.3894326,0.3894326
0.40771788,0.40771788
0.4457918,0.4457918
0.39615,0.39615
0.40077302,0.40077302
0.3944589,0.3944589
0.47494864,0.47494864
0.49336362,0.49336362
0.48036864,0.48036864
0.5277795,0.5277795
0.5242069,0.5242069
0.51265866,0.51265866
0.46370515,0.46370515
0.5526409,0.5526409
0.57927823,0.57927823
0.5277831,0.5277831
0.5277831,0.5277831
0.5277831,0.5277831
0.5277831,0.5277831
0.5277831,0.5277831
0.532105,0.532105
0.53396434,0.53396434
0.5181111,0.5181111
0.5132931,0.5132931
0.48718315,0.48718315
0.49224296,0.49224296
0.4851561,0.4851561
0.4789582,0.4789582
0.4835516,0.4835516
0.48992825,0.48992825
0.42144686,0.42144686
0.54886615,0.54886615
0.4031809,0.4031809
0.4073431,0.4073431
0.4249424,0.4249424
0.41777855,0.41777855
0.5454959,0.5454959
0.57231814,0.57231814
0.5499883,0.5499883
0.5003269,0.5003269
0.48741674,0.48741674
0.46923757,0.46923757
0.44038695,0.44038695
0.4307567,0.4307567
0.4678079,0.4678079
0.48701292,0.48701292
0.5398559,0.5398559
0.483818,0.483818
0.5622186,0.5622186
0.6018267,0.6018267
0.5624112,0.5624112
0.42159185,0.42159185
0.49503824,0.49503824
0.51193684,0.51193684
0.59168464,0.59168464
0.5370851,0.5370851
0.5398756,0.5398756
0.47070876,0.47070876
0.4112047,0.4112047
0.47113866,0.47113866
0.44420686,0.44420686
0.5467443,0.5467443
0.5724779,0.5724779
0.47606343,0.47606343
0.48437214,0.48437214
0.41079867,0.41079867
0.5448315,0.5448315
0.6477465,0.6477465
0.58614135,0.58614135
0.5442671,0.5442671
0.37805107,0.37805107
0.39934197,0.39934197
0.46689162,0.46689162
0.45562375,0.45562375
0.53797144,0.53797144
0.41177702,0.41177702
0.4521462,0.4521462
0.41651824,0.41651824
0.4558683,0.4558683
0.53336906,0.53336906
0.3634854,0.3634854
0.39207613,0.39207613
0.5810514,0.5810514
0.47306967,0.47306967
0.476854,0.476854
0.39450583,0.39450583
0.5206325,0.5206325
0.49912682,0.49912682
0.39190432,0.39190432
0.35583586,0.35583586
0.49407753,0.49407753
0.41221976,0.41221976
0.53783154,0.53783154
0.6294751,0.6294751
0.45468923,0.45468923
0.40618291,0.40618291
0.45469162,0.45469162
0.48745987,0.48745987
0.60740477,0.60740477
0.48721793,0.48721793
0.5108817,0.5108817
0.34128207,0.34128207
0.4752145,0.4752145
0.48352447,0.48352447
0.43232533,0.43232533
0.45160902,0.45160902
0.45708445,0.45708445
0.51161075,0.51161075
0.4884571,0.4884571
0.45216358,0.45216358
0.47086197,0.47086197
0.5308056,0.5308056
0.50896776,0.50896776
0.5008831,0.5008831
0.46716964,0.46716964
0.46711615,0.46711615
0.5059187,0.5059187
0.54384357,0.54384357
0.4060357,0.4060357
0.3544133,0.3544133
0.51897365,0.51897365
0.41949737,0.41949737
0.48024738,0.48024738
0.3530518,0.3530518
0.4827063,0.4827063
0.5538326,0.5538326
0.5228638,0.5228638
0.42183647,0.42183647
0.41189745,0.41189745
0.4525274,0.4525274
0.52068293,0.52068293
0.6817655,0.6817655
0.7040131,0.7040131
0.5736425,0.5736425
0.40820974,0.40820974
0.42976892,0.42976892
0.44668528,0.44668528
0.58149064,0.58149064
0.5233502,0.5233502
0.52300256,0.52300256
0.54917246,0.54917246
0.56932366,0.56932366
0.54290605,0.54290605
0.63361776,0.63361776
0.5764045,0.5764045
0.48746142,0.48746142
0.4983823,0.4983823
0.4786895,0.4786895
0.49360117,0.49360117
0.474645,0.474645
0.5238468,0.5238468
0.5138115,0.5138115
0.4728533,0.4728533
0.52625316,0.52625316
0.5277831,0.5277831
0.5277831,0.5277831
0.5277831,0.5277831
0.5277831,0.5277831
0.5277831,0.5277831
0.5277831,0.5277831
0.5277831,0.5277831
0.5277831,0.5277831
0.5277831,0.5277831
0.49655682,0.49655682
0.41730347,0.41730347
0.4164257,0.4164257
0.44237393,0.44237393
0.44439882,0.44439882
0.4863407,0.4863407
0.48984423,0.48984423
0.51331824,0.51331824
0.5037798,0.5037798
0.5140157,0.5140157
0.50763977,0.50763977
0.47224656,0.47224656
0.49800164,0.49800164
0.6804731,0.6804731
0.4716663,0.4716663
0.49581626,0.49581626
0.6142552,0.6142552
0.51603323,0.51603323
0.5807761,0.5807761
0.4805796,0.4805796
0.38191158,0.38191158
0.5082356,0.5082356
0.45747015,0.45747015
0.470206,0.470206
0.5390633,0.5390633
0.48831785,0.48831785
0.5103858,0.5103858
0.4765247,0.4765247
0.4794468,0.4794468
0.48673543,0.48673543
0.5549847,0.5549847
0.5277831,0.5277831
0.5277831,0.5277831
0.5277831,0.5277831
0.5277831,0.5277831
0.5277831,0.5277831
0.5277831,0.5277831
0.5277831,0.5277831
0.5277831,0.5277831
0.5277831,0.5277831
0.5277831,0.5277831
0.5277831,0.5277831
0.5277831,0.5277831
0.5277831,0.5277831
0.5277831,0.5277831
0.5277831,0.5277831
0.5277831,0.5277831
0.53565294,0.53565294
0.6610284,0.6610284
0.58630645,0.58630645
0.4505287,0.4505287
0.38334754,0.38334754
0.5226936,0.5226936
0.526118,0.526118
0.521794,0.521794
0.5055304,0.5055304
0.42354208,0.42354208
0.4656315,0.4656315
0.5237311,0.5237311
0.5340696,0.5340696
0.4649147,0.4649147
0.48852724,0.48852724
0.43724543,0.43724543
0.41459763,0.41459763
0.46964803,0.46964803
0.38021937,0.38021937
0.33928546,0.33928546
0.36958173,0.36958173
0.52612615,0.52612615
0.65981126,0.65981126
0.6246085,0.6246085
0.35877353,0.35877353
0.47597504,0.47597504
0.42107323,0.42107323
0.4447964,0.4447964
0.55155605,0.55155605
0.51398885,0.51398885
0.5041223,0.5041223
0.49409145,0.49409145
0.46130213,0.46130213
0.50972676,0.50972676
0.54595524,0.54595524
0.6199832,0.6199832
0.59222823,0.59222823
0.505298,0.505298
0.49142826,0.49142826
0.5545875,0.5545875
0.5824491,0.5824491
0.4995761,0.4995761
0.5120812,0.5120812
0.49885893,0.49885893
0.5617523,0.5617523
0.46447673,0.46447673
0.5163225,0.5163225
0.5277831,0.5277831
0.5277831,0.5277831
0.5277831,0.5277831
0.5277831,0.5277831
0.5277831,0.5277831
0.5277831,0.5277831
0.5277831,0.5277831
0.5277831,0.5277831
0.5277831,0.5277831
0.5277831,0.5277831
0.5277831,0.5277831
0.58431244,0.58431244
0.47063178,0.47063178
0.51458967,0.51458967
0.47332907,0.47332907
0.43123654,0.43123654
0.47686198,0.47686198
0.49316245,0.49316245
0.5383411,0.5383411
0.46776298,0.46776298
0.41139004,0.41139004
0.47462738,0.47462738
0.5526356,0.5526356
0.5293016,0.5293016
0.40415448,0.40415448
0.493346,0.493346
0.5382726,0.5382726
0.5069808,0.5069808
0.47989085,0.47989085
0.47624186,0.47624186
0.4428932,0.4428932
0.4789043,0.4789043
0.6275207,0.6275207
0.6386957,0.6386957
0.60029995,0.60029995
0.6068554,0.6068554
0.6049027,0.6049027
0.44039682,0.44039682
0.48847255,0.48847255
0.49302846,0.49302846
0.46250832,0.46250832
0.41427913,0.41427913
0.39049172,0.39049172
0.38376763,0.38376763
0.4680327,0.4680327
0.4481207,0.4481207
0.4780802,0.4780802
0.5190258,0.5190258
0.5096278,0.5096278
0.51477236,0.51477236
0.44584358,0.44584358
0.47929168,0.47929168
0.5774372,0.5774372
0.36810592,0.36810592
0.3616374,0.3616374
0.39731997,0.39731997
0.45262003,0.45262003
0.41400748,0.41400748
0.4532436,0.4532436
0.38893282,0.38893282
0.45907533,0.45907533
0.6104913,0.6104913
0.49318933,0.49318933
0.6390754,0.6390754
0.7251077,0.7251077
0.50149983,0.50149983
0.4461377,0.4461377
0.42735732,0.42735732
0.42790648,0.42790648
0.46673107,0.46673107
0.4629038,0.4629038
0.47547007,0.47547007
0.4950258,0.4950258
0.5422749,0.5422749
0.5028018,0.5028018
0.46276963,0.46276963
0.5256749,0.5256749
0.43352947,0.43352947
0.49365497,0.49365497
0.5348975,0.5348975
0.50774825,0.50774825
0.42999268,0.42999268
0.47727793,0.47727793
0.47960812,0.47960812
0.47279608,0.47279608
0.4498032,0.4498032
0.5286071,0.5286071
0.48219723,0.48219723
0.6035717,0.6035717
0.5136839,0.5136839
0.4185212,0.4185212
0.38836092,0.38836092
0.45493266,0.45493266
0.5474819,0.5474819
0.56302994,0.56302994
0.58827823,0.58827823
0.6028398,0.6028398
0.4805269,0.4805269
0.45186967,0.45186967
0.48897582,0.48897582
0.44912764,0.44912764
0.40910712,0.40910712
0.40939087,0.40939087
0.43254846,0.43254846
0.4791296,0.4791296
0.43542397,0.43542397
0.3542496,0.3542496
0.54717726,0.54717726
0.4713966,0.4713966
0.5038933,0.5038933
0.49620092,0.49620092
0.57829154,0.57829154
0.35545182,0.35545182
0.545267,0.545267
0.6630212,0.6630212
0.59674263,0.59674263
0.579768,0.579768
0.45257068,0.45257068
0.4967087,0.4967087
0.4776554,0.4776554
0.50710875,0.50710875
0.48212332,0.48212332
0.4799401,0.4799401
0.52092206,0.52092206
0.51295763,0.51295763
0.38180527,0.38180527
0.45760342,0.45760342
0.643391,0.643391
0.6730439,0.6730439
0.37336618,0.37336618
0.43909875,0.43909875
0.40266332,0.40266332
0.59329987,0.59329987
0.5621256,0.5621256
0.46481997,0.46481997
0.4895071,0.4895071
0.46764085,0.46764085
0.57601434,0.57601434
0.48455626,0.48455626
0.5699612,0.5699612
0.4388721,0.4388721
0.39588323,0.39588323
0.4021499,0.4021499
0.5658235,0.5658235
0.56265265,0.56265265
0.42838976,0.42838976
0.51091695,0.51091695
0.44066715,0.44066715
0.397676,0.397676
0.41798413,0.41798413
0.3849234,0.3849234
0.45429745,0.45429745
0.49276143,0.49276143
0.43095037,0.43095037
0.4806873,0.4806873
0.48765433,0.48765433
0.45212922,0.45212922
0.488823,0.488823
0.47257242,0.47257242
0.5721917,0.5721917
0.605753,0.605753
0.55567384,0.55567384
0.63627344,0.63627344
0.6754819,0.6754819
0.5795338,0.5795338
0.6002353,0.6002353
0.5076007,0.5076007
0.4691065,0.4691065
0.5750025,0.5750025
0.6011791,0.6011791
0.4536891,0.4536891
0.34351048,0.34351048
0.44080198,0.44080198
0.47801065,0.47801065
0.51899284,0.51899284
0.47713637,0.47713637
0.40416914,0.40416914
0.6547031,0.6547031
0.52787995,0.52787995
0.5998187,0.5998187
0.687006,0.687006
0.5848218,0.5848218
0.5032502,0.5032502
0.4572678,0.4572678
0.47819087,0.47819087
0.43144166,0.43144166
0.4556308,0.4556308
0.49583146,0.49583146
0.5273005,0.5273005
0.44505212,0.44505212
0.49715236,0.49715236
0.58730227,0.58730227
0.5269826,0.5269826
0.60074985,0.60074985
0.5788783,0.5788783
0.53394526,0.53394526
0.5677096,0.5677096
0.51535237,0.51535237
0.5957566,0.5957566
0.50911474,0.50911474
0.54832757,0.54832757
0.51316,0.51316
0.43248045,0.43248045
0.46307123,0.46307123
0.4823596,0.4823596
0.47799316,0.47799316
0.54548275,0.54548275
0.51773274,0.51773274
0.52512985,0.52512985
0.5319104,0.5319104
0.53413206,0.53413206
0.47625512,0.47625512
0.4316455,0.4316455
0.4585894,0.4585894
0.44528782,0.44528782
0.43604842,0.43604842
0.40125704,0.40125704
0.4253549,0.4253549
0.47382283,0.47382283
0.47173786,0.47173786
0.42601764,0.42601764
0.5221606,0.5221606
0.43601835,0.43601835
0.599025,0.599025
0.6705148,0.6705148
0.5223033,0.5223033
0.46110904,0.46110904
0.45326766,0.45326766
0.5214958,0.5214958
0.44527888,0.44527888
0.44154596,0.44154596
0.4626524,0.4626524
0.41283455,0.41283455
0.49136153,0.49136153
0.5227834,0.5227834
0.55871826,0.55871826
0.5630451,0.5630451
0.5116967,0.5116967
0.59472305,0.59472305
0.5379231,0.5379231
0.45328525,0.45328525
0.4685383,0.4685383
0.39197615,0.39197615
0.3961209,0.3961209
0.5984374,0.5984374
0.6050036,0.6050036
0.6327954,0.6327954
0.60736024,0.60736024
0.41426456,0.41426456
0.4674908,0.4674908
0.41436335,0.41436335
0.6129262,0.6129262
0.62481767,0.62481767
0.5959418,0.5959418
0.65575933,0.65575933
0.7004175,0.7004175
0.4783664,0.4783664
0.5581937,0.5581937
0.5637254,0.5637254
0.48981258,0.48981258
0.5084474,0.5084474
0.46586555,0.46586555
0.53858757,0.53858757
0.5046342,0.5046342
0.4769322,0.4769322
0.4610002,0.4610002
0.4599272,0.4599272
0.4471788,0.4471788
0.41322672,0.41322672
0.43546078,0.43546078
0.44839644,0.44839644
0.4186295,0.4186295
0.41451356,0.41451356
0.3899783,0.3899783
0.4402174,0.4402174
0.40208334,0.40208334
0.3702239,0.3702239
0.46916202,0.46916202
0.4753918,0.4753918
0.43003857,0.43003857
0.43269604,0.43269604
0.41385052,0.41385052
0.47134185,0.47134185
0.44866922,0.44866922
0.6066727,0.6066727
0.47943923,0.47943923
0.466643,0.466643
0.49879506,0.49879506
0.55237424,0.55237424
0.53770083,0.53770083
0.5219981,0.5219981
0.51502556,0.51502556
0.5334045,0.5334045
0.54940534,0.54940534
0.46699306,0.46699306
0.508251,0.508251
0.40256783,0.40256783
0.5831806,0.5831806
0.6480475,0.6480475
0.47865972,0.47865972
0.46756312,0.46756312
0.63438743,0.63438743
0.44088933,0.44088933
0.418438,0.418438
0.42435688,0.42435688
0.40496913,0.40496913
0.40365297,0.40365297
0.4393971,0.4393971
0.45223996,0.45223996
0.42319226,0.42319226
0.4758789,0.4758789
0.46747527,0.46747527
0.59716517,0.59716517
0.5257917,0.5257917
0.41761914,0.41761914
0.4647539,0.4647539
0.52837723,0.52837723
0.65398437,0.65398437
0.5867317,0.5867317
0.5666968,0.5666968
0.658018,0.658018
0.4131089,0.4131089
0.5103953,0.5103953
0.52336484,0.52336484
0.52475905,0.52475905
0.410997,0.410997
0.5066142,0.5066142
0.41376263,0.41376263
0.4286348,0.4286348
0.44226545,0.44226545
0.45838323,0.45838323
0.46220943,0.46220943
0.4431811,0.4431811
0.4279715,0.4279715
0.3995683,0.3995683
0.3771816,0.3771816
0.5745413,0.5745413
0.45198616,0.45198616
0.3473167,0.3473167
0.45660338,0.45660338
0.5182062,0.5182062
0.4515212,0.4515212
0.4792724,0.4792724
0.45159218,0.45159218
0.41070226,0.41070226
0.493657,0.493657
0.5077965,0.5077965
0.53667384,0.53667384
0.5149799,0.5149799
0.5277831,0.5277831
0.5277831,0.5277831
0.5277831,0.5277831
0.5277831,0.5277831
0.5277831,0.5277831
0.5277831,0.5277831
0.5277831,0.5277831
0.5277831,0.5277831
0.5277831,0.5277831
0.5277831,0.5277831
0.5277831,0.5277831
0.5277831,0.5277831
0.5277831,0.5277831
0.5277831,0.5277831
0.5277831,0.5277831
0.5277831,0.5277831
0.5277831,0.5277831
0.5277831,0.5277831
0.5277831,0.5277831
0.53628516,0.53628516
0.5019845,0.5019845
0.4996742,0.4996742
0.5495693,0.5495693
0.37648407,0.37648407
0.4272545,0.4272545
0.41538453,0.41538453
0.4670639,0.4670639
0.4825029,0.4825029
0.4957774,0.4957774
0.4889125,0.4889125
0.48084325,0.48084325
0.4561861,0.4561861
0.5685708,0.5685708
0.47607917,0.47607917
0.5150469,0.5150469
0.47406006,0.47406006
0.45379403,0.45379403
0.46674865,0.46674865
0.49286926,0.49286926
0.53079486,0.53079486
0.46939448,0.46939448
0.48816752,0.48816752
0.50009155,0.50009155
0.53485125,0.53485125
0.5358645,0.5358645
0.5277831,0.5277831
0.5277831,0.5277831
0.5277831,0.5277831
0.5277831,0.5277831
0.5277831,0.5277831
0.5277831,0.5277831
0.5277831,0.5277831
0.5277831,0.5277831
0.5277831,0.5277831
0.5277831,0.5277831
0.5277831,0.5277831
0.5277831,0.5277831
0.5277831,0.5277831
0.5277831,0.5277831
0.5277831,0.5277831
0.5277831,0.5277831
0.5277831,0.5277831
0.5277831,0.5277831
0.5277831,0.5277831
0.5277831,0.5277831
0.5277831,0.5277831
0.5277831,0.5277831
0.5277831,0.5277831
0.5277831,0.5277831
0.5277831,0.5277831
0.5277831,0.5277831
0.5277831,0.5277831
0.5277831,0.5277831
0.5277831,0.5277831
0.5277831,0.5277831
0.5277831,0.5277831
0.5277831,0.5277831
0.5277831,0.5277831
0.5277831,0.5277831
0.5277831,0.5277831
0.5277831,0.5277831
0.5277831,0.5277831
0.5277831,0.5277831
0.5277831,0.5277831
0.5277831,0.5277831
0.5277831,0.5277831
0.5277831,0.5277831
0.5277831,0.5277831
0.5417221,0.5417221
0.5029422,0.5029422
0.4990004,0.4990004
0.49291766,0.49291766
0.44771197,0.44771197
0.43253627,0.43253627
0.39889523,0.39889523
0.45460922,0.45460922
0.43949953,0.43949953
0.38291183,0.38291183
0.38758254,0.38758254
0.39762583,0.39762583
0.40111414,0.40111414
0.4077586,0.4077586
0.48702934,0.48702934
0.45955026,0.45955026
0.5120954,0.5120954
0.49271327,0.49271327
0.42352456,0.42352456
0.49153847,0.49153847
0.4506437,0.4506437
0.5267468,0.5267468
0.44493946,0.44493946
0.4768486,0.4768486
0.4447333,0.4447333
0.52667,0.52667
0.54536384,0.54536384
0.5093941,0.5093941
0.5277831,0.5277831
0.5277831,0.5277831
0.5277831,0.5277831
0.5277831,0.5277831
0.5277831,0.5277831
0.53700656,0.53700656
0.47006157,0.47006157
0.5382975,0.5382975
0.5227431,0.5227431
0.5168551,0.5168551
0.4979751,0.4979751
0.50286365,0.50286365
0.48955846,0.48955846
0.59044176,0.59044176
0.45732698,0.45732698
0.595345,0.595345
0.49888763,0.49888763
0.53257215,0.53257215
0.50580573,0.50580573
0.47035706,0.47035706
0.48702502,0.48702502
0.50738406,0.50738406
0.55056196,0.55056196
0.4784395,0.4784395
0.4667725,0.4667725
0.54741263,0.54741263
0.48130417,0.48130417
0.5277831,0.5277831
0.5277831,0.5277831
0.5277831,0.5277831
0.5277831,0.5277831
0.5277831,0.5277831
0.5277831,0.5277831
0.5277831,0.5277831
0.5277831,0.5277831
0.5277831,0.5277831
0.5277831,0.5277831
0.5277831,0.5277831
0.5277831,0.5277831
0.5277831,0.5277831
0.5277831,0.5277831
0.5277831,0.5277831
0.5277831,0.5277831
0.5277831,0.5277831
0.5277831,0.5277831
0.5277831,0.5277831
0.5277831,0.5277831
0.5277831,0.5277831
0.5277831,0.5277831
0.5277831,0.5277831
0.5277831,0.5277831
0.5277831,0.5277831
0.5277831,0.5277831
0.5277831,0.5277831
0.5277831,0.5277831
0.5277831,0.5277831
0.5277831,0.5277831
0.5277831,0.5277831
0.5277831,0.5277831
0.5277831,0.5277831
0.5277831,0.5277831
0.5277831,0.5277831
0.5277831,0.5277831
0.5277831,0.5277831
0.5277831,0.5277831
0.5277831,0.5277831
0.5277831,0.5277831
0.5277831,0.5277831
0.5277831,0.5277831
0.5277831,0.5277831
0.5277831,0.5277831
0.5277831,0.5277831
0.5277831,0.5277831
0.5277831,0.5277831
0.5310124,0.5310124
0.42796978,0.42796978
0.44639996,0.44639996
0.48238084,0.48238084
0.5637755,0.5637755
0.5870623,0.5870623
0.52678335,0.52678335
0.44506273,0.44506273
0.39634648,0.39634648
0.55446285,0.55446285
0.53431183,0.53431183
0.51919895,0.51919895
0.45835382,0.45835382
0.6615766,0.6615766
0.64293504,0.64293504
0.54753387,0.54753387
0.41430312,0.41430312
0.48964348,0.48964348
0.4271504,0.4271504
0.6094757,0.6094757
0.47222567,0.47222567
0.47603118,0.47603118
0.44247213,0.44247213
0.44238618,0.44238618
0.42562103,0.42562103
0.46871114,0.46871114
0.4709881,0.4709881
0.47168654,0.47168654
0.4608103,0.4608103
0.44622874,0.44622874
0.6032769,0.6032769
0.57218623,0.57218623
0.46664518,0.46664518
0.4857573,0.4857573
0.46750373,0.46750373
0.49630544,0.49630544
0.4784363,0.4784363
0.51162183,0.51162183
0.56291336,0.56291336
0.3893485,0.3893485
0.38793874,0.38793874
0.42452672,0.42452672
0.43353596,0.43353596
0.4713683,0.4713683
0.47095102,0.47095102
0.43714502,0.43714502
0.48538435,0.48538435
0.6016012,0.6016012
0.57174796,0.57174796
0.4505594,0.4505594
0.42056796,0.42056796
0.47298816,0.47298816
0.4651917,0.4651917
0.42111588,0.42111588
0.46302748,0.46302748
0.5594777,0.5594777
0.45437396,0.45437396
0.53970194,0.53970194
0.44821787,0.44821787
0.43714163,0.43714163
0.43162104,0.43162104
0.616081,0.616081
0.46042505,0.46042505
0.61695117,0.61695117
0.45374113,0.45374113
0.42008454,0.42008454
0.48033345,0.48033345
0.67375636,0.67375636
0.5108066,0.5108066
0.5231647,0.5231647
0.51457167,0.51457167
0.618501,0.618501
0.59705937,0.59705937
0.5805267,0.5805267
0.54728925,0.54728925
0.5928024,0.5928024
0.6455395,0.6455395
0.66763985,0.66763985
0.6686534,0.6686534
0.46955213,0.46955213
0.47746357,0.47746357
0.50725025,0.50725025
0.42045295,0.42045295
0.46090117,0.46090117
0.46370158,0.46370158
0.513101,0.513101
0.4310763,0.4310763
0.38996676,0.38996676
0.4855982,0.4855982
0.44208694,0.44208694
0.4171301,0.4171301
0.41179106,0.41179106
0.630258,0.630258
0.43633398,0.43633398
0.43506202,0.43506202
0.51515454,0.51515454
0.40823156,0.40823156
0.43944737,0.43944737
0.40887222,0.40887222
0.4963406,0.4963406
0.5172049,0.5172049
0.45129517,0.45129517
0.48164666,0.48164666
0.5342202,0.5342202
0.47272214,0.47272214
0.5468507,0.5468507
0.43217868,0.43217868
0.45047173,0.45047173
0.5436155,0.5436155
0.63392377,0.63392377
0.50932467,0.50932467
0.50166947,0.50166947
0.48702925,0.48702925
0.5746629,0.5746629
0.51858,0.51858
0.52652967,0.52652967
0.5162579,0.5162579
0.4536405,0.4536405
0.49819264,0.49819264
0.45608026,0.45608026
0.5241561,0.5241561
0.48859408,0.48859408
0.60215294,0.60215294
0.6185543,0.6185543
0.52962434,0.52962434
0.6917674,0.6917674
0.6223261,0.6223261
0.38254407,0.38254407
0.4098553,0.4098553
0.35116503,0.35116503
0.5456513,0.5456513
0.6076423,0.6076423
0.57226,0.57226
0.48634985,0.48634985
0.4746123,0.4746123
0.46557707,0.46557707
0.5213734,0.5213734
0.48429114,0.48429114
0.5291595,0.5291595
0.5275477,0.5275477
0.53107363,0.53107363
0.5855905,0.5855905
0.55778414,0.55778414
0.6133368,0.6133368
0.510255,0.510255
0.521404,0.521404
0.55220133,0.55220133
0.5671125,0.5671125
0.55715024,0.55715024
0.46294904,0.46294904
0.5008811,0.5008811
0.46584678,0.46584678
0.48613286,0.48613286
0.48739564,0.48739564
0.48161158,0.48161158
0.5277831,0.5277831
0.5277831,0.5277831
0.5277831,0.5277831
0.5277831,0.5277831
0.5277831,0.5277831
0.5277831,0.5277831
0.5277831,0.5277831
0.5277831,0.5277831
0.5277831,0.5277831
0.5277831,0.5277831
0.5277831,0.5277831
0.5277831,0.5277831
0.5277831,0.5277831
0.5277831,0.5277831
0.5277831,0.5277831
0.5277831,0.5277831
0.5277831,0.5277831
0.5277831,0.5277831
0.5277831,0.5277831
0.5277831,0.5277831
0.5277831,0.5277831
0.5277831,0.5277831
0.5277831,0.5277831
0.5277831,0.5277831
0.5277831,0.5277831
0.55474216,0.55474216
0.510734,0.510734
0.48620138,0.48620138
0.46874836,0.46874836
0.41254598,0.41254598
0.4809049,0.4809049
0.42686585,0.42686585
0.47183976,0.47183976
0.43072054,0.43072054
0.42782733,0.42782733
0.44068468,0.44068468
0.42930627,0.42930627
0.40880567,0.40880567
0.4329266,0.4329266
0.41088247,0.41088247
0.43504184,0.43504184
0.47589856,0.47589856
0.6095887,0.6095887
0.57607424,0.57607424
0.5373332,0.5373332
0.43849424,0.43849424
0.40159142,0.40159142
0.4724726,0.4724726
0.5634251,0.5634251
0.39436087,0.39436087
0.4415322,0.4415322
0.44356456,0.44356456
0.42570922,0.42570922
0.44175726,0.44175726
0.39863348,0.39863348
0.37887695,0.37887695
0.6892715,0.6892715
0.62230444,0.62230444
0.66616356,0.66616356
0.4728844,0.4728844
0.40583202,0.40583202
0.42620605,0.42620605
0.49184975,0.49184975
0.4381285,0.4381285
0.45547128,0.45547128
0.45447806,0.45447806
0.4536942,0.4536942
0.42719844,0.42719844
0.51858735,0.51858735
0.4827269,0.4827269
0.49889764,0.49889764
0.5217683,0.5217683
0.5384677,0.5384677
0.5783224,0.5783224
0.50865006,0.50865006
0.50443065,0.50443065
0.5163772,0.5163772
0.4791067,0.4791067
0.5277831,0.5277831
0.5277831,0.5277831
0.5277831,0.5277831
0.5277831,0.5277831
0.5277831,0.5277831
0.5277831,0.5277831
0.5277831,0.5277831
0.5277831,0.5277831
0.5277831,0.5277831
0.5277831,0.5277831
0.5277831,0.5277831
0.5277831,0.5277831
0.5277831,0.5277831
0.5277831,0.5277831
0.5277831,0.5277831
0.5277831,0.5277831
0.5277831,0.5277831
0.5277831,0.5277831
0.5277831,0.5277831
0.5277831,0.5277831
0.5277831,0.5277831
0.5277831,0.5277831
0.5277831,0.5277831
0.5277831,0.5277831
0.5277831,0.5277831
0.5277831,0.5277831
0.5277831,0.5277831
0.5277831,0.5277831
0.5277831,0.5277831
0.5277831,0.5277831
0.5277831,0.5277831
0.5277831,0.5277831
0.5277831,0.5277831
0.5277831,0.5277831
0.5277831,0.5277831
0.5277831,0.5277831
0.5277831,0.5277831
0.5277831,0.5277831
0.5277831,0.5277831
0.5277831,0.5277831
0.5277831,0.5277831
0.5277831,0.5277831
0.5277831,0.5277831
0.5277831,0.5277831
0.5277831,0.5277831
0.5277831,0.5277831
0.5277831,0.5277831
0.5277831,0.5277831
0.5277831,0.5277831
0.5277831,0.5277831
0.5277831,0.5277831
0.5277831,0.5277831
0.5277831,0.5277831
0.5277831,0.5277831
0.5277831,0.5277831
0.5277831,0.5277831
0.5277831,0.5277831
0.5277831,0.5277831
0.5277831,0.5277831
0.5277831,0.5277831
0.5277831,0.5277831
0.5277831,0.5277831
0.5277831,0.5277831
0.5277831,0.5277831
0.5277831,0.5277831
0.5277831,0.5277831
0.5277831,0.5277831
0.5277831,0.5277831
0.5277831,0.5277831
0.5277831,0.5277831
0.5277831,0.5277831
0.5277831,0.5277831
0.495749,0.495749
0.38361445,0.38361445
0.52527606,0.52527606
0.46886614,0.46886614
0.45696136,0.45696136
0.48234648,0.48234648
0.49520913,0.49520913
0.45109934,0.45109934
0.6010632,0.6010632
0.4663959,0.4663959
0.5123211,0.5123211
0.48015955,0.48015955
0.49020377,0.49020377
0.5198135,0.5198135
0.4379064,0.4379064
0.5257118,0.5257118
0.4239199,0.4239199
0.37731737,0.37731737
0.34326267,0.34326267
0.5515865,0.5515865
0.5277831,0.5277831
0.5277831,0.5277831
0.5277831,0.5277831
0.5277831,0.5277831
0.5277831,0.5277831
0.5277831,0.5277831
0.5277831,0.5277831
0.5277831,0.5277831
0.5277831,0.5277831
0.5277831,0.5277831
0.5277831,0.5277831
0.5277831,0.5277831
0.5277831,0.5277831
0.5277831,0.5277831
0.5277831,0.5277831
0.5277831,0.5277831
0.5277831,0.5277831
0.5277831,0.5277831
0.5277831,0.5277831
0.5277831,0.5277831
0.5277831,0.5277831
0.5277831,0.5277831
0.5277831,0.5277831
0.5277831,0.5277831
0.5277831,0.5277831
0.5277831,0.5277831
0.5277831,0.5277831
0.5277831,0.5277831
0.5277831,0.5277831
0.5277831,0.5277831
0.5277831,0.5277831
0.5277831,0.5277831
0.5281392,0.5281392
0.4479539,0.4479539
0.39650527,0.39650527
0.4138947,0.4138947
0.4693081,0.4693081
0.53057975,0.53057975
0.37488756,0.37488756
0.4574787,0.4574787
0.44219536,0.44219536
0.43160263,0.43160263
0.44502205,0.44502205
0.4096291,0.4096291
0.4375209,0.4375209
0.55250525,0.55250525
0.5351577,0.5351577
0.46609893,0.46609893
0.33596554,0.33596554
0.41932145,0.41932145
0.4730735,0.4730735
0.3887151,0.3887151
0.5217015,0.5217015
0.54616123,0.54616123
0.51832724,0.51832724
0.5050665,0.5050665
0.46051675,0.46051675
0.5050951,0.5050951
0.48198378,0.48198378
0.46647167,0.46647167
0.5251525,0.5251525
0.5277831,0.5277831
0.5277831,0.5277831
0.5277831,0.5277831
0.5277831,0.5277831
0.5277831,0.5277831
0.5277831,0.5277831
0.5277831,0.5277831
0.5277831,0.5277831
0.5277831,0.5277831
0.5277831,0.5277831
0.5277831,0.5277831
0.5277831,0.5277831
0.5277831,0.5277831
0.5277831,0.5277831
0.5277831,0.5277831
0.5277831,0.5277831
0.5277831,0.5277831
0.5277831,0.5277831
0.5277831,0.5277831
0.5277831,0.5277831
0.5277831,0.5277831
0.5542255,0.5542255
0.3927114,0.3927114
0.41960427,0.41960427
0.49839863,0.49839863
0.4171063,0.4171063
0.5367475,0.5367475
0.4751012,0.4751012
0.55680925,0.55680925
0.39921752,0.39921752
0.4441524,0.4441524
0.5421513,0.5421513
0.49310926,0.49310926
0.4976219,0.4976219
0.45343852,0.45343852
0.3869923,0.3869923
0.4288458,0.4288458
0.35930204,0.35930204
0.424483,0.424483
0.36540473,0.36540473
0.55933946,0.55933946
0.5331104,0.5331104
0.5811321,0.5811321
0.49159548,0.49159548
0.43830702,0.43830702
0.5186231,0.5186231
0.5246641,0.5246641
0.497362,0.497362
0.49630553,0.49630553
0.4373493,0.4373493
0.46741152,0.46741152
0.5103588,0.5103588
0.48048702,0.48048702
0.55143,0.55143
0.40996987,0.40996987
0.5542154,0.5542154
0.5152475,0.5152475
0.54646164,0.54646164
0.5277831,0.5277831
0.5277831,0.5277831
0.5277831,0.5277831
0.5277831,0.5277831
0.5277831,0.5277831
0.5277831,0.5277831
0.5277831,0.5277831
0.5277831,0.5277831
0.5277831,0.5277831
0.5277831,0.5277831
0.5277831,0.5277831
0.5277831,0.5277831
0.5277831,0.5277831
0.5277831,0.5277831
0.5277831,0.5277831
0.5277831,0.5277831
0.5277831,0.5277831
0.5277831,0.5277831
0.5277831,0.5277831
0.5277831,0.5277831
0.5277831,0.5277831
0.5277831,0.5277831
0.5277831,0.5277831
0.53252697,0.53252697
0.5923816,0.5923816
0.60649806,0.60649806
0.4447087,0.4447087
0.48136774,0.48136774
0.4170404,0.4170404
0.37896535,0.37896535
0.5388098,0.5388098
0.40061328,0.40061328
0.50200635,0.50200635
0.52748275,0.52748275
0.5061927,0.5061927
0.5473057,0.5473057
0.50728965,0.50728965
0.5035099,0.5035099
0.5034505,0.5034505
0.5289854,0.5289854
0.51446456,0.51446456
0.4348562,0.4348562
0.45178828,0.45178828
0.5224498,0.5224498
0.5277831,0.5277831
0.5277831,0.5277831
0.5277831,0.5277831
0.5277831,0.5277831
0.5277831,0.5277831
0.5277831,0.5277831
0.5277831,0.5277831
0.5277831,0.5277831
0.5277831,0.5277831
0.5277831,0.5277831
0.5277831,0.5277831
0.5277831,0.5277831
0.5277831,0.5277831
0.5277831,0.5277831
0.5277831,0.5277831
0.5277831,0.5277831
0.5277831,0.5277831
0.5277831,0.5277831
0.5277831,0.5277831
0.5277831,0.5277831
0.5277831,0.5277831
0.5277831,0.5277831
0.5277831,0.5277831
0.5277831,0.5277831
0.5277831,0.5277831
0.5277831,0.5277831
0.5277831,0.5277831
0.5277831,0.5277831
0.5277831,0.5277831
0.5277831,0.5277831
0.5277831,0.5277831
0.5277831,0.5277831
0.5277831,0.5277831
0.5277831,0.5277831
0.5277831,0.5277831
0.5277831,0.5277831
0.5277831,0.5277831
0.5277831,0.5277831
0.5277831,0.5277831
0.5277831,0.5277831
0.5277831,0.5277831
0.5277831,0.5277831
0.5277831,0.5277831
0.5277831,0.5277831
0.5277831,0.5277831
0.5277831,0.5277831
0.5277831,0.5277831
0.5277831,0.5277831
0.5277831,0.5277831
0.5277831,0.5277831
0.5277831,0.5277831
0.5277831,0.5277831
0.5277831,0.5277831
0.5277831,0.5277831
0.5277831,0.5277831
0.5277831,0.5277831
0.5277831,0.5277831
0.5277831,0.5277831
0.5277831,0.5277831
0.5277831,0.5277831
0.5277831,0.5277831
0.5277831,0.5277831
0.5277831,0.5277831
0.5277831,0.5277831
0.5277831,0.5277831
0.5277831,0.5277831
0.5277831,0.5277831
0.5277831,0.5277831
0.5277831,0.5277831
0.5277831,0.5277831
0.5277831,0.5277831
0.5277831,0.5277831
0.5277831,0.5277831
0.5277831,0.5277831
0.5277831,0.5277831
0.5277831,0.5277831
0.5277831,0.5277831
0.5277831,0.5277831
0.5277831,0.5277831
0.5277831,0.5277831
0.5277831,0.5277831
0.5277831,0.5277831
0.5277831,0.5277831
0.5277831,0.5277831
0.5277831,0.5277831
0.5277831,0.5277831
0.5277831,0.5277831
0.5277831,0.5277831
0.5277831,0.5277831
0.5277831,0.5277831
0.5277831,0.5277831
0.5277831,0.5277831
0.5277831,0.5277831
0.5277831,0.5277831
0.5277831,0.5277831
0.5277831,0.5277831
0.5277831,0.5277831
0.5277831,0.5277831
0.5277831,0.5277831
0.5281392,0.5281392
0.535596,0.535596
0.44074643,0.44074643
0.4050506,0.4050506
0.38909167,0.38909167
0.35764763,0.35764763
0.38192922,0.38192922
0.3529646,0.3529646
0.5268331,0.5268331
0.375848,0.375848
0.40296116,0.40296116
0.44747657,0.44747657
0.53594315,0.53594315
0.5251139,0.5251139
0.5113863,0.5113863
0.4355996,0.4355996
0.5242652,0.5242652
0.5222694,0.5222694
0.36856893,0.36856893
0.46056095,0.46056095
0.34283036,0.34283036
0.3822373,0.3822373
0.451728,0.451728
0.43020982,0.43020982
0.34041697,0.34041697
0.46960112,0.46960112
0.29170918,0.29170918
0.5877656,0.5877656
0.6387255,0.6387255
0.46186218,0.46186218
0.39439464,0.39439464
0.35265505,0.35265505
0.35687143,0.35687143
0.40881506,0.40881506
0.45018244,0.45018244
0.41657984,0.41657984
0.4980918,0.4980918
0.5227395,0.5227395
0.36388263,0.36388263
0.42615122,0.42615122
0.4611184,0.4611184
0.46060795,0.46060795
0.4835174,0.4835174
0.4126596,0.4126596
0.46170294,0.46170294
0.48543888,0.48543888
0.43002468,0.43002468
0.4158101,0.4158101
0.36535013,0.36535013
0.426928,0.426928
0.45440283,0.45440283
0.39151224,0.39151224
0.42907795,0.42907795
0.48200992,0.48200992
0.39397153,0.39397153
0.5131232,0.5131232
0.4390229,0.4390229
0.39083397,0.39083397
0.5146938,0.5146938
0.45125547,0.45125547
0.3997234,0.3997234
0.46835157,0.46835157
0.5808973,0.5808973
0.5064538,0.5064538
0.49158013,0.49158013
0.48783877,0.48783877
0.47468314,0.47468314
0.5074756,0.5074756
0.5090539,0.5090539
0.46949378,0.46949378
0.5427288,0.5427288
0.44015446,0.44015446
0.48260206,0.48260206
0.52701634,0.52701634
0.54245406,0.54245406
0.3515023,0.3515023
0.4201085,0.4201085
0.44184327,0.44184327
0.47503546,0.47503546
0.49659827,0.49659827
0.3031806,0.3031806
0.37456217,0.37456217
0.3777366,0.3777366
0.4274983,0.4274983
0.42893037,0.42893037
0.49828768,0.49828768
0.46836212,0.46836212
0.38515958,0.38515958
0.3470974,0.3470974
0.4522612,0.4522612
0.3888445,0.3888445
0.43723464,0.43723464
0.5557738,0.5557738
0.5933779,0.5933779
0.5420631,0.5420631
0.43419215,0.43419215
0.3909852,0.3909852
0.48118213,0.48118213
0.39489084,0.39489084
0.375953,0.375953
0.42948052,0.42948052
0.39573368,0.39573368
0.6564605,0.6564605
0.36962393,0.36962393
0.4675091,0.4675091
0.56301576,0.56301576
0.47441122,0.47441122
0.32334277,0.32334277
0.5171893,0.5171893
0.5691942,0.5691942
0.5567842,0.5567842
0.3581076,0.3581076
0.42036062,0.42036062
0.37339282,0.37339282
0.700446,0.700446
0.35076362,0.35076362
0.37352863,0.37352863
0.4421218,0.4421218
0.39353102,0.39353102
0.56268084,0.56268084
0.5339801,0.5339801
0.41480833,0.41480833
0.42168528,0.42168528
0.40609875,0.40609875
0.39298764,0.39298764
0.5357101,0.5357101
0.5785653,0.5785653
0.51409787,0.51409787
0.47942626,0.47942626
0.46086654,0.46086654
0.5106859,0.5106859
0.4665758,0.4665758
0.3950516,0.3950516
0.4516929,0.4516929
0.631891,0.631891
0.52463984,0.52463984
0.56788474,0.56788474
0.6077946,0.6077946
0.5568446,0.5568446
0.63552684,0.63552684
0.49243632,0.49243632
0.55420476,0.55420476
0.50492585,0.50492585
0.45646983,0.45646983
0.48646638,0.48646638
0.52526295,0.52526295
0.62431717,0.62431717
0.45733607,0.45733607
0.44950023,0.44950023
0.45083585,0.45083585
0.43310204,0.43310204
0.4341266,0.4341266
0.46991888,0.46991888
0.43910512,0.43910512
0.40009382,0.40009382
0.3714207,0.3714207
0.46825966,0.46825966
0.40914628,0.40914628
0.3881775,0.3881775
0.3940509,0.3940509
0.47152546,0.47152546
0.3919685,0.3919685
0.40680465,0.40680465
0.32605138,0.32605138
0.3575951,0.3575951
0.28294304,0.28294304
0.4757818,0.4757818
0.3687342,0.3687342
0.4234108,0.4234108
0.48279685,0.48279685
0.45965746,0.45965746
0.4653349,0.4653349
0.42172974,0.42172974
0.4303555,0.4303555
0.40627012,0.40627012
0.4737059,0.4737059
0.42227554,0.42227554
0.39459562,0.39459562
0.46423653,0.46423653
0.32412723,0.32412723
0.37604493,0.37604493
0.3951879,0.3951879
0.4993568,0.4993568
0.55303335,0.55303335
0.5473441,0.5473441
0.44994637,0.44994637
0.3915407,0.3915407
0.5517208,0.5517208
0.67569417,0.67569417
0.32759836,0.32759836
0.33976424,0.33976424
0.5588376,0.5588376
0.33318993,0.33318993
0.33168307,0.33168307
0.4078831,0.4078831
0.30207062,0.30207062
0.36777693,0.36777693
0.5062712,0.5062712
0.4588951,0.4588951
0.48077214,0.48077214
0.49476248,0.49476248
0.2876585,0.2876585
0.35535747,0.35535747
0.4642946,0.4642946
0.44613984,0.44613984
0.3505024,0.3505024
0.37107995,0.37107995
0.3972281,0.3972281
0.46363047,0.46363047
0.36589587,0.36589587
0.3841524,0.3841524
0.5332454,0.5332454
0.5542267,0.5542267
0.45322675,0.45322675
0.37859887,0.37859887
0.451875,0.451875
0.39488673,0.39488673
0.38354796,0.38354796
0.33788803,0.33788803
0.4767659,0.4767659
0.51962984,0.51962984
0.3419834,0.3419834
0.5548749,0.5548749
0.36136237,0.36136237
0.40563938,0.40563938
0.5544476,0.5544476
0.38438535,0.38438535
0.4181083,0.4181083
0.4159306,0.4159306
0.3975095,0.3975095
0.36793745,0.36793745
0.48206207,0.48206207
0.5229244,0.5229244
0.59206367,0.59206367
0.34848407,0.34848407
0.37288204,0.37288204
0.40139276,0.40139276
0.5463507,0.5463507
0.6618126,0.6618126
0.5849697,0.5849697
0.26363683,0.26363683
0.38370934,0.38370934
0.34383392,0.34383392
0.4553345,0.4553345
0.52016544,0.52016544
0.55372405,0.55372405
0.42845547,0.42845547
0.33662012,0.33662012
0.5301617,0.5301617
0.55980176,0.55980176
0.544389,0.544389
0.50323004,0.50323004
0.46278754,0.46278754
0.5435159,0.5435159
0.5382514,0.5382514
0.52382153,0.52382153
0.5635509,0.5635509
0.6330427,0.6330427
0.5029366,0.5029366
0.31797734,0.31797734
0.34989986,0.34989986
0.39765227,0.39765227
0.33507007,0.33507007
0.5012007,0.5012007
0.3882845,0.3882845
0.5454385,0.5454385
0.4350751,0.4350751
0.33749205,0.33749205
0.351132,0.351132
0.63553494,0.63553494
0.40752456,0.40752456
0.37674388,0.37674388
0.2841323,0.2841323
0.38888732,0.38888732
0.36449924,0.36449924
0.40320516,0.40320516
0.5077289,0.5077289
0.5452499,0.5452499
0.32172635,0.32172635
0.3587459,0.3587459
0.40075547,0.40075547
0.4727353,0.4727353
0.5056391,0.5056391
0.4228851,0.4228851
0.34190366,0.34190366
0.31831232,0.31831232
0.5163045,0.5163045
0.52874786,0.52874786
0.44240385,0.44240385
0.38712403,0.38712403
0.5204644,0.5204644
0.5334481,0.5334481
0.43273568,0.43273568
0.51032615,0.51032615
0.5524423,0.5524423
0.4983589,0.4983589
0.5345907,0.5345907
0.53130245,0.53130245
0.54713607,0.54713607
0.5277831,0.5277831
0.5277831,0.5277831
0.5277831,0.5277831
0.5277831,0.5277831
0.5277831,0.5277831
0.5277831,0.5277831
0.5277831,0.5277831
0.5277831,0.5277831
0.5277831,0.5277831
0.5277831,0.5277831
0.5277831,0.5277831
0.5277831,0.5277831
0.5277831,0.5277831
0.5277831,0.5277831
0.5277831,0.5277831
0.5277831,0.5277831
0.5277831,0.5277831
0.5277831,0.5277831
0.5277831,0.5277831
0.5277831,0.5277831
0.5277831,0.5277831
0.5277831,0.5277831
0.5277831,0.5277831
0.5277831,0.5277831
0.5277831,0.5277831
0.5277831,0.5277831
0.5277831,0.5277831
0.5277831,0.5277831
0.5277831,0.5277831
0.5277831,0.5277831
0.5277831,0.5277831
0.5277831,0.5277831
0.5277831,0.5277831
0.5277831,0.5277831
0.5277831,0.5277831
0.5277831,0.5277831
0.5277831,0.5277831
0.5277831,0.5277831
0.5277831,0.5277831
0.5277831,0.5277831
0.5277831,0.5277831
0.5277831,0.5277831
0.5277831,0.5277831
0.5277831,0.5277831
0.5277831,0.5277831
0.5277831,0.5277831
0.5277831,0.5277831
0.5277831,0.5277831
0.5277831,0.5277831
0.5277831,0.5277831
0.5277831,0.5277831
0.5277831,0.5277831
0.5277831,0.5277831
0.5277831,0.5277831
0.5277831,0.5277831
0.5277831,0.5277831
0.5277831,0.5277831
0.5277831,0.5277831
0.5277831,0.5277831
0.5277831,0.5277831
0.5277831,0.5277831
0.5277831,0.5277831
0.5277831,0.5277831
0.5277831,0.5277831
0.5277831,0.5277831
0.5277831,0.5277831
0.5277831,0.5277831
0.5277831,0.5277831
0.5277831,0.5277831
0.5277831,0.5277831
0.5277831,0.5277831
0.5277831,0.5277831
0.5277831,0.5277831
0.5277831,0.5277831
0.5277831,0.5277831
0.5277831,0.5277831
0.5277831,0.5277831
0.5277831,0.5277831
0.5277831,0.5277831
0.5277831,0.5277831
0.5277831,0.5277831
0.5277831,0.5277831
0.5277831,0.5277831
0.5277831,0.5277831
0.5277831,0.5277831
0.5277831,0.5277831
0.5376197,0.5376197
0.48126012,0.48126012
0.37487406,0.37487406
0.38230518,0.38230518
0.4948143,0.4948143
0.34160408,0.34160408
0.3484304,0.3484304
0.38343415,0.38343415
0.5337157,0.5337157
0.54950035,0.54950035
0.44117868,0.44117868
0.49842083,0.49842083
0.52864623,0.52864623
0.5058951,0.5058951
0.47527882,0.47527882
0.51934046,0.51934046
0.5196707,0.5196707
0.5277831,0.5277831
0.5277831,0.5277831
0.5277831,0.5277831
0.5277831,0.5277831
0.5277831,0.5277831
0.5277831,0.5277831
0.5277831,0.5277831
0.5277831,0.5277831
0.5277831,0.5277831
0.5277831,0.5277831
0.5277831,0.5277831
0.5277831,0.5277831
0.5277831,0.5277831
0.5277831,0.5277831
0.5277831,0.5277831
0.5277831,0.5277831
0.5277831,0.5277831
0.5277831,0.5277831
0.5277831,0.5277831
0.5277831,0.5277831
0.5277831,0.5277831
0.5277831,0.5277831
0.5277831,0.5277831
0.5277831,0.5277831
0.5277831,0.5277831
0.5277831,0.5277831
0.5277831,0.5277831
0.5277831,0.5277831
0.5277831,0.5277831
0.5277831,0.5277831
0.5277831,0.5277831
0.5277831,0.5277831
0.5277831,0.5277831
0.5277831,0.5277831
0.5277831,0.5277831
0.5277831,0.5277831
0.5277831,0.5277831
0.537622,0.537622
0.51988006,0.51988006
0.4511249,0.4511249
0.4675202,0.4675202
0.4801519,0.4801519
0.51673746,0.51673746
0.4831701,0.4831701
0.54463905,0.54463905
0.49008185,0.49008185
0.45865822,0.45865822
0.41511688,0.41511688
0.52771276,0.52771276
0.44785103,0.44785103
0.42445108,0.42445108
0.4440478,0.4440478
0.45346272,0.45346272
0.44493264,0.44493264
0.50342464,0.50342464
0.40800425,0.40800425
0.38300514,0.38300514
0.39802146,0.39802146
0.4363675,0.4363675
0.431845,0.431845
0.42410585,0.42410585
0.43792295,0.43792295
0.44127125,0.44127125
0.43962035,0.43962035
0.44986987,0.44986987
0.5323031,0.5323031
0.37576565,0.37576565
0.51842666,0.51842666
0.4432948,0.4432948
0.433775,0.433775
0.46136,0.46136
0.54179174,0.54179174
0.48365542,0.48365542
0.38752446,0.38752446
0.46448857,0.46448857
0.5072985,0.5072985
0.51795226,0.51795226
0.44926593,0.44926593
0.41942614,0.41942614
0.49765378,0.49765378
0.52115256,0.52115256
0.45671535,0.45671535
0.46427804,0.46427804
0.54523885,0.54523885
0.5531319,0.5531319
0.5817505,0.5817505
0.5651702,0.5651702
0.3675374,0.3675374
0.47811624,0.47811624
0.46293172,0.46293172
0.41209027,0.41209027
0.43063095,0.43063095
0.51838356,0.51838356
0.470997,0.470997
0.49938732,0.49938732
0.39866117,0.39866117
0.4066098,0.4066098
0.37892354,0.37892354
0.37874964,0.37874964
0.51165736,0.51165736
0.53166085,0.53166085
0.42056307,0.42056307
0.4706479,0.4706479
0.45294347,0.45294347
0.51015997,0.51015997
0.41386744,0.41386744
0.52085847,0.52085847
0.46076536,0.46076536
0.60117483,0.60117483
0.4668944,0.4668944
0.49590063,0.49590063
0.50294644,0.50294644
0.4871963,0.4871963
0.52736396,0.52736396
0.4981631,0.4981631
0.5691812,0.5691812
0.4752291,0.4752291
0.47880206,0.47880206
0.4601408,0.4601408
0.42569938,0.42569938
0.3786407,0.3786407
0.40684703,0.40684703
0.5946439,0.5946439
0.49325705,0.49325705
0.46115422,0.46115422
0.5472037,0.5472037
0.5727049,0.5727049
0.5754013,0.5754013
0.44472563,0.44472563
0.46227595,0.46227595
0.5807311,0.5807311
0.55192477,0.55192477
0.4017662,0.4017662
0.39927682,0.39927682
0.39899614,0.39899614
0.3366001,0.3366001
0.43973884,0.43973884
0.29761058,0.29761058
0.417095,0.417095
0.5583726,0.5583726
0.51733637,0.51733637
0.5060597,0.5060597
0.4637038,0.4637038
0.5017513,0.5017513
0.47933343,0.47933343
0.53280234,0.53280234
0.518792,0.518792
0.46669337,0.46669337
0.5277831,0.5277831
0.5422731,0.5422731
0.4424195,0.4424195
0.44291165,0.44291165
0.3860775,0.3860775
0.4901691,0.4901691
0.4717087,0.4717087
0.5180992,0.5180992
0.49346885,0.49346885
0.47560465,0.47560465
0.44388363,0.44388363
0.57096523,0.57096523
0.52416044,0.52416044
0.5314041,0.5314041
0.46876556,0.46876556
0.52813923,0.52813923
0.47784615,0.47784615
0.5061155,0.5061155
0.43450126,0.43450126
0.3883723,0.3883723
0.43360695,0.43360695
0.48186412,0.48186412
0.46952775,0.46952775
0.45134047,0.45134047
0.47064227,0.47064227
0.4294753,0.4294753
0.46500188,0.46500188
0.4375116,0.4375116
0.4635148,0.4635148
0.52641255,0.52641255
0.50026137,0.50026137
0.53321993,0.53321993
0.473747,0.473747
0.53923535,0.53923535
0.44394493,0.44394493
0.47555536,0.47555536
0.46283826,0.46283826
0.3759028,0.3759028
0.3902972,0.3902972
0.45329896,0.45329896
0.51546437,0.51546437
0.3437656,0.3437656
0.5167859,0.5167859
0.52633715,0.52633715
0.46828145,0.46828145
0.48423952,0.48423952
0.55636454,0.55636454
0.41419068,0.41419068
0.49729005,0.49729005
0.47388682,0.47388682
0.45252776,0.45252776
0.5130508,0.5130508
0.5495942,0.5495942
0.49107698,0.49107698
0.48099902,0.48099902
0.4243851,0.4243851
0.3898045,0.3898045
0.45950878,0.45950878
0.5320589,0.5320589
0.51069057,0.51069057
0.53496885,0.53496885
0.43478438,0.43478438
0.49442223,0.49442223
0.49431685,0.49431685
0.44254255,0.44254255
0.56969285,0.56969285
0.5181876,0.5181876
0.44326288,0.44326288
0.3499646,0.3499646
0.40782794,0.40782794
0.49051288,0.49051288
0.394275,0.394275
0.46481708,0.46481708
0.47547925,0.47547925
0.45009434,0.45009434
0.46116227,0.46116227
0.39094436,0.39094436
0.44480193,0.44480193
0.4090696,0.4090696
0.35258606,0.35258606
0.54364115,0.54364115
0.31626892,0.31626892
0.42644408,0.42644408
0.569073,0.569073
0.5120807,0.5120807
0.45686173,0.45686173
0.4648266,0.4648266
0.37095463,0.37095463
0.518535,0.518535
0.42219594,0.42219594
0.54424936,0.54424936
0.49648908,0.49648908
0.4821249,0.4821249
0.50595266,0.50595266
0.5293971,0.5293971
0.48852256,0.48852256
0.48682654,0.48682654
0.4557376,0.4557376
0.43791074,0.43791074
0.40166855,0.40166855
0.46389014,0.46389014
0.444672,0.444672
0.4123488,0.4123488
0.4230789,0.4230789
0.38627607,0.38627607
0.46345767,0.46345767
0.46982032,0.46982032
0.47096077,0.47096077
0.42700163,0.42700163
0.49194935,0.49194935
0.37394944,0.37394944
0.45981088,0.45981088
0.4877993,0.4877993
0.4656893,0.4656893
0.4468923,0.4468923
0.40720487,0.40720487
0.3864619,0.3864619
0.43031985,0.43031985
0.41235927,0.41235927
0.4811121,0.4811121
0.44192928,0.44192928
0.404006,0.404006
0.39926302,0.39926302
0.41822046,0.41822046
0.45895657,0.45895657
0.45884067,0.45884067
0.52586806,0.52586806
0.42429638,0.42429638
0.61884713,0.61884713
0.38228667,0.38228667
0.39808685,0.39808685
0.34890857,0.34890857
0.39720634,0.39720634
0.3694965,0.3694965
0.45449522,0.45449522
0.3853789,0.3853789
0.42011687,0.42011687
0.3865977,0.3865977
0.4376357,0.4376357
0.4714828,0.4714828
0.39236587,0.39236587
0.35448307,0.35448307
0.47281975,0.47281975
0.38778535,0.38778535
0.44569594,0.44569594
0.5083442,0.5083442
0.4649657,0.4649657
0.45905536,0.45905536
0.51677483,0.51677483
0.48749518,0.48749518
0.46652737,0.46652737
0.43977004,0.43977004
0.59045815,0.59045815
0.4447186,0.4447186
0.3377806,0.3377806
0.4486425,0.4486425
0.40206,0.40206
0.5521049,0.5521049
0.47167906,0.47167906
0.35635802,0.35635802
0.27941465,0.27941465
0.35182482,0.35182482
0.3999447,0.3999447
0.64990395,0.64990395
0.42265025,0.42265025
0.5035322,0.5035322
0.4737134,0.4737134
0.47797734,0.47797734
0.438506,0.438506
0.34921244,0.34921244
0.44384196,0.44384196
0.43381843,0.43381843
0.37938643,0.37938643
0.4517383,0.4517383
0.5265776,0.5265776
0.49863857,0.49863857
0.57407707,0.57407707
0.43811595,0.43811595
0.53740466,0.53740466
0.42441955,0.42441955
0.4097219,0.4097219
0.47047883,0.47047883
0.474331,0.474331
0.5596232,0.5596232
0.5277831,0.5277831
0.52842236,0.52842236
0.5383418,0.5383418
0.5706078,0.5706078
0.40777594,0.40777594
0.5320856,0.5320856
0.44956174,0.44956174
0.482646,0.482646
0.518707,0.518707
0.54593664,0.54593664
0.3959969,0.3959969
0.42632943,0.42632943
0.40759888,0.40759888
0.59156966,0.59156966
0.5369976,0.5369976
0.54263675,0.54263675
0.5047634,0.5047634
0.42628565,0.42628565
0.44419935,0.44419935
0.45260948,0.45260948
0.4501541,0.4501541
0.5269549,0.5269549
0.4090731,0.4090731
0.42842063,0.42842063
0.5230588,0.5230588
0.41826427,0.41826427
0.473354,0.473354
0.44459754,0.44459754
0.4323517,0.4323517
0.50649947,0.50649947
0.5139819,0.5139819
0.47743595,0.47743595
0.4265871,0.4265871
0.4120098,0.4120098
0.46375695,0.46375695
0.46477935,0.46477935
0.52904916,0.52904916
0.52941334,0.52941334
0.53774434,0.53774434
0.3871108,0.3871108
0.4668828,0.4668828
0.47659746,0.47659746
0.55696785,0.55696785
0.49645266,0.49645266
0.47222364,0.47222364
0.46295696,0.46295696
0.43568292,0.43568292
0.46268713,0.46268713
0.46064037,0.46064037
0.49605164,0.49605164
0.45833728,0.45833728
0.5396663,0.5396663
0.45833614,0.45833614
0.45683178,0.45683178
0.41824085,0.41824085
0.5156768,0.5156768
0.39491296,0.39491296
0.47143736,0.47143736
0.50502795,0.50502795
0.44573194,0.44573194
0.45371252,0.45371252
0.5314273,0.5314273
0.5016743,0.5016743
0.51474327,0.51474327
0.46124735,0.46124735
0.5639764,0.5639764
0.5079431,0.5079431
0.4705086,0.4705086
0.4391227,0.4391227
0.42066762,0.42066762
0.44562754,0.44562754
0.42284828,0.42284828
0.38902968,0.38902968
0.482883,0.482883
0.4602277,0.4602277
0.43202582,0.43202582
0.4019286,0.4019286
0.49196795,0.49196795
0.38783062,0.38783062
0.49932232,0.49932232
0.44650194,0.44650194
0.48225912,0.48225912
0.51143223,0.51143223
0.49631467,0.49631467
0.46625617,0.46625617
0.40677452,0.40677452
0.45035124,0.45035124
0.4711744,0.4711744
0.415902,0.415902
0.3194944,0.3194944
0.32170862,0.32170862
0.3828984,0.3828984
0.49405664,0.49405664
0.53956765,0.53956765
0.50939864,0.50939864
0.52157044,0.52157044
0.50372595,0.50372595
0.4400626,0.4400626
0.51372665,0.51372665
0.52195287,0.52195287
0.37164736,0.37164736
0.5150535,0.5150535
0.57159364,0.57159364
0.47355738,0.47355738
0.40457046,0.40457046
0.41957012,0.41957012
0.45963946,0.45963946
0.50763494,0.50763494
0.51969916,0.51969916
0.39742735,0.39742735
0.34441906,0.34441906
0.41974154,0.41974154
0.543804,0.543804
0.4557485,0.4557485
0.45830962,0.45830962
0.47815496,0.47815496
0.5264896,0.5264896
0.48105314,0.48105314
0.5670828,0.5670828
0.5737718,0.5737718
0.49561164,0.49561164
0.5321397,0.5321397
0.46060923,0.46060923
0.42405623,0.42405623
0.4874151,0.4874151
0.44122928,0.44122928
0.40758526,0.40758526
0.39191738,0.39191738
0.47682863,0.47682863
0.45468414,0.45468414
0.56050146,0.56050146
0.46190527,0.46190527
0.4578016,0.4578016
0.6009444,0.6009444
0.61662316,0.61662316
0.4901131,0.4901131
0.56585604,0.56585604
0.4649589,0.4649589
0.493714,0.493714
0.50999904,0.50999904
0.462262,0.462262
0.45303658,0.45303658
0.49647632,0.49647632
0.37610888,0.37610888
0.44643107,0.44643107
0.44923353,0.44923353
0.4618029,0.4618029
0.49727282,0.49727282
0.41503212,0.41503212
0.36060214,0.36060214
0.49652728,0.49652728
0.41011754,0.41011754
0.37820897,0.37820897
0.3712914,0.3712914
0.43680963,0.43680963
0.4894023,0.4894023
0.3971749,0.3971749
0.4336464,0.4336464
0.38057914,0.38057914
0.34329423,0.34329423
0.4612474,0.4612474
0.39944842,0.39944842
0.40436676,0.40436676
0.31650597,0.31650597
0.53815657,0.53815657
0.44438192,0.44438192
0.44051746,0.44051746
0.44966483,0.44966483
0.42134544,0.42134544
0.487048,0.487048
0.4281391,0.4281391
0.48245755,0.48245755
0.43188635,0.43188635
0.5288184,0.5288184
0.49612334,0.49612334
0.49473202,0.49473202
0.41674352,0.41674352
0.42142284,0.42142284
0.3794917,0.3794917
0.34372112,0.34372112
0.34511775,0.34511775
0.33478677,0.33478677
0.51094383,0.51094383
0.5208389,0.5208389
0.47357953,0.47357953
0.53119427,0.53119427
0.57464623,0.57464623
0.47982848,0.47982848
0.5274072,0.5274072
0.49086374,0.49086374
0.47159716,0.47159716
0.40547618,0.40547618
0.45230547,0.45230547
0.53213054,0.53213054
0.5234447,0.5234447
0.4897421,0.4897421
0.4541459,0.4541459
0.48570198,0.48570198
0.4575565,0.4575565
0.3592469,0.3592469
0.3710137,0.3710137
0.41364607,0.41364607
0.4145923,0.4145923
0.49250913,0.49250913
0.36420715,0.36420715
0.42226788,0.42226788
0.36942497,0.36942497
0.4353193,0.4353193
0.49057534,0.49057534
0.37520096,0.37520096
0.35144192,0.35144192
0.43889517,0.43889517
0.45194998,0.45194998
0.5151408,0.5151408
0.4757244,0.4757244
0.5078113,0.5078113
0.4454555,0.4454555
0.49553826,0.49553826
0.56475824,0.56475824
0.5121111,0.5121111
0.5390532,0.5390532
0.5102108,0.5102108
0.45274338,0.45274338
0.46070102,0.46070102
0.4851676,0.4851676
0.45111844,0.45111844
0.4225891,0.4225891
0.54902613,0.54902613
0.4788153,0.4788153
0.48922873,0.48922873
0.4849559,0.4849559
0.53764015,0.53764015
0.40068126,0.40068126
0.43565908,0.43565908
0.5490775,0.5490775
0.4071556,0.4071556
0.5085783,0.5085783
0.5034615,0.5034615
0.41978917,0.41978917
0.5083545,0.5083545
0.46106583,0.46106583
0.4224302,0.4224302
0.5350259,0.5350259
0.45548066,0.45548066
0.5063946,0.5063946
0.40866604,0.40866604
0.46266404,0.46266404
0.4948848,0.4948848
0.51659584,0.51659584
0.589567,0.589567
0.49106014,0.49106014
0.46227983,0.46227983
0.4522618,0.4522618
0.40365997,0.40365997
0.3897088,0.3897088
0.5719013,0.5719013
0.49390426,0.49390426
0.5155192,0.5155192
0.47925958,0.47925958
0.5016388,0.5016388
0.4789809,0.4789809
0.46607924,0.46607924
0.5602011,0.5602011
0.4056824,0.4056824
0.3898535,0.3898535
0.45231235,0.45231235
0.37562814,0.37562814
0.4253818,0.4253818
0.34469154,0.34469154
0.35525134,0.35525134
0.38988364,0.38988364
0.25000516,0.25000516
0.49374563,0.49374563
0.36028773,0.36028773
0.48649338,0.48649338
0.40228212,0.40228212
0.49594998,0.49594998
0.43118677,0.43118677
0.4971029,0.4971029
0.47006708,0.47006708
0.4900103,0.4900103
0.51521057,0.51521057
0.5184563,0.5184563
0.49722427,0.49722427
0.5136024,0.5136024
0.4763785,0.4763785
0.46757653,0.46757653
0.4909846,0.4909846
0.46608138,0.46608138
0.41251588,0.41251588
0.45343015,0.45343015
0.4396005,0.4396005
0.42264962,0.42264962
0.36991665,0.36991665
0.43915108,0.43915108
0.42682278,0.42682278
0.41007125,0.41007125
0.45451197,0.45451197
0.32491887,0.32491887
0.42008847,0.42008847
0.40043616,0.40043616
0.47007608,0.47007608
0.43907052,0.43907052
0.443674,0.443674
0.42248905,0.42248905
0.45254642,0.45254642
0.4389036,0.4389036
0.2826687,0.2826687
0.41252854,0.41252854
0.41188574,0.41188574
0.35160756,0.35160756
0.42824998,0.42824998
0.5278287,0.5278287
0.3725245,0.3725245
0.34782305,0.34782305
0.42105007,0.42105007
0.4060552,0.4060552
0.30535948,0.30535948
0.35820407,0.35820407
0.37290597,0.37290597
0.40134415,0.40134415
0.38098645,0.38098645
0.32581657,0.32581657
0.45576534,0.45576534
0.33014622,0.33014622
0.5484435,0.5484435
0.52426153,0.52426153
0.54507303,0.54507303
0.5138804,0.5138804
0.5322763,0.5322763
0.5098018,0.5098018
0.48330075,0.48330075
0.4417243,0.4417243
0.5240403,0.5240403
0.49206236,0.49206236
0.4524587,0.4524587
0.3857743,0.3857743
0.49603695,0.49603695
0.37575835,0.37575835
0.42088783,0.42088783
0.33819446,0.33819446
0.40840858,0.40840858
0.5588573,0.5588573
0.4439771,0.4439771
0.36706656,0.36706656
0.47160253,0.47160253
0.46587348,0.46587348
0.41401786,0.41401786
0.35088366,0.35088366
0.6383494,0.6383494
0.4514329,0.4514329
0.50658286,0.50658286
0.49688557,0.49688557
0.48049337,0.48049337
0.44890493,0.44890493
0.42939168,0.42939168
0.39702827,0.39702827
0.35439876,0.35439876
0.4637864,0.4637864
0.46111786,0.46111786
0.45709673,0.45709673
0.4019489,0.4019489
0.412976,0.412976
0.5823712,0.5823712
0.49983642,0.49983642
0.5083686,0.5083686
0.4825018,0.4825018
0.41401786,0.41401786
0.51115,0.51115
0.5602033,0.5602033
0.559627,0.559627
0.49592903,0.49592903
0.5087311,0.5087311
0.5127123,0.5127123
0.44851357,0.44851357
0.4865098,0.4865098
0.62994885,0.62994885
0.43208447,0.43208447
0.4230845,0.4230845
0.4353233,0.4353233
0.44924703,0.44924703
0.35007033,0.35007033
0.39921921,0.39921921
0.45824572,0.45824572
0.40020505,0.40020505
0.39419895,0.39419895
0.41256702,0.41256702
0.39395362,0.39395362
0.42714325,0.42714325
0.4523072,0.4523072
0.5548202,0.5548202
0.44430274,0.44430274
0.45907292,0.45907292
0.37312573,0.37312573
0.42170614,0.42170614
0.35480934,0.35480934
0.54687977,0.54687977
0.41837,0.41837
0.47583193,0.47583193
0.46809018,0.46809018
0.4118151,0.4118151
0.49342915,0.49342915
0.47035652,0.47035652
0.5174318,0.5174318
0.4640526,0.4640526
0.45475674,0.45475674
0.45759156,0.45759156
0.49134505,0.49134505
0.6009207,0.6009207
0.485341,0.485341
0.47584116,0.47584116
0.40401787,0.40401787
0.4673438,0.4673438
0.45656937,0.45656937
0.49398535,0.49398535
0.44363308,0.44363308
0.39607134,0.39607134
0.40469652,0.40469652
0.45189798,0.45189798
0.37113938,0.37113938
0.44746977,0.44746977
0.40998855,0.40998855
0.4537759,0.4537759
0.42755684,0.42755684
0.42578986,0.42578986
0.44928274,0.44928274
0.45016617,0.45016617
0.47429723,0.47429723
0.5331613,0.5331613
0.47355294,0.47355294
0.3731447,0.3731447
0.34823593,0.34823593
0.46664947,0.46664947
0.45686933,0.45686933
0.5123702,0.5123702
0.47247428,0.47247428
0.47044438,0.47044438
0.4108251,0.4108251
0.35347632,0.35347632
0.4244222,0.4244222
0.43792164,0.43792164
0.4419791,0.4419791
0.43848428,0.43848428
0.4089732,0.4089732
0.34386492,0.34386492
0.464991,0.464991
0.36703604,0.36703604
0.40618825,0.40618825
0.5085719,0.5085719
0.49920925,0.49920925
0.38484812,0.38484812
0.43665925,0.43665925
0.4848195,0.4848195
0.5135991,0.5135991
0.4404224,0.4404224
0.44262475,0.44262475
0.45956838,0.45956838
0.44537213,0.44537213
0.48197296,0.48197296
0.4302128,0.4302128
0.36445513,0.36445513
0.47072992,0.47072992
0.41774204,0.41774204
0.37854832,0.37854832
0.38319167,0.38319167
0.42095605,0.42095605
0.40483478,0.40483478
0.47321138,0.47321138
0.53869766,0.53869766
0.5100668,0.5100668
0.5716826,0.5716826
0.44909847,0.44909847
0.42325866,0.42325866
0.46201715,0.46201715
0.49903616,0.49903616
0.3637843,0.3637843
0.435871,0.435871
0.34484687,0.34484687
0.3498571,0.3498571
0.39366812,0.39366812
0.39249063,0.39249063
0.3704029,0.3704029
0.38512552,0.38512552
0.29721406,0.29721406
0.3949867,0.3949867
0.3301591,0.3301591
0.37166017,0.37166017
0.32915434,0.32915434
0.46472484,0.46472484
0.45456398,0.45456398
0.5492646,0.5492646
0.5103385,0.5103385
0.49981114,0.49981114
0.5246979,0.5246979
0.5277831,0.5277831
0.5277831,0.5277831
0.48375744,0.48375744
0.4508378,0.4508378
0.35414433,0.35414433
0.38497862,0.38497862
0.3487834,0.3487834
0.45918572,0.45918572
0.45736462,0.45736462
0.4472284,0.4472284
0.38741383,0.38741383
0.37543648,0.37543648
0.40271872,0.40271872
0.45222923,0.45222923
0.45956135,0.45956135
0.40902707,0.40902707
0.32952532,0.32952532
0.40315953,0.40315953
0.4197161,0.4197161
0.40601206,0.40601206
0.40848148,0.40848148
0.46154597,0.46154597
0.49378547,0.49378547
0.41715398,0.41715398
0.48607385,0.48607385
0.4307911,0.4307911
0.42703637,0.42703637
0.48509422,0.48509422
0.43403304,0.43403304
0.49602073,0.49602073
0.49090475,0.49090475
0.5086925,0.5086925
0.51102304,0.51102304
0.48828974,0.48828974
0.50639045,0.50639045
0.51290625,0.51290625
0.51457477,0.51457477
0.5277831,0.5277831
0.5277831,0.5277831
0.5277831,0.5277831
0.5277831,0.5277831
0.5277831,0.5277831
0.5277831,0.5277831
0.5277831,0.5277831
0.5277831,0.5277831
0.5202743,0.5202743
0.45836478,0.45836478
0.47945958,0.47945958
0.48801982,0.48801982
0.35407922,0.35407922
0.4300923,0.4300923
0.41656226,0.41656226
0.29652148,0.29652148
0.3514189,0.3514189
0.51095057,0.51095057
0.49284044,0.49284044
0.50695163,0.50695163
0.4716181,0.4716181
0.5031864,0.5031864
0.40519375,0.40519375
0.615516,0.615516
0.5106868,0.5106868
0.41903538,0.41903538
0.32809743,0.32809743
0.42913136,0.42913136
0.5006454,0.5006454
0.46489492,0.46489492
0.47056267,0.47056267
0.5279073,0.5279073
0.53752756,0.53752756
0.48471788,0.48471788
0.5153088,0.5153088
0.48919058,0.48919058
0.545764,0.545764
0.52441764,0.52441764
0.55173737,0.55173737
0.4941195,0.4941195
0.44455558,0.44455558
0.4645951,0.4645951
0.25505129,0.25505129
0.29127684,0.29127684
0.42589527,0.42589527
0.46448308,0.46448308
0.41845292,0.41845292
0.44608596,0.44608596
0.5339822,0.5339822
0.5086007,0.5086007
0.48714966,0.48714966
0.48576623,0.48576623
0.5524459,0.5524459
0.47627217,0.47627217
0.5116633,0.5116633
0.47808927,0.47808927
0.5039775,0.5039775
0.48390138,0.48390138
0.52298206,0.52298206
0.52491146,0.52491146
0.5277831,0.5277831
0.5277831,0.5277831
0.5277831,0.5277831
0.5277831,0.5277831
0.5277831,0.5277831
0.5277831,0.5277831
0.5277831,0.5277831
0.5277831,0.5277831
0.5277831,0.5277831
0.5277831,0.5277831
0.5277831,0.5277831
0.5277831,0.5277831
0.5277831,0.5277831
0.5277831,0.5277831
0.5277831,0.5277831
0.5277831,0.5277831
0.5277831,0.5277831
0.5277831,0.5277831
0.5277831,0.5277831
0.5277831,0.5277831
0.5277831,0.5277831
0.5277831,0.5277831
0.5277831,0.5277831
0.5277831,0.5277831
0.5277831,0.5277831
0.5277831,0.5277831
0.5277831,0.5277831
0.5277831,0.5277831
0.5277831,0.5277831
0.5277831,0.5277831
0.5277831,0.5277831
0.5277831,0.5277831
0.5277831,0.5277831
0.5277831,0.5277831
0.5277831,0.5277831
0.5277831,0.5277831
0.5277831,0.5277831
0.5277831,0.5277831
0.5277831,0.5277831
0.5277831,0.5277831
0.5277831,0.5277831
0.5277831,0.5277831
0.5277831,0.5277831
0.5277831,0.5277831
0.5277831,0.5277831
0.5277831,0.5277831
0.5277831,0.5277831
0.5277831,0.5277831
0.5277831,0.5277831
0.5277831,0.5277831
0.5277831,0.5277831
0.5277831,0.5277831
0.5277831,0.5277831
0.5277831,0.5277831
0.5277831,0.5277831
0.5277831,0.5277831
0.5277831,0.5277831
0.5277831,0.5277831
0.5277831,0.5277831
0.5277831,0.5277831
0.5277831,0.5277831
0.5277831,0.5277831
0.5277831,0.5277831
0.5277831,0.5277831
0.5277831,0.5277831
0.5277831,0.5277831
0.5277831,0.5277831
0.5277831,0.5277831
0.5277831,0.5277831
0.56388116,0.56388116
0.44096386,0.44096386
0.4221734,0.4221734
0.42486233,0.42486233
0.46542165,0.46542165
0.48183265,0.48183265
0.4683339,0.4683339
0.48560318,0.48560318
0.46560884,0.46560884
0.46677554,0.46677554
0.47967264,0.47967264
0.478291,0.478291
0.43448657,0.43448657
0.6014725,0.6014725
0.53383225,0.53383225
0.53785133,0.53785133
0.48749802,0.48749802
0.48464638,0.48464638
0.55716705,0.55716705
0.50968647,0.50968647
0.4909753,0.4909753
0.50522417,0.50522417
0.4779926,0.4779926
0.513008,0.513008
0.56177735,0.56177735
0.5277831,0.5277831
0.5277831,0.5277831
0.5277831,0.5277831
0.5277831,0.5277831
0.5277831,0.5277831
0.5277831,0.5277831
0.5277831,0.5277831
0.5277831,0.5277831
0.5277831,0.5277831
0.5277831,0.5277831
0.5277831,0.5277831
0.5277831,0.5277831
0.5277831,0.5277831
0.5277831,0.5277831
0.5277831,0.5277831
0.5277831,0.5277831
0.5277831,0.5277831
0.5277831,0.5277831
0.5277831,0.5277831
0.5277831,0.5277831
0.48608476,0.48608476
0.52865183,0.52865183
0.50448716,0.50448716
0.49741063,0.49741063
0.41688916,0.41688916
0.48236597,0.48236597
0.4314369,0.4314369
0.52380246,0.52380246
0.49581823,0.49581823
0.526268,0.526268
0.45806587,0.45806587
0.51000834,0.51000834
0.65797037,0.65797037
0.49249506,0.49249506
0.46946976,0.46946976
0.5750347,0.5750347
0.461719,0.461719
0.4490453,0.4490453
0.63876593,0.63876593
0.5777062,0.5777062
0.5370291,0.5370291
0.50519973,0.50519973
0.5352538,0.5352538
0.5593452,0.5593452
0.42800608,0.42800608
0.4581869,0.4581869
0.4617909,0.4617909
0.4598363,0.4598363
0.5850583,0.5850583
0.56556565,0.56556565
0.53176594,0.53176594
0.50198936,0.50198936
0.53406763,0.53406763
0.5544166,0.5544166
0.53182524,0.53182524
0.5277831,0.5277831
0.5277831,0.5277831
0.5277831,0.5277831
0.5277831,0.5277831
0.5277831,0.5277831
0.5277831,0.5277831
0.5277831,0.5277831
0.5277831,0.5277831
0.5277831,0.5277831
0.5277831,0.5277831
0.5277831,0.5277831
0.52445716,0.52445716
0.5167295,0.5167295
0.5570664,0.5570664
0.49354142,0.49354142
0.44301248,0.44301248
0.46283722,0.46283722
0.5138845,0.5138845
0.51666826,0.51666826
0.52526414,0.52526414
0.456689,0.456689
0.43987548,0.43987548
0.60895634,0.60895634
0.5989543,0.5989543
0.46053374,0.46053374
0.47204232,0.47204232
0.4563133,0.4563133
0.43599623,0.43599623
0.49232426,0.49232426
0.4351835,0.4351835
0.4884615,0.4884615
0.52997214,0.52997214
0.49358734,0.49358734
0.48310265,0.48310265
0.48269942,0.48269942
0.59397465,0.59397465
0.5666552,0.5666552
0.58207226,0.58207226
0.47121736,0.47121736
0.41339046,0.41339046
0.4822515,0.4822515
0.43904203,0.43904203
0.46234086,0.46234086
0.54440045,0.54440045
0.55993444,0.55993444
0.57987833,0.57987833
0.43095854,0.43095854
0.42922693,0.42922693
0.52379763,0.52379763
0.4180289,0.4180289
0.6041219,0.6041219
0.5197489,0.5197489
0.49018714,0.49018714
0.3952308,0.3952308
0.37513736,0.37513736
0.4688942,0.4688942
0.42607087,0.42607087
0.43526015,0.43526015
0.4709397,0.4709397
0.54285485,0.54285485
0.5242749,0.5242749
0.53484994,0.53484994
0.43391585,0.43391585
0.4958671,0.4958671
0.46252877,0.46252877
0.4713741,0.4713741
0.35138062,0.35138062
0.4538144,0.4538144
0.40999898,0.40999898
0.61231184,0.61231184
0.50521153,0.50521153
0.43656102,0.43656102
0.45229602,0.45229602
0.43435797,0.43435797
0.53348964,0.53348964
0.38039246,0.38039246
0.62275946,0.62275946
0.5159259,0.5159259
0.48396832,0.48396832
0.57513595,0.57513595
0.4874964,0.4874964
0.4640097,0.4640097
0.4090603,0.4090603
0.3894177,0.3894177
0.4270056,0.4270056
0.58978456,0.58978456
0.5927777,0.5927777
0.519977,0.519977
0.507657,0.507657
0.4917386,0.4917386
0.50579804,0.50579804
0.47967142,0.47967142
0.4925033,0.4925033
0.4750191,0.4750191
0.5084493,0.5084493
0.5713598,0.5713598
0.5917026,0.5917026
0.61321104,0.61321104
0.6361927,0.6361927
0.52413297,0.52413297
0.58412266,0.58412266
0.5759175,0.5759175
0.499618,0.499618
0.45541662,0.45541662
0.455569,0.455569
0.47318557,0.47318557
0.5208325,0.5208325
0.5195732,0.5195732
0.48226106,0.48226106
0.5277831,0.5277831
0.5277831,0.5277831
0.5277831,0.5277831
0.5277831,0.5277831
0.5277831,0.5277831
0.5277831,0.5277831
0.48818523,0.48818523
0.46499065,0.46499065
0.4188704,0.4188704
0.45461357,0.45461357
0.45789707,0.45789707
0.5138397,0.5138397
0.51985496,0.51985496
0.5570157,0.5570157
0.49432892,0.49432892
0.5077414,0.5077414
0.50164413,0.50164413
0.47502947,0.47502947
0.49302006,0.49302006
0.45505333,0.45505333
0.4395142,0.4395142
0.42070106,0.42070106
0.4033738,0.4033738
0.4635156,0.4635156
0.52315277,0.52315277
0.34725142,0.34725142
0.45679122,0.45679122
0.4591925,0.4591925
0.5253866,0.5253866
0.41755688,0.41755688
0.5239542,0.5239542
0.53978515,0.53978515
0.51129746,0.51129746
0.49230468,0.49230468
0.47324407,0.47324407
0.4405513,0.4405513
0.45536613,0.45536613
0.4535854,0.4535854
0.5365521,0.5365521
0.49462903,0.49462903
0.5345789,0.5345789
0.5639118,0.5639118
0.56691325,0.56691325
0.60557246,0.60557246
0.48193163,0.48193163
0.5453028,0.5453028
0.43307275,0.43307275
0.45668724,0.45668724
0.45207575,0.45207575
0.43938228,0.43938228
0.4931765,0.4931765
0.50423867,0.50423867
0.45364013,0.45364013
0.44073838,0.44073838
0.48528585,0.48528585
0.5748127,0.5748127
0.4491501,0.4491501
0.59011334,0.59011334
0.4757015,0.4757015
0.5427067,0.5427067
0.5826575,0.5826575
0.43842033,0.43842033
0.50025785,0.50025785
0.4928556,0.4928556
0.47228685,0.47228685
0.5004212,0.5004212
0.59736407,0.59736407
0.585814,0.585814
0.48491535,0.48491535
0.49238056,0.49238056
0.46082288,0.46082288
0.4357526,0.4357526
0.48845097,0.48845097
0.41337457,0.41337457
0.47942737,0.47942737
0.3958418,0.3958418
0.42262113,0.42262113
0.43359822,0.43359822
0.3714865,0.3714865
0.57992756,0.57992756
0.46605596,0.46605596
0.4889572,0.4889572
0.4411523,0.4411523
0.50406355,0.50406355
0.46828413,0.46828413
0.4869556,0.4869556
0.5131533,0.5131533
0.4534648,0.4534648
0.4774029,0.4774029
0.41443634,0.41443634
0.45317325,0.45317325
0.56560344,0.56560344
0.5277831,0.5277831
0.5277831,0.5277831
0.5277831,0.5277831
0.5277831,0.5277831
0.5277831,0.5277831
0.5277831,0.5277831
0.5277831,0.5277831
0.5277831,0.5277831
0.5277831,0.5277831
0.5277831,0.5277831
0.53931296,0.53931296
0.55603397,0.55603397
0.52166235,0.52166235
0.51449835,0.51449835
0.43291095,0.43291095
0.3985889,0.3985889
0.47028688,0.47028688
0.44333243,0.44333243
0.557615,0.557615
0.5146778,0.5146778
0.52617884,0.52617884
0.51533043,0.51533043
0.4916647,0.4916647
0.54722023,0.54722023
0.42194912,0.42194912
0.47653192,0.47653192
0.45839253,0.45839253
0.41927168,0.41927168
0.34059724,0.34059724
0.40890446,0.40890446
0.4686703,0.4686703
0.50071293,0.50071293
0.48429355,0.48429355
0.5439341,0.5439341
0.4757607,0.4757607
0.4977476,0.4977476
0.53910285,0.53910285
0.46322978,0.46322978
0.4481235,0.4481235
0.41041443,0.41041443
0.4279365,0.4279365
0.4208751,0.4208751
0.42862472,0.42862472
0.42273012,0.42273012
0.43907714,0.43907714
0.45627856,0.45627856
0.5567299,0.5567299
0.40806353,0.40806353
0.57326704,0.57326704
0.53939223,0.53939223
0.5692497,0.5692497
0.54386395,0.54386395
0.5097293,0.5097293
0.4686414,0.4686414
0.46199006,0.46199006
0.4773577,0.4773577
0.47277686,0.47277686
0.52685827,0.52685827
0.55064464,0.55064464
0.4028657,0.4028657
0.5951598,0.5951598
0.58860815,0.58860815
0.562263,0.562263
0.58266866,0.58266866
0.60233957,0.60233957
0.54518807,0.54518807
0.60531765,0.60531765
0.56273,0.56273
0.5841276,0.5841276
0.6012422,0.6012422
0.5216587,0.5216587
0.554195,0.554195
0.46709153,0.46709153
0.5462732,0.5462732
0.48868427,0.48868427
0.46697828,0.46697828
0.59630543,0.59630543
0.5947101,0.5947101
0.6987404,0.6987404
0.55121404,0.55121404
0.5009841,0.5009841
0.49973685,0.49973685
0.48901704,0.48901704
0.47612184,0.47612184
0.42189422,0.42189422
0.43304804,0.43304804
0.42834184,0.42834184
0.3914207,0.3914207
0.5827131,0.5827131
0.61166537,0.61166537
0.5652135,0.5652135
0.58726835,0.58726835
0.52310836,0.52310836
0.58770955,0.58770955
0.42121163,0.42121163
0.55236965,0.55236965
0.46381238,0.46381238
0.47052783,0.47052783
0.48432517,0.48432517
0.4947559,0.4947559
0.51829314,0.51829314
0.5229623,0.5229623
0.55221117,0.55221117
0.48148367,0.48148367
0.5175544,0.5175544
0.6387869,0.6387869
0.49111003,0.49111003
0.44927087,0.44927087
0.4849457,0.4849457
0.44750938,0.44750938
0.48153284,0.48153284
0.4880482,0.4880482
0.41884884,0.41884884
0.3717637,0.3717637
0.43516454,0.43516454
0.4640504,0.4640504
0.6049654,0.6049654
0.40905008,0.40905008
0.52624696,0.52624696
0.5307785,0.5307785
0.4135586,0.4135586
0.44074735,0.44074735
0.4109725,0.4109725
0.46997032,0.46997032
0.4667249,0.4667249
0.59351385,0.59351385
0.56144416,0.56144416
0.5528219,0.5528219
0.58122146,0.58122146
0.31517723,0.31517723
0.37406245,0.37406245
0.4048146,0.4048146
0.43723068,0.43723068
0.48188716,0.48188716
0.40834793,0.40834793
0.4839345,0.4839345
0.48666576,0.48666576
0.39634866,0.39634866
0.43072122,0.43072122
0.45100155,0.45100155
0.58877885,0.58877885
0.55227697,0.55227697
0.49031055,0.49031055
0.42255154,0.42255154
0.43184257,0.43184257
0.48017302,0.48017302
0.46830714,0.46830714
0.43567863,0.43567863
0.644199,0.644199
0.55228424,0.55228424
0.7008208,0.7008208
0.40902865,0.40902865
0.38166,0.38166
0.5895054,0.5895054
0.58816165,0.58816165
0.47367963,0.47367963
0.44743618,0.44743618
0.4103121,0.4103121
0.5035221,0.5035221
0.37058255,0.37058255
0.6022406,0.6022406
0.6337053,0.6337053
0.5203726,0.5203726
0.36723623,0.36723623
0.6366136,0.6366136
0.6181762,0.6181762
0.61714536,0.61714536
0.60334563,0.60334563
0.5376397,0.5376397
0.5953844,0.5953844
0.5759647,0.5759647
0.5347654,0.5347654
0.4743899,0.4743899
0.43702886,0.43702886
0.4493361,0.4493361
0.49752527,0.49752527
0.51908135,0.51908135
0.4571969,0.4571969
0.49934408,0.49934408
0.5301663,0.5301663
0.53360415,0.53360415
0.5277831,0.5277831
0.5277831,0.5277831
0.5277831,0.5277831
0.5277831,0.5277831
0.5277831,0.5277831
0.5277831,0.5277831
0.5277831,0.5277831
0.5277831,0.5277831
0.5277831,0.5277831
0.5277831,0.5277831
0.5277831,0.5277831
0.5277831,0.5277831
0.5277831,0.5277831
0.5277831,0.5277831
0.5277831,0.5277831
0.5277831,0.5277831
0.5277831,0.5277831
0.5277831,0.5277831
0.5277831,0.5277831
0.5277831,0.5277831
0.5063229,0.5063229
0.5925225,0.5925225
0.52327794,0.52327794
0.57699287,0.57699287
0.5558426,0.5558426
0.4871026,0.4871026
0.5069692,0.5069692
0.49527156,0.49527156
0.447569,0.447569
0.47360298,0.47360298
0.5409894,0.5409894
0.5241362,0.5241362
0.48976314,0.48976314
0.65424675,0.65424675
0.6705664,0.6705664
0.53060853,0.53060853
0.4500219,0.4500219
0.5385938,0.5385938
0.48327193,0.48327193
0.40544105,0.40544105
0.41593847,0.41593847
0.46513656,0.46513656
0.42164382,0.42164382
0.4424011,0.4424011
0.45807743,0.45807743
0.3711717,0.3711717
0.4033854,0.4033854
0.4881439,0.4881439
0.47611794,0.47611794
0.47565138,0.47565138
0.58046794,0.58046794
0.57044935,0.57044935
0.57588637,0.57588637
0.4087565,0.4087565
0.5404901,0.5404901
0.61638,0.61638
0.577895,0.577895
0.48668063,0.48668063
0.48080805,0.48080805
0.48894885,0.48894885
0.49428263,0.49428263
0.49063322,0.49063322
0.64790565,0.64790565
0.5104685,0.5104685
0.653819,0.653819
0.41185737,0.41185737
0.4885197,0.4885197
0.5535243,0.5535243
0.47301254,0.47301254
0.33895376,0.33895376
0.5197304,0.5197304
0.6141075,0.6141075
0.6384918,0.6384918
0.46007457,0.46007457
0.43292937,0.43292937
0.5096398,0.5096398
0.42968565,0.42968565
0.3919941,0.3919941
0.6570587,0.6570587
0.42078537,0.42078537
0.5678876,0.5678876
0.45304283,0.45304283
0.63737154,0.63737154
0.6047283,0.6047283
0.4764996,0.4764996
0.51336133,0.51336133
0.6071792,0.6071792
0.62520224,0.62520224
0.47261837,0.47261837
0.51468956,0.51468956
0.41655153,0.41655153
0.4333347,0.4333347
0.50965095,0.50965095
0.48835,0.48835
0.45786065,0.45786065
0.54422253,0.54422253
0.5417402,0.5417402
0.5163653,0.5163653
0.5603131,0.5603131
0.41233712,0.41233712
0.62799954,0.62799954
0.62527734,0.62527734
0.5819823,0.5819823
0.33579248,0.33579248
0.40712407,0.40712407
0.44447318,0.44447318
0.5213487,0.5213487
0.5956822,0.5956822
0.56040454,0.56040454
0.5684562,0.5684562
0.586879,0.586879
0.42158064,0.42158064
0.4762914,0.4762914
0.46973014,0.46973014
0.46505675,0.46505675
0.48536396,0.48536396
0.40864888,0.40864888
0.59362644,0.59362644
0.4209126,0.4209126
0.39054534,0.39054534
0.43649325,0.43649325
0.38530093,0.38530093
0.42132935,0.42132935
0.5830847,0.5830847
0.59324914,0.59324914
0.66251814,0.66251814
0.5856156,0.5856156
0.5711227,0.5711227
0.59747314,0.59747314
0.571556,0.571556
0.57863694,0.57863694
0.5517236,0.5517236
0.60224575,0.60224575
0.5450075,0.5450075
0.5769014,0.5769014
0.67413646,0.67413646
0.66857827,0.66857827
0.6139239,0.6139239
0.5776929,0.5776929
0.42466015,0.42466015
0.49196872,0.49196872
0.5129297,0.5129297
0.56679714,0.56679714
0.6456449,0.6456449
0.5556693,0.5556693
0.64200926,0.64200926
0.41064376,0.41064376
0.41120303,0.41120303
0.389632,0.389632
0.41377974,0.41377974
0.4602632,0.4602632
0.46462658,0.46462658
0.561028,0.561028
0.69061196,0.69061196
0.5925245,0.5925245
0.56149834,0.56149834
0.5288074,0.5288074
0.41601583,0.41601583
0.4736075,0.4736075
0.4626005,0.4626005
0.43416038,0.43416038
0.5913866,0.5913866
0.5603552,0.5603552
0.635471,0.635471
0.58586204,0.58586204
0.5035808,0.5035808
0.5253073,0.5253073
0.48659426,0.48659426
0.4445557,0.4445557
0.5678448,0.5678448
0.48346344,0.48346344
0.5075641,0.5075641
0.6067055,0.6067055
0.42526335,0.42526335
0.5021854,0.5021854
0.5015333,0.5015333
0.6631239,0.6631239
0.56709766,0.56709766
0.52716315,0.52716315
0.4166557,0.4166557
0.46252736,0.46252736
0.39113984,0.39113984
0.45134166,0.45134166
0.41150773,0.41150773
0.5809647,0.5809647
0.56645006,0.56645006
0.57522225,0.57522225
0.4458241,0.4458241
0.5050069,0.5050069
0.4837495,0.4837495
0.43624783,0.43624783
0.4056695,0.4056695
0.49748346,0.49748346
0.50301915,0.50301915
0.57856053,0.57856053
0.49734673,0.49734673
0.5224631,0.5224631
0.58078897,0.58078897
0.5183232,0.5183232
0.53812426,0.53812426
0.60148543,0.60148543
0.58008325,0.58008325
0.6219069,0.6219069
0.5484071,0.5484071
0.55923706,0.55923706
0.59972894,0.59972894
0.5504086,0.5504086
0.50405735,0.50405735
0.48978254,0.48978254
0.5446843,0.5446843
0.5076657,0.5076657
0.5244859,0.5244859
0.47450644,0.47450644
0.48443997,0.48443997
0.5168333,0.5168333
0.5119793,0.5119793
0.509569,0.509569
0.5112295,0.5112295
0.49723482,0.49723482
0.51641756,0.51641756
0.5083993,0.5083993
0.44370753,0.44370753
0.47434798,0.47434798
0.40770185,0.40770185
0.42223838,0.42223838
0.5094341,0.5094341
0.46814835,0.46814835
0.5233277,0.5233277
0.56728566,0.56728566
0.51699317,0.51699317
0.5313937,0.5313937
0.46493465,0.46493465
0.5040797,0.5040797
0.5150188,0.5150188
0.54127085,0.54127085
0.49763802,0.49763802
0.39405075,0.39405075
0.4793335,0.4793335
0.4310056,0.4310056
0.5020472,0.5020472
0.44361666,0.44361666
0.41119438,0.41119438
0.4758546,0.4758546
0.675338,0.675338
0.6090428,0.6090428
0.59034985,0.59034985
0.5835836,0.5835836
0.47474363,0.47474363
0.4706243,0.4706243
0.4759959,0.4759959
0.42166924,0.42166924
0.40909374,0.40909374
0.37783864,0.37783864
0.4881335,0.4881335
0.50783545,0.50783545
0.6167148,0.6167148
0.38894948,0.38894948
0.37979078,0.37979078
0.40058267,0.40058267
0.45053488,0.45053488
0.5882828,0.5882828
0.41950348,0.41950348
0.57944715,0.57944715
0.48174196,0.48174196
0.5099494,0.5099494
0.46049878,0.46049878
0.43468758,0.43468758
0.45415136,0.45415136
0.40613577,0.40613577
0.6143321,0.6143321
0.5593072,0.5593072
0.51808435,0.51808435
0.4811775,0.4811775
0.5009546,0.5009546
0.4808712,0.4808712
0.5370516,0.5370516
0.4202471,0.4202471
0.44411016,0.44411016
0.44300964,0.44300964
0.46524388,0.46524388
0.50158995,0.50158995
0.49342617,0.49342617
0.44662073,0.44662073
0.49173427,0.49173427
0.42493248,0.42493248
0.45170024,0.45170024
0.38683158,0.38683158
0.35764015,0.35764015
0.4806802,0.4806802
0.50609136,0.50609136
0.5664474,0.5664474
0.5567758,0.5567758
0.43816316,0.43816316
0.35413095,0.35413095
0.37873337,0.37873337
0.445636,0.445636
0.47266862,0.47266862
0.53952104,0.53952104
0.5885537,0.5885537
0.4516438,0.4516438
0.5921199,0.5921199
0.44531217,0.44531217
0.618807,0.618807
0.38552585,0.38552585
0.43120015,0.43120015
0.41461837,0.41461837
0.36209312,0.36209312
0.4505233,0.4505233
0.49654382,0.49654382
0.414617,0.414617
0.45194966,0.45194966
0.40528634,0.40528634
0.5017386,0.5017386
0.6421627,0.6421627
0.6439068,0.6439068
0.47716412,0.47716412
0.43774426,0.43774426
0.41328427,0.41328427
0.42015663,0.42015663
0.4111012,0.4111012
0.54534596,0.54534596
0.38105628,0.38105628
0.49611515,0.49611515
0.45199353,0.45199353
0.46616796,0.46616796
0.40584534,0.40584534
0.6078188,0.6078188
0.42107308,0.42107308
0.4865734,0.4865734
0.49307424,0.49307424
0.44352058,0.44352058
0.37880242,0.37880242
0.4067141,0.4067141
0.4836221,0.4836221
0.46580288,0.46580288
0.4119056,0.4119056
0.35990655,0.35990655
0.3604493,0.3604493
0.4187586,0.4187586
0.47985023,0.47985023
0.5729836,0.5729836
0.3822222,0.3822222
0.40196604,0.40196604
0.41373146,0.41373146
0.41138706,0.41138706
0.4117487,0.4117487
0.40078232,0.40078232
0.4902186,0.4902186
0.42726067,0.42726067
0.5112379,0.5112379
0.54058146,0.54058146
0.46321002,0.46321002
0.41742107,0.41742107
0.42253307,0.42253307
0.6007708,0.6007708
0.38130847,0.38130847
0.39335522,0.39335522
0.34269467,0.34269467
0.6005454,0.6005454
0.5515295,0.5515295
0.58863866,0.58863866
0.40935802,0.40935802
0.47134668,0.47134668
0.422881,0.422881
0.48676816,0.48676816
0.33723485,0.33723485
0.33302984,0.33302984
0.37482628,0.37482628
0.45444283,0.45444283
0.55864537,0.55864537
0.38077894,0.38077894
0.60105026,0.60105026
0.665402,0.665402
0.5711501,0.5711501
0.4903184,0.4903184
0.45446414,0.45446414
0.4517203,0.4517203
0.45019466,0.45019466
0.39863375,0.39863375
0.48012257,0.48012257
0.52990097,0.52990097
0.4618731,0.4618731
0.4571664,0.4571664
0.5147027,0.5147027
0.5141616,0.5141616
0.50827205,0.50827205
0.4241155,0.4241155
0.48376685,0.48376685
0.47530976,0.47530976
0.50058174,0.50058174
0.46141163,0.46141163
0.43056577,0.43056577
0.64763486,0.64763486
0.54844135,0.54844135
0.5572052,0.5572052
0.5721601,0.5721601
0.52182126,0.52182126
0.4870767,0.4870767
0.48058215,0.48058215
0.4038344,0.4038344
0.42424834,0.42424834
0.4621291,0.4621291
0.561803,0.561803
0.4983015,0.4983015
0.5013903,0.5013903
0.46674788,0.46674788
0.4230292,0.4230292
0.6178762,0.6178762
0.630978,0.630978
0.61308193,0.61308193
0.44422516,0.44422516
0.5540324,0.5540324
0.40035906,0.40035906
0.35838062,0.35838062
0.41950768,0.41950768
0.40564808,0.40564808
0.4098249,0.4098249
0.4815313,0.4815313
0.52950555,0.52950555
0.60406846,0.60406846
0.47700652,0.47700652
0.5026685,0.5026685
0.51350486,0.51350486
0.5475497,0.5475497
0.6295103,0.6295103
0.3481826,0.3481826
0.42500108,0.42500108
0.43629774,0.43629774
0.5017315,0.5017315
0.4440285,0.4440285
0.46884975,0.46884975
0.49426535,0.49426535
0.56775725,0.56775725
0.62371176,0.62371176
0.50783104,0.50783104
0.39184964,0.39184964
0.35422885,0.35422885
0.5592435,0.5592435
0.55887836,0.55887836
0.5503051,0.5503051
0.55282676,0.55282676
0.59833544,0.59833544
0.5323638,0.5323638
0.60231227,0.60231227
0.55181366,0.55181366
0.53426546,0.53426546
0.55558276,0.55558276
0.54166186,0.54166186
0.46596104,0.46596104
0.42990503,0.42990503
0.4590974,0.4590974
0.35633844,0.35633844
0.5262244,0.5262244
0.60487884,0.60487884
0.39046615,0.39046615
0.470989,0.470989
0.4160223,0.4160223
0.63349766,0.63349766
0.52737373,0.52737373
0.54527676,0.54527676
0.4009962,0.4009962
0.44322315,0.44322315
0.43168753,0.43168753
0.36852008,0.36852008
0.34126323,0.34126323
0.34946343,0.34946343
0.38586196,0.38586196
0.5733942,0.5733942
0.4951762,0.4951762
0.5552348,0.5552348
0.5500095,0.5500095
0.5724672,0.5724672
0.40960643,0.40960643
0.50464,0.50464
0.4617214,0.4617214
0.43183732,0.43183732
0.48259264,0.48259264
0.5446118,0.5446118
0.48282787,0.48282787
0.5131795,0.5131795
0.4819092,0.4819092
0.539838,0.539838
0.44943526,0.44943526
0.48266166,0.48266166
0.5526815,0.5526815
0.51716596,0.51716596
0.4907134,0.4907134
0.48105937,0.48105937
0.54428756,0.54428756
0.55461675,0.55461675
0.47177264,0.47177264
0.51871264,0.51871264
0.5243332,0.5243332
0.52762765,0.52762765
0.4558334,0.4558334
0.48277083,0.48277083
0.43902057,0.43902057
0.5277831,0.5277831
0.5277831,0.5277831
0.5277831,0.5277831
0.5277831,0.5277831
0.5277831,0.5277831
0.5277831,0.5277831
0.5152342,0.5152342
0.40212902,0.40212902
0.5017192,0.5017192
0.5479753,0.5479753
0.45994958,0.45994958
0.4510208,0.4510208
0.58662933,0.58662933
0.54265666,0.54265666
0.4064789,0.4064789
0.43117905,0.43117905
0.5974183,0.5974183
0.5107771,0.5107771
0.503157,0.503157
0.38915244,0.38915244
0.436266,0.436266
0.34393683,0.34393683
0.3758599,0.3758599
0.44448516,0.44448516
0.3945211,0.3945211
0.46187016,0.46187016
0.35249177,0.35249177
0.4012055,0.4012055
0.6840648,0.6840648
0.65450716,0.65450716
0.4959308,0.4959308
0.59466356,0.59466356
0.5542768,0.5542768
0.57276666,0.57276666
0.5672703,0.5672703
0.5647411,0.5647411
0.5455002,0.5455002
0.48788932,0.48788932
0.54345036,0.54345036
0.56877446,0.56877446
0.6354984,0.6354984
0.63484603,0.63484603
0.5059238,0.5059238
0.44384685,0.44384685
0.46192184,0.46192184
0.40298545,0.40298545
0.65512383,0.65512383
0.58007157,0.58007157
0.5842838,0.5842838
0.4527801,0.4527801
0.45974994,0.45974994
0.4411419,0.4411419
0.44918877,0.44918877
0.45915434,0.45915434
0.7072872,0.7072872
0.5830882,0.5830882
0.62114936,0.62114936
0.45639905,0.45639905
0.46331486,0.46331486
0.50294834,0.50294834
0.46785083,0.46785083
0.3361605,0.3361605
0.56418014,0.56418014
0.5729554,0.5729554
0.69033027,0.69033027
0.68531364,0.68531364
0.47723392,0.47723392
0.5463525,0.5463525
0.60089165,0.60089165
0.39554885,0.39554885
0.57220656,0.57220656
0.713282,0.713282
0.44600934,0.44600934
0.51073194,0.51073194
0.4275644,0.4275644
0.4529329,0.4529329
0.5180153,0.5180153
0.434987,0.434987
0.4111592,0.4111592
0.46548316,0.46548316
0.557038,0.557038
0.6139951,0.6139951
0.6048711,0.6048711
0.5727501,0.5727501
0.5068887,0.5068887
0.5027246,0.5027246
0.5348815,0.5348815
0.5116271,0.5116271
0.5283023,0.5283023
0.51215357,0.51215357
0.4292827,0.4292827
0.49854416,0.49854416
0.48982993,0.48982993
0.5221801,0.5221801
0.5828124,0.5828124
0.5277831,0.5277831
0.5277831,0.5277831
0.5277831,0.5277831
0.5277831,0.5277831
0.5277831,0.5277831
0.5252173,0.5252173
0.39470717,0.39470717
0.3537505,0.3537505
0.36819595,0.36819595
0.46087173,0.46087173
0.4389369,0.4389369
0.42541724,0.42541724
0.49018443,0.49018443
0.51389384,0.51389384
0.65037405,0.65037405
0.63939553,0.63939553
0.656029,0.656029
0.57724094,0.57724094
0.6122776,0.6122776
0.60070693,0.60070693
0.70148194,0.70148194
0.6760301,0.6760301
0.5824131,0.5824131
0.48765862,0.48765862
0.49981058,0.49981058
0.47312674,0.47312674
0.5005132,0.5005132
0.42094755,0.42094755
0.4737781,0.4737781
0.49720722,0.49720722
0.4951168,0.4951168
0.4510484,0.4510484
0.52607465,0.52607465
0.5277831,0.5277831
0.5277831,0.5277831
0.5277831,0.5277831
0.54647547,0.54647547
0.47637102,0.47637102
0.44404086,0.44404086
0.47870255,0.47870255
0.5591204,0.5591204
0.44034895,0.44034895
0.5053109,0.5053109
0.40821868,0.40821868
0.36325485,0.36325485
0.37447703,0.37447703
0.39473158,0.39473158
0.39870363,0.39870363
0.39432603,0.39432603
0.4500417,0.4500417
0.5018984,0.5018984
0.63575673,0.63575673
0.57498664,0.57498664
0.42464334,0.42464334
0.45016468,0.45016468
0.47210342,0.47210342
0.44978043,0.44978043
0.45609984,0.45609984
0.4386946,0.4386946
0.631608,0.631608
0.6973612,0.6973612
0.73897874,0.73897874
0.5077879,0.5077879
0.4746584,0.4746584
0.41828567,0.41828567
0.40067792,0.40067792
0.5474579,0.5474579
0.3714071,0.3714071
0.39136153,0.39136153
0.41186953,0.41186953
0.452468,0.452468
0.4741433,0.4741433
0.4191698,0.4191698
0.42359984,0.42359984
0.3608333,0.3608333
0.39426145,0.39426145
0.41873914,0.41873914
0.4376171,0.4376171
0.4328265,0.4328265
0.41643754,0.41643754
0.46415177,0.46415177
0.4784283,0.4784283
0.3499723,0.3499723
0.51208186,0.51208186
0.44483325,0.44483325
0.5112911,0.5112911
0.52859265,0.52859265
0.57476145,0.57476145
0.6011677,0.6011677
0.58926874,0.58926874
0.5111079,0.5111079
0.46174034,0.46174034
0.49271578,0.49271578
0.48274666,0.48274666
0.47467893,0.47467893
0.56006056,0.56006056
0.49471664,0.49471664
0.471844,0.471844
0.55687845,0.55687845
0.5043795,0.5043795
0.5605998,0.5605998
0.5277831,0.5277831
0.5277831,0.5277831
0.5277831,0.5277831
0.5277831,0.5277831
0.5277831,0.5277831
0.5277831,0.5277831
0.5277831,0.5277831
0.5277831,0.5277831
0.5277831,0.5277831
0.5277831,0.5277831
0.5277831,0.5277831
0.5277831,0.5277831
0.5277831,0.5277831
0.5277831,0.5277831
0.5277831,0.5277831
0.5277831,0.5277831
0.5277831,0.5277831
0.5277831,0.5277831
0.5277831,0.5277831
0.5277831,0.5277831
0.5277831,0.5277831
0.5277831,0.5277831
0.5277831,0.5277831
0.5277831,0.5277831
0.53637505,0.53637505
0.5512142,0.5512142
0.4215044,0.4215044
0.58927655,0.58927655
0.5992069,0.5992069
0.6457013,0.6457013
0.5337332,0.5337332
0.43475124,0.43475124
0.38710514,0.38710514
0.38225687,0.38225687
0.37345144,0.37345144
0.5817553,0.5817553
0.5043528,0.5043528
0.7153893,0.7153893
0.5060336,0.5060336
0.5167551,0.5167551
0.45823684,0.45823684
0.36723456,0.36723456
0.35130784,0.35130784
0.37861785,0.37861785
0.40460166,0.40460166
0.51942146,0.51942146
0.47254577,0.47254577
0.5063371,0.5063371
0.48828748,0.48828748
0.43975657,0.43975657
0.3799094,0.3799094
0.5415463,0.5415463
0.66281486,0.66281486
0.6997323,0.6997323
0.5774234,0.5774234
0.4052942,0.4052942
0.56289965,0.56289965
0.60940313,0.60940313
0.36728683,0.36728683
0.44073772,0.44073772
0.42284945,0.42284945
0.5315849,0.5315849
0.43768916,0.43768916
0.4963666,0.4963666
0.35929492,0.35929492
0.4031964,0.4031964
0.37748274,0.37748274
0.44856346,0.44856346
0.49581113,0.49581113
0.43055326,0.43055326
0.35598028,0.35598028
0.6109244,0.6109244
0.48006368,0.48006368
0.524646,0.524646
0.32041705,0.32041705
0.5486327,0.5486327
0.62542623,0.62542623
0.6156269,0.6156269
0.6179714,0.6179714
0.48020515,0.48020515
0.41363743,0.41363743
0.45094633,0.45094633
0.49892694,0.49892694
0.50344336,0.50344336
0.48612875,0.48612875
0.46095747,0.46095747
0.6314385,0.6314385
0.4157455,0.4157455
0.66207033,0.66207033
0.6540385,0.6540385
0.60736626,0.60736626
0.39987203,0.39987203
0.50537986,0.50537986
0.5699796,0.5699796
0.53416544,0.53416544
0.34960783,0.34960783
0.33251536,0.33251536
0.45222494,0.45222494
0.50410753,0.50410753
0.58166236,0.58166236
0.47734755,0.47734755
0.4583355,0.4583355
0.42245755,0.42245755
0.4464269,0.4464269
0.46355414,0.46355414
0.4658899,0.4658899
0.39266536,0.39266536
0.5423263,0.5423263
0.527706,0.527706
0.629655,0.629655
0.5051367,0.5051367
0.566118,0.566118
0.52557117,0.52557117
0.5717719,0.5717719
0.4356314,0.4356314
0.48172233,0.48172233
0.50465196,0.50465196
0.5190042,0.5190042
0.5240011,0.5240011
0.50559473,0.50559473
0.5192099,0.5192099
0.51986843,0.51986843
0.5296035,0.5296035
0.5284796,0.5284796
0.54494536,0.54494536
0.5433643,0.5433643
0.5646545,0.5646545
0.52478355,0.52478355
0.65136385,0.65136385
0.50972974,0.50972974
0.51716334,0.51716334
0.48601678,0.48601678
0.50447476,0.50447476
0.54182374,0.54182374
0.5277831,0.5277831
0.5277831,0.5277831
0.5277831,0.5277831
0.5277831,0.5277831
0.5278224,0.5278224
0.51206976,0.51206976
0.5132114,0.5132114
0.50077146,0.50077146
0.44773918,0.44773918
0.5108398,0.5108398
0.5018593,0.5018593
0.5195258,0.5195258
0.51440144,0.51440144
0.4724383,0.4724383
0.5181544,0.5181544
0.49626613,0.49626613
0.47814354,0.47814354
0.4648034,0.4648034
0.4622144,0.4622144
0.38764134,0.38764134
0.3219313,0.3219313
0.3757699,0.3757699
0.3729666,0.3729666
0.45717597,0.45717597
0.48680657,0.48680657
0.62531084,0.62531084
0.44378442,0.44378442
0.4662264,0.4662264
0.4670617,0.4670617
0.4660187,0.4660187
0.5649212,0.5649212
0.38365394,0.38365394
0.37863293,0.37863293
0.44854134,0.44854134
0.3957898,0.3957898
0.39985216,0.39985216
0.47618872,0.47618872
0.360153,0.360153
0.6401264,0.6401264
0.52786285,0.52786285
0.43834043,0.43834043
0.50620395,0.50620395
0.41786316,0.41786316
0.44416773,0.44416773
0.41580775,0.41580775
0.50022733,0.50022733
0.4094699,0.4094699
0.43257785,0.43257785
0.38171974,0.38171974
0.47184098,0.47184098
0.5338995,0.5338995
0.5095543,0.5095543
0.4404192,0.4404192
0.6098116,0.6098116
0.47165,0.47165
0.62010986,0.62010986
0.58767027,0.58767027
0.4518806,0.4518806
0.4228188,0.4228188
0.63707966,0.63707966
0.60837746,0.60837746
0.6762631,0.6762631
0.45749006,0.45749006
0.48283786,0.48283786
0.41557983,0.41557983
0.57314837,0.57314837
0.5932573,0.5932573
0.45395458,0.45395458
0.45232812,0.45232812
0.6832207,0.6832207
0.6061911,0.6061911
0.54556346,0.54556346
0.4459108,0.4459108
0.4651422,0.4651422
0.46236515,0.46236515
0.46307057,0.46307057
0.5153372,0.5153372
0.4189045,0.4189045
0.6545402,0.6545402
0.53525686,0.53525686
0.4438396,0.4438396
0.39031845,0.39031845
0.5937284,0.5937284
0.56247044,0.56247044
0.60400695,0.60400695
0.55060667,0.55060667
0.53819287,0.53819287
0.4597883,0.4597883
0.45698914,0.45698914
0.4956787,0.4956787
0.44133088,0.44133088
0.4254475,0.4254475
0.6681249,0.6681249
0.5401509,0.5401509
0.6344765,0.6344765
0.5037023,0.5037023
0.61373127,0.61373127
0.6471675,0.6471675
0.4901839,0.4901839
0.53228635,0.53228635
0.4866617,0.4866617
0.48452756,0.48452756
0.52303874,0.52303874
0.5101352,0.5101352
0.5546228,0.5546228
0.5391135,0.5391135
0.43799365,0.43799365
0.50264466,0.50264466
0.45527542,0.45527542
0.5223384,0.5223384
0.5277831,0.5277831
0.5277831,0.5277831
0.5277831,0.5277831
0.5277831,0.5277831
0.5277831,0.5277831
0.5277831,0.5277831
0.5277831,0.5277831
0.5277831,0.5277831
0.5277831,0.5277831
0.5277831,0.5277831
0.5277831,0.5277831
0.5277831,0.5277831
0.5277831,0.5277831
0.5277831,0.5277831
0.5277831,0.5277831
0.53617555,0.53617555
0.61975706,0.61975706
0.58741456,0.58741456
0.5043265,0.5043265
0.44352615,0.44352615
0.40989348,0.40989348
0.39407918,0.39407918
0.62074035,0.62074035
0.3963576,0.3963576
0.40565848,0.40565848
0.45869648,0.45869648
0.38698027,0.38698027
0.4047517,0.4047517
0.43367836,0.43367836
0.43903846,0.43903846
0.45293474,0.45293474
0.39202666,0.39202666
0.39106494,0.39106494
0.57943875,0.57943875
0.50358695,0.50358695
0.57677376,0.57677376
0.44118437,0.44118437
0.45007256,0.45007256
0.3849438,0.3849438
0.47079188,0.47079188
0.5977539,0.5977539
0.564132,0.564132
0.7665047,0.7665047
0.49800107,0.49800107
0.47733483,0.47733483
0.46320888,0.46320888
0.49148256,0.49148256
0.617088,0.617088
0.5671134,0.5671134
0.41507164,0.41507164
0.35468668,0.35468668
0.38956395,0.38956395
0.43896645,0.43896645
0.4752494,0.4752494
0.48666805,0.48666805
0.42047873,0.42047873
0.4331927,0.4331927
0.38298917,0.38298917
0.43516856,0.43516856
0.49457464,0.49457464
0.37863797,0.37863797
0.44194263,0.44194263
0.4243571,0.4243571
0.37296146,0.37296146
0.41940007,0.41940007
0.43436736,0.43436736
0.5224359,0.5224359
0.46239963,0.46239963
0.6238286,0.6238286
0.487262,0.487262
0.57651937,0.57651937
0.5314116,0.5314116
0.49637207,0.49637207
0.48848265,0.48848265
0.4922946,0.4922946
0.5277831,0.5277831
0.5277831,0.5277831
0.5277831,0.5277831
0.5277831,0.5277831
0.5277831,0.5277831
0.5277831,0.5277831
0.5277831,0.5277831
0.5277831,0.5277831
0.5277831,0.5277831
0.5277831,0.5277831
0.5277831,0.5277831
0.5277831,0.5277831
0.5277831,0.5277831
0.5867412,0.5867412
0.51793015,0.51793015
0.5603847,0.5603847
0.61419594,0.61419594
0.4717962,0.4717962
0.5257808,0.5257808
0.42928752,0.42928752
0.45541695,0.45541695
0.39197728,0.39197728
0.46036965,0.46036965
0.51842004,0.51842004
0.4894498,0.4894498
0.4388935,0.4388935
0.4551433,0.4551433
0.39031208,0.39031208
0.45174667,0.45174667
0.47968918,0.47968918
0.49357978,0.49357978
0.45547518,0.45547518
0.4914355,0.4914355
0.45632488,0.45632488
0.51022553,0.51022553
0.54447496,0.54447496
0.56137925,0.56137925
0.58147967,0.58147967
0.50701034,0.50701034
0.4521648,0.4521648
0.54335636,0.54335636
0.3672437,0.3672437
0.4143124,0.4143124
0.4080959,0.4080959
0.32695627,0.32695627
0.37507147,0.37507147
0.60141796,0.60141796
0.49753347,0.49753347
0.5363923,0.5363923
0.4804901,0.4804901
0.48073554,0.48073554
0.4756322,0.4756322
0.4656034,0.4656034
0.49949905,0.49949905
0.5259065,0.5259065
0.48206842,0.48206842
0.4692662,0.4692662
0.5336322,0.5336322
0.51306796,0.51306796
0.46954247,0.46954247
0.46267715,0.46267715
0.46661887,0.46661887
0.5171365,0.5171365
0.50079644,0.50079644
0.53066796,0.53066796
0.4977679,0.4977679
0.47445497,0.47445497
0.50666213,0.50666213
0.41141066,0.41141066
0.36899102,0.36899102
0.44240984,0.44240984
0.4867359,0.4867359
0.5371569,0.5371569
0.43669102,0.43669102
0.567095,0.567095
0.5744747,0.5744747
0.5169579,0.5169579
0.5342718,0.5342718
0.5726323,0.5726323
0.60626924,0.60626924
0.6550785,0.6550785
0.40931693,0.40931693
0.3875112,0.3875112
0.5283888,0.5283888
0.37642986,0.37642986
0.6049645,0.6049645
0.5649535,0.5649535
0.5269802,0.5269802
0.4624869,0.4624869
0.48766696,0.48766696
0.5650748,0.5650748
0.57881296,0.57881296
0.6388966,0.6388966
0.6105736,0.6105736
0.49980965,0.49980965
0.5227546,0.5227546
0.4815382,0.4815382
0.5165485,0.5165485
0.497057,0.497057
0.54769284,0.54769284
0.46554238,0.46554238
0.51827115,0.51827115
0.51935166,0.51935166
0.40554705,0.40554705
0.3903389,0.3903389
0.39388654,0.39388654
0.43276665,0.43276665
0.4030543,0.4030543
0.49720633,0.49720633
0.46525028,0.46525028
0.37405372,0.37405372
0.46915781,0.46915781
0.4526886,0.4526886
0.38975513,0.38975513
0.4372689,0.4372689
0.4806962,0.4806962
0.49392903,0.49392903
0.5051996,0.5051996
0.4532082,0.4532082
0.4964772,0.4964772
0.40568796,0.40568796
0.35083723,0.35083723
0.3411368,0.3411368
0.33946913,0.33946913
0.36565515,0.36565515
0.3626867,0.3626867
0.36984682,0.36984682
0.36787152,0.36787152
0.37726742,0.37726742
0.37268072,0.37268072
0.38917947,0.38917947
0.3506496,0.3506496
0.41188675,0.41188675
0.38680598,0.38680598
0.4055182,0.4055182
0.38710815,0.38710815
0.43915778,0.43915778
0.47391897,0.47391897
0.40693697,0.40693697
0.45271173,0.45271173
0.5019107,0.5019107
0.4768569,0.4768569
0.42437854,0.42437854
0.5312484,0.5312484
0.53266275,0.53266275
0.50963515,0.50963515
0.5277831,0.5277831
0.5277831,0.5277831
0.5277831,0.5277831
0.5277831,0.5277831
0.5277831,0.5277831
0.5277831,0.5277831
0.5277831,0.5277831
0.5277831,0.5277831
0.5277831,0.5277831
0.5277831,0.5277831
0.5277831,0.5277831
0.5277831,0.5277831
0.5277831,0.5277831
0.5277831,0.5277831
0.5277831,0.5277831
0.5277831,0.5277831
0.5277831,0.5277831
0.5277831,0.5277831
0.5277831,0.5277831
0.5277831,0.5277831
0.5277831,0.5277831
0.5277831,0.5277831
0.5277831,0.5277831
0.5277831,0.5277831
0.5277831,0.5277831
0.5227916,0.5227916
0.44198126,0.44198126
0.5036569,0.5036569
0.45648608,0.45648608
0.5240629,0.5240629
0.56785554,0.56785554
0.34663618,0.34663618
0.46173775,0.46173775
0.4399773,0.4399773
0.4419642,0.4419642
0.5683301,0.5683301
0.54547834,0.54547834
0.38239956,0.38239956
0.330625,0.330625
0.4246009,0.4246009
0.49695575,0.49695575
0.43448165,0.43448165
0.38215908,0.38215908
0.64583504,0.64583504
0.5956167,0.5956167
0.33934405,0.33934405
0.64243054,0.64243054
0.42287138,0.42287138
0.47199726,0.47199726
0.6391226,0.6391226
0.51794827,0.51794827
0.5055964,0.5055964
0.43039033,0.43039033
0.45564967,0.45564967
0.37895626,0.37895626
0.40629098,0.40629098
0.36331907,0.36331907
0.5393437,0.5393437
0.57736826,0.57736826
0.5130159,0.5130159
0.64661366,0.64661366
0.50704795,0.50704795
0.4124551,0.4124551
0.44044295,0.44044295
0.43210766,0.43210766
0.59156567,0.59156567
0.6469433,0.6469433
0.4772432,0.4772432
0.45185485,0.45185485
0.69871944,0.69871944
0.47130537,0.47130537
0.46830103,0.46830103
0.44547117,0.44547117
0.4636265,0.4636265
0.5092922,0.5092922
0.4189643,0.4189643
0.44567424,0.44567424
0.43020684,0.43020684
0.42553645,0.42553645
0.5186215,0.5186215
0.41757536,0.41757536
0.5399535,0.5399535
0.5607096,0.5607096
0.3749373,0.3749373
0.61179966,0.61179966
0.7533499,0.7533499
0.63804716,0.63804716
0.45091724,0.45091724
0.493049,0.493049
0.4211501,0.4211501
0.47078994,0.47078994
0.41505647,0.41505647
0.41914064,0.41914064
0.6848401,0.6848401
0.63075167,0.63075167
0.5197113,0.5197113
0.58872914,0.58872914
0.43675724,0.43675724
0.45613086,0.45613086
0.45144075,0.45144075
0.40567917,0.40567917
0.53461874,0.53461874
0.47700748,0.47700748
0.6132761,0.6132761
0.6282945,0.6282945
0.4706719,0.4706719
0.45066938,0.45066938
0.43982086,0.43982086
0.47568673,0.47568673
0.43325382,0.43325382
0.47580758,0.47580758
0.42914078,0.42914078
0.35196975,0.35196975
0.47436118,0.47436118
0.60419333,0.60419333
0.37515277,0.37515277
0.3968033,0.3968033
0.4006811,0.4006811
0.5158721,0.5158721
0.33254158,0.33254158
0.41388255,0.41388255
0.39243832,0.39243832
0.3958772,0.3958772
0.42679566,0.42679566
0.33995402,0.33995402
0.54368085,0.54368085
0.5166493,0.5166493
0.5640825,0.5640825
0.40454826,0.40454826
0.3779466,0.3779466
0.42963985,0.42963985
0.3963938,0.3963938
0.49109986,0.49109986
0.48222765,0.48222765
0.49527147,0.49527147
0.45072928,0.45072928
0.4345378,0.4345378
0.49970272,0.49970272
0.44081408,0.44081408
0.53588194,0.53588194
0.46138987,0.46138987
0.5031982,0.5031982
0.49359754,0.49359754
0.47290543,0.47290543
0.5107408,0.5107408
0.51563275,0.51563275
0.4546751,0.4546751
0.5555081,0.5555081
0.5277831,0.5277831
0.5277831,0.5277831
0.5277831,0.5277831
0.5277831,0.5277831
0.5277831,0.5277831
0.5277831,0.5277831
0.5277831,0.5277831
0.5277831,0.5277831
0.5277831,0.5277831
0.5277831,0.5277831
0.5277831,0.5277831
0.5277831,0.5277831
0.5277831,0.5277831
0.5277831,0.5277831
0.5277831,0.5277831
0.5277831,0.5277831
0.5277831,0.5277831
0.5277831,0.5277831
0.5277831,0.5277831
0.5277831,0.5277831
0.5277831,0.5277831
0.5277831,0.5277831
0.5277831,0.5277831
0.5277831,0.5277831
0.5277831,0.5277831
0.5277831,0.5277831
0.5277831,0.5277831
0.5277831,0.5277831
0.5277831,0.5277831
0.5277831,0.5277831
0.5277831,0.5277831
0.5277831,0.5277831
0.5277831,0.5277831
0.5277831,0.5277831
0.5277831,0.5277831
0.5277831,0.5277831
0.5277831,0.5277831
0.5277831,0.5277831
0.5277831,0.5277831
0.5277831,0.5277831
0.5277831,0.5277831
0.5277831,0.5277831
0.5277831,0.5277831
0.5277831,0.5277831
0.5277831,0.5277831
0.5277831,0.5277831
0.5277831,0.5277831
0.5277831,0.5277831
0.5277831,0.5277831
0.5277831,0.5277831
0.5277831,0.5277831
0.5277831,0.5277831
0.5277831,0.5277831
0.5277831,0.5277831
0.5369866,0.5369866
0.55235064,0.55235064
0.63159543,0.63159543
0.50307494,0.50307494
0.44930986,0.44930986
0.375141,0.375141
0.39912102,0.39912102
0.4051447,0.4051447
0.35501263,0.35501263
0.40488428,0.40488428
0.42460006,0.42460006
0.42013618,0.42013618
0.3536513,0.3536513
0.5227566,0.5227566
0.4844634,0.4844634
0.6164357,0.6164357
0.3991927,0.3991927
0.37881288,0.37881288
0.37113014,0.37113014
0.46186054,0.46186054
0.39627397,0.39627397
0.6486139,0.6486139
0.64548326,0.64548326
0.46727306,0.46727306
0.5226592,0.5226592
0.32299003,0.32299003
0.35238808,0.35238808
0.3882023,0.3882023
0.46828374,0.46828374
0.46276835,0.46276835
0.41029426,0.41029426
0.5195202,0.5195202
0.489431,0.489431
0.5117779,0.5117779
0.5031518,0.5031518
0.5071306,0.5071306
0.48578447,0.48578447
0.50186723,0.50186723
0.4738237,0.4738237
0.4911478,0.4911478
0.5277831,0.5277831
0.5277831,0.5277831
0.5277831,0.5277831
0.5277831,0.5277831
0.5277831,0.5277831
0.5277831,0.5277831
0.5277831,0.5277831
0.5277831,0.5277831
0.5277831,0.5277831
0.5277831,0.5277831
0.5277831,0.5277831
0.5277831,0.5277831
0.5277831,0.5277831
0.5277831,0.5277831
0.5277831,0.5277831
0.5277831,0.5277831
0.5277831,0.5277831
0.5277831,0.5277831
0.5277831,0.5277831
0.5277831,0.5277831
0.5277831,0.5277831
0.5277831,0.5277831
0.5277831,0.5277831
0.5277831,0.5277831
0.5277831,0.5277831
0.5277831,0.5277831
0.5277831,0.5277831
0.5277831,0.5277831
0.5277831,0.5277831
0.5277831,0.5277831
0.5277831,0.5277831
0.5277831,0.5277831
0.5277831,0.5277831
0.5277831,0.5277831
0.5277831,0.5277831
0.5277831,0.5277831
0.5277831,0.5277831
0.5277831,0.5277831
0.5277831,0.5277831
0.5277831,0.5277831
0.5277831,0.5277831
0.5277831,0.5277831
0.5277831,0.5277831
0.5277831,0.5277831
0.5277831,0.5277831
0.5277831,0.5277831
0.5277831,0.5277831
0.5277831,0.5277831
0.5277831,0.5277831
0.5277831,0.5277831
0.5277831,0.5277831
0.5277831,0.5277831
0.5277831,0.5277831
0.5277831,0.5277831
0.55918664,0.55918664
0.27101156,0.27101156
0.52511626,0.52511626
0.44604266,0.44604266
0.5025423,0.5025423
0.46772242,0.46772242
0.45746717,0.45746717
0.5347797,0.5347797
0.48566014,0.48566014
0.47732022,0.47732022
0.5013359,0.5013359
0.37801608,0.37801608
0.40369716,0.40369716
0.5696905,0.5696905
0.6258369,0.6258369
0.50881535,0.50881535
0.45413858,0.45413858
0.3870613,0.3870613
0.47468695,0.47468695
0.38338277,0.38338277
0.41920993,0.41920993
0.39450046,0.39450046
0.40976426,0.40976426
0.37085828,0.37085828
0.44485852,0.44485852
0.43332922,0.43332922
0.50045985,0.50045985
0.50731915,0.50731915
0.62996763,0.62996763
0.55522424,0.55522424
0.54871625,0.54871625
0.3798086,0.3798086
0.45549706,0.45549706
0.44956124,0.44956124
0.37850887,0.37850887
0.36892158,0.36892158
0.41077152,0.41077152
0.3998187,0.3998187
0.46242106,0.46242106
0.43133703,0.43133703
0.40310514,0.40310514
0.55294883,0.55294883
0.44814628,0.44814628
0.48391864,0.48391864
0.4785974,0.4785974
0.54825944,0.54825944
0.46255976,0.46255976
0.434561,0.434561
0.6410202,0.6410202
0.52107304,0.52107304
0.4154215,0.4154215
0.5257704,0.5257704
0.5241535,0.5241535
0.41197437,0.41197437
0.3917957,0.3917957
0.4543086,0.4543086
0.37610823,0.37610823
0.35280636,0.35280636
0.4709824,0.4709824
0.5081751,0.5081751
0.43167058,0.43167058
0.44227284,0.44227284
0.53642124,0.53642124
0.53301543,0.53301543
0.3911987,0.3911987
0.42152247,0.42152247
0.58912295,0.58912295
0.35711244,0.35711244
0.4417177,0.4417177
0.36921796,0.36921796
0.56817454,0.56817454
0.65520114,0.65520114
0.42698026,0.42698026
0.3481298,0.3481298
0.3357877,0.3357877
0.32468954,0.32468954
0.34597644,0.34597644
0.27839994,0.27839994
0.55680114,0.55680114
0.5539339,0.5539339
0.3489163,0.3489163
0.3860414,0.3860414
0.5615901,0.5615901
0.36544287,0.36544287
0.38559332,0.38559332
0.36951017,0.36951017
0.565032,0.565032
0.5128044,0.5128044
0.4514907,0.4514907
0.35181987,0.35181987
0.34871954,0.34871954
0.3977713,0.3977713
0.42747158,0.42747158
0.42828766,0.42828766
0.38880676,0.38880676
0.39467785,0.39467785
0.36360976,0.36360976
0.45480964,0.45480964
0.48404646,0.48404646
0.5220255,0.5220255
0.42038915,0.42038915
0.5149944,0.5149944
0.5055521,0.5055521
0.5325359,0.5325359
0.5305059,0.5305059
0.35329774,0.35329774
0.45321807,0.45321807
0.3445326,0.3445326
0.40502876,0.40502876
0.47620428,0.47620428
0.37224734,0.37224734
0.33198684,0.33198684
0.32934302,0.32934302
0.34965312,0.34965312
0.5086622,0.5086622
0.3892025,0.3892025
0.3938753,0.3938753
0.36842874,0.36842874
0.41680533,0.41680533
0.57915086,0.57915086
0.6109257,0.6109257
0.5357734,0.5357734
0.46084288,0.46084288
0.3628524,0.3628524
0.2899809,0.2899809
0.35238206,0.35238206
0.3939785,0.3939785
0.39365098,0.39365098
0.40562925,0.40562925
0.43343088,0.43343088
0.34641066,0.34641066
0.36347717,0.36347717
0.40337172,0.40337172
0.38026077,0.38026077
0.44934943,0.44934943
0.38548446,0.38548446
0.4183975,0.4183975
0.49756098,0.49756098
0.6019321,0.6019321
0.6417852,0.6417852
0.55828846,0.55828846
0.4748461,0.4748461
0.4275861,0.4275861
0.43284616,0.43284616
0.48892286,0.48892286
0.54600537,0.54600537
0.48067492,0.48067492
0.5301596,0.5301596
0.43978763,0.43978763
0.5490905,0.5490905
0.54689914,0.54689914
0.47651556,0.47651556
0.53380805,0.53380805
0.34250683,0.34250683
0.3666271,0.3666271
0.37668225,0.37668225
0.3660742,0.3660742
0.3826435,0.3826435
0.509368,0.509368
0.52634996,0.52634996
0.41542643,0.41542643
0.4270641,0.4270641
0.40993413,0.40993413
0.4941785,0.4941785
0.3207274,0.3207274
0.32081822,0.32081822
0.45732838,0.45732838
0.5591584,0.5591584
0.6545832,0.6545832
0.5405356,0.5405356
0.42753267,0.42753267
0.52376497,0.52376497
0.54605705,0.54605705
0.5422772,0.5422772
0.445202,0.445202
0.391028,0.391028
0.5371957,0.5371957
0.5519863,0.5519863
0.33208385,0.33208385
0.4443008,0.4443008
0.40008366,0.40008366
0.29841995,0.29841995
0.36169705,0.36169705
0.5744288,0.5744288
0.5696436,0.5696436
0.36572513,0.36572513
0.3972567,0.3972567
0.40963733,0.40963733
0.36935866,0.36935866
0.37414566,0.37414566
0.4100933,0.4100933
0.4569954,0.4569954
0.38629737,0.38629737
0.37294784,0.37294784
0.48845726,0.48845726
0.5025073,0.5025073
0.45387194,0.45387194
0.5417786,0.5417786
0.4998846,0.4998846
0.53868085,0.53868085
0.49882454,0.49882454
0.5344811,0.5344811
0.5271097,0.5271097
0.4928791,0.4928791
0.51566905,0.51566905
0.4941649,0.4941649
0.5338665,0.5338665
0.5591257,0.5591257
0.5149752,0.5149752
0.5277831,0.5277831
0.5277831,0.5277831
0.5277831,0.5277831
0.5277831,0.5277831
0.5277831,0.5277831
0.5277831,0.5277831
0.5277831,0.5277831
0.5277831,0.5277831
0.5277831,0.5277831
0.5277831,0.5277831
0.5376364,0.5376364
0.4612908,0.4612908
0.32360545,0.32360545
0.5444743,0.5444743
0.5171575,0.5171575
0.5120971,0.5120971
0.2974801,0.2974801
0.36164233,0.36164233
0.41816196,0.41816196
0.34941494,0.34941494
0.44797054,0.44797054
0.51172435,0.51172435
0.5306568,0.5306568
0.47811848,0.47811848
0.46476406,0.46476406
0.4919212,0.4919212
0.5346281,0.5346281
0.49223033,0.49223033
0.555207,0.555207
0.5013783,0.5013783
0.5531929,0.5531929
0.5497752,0.5497752
0.5238047,0.5238047
0.5486871,0.5486871
0.5277831,0.5277831
0.5277831,0.5277831
0.5277831,0.5277831
0.5277831,0.5277831
0.5277831,0.5277831
0.5277831,0.5277831
0.5277831,0.5277831
0.5277831,0.5277831
0.5277831,0.5277831
0.5277831,0.5277831
0.5277831,0.5277831
0.5277831,0.5277831
0.5277831,0.5277831
0.5277831,0.5277831
0.5277831,0.5277831
0.53731334,0.53731334
0.52923316,0.52923316
0.39832103,0.39832103
0.44406408,0.44406408
0.42674932,0.42674932
0.41663024,0.41663024
0.3995765,0.3995765
0.33319414,0.33319414
0.36163118,0.36163118
0.4721862,0.4721862
0.48712945,0.48712945
0.44381586,0.44381586
0.45924464,0.45924464
0.46131095,0.46131095
0.54121953,0.54121953
0.55769145,0.55769145
0.538666,0.538666
0.41609102,0.41609102
0.34071168,0.34071168
0.35108742,0.35108742
0.40837345,0.40837345
0.38032848,0.38032848
0.42604896,0.42604896
0.34700155,0.34700155
0.38453922,0.38453922
0.36842716,0.36842716
0.40339154,0.40339154
0.35561922,0.35561922
0.36960232,0.36960232
0.5927844,0.5927844
0.32621288,0.32621288
0.44751787,0.44751787
0.48087183,0.48087183
0.5164339,0.5164339
0.5352224,0.5352224
0.5540164,0.5540164
0.37717384,0.37717384
0.46573865,0.46573865
0.42427075,0.42427075
0.42268148,0.42268148
0.34070358,0.34070358
0.3458057,0.3458057
0.47108716,0.47108716
0.570052,0.570052
0.50968355,0.50968355
0.55992156,0.55992156
0.46190146,0.46190146
0.3562056,0.3562056
0.53922164,0.53922164
0.5541802,0.5541802
0.49496484,0.49496484
0.5209837,0.5209837
0.4713306,0.4713306
0.66069365,0.66069365
0.5330936,0.5330936
0.48756415,0.48756415
0.5566589,0.5566589
0.49662796,0.49662796
0.5551323,0.5551323
0.41600323,0.41600323
0.37589228,0.37589228
0.499738,0.499738
0.49528947,0.49528947
0.36929086,0.36929086
0.41182843,0.41182843
0.42818624,0.42818624
0.41991243,0.41991243
0.36797443,0.36797443
0.36947748,0.36947748
0.47663394,0.47663394
0.5237845,0.5237845
0.54734796,0.54734796
0.37384775,0.37384775
0.34825173,0.34825173
0.3380942,0.3380942
0.36175516,0.36175516
0.42954987,0.42954987
0.3693071,0.3693071
0.50363994,0.50363994
0.52080345,0.52080345
0.3432163,0.3432163
0.3575886,0.3575886
0.41423845,0.41423845
0.4719668,0.4719668
0.5709393,0.5709393
0.5511151,0.5511151
0.31432107,0.31432107
0.39628416,0.39628416
0.5964913,0.5964913
0.46757764,0.46757764
0.33519745,0.33519745
0.5303997,0.5303997
0.44254428,0.44254428
0.35962945,0.35962945
0.38141185,0.38141185
0.40161136,0.40161136
0.40294042,0.40294042
0.39640242,0.39640242
0.34129393,0.34129393
0.51880443,0.51880443
0.46889547,0.46889547
0.5049732,0.5049732
0.4385501,0.4385501
0.36739352,0.36739352
0.3429035,0.3429035
0.30583826,0.30583826
0.47417325,0.47417325
0.46283227,0.46283227
0.62999296,0.62999296
0.44495273,0.44495273
0.48512596,0.48512596
0.4799538,0.4799538
0.5063875,0.5063875
0.44331697,0.44331697
0.50175685,0.50175685
0.5105318,0.5105318
0.54192525,0.54192525
0.5043855,0.5043855
0.4238169,0.4238169
0.46363893,0.46363893
0.56774104,0.56774104
0.5566801,0.5566801
0.54535174,0.54535174
0.3683168,0.3683168
0.37043476,0.37043476
0.32969293,0.32969293
0.3656067,0.3656067
0.40167207,0.40167207
0.4809634,0.4809634
0.37531263,0.37531263
0.4402908,0.4402908
0.38289776,0.38289776
0.5981121,0.5981121
0.5479547,0.5479547
0.47665688,0.47665688
0.42556372,0.42556372
0.36086577,0.36086577
0.4062002,0.4062002
0.3061749,0.3061749
0.33688033,0.33688033
0.3999504,0.3999504
0.487872,0.487872
0.52555335,0.52555335
0.58076423,0.58076423
0.6502622,0.6502622
0.50888616,0.50888616
0.6013817,0.6013817
0.5408902,0.5408902
0.49848408,0.49848408
0.5229517,0.5229517
0.4728497,0.4728497
0.5253997,0.5253997
0.50793636,0.50793636
0.49993348,0.49993348
0.48821157,0.48821157
0.49507874,0.49507874
0.5258046,0.5258046
0.5277831,0.5277831
0.5277831,0.5277831
0.5277831,0.5277831
0.5277831,0.5277831
0.5277831,0.5277831
0.5277831,0.5277831
0.5277831,0.5277831
0.5277831,0.5277831
0.5277831,0.5277831
0.5277831,0.5277831
0.5277831,0.5277831
0.5277831,0.5277831
0.5277831,0.5277831
0.5277831,0.5277831
0.5277831,0.5277831
0.5277831,0.5277831
0.5277831,0.5277831
0.5277831,0.5277831
0.5277831,0.5277831
0.5277831,0.5277831
0.5277831,0.5277831
0.5277831,0.5277831
0.5277831,0.5277831
0.5277831,0.5277831
0.5277831,0.5277831
0.5277831,0.5277831
0.5277831,0.5277831
0.5277831,0.5277831
0.5277831,0.5277831
0.5277831,0.5277831
0.5277831,0.5277831
0.5277831,0.5277831
0.5277831,0.5277831
0.5277831,0.5277831
0.5277831,0.5277831
0.5277831,0.5277831
0.5277831,0.5277831
0.5277831,0.5277831
0.5277831,0.5277831
0.5277831,0.5277831
0.5277831,0.5277831
0.5277831,0.5277831
0.5277831,0.5277831
0.5277831,0.5277831
0.5277831,0.5277831
0.5277831,0.5277831
0.5277831,0.5277831
0.5277831,0.5277831
0.5277831,0.5277831
0.5277831,0.5277831
0.5277831,0.5277831
0.5277831,0.5277831
0.5277831,0.5277831
0.5277831,0.5277831
0.5277831,0.5277831
0.5277831,0.5277831
0.5277831,0.5277831
0.5277831,0.5277831
0.5277831,0.5277831
0.5277831,0.5277831
0.5277831,0.5277831
0.5277831,0.5277831
0.5277831,0.5277831
0.5277831,0.5277831
0.5277831,0.5277831
0.4589863,0.4589863
0.38845196,0.38845196
0.39537808,0.39537808
0.44754633,0.44754633
0.38544327,0.38544327
0.41635826,0.41635826
0.3927126,0.3927126
0.3981015,0.3981015
0.5420767,0.5420767
0.45140705,0.45140705
0.50478417,0.50478417
0.41620594,0.41620594
0.3298634,0.3298634
0.4450976,0.4450976
0.4361047,0.4361047
0.37297714,0.37297714
0.29815656,0.29815656
0.34202808,0.34202808
0.4172798,0.4172798
0.37017435,0.37017435
0.49902326,0.49902326
0.48108268,0.48108268
0.51440704,0.51440704
0.33018237,0.33018237
0.39956105,0.39956105
0.38206813,0.38206813
0.37556627,0.37556627
0.35137755,0.35137755
0.37724054,0.37724054
0.46178648,0.46178648
0.37375462,0.37375462
0.4342725,0.4342725
0.60208166,0.60208166
0.55113477,0.55113477
0.38521832,0.38521832
0.51277566,0.51277566
0.484222,0.484222
0.5942016,0.5942016
0.6076029,0.6076029
0.52477926,0.52477926
0.5612847,0.5612847
0.411821,0.411821
0.40215275,0.40215275
0.5539488,0.5539488
0.36965132,0.36965132
0.4258056,0.4258056
0.49312314,0.49312314
0.44572473,0.44572473
0.3482358,0.3482358
0.42471474,0.42471474
0.49344182,0.49344182
0.374193,0.374193
0.36550656,0.36550656
0.31219167,0.31219167
0.46942925,0.46942925
0.44461665,0.44461665
0.48386467,0.48386467
0.5313218,0.5313218
0.41928554,0.41928554
0.43540275,0.43540275
0.3998488,0.3998488
0.41355163,0.41355163
0.35037884,0.35037884
0.551136,0.551136
0.5609999,0.5609999
0.36997646,0.36997646
0.5484974,0.5484974
0.48368424,0.48368424
0.38030618,0.38030618
0.51287603,0.51287603
0.32669017,0.32669017
0.34949788,0.34949788
0.34720424,0.34720424
0.311228,0.311228
0.363461,0.363461
0.45670506,0.45670506
0.41515133,0.41515133
0.3617699,0.3617699
0.4127894,0.4127894
0.31264755,0.31264755
0.4231702,0.4231702
0.5148135,0.5148135
0.42935187,0.42935187
0.45538738,0.45538738
0.40318534,0.40318534
0.36303127,0.36303127
0.3637978,0.3637978
0.35552812,0.35552812
0.3498743,0.3498743
0.43978512,0.43978512
0.5136947,0.5136947
0.4951388,0.4951388
0.45325586,0.45325586
0.43923444,0.43923444
0.48177147,0.48177147
0.5130048,0.5130048
0.54205275,0.54205275
0.5249968,0.5249968
0.5150413,0.5150413
0.51516515,0.51516515
0.496037,0.496037
0.50115675,0.50115675
0.54958045,0.54958045
0.5277831,0.5277831
0.5277831,0.5277831
0.5277831,0.5277831
0.5277831,0.5277831
0.5277831,0.5277831
0.5277831,0.5277831
0.5277831,0.5277831
0.5277831,0.5277831
0.5277831,0.5277831
0.5277831,0.5277831
0.5277831,0.5277831
0.5277831,0.5277831
0.5277831,0.5277831
0.5277831,0.5277831
0.5277831,0.5277831
0.5277831,0.5277831
0.5277831,0.5277831
0.5277831,0.5277831
0.5277831,0.5277831
0.5277831,0.5277831
0.5277831,0.5277831
0.5277831,0.5277831
0.5277831,0.5277831
0.5277831,0.5277831
0.5277831,0.5277831
0.5277831,0.5277831
0.5277831,0.5277831
0.590652,0.590652
0.4298906,0.4298906
0.41012156,0.41012156
0.49948466,0.49948466
0.35849887,0.35849887
0.32201123,0.32201123
0.3450084,0.3450084
0.3390102,0.3390102
0.49314672,0.49314672
0.38715765,0.38715765
0.36063507,0.36063507
0.3478369,0.3478369
0.5239741,0.5239741
0.3584747,0.3584747
0.4730081,0.4730081
0.48827142,0.48827142
0.5053273,0.5053273
0.51089656,0.51089656
0.40548432,0.40548432
0.3594855,0.3594855
0.40411568,0.40411568
0.43121618,0.43121618
0.39093843,0.39093843
0.39219448,0.39219448
0.3438468,0.3438468
0.48284015,0.48284015
0.60446984,0.60446984
0.39066067,0.39066067
0.41093242,0.41093242
0.36366016,0.36366016
0.3703805,0.3703805
0.3926748,0.3926748
0.36653897,0.36653897
0.30551702,0.30551702
0.29259035,0.29259035
0.40415055,0.40415055
0.36283115,0.36283115
0.44210282,0.44210282
0.47725782,0.47725782
0.48248336,0.48248336
0.41736096,0.41736096
0.4845978,0.4845978
0.44522887,0.44522887
0.36058983,0.36058983
0.3674955,0.3674955
0.3687664,0.3687664
0.42589772,0.42589772
0.52323794,0.52323794
0.5956853,0.5956853
0.44475663,0.44475663
0.48248875,0.48248875
0.47986984,0.47986984
0.51560026,0.51560026
0.54784864,0.54784864
0.5876854,0.5876854
0.6765492,0.6765492
0.48733675,0.48733675
0.57107556,0.57107556
0.45569867,0.45569867
0.50721,0.50721
0.41212684,0.41212684
0.4407389,0.4407389
0.5145792,0.5145792
0.5255939,0.5255939
0.6918194,0.6918194
0.6158207,0.6158207
0.3555863,0.3555863
0.43073034,0.43073034
0.37912533,0.37912533
0.37173963,0.37173963
0.3278301,0.3278301
0.42175385,0.42175385
0.3723495,0.3723495
0.50685656,0.50685656
0.5535579,0.5535579
0.6227648,0.6227648
0.4049806,0.4049806
0.35539094,0.35539094
0.3662325,0.3662325
0.32567415,0.32567415
0.3274726,0.3274726
0.45836893,0.45836893
0.36606047,0.36606047
0.4533273,0.4533273
0.5379807,0.5379807
0.35059103,0.35059103
0.51006573,0.51006573
0.33075264,0.33075264
0.4653035,0.4653035
0.4424694,0.4424694
0.43125382,0.43125382
0.42589682,0.42589682
0.54578865,0.54578865
0.4857547,0.4857547
0.47204444,0.47204444
0.665763,0.665763
0.6273942,0.6273942
0.578184,0.578184
0.54825366,0.54825366
0.5299212,0.5299212
0.5436207,0.5436207
0.5410575,0.5410575
0.35349676,0.35349676
0.38253918,0.38253918
0.30411038,0.30411038
0.3329341,0.3329341
0.37058622,0.37058622
0.47190508,0.47190508
0.41051528,0.41051528
0.40152586,0.40152586
0.4905404,0.4905404
0.66204756,0.66204756
0.4353387,0.4353387
0.4131624,0.4131624
0.5132402,0.5132402
0.44194457,0.44194457
0.53866273,0.53866273
0.53078276,0.53078276
0.46159387,0.46159387
0.55805933,0.55805933
0.48230088,0.48230088
0.6263339,0.6263339
0.51676935,0.51676935
0.5451613,0.5451613
0.5170347,0.5170347
0.5552113,0.5552113
0.4859241,0.4859241
0.4168592,0.4168592
0.41348734,0.41348734
0.43451595,0.43451595
0.33857155,0.33857155
0.3823621,0.3823621
0.4800505,0.4800505
0.43234333,0.43234333
0.43305352,0.43305352
0.45211077,0.45211077
0.5573436,0.5573436
0.60123926,0.60123926
0.4869869,0.4869869
0.42456287,0.42456287
0.38403308,0.38403308
0.4739498,0.4739498
0.4303835,0.4303835
0.41032934,0.41032934
0.38770914,0.38770914
0.49290743,0.49290743
0.4167838,0.4167838
0.37622964,0.37622964
0.3519881,0.3519881
0.32390034,0.32390034
0.51379347,0.51379347
0.48105863,0.48105863
0.4542008,0.4542008
0.4228795,0.4228795
0.3690068,0.3690068
0.42842716,0.42842716
0.40185925,0.40185925
0.35197484,0.35197484
0.36957446,0.36957446
0.40207294,0.40207294
0.4171357,0.4171357
0.45617434,0.45617434
0.37005305,0.37005305
0.34339866,0.34339866
0.4039769,0.4039769
0.41088155,0.41088155
0.3738432,0.3738432
0.45201632,0.45201632
0.48274964,0.48274964
0.5743922,0.5743922
0.5709322,0.5709322
0.5217572,0.5217572
0.591408,0.591408
0.6935783,0.6935783
0.5516826,0.5516826
0.4954272,0.4954272
0.52523744,0.52523744
0.533727,0.533727
0.51426715,0.51426715
0.48290494,0.48290494
0.5083914,0.5083914
0.5621805,0.5621805
0.40291566,0.40291566
0.3435827,0.3435827
0.48509634,0.48509634
0.53304857,0.53304857
0.59990865,0.59990865
0.5906768,0.5906768
0.6571513,0.6571513
0.5372584,0.5372584
0.5957374,0.5957374
0.53072333,0.53072333
0.5614296,0.5614296
0.47904205,0.47904205
0.5551921,0.5551921
0.517273,0.517273
0.52334166,0.52334166
0.49472818,0.49472818
0.5378365,0.5378365
0.51482135,0.51482135
0.48696858,0.48696858
0.5042757,0.5042757
0.53749216,0.53749216
0.5139947,0.5139947
0.5500887,0.5500887
0.5186447,0.5186447
0.4746621,0.4746621
0.4058638,0.4058638
0.44795442,0.44795442
0.47876307,0.47876307
0.42634955,0.42634955
0.53521895,0.53521895
0.6150009,0.6150009
0.66241574,0.66241574
0.6181518,0.6181518
0.5190807,0.5190807
0.47947615,0.47947615
0.46674895,0.46674895
0.49706712,0.49706712
0.5363342,0.5363342
0.5585719,0.5585719
0.49327105,0.49327105
0.49822637,0.49822637
0.516682,0.516682
0.5498406,0.5498406
0.60572714,0.60572714
0.51976883,0.51976883
0.53347015,0.53347015
0.6068002,0.6068002
0.5039102,0.5039102
0.51651305,0.51651305
0.5039871,0.5039871
0.656345,0.656345
0.4437196,0.4437196
0.52220577,0.52220577
0.53043413,0.53043413
0.47147635,0.47147635
0.534067,0.534067
0.50141835,0.50141835
0.50641996,0.50641996
0.5117862,0.5117862
0.52565247,0.52565247
0.5277831,0.5277831
0.5277831,0.5277831
0.5277831,0.5277831
0.5277831,0.5277831
0.5277831,0.5277831
0.5277831,0.5277831
0.5277831,0.5277831
0.5277831,0.5277831
0.5277831,0.5277831
0.5277831,0.5277831
0.5277831,0.5277831
0.5277831,0.5277831
0.5277831,0.5277831
0.5277831,0.5277831
0.5277831,0.5277831
0.5277831,0.5277831
0.5277831,0.5277831
0.5277831,0.5277831
0.5277831,0.5277831
0.5277831,0.5277831
0.5358856,0.5358856
0.46991873,0.46991873
0.484297,0.484297
0.480523,0.480523
0.42176977,0.42176977
0.47545364,0.47545364
0.4147601,0.4147601
0.5202316,0.5202316
0.4664131,0.4664131
0.46119153,0.46119153
0.4633228,0.4633228
0.53033924,0.53033924
0.43180174,0.43180174
0.4900014,0.4900014
0.4583377,0.4583377
0.43669924,0.43669924
0.50017244,0.50017244
0.53361636,0.53361636
0.52832323,0.52832323
0.62786573,0.62786573
0.38313183,0.38313183
0.4177229,0.4177229
0.42622492,0.42622492
0.34087574,0.34087574
0.39905065,0.39905065
0.47539353,0.47539353
0.4440135,0.4440135
0.44990927,0.44990927
0.43069723,0.43069723
0.52048343,0.52048343
0.5354843,0.5354843
0.52545935,0.52545935
0.47878525,0.47878525
0.52718383,0.52718383
0.5363504,0.5363504
0.46880722,0.46880722
0.53758293,0.53758293
0.5277831,0.5277831
0.5277831,0.5277831
0.5313441,0.5313441
0.5666425,0.5666425
0.40880057,0.40880057
0.42441896,0.42441896
0.3685078,0.3685078
0.42628494,0.42628494
0.4582837,0.4582837
0.43555987,0.43555987
0.46269873,0.46269873
0.43138766,0.43138766
0.42064366,0.42064366
0.43922547,0.43922547
0.56329066,0.56329066
0.54656756,0.54656756
0.46266547,0.46266547
0.3481892,0.3481892
0.3686246,0.3686246
0.5588297,0.5588297
0.4060936,0.4060936
0.5088814,0.5088814
0.6164174,0.6164174
0.6142965,0.6142965
0.43592474,0.43592474
0.41057357,0.41057357
0.34026846,0.34026846
0.57379425,0.57379425
0.39844266,0.39844266
0.513154,0.513154
0.4245189,0.4245189
0.3656726,0.3656726
0.37999567,0.37999567
0.39696375,0.39696375
0.4164809,0.4164809
0.41609502,0.41609502
0.4359872,0.4359872
0.5094885,0.5094885
0.4493571,0.4493571
0.4213848,0.4213848
0.36589304,0.36589304
0.41115785,0.41115785
0.7020154,0.7020154
0.6804949,0.6804949
0.40075138,0.40075138
0.4679714,0.4679714
0.5817924,0.5817924
0.7038534,0.7038534
0.40745535,0.40745535
0.43147475,0.43147475
0.4327752,0.4327752
0.42335242,0.42335242
0.38590807,0.38590807
0.39293388,0.39293388
0.435969,0.435969
0.44118893,0.44118893
0.48939064,0.48939064
0.51165134,0.51165134
0.45090747,0.45090747
0.45935187,0.45935187
0.5219042,0.5219042
0.50104874,0.50104874
0.56349707,0.56349707
0.51932514,0.51932514
0.47261536,0.47261536
0.54884505,0.54884505
0.5054266,0.5054266
0.59022176,0.59022176
0.53433347,0.53433347
0.4851939,0.4851939
0.4335262,0.4335262
0.5791134,0.5791134
0.4986611,0.4986611
0.4937805,0.4937805
0.4333041,0.4333041
0.48715898,0.48715898
0.5586444,0.5586444
0.5674646,0.5674646
0.5619877,0.5619877
0.5870858,0.5870858
0.47447363,0.47447363
0.51649266,0.51649266
0.4892613,0.4892613
0.5078292,0.5078292
0.4094134,0.4094134
0.48901978,0.48901978
0.49119863,0.49119863
0.45877564,0.45877564
0.507026,0.507026
0.4987725,0.4987725
0.5169912,0.5169912
0.3795786,0.3795786
0.47927424,0.47927424
0.38898954,0.38898954
0.44133744,0.44133744
0.61718947,0.61718947
0.4350578,0.4350578
0.44453248,0.44453248
0.49933493,0.49933493
0.44363675,0.44363675
0.67743754,0.67743754
0.72512984,0.72512984
0.66278535,0.66278535
0.4906359,0.4906359
0.4866775,0.4866775
0.44756114,0.44756114
0.5022016,0.5022016
0.48745343,0.48745343
0.36207595,0.36207595
0.42241034,0.42241034
0.43295163,0.43295163
0.4612818,0.4612818
0.48587674,0.48587674
0.49023128,0.49023128
0.45476124,0.45476124
0.5724749,0.5724749
0.5111966,0.5111966
0.56075287,0.56075287
0.6205746,0.6205746
0.5210923,0.5210923
0.57554793,0.57554793
0.52587557,0.52587557
0.5351261,0.5351261
0.5384519,0.5384519
0.5015659,0.5015659
0.525272,0.525272
0.5386862,0.5386862
0.52885073,0.52885073
0.6064889,0.6064889
0.502341,0.502341
0.5677497,0.5677497
0.5537743,0.5537743
0.5395957,0.5395957
0.57312167,0.57312167
0.56129634,0.56129634
0.5999925,0.5999925
0.5666309,0.5666309
0.54223144,0.54223144
0.57840914,0.57840914
0.5417698,0.5417698
0.45808345,0.45808345
0.5670846,0.5670846
0.4894672,0.4894672
0.54789263,0.54789263
0.5098823,0.5098823
0.5325626,0.5325626
0.55944586,0.55944586
0.5671664,0.5671664
0.5277831,0.5277831
0.5277831,0.5277831
0.5277831,0.5277831
0.53052425,0.53052425
0.52891886,0.52891886
0.38060328,0.38060328
0.44437966,0.44437966
0.41998655,0.41998655
0.48130628,0.48130628
0.3203098,0.3203098
0.2955398,0.2955398
0.4698071,0.4698071
0.46873143,0.46873143
0.51435935,0.51435935
0.5709187,0.5709187
0.44873914,0.44873914
0.46696305,0.46696305
0.53535795,0.53535795
0.47697338,0.47697338
0.59329605,0.59329605
0.4567285,0.4567285
0.49447957,0.49447957
0.40621796,0.40621796
0.5257869,0.5257869
0.54266244,0.54266244
0.57374614,0.57374614
0.67075396,0.67075396
0.6209177,0.6209177
0.51616603,0.51616603
0.49417093,0.49417093
0.5041369,0.5041369
0.5017415,0.5017415
0.51265204,0.51265204
0.5505894,0.5505894
0.5143974,0.5143974
0.5099587,0.5099587
0.4898458,0.4898458
0.5255765,0.5255765
0.5407355,0.5407355
0.5277831,0.5277831
0.5277831,0.5277831
0.5277831,0.5277831
0.5277831,0.5277831
0.5277831,0.5277831
0.5277831,0.5277831
0.5277831,0.5277831
0.5277831,0.5277831
0.5277831,0.5277831
0.5277831,0.5277831
0.5277831,0.5277831
0.5277831,0.5277831
0.5277831,0.5277831
0.5277831,0.5277831
0.5277831,0.5277831
0.5277831,0.5277831
0.5277831,0.5277831
0.5277831,0.5277831
0.5277831,0.5277831
0.5277831,0.5277831
0.5277831,0.5277831
0.5277831,0.5277831
0.5277831,0.5277831
0.5277831,0.5277831
0.5277831,0.5277831
0.5277831,0.5277831
0.5277831,0.5277831
0.5277831,0.5277831
0.5277831,0.5277831
0.5277831,0.5277831
0.5277831,0.5277831
0.5277831,0.5277831
0.5277831,0.5277831
0.5277831,0.5277831
0.5277831,0.5277831
0.5277831,0.5277831
0.5277831,0.5277831
0.5277831,0.5277831
0.5277831,0.5277831
0.5277831,0.5277831
0.5277831,0.5277831
0.5277831,0.5277831
0.5277831,0.5277831
0.5277831,0.5277831
0.5277831,0.5277831
0.5277831,0.5277831
0.5277831,0.5277831
0.5277831,0.5277831
0.5277831,0.5277831
0.5277831,0.5277831
0.5277831,0.5277831
0.5277831,0.5277831
0.5277831,0.5277831
0.5277831,0.5277831
0.5277831,0.5277831
0.5277831,0.5277831
0.5277831,0.5277831
0.5277831,0.5277831
0.5242678,0.5242678
0.47949678,0.47949678
0.42270735,0.42270735
0.45861837,0.45861837
0.4085747,0.4085747
0.47525063,0.47525063
0.50740975,0.50740975
0.4930765,0.4930765
0.45251083,0.45251083
0.5589924,0.5589924
0.5337896,0.5337896
0.4895833,0.4895833
0.39191023,0.39191023
0.36052418,0.36052418
0.3810525,0.3810525
0.47043505,0.47043505
0.42094606,0.42094606
0.42071542,0.42071542
0.46350938,0.46350938
0.35381296,0.35381296
0.38043132,0.38043132
0.46185544,0.46185544
0.507891,0.507891
0.5040578,0.5040578
0.48164043,0.48164043
0.49213275,0.49213275
0.51266986,0.51266986
0.51909655,0.51909655
0.5118964,0.5118964
0.53430855,0.53430855
0.5001908,0.5001908
0.4170243,0.4170243
0.4771228,0.4771228
0.38247153,0.38247153
0.6610695,0.6610695
0.48215064,0.48215064
0.43659356,0.43659356
0.53457713,0.53457713
0.48896024,0.48896024
0.36499202,0.36499202
0.47633827,0.47633827
0.45891497,0.45891497
0.50441426,0.50441426
0.47919923,0.47919923
0.48436126,0.48436126
0.44583267,0.44583267
0.50020957,0.50020957
0.45220158,0.45220158
0.44975343,0.44975343
0.48300448,0.48300448
0.5789114,0.5789114
0.4210519,0.4210519
0.5220655,0.5220655
0.48229805,0.48229805
0.507446,0.507446
0.49615046,0.49615046
0.4330713,0.4330713
0.389969,0.389969
0.3840821,0.3840821
0.43272993,0.43272993
0.48641747,0.48641747
0.5613755,0.5613755
0.43884942,0.43884942
0.56006914,0.56006914
0.4680294,0.4680294
0.48534334,0.48534334
0.50702786,0.50702786
0.4990382,0.4990382
0.4700575,0.4700575
0.4079839,0.4079839
0.45863163,0.45863163
0.55963975,0.55963975
0.52596754,0.52596754
0.53066206,0.53066206
0.486204,0.486204
0.45152152,0.45152152
0.31038994,0.31038994
0.47023296,0.47023296
0.47922185,0.47922185
0.5003534,0.5003534
0.53703785,0.53703785
0.47793525,0.47793525
0.54158336,0.54158336
0.467335,0.467335
0.46468037,0.46468037
0.5277831,0.5277831
0.5277831,0.5277831
0.5277831,0.5277831
0.5277831,0.5277831
0.5277831,0.5277831
0.5277831,0.5277831
0.5277831,0.5277831
0.5277831,0.5277831
0.5277831,0.5277831
0.5277831,0.5277831
0.5277831,0.5277831
0.5277831,0.5277831
0.5016085,0.5016085
0.461243,0.461243
0.49226162,0.49226162
0.51334095,0.51334095
0.46797585,0.46797585
0.47918835,0.47918835
0.5122227,0.5122227
0.49906236,0.49906236
0.46344382,0.46344382
0.5130376,0.5130376
0.47680727,0.47680727
0.5131668,0.5131668
0.5176853,0.5176853
0.49004984,0.49004984
0.5277831,0.5277831
0.5277831,0.5277831
0.5277831,0.5277831
0.5277831,0.5277831
0.5277831,0.5277831
0.5277831,0.5277831
0.5277831,0.5277831
0.5277831,0.5277831
0.5277831,0.5277831
0.5277831,0.5277831
0.5277831,0.5277831
0.5277831,0.5277831
0.5277831,0.5277831
0.5277831,0.5277831
0.5277831,0.5277831
0.5277831,0.5277831
0.5277831,0.5277831
0.5277831,0.5277831
0.5277831,0.5277831
0.5277831,0.5277831
0.5277831,0.5277831
0.5277831,0.5277831
0.5277831,0.5277831
0.5277831,0.5277831
0.5277831,0.5277831
0.5277831,0.5277831
0.5277831,0.5277831
0.5277831,0.5277831
0.5277831,0.5277831
0.467153,0.467153
0.38961872,0.38961872
0.4505853,0.4505853
0.43204927,0.43204927
0.39480418,0.39480418
0.40321186,0.40321186
0.35788205,0.35788205
0.4360378,0.4360378
0.41141036,0.41141036
0.43053946,0.43053946
0.497579,0.497579
0.5365536,0.5365536
0.55532056,0.55532056
0.47539604,0.47539604
0.50134426,0.50134426
0.5103091,0.5103091
0.5016077,0.5016077
0.5013438,0.5013438
0.4676908,0.4676908
0.5216719,0.5216719
0.39528024,0.39528024
0.38998088,0.38998088
0.4065869,0.4065869
0.4027265,0.4027265
0.41828716,0.41828716
0.42757845,0.42757845
0.38492265,0.38492265
0.40912884,0.40912884
0.46415025,0.46415025
0.5305464,0.5305464
0.5523071,0.5523071
0.4654479,0.4654479
0.47270873,0.47270873
0.5118538,0.5118538
0.48207563,0.48207563
0.40229696,0.40229696
0.41804877,0.41804877
0.3545308,0.3545308
0.49011907,0.49011907
0.57373494,0.57373494
0.5097632,0.5097632
0.50576246,0.50576246
0.4504451,0.4504451
0.4357916,0.4357916
0.38895157,0.38895157
0.42407697,0.42407697
0.41441184,0.41441184
0.3707901,0.3707901
0.44105804,0.44105804
0.39816844,0.39816844
0.3541734,0.3541734
0.42506102,0.42506102
0.37389112,0.37389112
0.38274217,0.38274217
0.4653016,0.4653016
0.47313794,0.47313794
0.5359726,0.5359726
0.45530266,0.45530266
0.49218744,0.49218744
0.4974485,0.4974485
0.46272555,0.46272555
0.49969196,0.49969196
0.54136056,0.54136056
0.5032842,0.5032842
0.48453316,0.48453316
0.46352354,0.46352354
0.5277831,0.5277831
0.5277831,0.5277831
0.5277831,0.5277831
0.5277831,0.5277831
0.5352315,0.5352315
0.43859717,0.43859717
0.38836545,0.38836545
0.35280034,0.35280034
0.28662175,0.28662175
0.29037637,0.29037637
0.33602527,0.33602527
0.45946,0.45946
0.43115786,0.43115786
0.50981843,0.50981843
0.42428976,0.42428976
0.3749996,0.3749996
0.54758084,0.54758084
0.5670459,0.5670459
0.56164145,0.56164145
0.46124735,0.46124735
0.42762804,0.42762804
0.4639631,0.4639631
0.4582193,0.4582193
0.5476488,0.5476488
0.47677708,0.47677708
0.4487983,0.4487983
0.52873766,0.52873766
0.4940328,0.4940328
0.41910127,0.41910127
0.38092595,0.38092595
0.33967167,0.33967167
0.41563883,0.41563883
0.42698044,0.42698044
0.41530275,0.41530275
0.31184158,0.31184158
0.35950837,0.35950837
0.43427312,0.43427312
0.57293063,0.57293063
0.6032242,0.6032242
0.4398037,0.4398037
0.40256724,0.40256724
0.5049846,0.5049846
0.37676254,0.37676254
0.49730211,0.49730211
0.49880522,0.49880522
0.3969367,0.3969367
0.42538154,0.42538154
0.35638198,0.35638198
0.46561995,0.46561995
0.40101802,0.40101802
0.37093255,0.37093255
0.41176632,0.41176632
0.46107495,0.46107495
0.46723497,0.46723497
0.4548503,0.4548503
0.41093603,0.41093603
0.4898054,0.4898054
0.4527576,0.4527576
0.4804307,0.4804307
0.44763646,0.44763646
0.3996478,0.3996478
0.5228821,0.5228821
0.38182053,0.38182053
0.44426435,0.44426435
0.4269725,0.4269725
0.34437957,0.34437957
0.5133325,0.5133325
0.36583576,0.36583576
0.33663929,0.33663929
0.46782854,0.46782854
0.51018673,0.51018673
0.44586685,0.44586685
0.4412719,0.4412719
0.3365579,0.3365579
0.35227373,0.35227373
0.4820728,0.4820728
0.3920298,0.3920298
0.47581938,0.47581938
0.5870846,0.5870846
0.46751624,0.46751624
0.5172412,0.5172412
0.49515978,0.49515978
0.41048938,0.41048938
0.51968694,0.51968694
0.44998264,0.44998264
0.37279436,0.37279436
0.5091876,0.5091876
0.4783287,0.4783287
0.5161628,0.5161628
0.45097008,0.45097008
0.4856998,0.4856998
0.47863978,0.47863978
0.42837638,0.42837638
0.40018275,0.40018275
0.4331174,0.4331174
0.41863272,0.41863272
0.4412594,0.4412594
0.53433704,0.53433704
0.5014883,0.5014883
0.51250297,0.51250297
0.46403483,0.46403483
0.41538936,0.41538936
0.38084394,0.38084394
0.54365283,0.54365283
0.5372152,0.5372152
0.48224756,0.48224756
0.5262994,0.5262994
0.48540807,0.48540807
0.5223927,0.5223927
0.4992893,0.4992893
0.5030385,0.5030385
0.522832,0.522832
0.47939813,0.47939813
0.52096456,0.52096456
0.49807885,0.49807885
0.5130385,0.5130385
0.45558047,0.45558047
0.46443897,0.46443897
0.4812231,0.4812231
0.5068917,0.5068917
0.5277831,0.5277831
0.5277831,0.5277831
0.5277831,0.5277831
0.5387369,0.5387369
0.5339137,0.5339137
0.5970663,0.5970663
0.45559686,0.45559686
0.48471823,0.48471823
0.46934256,0.46934256
0.48300287,0.48300287
0.49784982,0.49784982
0.713355,0.713355
0.47041497,0.47041497
0.53658533,0.53658533
0.5235206,0.5235206
0.44317743,0.44317743
0.47446793,0.47446793
0.47754648,0.47754648
0.50826615,0.50826615
0.48888627,0.48888627
0.4698954,0.4698954
0.5295237,0.5295237
0.4903362,0.4903362
0.53544724,0.53544724
0.5611141,0.5611141
0.50486326,0.50486326
0.584935,0.584935
0.54964167,0.54964167
0.5096749,0.5096749
0.48590004,0.48590004
0.4306489,0.4306489
0.47666463,0.47666463
0.5288678,0.5288678
0.45636272,0.45636272
0.5462359,0.5462359
0.5001226,0.5001226
0.49533808,0.49533808
0.51141137,0.51141137
0.5277831,0.5277831
0.5277831,0.5277831
0.5277831,0.5277831
0.5277831,0.5277831
0.5277831,0.5277831
0.5277831,0.5277831
0.5277831,0.5277831
0.5277831,0.5277831
0.5277831,0.5277831
0.5277831,0.5277831
0.5277831,0.5277831
0.5277831,0.5277831
0.5277831,0.5277831
0.5277831,0.5277831
0.5277831,0.5277831
0.5277831,0.5277831
0.5277831,0.5277831
0.5277831,0.5277831
0.5277831,0.5277831
0.5277831,0.5277831
0.5277831,0.5277831
0.58931243,0.58931243
0.40718386,0.40718386
0.46179146,0.46179146
0.43003517,0.43003517
0.40646836,0.40646836
0.3658265,0.3658265
0.3474419,0.3474419
0.5494174,0.5494174
0.41343012,0.41343012
0.4717744,0.4717744
0.5209319,0.5209319
0.44369534,0.44369534
0.46867186,0.46867186
0.5208655,0.5208655
0.49750167,0.49750167
0.44490606,0.44490606
0.4876006,0.4876006
0.5051833,0.5051833
0.5138499,0.5138499
0.5118242,0.5118242
0.5277831,0.5277831
0.5277831,0.5277831
0.5277831,0.5277831
0.5277831,0.5277831
0.5277831,0.5277831
0.5277831,0.5277831
0.5277831,0.5277831
0.5277831,0.5277831
0.5277831,0.5277831
0.5277831,0.5277831
0.5277831,0.5277831
0.5277831,0.5277831
0.5277831,0.5277831
0.5277831,0.5277831
0.5277831,0.5277831
0.5277831,0.5277831
0.5277831,0.5277831
0.5277831,0.5277831
0.5277831,0.5277831
0.5277831,0.5277831
0.5277831,0.5277831
0.5277831,0.5277831
0.5277831,0.5277831
0.5277831,0.5277831
0.5277831,0.5277831
0.5277831,0.5277831
0.5277831,0.5277831
0.5277831,0.5277831
0.5277831,0.5277831
0.5277831,0.5277831
0.5277831,0.5277831
0.5277831,0.5277831
0.5277831,0.5277831
0.5277831,0.5277831
0.5277831,0.5277831
0.5277831,0.5277831
0.5277831,0.5277831
0.5277831,0.5277831
0.5277831,0.5277831
0.5277831,0.5277831
0.5277831,0.5277831
0.5277831,0.5277831
0.5277831,0.5277831
0.5277831,0.5277831
0.5277831,0.5277831
0.5277831,0.5277831
0.5277831,0.5277831
0.5277831,0.5277831
0.5277831,0.5277831
0.5277831,0.5277831
0.5277831,0.5277831
0.5277831,0.5277831
0.5277831,0.5277831
0.5277831,0.5277831
0.5277831,0.5277831
0.5277831,0.5277831
0.5277831,0.5277831
0.5277831,0.5277831
0.5277831,0.5277831
0.5277831,0.5277831
0.5277831,0.5277831
0.5277831,0.5277831
0.5449534,0.5449534
0.4939422,0.4939422
0.4194169,0.4194169
0.4284153,0.4284153
0.4199371,0.4199371
0.507054,0.507054
0.4339056,0.4339056
0.4177674,0.4177674
0.4510513,0.4510513
0.4288952,0.4288952
0.43751204,0.43751204
0.4072249,0.4072249
0.40874872,0.40874872
0.4733801,0.4733801
0.5288412,0.5288412
0.52051705,0.52051705
0.537888,0.537888
0.42802155,0.42802155
0.44694686,0.44694686
0.51039565,0.51039565
0.41169545,0.41169545
0.27864915,0.27864915
0.29404694,0.29404694
0.4904528,0.4904528
0.3771406,0.3771406
0.47729903,0.47729903
0.4091031,0.4091031
0.44454762,0.44454762
0.39400288,0.39400288
0.39099538,0.39099538
0.4210786,0.4210786
0.3368481,0.3368481
0.37179777,0.37179777
0.42072973,0.42072973
0.4342669,0.4342669
0.4354883,0.4354883
0.46598172,0.46598172
0.4996536,0.4996536
0.46509618,0.46509618
0.4745274,0.4745274
0.45853204,0.45853204
0.50473636,0.50473636
0.45073062,0.45073062
0.4374436,0.4374436
0.41393352,0.41393352
0.4083577,0.4083577
0.470979,0.470979
0.55137485,0.55137485
0.49554324,0.49554324
0.5437025,0.5437025
0.4577126,0.4577126
0.45411628,0.45411628
0.487794,0.487794
0.41123262,0.41123262
0.5157401,0.5157401
0.49859345,0.49859345
0.5017966,0.5017966
0.5544702,0.5544702
0.35941157,0.35941157
0.46785235,0.46785235
0.43413064,0.43413064
0.40117678,0.40117678
0.35018152,0.35018152
0.31613845,0.31613845
0.40060866,0.40060866
0.51949644,0.51949644
0.5291253,0.5291253
0.49479532,0.49479532
0.45742476,0.45742476
0.43472862,0.43472862
0.5449835,0.5449835
0.47266868,0.47266868
0.4893546,0.4893546
0.455382,0.455382
0.4759613,0.4759613
0.40677106,0.40677106
0.5024765,0.5024765
0.40239775,0.40239775
0.49898723,0.49898723
0.4374749,0.4374749
0.40476882,0.40476882
0.40448052,0.40448052
0.28464067,0.28464067
0.38800222,0.38800222
0.42869595,0.42869595
0.42219567,0.42219567
0.41894266,0.41894266
0.41787773,0.41787773
0.45296726,0.45296726
0.57231766,0.57231766
0.46704727,0.46704727
0.40519696,0.40519696
0.43890077,0.43890077
0.43697676,0.43697676
0.42235777,0.42235777
0.46913573,0.46913573
0.42577106,0.42577106
0.49264833,0.49264833
0.39982092,0.39982092
0.40686667,0.40686667
0.38606486,0.38606486
0.42799333,0.42799333
0.36734137,0.36734137
0.43932548,0.43932548
0.51917106,0.51917106
0.44985148,0.44985148
0.50316405,0.50316405
0.5178716,0.5178716
0.4508865,0.4508865
0.5277831,0.5277831
0.5277831,0.5277831
0.5277831,0.5277831
0.5277831,0.5277831
0.5277831,0.5277831
0.5360126,0.5360126
0.45457473,0.45457473
0.43385848,0.43385848
0.36141822,0.36141822
0.40604365,0.40604365
0.5503328,0.5503328
0.4274766,0.4274766
0.5132825,0.5132825
0.49319205,0.49319205
0.4702528,0.4702528
0.47615921,0.47615921
0.36973602,0.36973602
0.5451524,0.5451524
0.48200494,0.48200494
0.27300566,0.27300566
0.5082972,0.5082972
0.4451378,0.4451378
0.43719843,0.43719843
0.5721017,0.5721017
0.5538493,0.5538493
0.52560604,0.52560604
0.48158816,0.48158816
0.49625894,0.49625894
0.5431656,0.5431656
0.5277831,0.5277831
0.5277831,0.5277831
0.52633554,0.52633554
0.32199082,0.32199082
0.38183993,0.38183993
0.45694208,0.45694208
0.5145391,0.5145391
0.40753707,0.40753707
0.3992075,0.3992075
0.58261865,0.58261865
0.5607747,0.5607747
0.5660495,0.5660495
0.48560667,0.48560667
0.46758172,0.46758172
0.53140044,0.53140044
0.4950642,0.4950642
0.5000892,0.5000892
0.49667484,0.49667484
0.45329595,0.45329595
0.46756002,0.46756002
0.4901176,0.4901176
0.4624137,0.4624137
0.488362,0.488362
0.46705824,0.46705824
0.61616415,0.61616415
0.6180708,0.6180708
0.59171057,0.59171057
0.43427297,0.43427297
0.46184736,0.46184736
0.45290115,0.45290115
0.47628513,0.47628513
0.44714004,0.44714004
0.48014805,0.48014805
0.5095779,0.5095779
0.46026728,0.46026728
0.49259597,0.49259597
0.4367162,0.4367162
0.4636753,0.4636753
0.47529486,0.47529486
0.46435592,0.46435592
0.6115912,0.6115912
0.5395324,0.5395324
0.45979545,0.45979545
0.4672874,0.4672874
0.43836558,0.43836558
0.5025488,0.5025488
0.39774948,0.39774948
0.4835844,0.4835844
0.49075496,0.49075496
0.5055724,0.5055724
0.40516332,0.40516332
0.42219275,0.42219275
0.4491766,0.4491766
0.49467152,0.49467152
0.46668574,0.46668574
0.44948557,0.44948557
0.5662897,0.5662897
0.4819042,0.4819042
0.45505583,0.45505583
0.47064275,0.47064275
0.46845195,0.46845195
0.3922165,0.3922165
0.46406487,0.46406487
0.46283025,0.46283025
0.3280749,0.3280749
0.40741295,0.40741295
0.36233047,0.36233047
0.5140233,0.5140233
0.47718126,0.47718126
0.4237108,0.4237108
0.5121743,0.5121743
0.3866962,0.3866962
0.4487344,0.4487344
0.5035132,0.5035132
0.34747162,0.34747162
0.3792782,0.3792782
0.4577051,0.4577051
0.51424867,0.51424867
0.5180662,0.5180662
0.47008651,0.47008651
0.42990947,0.42990947
0.42481562,0.42481562
0.4215548,0.4215548
0.54471993,0.54471993
0.5497621,0.5497621
0.456549,0.456549
0.5299167,0.5299167
0.4634879,0.4634879
0.45252994,0.45252994
0.4941613,0.4941613
0.5695494,0.5695494
0.6357506,0.6357506
0.53433436,0.53433436
0.4651268,0.4651268
0.37352857,0.37352857
0.39455882,0.39455882
0.32451135,0.32451135
0.4810623,0.4810623
0.49601796,0.49601796
0.48746642,0.48746642
0.5011302,0.5011302
0.45329505,0.45329505
0.5277831,0.5277831
0.5277831,0.5277831
0.5277831,0.5277831
0.5277831,0.5277831
0.5277831,0.5277831
0.5277831,0.5277831
0.5277831,0.5277831
0.5277831,0.5277831
0.5277831,0.5277831
0.5277831,0.5277831
0.5277831,0.5277831
0.5277831,0.5277831
0.5277831,0.5277831
0.5277831,0.5277831
0.5277831,0.5277831
0.5277831,0.5277831
0.5277831,0.5277831
0.5277831,0.5277831
0.5594812,0.5594812
0.4027343,0.4027343
0.40358233,0.40358233
0.44265467,0.44265467
0.39684486,0.39684486
0.42406136,0.42406136
0.4049481,0.4049481
0.45396766,0.45396766
0.45392078,0.45392078
0.4411014,0.4411014
0.45627692,0.45627692
0.44209647,0.44209647
0.4326454,0.4326454
0.4146091,0.4146091
0.46919867,0.46919867
0.5320578,0.5320578
0.5220463,0.5220463
0.46180192,0.46180192
0.45256898,0.45256898
0.47257224,0.47257224
0.50996983,0.50996983
0.4717354,0.4717354
0.46447706,0.46447706
0.43115962,0.43115962
0.44543982,0.44543982
0.47434115,0.47434115
0.44824716,0.44824716
0.5640134,0.5640134
0.5479628,0.5479628
0.4654155,0.4654155
0.47776607,0.47776607
0.4513057,0.4513057
0.32335177,0.32335177
0.4604917,0.4604917
0.53847384,0.53847384
0.28404525,0.28404525
0.48525527,0.48525527
0.35581094,0.35581094
0.42924395,0.42924395
0.4680089,0.4680089
0.40579975,0.40579975
0.4015049,0.4015049
0.37179133,0.37179133
0.40169418,0.40169418
0.54168206,0.54168206
0.53113794,0.53113794
0.47582117,0.47582117
0.42541862,0.42541862
0.41906434,0.41906434
0.380551,0.380551
0.32633996,0.32633996
0.34324104,0.34324104
0.32456765,0.32456765
0.48213726,0.48213726
0.43745404,0.43745404
0.5074952,0.5074952
0.4490511,0.4490511
0.4748592,0.4748592
0.46349636,0.46349636
0.43577194,0.43577194
0.4439228,0.4439228
0.5146877,0.5146877
0.4407245,0.4407245
0.43238193,0.43238193
0.41266882,0.41266882
0.41886902,0.41886902
0.43329504,0.43329504
0.49217615,0.49217615
0.546395,0.546395
0.664392,0.664392
0.51305014,0.51305014
0.47391927,0.47391927
0.48529008,0.48529008
0.5052713,0.5052713
0.5336614,0.5336614
0.4955463,0.4955463
0.5023738,0.5023738
0.5277831,0.5277831
0.5277831,0.5277831
0.5277831,0.5277831
0.5277831,0.5277831
0.5277831,0.5277831
0.5277831,0.5277831
0.5277831,0.5277831
0.50540066,0.50540066
0.5244598,0.5244598
0.49064496,0.49064496
0.5412086,0.5412086
0.47385618,0.47385618
0.4882681,0.4882681
0.46702638,0.46702638
0.43737063,0.43737063
0.51907647,0.51907647
0.4625215,0.4625215
0.44486707,0.44486707
0.48582414,0.48582414
0.46441224,0.46441224
0.40631667,0.40631667
0.3630458,0.3630458
0.48502925,0.48502925
0.4799307,0.4799307
0.43225443,0.43225443
0.49199387,0.49199387
0.43496025,0.43496025
0.44157013,0.44157013
0.43479937,0.43479937
0.4556826,0.4556826
0.4429186,0.4429186
0.43962935,0.43962935
0.54285777,0.54285777
0.43275523,0.43275523
0.44672304,0.44672304
0.47288635,0.47288635
0.4004622,0.4004622
0.42122722,0.42122722
0.47543162,0.47543162
0.52639437,0.52639437
0.5246206,0.5246206
0.5415819,0.5415819
0.46160084,0.46160084
0.43425024,0.43425024
0.5372919,0.5372919
0.5250365,0.5250365
0.51565665,0.51565665
0.35854003,0.35854003
0.5370513,0.5370513
0.47976273,0.47976273
0.46500283,0.46500283
0.49227598,0.49227598
0.46885255,0.46885255
0.44769913,0.44769913
0.45961547,0.45961547
0.5325522,0.5325522
0.53490037,0.53490037
0.40463647,0.40463647
0.50163484,0.50163484
0.35678768,0.35678768
0.3846082,0.3846082
0.39796117,0.39796117
0.47644633,0.47644633
0.36672017,0.36672017
0.49101508,0.49101508
0.41839397,0.41839397
0.45067793,0.45067793
0.43721098,0.43721098
0.4980153,0.4980153
0.40128636,0.40128636
0.4686891,0.4686891
0.4828881,0.4828881
0.50844526,0.50844526
0.4732392,0.4732392
0.4455659,0.4455659
0.3325792,0.3325792
0.5350509,0.5350509
0.46480054,0.46480054
0.3885029,0.3885029
0.4664822,0.4664822
0.434435,0.434435
0.4262989,0.4262989
0.5063002,0.5063002
0.5277831,0.5277831
0.5277831,0.5277831
0.5277831,0.5277831
0.5277831,0.5277831
0.5277831,0.5277831
0.5277831,0.5277831
0.5277831,0.5277831
0.5277831,0.5277831
0.5277831,0.5277831
0.5277831,0.5277831
0.5277831,0.5277831
0.5277831,0.5277831
0.5277831,0.5277831
0.5277831,0.5277831
0.5277831,0.5277831
0.5277831,0.5277831
0.5277831,0.5277831
0.5277831,0.5277831
0.5277831,0.5277831
0.5277831,0.5277831
0.5277831,0.5277831
0.5277831,0.5277831
0.5277831,0.5277831
0.5277831,0.5277831
0.5277831,0.5277831
0.5277831,0.5277831
0.5277831,0.5277831
0.5277831,0.5277831
0.5277831,0.5277831
0.5277831,0.5277831
0.5277831,0.5277831
0.5277831,0.5277831
0.5277831,0.5277831
0.5277831,0.5277831
0.4868128,0.4868128
0.4033923,0.4033923
0.42812422,0.42812422
0.42521244,0.42521244
0.42904815,0.42904815
0.4150785,0.4150785
0.36566988,0.36566988
0.43726757,0.43726757
0.5399969,0.5399969
0.47010258,0.47010258
0.5143037,0.5143037
0.4869832,0.4869832
0.5071905,0.5071905
0.46734437,0.46734437
0.4144629,0.4144629
0.346215,0.346215
0.48730043,0.48730043
0.4942723,0.4942723
0.50795436,0.50795436
0.54019547,0.54019547
0.5765391,0.5765391
0.5153891,0.5153891
0.58269244,0.58269244
0.49627888,0.49627888
0.48549664,0.48549664
0.5277831,0.5277831
0.5277831,0.5277831
0.5277831,0.5277831
0.5277831,0.5277831
0.5277831,0.5277831
0.5277831,0.5277831
0.5277831,0.5277831
0.5277831,0.5277831
0.5277831,0.5277831
0.5277831,0.5277831
0.5277831,0.5277831
0.5277831,0.5277831
0.5277831,0.5277831
0.5277831,0.5277831
0.5277831,0.5277831
0.5277831,0.5277831
0.5277831,0.5277831
0.5277831,0.5277831
0.5277831,0.5277831
0.5277831,0.5277831
0.5277831,0.5277831
0.5277831,0.5277831
0.5277831,0.5277831
0.5277831,0.5277831
0.5277831,0.5277831
0.5277831,0.5277831
0.5277831,0.5277831
0.5277831,0.5277831
0.5277831,0.5277831
0.5277831,0.5277831
0.5292774,0.5292774
0.41075933,0.41075933
0.38920015,0.38920015
0.5411309,0.5411309
0.48714745,0.48714745
0.45711395,0.45711395
0.36327526,0.36327526
0.54374784,0.54374784
0.54484785,0.54484785
0.53326017,0.53326017
0.48834133,0.48834133
0.38039824,0.38039824
0.4621273,0.4621273
0.3711144,0.3711144
0.55866474,0.55866474
0.45662212,0.45662212
0.43834442,0.43834442
0.41549286,0.41549286
0.43984374,0.43984374
0.42852956,0.42852956
0.35246417,0.35246417
0.44833377,0.44833377
0.4297688,0.4297688
0.37273625,0.37273625
0.42894486,0.42894486
0.40449658,0.40449658
0.44178534,0.44178534
0.42960697,0.42960697
0.42289275,0.42289275
0.483338,0.483338
0.34614018,0.34614018
0.5325846,0.5325846
0.4724759,0.4724759
0.5268201,0.5268201
0.46147352,0.46147352
0.51451343,0.51451343
0.46792844,0.46792844
0.5277831,0.5277831
0.5277831,0.5277831
0.5277831,0.5277831
0.5277831,0.5277831
0.5277831,0.5277831
0.5277831,0.5277831
0.5277831,0.5277831
0.5277831,0.5277831
0.5277831,0.5277831
0.5277831,0.5277831
0.5277831,0.5277831
0.5277831,0.5277831
0.5277831,0.5277831
0.5277831,0.5277831
0.5277831,0.5277831
0.5277831,0.5277831
0.53565294,0.53565294
0.4680422,0.4680422
0.4419263,0.4419263
0.49345002,0.49345002
0.43152833,0.43152833
0.40941784,0.40941784
0.41888955,0.41888955
0.46422437,0.46422437
0.38665628,0.38665628
0.42173275,0.42173275
0.37430677,0.37430677
0.38370723,0.38370723
0.38003102,0.38003102
0.4147172,0.4147172
0.59884155,0.59884155
0.49083093,0.49083093
0.4544163,0.4544163
0.4480993,0.4480993
0.50085264,0.50085264
0.4784366,0.4784366
0.4929822,0.4929822
0.53057885,0.53057885
0.39515597,0.39515597
0.38233313,0.38233313
0.3912747,0.3912747
0.45911872,0.45911872
0.38454217,0.38454217
0.4164961,0.4164961
0.48849565,0.48849565
0.35940644,0.35940644
0.49621513,0.49621513
0.57205456,0.57205456
0.47607967,0.47607967
0.34981057,0.34981057
0.37540662,0.37540662
0.458934,0.458934
0.35445482,0.35445482
0.46266532,0.46266532
0.4690071,0.4690071
0.4113995,0.4113995
0.39246196,0.39246196
0.48042515,0.48042515
0.43019986,0.43019986
0.45758444,0.45758444
0.37791887,0.37791887
0.41723695,0.41723695
0.5038834,0.5038834
0.5362738,0.5362738
0.438277,0.438277
0.42018953,0.42018953
0.3891281,0.3891281
0.48751763,0.48751763
0.45552582,0.45552582
0.45572025,0.45572025
0.3525703,0.3525703
0.40781027,0.40781027
0.55303085,0.55303085
0.5091471,0.5091471
0.48692274,0.48692274
0.515072,0.515072
0.47108495,0.47108495
0.47613192,0.47613192
0.54996157,0.54996157
0.49950874,0.49950874
0.44667456,0.44667456
0.5277831,0.5277831
0.5277831,0.5277831
0.5277831,0.5277831
0.5277831,0.5277831
0.5277831,0.5277831
0.5277831,0.5277831
0.5277831,0.5277831
0.5632342,0.5632342
0.46117038,0.46117038
0.4121411,0.4121411
0.45025146,0.45025146
0.5525642,0.5525642
0.41971743,0.41971743
0.40830016,0.40830016
0.37587962,0.37587962
0.444302,0.444302
0.41023117,0.41023117
0.46745127,0.46745127
0.56502384,0.56502384
0.6098262,0.6098262
0.4429607,0.4429607
0.49581504,0.49581504
0.6024361,0.6024361
0.35559893,0.35559893
0.51096857,0.51096857
0.5504837,0.5504837
0.4292045,0.4292045
0.54156005,0.54156005
0.37518382,0.37518382
0.3766089,0.3766089
0.4589193,0.4589193
0.2924211,0.2924211
0.3275704,0.3275704
0.50993615,0.50993615
0.39579538,0.39579538
0.40908703,0.40908703
0.4116608,0.4116608
0.40326884,0.40326884
0.5207083,0.5207083
0.37697485,0.37697485
0.5746348,0.5746348
0.44976267,0.44976267
0.57507235,0.57507235
0.4570039,0.4570039
0.46783414,0.46783414
0.4811544,0.4811544
0.4817293,0.4817293
0.5214229,0.5214229
0.50879335,0.50879335
0.40652555,0.40652555
0.39180478,0.39180478
0.45430613,0.45430613
0.5281124,0.5281124
0.4486044,0.4486044
0.438559,0.438559
0.40032333,0.40032333
0.4668385,0.4668385
0.57556045,0.57556045
0.57863504,0.57863504
0.3239112,0.3239112
0.38409233,0.38409233
0.4597938,0.4597938
0.4566656,0.4566656
0.38675737,0.38675737
0.44672936,0.44672936
0.4292095,0.4292095
0.36472654,0.36472654
0.43833148,0.43833148
0.3868496,0.3868496
0.42962193,0.42962193
0.57703584,0.57703584
0.59057426,0.59057426
0.5527868,0.5527868
0.50850433,0.50850433
0.5181138,0.5181138
0.49628118,0.49628118
0.39241624,0.39241624
0.3388511,0.3388511
0.41692713,0.41692713
0.44343913,0.44343913
0.46942422,0.46942422
0.5660373,0.5660373
0.57389235,0.57389235
0.40688682,0.40688682
0.57702976,0.57702976
0.5763001,0.5763001
0.6011181,0.6011181
0.5265963,0.5265963
0.60799474,0.60799474
0.60541695,0.60541695
0.53360766,0.53360766
0.57043123,0.57043123
0.47554624,0.47554624
0.52037346,0.52037346
0.5014572,0.5014572
0.4671636,0.4671636
0.48513472,0.48513472
0.47419366,0.47419366
0.5435183,0.5435183
0.43236136,0.43236136
0.4187442,0.4187442
0.36459142,0.36459142
0.40629363,0.40629363
0.40082645,0.40082645
0.51729536,0.51729536
0.38795742,0.38795742
0.42013922,0.42013922
0.53340185,0.53340185
0.5461573,0.5461573
0.617652,0.617652
0.57119685,0.57119685
0.41284418,0.41284418
0.3602943,0.3602943
0.42640102,0.42640102
0.39401442,0.39401442
0.3671918,0.3671918
0.35273948,0.35273948
0.4049322,0.4049322
0.42516267,0.42516267
0.58298784,0.58298784
0.52907753,0.52907753
0.37244135,0.37244135
0.39611828,0.39611828
0.4055769,0.4055769
0.561894,0.561894
0.47698402,0.47698402
0.55809206,0.55809206
0.44388664,0.44388664
0.3246672,0.3246672
0.45969212,0.45969212
0.38427433,0.38427433
0.5510472,0.5510472
0.5684738,0.5684738
0.4073693,0.4073693
0.43609416,0.43609416
0.3786432,0.3786432
0.3945055,0.3945055
0.37045082,0.37045082
0.32646823,0.32646823
0.38581225,0.38581225
0.34297273,0.34297273
0.36402753,0.36402753
0.41716725,0.41716725
0.26128194,0.26128194
0.42068592,0.42068592
0.6013516,0.6013516
0.5423201,0.5423201
0.37531105,0.37531105
0.47107342,0.47107342
0.4833241,0.4833241
0.59688264,0.59688264
0.60981005,0.60981005
0.49060857,0.49060857
0.44670787,0.44670787
0.3778039,0.3778039
0.41043746,0.41043746
0.5492773,0.5492773
0.53549796,0.53549796
0.4744781,0.4744781
0.5169368,0.5169368
0.54030347,0.54030347
0.57233584,0.57233584
0.60764706,0.60764706
0.5606131,0.5606131
0.48581043,0.48581043
0.5025818,0.5025818
0.461024,0.461024
0.4753058,0.4753058
0.5277831,0.5277831
0.5277831,0.5277831
0.5277831,0.5277831
0.5277831,0.5277831
0.5404961,0.5404961
0.40120125,0.40120125
0.34061295,0.34061295
0.4887056,0.4887056
0.5170737,0.5170737
0.31399763,0.31399763
0.34595123,0.34595123
0.37860844,0.37860844
0.4879609,0.4879609
0.4752734,0.4752734
0.61845577,0.61845577
0.60844153,0.60844153
0.36000794,0.36000794
0.39470878,0.39470878
0.35204765,0.35204765
0.38506135,0.38506135
0.40484133,0.40484133
0.54197484,0.54197484
0.6253689,0.6253689
0.52321666,0.52321666
0.5460369,0.5460369
0.35467243,0.35467243
0.41314662,0.41314662
0.39994922,0.39994922
0.34110552,0.34110552
0.37290233,0.37290233
0.30841964,0.30841964
0.39977866,0.39977866
0.42816547,0.42816547
0.4856892,0.4856892
0.49618313,0.49618313
0.41036215,0.41036215
0.43312302,0.43312302
0.38312316,0.38312316
0.3952086,0.3952086
0.36006835,0.36006835
0.51396924,0.51396924
0.5903652,0.5903652
0.36766845,0.36766845
0.42131782,0.42131782
0.3722454,0.3722454
0.3852276,0.3852276
0.36703753,0.36703753
0.352993,0.352993
0.39298174,0.39298174
0.44399652,0.44399652
0.6085579,0.6085579
0.519897,0.519897
0.37568107,0.37568107
0.41884926,0.41884926
0.52894306,0.52894306
0.48780334,0.48780334
0.53546226,0.53546226
0.49637622,0.49637622
0.39660427,0.39660427
0.44077146,0.44077146
0.39914775,0.39914775
0.43511084,0.43511084
0.39581677,0.39581677
0.5040189,0.5040189
0.64192206,0.64192206
0.55346096,0.55346096
0.49604487,0.49604487
0.54363304,0.54363304
0.48694742,0.48694742
0.47912794,0.47912794
0.50501317,0.50501317
0.45468724,0.45468724
0.4921103,0.4921103
0.47505566,0.47505566
0.4728665,0.4728665
0.54311305,0.54311305
0.5277831,0.5277831
0.5277831,0.5277831
0.5277831,0.5277831
0.5812459,0.5812459
0.3755429,0.3755429
0.3580811,0.3580811
0.43058205,0.43058205
0.5547353,0.5547353
0.44024757,0.44024757
0.32530499,0.32530499
0.33678016,0.33678016
0.38389674,0.38389674
0.33044243,0.33044243
0.30124164,0.30124164
0.38784376,0.38784376
0.39559275,0.39559275
0.4467485,0.4467485
0.55582905,0.55582905
0.40448642,0.40448642
0.39597002,0.39597002
0.30577505,0.30577505
0.36241373,0.36241373
0.3591169,0.3591169
0.4565188,0.4565188
0.46486387,0.46486387
0.41083327,0.41083327
0.408305,0.408305
0.54981023,0.54981023
0.5306141,0.5306141
0.45009357,0.45009357
0.52362525,0.52362525
0.49442202,0.49442202
0.5563669,0.5563669
0.39581043,0.39581043
0.45244184,0.45244184
0.35586384,0.35586384
0.43615708,0.43615708
0.40435115,0.40435115
0.3882169,0.3882169
0.38066837,0.38066837
0.52525675,0.52525675
0.32843143,0.32843143
0.42163855,0.42163855
0.40306252,0.40306252
0.4257624,0.4257624
0.51695234,0.51695234
0.45731455,0.45731455
0.49438354,0.49438354
0.32434818,0.32434818
0.53148824,0.53148824
0.49207842,0.49207842
0.524893,0.524893
0.48689327,0.48689327
0.43462187,0.43462187
0.51868844,0.51868844
0.5577249,0.5577249
0.5232015,0.5232015
0.53969675,0.53969675
0.4978035,0.4978035
0.49035823,0.49035823
0.4724368,0.4724368
0.4802127,0.4802127
0.40887582,0.40887582
0.4498542,0.4498542
0.56403893,0.56403893
0.49974915,0.49974915
0.52431464,0.52431464
0.5623205,0.5623205
0.63853675,0.63853675
0.5439016,0.5439016
0.38737673,0.38737673
0.41237175,0.41237175
0.5307472,0.5307472
0.3857117,0.3857117
0.34686843,0.34686843
0.4235084,0.4235084
0.370969,0.370969
0.48000807,0.48000807
0.45723048,0.45723048
0.61404616,0.61404616
0.5100347,0.5100347
0.33735564,0.33735564
0.4097104,0.4097104
0.38000202,0.38000202
0.3940431,0.3940431
0.41424847,0.41424847
0.29539827,0.29539827
0.3713759,0.3713759
0.5535264,0.5535264
0.41135406,0.41135406
0.4602423,0.4602423
0.40963033,0.40963033
0.6205033,0.6205033
0.47462064,0.47462064
0.6236905,0.6236905
0.47776648,0.47776648
0.4850811,0.4850811
0.5669837,0.5669837
0.56997925,0.56997925
0.3923335,0.3923335
0.33913112,0.33913112
0.5643583,0.5643583
0.5042221,0.5042221
0.38689342,0.38689342
0.39648893,0.39648893
0.4202302,0.4202302
0.48618078,0.48618078
0.48878607,0.48878607
0.51609313,0.51609313
0.6337766,0.6337766
0.52224845,0.52224845
0.47344947,0.47344947
0.5638234,0.5638234
0.48423603,0.48423603
0.48363516,0.48363516
0.41515326,0.41515326
0.4747837,0.4747837
0.42340016,0.42340016
0.45036766,0.45036766
0.5146197,0.5146197
0.4478477,0.4478477
0.47242123,0.47242123
0.4535884,0.4535884
0.48395213,0.48395213
0.4984024,0.4984024
0.4786796,0.4786796
0.47525808,0.47525808
0.34170556,0.34170556
0.39545676,0.39545676
0.41859418,0.41859418
0.38180256,0.38180256
0.40445873,0.40445873
0.4157517,0.4157517
0.5642675,0.5642675
0.44941074,0.44941074
0.3640473,0.3640473
0.4026914,0.4026914
0.64600104,0.64600104
0.55530417,0.55530417
0.38004342,0.38004342
0.45374665,0.45374665
0.48320076,0.48320076
0.38470465,0.38470465
0.32366592,0.32366592
0.4060123,0.4060123
0.40808457,0.40808457
0.4058948,0.4058948
0.43560043,0.43560043
0.35506317,0.35506317
0.41637856,0.41637856
0.45810226,0.45810226
0.43240112,0.43240112
0.40737107,0.40737107
0.40157098,0.40157098
0.41826627,0.41826627
0.4406582,0.4406582
0.43238273,0.43238273
0.6053694,0.6053694
0.6150758,0.6150758
0.59185547,0.59185547
0.5862916,0.5862916
0.5460577,0.5460577
0.4922322,0.4922322
0.47163752,0.47163752
0.48952103,0.48952103
0.49878907,0.49878907
0.5475105,0.5475105
0.60581774,0.60581774
0.49156857,0.49156857
0.47820032,0.47820032
0.5115266,0.5115266
0.4683802,0.4683802
0.48465815,0.48465815
0.49284458,0.49284458
0.4960375,0.4960375
0.518388,0.518388
0.5898895,0.5898895
0.67924374,0.67924374
0.50043213,0.50043213
0.4698192,0.4698192
0.5794677,0.5794677
0.47097498,0.47097498
0.54261214,0.54261214
0.6089153,0.6089153
0.5248531,0.5248531
0.5625741,0.5625741
0.53396565,0.53396565
0.5335924,0.5335924
0.53044415,0.53044415
0.5277831,0.5277831
0.5277831,0.5277831
0.5277831,0.5277831
0.5277831,0.5277831
0.5277831,0.5277831
0.5277831,0.5277831
0.5277831,0.5277831
0.5277831,0.5277831
0.5277831,0.5277831
0.5277831,0.5277831
0.5277831,0.5277831
0.5277831,0.5277831
0.5277831,0.5277831
0.5277831,0.5277831
0.5277831,0.5277831
0.5277831,0.5277831
0.5277831,0.5277831
0.5277831,0.5277831
0.5277831,0.5277831
0.5277831,0.5277831
0.5358438,0.5358438
0.3730707,0.3730707
0.4308099,0.4308099
0.35430568,0.35430568
0.44712722,0.44712722
0.42624566,0.42624566
0.34989765,0.34989765
0.37073052,0.37073052
0.42256677,0.42256677
0.58823305,0.58823305
0.57252544,0.57252544
0.7587538,0.7587538
0.6975521,0.6975521
0.59181994,0.59181994
0.5268678,0.5268678
0.46225238,0.46225238
0.523746,0.523746
0.4985789,0.4985789
0.50627804,0.50627804
0.4979958,0.4979958
0.54212105,0.54212105
0.5443244,0.5443244
0.5064357,0.5064357
0.5614881,0.5614881
0.5277831,0.5277831
0.5277831,0.5277831
0.5277831,0.5277831
0.5277831,0.5277831
0.5277831,0.5277831
0.5277831,0.5277831
0.5277831,0.5277831
0.5277831,0.5277831
0.5277831,0.5277831
0.5277831,0.5277831
0.5277831,0.5277831
0.5277831,0.5277831
0.5277831,0.5277831
0.5277831,0.5277831
0.5277831,0.5277831
0.5277831,0.5277831
0.5277831,0.5277831
0.5277831,0.5277831
0.5277831,0.5277831
0.5277831,0.5277831
0.5277831,0.5277831
0.5388123,0.5388123
0.44218183,0.44218183
0.60941124,0.60941124
0.43432483,0.43432483
0.43271747,0.43271747
0.41107312,0.41107312
0.39249346,0.39249346
0.41336662,0.41336662
0.5533621,0.5533621
0.425316,0.425316
0.45292896,0.45292896
0.39661,0.39661
0.54947215,0.54947215
0.5790361,0.5790361
0.43364477,0.43364477
0.31626344,0.31626344
0.42732635,0.42732635
0.3981791,0.3981791
0.37689224,0.37689224
0.4248068,0.4248068
0.41260353,0.41260353
0.43665528,0.43665528
0.3843665,0.3843665
0.5857779,0.5857779
0.37911665,0.37911665
0.38621446,0.38621446
0.4258466,0.4258466
0.48859602,0.48859602
0.44693106,0.44693106
0.47378078,0.47378078
0.4759003,0.4759003
0.41766644,0.41766644
0.48432076,0.48432076
0.49130663,0.49130663
0.47927335,0.47927335
0.5114759,0.5114759
0.4797129,0.4797129
0.5566524,0.5566524
0.4575278,0.4575278
0.3412578,0.3412578
0.47499344,0.47499344
0.42054486,0.42054486
0.50768876,0.50768876
0.5415524,0.5415524
0.5277831,0.5277831
0.5277831,0.5277831
0.5277831,0.5277831
0.5277831,0.5277831
0.5277831,0.5277831
0.5277831,0.5277831
0.5277831,0.5277831
0.5277831,0.5277831
0.510389,0.510389
0.48270774,0.48270774
0.50183564,0.50183564
0.44614002,0.44614002
0.58760893,0.58760893
0.48183665,0.48183665
0.47835457,0.47835457
0.36323076,0.36323076
0.3240796,0.3240796
0.5533778,0.5533778
0.5394447,0.5394447
0.41606334,0.41606334
0.4006425,0.4006425
0.34182477,0.34182477
0.3494874,0.3494874
0.39096388,0.39096388
0.41442028,0.41442028
0.38903874,0.38903874
0.5347345,0.5347345
0.47143593,0.47143593
0.34701255,0.34701255
0.4693676,0.4693676
0.5076693,0.5076693
0.38033807,0.38033807
0.44141212,0.44141212
0.44030365,0.44030365
0.36894754,0.36894754
0.34773687,0.34773687
0.459274,0.459274
0.46497664,0.46497664
0.518367,0.518367
0.29661998,0.29661998
0.44206274,0.44206274
0.39769983,0.39769983
0.40596995,0.40596995
0.36749148,0.36749148
0.46655095,0.46655095
0.44289404,0.44289404
0.57826436,0.57826436
0.4389642,0.4389642
0.33825317,0.33825317
0.35654593,0.35654593
0.53940034,0.53940034
0.51792455,0.51792455
0.32481772,0.32481772
0.364438,0.364438
0.4585126,0.4585126
0.35197926,0.35197926
0.4116662,0.4116662
0.51427233,0.51427233
0.5478268,0.5478268
0.4651726,0.4651726
0.44517037,0.44517037
0.5243051,0.5243051
0.5335034,0.5335034
0.5285622,0.5285622
0.5748319,0.5748319
0.4313318,0.4313318
0.48537585,0.48537585
0.5325971,0.5325971
0.5141842,0.5141842
0.52335894,0.52335894
0.487049,0.487049
0.43919623,0.43919623
0.6972309,0.6972309
0.5085602,0.5085602
0.4016329,0.4016329
0.4196782,0.4196782
0.26910475,0.26910475
0.36855572,0.36855572
0.5226681,0.5226681
0.37078345,0.37078345
0.35334012,0.35334012
0.40432426,0.40432426
0.3281098,0.3281098
0.5169489,0.5169489
0.5079065,0.5079065
0.5624903,0.5624903
0.38736796,0.38736796
0.40527076,0.40527076
0.37089962,0.37089962
0.42816618,0.42816618
0.38033488,0.38033488
0.40713447,0.40713447
0.38199297,0.38199297
0.54740435,0.54740435
0.51418614,0.51418614
0.40763256,0.40763256
0.5076132,0.5076132
0.49327818,0.49327818
0.43114683,0.43114683
0.35494807,0.35494807
0.3973114,0.3973114
0.3922523,0.3922523
0.39816758,0.39816758
0.4129876,0.4129876
0.41151908,0.41151908
0.3788605,0.3788605
0.5516543,0.5516543
0.33064604,0.33064604
0.3694199,0.3694199
0.40814194,0.40814194
0.32502186,0.32502186
0.44435346,0.44435346
0.45417204,0.45417204
0.47412968,0.47412968
0.38312078,0.38312078
0.3936921,0.3936921
0.42893732,0.42893732
0.3720608,0.3720608
0.3933773,0.3933773
0.42611456,0.42611456
0.45489758,0.45489758
0.36210835,0.36210835
0.5977514,0.5977514
0.40613708,0.40613708
0.45033586,0.45033586
0.4050968,0.4050968
0.409459,0.409459
0.5237286,0.5237286
0.49197304,0.49197304
0.5003379,0.5003379
0.39766097,0.39766097
0.4141991,0.4141991
0.530994,0.530994
0.42408293,0.42408293
0.39176577,0.39176577
0.42617333,0.42617333
0.4809062,0.4809062
0.43419096,0.43419096
0.54000765,0.54000765
0.44277608,0.44277608
0.57006985,0.57006985
0.50704527,0.50704527
0.5044825,0.5044825
0.54877746,0.54877746
0.5720293,0.5720293
0.513221,0.513221
0.5216621,0.5216621
0.51915824,0.51915824
0.43440717,0.43440717
0.5277831,0.5277831
0.5277831,0.5277831
0.5277831,0.5277831
0.5277831,0.5277831
0.5277831,0.5277831
0.5277831,0.5277831
0.5277831,0.5277831
0.5277831,0.5277831
0.5277831,0.5277831
0.5277831,0.5277831
0.5277831,0.5277831
0.5277831,0.5277831
0.5277831,0.5277831
0.5277831,0.5277831
0.5277831,0.5277831
0.5277831,0.5277831
0.5277831,0.5277831
0.5277831,0.5277831
0.5277831,0.5277831
0.5277831,0.5277831
0.5277831,0.5277831
0.5277831,0.5277831
0.5277831,0.5277831
0.5277831,0.5277831
0.5277831,0.5277831
0.5277831,0.5277831
0.5277831,0.5277831
0.5647889,0.5647889
0.36396706,0.36396706
0.3649,0.3649
0.4487654,0.4487654
0.46476173,0.46476173
0.51202744,0.51202744
0.46557435,0.46557435
0.5230813,0.5230813
0.46227834,0.46227834
0.3951778,0.3951778
0.38177073,0.38177073
0.3342455,0.3342455
0.45547652,0.45547652
0.4784417,0.4784417
0.44415593,0.44415593
0.57637095,0.57637095
0.43239355,0.43239355
0.4627544,0.4627544
0.49911314,0.49911314
0.5548269,0.5548269
0.3552065,0.3552065
0.38687176,0.38687176
0.36843884,0.36843884
0.41564757,0.41564757
0.34647408,0.34647408
0.36160156,0.36160156
0.51929265,0.51929265
0.3958114,0.3958114
0.43748033,0.43748033
0.45718616,0.45718616
0.47675416,0.47675416
0.5147599,0.5147599
0.48895106,0.48895106
0.46106154,0.46106154
0.52223384,0.52223384
0.56232136,0.56232136
0.47388652,0.47388652
0.51111937,0.51111937
0.5588778,0.5588778
0.5277831,0.5277831
0.5277831,0.5277831
0.5277831,0.5277831
0.5277831,0.5277831
0.5277831,0.5277831
0.5277831,0.5277831
0.5277831,0.5277831
0.5277831,0.5277831
0.5277831,0.5277831
0.5277831,0.5277831
0.5277831,0.5277831
0.5277831,0.5277831
0.5277831,0.5277831
0.5279674,0.5279674
0.39461893,0.39461893
0.47640917,0.47640917
0.5324318,0.5324318
0.37900195,0.37900195
0.4081875,0.4081875
0.54291934,0.54291934
0.46045673,0.46045673
0.3505833,0.3505833
0.32896096,0.32896096
0.5473978,0.5473978
0.5305247,0.5305247
0.43907848,0.43907848
0.40273347,0.40273347
0.52520275,0.52520275
0.51824296,0.51824296
0.44862795,0.44862795
0.48607057,0.48607057
0.365552,0.365552
0.42226732,0.42226732
0.38416067,0.38416067
0.56235695,0.56235695
0.4731391,0.4731391
0.467878,0.467878
0.40220937,0.40220937
0.36104524,0.36104524
0.46827,0.46827
0.48830628,0.48830628
0.55585015,0.55585015
0.5193281,0.5193281
0.52851564,0.52851564
0.50445354,0.50445354
0.5075919,0.5075919
0.5239984,0.5239984
0.5277831,0.5277831
0.5277831,0.5277831
0.5277831,0.5277831
0.5277831,0.5277831
0.5277831,0.5277831
0.5277831,0.5277831
0.5277831,0.5277831
0.5277831,0.5277831
0.5277831,0.5277831
0.5277831,0.5277831
0.5277831,0.5277831
0.5277831,0.5277831
0.5277831,0.5277831
0.5277831,0.5277831
0.5277831,0.5277831
0.5277831,0.5277831
0.5277831,0.5277831
0.5277831,0.5277831
0.5277831,0.5277831
0.5277831,0.5277831
0.5277831,0.5277831
0.5277831,0.5277831
0.5277831,0.5277831
0.5277831,0.5277831
0.5277831,0.5277831
0.5277831,0.5277831
0.5277831,0.5277831
0.5277831,0.5277831
0.5277831,0.5277831
0.5277831,0.5277831
0.53653574,0.53653574
0.54383826,0.54383826
0.4955547,0.4955547
0.43720314,0.43720314
0.48726264,0.48726264
0.4635214,0.4635214
0.39646095,0.39646095
0.39563763,0.39563763
0.2944638,0.2944638
0.4323753,0.4323753
0.47823834,0.47823834
0.4940678,0.4940678
0.45599246,0.45599246
0.4413071,0.4413071
0.51060414,0.51060414
0.51317334,0.51317334
0.47159854,0.47159854
0.42152375,0.42152375
0.48367348,0.48367348
0.532137,0.532137
0.5910832,0.5910832
0.45366618,0.45366618
0.4257524,0.4257524
0.5356306,0.5356306
0.494627,0.494627
0.53328013,0.53328013
0.4789688,0.4789688
0.4701193,0.4701193
0.4903015,0.4903015
0.5106387,0.5106387
0.55083615,0.55083615
0.52973443,0.52973443
0.52069765,0.52069765
0.5277831,0.5277831
0.53052425,0.53052425
0.5109868,0.5109868
0.5250784,0.5250784
0.36565593,0.36565593
0.41537195,0.41537195
0.5061216,0.5061216
0.39769855,0.39769855
0.5751615,0.5751615
0.36144593,0.36144593
0.503883,0.503883
0.4301566,0.4301566
0.6663168,0.6663168
0.56054807,0.56054807
0.54521954,0.54521954
0.38326368,0.38326368
0.38519958,0.38519958
0.3545332,0.3545332
0.41196877,0.41196877
0.3897644,0.3897644
0.37441555,0.37441555
0.577264,0.577264
0.34614816,0.34614816
0.49223313,0.49223313
0.48686692,0.48686692
0.48080665,0.48080665
0.37901378,0.37901378
0.3647206,0.3647206
0.42087635,0.42087635
0.5857054,0.5857054
0.6216055,0.6216055
0.31520003,0.31520003
0.34868535,0.34868535
0.43542278,0.43542278
0.5251213,0.5251213
0.53559583,0.53559583
0.5547075,0.5547075
0.5553077,0.5553077
0.5875824,0.5875824
0.5672706,0.5672706
0.5813095,0.5813095
0.48753223,0.48753223
0.52946854,0.52946854
0.58530587,0.58530587
0.5614014,0.5614014
0.558039,0.558039
0.5048518,0.5048518
0.51028705,0.51028705
0.4799826,0.4799826
0.4653852,0.4653852
0.43308926,0.43308926
0.48563945,0.48563945
0.5598221,0.5598221
0.38792494,0.38792494
0.5232636,0.5232636
0.5773374,0.5773374
0.4670728,0.4670728
0.5194126,0.5194126
0.510614,0.510614
0.47547317,0.47547317
0.48257872,0.48257872
0.4976491,0.4976491
0.48209625,0.48209625
0.5489707,0.5489707
0.5277831,0.5277831
0.5277831,0.5277831
0.5277831,0.5277831
0.5277831,0.5277831
0.5277831,0.5277831
0.5277831,0.5277831
0.5277831,0.5277831
0.5277831,0.5277831
0.5277831,0.5277831
0.5277831,0.5277831
0.5277831,0.5277831
0.5277831,0.5277831
0.5277831,0.5277831
0.5277831,0.5277831
0.5277831,0.5277831
0.5277831,0.5277831
0.5277831,0.5277831
0.5277831,0.5277831
0.5277831,0.5277831
0.5277831,0.5277831
0.5277831,0.5277831
0.5277831,0.5277831
0.5277831,0.5277831
0.5277831,0.5277831
0.5277831,0.5277831
0.5277831,0.5277831
0.5277831,0.5277831
0.5277831,0.5277831
0.5277831,0.5277831
0.5277831,0.5277831
0.5277831,0.5277831
0.5277831,0.5277831
0.5277831,0.5277831
0.5277831,0.5277831
0.5277831,0.5277831
0.5277831,0.5277831
0.5277831,0.5277831
0.5277831,0.5277831
0.5277831,0.5277831
0.5277831,0.5277831
0.5277831,0.5277831
0.5277831,0.5277831
0.5277831,0.5277831
0.5277831,0.5277831
0.5277831,0.5277831
0.5277831,0.5277831
0.5277831,0.5277831
0.5277831,0.5277831
0.5277831,0.5277831
0.5277831,0.5277831
0.5277831,0.5277831
0.5277831,0.5277831
0.5277831,0.5277831
0.5277831,0.5277831
0.5277831,0.5277831
0.5277831,0.5277831
0.5277831,0.5277831
0.5277831,0.5277831
0.5277831,0.5277831
0.5277831,0.5277831
0.5277831,0.5277831
0.5277831,0.5277831
0.5277831,0.5277831
0.5277831,0.5277831
0.5277831,0.5277831
0.5277831,0.5277831
0.5277831,0.5277831
0.5277831,0.5277831
0.5277831,0.5277831
0.5277831,0.5277831
0.5277831,0.5277831
0.5277831,0.5277831
0.5277831,0.5277831
0.5277831,0.5277831
0.5277831,0.5277831
0.5277831,0.5277831
0.5277831,0.5277831
0.5277831,0.5277831
0.5277831,0.5277831
0.5277831,0.5277831
0.5277831,0.5277831
0.5277831,0.5277831
0.5277831,0.5277831
0.5277831,0.5277831
0.5277831,0.5277831
0.5277831,0.5277831
0.5277831,0.5277831
0.5277831,0.5277831
0.5277831,0.5277831
0.5277831,0.5277831
0.5277831,0.5277831
0.5277831,0.5277831
0.5277831,0.5277831
0.5277831,0.5277831
0.5277831,0.5277831
0.5277831,0.5277831
0.5277831,0.5277831
0.5277831,0.5277831
0.5277831,0.5277831
0.5277831,0.5277831
0.5277831,0.5277831
0.5277831,0.5277831
0.5277831,0.5277831
0.5277831,0.5277831
0.5277831,0.5277831
0.5277831,0.5277831
0.5277831,0.5277831
0.5277831,0.5277831
0.5277831,0.5277831
0.5277831,0.5277831
0.5277831,0.5277831
0.5277831,0.5277831
0.5277831,0.5277831
0.5277831,0.5277831
0.5277831,0.5277831
0.5277831,0.5277831
0.5277831,0.5277831
0.5277831,0.5277831
0.5277831,0.5277831
0.5277831,0.5277831
0.5277831,0.5277831
0.5277831,0.5277831
0.5277831,0.5277831
0.5277831,0.5277831
0.5277831,0.5277831
0.5277831,0.5277831
0.5277831,0.5277831
0.5277831,0.5277831
0.5277831,0.5277831
0.5277831,0.5277831
0.5277831,0.5277831
0.5277831,0.5277831
0.5277831,0.5277831
0.5277831,0.5277831
0.5277831,0.5277831
0.5277831,0.5277831
0.5277831,0.5277831
0.5277831,0.5277831
0.5277831,0.5277831
0.5277831,0.5277831
0.5277831,0.5277831
0.5277831,0.5277831
0.5277831,0.5277831
0.5277831,0.5277831
0.5277831,0.5277831
0.5277831,0.5277831
0.5277831,0.5277831
0.5277831,0.5277831
0.5277831,0.5277831
0.5277831,0.5277831
0.5277831,0.5277831
0.5277831,0.5277831
0.5277831,0.5277831
0.5277831,0.5277831
0.5277831,0.5277831
0.5277831,0.5277831
0.5277831,0.5277831
0.5277831,0.5277831
0.5277831,0.5277831
0.5277831,0.5277831
0.5277831,0.5277831
0.5277831,0.5277831
0.5277831,0.5277831
0.5277831,0.5277831
0.5277831,0.5277831
0.5277831,0.5277831
0.5277831,0.5277831
0.5277831,0.5277831
0.5277831,0.5277831
0.5277831,0.5277831
0.5277831,0.5277831
0.5277831,0.5277831
0.5277831,0.5277831
0.5277831,0.5277831
0.5277831,0.5277831
0.5277831,0.5277831
0.5277831,0.5277831
0.5277831,0.5277831
0.5277831,0.5277831
0.5277831,0.5277831
0.5277831,0.5277831
0.5453672,0.5453672
0.4055259,0.4055259
0.37593028,0.37593028
0.4607319,0.4607319
0.37616858,0.37616858
0.46106774,0.46106774
0.4288721,0.4288721
0.5294673,0.5294673
0.43200597,0.43200597
0.50462013,0.50462013
0.46534395,0.46534395
0.40701747,0.40701747
0.5349403,0.5349403
0.4466642,0.4466642
0.43181992,0.43181992
0.47652686,0.47652686
0.46986377,0.46986377
0.5493142,0.5493142
0.5989728,0.5989728
0.5337898,0.5337898
0.60402626,0.60402626
0.5259109,0.5259109
0.52313566,0.52313566
0.4957252,0.4957252
0.5408965,0.5408965
0.39764482,0.39764482
0.47316146,0.47316146
0.37843937,0.37843937
0.5178989,0.5178989
0.47133294,0.47133294
0.51091856,0.51091856
0.59145117,0.59145117
0.4257317,0.4257317
0.40441224,0.40441224
0.42082033,0.42082033
0.35586154,0.35586154
0.55448556,0.55448556
0.37599897,0.37599897
0.36643574,0.36643574
0.33670795,0.33670795
0.3869995,0.3869995
0.4696437,0.4696437
0.435767,0.435767
0.45535564,0.45535564
0.43979502,0.43979502
0.43936187,0.43936187
0.38491097,0.38491097
0.4164416,0.4164416
0.45131922,0.45131922
0.40103924,0.40103924
0.32709724,0.32709724
0.36173788,0.36173788
0.37160593,0.37160593
0.40708184,0.40708184
0.34756547,0.34756547
0.49266848,0.49266848
0.47961977,0.47961977
0.47747755,0.47747755
0.5301972,0.5301972
0.63026154,0.63026154
0.5396699,0.5396699
0.564487,0.564487
0.49135202,0.49135202
0.5271521,0.5271521
0.42566708,0.42566708
0.39060372,0.39060372
0.35497957,0.35497957
0.52161646,0.52161646
0.46717578,0.46717578
0.4876386,0.4876386
0.6042023,0.6042023
0.60448635,0.60448635
0.5199767,0.5199767
0.52307665,0.52307665
0.38576174,0.38576174
0.3846847,0.3846847
0.53523916,0.53523916
0.4169479,0.4169479
0.4160939,0.4160939
0.40804362,0.40804362
0.43154803,0.43154803
0.5852287,0.5852287
0.38689354,0.38689354
0.59168434,0.59168434
0.5736411,0.5736411
0.59943646,0.59943646
0.6173118,0.6173118
0.59166497,0.59166497
0.5518465,0.5518465
0.544122,0.544122
0.5086411,0.5086411
0.52250004,0.52250004
0.52219003,0.52219003
0.42520756,0.42520756
0.37610942,0.37610942
0.42893684,0.42893684
0.573659,0.573659
0.62115777,0.62115777
0.5137834,0.5137834
0.4230835,0.4230835
0.40127057,0.40127057
0.51521116,0.51521116
0.4011076,0.4011076
0.44795173,0.44795173
0.4543302,0.4543302
0.5468972,0.5468972
0.5531531,0.5531531
0.4514323,0.4514323
0.5325582,0.5325582
0.5062471,0.5062471
0.4089078,0.4089078
0.5177263,0.5177263
0.31789735,0.31789735
0.5626642,0.5626642
0.48302564,0.48302564
0.51362175,0.51362175
0.58052284,0.58052284
0.49077174,0.49077174
0.5879232,0.5879232
0.65197885,0.65197885
0.56241786,0.56241786
0.4961756,0.4961756
0.47671694,0.47671694
0.5695758,0.5695758
0.3981371,0.3981371
0.44708395,0.44708395
0.39893547,0.39893547
0.277859,0.277859
0.52380425,0.52380425
0.4758823,0.4758823
0.46150517,0.46150517
0.4764746,0.4764746
0.46757177,0.46757177
0.47876516,0.47876516
0.39274356,0.39274356
0.3821293,0.3821293
0.37714463,0.37714463
0.4000752,0.4000752
0.5625997,0.5625997
0.5591741,0.5591741
0.60688776,0.60688776
0.45573395,0.45573395
0.43318227,0.43318227
0.4581043,0.4581043
0.6606246,0.6606246
0.47820655,0.47820655
0.47848666,0.47848666
0.5131166,0.5131166
0.4667921,0.4667921
0.4641238,0.4641238
0.5497923,0.5497923
0.5687909,0.5687909
0.5310787,0.5310787
0.58283675,0.58283675
0.58386314,0.58386314
0.63839096,0.63839096
0.49565026,0.49565026
0.5699788,0.5699788
0.39850342,0.39850342
0.42011902,0.42011902
0.62217873,0.62217873
0.6657605,0.6657605
0.63420457,0.63420457
0.52043074,0.52043074
0.60559905,0.60559905
0.5389203,0.5389203
0.5011377,0.5011377
0.597932,0.597932
0.5076955,0.5076955
0.60430837,0.60430837
0.4507976,0.4507976
0.45225772,0.45225772
0.45448592,0.45448592
0.4760776,0.4760776
0.5298864,0.5298864
0.4532495,0.4532495
0.47131196,0.47131196
0.47424808,0.47424808
0.51508164,0.51508164
0.49871016,0.49871016
0.47580716,0.47580716
0.4895325,0.4895325
0.5277831,0.5277831
0.5277831,0.5277831
0.5277831,0.5277831
0.5277831,0.5277831
0.5277831,0.5277831
0.5277831,0.5277831
0.5277831,0.5277831
0.5277831,0.5277831
0.5277831,0.5277831
0.5277831,0.5277831
0.5277831,0.5277831
0.5277831,0.5277831
0.5277831,0.5277831
0.5277831,0.5277831
0.5277831,0.5277831
0.5277831,0.5277831
0.5277831,0.5277831
0.5277831,0.5277831
0.5277831,0.5277831
0.5277831,0.5277831
0.5277831,0.5277831
0.5277831,0.5277831
0.5277831,0.5277831
0.5277831,0.5277831
0.5277831,0.5277831
0.5277831,0.5277831
0.5277831,0.5277831
0.5277831,0.5277831
0.5277831,0.5277831
0.5277831,0.5277831
0.5277831,0.5277831
0.5277831,0.5277831
0.5277831,0.5277831
0.5277831,0.5277831
0.5277831,0.5277831
0.5277831,0.5277831
0.5277831,0.5277831
0.5277831,0.5277831
0.5277831,0.5277831
0.5277831,0.5277831
0.5277831,0.5277831
0.5277831,0.5277831
0.5277831,0.5277831
0.5277831,0.5277831
0.5277831,0.5277831
0.5277831,0.5277831
0.5277831,0.5277831
0.5277831,0.5277831
0.5277831,0.5277831
0.5277831,0.5277831
0.5277831,0.5277831
0.5277831,0.5277831
0.5277831,0.5277831
0.5277831,0.5277831
0.5277831,0.5277831
0.5277831,0.5277831
0.5277831,0.5277831
0.5277831,0.5277831
0.5277831,0.5277831
0.5277831,0.5277831
0.5277831,0.5277831
0.5277831,0.5277831
0.5277831,0.5277831
0.5277831,0.5277831
0.5277831,0.5277831
0.5277831,0.5277831
0.5277831,0.5277831
0.5277831,0.5277831
0.5277831,0.5277831
0.5277831,0.5277831
0.5277831,0.5277831
0.5277831,0.5277831
0.5277831,0.5277831
0.5277831,0.5277831
0.5277831,0.5277831
0.5277831,0.5277831
0.5277831,0.5277831
0.5277831,0.5277831
0.5277831,0.5277831
0.5277831,0.5277831
0.5277831,0.5277831
0.5277831,0.5277831
0.5277831,0.5277831
0.5277831,0.5277831
0.5277831,0.5277831
0.5277831,0.5277831
0.5277831,0.5277831
0.5277831,0.5277831
0.5277831,0.5277831
0.5277831,0.5277831
0.5277831,0.5277831
0.5277831,0.5277831
0.5277831,0.5277831
0.5277831,0.5277831
0.5277831,0.5277831
0.5277831,0.5277831
0.5277831,0.5277831
0.5277831,0.5277831
0.5277831,0.5277831
0.5277831,0.5277831
0.5277831,0.5277831
0.5277831,0.5277831
0.5277831,0.5277831
0.5277831,0.5277831
0.5277831,0.5277831
0.5277831,0.5277831
0.5277831,0.5277831
0.5277831,0.5277831
0.5277831,0.5277831
0.5277831,0.5277831
0.5277831,0.5277831
0.5277831,0.5277831
0.5277831,0.5277831
0.5277831,0.5277831
0.5277831,0.5277831
0.5277831,0.5277831
0.5277831,0.5277831
0.5277831,0.5277831
0.5277831,0.5277831
0.5277831,0.5277831
0.5277831,0.5277831
0.5277831,0.5277831
0.5277831,0.5277831
0.5277831,0.5277831
0.5277831,0.5277831
0.5277831,0.5277831
0.5277831,0.5277831
0.5277831,0.5277831
0.5277831,0.5277831
0.5277831,0.5277831
0.5277831,0.5277831
0.5277831,0.5277831
0.5277831,0.5277831
0.5277831,0.5277831
0.5277831,0.5277831
0.5277831,0.5277831
0.5277831,0.5277831
0.5277831,0.5277831
0.5277831,0.5277831
0.5277831,0.5277831
0.5277831,0.5277831
0.5277831,0.5277831
0.5277831,0.5277831
0.5277831,0.5277831
0.5277831,0.5277831
0.5277831,0.5277831
0.5277831,0.5277831
0.5277831,0.5277831
0.5277831,0.5277831
0.5277831,0.5277831
0.5277831,0.5277831
0.5277831,0.5277831
0.5277831,0.5277831
0.5277831,0.5277831
0.5277831,0.5277831
0.5277831,0.5277831
0.5277831,0.5277831
0.5277831,0.5277831
0.5277831,0.5277831
0.5277831,0.5277831
0.5277831,0.5277831
0.5277831,0.5277831
0.5277831,0.5277831
0.5277831,0.5277831
0.5277831,0.5277831
0.5277831,0.5277831
0.5277831,0.5277831
0.5277831,0.5277831
0.5277831,0.5277831
0.5277831,0.5277831
0.5277831,0.5277831
0.5277831,0.5277831
0.5277831,0.5277831
0.5277831,0.5277831
0.5277831,0.5277831
0.5277831,0.5277831
0.5277831,0.5277831
0.5277831,0.5277831
0.5277831,0.5277831
0.5277831,0.5277831
0.5277831,0.5277831
0.5277831,0.5277831
0.5277831,0.5277831
0.5277831,0.5277831
0.5277831,0.5277831
0.5277831,0.5277831
0.5277831,0.5277831
0.5277831,0.5277831
0.5277831,0.5277831
0.5277831,0.5277831
0.5277831,0.5277831
0.5277831,0.5277831
0.5277831,0.5277831
0.5277831,0.5277831
0.5277831,0.5277831
0.5277831,0.5277831
0.5277831,0.5277831
0.5277831,0.5277831
0.5277831,0.5277831
0.5277831,0.5277831
0.5277831,0.5277831
0.5277831,0.5277831
0.5277831,0.5277831
0.5277831,0.5277831
0.5277831,0.5277831
0.5277831,0.5277831
0.5277831,0.5277831
0.5277831,0.5277831
0.5277831,0.5277831
0.5277831,0.5277831
0.5277831,0.5277831
0.5277831,0.5277831
0.5277831,0.5277831
0.5277831,0.5277831
0.5277831,0.5277831
0.5277831,0.5277831
0.5277831,0.5277831
0.5277831,0.5277831
0.5277831,0.5277831
0.5277831,0.5277831
0.5277831,0.5277831
0.5277831,0.5277831
0.5277831,0.5277831
0.5277831,0.5277831
0.5277831,0.5277831
0.5277831,0.5277831
0.5277831,0.5277831
0.5277831,0.5277831
0.5277831,0.5277831
0.5277831,0.5277831
0.5277831,0.5277831
0.5277831,0.5277831
0.5277831,0.5277831
0.5277831,0.5277831
0.5277831,0.5277831
0.5277831,0.5277831
0.5277831,0.5277831
0.5277831,0.5277831
0.5277831,0.5277831
0.5277831,0.5277831
0.5277831,0.5277831
0.5277831,0.5277831
0.5277831,0.5277831
0.5277831,0.5277831
0.5277831,0.5277831
0.5277831,0.5277831
0.5277831,0.5277831
0.5277831,0.5277831
0.5277831,0.5277831
0.5277831,0.5277831
0.5277831,0.5277831
0.5277831,0.5277831
0.5277831,0.5277831
0.5277831,0.5277831
0.5277831,0.5277831
0.5277831,0.5277831
0.5277831,0.5277831
0.5277831,0.5277831
0.5277831,0.5277831
0.5277831,0.5277831
0.5277831,0.5277831
0.5277831,0.5277831
0.5277831,0.5277831
0.5277831,0.5277831
0.5277831,0.5277831
0.5277831,0.5277831
0.5277831,0.5277831
0.5277831,0.5277831
0.5277831,0.5277831
0.5277831,0.5277831
0.5277831,0.5277831
0.5277831,0.5277831
0.5277831,0.5277831
0.5277831,0.5277831
0.5277831,0.5277831
0.5277831,0.5277831
0.5277831,0.5277831
0.5277831,0.5277831
0.5277831,0.5277831
0.5277831,0.5277831
0.5277831,0.5277831
0.5277831,0.5277831
0.5277831,0.5277831
0.5277831,0.5277831
0.5277831,0.5277831
0.5277831,0.5277831
0.5277831,0.5277831
0.5277831,0.5277831
0.5277831,0.5277831
0.5277831,0.5277831
0.5277831,0.5277831
0.5277831,0.5277831
0.5277831,0.5277831
0.5277831,0.5277831
0.5277831,0.5277831
0.5277831,0.5277831
0.5277831,0.5277831
0.5277831,0.5277831
0.5277831,0.5277831
0.5277831,0.5277831
0.5277831,0.5277831
0.5277831,0.5277831
0.5277831,0.5277831
0.5277831,0.5277831
0.5277831,0.5277831
0.5277831,0.5277831
0.5277831,0.5277831
0.5277831,0.5277831
0.5277831,0.5277831
0.5277831,0.5277831
0.5277831,0.5277831
0.5277831,0.5277831
0.5277831,0.5277831
0.5277831,0.5277831
0.5277831,0.5277831
0.5277831,0.5277831
0.5277831,0.5277831
0.5277831,0.5277831
0.5277831,0.5277831
0.5277831,0.5277831
0.5277831,0.5277831
0.5277831,0.5277831
0.5277831,0.5277831
0.5277831,0.5277831
0.5277831,0.5277831
0.5277831,0.5277831
0.5277831,0.5277831
0.5277831,0.5277831
0.5277831,0.5277831
0.5277831,0.5277831
0.5277831,0.5277831
0.5277831,0.5277831
0.5277831,0.5277831
0.5277831,0.5277831
0.5277831,0.5277831
0.5277831,0.5277831
0.5277831,0.5277831
0.5277831,0.5277831
0.5277831,0.5277831
0.5277831,0.5277831
0.5277831,0.5277831
0.5277831,0.5277831
0.5277831,0.5277831
0.5277831,0.5277831
0.5277831,0.5277831
0.5277831,0.5277831
0.5277831,0.5277831
0.5277831,0.5277831
0.5277831,0.5277831
0.5277831,0.5277831
0.5277831,0.5277831
0.5277831,0.5277831
0.5277831,0.5277831
0.5277831,0.5277831
0.5277831,0.5277831
0.5277831,0.5277831
0.5277831,0.5277831
0.5277831,0.5277831
0.5277831,0.5277831
0.5277831,0.5277831
0.5277831,0.5277831
0.5277831,0.5277831
0.5277831,0.5277831
0.5277831,0.5277831
0.5277831,0.5277831
0.5277831,0.5277831
0.5277831,0.5277831
0.5277831,0.5277831
0.5277831,0.5277831
0.5277831,0.5277831
0.5277831,0.5277831
0.5277831,0.5277831
0.5277831,0.5277831
0.5277831,0.5277831
0.5277831,0.5277831
0.5277831,0.5277831
0.5277831,0.5277831
0.5277831,0.5277831
0.5277831,0.5277831
0.5277831,0.5277831
0.5277831,0.5277831
0.5277831,0.5277831
0.5277831,0.5277831
0.5277831,0.5277831
0.5277831,0.5277831
0.5277831,0.5277831
0.5277831,0.5277831
0.5277831,0.5277831
0.5277831,0.5277831
0.5277831,0.5277831
0.5277831,0.5277831
0.5277831,0.5277831
0.5277831,0.5277831
0.5277831,0.5277831
0.5277831,0.5277831
0.5277831,0.5277831
0.5277831,0.5277831
0.5277831,0.5277831
0.5277831,0.5277831
0.5277831,0.5277831
0.5277831,0.5277831
0.5277831,0.5277831
0.5277831,0.5277831
0.5277831,0.5277831
0.5277831,0.5277831
0.5277831,0.5277831
0.5277831,0.5277831
0.5277831,0.5277831
0.5277831,0.5277831
0.5277831,0.5277831
0.5277831,0.5277831
0.5277831,0.5277831
0.5277831,0.5277831
0.5277831,0.5277831
0.5277831,0.5277831
0.5277831,0.5277831
0.5277831,0.5277831
0.5277831,0.5277831
0.5277831,0.5277831
0.5277831,0.5277831
0.5277831,0.5277831
0.5277831,0.5277831
0.5277831,0.5277831
0.5277831,0.5277831
0.5277831,0.5277831
0.5277831,0.5277831
0.5277831,0.5277831
0.5277831,0.5277831
0.5277831,0.5277831
0.5277831,0.5277831
0.5277831,0.5277831
0.5277831,0.5277831
0.5277831,0.5277831
0.5277831,0.5277831
0.5277831,0.5277831
0.5277831,0.5277831
0.5277831,0.5277831
0.5277831,0.5277831
0.5277831,0.5277831
0.5277831,0.5277831
0.5277831,0.5277831
0.5277831,0.5277831
0.5277831,0.5277831
0.5277831,0.5277831
0.5277831,0.5277831
0.5277831,0.5277831
0.5277831,0.5277831
0.5277831,0.5277831
0.5277831,0.5277831
0.5277831,0.5277831
0.5277831,0.5277831
0.5277831,0.5277831
0.5277831,0.5277831
0.5277831,0.5277831
0.5277831,0.5277831
0.5277831,0.5277831
0.5277831,0.5277831
0.5277831,0.5277831
0.5277831,0.5277831
0.5277831,0.5277831
0.5277831,0.5277831
0.5277831,0.5277831
0.5277831,0.5277831
0.5277831,0.5277831
0.5277831,0.5277831
0.5277831,0.5277831
0.5277831,0.5277831
0.5277831,0.5277831
0.5277831,0.5277831
0.5277831,0.5277831
0.5277831,0.5277831
0.5277831,0.5277831
0.5277831,0.5277831
0.5277831,0.5277831
0.5277831,0.5277831
0.5277831,0.5277831
0.5277831,0.5277831
0.5277831,0.5277831
0.5277831,0.5277831
0.5277831,0.5277831
0.5277831,0.5277831
0.5277831,0.5277831
0.5277831,0.5277831
0.5277831,0.5277831
0.5277831,0.5277831
0.5277831,0.5277831
0.5277831,0.5277831
0.5277831,0.5277831
0.5277831,0.5277831
0.5277831,0.5277831
0.5277831,0.5277831
0.5277831,0.5277831
0.5416793,0.5416793
0.510787,0.510787
0.44107667,0.44107667
0.5331052,0.5331052
0.47179922,0.47179922
0.5242153,0.5242153
0.4451599,0.4451599
0.32742867,0.32742867
0.4785203,0.4785203
0.54098403,0.54098403
0.49532175,0.49532175
0.5424156,0.5424156
0.52144384,0.52144384
0.49556565,0.49556565
0.5884267,0.5884267
0.5277831,0.5277831
0.5277831,0.5277831
0.5277831,0.5277831
0.5277831,0.5277831
0.5277831,0.5277831
0.5277831,0.5277831
0.5277831,0.5277831
0.5277831,0.5277831
0.5277831,0.5277831
0.5277831,0.5277831
0.5277831,0.5277831
0.5277831,0.5277831
0.5277831,0.5277831
0.5277831,0.5277831
0.5277831,0.5277831
0.52542585,0.52542585
0.46106604,0.46106604
0.5700798,0.5700798
0.5129207,0.5129207
0.5203431,0.5203431
0.5230286,0.5230286
0.5385925,0.5385925
0.47429314,0.47429314
0.501349,0.501349
0.3550944,0.3550944
0.35562697,0.35562697
0.4861791,0.4861791
0.57975066,0.57975066
0.48161134,0.48161134
0.44894147,0.44894147
0.3841098,0.3841098
0.46053842,0.46053842
0.44038516,0.44038516
0.4879656,0.4879656
0.5232703,0.5232703
0.5097708,0.5097708
0.51764077,0.51764077
0.53966963,0.53966963
0.5065697,0.5065697
0.45408717,0.45408717
0.5384505,0.5384505
0.5222951,0.5222951
0.5331566,0.5331566
0.50446135,0.50446135
0.4697901,0.4697901
0.5277831,0.5277831
0.5277831,0.5277831
0.5277831,0.5277831
0.5277831,0.5277831
0.5277831,0.5277831
0.5277831,0.5277831
0.5277831,0.5277831
0.5277831,0.5277831
0.5277831,0.5277831
0.57552814,0.57552814
0.40039468,0.40039468
0.53615105,0.53615105
0.4133912,0.4133912
0.43961948,0.43961948
0.38940516,0.38940516
0.5135563,0.5135563
0.4603841,0.4603841
0.32085714,0.32085714
0.52318144,0.52318144
0.3701248,0.3701248
0.5085924,0.5085924
0.50457495,0.50457495
0.54562175,0.54562175
0.47410643,0.47410643
0.5813818,0.5813818
0.525613,0.525613
0.4566813,0.4566813
0.4930786,0.4930786
0.49952185,0.49952185
0.45947456,0.45947456
0.5253194,0.5253194
0.49815357,0.49815357
0.4210406,0.4210406
0.48642918,0.48642918
0.46111375,0.46111375
0.55153704,0.55153704
0.51988107,0.51988107
0.4656954,0.4656954
0.54776955,0.54776955
0.46227583,0.46227583
0.28775513,0.28775513
0.30318025,0.30318025
0.4985567,0.4985567
0.41834813,0.41834813
0.34655118,0.34655118
0.34405527,0.34405527
0.35452673,0.35452673
0.5271258,0.5271258
0.5473051,0.5473051
0.4723979,0.4723979
0.49606237,0.49606237
0.4701022,0.4701022
0.46983647,0.46983647
0.51090246,0.51090246
0.4758102,0.4758102
0.4814456,0.4814456
0.46670756,0.46670756
0.4791747,0.4791747
0.401991,0.401991
0.46630633,0.46630633
0.5554844,0.5554844
0.5786667,0.5786667
0.5382745,0.5382745
0.5228784,0.5228784
0.45555976,0.45555976
0.48281163,0.48281163
0.44638416,0.44638416
0.43649444,0.43649444
0.39632967,0.39632967
0.46019706,0.46019706
0.3920324,0.3920324
0.51618904,0.51618904
0.47032022,0.47032022
0.37324864,0.37324864
0.5045497,0.5045497
0.5450078,0.5450078
0.6184545,0.6184545
0.41105217,0.41105217
0.42585793,0.42585793
0.49315494,0.49315494
0.47986245,0.47986245
0.3511351,0.3511351
0.32934433,0.32934433
0.38377848,0.38377848
0.45065576,0.45065576
0.41916454,0.41916454
0.38406962,0.38406962
0.427051,0.427051
0.45927098,0.45927098
0.42784533,0.42784533
0.572591,0.572591
0.48223442,0.48223442
0.55395544,0.55395544
0.43559772,0.43559772
0.5085759,0.5085759
0.50577325,0.50577325
0.48143348,0.48143348
0.58642787,0.58642787
0.52081305,0.52081305
0.5777066,0.5777066
0.52955323,0.52955323
0.46831343,0.46831343
0.60653836,0.60653836
0.50736725,0.50736725
0.59444505,0.59444505
0.51262,0.51262
0.5737236,0.5737236
0.46746874,0.46746874
0.5494156,0.5494156
0.5381183,0.5381183
0.48276678,0.48276678
0.5322467,0.5322467
0.51710045,0.51710045
0.5258396,0.5258396
0.5499626,0.5499626
0.411512,0.411512
0.42281756,0.42281756
0.4667093,0.4667093
0.51172584,0.51172584
0.40575135,0.40575135
0.5667152,0.5667152
0.62351644,0.62351644
0.40666518,0.40666518
0.5048739,0.5048739
0.48800066,0.48800066
0.4637331,0.4637331
0.49967244,0.49967244
0.5499556,0.5499556
0.52548397,0.52548397
0.5822287,0.5822287
0.40895674,0.40895674
0.3900798,0.3900798
0.48345113,0.48345113
0.4154928,0.4154928
0.57774234,0.57774234
0.4793453,0.4793453
0.42950374,0.42950374
0.46402383,0.46402383
0.5245745,0.5245745
0.4634217,0.4634217
0.41917494,0.41917494
0.4640002,0.4640002
0.51257724,0.51257724
0.46477875,0.46477875
0.52902,0.52902
0.5076798,0.5076798
0.41205272,0.41205272
0.42875394,0.42875394
0.46732458,0.46732458
0.50273156,0.50273156
0.39851496,0.39851496
0.52117515,0.52117515
0.53117824,0.53117824
0.5773573,0.5773573
0.53917783,0.53917783
0.69208807,0.69208807
0.38313818,0.38313818
0.34977475,0.34977475
0.39660975,0.39660975
0.40242177,0.40242177
0.37702563,0.37702563
0.5050165,0.5050165
0.496559,0.496559
0.43131712,0.43131712
0.4670508,0.4670508
0.38299435,0.38299435
0.53647196,0.53647196
0.44490066,0.44490066
0.33127853,0.33127853
0.40641505,0.40641505
0.543816,0.543816
0.4933748,0.4933748
0.52926177,0.52926177
0.49108523,0.49108523
0.52864623,0.52864623
0.5181828,0.5181828
0.50587475,0.50587475
0.5277831,0.5277831
0.4677871,0.4677871
0.50171727,0.50171727
0.5277831,0.5277831
0.5277831,0.5277831
0.5277831,0.5277831
0.5277831,0.5277831
0.5277831,0.5277831
0.5277831,0.5277831
0.5277831,0.5277831
0.5277831,0.5277831
0.5277831,0.5277831
0.5277831,0.5277831
0.5277831,0.5277831
0.5277831,0.5277831
0.5277831,0.5277831
0.5277831,0.5277831
0.5277831,0.5277831
0.5277831,0.5277831
0.5277831,0.5277831
0.5277831,0.5277831
0.5277831,0.5277831
0.5277831,0.5277831
0.5277831,0.5277831
0.5277831,0.5277831
0.5277831,0.5277831
0.5277831,0.5277831
0.5277831,0.5277831
0.5277831,0.5277831
0.5277831,0.5277831
0.5277831,0.5277831
0.5277831,0.5277831
0.5277831,0.5277831
0.5277831,0.5277831
0.5277831,0.5277831
0.5277831,0.5277831
0.5277831,0.5277831
0.5277831,0.5277831
0.5277831,0.5277831
0.5277831,0.5277831
0.5277831,0.5277831
0.5277831,0.5277831
0.5277831,0.5277831
0.5277831,0.5277831
0.5277831,0.5277831
0.5277831,0.5277831
0.5277831,0.5277831
0.5277831,0.5277831
0.5277831,0.5277831
0.5277831,0.5277831
0.5277831,0.5277831
0.5277831,0.5277831
0.5277831,0.5277831
0.5277831,0.5277831
0.5277831,0.5277831
0.5277831,0.5277831
0.5277831,0.5277831
0.5277831,0.5277831
0.5277831,0.5277831
0.5277831,0.5277831
0.5277831,0.5277831
0.5277831,0.5277831
0.5277831,0.5277831
0.5277831,0.5277831
0.5277831,0.5277831
0.5277831,0.5277831
0.5277831,0.5277831
0.5277831,0.5277831
0.5277831,0.5277831
0.5277831,0.5277831
0.5277831,0.5277831
0.5277831,0.5277831
0.5277831,0.5277831
0.5277831,0.5277831
0.5277831,0.5277831
0.5277831,0.5277831
0.5277831,0.5277831
0.5277831,0.5277831
0.5277831,0.5277831
0.5277831,0.5277831
0.5277831,0.5277831
0.5277831,0.5277831
0.5277831,0.5277831
0.5277831,0.5277831
0.5277831,0.5277831
0.5277831,0.5277831
0.5277831,0.5277831
0.5277831,0.5277831
0.5277831,0.5277831
0.5277831,0.5277831
0.5277831,0.5277831
0.5277831,0.5277831
0.5277831,0.5277831
0.5277831,0.5277831
0.5277831,0.5277831
0.5277831,0.5277831
0.5277831,0.5277831
0.5277831,0.5277831
0.5277831,0.5277831
0.5277831,0.5277831
0.5277831,0.5277831
0.5277831,0.5277831
0.5277831,0.5277831
0.5277831,0.5277831
0.5277831,0.5277831
0.5277831,0.5277831
0.5277831,0.5277831
0.5277831,0.5277831
0.5277831,0.5277831
0.5277831,0.5277831
0.5277831,0.5277831
0.5277831,0.5277831
0.5277831,0.5277831
0.5277831,0.5277831
0.5277831,0.5277831
0.5277831,0.5277831
0.5277831,0.5277831
0.5277831,0.5277831
0.5277831,0.5277831
0.5277831,0.5277831
0.5277831,0.5277831
0.5277831,0.5277831
0.5277831,0.5277831
0.5277831,0.5277831
0.5277831,0.5277831
0.5277831,0.5277831
0.5277831,0.5277831
0.5277831,0.5277831
0.5277831,0.5277831
0.5277831,0.5277831
0.5277831,0.5277831
0.5277831,0.5277831
0.5277831,0.5277831
0.5277831,0.5277831
0.5277831,0.5277831
0.5277831,0.5277831
0.5277831,0.5277831
0.5277831,0.5277831
0.5277831,0.5277831
0.5277831,0.5277831
0.5277831,0.5277831
0.5277831,0.5277831
0.5277831,0.5277831
0.5277831,0.5277831
0.5277831,0.5277831
0.5277831,0.5277831
0.5277831,0.5277831
0.5277831,0.5277831
0.5277831,0.5277831
0.5277831,0.5277831
0.5277831,0.5277831
0.5277831,0.5277831
0.5277831,0.5277831
0.5277831,0.5277831
0.5277831,0.5277831
0.5277831,0.5277831
0.5277831,0.5277831
0.5277831,0.5277831
0.5277831,0.5277831
0.5277831,0.5277831
0.5277831,0.5277831
0.5277831,0.5277831
0.5277831,0.5277831
0.5277831,0.5277831
0.5277831,0.5277831
0.5277831,0.5277831
0.5277831,0.5277831
0.5277831,0.5277831
0.5277831,0.5277831
0.5277831,0.5277831
0.5277831,0.5277831
0.5277831,0.5277831
0.5277831,0.5277831
0.5277831,0.5277831
0.5277831,0.5277831
0.5277831,0.5277831
0.5277831,0.5277831
0.5277831,0.5277831
0.5277831,0.5277831
0.5277831,0.5277831
0.5277831,0.5277831
0.5277831,0.5277831
0.5277831,0.5277831
0.5277831,0.5277831
0.5277831,0.5277831
0.5277831,0.5277831
0.5277831,0.5277831
0.5277831,0.5277831
0.5277831,0.5277831
0.5277831,0.5277831
0.5277831,0.5277831
0.5277831,0.5277831
0.5277831,0.5277831
0.5277831,0.5277831
0.5277831,0.5277831
0.5277831,0.5277831
0.5277831,0.5277831
0.5277831,0.5277831
0.5277831,0.5277831
0.5277831,0.5277831
0.5277831,0.5277831
0.5277831,0.5277831
0.5277831,0.5277831
0.5277831,0.5277831
0.5277831,0.5277831
