score,conf
0.53839123,0.53839123
0.5483469,0.5483469
0.45668188,0.45668188
0.5003671,0.5003671
0.47176763,0.47176763
0.4917085,0.4917085
0.5240891,0.5240891
0.49985617,0.49985617
0.51376086,0.51376086
0.5110443,0.5110443
0.5238655,0.5238655
0.47902322,0.47902322
0.5169715,0.5169715
0.4997423,0.4997423
0.56449217,0.56449217
0.4975868,0.4975868
0.50915676,0.50915676
0.51109105,0.51109105
0.5581794,0.5581794
0.45803818,0.45803818
0.4757264,0.4757264
0.49806255,0.49806255
0.4809023,0.4809023
0.4865797,0.4865797
0.4907407,0.4907407
0.51539654,0.51539654
0.48157388,0.48157388
0.43576965,0.43576965
0.42291823,0.42291823
0.4622278,0.4622278
0.49254012,0.49254012
0.5118458,0.5118458
0.51299876,0.51299876
0.5032178,0.5032178
0.46694657,0.46694657
0.46868852,0.46868852
0.4848125,0.4848125
0.511557,0.511557
0.5142444,0.5142444
0.5588148,0.5588148
0.518685,0.518685
0.49195138,0.49195138
0.5303224,0.5303224
0.50058913,0.50058913
0.5096808,0.5096808
0.5033996,0.5033996
0.5206179,0.5206179
0.46457815,0.46457815
0.46479562,0.46479562
0.5479902,0.5479902
0.46575266,0.46575266
0.53517926,0.53517926
0.5037002,0.5037002
0.5141434,0.5141434
0.48974636,0.48974636
0.52906376,0.52906376
0.5400178,0.5400178
0.50286114,0.50286114
0.5256936,0.5256936
0.45920134,0.45920134
0.4859775,0.4859775
0.47703037,0.47703037
0.5438295,0.5438295
0.53272784,0.53272784
0.49861535,0.49861535
0.47589833,0.47589833
0.5316511,0.5316511
0.53125834,0.53125834
0.5023832,0.5023832
0.4678578,0.4678578
0.5225307,0.5225307
0.5169731,0.5169731
0.48968917,0.48968917
0.51039135,0.51039135
0.5042173,0.5042173
0.4777352,0.4777352
0.49136174,0.49136174
0.46312594,0.46312594
0.48410293,0.48410293
0.49335188,0.49335188
0.47196877,0.47196877
0.51368153,0.51368153
0.5078028,0.5078028
0.45920083,0.45920083
0.4695649,0.4695649
0.46555576,0.46555576
0.50984895,0.50984895
0.47501904,0.47501904
0.44019637,0.44019637
0.5571071,0.5571071
0.44600874,0.44600874
0.46683106,0.46683106
0.53373015,0.53373015
0.540651,0.540651
0.4989263,0.4989263
0.51895005,0.51895005
0.49273944,0.49273944
0.47037196,0.47037196
0.53596723,0.53596723
0.5085991,0.5085991
0.51455253,0.51455253
0.48284072,0.48284072
0.48786482,0.48786482
0.4758845,0.4758845
0.46472237,0.46472237
0.47189727,0.47189727
0.4684677,0.4684677
0.4835931,0.4835931
0.48093882,0.48093882
0.4739245,0.4739245
0.501194,0.501194
0.49131063,0.49131063
0.54113734,0.54113734
0.52642286,0.52642286
0.46956828,0.46956828
0.4795045,0.4795045
0.47981218,0.47981218
0.49491775,0.49491775
0.51084715,0.51084715
0.5128585,0.5128585
0.43935314,0.43935314
0.48831245,0.48831245
0.4379137,0.4379137
0.4674078,0.4674078
0.47407785,0.47407785
0.51491666,0.51491666
0.47508383,0.47508383
0.4948619,0.4948619
0.5098608,0.5098608
0.47137016,0.47137016
0.4849417,0.4849417
0.4893393,0.4893393
0.52563804,0.52563804
0.4762594,0.4762594
0.5303892,0.5303892
0.49158067,0.49158067
0.46130362,0.46130362
0.52810436,0.52810436
0.47967777,0.47967777
0.5379442,0.5379442
0.5504426,0.5504426
0.5086554,0.5086554
0.49753594,0.49753594
0.5092338,0.5092338
0.45818993,0.45818993
0.4568766,0.4568766
0.4810818,0.4810818
0.4972451,0.4972451
0.5497757,0.5497757
0.49199906,0.49199906
0.49005723,0.49005723
0.52258843,0.52258843
0.51582867,0.51582867
0.51457244,0.51457244
0.4395367,0.4395367
0.5035708,0.5035708
0.5227595,0.5227595
0.43289977,0.43289977
0.42738178,0.42738178
0.41211107,0.41211107
0.48185676,0.48185676
0.5537519,0.5537519
0.48748913,0.48748913
0.4803489,0.4803489
0.4880631,0.4880631
0.43436143,0.43436143
0.47406667,0.47406667
0.52916014,0.52916014
0.4520855,0.4520855
0.4714122,0.4714122
0.51304984,0.51304984
0.5585967,0.5585967
0.45358923,0.45358923
0.49823967,0.49823967
0.4810759,0.4810759
0.4870453,0.4870453
0.4789692,0.4789692
0.5290034,0.5290034
0.5478132,0.5478132
0.5170266,0.5170266
0.49232385,0.49232385
0.49593356,0.49593356
0.5377844,0.5377844
0.48427597,0.48427597
0.49860063,0.49860063
0.46144146,0.46144146
0.5146477,0.5146477
0.49770856,0.49770856
0.46744314,0.46744314
0.48265436,0.48265436
0.4752899,0.4752899
0.47424302,0.47424302
0.4492882,0.4492882
0.5171413,0.5171413
0.5740583,0.5740583
0.47999012,0.47999012
0.5297185,0.5297185
0.4959195,0.4959195
0.4695592,0.4695592
0.5168681,0.5168681
0.51700604,0.51700604
0.51058894,0.51058894
0.48971528,0.48971528
0.52385825,0.52385825
0.48427767,0.48427767
0.48307237,0.48307237
0.49794844,0.49794844
0.49062735,0.49062735
0.51606435,0.51606435
0.4799203,0.4799203
0.50777364,0.50777364
0.50633675,0.50633675
0.5083823,0.5083823
0.4946378,0.4946378
0.5121343,0.5121343
0.4973784,0.4973784
0.5363894,0.5363894
0.5259733,0.5259733
0.55521953,0.55521953
0.57656974,0.57656974
0.5338583,0.5338583
0.50351614,0.50351614
0.55520797,0.55520797
0.50765246,0.50765246
0.54702276,0.54702276
0.5082662,0.5082662
0.5131485,0.5131485
0.48212186,0.48212186
0.48357266,0.48357266
0.49208894,0.49208894
0.5335305,0.5335305
0.5116288,0.5116288
0.4952415,0.4952415
0.53294796,0.53294796
0.5067016,0.5067016
0.511658,0.511658
0.5493996,0.5493996
0.48648673,0.48648673
0.49588162,0.49588162
0.515069,0.515069
0.55080503,0.55080503
0.5507828,0.5507828
0.50656265,0.50656265
0.4981121,0.4981121
0.47650337,0.47650337
0.4802206,0.4802206
0.5066527,0.5066527
0.52365583,0.52365583
0.49063453,0.49063453
0.4820502,0.4820502
0.48257294,0.48257294
0.4818292,0.4818292
0.4893593,0.4893593
0.52526677,0.52526677
0.5047653,0.5047653
0.49495617,0.49495617
0.5219232,0.5219232
0.51045954,0.51045954
0.49061692,0.49061692
0.5295091,0.5295091
0.53075975,0.53075975
0.50000083,0.50000083
0.52075166,0.52075166
0.5573447,0.5573447
0.4996756,0.4996756
0.5120092,0.5120092
0.508354,0.508354
0.52749676,0.52749676
0.49638247,0.49638247
0.57065326,0.57065326
0.5258777,0.5258777
0.57105714,0.57105714
0.5208266,0.5208266
0.51296854,0.51296854
0.5045532,0.5045532
0.5026648,0.5026648
0.49226296,0.49226296
0.5326298,0.5326298
0.48110154,0.48110154
0.48655045,0.48655045
0.50963485,0.50963485
0.5059144,0.5059144
0.50019056,0.50019056
0.49871543,0.49871543
0.51300466,0.51300466
0.42207125,0.42207125
0.4976795,0.4976795
0.477394,0.477394
0.48980927,0.48980927
0.41198945,0.41198945
0.52099144,0.52099144
0.48023745,0.48023745
0.5024948,0.5024948
0.48632148,0.48632148
0.46864504,0.46864504
0.48323068,0.48323068
0.5207275,0.5207275
0.48804685,0.48804685
0.50994414,0.50994414
0.4870385,0.4870385
0.49029016,0.49029016
0.4742931,0.4742931
0.44673726,0.44673726
0.46117517,0.46117517
0.48609233,0.48609233
0.52106065,0.52106065
0.5249147,0.5249147
0.5311435,0.5311435
0.50160265,0.50160265
0.50426686,0.50426686
0.48954228,0.48954228
0.4959366,0.4959366
0.49521583,0.49521583
0.47031268,0.47031268
0.504999,0.504999
0.51554275,0.51554275
0.4750616,0.4750616
0.5198339,0.5198339
0.4509208,0.4509208
0.4743363,0.4743363
0.4381954,0.4381954
0.4586475,0.4586475
0.45790607,0.45790607
0.53303003,0.53303003
0.45346943,0.45346943
0.48203918,0.48203918
0.49372348,0.49372348
0.47031263,0.47031263
0.49450094,0.49450094
0.5119773,0.5119773
0.5232917,0.5232917
0.4616475,0.4616475
0.5247005,0.5247005
0.4980378,0.4980378
0.52752614,0.52752614
0.49259886,0.49259886
0.4942316,0.4942316
0.47385293,0.47385293
0.4765922,0.4765922
0.49198633,0.49198633
0.48198047,0.48198047
0.47202978,0.47202978
0.48231208,0.48231208
0.46259603,0.46259603
0.45017216,0.45017216
0.49155542,0.49155542
0.48052096,0.48052096
0.52632654,0.52632654
0.47648,0.47648
0.5124733,0.5124733
0.48107323,0.48107323
0.4619952,0.4619952
0.44382417,0.44382417
0.5302185,0.5302185
0.5099531,0.5099531
0.4982764,0.4982764
0.4955389,0.4955389
0.5232445,0.5232445
0.5172325,0.5172325
0.49656567,0.49656567
0.49148217,0.49148217
0.5445988,0.5445988
0.4762022,0.4762022
0.51051813,0.51051813
0.4798938,0.4798938
0.48941982,0.48941982
0.46508482,0.46508482
0.43573043,0.43573043
0.43379644,0.43379644
0.47797552,0.47797552
0.44534087,0.44534087
0.54148304,0.54148304
0.4864022,0.4864022
0.52992946,0.52992946
0.49637333,0.49637333
0.5406426,0.5406426
0.5320732,0.5320732
0.5458497,0.5458497
0.50043106,0.50043106
0.53928673,0.53928673
0.5366111,0.5366111
0.46750057,0.46750057
0.5056063,0.5056063
0.49122247,0.49122247
0.46800533,0.46800533
0.48487023,0.48487023
0.4978778,0.4978778
0.47394937,0.47394937
0.43440363,0.43440363
0.63043195,0.63043195
0.4630637,0.4630637
0.5031561,0.5031561
0.47945115,0.47945115
0.46372548,0.46372548
0.4368985,0.4368985
0.45927545,0.45927545
0.43414724,0.43414724
0.44518417,0.44518417
0.44779667,0.44779667
0.44976273,0.44976273
0.48676243,0.48676243
0.47113258,0.47113258
0.4839296,0.4839296
0.4821392,0.4821392
0.44304872,0.44304872
0.4680095,0.4680095
0.44172308,0.44172308
0.4716464,0.4716464
0.4439073,0.4439073
0.49673906,0.49673906
0.48608798,0.48608798
0.52944016,0.52944016
0.49957865,0.49957865
0.45551643,0.45551643
0.4974415,0.4974415
0.49319446,0.49319446
0.47878852,0.47878852
0.49671122,0.49671122
0.47845563,0.47845563
0.48831066,0.48831066
0.49698052,0.49698052
0.46428323,0.46428323
0.476743,0.476743
0.5429017,0.5429017
0.5071987,0.5071987
0.5002278,0.5002278
0.47297612,0.47297612
0.5262121,0.5262121
0.5424642,0.5424642
0.54612094,0.54612094
0.5259452,0.5259452
0.49942595,0.49942595
0.4914454,0.4914454
0.49151674,0.49151674
0.42307943,0.42307943
0.4736589,0.4736589
0.5106789,0.5106789
0.4497084,0.4497084
0.4715542,0.4715542
0.5087097,0.5087097
0.48068225,0.48068225
0.42827263,0.42827263
0.52639776,0.52639776
0.48378095,0.48378095
0.46768275,0.46768275
0.44741574,0.44741574
0.46819,0.46819
0.43871656,0.43871656
0.465752,0.465752
0.5140952,0.5140952
0.50578153,0.50578153
0.48548642,0.48548642
0.51653713,0.51653713
0.5095312,0.5095312
0.4888785,0.4888785
0.51535016,0.51535016
0.46302062,0.46302062
0.4965126,0.4965126
0.48397,0.48397
0.4495422,0.4495422
0.53554803,0.53554803
0.49662775,0.49662775
0.3953095,0.3953095
0.461892,0.461892
0.49566603,0.49566603
0.47023925,0.47023925
0.46904552,0.46904552
0.44731984,0.44731984
0.42408365,0.42408365
0.446163,0.446163
0.49021685,0.49021685
0.47239327,0.47239327
0.4403616,0.4403616
0.4249728,0.4249728
0.47645214,0.47645214
0.44856924,0.44856924
0.49240363,0.49240363
0.49186897,0.49186897
0.54304457,0.54304457
0.482441,0.482441
0.46699533,0.46699533
0.47260547,0.47260547
0.5089962,0.5089962
0.46158552,0.46158552
0.46520054,0.46520054
0.41899726,0.41899726
0.38592172,0.38592172
0.4501152,0.4501152
0.48502183,0.48502183
0.5153354,0.5153354
0.49280152,0.49280152
0.43252307,0.43252307
0.483862,0.483862
0.48763958,0.48763958
0.46069777,0.46069777
0.47267526,0.47267526
0.44002408,0.44002408
0.49698755,0.49698755
0.51187396,0.51187396
0.48753706,0.48753706
0.52940655,0.52940655
0.48677084,0.48677084
0.48532972,0.48532972
0.47956547,0.47956547
0.53302944,0.53302944
0.45417324,0.45417324
0.47230494,0.47230494
0.54535925,0.54535925
0.45795643,0.45795643
0.4647157,0.4647157
0.45960292,0.45960292
0.49100417,0.49100417
0.52470505,0.52470505
0.50990367,0.50990367
0.49044734,0.49044734
0.45389572,0.45389572
0.47550237,0.47550237
0.48338658,0.48338658
0.526992,0.526992
0.47802174,0.47802174
0.47759828,0.47759828
0.50258327,0.50258327
0.47281364,0.47281364
0.48144305,0.48144305
0.46140495,0.46140495
0.4662845,0.4662845
0.4495022,0.4495022
0.41882592,0.41882592
0.51889294,0.51889294
0.49437684,0.49437684
0.4997893,0.4997893
0.4685207,0.4685207
0.47216672,0.47216672
0.53915066,0.53915066
0.48415655,0.48415655
0.4937285,0.4937285
0.47151443,0.47151443
0.5275276,0.5275276
0.4544606,0.4544606
0.49953663,0.49953663
0.51778436,0.51778436
0.45261386,0.45261386
0.53455186,0.53455186
0.49887517,0.49887517
0.5187357,0.5187357
0.4941508,0.4941508
0.48602936,0.48602936
0.5038912,0.5038912
0.5180106,0.5180106
0.5002942,0.5002942
0.5104188,0.5104188
0.49903852,0.49903852
0.5103826,0.5103826
0.51801133,0.51801133
0.5157463,0.5157463
0.51406974,0.51406974
0.5296283,0.5296283
0.50232816,0.50232816
0.52177894,0.52177894
0.46679273,0.46679273
0.49206698,0.49206698
0.52260214,0.52260214
0.55060047,0.55060047
0.483422,0.483422
0.47654998,0.47654998
0.5160083,0.5160083
0.4923777,0.4923777
0.53202623,0.53202623
0.5124649,0.5124649
0.52080137,0.52080137
0.5006729,0.5006729
0.49219367,0.49219367
0.5084183,0.5084183
0.4982207,0.4982207
0.47824034,0.47824034
0.55246514,0.55246514
0.5011105,0.5011105
0.5166388,0.5166388
0.47591546,0.47591546
0.4316372,0.4316372
0.46192193,0.46192193
0.5256784,0.5256784
0.4546103,0.4546103
0.45132273,0.45132273
0.40860373,0.40860373
0.4292397,0.4292397
0.45235357,0.45235357
0.49311483,0.49311483
0.50724727,0.50724727
0.47332525,0.47332525
0.48319182,0.48319182
0.4837056,0.4837056
0.5351793,0.5351793
0.5121594,0.5121594
0.50029534,0.50029534
0.52432156,0.52432156
0.4368508,0.4368508
0.5535195,0.5535195
0.5573389,0.5573389
0.5205656,0.5205656
0.45348245,0.45348245
0.43192852,0.43192852
0.5005984,0.5005984
0.4776597,0.4776597
0.49562213,0.49562213
0.5046815,0.5046815
0.5009308,0.5009308
0.5220128,0.5220128
0.5041673,0.5041673
0.47996786,0.47996786
0.50914574,0.50914574
0.50077385,0.50077385
0.4820169,0.4820169
0.49365047,0.49365047
0.49330607,0.49330607
0.48341858,0.48341858
0.5000973,0.5000973
0.49569544,0.49569544
0.50071275,0.50071275
0.50110924,0.50110924
0.44616163,0.44616163
0.4790767,0.4790767
0.47706866,0.47706866
0.45848605,0.45848605
0.4544693,0.4544693
0.4684932,0.4684932
0.50165856,0.50165856
0.5356308,0.5356308
0.4817821,0.4817821
0.4948189,0.4948189
0.5187791,0.5187791
0.48085442,0.48085442
0.56291234,0.56291234
0.49870962,0.49870962
0.50255734,0.50255734
0.49208847,0.49208847
0.5489733,0.5489733
0.50009596,0.50009596
0.4993154,0.4993154
0.4983032,0.4983032
0.49543956,0.49543956
0.44725284,0.44725284
0.49161434,0.49161434
0.51612335,0.51612335
0.5344205,0.5344205
0.4815401,0.4815401
0.52931917,0.52931917
0.4837723,0.4837723
0.44377846,0.44377846
0.4824292,0.4824292
0.51503193,0.51503193
0.5063602,0.5063602
0.49008757,0.49008757
0.48679256,0.48679256
0.46658042,0.46658042
0.51052296,0.51052296
0.47587785,0.47587785
0.46290973,0.46290973
0.4695565,0.4695565
0.41215444,0.41215444
0.450353,0.450353
0.53520405,0.53520405
0.49154675,0.49154675
0.5022847,0.5022847
0.52643967,0.52643967
0.44413212,0.44413212
0.4762351,0.4762351
0.43147683,0.43147683
0.46009606,0.46009606
0.468969,0.468969
0.48072505,0.48072505
0.49601606,0.49601606
0.4841821,0.4841821
0.49221706,0.49221706
0.43090335,0.43090335
0.4356988,0.4356988
0.5025806,0.5025806
0.5463401,0.5463401
0.46027786,0.46027786
0.41412953,0.41412953
0.5053799,0.5053799
0.5342345,0.5342345
0.48506454,0.48506454
0.5044386,0.5044386
0.52775323,0.52775323
0.4811509,0.4811509
0.43458846,0.43458846
0.4361708,0.4361708
0.47839272,0.47839272
0.5360764,0.5360764
0.5128822,0.5128822
0.49690872,0.49690872
0.45873094,0.45873094
0.50598294,0.50598294
0.58830065,0.58830065
0.54591936,0.54591936
0.3973813,0.3973813
0.49811652,0.49811652
0.6314475,0.6314475
0.5431765,0.5431765
0.5050249,0.5050249
0.49340755,0.49340755
0.52759653,0.52759653
0.5024784,0.5024784
0.485519,0.485519
0.48798835,0.48798835
0.523506,0.523506
0.47307348,0.47307348
0.49762714,0.49762714
0.5019445,0.5019445
0.4787997,0.4787997
0.5359721,0.5359721
0.4817792,0.4817792
0.4745655,0.4745655
0.47369573,0.47369573
0.5133276,0.5133276
0.4978201,0.4978201
0.5115604,0.5115604
0.5182361,0.5182361
0.5290808,0.5290808
0.52247125,0.52247125
0.5208982,0.5208982
0.4845716,0.4845716
0.47294694,0.47294694
0.44557282,0.44557282
0.3970999,0.3970999
0.4492198,0.4492198
0.5196323,0.5196323
0.52765995,0.52765995
0.46074992,0.46074992
0.5110984,0.5110984
0.47902516,0.47902516
0.48051402,0.48051402
0.50777304,0.50777304
0.456322,0.456322
0.5798582,0.5798582
0.49746552,0.49746552
0.50549984,0.50549984
0.4437854,0.4437854
0.4857726,0.4857726
0.43446687,0.43446687
0.4574174,0.4574174
0.4965483,0.4965483
0.50667715,0.50667715
0.46612975,0.46612975
0.41547439,0.41547439
0.42953795,0.42953795
0.48015282,0.48015282
0.4675153,0.4675153
0.4949443,0.4949443
0.5044907,0.5044907
0.40963048,0.40963048
0.533766,0.533766
0.5163671,0.5163671
0.4101787,0.4101787
0.5255008,0.5255008
0.48743117,0.48743117
0.49737626,0.49737626
0.49040702,0.49040702
0.42477003,0.42477003
0.4512612,0.4512612
0.44452718,0.44452718
0.46594033,0.46594033
0.4738699,0.4738699
0.45730588,0.45730588
0.4953177,0.4953177
0.45921242,0.45921242
0.45558044,0.45558044
0.49870598,0.49870598
0.50421095,0.50421095
0.4510614,0.4510614
0.41263732,0.41263732
0.4078275,0.4078275
0.4508019,0.4508019
0.4943197,0.4943197
0.4235679,0.4235679
0.41127047,0.41127047
0.43510303,0.43510303
0.44160256,0.44160256
0.45962408,0.45962408
0.46931687,0.46931687
0.46266878,0.46266878
0.45253778,0.45253778
0.4755866,0.4755866
0.47234917,0.47234917
0.5567959,0.5567959
0.4604917,0.4604917
0.5475417,0.5475417
0.47176197,0.47176197
0.5090106,0.5090106
0.5601227,0.5601227
0.45792603,0.45792603
0.53687614,0.53687614
0.5061809,0.5061809
0.51088345,0.51088345
0.49400717,0.49400717
0.47359818,0.47359818
0.48384115,0.48384115
0.46996185,0.46996185
0.53095174,0.53095174
0.4746344,0.4746344
0.47219345,0.47219345
0.5658782,0.5658782
0.5637617,0.5637617
0.5656029,0.5656029
0.49798372,0.49798372
0.5279835,0.5279835
0.48786166,0.48786166
0.4036685,0.4036685
0.45132622,0.45132622
0.4317065,0.4317065
0.49156958,0.49156958
0.52280813,0.52280813
0.53094786,0.53094786
0.5065512,0.5065512
0.41579267,0.41579267
0.47119316,0.47119316
0.4855576,0.4855576
0.49648103,0.49648103
0.47033602,0.47033602
0.46792233,0.46792233
0.48743448,0.48743448
0.47792462,0.47792462
0.48727232,0.48727232
0.51055795,0.51055795
0.5283457,0.5283457
0.48887295,0.48887295
0.48992112,0.48992112
0.43235943,0.43235943
0.48590258,0.48590258
0.5013187,0.5013187
0.48479864,0.48479864
0.47408542,0.47408542
0.51313776,0.51313776
0.4816493,0.4816493
0.42524406,0.42524406
0.4565824,0.4565824
0.44468358,0.44468358
0.48169512,0.48169512
0.46774456,0.46774456
0.45177665,0.45177665
0.47306898,0.47306898
0.4524585,0.4524585
0.46384782,0.46384782
0.47088537,0.47088537
0.45771262,0.45771262
0.46254137,0.46254137
0.46876252,0.46876252
0.48931462,0.48931462
0.533829,0.533829
0.5053625,0.5053625
0.47336432,0.47336432
0.5083164,0.5083164
0.4857388,0.4857388
0.49830204,0.49830204
0.46930388,0.46930388
0.46255195,0.46255195
0.46654978,0.46654978
0.47854006,0.47854006
0.4823892,0.4823892
0.47554523,0.47554523
0.48014042,0.48014042
0.51607835,0.51607835
0.48506534,0.48506534
0.52566075,0.52566075
0.51204336,0.51204336
0.47998834,0.47998834
0.567092,0.567092
0.48357132,0.48357132
0.48782864,0.48782864
0.5429681,0.5429681
0.5105411,0.5105411
0.50036275,0.50036275
0.4943259,0.4943259
0.4457449,0.4457449
0.4905513,0.4905513
0.5356416,0.5356416
0.5107925,0.5107925
0.51971555,0.51971555
0.5318271,0.5318271
0.5107924,0.5107924
0.48806742,0.48806742
0.4709858,0.4709858
0.5117553,0.5117553
0.47606602,0.47606602
0.47445056,0.47445056
0.51900023,0.51900023
0.52980757,0.52980757
0.4568805,0.4568805
0.46213937,0.46213937
0.44875422,0.44875422
0.4438271,0.4438271
0.47357643,0.47357643
0.5094954,0.5094954
0.48882762,0.48882762
0.47566292,0.47566292
0.57039005,0.57039005
0.5168552,0.5168552
0.5651985,0.5651985
0.5452251,0.5452251
0.5374157,0.5374157
0.5129787,0.5129787
0.55326706,0.55326706
0.50265646,0.50265646
0.5265499,0.5265499
0.560985,0.560985
0.44132572,0.44132572
0.4766241,0.4766241
0.5011501,0.5011501
0.4756197,0.4756197
0.41569632,0.41569632
0.45528784,0.45528784
0.5367523,0.5367523
0.45945835,0.45945835
0.44909516,0.44909516
0.53632337,0.53632337
0.54817706,0.54817706
0.574142,0.574142
0.4964985,0.4964985
0.51847297,0.51847297
0.481123,0.481123
0.50777006,0.50777006
0.51959735,0.51959735
0.4999178,0.4999178
0.4908188,0.4908188
0.50044924,0.50044924
0.48171228,0.48171228
0.49865016,0.49865016
0.49340838,0.49340838
0.45089275,0.45089275
0.47983465,0.47983465
0.42624584,0.42624584
0.49881744,0.49881744
0.4837629,0.4837629
0.4982617,0.4982617
0.48649904,0.48649904
0.49780646,0.49780646
0.48957807,0.48957807
0.5063322,0.5063322
0.44670156,0.44670156
0.5085357,0.5085357
0.48688146,0.48688146
0.43424487,0.43424487
0.5133228,0.5133228
0.47753495,0.47753495
0.4717629,0.4717629
0.48931268,0.48931268
0.4839741,0.4839741
0.5202711,0.5202711
0.47794375,0.47794375
0.565851,0.565851
0.49238944,0.49238944
0.468922,0.468922
0.4715161,0.4715161
0.47461602,0.47461602
0.46977955,0.46977955
0.55719405,0.55719405
0.5007212,0.5007212
0.543032,0.543032
0.5459654,0.5459654
0.5408604,0.5408604
0.54104817,0.54104817
0.5523591,0.5523591
0.5205485,0.5205485
0.54006463,0.54006463
0.49838048,0.49838048
0.4829924,0.4829924
0.47794697,0.47794697
0.4413955,0.4413955
0.48142713,0.48142713
0.4303424,0.4303424
0.47919786,0.47919786
0.53271705,0.53271705
0.46417934,0.46417934
0.44357264,0.44357264
0.45980197,0.45980197
0.44284308,0.44284308
0.41516387,0.41516387
0.43707073,0.43707073
0.45926672,0.45926672
0.45961866,0.45961866
0.4687171,0.4687171
0.4996154,0.4996154
0.5049794,0.5049794
0.47079912,0.47079912
0.4797691,0.4797691
0.4243744,0.4243744
0.5026539,0.5026539
0.4697587,0.4697587
0.46645615,0.46645615
0.4491317,0.4491317
0.5435862,0.5435862
0.5250047,0.5250047
0.48912403,0.48912403
0.46713844,0.46713844
0.46801984,0.46801984
0.5328203,0.5328203
0.49829033,0.49829033
0.47816715,0.47816715
0.43111175,0.43111175
0.45131868,0.45131868
0.41621965,0.41621965
0.4847369,0.4847369
0.5031993,0.5031993
0.50137067,0.50137067
0.42682278,0.42682278
0.47458866,0.47458866
0.4138209,0.4138209
0.45469546,0.45469546
0.5208878,0.5208878
0.50779,0.50779
0.5396834,0.5396834
0.50676453,0.50676453
0.4987464,0.4987464
0.4959656,0.4959656
0.48589915,0.48589915
0.48010725,0.48010725
0.4589089,0.4589089
0.42856994,0.42856994
0.46842733,0.46842733
0.45846865,0.45846865
0.43432045,0.43432045
0.4816567,0.4816567
0.4228444,0.4228444
0.5102938,0.5102938
0.39501455,0.39501455
0.4491819,0.4491819
0.43906206,0.43906206
0.42494038,0.42494038
0.47149324,0.47149324
0.48892567,0.48892567
0.5298224,0.5298224
0.43244702,0.43244702
0.46639243,0.46639243
0.4559699,0.4559699
0.470523,0.470523
0.45280066,0.45280066
0.4429053,0.4429053
0.4947945,0.4947945
0.45028126,0.45028126
0.47914216,0.47914216
0.47319484,0.47319484
0.63290715,0.63290715
0.4848614,0.4848614
0.47647923,0.47647923
0.44345352,0.44345352
0.537377,0.537377
0.56864,0.56864
0.4834522,0.4834522
0.48702496,0.48702496
0.6189464,0.6189464
0.6261508,0.6261508
0.50737524,0.50737524
0.4366266,0.4366266
0.4542007,0.4542007
0.44705307,0.44705307
0.41732326,0.41732326
0.5026887,0.5026887
0.49859312,0.49859312
0.48008713,0.48008713
0.5020013,0.5020013
0.50398844,0.50398844
0.5022189,0.5022189
0.5318066,0.5318066
0.4006771,0.4006771
0.45969126,0.45969126
0.49164703,0.49164703
0.4043377,0.4043377
0.44104877,0.44104877
0.42440394,0.42440394
0.5352615,0.5352615
0.4758851,0.4758851
0.5252464,0.5252464
0.54711807,0.54711807
0.52523255,0.52523255
0.42017382,0.42017382
0.47597674,0.47597674
0.49098924,0.49098924
0.42591187,0.42591187
0.45581937,0.45581937
0.48669478,0.48669478
0.4749932,0.4749932
0.47037232,0.47037232
0.45570862,0.45570862
0.48454592,0.48454592
0.52022403,0.52022403
0.46577173,0.46577173
0.48363027,0.48363027
0.38765034,0.38765034
0.56551266,0.56551266
0.567921,0.567921
0.4278823,0.4278823
0.5104428,0.5104428
0.47226775,0.47226775
0.456364,0.456364
0.4940243,0.4940243
0.5291453,0.5291453
0.4796347,0.4796347
0.50108105,0.50108105
0.44171652,0.44171652
0.43751103,0.43751103
0.46981457,0.46981457
0.4490619,0.4490619
0.43318418,0.43318418
0.46222377,0.46222377
0.4466569,0.4466569
0.46841708,0.46841708
0.4526762,0.4526762
0.43075415,0.43075415
0.40371782,0.40371782
0.41431153,0.41431153
0.43946525,0.43946525
0.45209694,0.45209694
0.6325838,0.6325838
0.5139444,0.5139444
0.5407504,0.5407504
0.45859203,0.45859203
0.5441584,0.5441584
0.4573102,0.4573102
0.46711397,0.46711397
0.4459388,0.4459388
0.4258172,0.4258172
0.47323564,0.47323564
0.4783659,0.4783659
0.5274744,0.5274744
0.5342828,0.5342828
0.51081765,0.51081765
0.5369537,0.5369537
0.5097965,0.5097965
0.47037354,0.47037354
0.4559948,0.4559948
0.4687463,0.4687463
0.4449395,0.4449395
0.41538796,0.41538796
0.46666688,0.46666688
0.47605667,0.47605667
0.52239555,0.52239555
0.4653026,0.4653026
0.5812614,0.5812614
0.51717365,0.51717365
0.5205264,0.5205264
0.5142327,0.5142327
0.4729594,0.4729594
0.47539988,0.47539988
0.51444495,0.51444495
0.4990055,0.4990055
0.5211956,0.5211956
0.50775784,0.50775784
0.5268544,0.5268544
0.5010762,0.5010762
0.5396732,0.5396732
0.5306885,0.5306885
0.544029,0.544029
0.5325743,0.5325743
0.496681,0.496681
0.51246,0.51246
0.52490664,0.52490664
0.46305302,0.46305302
0.48801515,0.48801515
0.47433272,0.47433272
0.50128704,0.50128704
0.49630642,0.49630642
0.53967476,0.53967476
0.51965475,0.51965475
0.51728207,0.51728207
0.52393526,0.52393526
0.5266318,0.5266318
0.54107434,0.54107434
0.5448217,0.5448217
0.5494583,0.5494583
0.5313559,0.5313559
0.52166545,0.52166545
0.46907058,0.46907058
0.4878959,0.4878959
0.49012548,0.49012548
0.4572263,0.4572263
0.47915652,0.47915652
0.43759772,0.43759772
0.48142377,0.48142377
0.5074109,0.5074109
0.5431672,0.5431672
0.40931782,0.40931782
0.48904374,0.48904374
0.5080586,0.5080586
0.44183204,0.44183204
0.48800376,0.48800376
0.46326694,0.46326694
0.46439633,0.46439633
0.46404788,0.46404788
0.4423695,0.4423695
0.43457448,0.43457448
0.41676328,0.41676328
0.45297858,0.45297858
0.44108784,0.44108784
0.5071607,0.5071607
0.4672864,0.4672864
0.48219916,0.48219916
0.5165611,0.5165611
0.479545,0.479545
0.47091034,0.47091034
0.4545335,0.4545335
0.4694016,0.4694016
0.5052437,0.5052437
0.5030086,0.5030086
0.5192316,0.5192316
0.51451224,0.51451224
0.5050321,0.5050321
0.45984635,0.45984635
0.49530646,0.49530646
0.47469118,0.47469118
0.48360816,0.48360816
0.49252632,0.49252632
0.44892716,0.44892716
0.4585247,0.4585247
0.45373347,0.45373347
0.5396695,0.5396695
0.4910764,0.4910764
0.4704122,0.4704122
0.5116155,0.5116155
0.5059392,0.5059392
0.5382477,0.5382477
0.5096641,0.5096641
0.5137423,0.5137423
0.5102241,0.5102241
0.5098521,0.5098521
0.46828663,0.46828663
0.4719432,0.4719432
0.44701326,0.44701326
0.5339273,0.5339273
0.48439738,0.48439738
0.5144649,0.5144649
0.48358825,0.48358825
0.4903149,0.4903149
0.49679714,0.49679714
0.48128292,0.48128292
0.51389825,0.51389825
0.5130365,0.5130365
0.48782635,0.48782635
0.5126777,0.5126777
0.5138572,0.5138572
0.46730542,0.46730542
0.5161968,0.5161968
0.50287867,0.50287867
0.5589523,0.5589523
0.4588775,0.4588775
0.519069,0.519069
0.53183454,0.53183454
0.47379875,0.47379875
0.49768457,0.49768457
0.46396005,0.46396005
0.46683493,0.46683493
0.50936455,0.50936455
0.51250345,0.51250345
0.4857369,0.4857369
0.431734,0.431734
0.4520061,0.4520061
0.48152137,0.48152137
0.47724447,0.47724447
0.42063925,0.42063925
0.49601254,0.49601254
0.45160982,0.45160982
0.45441875,0.45441875
0.48281765,0.48281765
0.47743654,0.47743654
0.46832815,0.46832815
0.5110297,0.5110297
0.46994385,0.46994385
0.52527684,0.52527684
0.56076086,0.56076086
0.5342238,0.5342238
0.54144806,0.54144806
0.5021186,0.5021186
0.42128232,0.42128232
0.49180618,0.49180618
0.48292997,0.48292997
0.46564984,0.46564984
0.48876625,0.48876625
0.4945835,0.4945835
0.4770469,0.4770469
0.5053092,0.5053092
0.4870917,0.4870917
0.52670866,0.52670866
0.4982807,0.4982807
0.46763447,0.46763447
0.46368188,0.46368188
0.45797047,0.45797047
0.47517884,0.47517884
0.47781247,0.47781247
0.49311072,0.49311072
0.48920366,0.48920366
0.47112012,0.47112012
0.46352446,0.46352446
0.5171542,0.5171542
0.51853514,0.51853514
0.43556347,0.43556347
0.50085443,0.50085443
0.49281466,0.49281466
0.52477545,0.52477545
0.49712816,0.49712816
0.4084446,0.4084446
0.51437664,0.51437664
0.492569,0.492569
0.4247854,0.4247854
0.45827836,0.45827836
0.4984515,0.4984515
0.50653946,0.50653946
0.45075595,0.45075595
0.4853143,0.4853143
0.4825545,0.4825545
0.43896532,0.43896532
0.5111824,0.5111824
0.46610108,0.46610108
0.4745818,0.4745818
0.5076557,0.5076557
0.5151816,0.5151816
0.4682051,0.4682051
0.49809808,0.49809808
0.48356602,0.48356602
0.48556086,0.48556086
0.42098424,0.42098424
0.47186923,0.47186923
0.43499443,0.43499443
0.49701163,0.49701163
0.49456385,0.49456385
0.48807362,0.48807362
0.44486186,0.44486186
0.40869653,0.40869653
0.4985748,0.4985748
0.4901296,0.4901296
0.44861633,0.44861633
0.48590246,0.48590246
0.51167077,0.51167077
0.4998922,0.4998922
0.41896814,0.41896814
0.47339687,0.47339687
0.44258976,0.44258976
0.4337902,0.4337902
0.4420559,0.4420559
0.39467558,0.39467558
0.49580488,0.49580488
0.4697653,0.4697653
0.55656123,0.55656123
0.46831286,0.46831286
0.54402894,0.54402894
0.5089759,0.5089759
0.4810194,0.4810194
0.47496948,0.47496948
0.49244425,0.49244425
0.49788192,0.49788192
0.45803174,0.45803174
0.51165473,0.51165473
0.48406526,0.48406526
0.52912426,0.52912426
0.52028435,0.52028435
0.50072294,0.50072294
0.5426338,0.5426338
0.49648628,0.49648628
0.5072079,0.5072079
0.5184243,0.5184243
0.51905096,0.51905096
0.48259208,0.48259208
0.4538141,0.4538141
0.5919379,0.5919379
0.4539774,0.4539774
0.4299272,0.4299272
0.43587613,0.43587613
0.5087925,0.5087925
0.50341594,0.50341594
0.5017052,0.5017052
0.441695,0.441695
0.5113424,0.5113424
0.49058372,0.49058372
0.4803976,0.4803976
0.43581957,0.43581957
0.51240087,0.51240087
0.48391932,0.48391932
0.49969777,0.49969777
0.48152056,0.48152056
0.49270785,0.49270785
0.45271072,0.45271072
0.47443232,0.47443232
0.43130362,0.43130362
0.46863782,0.46863782
0.4675829,0.4675829
0.46952173,0.46952173
0.48123065,0.48123065
0.52342415,0.52342415
0.48746467,0.48746467
0.45727608,0.45727608
0.48642042,0.48642042
0.48381874,0.48381874
0.5015758,0.5015758
0.49932218,0.49932218
0.46686375,0.46686375
0.45472184,0.45472184
0.44064513,0.44064513
0.43217197,0.43217197
0.5061659,0.5061659
0.48145604,0.48145604
0.48361903,0.48361903
0.4541607,0.4541607
0.49908832,0.49908832
0.4354717,0.4354717
0.48909953,0.48909953
0.50979406,0.50979406
0.5567685,0.5567685
0.52641416,0.52641416
0.49085474,0.49085474
0.4800685,0.4800685
0.48669383,0.48669383
0.4161632,0.4161632
0.47660202,0.47660202
0.4861766,0.4861766
0.49431932,0.49431932
0.5300037,0.5300037
0.5366473,0.5366473
0.5182552,0.5182552
0.49468905,0.49468905
0.50426286,0.50426286
0.5203989,0.5203989
0.59274006,0.59274006
0.5010293,0.5010293
0.5434635,0.5434635
0.5238797,0.5238797
0.52151287,0.52151287
0.4955337,0.4955337
0.51147705,0.51147705
0.4665078,0.4665078
0.5187824,0.5187824
0.47809765,0.47809765
0.52458197,0.52458197
0.5350756,0.5350756
0.52938324,0.52938324
0.5448573,0.5448573
0.5335628,0.5335628
0.47357342,0.47357342
0.45189074,0.45189074
0.49674737,0.49674737
0.49272358,0.49272358
0.48079056,0.48079056
0.54068196,0.54068196
0.45015666,0.45015666
0.48705456,0.48705456
0.5073123,0.5073123
0.4910854,0.4910854
0.51796037,0.51796037
0.50637287,0.50637287
0.5591909,0.5591909
0.525695,0.525695
0.48742294,0.48742294
0.4696418,0.4696418
0.48003057,0.48003057
0.5303189,0.5303189
0.5035755,0.5035755
0.47317967,0.47317967
0.49599266,0.49599266
0.4605295,0.4605295
0.5122565,0.5122565
0.4923051,0.4923051
0.5246987,0.5246987
0.47233853,0.47233853
0.49504814,0.49504814
0.5581207,0.5581207
0.47157574,0.47157574
0.5326042,0.5326042
0.5113681,0.5113681
0.39273593,0.39273593
0.49103293,0.49103293
0.5067732,0.5067732
0.46055177,0.46055177
0.44351724,0.44351724
0.4170127,0.4170127
0.47407266,0.47407266
0.48098257,0.48098257
0.52739567,0.52739567
0.51645553,0.51645553
0.48904914,0.48904914
0.5104306,0.5104306
0.48315105,0.48315105
0.5147717,0.5147717
0.52929854,0.52929854
0.5336932,0.5336932
0.5542716,0.5542716
0.52637047,0.52637047
0.5650757,0.5650757
0.55500346,0.55500346
0.5414326,0.5414326
0.5175401,0.5175401
0.538713,0.538713
0.44798672,0.44798672
0.4569871,0.4569871
0.49142477,0.49142477
0.46973753,0.46973753
0.45881632,0.45881632
0.47272316,0.47272316
0.49455056,0.49455056
0.44898856,0.44898856
0.49088725,0.49088725
0.46466833,0.46466833
0.47498137,0.47498137
0.48644966,0.48644966
0.42885336,0.42885336
0.5036348,0.5036348
0.5005752,0.5005752
0.49969673,0.49969673
0.45860958,0.45860958
0.44992197,0.44992197
0.50726557,0.50726557
0.4890931,0.4890931
0.49900496,0.49900496
0.5248499,0.5248499
0.44207376,0.44207376
0.5104188,0.5104188
0.4587215,0.4587215
0.4944109,0.4944109
0.50817615,0.50817615
0.49446353,0.49446353
0.4929752,0.4929752
0.49839848,0.49839848
0.49961895,0.49961895
0.46751976,0.46751976
0.51019704,0.51019704
0.45135733,0.45135733
0.5030211,0.5030211
0.43869498,0.43869498
0.41803887,0.41803887
0.4716907,0.4716907
0.4371718,0.4371718
0.4300322,0.4300322
0.506993,0.506993
0.47012746,0.47012746
0.48629123,0.48629123
0.45873752,0.45873752
0.44703028,0.44703028
0.46083173,0.46083173
0.5214362,0.5214362
0.50074804,0.50074804
0.5156536,0.5156536
0.4950022,0.4950022
0.5091507,0.5091507
0.51964605,0.51964605
0.4860196,0.4860196
0.5074234,0.5074234
0.4774019,0.4774019
0.51542246,0.51542246
0.48980367,0.48980367
0.4844692,0.4844692
0.55415463,0.55415463
0.48268002,0.48268002
0.54411423,0.54411423
0.4590356,0.4590356
0.44488868,0.44488868
0.4669408,0.4669408
0.5132926,0.5132926
0.4331888,0.4331888
0.48368892,0.48368892
0.5104667,0.5104667
0.48660043,0.48660043
0.49616453,0.49616453
0.49023604,0.49023604
0.47930923,0.47930923
0.4613193,0.4613193
0.43281117,0.43281117
0.49927312,0.49927312
0.4276818,0.4276818
0.37278897,0.37278897
0.4688173,0.4688173
0.40115416,0.40115416
0.43039447,0.43039447
0.5115764,0.5115764
0.53644687,0.53644687
0.4014756,0.4014756
0.48474684,0.48474684
0.5265333,0.5265333
0.53408694,0.53408694
0.4895955,0.4895955
0.5167858,0.5167858
0.46566197,0.46566197
0.4519856,0.4519856
0.48314175,0.48314175
0.5327455,0.5327455
0.53073007,0.53073007
0.47099844,0.47099844
0.43988582,0.43988582
0.48764768,0.48764768
0.45636174,0.45636174
0.48067188,0.48067188
0.50944966,0.50944966
0.45046377,0.45046377
0.5149174,0.5149174
0.4957229,0.4957229
0.46516502,0.46516502
0.49717653,0.49717653
0.49989846,0.49989846
0.5251174,0.5251174
0.47491753,0.47491753
0.47576144,0.47576144
0.47981837,0.47981837
0.39950958,0.39950958
0.52898014,0.52898014
0.50482535,0.50482535
0.49079654,0.49079654
0.5168566,0.5168566
0.5208543,0.5208543
0.4144962,0.4144962
0.49381128,0.49381128
0.46282518,0.46282518
0.47328672,0.47328672
0.42113945,0.42113945
0.41512868,0.41512868
0.4445481,0.4445481
0.39183888,0.39183888
0.40639973,0.40639973
0.3962447,0.3962447
0.4556632,0.4556632
0.45745167,0.45745167
0.47252348,0.47252348
0.48602554,0.48602554
0.44389075,0.44389075
0.45524696,0.45524696
0.48290262,0.48290262
0.46203616,0.46203616
0.44175136,0.44175136
0.44342718,0.44342718
0.49119368,0.49119368
0.47970524,0.47970524
0.49758896,0.49758896
0.47566533,0.47566533
0.47172666,0.47172666
0.45607352,0.45607352
0.44941556,0.44941556
0.5068317,0.5068317
0.4836608,0.4836608
0.48069984,0.48069984
0.49585506,0.49585506
0.4380403,0.4380403
0.46917862,0.46917862
0.5048007,0.5048007
0.4781976,0.4781976
0.45172992,0.45172992
0.54824215,0.54824215
0.49342826,0.49342826
0.505704,0.505704
0.50640434,0.50640434
0.51297116,0.51297116
0.4229474,0.4229474
0.45958272,0.45958272
0.50650764,0.50650764
0.4818517,0.4818517
0.48219976,0.48219976
0.47081962,0.47081962
0.48059836,0.48059836
0.48264048,0.48264048
0.48189116,0.48189116
0.44982165,0.44982165
0.4391679,0.4391679
0.4279378,0.4279378
0.45925385,0.45925385
0.47240353,0.47240353
0.45000544,0.45000544
0.41231656,0.41231656
0.40054107,0.40054107
0.46800002,0.46800002
0.48197585,0.48197585
0.4822913,0.4822913
0.49321872,0.49321872
0.5229535,0.5229535
0.50869095,0.50869095
0.5270857,0.5270857
0.45549378,0.45549378
0.45437273,0.45437273
0.46418473,0.46418473
0.50837535,0.50837535
0.52414364,0.52414364
0.528187,0.528187
0.45748377,0.45748377
0.46438023,0.46438023
0.49466538,0.49466538
0.44502902,0.44502902
0.52570915,0.52570915
0.5152435,0.5152435
0.48313805,0.48313805
0.4835765,0.4835765
0.46089798,0.46089798
0.50700384,0.50700384
0.5016849,0.5016849
0.50100344,0.50100344
0.5039165,0.5039165
0.5227428,0.5227428
0.5277324,0.5277324
0.47953734,0.47953734
0.52780026,0.52780026
0.46090317,0.46090317
0.53483874,0.53483874
0.5188472,0.5188472
0.4626796,0.4626796
0.41846713,0.41846713
0.448875,0.448875
0.5115128,0.5115128
0.5512537,0.5512537
0.55188686,0.55188686
0.51455075,0.51455075
0.51668096,0.51668096
0.52899426,0.52899426
0.5445733,0.5445733
0.53381634,0.53381634
0.56685454,0.56685454
0.55271417,0.55271417
0.52730894,0.52730894
0.55689365,0.55689365
0.5046093,0.5046093
0.5138994,0.5138994
0.5259066,0.5259066
0.501004,0.501004
0.46344247,0.46344247
0.5291949,0.5291949
0.5314649,0.5314649
0.4661621,0.4661621
0.5191738,0.5191738
0.48689923,0.48689923
0.4883764,0.4883764
0.5308831,0.5308831
0.50947136,0.50947136
0.5451472,0.5451472
0.49459627,0.49459627
0.5138768,0.5138768
0.49716556,0.49716556
0.5076738,0.5076738
0.50853145,0.50853145
0.4966829,0.4966829
0.47781256,0.47781256
0.5132756,0.5132756
0.52086693,0.52086693
0.542042,0.542042
0.52787703,0.52787703
0.46576896,0.46576896
0.49450698,0.49450698
0.4950052,0.4950052
0.5436516,0.5436516
0.5114941,0.5114941
0.5078308,0.5078308
0.5215133,0.5215133
0.5541851,0.5541851
0.5252398,0.5252398
0.517431,0.517431
0.5694062,0.5694062
0.46411815,0.46411815
0.53959745,0.53959745
0.4992892,0.4992892
0.47085696,0.47085696
0.4186391,0.4186391
0.47837427,0.47837427
0.5191859,0.5191859
0.5470827,0.5470827
0.52579975,0.52579975
0.55001515,0.55001515
0.48474792,0.48474792
0.510516,0.510516
0.49773225,0.49773225
0.5805121,0.5805121
0.5308007,0.5308007
0.48184884,0.48184884
0.50064594,0.50064594
0.47790933,0.47790933
0.4929943,0.4929943
0.50207883,0.50207883
0.46414313,0.46414313
0.48542252,0.48542252
0.42527634,0.42527634
0.53911537,0.53911537
0.45221812,0.45221812
0.5116603,0.5116603
0.49480423,0.49480423
0.51848567,0.51848567
0.48360184,0.48360184
0.4713728,0.4713728
0.4329727,0.4329727
0.46054623,0.46054623
0.49244115,0.49244115
0.45457834,0.45457834
0.4592396,0.4592396
0.4616336,0.4616336
0.5188963,0.5188963
0.50990164,0.50990164
0.53537446,0.53537446
0.49393657,0.49393657
0.46795985,0.46795985
0.50289345,0.50289345
0.47085214,0.47085214
0.5249018,0.5249018
0.4905378,0.4905378
0.46847042,0.46847042
0.5051421,0.5051421
0.49443832,0.49443832
0.5044454,0.5044454
0.51850164,0.51850164
0.47642684,0.47642684
0.4686772,0.4686772
0.51146424,0.51146424
0.48085505,0.48085505
0.5351294,0.5351294
0.5446476,0.5446476
0.4777957,0.4777957
0.5322873,0.5322873
0.52306336,0.52306336
0.51619893,0.51619893
0.46102652,0.46102652
0.5087197,0.5087197
0.5323841,0.5323841
0.5047197,0.5047197
0.4089518,0.4089518
0.5015539,0.5015539
0.5410042,0.5410042
0.520889,0.520889
0.4627898,0.4627898
0.4484229,0.4484229
0.50531036,0.50531036
0.49701858,0.49701858
0.54416144,0.54416144
0.5632043,0.5632043
0.5580732,0.5580732
0.49304998,0.49304998
0.59877497,0.59877497
0.50464946,0.50464946
0.52024865,0.52024865
0.46122113,0.46122113
0.48055637,0.48055637
0.46699038,0.46699038
0.53133297,0.53133297
0.44694942,0.44694942
0.4408648,0.4408648
0.454603,0.454603
0.5369434,0.5369434
0.49792033,0.49792033
0.47446534,0.47446534
0.485673,0.485673
0.48156622,0.48156622
0.47908148,0.47908148
0.49743363,0.49743363
0.48567894,0.48567894
0.5090443,0.5090443
0.47060943,0.47060943
0.5030784,0.5030784
0.4752607,0.4752607
0.41360402,0.41360402
0.3739684,0.3739684
0.4819672,0.4819672
0.43364125,0.43364125
0.48044446,0.48044446
0.4569193,0.4569193
0.4388113,0.4388113
0.458236,0.458236
0.53541803,0.53541803
0.5442689,0.5442689
0.5252049,0.5252049
0.4871071,0.4871071
0.5216261,0.5216261
0.50626665,0.50626665
0.49304846,0.49304846
0.56068087,0.56068087
0.53407556,0.53407556
0.5416304,0.5416304
0.5361802,0.5361802
0.5502784,0.5502784
0.46304286,0.46304286
0.5094152,0.5094152
0.49270767,0.49270767
0.5422518,0.5422518
0.5082361,0.5082361
0.51498693,0.51498693
0.5341565,0.5341565
0.49196598,0.49196598
0.49674848,0.49674848
0.4910811,0.4910811
0.56679994,0.56679994
0.52143306,0.52143306
0.49595132,0.49595132
0.50632596,0.50632596
0.4911771,0.4911771
0.50234276,0.50234276
0.5129839,0.5129839
0.47355247,0.47355247
0.4769443,0.4769443
0.43123832,0.43123832
0.43999127,0.43999127
0.46692127,0.46692127
0.39243895,0.39243895
0.5333169,0.5333169
0.5309202,0.5309202
0.49722794,0.49722794
0.4798297,0.4798297
0.49737528,0.49737528
0.48484465,0.48484465
0.48970068,0.48970068
0.4962772,0.4962772
0.51022625,0.51022625
0.50410074,0.50410074
0.44789594,0.44789594
0.51164246,0.51164246
0.53607744,0.53607744
0.48697576,0.48697576
0.49025136,0.49025136
0.49889392,0.49889392
0.51927185,0.51927185
0.5371449,0.5371449
0.49706867,0.49706867
0.461897,0.461897
0.5077691,0.5077691
0.50169903,0.50169903
0.4822645,0.4822645
0.52138215,0.52138215
0.5159031,0.5159031
0.48107678,0.48107678
0.47648412,0.47648412
0.51366276,0.51366276
0.44171906,0.44171906
0.4913605,0.4913605
0.471571,0.471571
0.49894896,0.49894896
0.4750676,0.4750676
0.48816743,0.48816743
0.51819783,0.51819783
0.51391834,0.51391834
0.5024041,0.5024041
0.50130826,0.50130826
0.52756023,0.52756023
0.564083,0.564083
0.4972192,0.4972192
0.4639115,0.4639115
0.4763374,0.4763374
0.48973227,0.48973227
0.55757326,0.55757326
0.46687108,0.46687108
0.48493788,0.48493788
0.5156301,0.5156301
0.49511138,0.49511138
0.5898251,0.5898251
0.546077,0.546077
0.56046486,0.56046486
0.5423931,0.5423931
0.5129249,0.5129249
0.53596807,0.53596807
0.5561253,0.5561253
0.54657143,0.54657143
0.513667,0.513667
0.51738226,0.51738226
0.4873972,0.4873972
0.5910182,0.5910182
0.5172866,0.5172866
0.4602633,0.4602633
0.5495657,0.5495657
0.51934785,0.51934785
0.43221733,0.43221733
0.4455128,0.4455128
0.49780783,0.49780783
0.55549383,0.55549383
0.55888265,0.55888265
0.5547155,0.5547155
0.548866,0.548866
0.57147324,0.57147324
0.55441064,0.55441064
0.54362506,0.54362506
0.5101428,0.5101428
0.52228594,0.52228594
0.53017056,0.53017056
0.5164602,0.5164602
0.41667235,0.41667235
0.4599868,0.4599868
0.50554645,0.50554645
0.46506974,0.46506974
0.4631557,0.4631557
0.5326036,0.5326036
0.459433,0.459433
0.48919845,0.48919845
0.5327847,0.5327847
0.50096637,0.50096637
0.4953886,0.4953886
0.43563414,0.43563414
0.46266165,0.46266165
0.42560157,0.42560157
0.48522782,0.48522782
0.4484136,0.4484136
0.4934636,0.4934636
0.45604214,0.45604214
0.4298781,0.4298781
0.43768394,0.43768394
0.4211954,0.4211954
0.47248492,0.47248492
0.4953208,0.4953208
0.44959053,0.44959053
0.5420403,0.5420403
0.5136541,0.5136541
0.3919734,0.3919734
0.48075742,0.48075742
0.5472044,0.5472044
0.5634502,0.5634502
0.53840756,0.53840756
0.5517532,0.5517532
0.5119519,0.5119519
0.50912374,0.50912374
0.5507601,0.5507601
0.4539713,0.4539713
0.4886103,0.4886103
0.4814969,0.4814969
0.49933428,0.49933428
0.46403268,0.46403268
0.5188163,0.5188163
0.4787745,0.4787745
0.4413214,0.4413214
0.4731487,0.4731487
0.46393076,0.46393076
0.46164793,0.46164793
0.4982823,0.4982823
0.47602814,0.47602814
0.48098004,0.48098004
0.50045353,0.50045353
0.48602042,0.48602042
0.4275703,0.4275703
0.48449615,0.48449615
0.43844682,0.43844682
0.47797632,0.47797632
0.44064337,0.44064337
0.46920413,0.46920413
0.430463,0.430463
0.44907728,0.44907728
0.5419699,0.5419699
0.3994632,0.3994632
0.41151774,0.41151774
0.5136607,0.5136607
0.5289827,0.5289827
0.5416556,0.5416556
0.5112692,0.5112692
0.49426153,0.49426153
0.51155746,0.51155746
0.517282,0.517282
0.54239947,0.54239947
0.4815771,0.4815771
0.49673715,0.49673715
0.48988026,0.48988026
0.4723443,0.4723443
0.4446385,0.4446385
0.45761633,0.45761633
0.3959783,0.3959783
0.4261587,0.4261587
0.44043407,0.44043407
0.44856417,0.44856417
0.43891105,0.43891105
0.5012006,0.5012006
0.47114158,0.47114158
0.54045993,0.54045993
0.4427835,0.4427835
0.54293525,0.54293525
0.49481916,0.49481916
0.4764832,0.4764832
0.45975396,0.45975396
0.48568407,0.48568407
0.4764423,0.4764423
0.4494953,0.4494953
0.51767206,0.51767206
0.4668828,0.4668828
0.49336323,0.49336323
0.5084512,0.5084512
0.48459455,0.48459455
0.529444,0.529444
0.47685573,0.47685573
0.5008476,0.5008476
0.49374527,0.49374527
0.51868397,0.51868397
0.49793518,0.49793518
0.47784355,0.47784355
0.47248334,0.47248334
0.45427945,0.45427945
0.4314626,0.4314626
0.53958833,0.53958833
0.4888962,0.4888962
0.45060614,0.45060614
0.49740174,0.49740174
0.5001205,0.5001205
0.4230006,0.4230006
0.4963053,0.4963053
0.5079586,0.5079586
0.48056525,0.48056525
0.43623263,0.43623263
0.39234924,0.39234924
0.47981304,0.47981304
0.49360135,0.49360135
0.44696888,0.44696888
0.4872326,0.4872326
0.45262814,0.45262814
0.48465952,0.48465952
0.51263064,0.51263064
0.47280315,0.47280315
0.43602154,0.43602154
0.4592219,0.4592219
0.43592748,0.43592748
0.49769825,0.49769825
0.5191529,0.5191529
0.5207837,0.5207837
0.48393938,0.48393938
0.46398163,0.46398163
0.48240882,0.48240882
0.46141022,0.46141022
0.47532716,0.47532716
0.464603,0.464603
0.47703153,0.47703153
0.5015965,0.5015965
0.4846852,0.4846852
0.4103346,0.4103346
0.4370334,0.4370334
0.3981123,0.3981123
0.4635064,0.4635064
0.5141412,0.5141412
0.4581678,0.4581678
0.50212824,0.50212824
0.5068024,0.5068024
0.47630414,0.47630414
0.49371687,0.49371687
0.5161461,0.5161461
0.5354151,0.5354151
0.46913326,0.46913326
0.47416565,0.47416565
0.47391555,0.47391555
0.49389473,0.49389473
0.4816189,0.4816189
0.4809774,0.4809774
0.48023912,0.48023912
0.49880835,0.49880835
0.54688764,0.54688764
0.47317964,0.47317964
0.4865159,0.4865159
0.51506245,0.51506245
0.4316997,0.4316997
0.43655333,0.43655333
0.45729142,0.45729142
0.514556,0.514556
0.5210033,0.5210033
0.5111294,0.5111294
0.607339,0.607339
0.50561345,0.50561345
0.6151299,0.6151299
0.5067333,0.5067333
0.54430825,0.54430825
0.4687406,0.4687406
0.46186984,0.46186984
0.46297574,0.46297574
0.45420456,0.45420456
0.5184759,0.5184759
0.4809205,0.4809205
0.43288943,0.43288943
0.42180246,0.42180246
0.4526167,0.4526167
0.46582022,0.46582022
0.45558095,0.45558095
0.48766023,0.48766023
0.46050408,0.46050408
0.47592956,0.47592956
0.47453007,0.47453007
0.52107984,0.52107984
0.49253348,0.49253348
0.45014626,0.45014626
0.42477858,0.42477858
0.5089217,0.5089217
0.49110743,0.49110743
0.48697883,0.48697883
0.5170585,0.5170585
0.46735978,0.46735978
0.4762097,0.4762097
0.4972816,0.4972816
0.43722945,0.43722945
0.4361285,0.4361285
0.48445767,0.48445767
0.52090317,0.52090317
0.46726602,0.46726602
0.47886845,0.47886845
0.47320387,0.47320387
0.44685584,0.44685584
0.47190577,0.47190577
0.47772765,0.47772765
0.5029786,0.5029786
0.4533954,0.4533954
0.4715822,0.4715822
0.47828445,0.47828445
0.44827566,0.44827566
0.4303294,0.4303294
0.46200106,0.46200106
0.51436794,0.51436794
0.5121884,0.5121884
0.4608842,0.4608842
0.47281528,0.47281528
0.4938643,0.4938643
0.48400432,0.48400432
0.4353938,0.4353938
0.4802307,0.4802307
0.42965838,0.42965838
0.47401968,0.47401968
0.47514275,0.47514275
0.47798318,0.47798318
0.52675956,0.52675956
0.49622223,0.49622223
0.5227041,0.5227041
0.47906807,0.47906807
0.48302183,0.48302183
0.48594058,0.48594058
0.4951926,0.4951926
0.5086843,0.5086843
0.45303962,0.45303962
0.49128765,0.49128765
0.46141028,0.46141028
0.41898134,0.41898134
0.43831807,0.43831807
0.46437606,0.46437606
0.44795832,0.44795832
0.4821241,0.4821241
0.52179307,0.52179307
0.5543915,0.5543915
0.49696094,0.49696094
0.52901435,0.52901435
0.5017078,0.5017078
0.5069363,0.5069363
0.45307183,0.45307183
0.50292885,0.50292885
0.519408,0.519408
0.51458204,0.51458204
0.4572421,0.4572421
0.48405525,0.48405525
0.47893465,0.47893465
0.44689772,0.44689772
0.5151629,0.5151629
0.50899225,0.50899225
0.48473504,0.48473504
0.5272074,0.5272074
0.49409023,0.49409023
0.48658758,0.48658758
0.47895768,0.47895768
0.49424052,0.49424052
0.37342706,0.37342706
0.48919198,0.48919198
0.5047917,0.5047917
0.47756818,0.47756818
0.4658549,0.4658549
0.37732717,0.37732717
0.5107714,0.5107714
0.48270327,0.48270327
0.468706,0.468706
0.5046912,0.5046912
0.4930136,0.4930136
0.56882447,0.56882447
0.5132288,0.5132288
0.47204933,0.47204933
0.4960918,0.4960918
0.4439637,0.4439637
0.4886664,0.4886664
0.5289691,0.5289691
0.54164124,0.54164124
0.512939,0.512939
0.48077506,0.48077506
0.47709975,0.47709975
0.4759788,0.4759788
0.47563872,0.47563872
0.49605256,0.49605256
0.4293185,0.4293185
0.5192262,0.5192262
0.49021867,0.49021867
0.53651357,0.53651357
0.47025028,0.47025028
0.49999872,0.49999872
0.5250254,0.5250254
0.5140529,0.5140529
0.5199042,0.5199042
0.54905957,0.54905957
0.5020078,0.5020078
0.48122832,0.48122832
0.5051003,0.5051003
0.45652843,0.45652843
0.4857636,0.4857636
0.40185016,0.40185016
0.5531353,0.5531353
0.470039,0.470039
0.47337076,0.47337076
0.52839655,0.52839655
0.4838216,0.4838216
0.4874908,0.4874908
0.45721993,0.45721993
0.49423692,0.49423692
0.4575321,0.4575321
0.47791559,0.47791559
0.47395596,0.47395596
0.5451726,0.5451726
0.5105935,0.5105935
0.562315,0.562315
0.56565005,0.56565005
0.518889,0.518889
0.5047755,0.5047755
0.3981225,0.3981225
0.45948035,0.45948035
0.46587574,0.46587574
0.5383374,0.5383374
0.45015085,0.45015085
0.4173627,0.4173627
0.40010667,0.40010667
0.44344148,0.44344148
0.51794064,0.51794064
0.49750996,0.49750996
0.52617747,0.52617747
0.52716434,0.52716434
0.53708553,0.53708553
0.512737,0.512737
0.4644252,0.4644252
0.4689278,0.4689278
0.4976936,0.4976936
0.52688986,0.52688986
0.5034839,0.5034839
0.49362853,0.49362853
0.4997451,0.4997451
0.5298405,0.5298405
0.5261056,0.5261056
0.5556406,0.5556406
0.48247656,0.48247656
0.49710178,0.49710178
0.49388716,0.49388716
0.37404674,0.37404674
0.5319628,0.5319628
0.5039136,0.5039136
0.40384206,0.40384206
0.45077354,0.45077354
0.5010394,0.5010394
0.50497717,0.50497717
0.53083813,0.53083813
0.5091783,0.5091783
0.4968651,0.4968651
0.42594308,0.42594308
0.4475792,0.4475792
0.4774959,0.4774959
0.48472548,0.48472548
0.49125075,0.49125075
0.4641613,0.4641613
0.5233847,0.5233847
0.5347954,0.5347954
0.5449114,0.5449114
0.5310524,0.5310524
0.5351901,0.5351901
0.5330461,0.5330461
0.5483613,0.5483613
0.52594614,0.52594614
0.49196276,0.49196276
0.5059478,0.5059478
0.45571154,0.45571154
0.455625,0.455625
0.50102556,0.50102556
0.470634,0.470634
0.47926703,0.47926703
0.4824309,0.4824309
0.4679632,0.4679632
0.4561591,0.4561591
0.46703422,0.46703422
0.4582366,0.4582366
0.45692888,0.45692888
0.4562112,0.4562112
0.46311507,0.46311507
0.43964097,0.43964097
0.55731446,0.55731446
0.47468928,0.47468928
0.4541371,0.4541371
0.52046955,0.52046955
0.50078434,0.50078434
0.4929149,0.4929149
0.543713,0.543713
0.55516726,0.55516726
0.4960698,0.4960698
0.4734999,0.4734999
0.5428934,0.5428934
0.5133302,0.5133302
0.51702935,0.51702935
0.5456964,0.5456964
0.5182887,0.5182887
0.54735744,0.54735744
0.44751617,0.44751617
0.44889957,0.44889957
0.45274168,0.45274168
0.42444593,0.42444593
0.45811024,0.45811024
0.49525234,0.49525234
0.47347078,0.47347078
0.42422542,0.42422542
0.5345626,0.5345626
0.55865437,0.55865437
0.54270643,0.54270643
0.51106685,0.51106685
0.54436386,0.54436386
0.5602964,0.5602964
0.55204636,0.55204636
0.49621323,0.49621323
0.4315658,0.4315658
0.5436918,0.5436918
0.40497494,0.40497494
0.49869564,0.49869564
0.5181282,0.5181282
0.45792902,0.45792902
0.50976896,0.50976896
0.50100744,0.50100744
0.49197072,0.49197072
0.54969394,0.54969394
0.52793497,0.52793497
0.45711693,0.45711693
0.47083348,0.47083348
0.4776363,0.4776363
0.49431074,0.49431074
0.54862684,0.54862684
0.53711534,0.53711534
0.46716642,0.46716642
0.49767828,0.49767828
0.48679492,0.48679492
0.47493857,0.47493857
0.44510278,0.44510278
0.45863277,0.45863277
0.37548763,0.37548763
0.44513726,0.44513726
0.45103067,0.45103067
0.45960188,0.45960188
0.47776243,0.47776243
0.45679718,0.45679718
0.4644402,0.4644402
0.49923036,0.49923036
0.47726664,0.47726664
0.46279672,0.46279672
0.45664957,0.45664957
0.46905506,0.46905506
0.4667062,0.4667062
0.46710068,0.46710068
0.46131358,0.46131358
0.44228917,0.44228917
0.47125003,0.47125003
0.46494058,0.46494058
0.42226598,0.42226598
0.41906384,0.41906384
0.4743189,0.4743189
0.46043947,0.46043947
0.55008036,0.55008036
0.5702058,0.5702058
0.5090981,0.5090981
0.5423931,0.5423931
0.48294762,0.48294762
0.51042116,0.51042116
0.5416573,0.5416573
0.5378493,0.5378493
0.51939946,0.51939946
0.48415685,0.48415685
0.5059772,0.5059772
0.51991427,0.51991427
0.5531493,0.5531493
0.48534593,0.48534593
0.56208044,0.56208044
0.5048459,0.5048459
0.55223924,0.55223924
0.4998372,0.4998372
0.45837143,0.45837143
0.49942833,0.49942833
0.5057945,0.5057945
0.5259431,0.5259431
0.4757249,0.4757249
0.46154445,0.46154445
0.4028365,0.4028365
0.42858344,0.42858344
0.48656064,0.48656064
0.46727592,0.46727592
0.5310185,0.5310185
0.5468854,0.5468854
0.5191328,0.5191328
0.452263,0.452263
0.46591222,0.46591222
0.50347984,0.50347984
0.50837153,0.50837153
0.48106107,0.48106107
0.48544946,0.48544946
0.441831,0.441831
0.43403244,0.43403244
0.48337635,0.48337635
0.46872276,0.46872276
0.43077517,0.43077517
0.4475379,0.4475379
0.45088518,0.45088518
0.48964188,0.48964188
0.52282465,0.52282465
0.52134156,0.52134156
0.5074264,0.5074264
0.5141515,0.5141515
0.5303933,0.5303933
0.4722343,0.4722343
0.48342556,0.48342556
0.55558884,0.55558884
0.49448666,0.49448666
0.53684616,0.53684616
0.53300554,0.53300554
0.51477456,0.51477456
0.49561617,0.49561617
0.4347146,0.4347146
0.46317923,0.46317923
0.41158915,0.41158915
0.44409385,0.44409385
0.49587438,0.49587438
0.46139154,0.46139154
0.43684116,0.43684116
0.45902166,0.45902166
0.46799874,0.46799874
0.4738727,0.4738727
0.46515968,0.46515968
0.43298015,0.43298015
0.44229314,0.44229314
0.45455515,0.45455515
0.3661391,0.3661391
0.5841357,0.5841357
0.59115714,0.59115714
0.5101218,0.5101218
0.5511048,0.5511048
0.55009705,0.55009705
0.50365597,0.50365597
0.5704415,0.5704415
0.55091274,0.55091274
0.52269787,0.52269787
0.50583,0.50583
0.49556023,0.49556023
0.49269918,0.49269918
0.37728742,0.37728742
0.4500483,0.4500483
0.53658664,0.53658664
0.40318942,0.40318942
0.52983075,0.52983075
0.51759374,0.51759374
0.52344453,0.52344453
0.5358531,0.5358531
0.46482545,0.46482545
0.47495976,0.47495976
0.51688635,0.51688635
0.5067735,0.5067735
0.525522,0.525522
0.50292003,0.50292003
0.44184977,0.44184977
0.46910533,0.46910533
0.5295623,0.5295623
0.4888795,0.4888795
0.4515826,0.4515826
0.47321138,0.47321138
0.47219902,0.47219902
0.48021856,0.48021856
0.50766873,0.50766873
0.4485769,0.4485769
0.5467303,0.5467303
0.41948336,0.41948336
0.4895585,0.4895585
0.5322593,0.5322593
0.42145148,0.42145148
0.5064738,0.5064738
0.49848545,0.49848545
0.4488573,0.4488573
0.5235067,0.5235067
0.52331835,0.52331835
0.5382118,0.5382118
0.5130046,0.5130046
0.4131333,0.4131333
0.43705627,0.43705627
0.49705714,0.49705714
0.48204562,0.48204562
0.47681734,0.47681734
0.43273702,0.43273702
0.46680418,0.46680418
0.45566234,0.45566234
0.43178964,0.43178964
0.4813158,0.4813158
0.4464464,0.4464464
0.52799666,0.52799666
0.42028874,0.42028874
0.45443723,0.45443723
0.3695147,0.3695147
0.46019933,0.46019933
0.39572504,0.39572504
0.43558136,0.43558136
0.44490367,0.44490367
0.45104015,0.45104015
0.4358909,0.4358909
0.45746103,0.45746103
0.45552647,0.45552647
0.45194706,0.45194706
0.45950544,0.45950544
0.49473062,0.49473062
0.5114127,0.5114127
0.47668606,0.47668606
0.5536815,0.5536815
0.55325216,0.55325216
0.51604,0.51604
0.50326765,0.50326765
0.5372597,0.5372597
0.5313577,0.5313577
0.49359486,0.49359486
0.51272994,0.51272994
0.4490846,0.4490846
0.4857708,0.4857708
0.4731406,0.4731406
0.48002633,0.48002633
0.45512182,0.45512182
0.50730824,0.50730824
0.4060235,0.4060235
0.47222033,0.47222033
0.46892598,0.46892598
0.4469067,0.4469067
0.4136278,0.4136278
0.40806466,0.40806466
0.45383948,0.45383948
0.42284244,0.42284244
0.4646732,0.4646732
0.48976278,0.48976278
0.4870204,0.4870204
0.51008,0.51008
0.45636314,0.45636314
0.4638265,0.4638265
0.4961366,0.4961366
0.47888476,0.47888476
0.52971816,0.52971816
0.540185,0.540185
0.5111611,0.5111611
0.51748204,0.51748204
0.45007807,0.45007807
0.42377636,0.42377636
0.462445,0.462445
0.49132895,0.49132895
0.5124014,0.5124014
0.46223012,0.46223012
0.44637838,0.44637838
0.49457994,0.49457994
0.45707422,0.45707422
0.5115216,0.5115216
0.54288423,0.54288423
0.519359,0.519359
0.4651811,0.4651811
0.5329481,0.5329481
0.50333285,0.50333285
0.60252136,0.60252136
0.5086892,0.5086892
0.48313576,0.48313576
0.40341786,0.40341786
0.404629,0.404629
0.3850824,0.3850824
0.38335672,0.38335672
0.50072485,0.50072485
0.5254628,0.5254628
0.4501209,0.4501209
0.48452425,0.48452425
0.39266494,0.39266494
0.35204,0.35204
0.4387538,0.4387538
0.48893684,0.48893684
0.49937344,0.49937344
0.44248793,0.44248793
0.4833559,0.4833559
0.46531406,0.46531406
0.49005133,0.49005133
0.47141165,0.47141165
0.4885276,0.4885276
0.58026755,0.58026755
0.44809762,0.44809762
0.5311228,0.5311228
0.51865804,0.51865804
0.472743,0.472743
0.4513789,0.4513789
0.50277895,0.50277895
0.50503695,0.50503695
0.5153519,0.5153519
0.520846,0.520846
0.54633003,0.54633003
0.531619,0.531619
0.5230457,0.5230457
0.522466,0.522466
0.5038942,0.5038942
0.46376976,0.46376976
0.42906463,0.42906463
0.52298737,0.52298737
0.46652532,0.46652532
0.52473396,0.52473396
0.49444687,0.49444687
0.4196161,0.4196161
0.44090042,0.44090042
0.44387165,0.44387165
0.41756976,0.41756976
0.4336616,0.4336616
0.47077045,0.47077045
0.45335957,0.45335957
0.5157147,0.5157147
0.52867264,0.52867264
0.4491686,0.4491686
0.49532694,0.49532694
0.4659972,0.4659972
0.50472254,0.50472254
0.49584806,0.49584806
0.4779037,0.4779037
0.43141153,0.43141153
0.4472074,0.4472074
0.43722546,0.43722546
0.4472438,0.4472438
0.4594129,0.4594129
0.48142943,0.48142943
0.4549122,0.4549122
0.4875573,0.4875573
0.4552641,0.4552641
0.46412936,0.46412936
0.45268634,0.45268634
0.44870457,0.44870457
0.39806393,0.39806393
0.51730067,0.51730067
0.44266888,0.44266888
0.4833944,0.4833944
0.53815997,0.53815997
0.46437353,0.46437353
0.5215194,0.5215194
0.5472204,0.5472204
0.5248087,0.5248087
0.53373396,0.53373396
0.48681745,0.48681745
0.50541717,0.50541717
0.5189066,0.5189066
0.51406026,0.51406026
0.47114614,0.47114614
0.56289095,0.56289095
0.5289752,0.5289752
0.50003296,0.50003296
0.570033,0.570033
0.523795,0.523795
0.5495576,0.5495576
0.5861751,0.5861751
0.52640295,0.52640295
0.4994935,0.4994935
0.5081843,0.5081843
0.45958897,0.45958897
0.4380558,0.4380558
0.49731436,0.49731436
0.4461392,0.4461392
0.46611854,0.46611854
0.46831405,0.46831405
0.4346568,0.4346568
0.44505414,0.44505414
0.5007747,0.5007747
0.4619675,0.4619675
0.449695,0.449695
0.46386266,0.46386266
0.44153526,0.44153526
0.50055575,0.50055575
0.4536469,0.4536469
0.5500838,0.5500838
0.50730777,0.50730777
0.49884477,0.49884477
0.5224232,0.5224232
0.49121496,0.49121496
0.4624549,0.4624549
0.5611776,0.5611776
0.493528,0.493528
0.4779056,0.4779056
0.53287524,0.53287524
0.4743927,0.4743927
0.49625027,0.49625027
0.4836511,0.4836511
0.46761882,0.46761882
0.49732733,0.49732733
0.4586867,0.4586867
0.49928555,0.49928555
0.47857475,0.47857475
0.4853844,0.4853844
0.5060521,0.5060521
0.5172212,0.5172212
0.4413356,0.4413356
0.48426104,0.48426104
0.5089694,0.5089694
0.52042985,0.52042985
0.502805,0.502805
0.5012191,0.5012191
0.5047299,0.5047299
0.5126049,0.5126049
0.46085495,0.46085495
0.6336369,0.6336369
0.47191155,0.47191155
0.45950648,0.45950648
0.4512096,0.4512096
0.44462243,0.44462243
0.41974,0.41974
0.42265633,0.42265633
0.4332785,0.4332785
0.49894676,0.49894676
0.5194726,0.5194726
0.50015783,0.50015783
0.41955808,0.41955808
0.4837575,0.4837575
0.5023457,0.5023457
0.51223665,0.51223665
0.44536433,0.44536433
0.5131445,0.5131445
0.49433458,0.49433458
0.46312115,0.46312115
0.531061,0.531061
0.5318134,0.5318134
0.5061773,0.5061773
0.41536027,0.41536027
0.5090787,0.5090787
0.47315276,0.47315276
0.5132747,0.5132747
0.48410067,0.48410067
0.55626285,0.55626285
0.49657455,0.49657455
0.5048157,0.5048157
0.47264272,0.47264272
0.467173,0.467173
0.51975876,0.51975876
0.4845839,0.4845839
0.54087424,0.54087424
0.50481164,0.50481164
0.46335027,0.46335027
0.48238304,0.48238304
0.5251843,0.5251843
0.51474607,0.51474607
0.55334413,0.55334413
0.5612639,0.5612639
0.5110823,0.5110823
0.49749735,0.49749735
0.50504696,0.50504696
0.5134726,0.5134726
0.5157284,0.5157284
0.5251486,0.5251486
0.5286746,0.5286746
0.47494805,0.47494805
0.5325625,0.5325625
0.5092457,0.5092457
0.5451045,0.5451045
0.49813035,0.49813035
0.50137895,0.50137895
0.53281474,0.53281474
0.50818646,0.50818646
0.5445448,0.5445448
0.49105057,0.49105057
0.46633828,0.46633828
0.4847906,0.4847906
0.5124724,0.5124724
0.4633153,0.4633153
0.4556485,0.4556485
0.5191098,0.5191098
0.52738583,0.52738583
0.5258135,0.5258135
0.5156611,0.5156611
0.53112197,0.53112197
0.5033514,0.5033514
0.44057587,0.44057587
0.4571986,0.4571986
0.4620693,0.4620693
0.4525312,0.4525312
0.45109823,0.45109823
0.46678334,0.46678334
0.42168272,0.42168272
0.439063,0.439063
0.4369421,0.4369421
0.493611,0.493611
0.47651315,0.47651315
0.50818676,0.50818676
0.42102763,0.42102763
0.5006529,0.5006529
0.46654227,0.46654227
0.5261565,0.5261565
0.49385566,0.49385566
0.5197284,0.5197284
0.4880258,0.4880258
0.49338135,0.49338135
0.54222107,0.54222107
0.5037207,0.5037207
0.457324,0.457324
0.4293439,0.4293439
0.4433353,0.4433353
0.4792383,0.4792383
0.42551157,0.42551157
0.45274183,0.45274183
0.46803594,0.46803594
0.4571179,0.4571179
0.4939457,0.4939457
0.517824,0.517824
0.475847,0.475847
0.4667781,0.4667781
0.49115908,0.49115908
0.4877372,0.4877372
0.46000794,0.46000794
0.44141534,0.44141534
0.3984216,0.3984216
0.39590168,0.39590168
0.66607773,0.66607773
0.5215688,0.5215688
0.46673372,0.46673372
0.535334,0.535334
0.47535858,0.47535858
0.5001748,0.5001748
0.47251382,0.47251382
0.45762843,0.45762843
0.45042259,0.45042259
0.53998137,0.53998137
0.45122507,0.45122507
0.5161372,0.5161372
0.47037122,0.47037122
0.43573338,0.43573338
0.47755194,0.47755194
0.51840913,0.51840913
0.53941715,0.53941715
0.50964767,0.50964767
0.45529574,0.45529574
0.45161813,0.45161813
0.4261593,0.4261593
0.49971646,0.49971646
0.5069882,0.5069882
0.49157447,0.49157447
0.48028666,0.48028666
0.46286857,0.46286857
0.46249583,0.46249583
0.46293613,0.46293613
0.4471061,0.4471061
0.41303554,0.41303554
0.37886226,0.37886226
0.41656065,0.41656065
0.58692294,0.58692294
0.54118174,0.54118174
0.49083242,0.49083242
0.5194249,0.5194249
0.51707065,0.51707065
0.52193904,0.52193904
0.516806,0.516806
0.5215744,0.5215744
0.5142487,0.5142487
0.5075894,0.5075894
0.5162336,0.5162336
0.5117359,0.5117359
0.4828994,0.4828994
0.5031413,0.5031413
0.5318214,0.5318214
0.48437673,0.48437673
0.49610347,0.49610347
0.5085388,0.5085388
0.4832373,0.4832373
0.5137924,0.5137924
0.55016446,0.55016446
0.48082742,0.48082742
0.45610556,0.45610556
0.44659796,0.44659796
0.54280466,0.54280466
0.51176435,0.51176435
0.50084484,0.50084484
0.51082575,0.51082575
0.52021724,0.52021724
0.4654281,0.4654281
0.50473166,0.50473166
0.51961255,0.51961255
0.511732,0.511732
0.48572144,0.48572144
0.46075296,0.46075296
0.515439,0.515439
0.5004117,0.5004117
0.534704,0.534704
0.4741463,0.4741463
0.4805897,0.4805897
0.43849656,0.43849656
0.44735724,0.44735724
0.5089701,0.5089701
0.51196104,0.51196104
0.48978,0.48978
0.47175428,0.47175428
0.4899503,0.4899503
0.47749224,0.47749224
0.4652032,0.4652032
0.47226104,0.47226104
0.42717525,0.42717525
0.4426622,0.4426622
0.53083736,0.53083736
0.57711554,0.57711554
0.54301393,0.54301393
0.43834028,0.43834028
0.47459772,0.47459772
0.48036078,0.48036078
0.46077105,0.46077105
0.3780224,0.3780224
0.4383829,0.4383829
0.4197351,0.4197351
0.4574309,0.4574309
0.4509118,0.4509118
0.4257451,0.4257451
0.43165994,0.43165994
0.44037157,0.44037157
0.47999525,0.47999525
0.5022858,0.5022858
0.5174489,0.5174489
0.5093813,0.5093813
0.5413774,0.5413774
0.5062556,0.5062556
0.54143184,0.54143184
0.54994655,0.54994655
0.47029692,0.47029692
0.5060048,0.5060048
0.4205316,0.4205316
0.48416343,0.48416343
0.45906147,0.45906147
0.40239584,0.40239584
0.3991451,0.3991451
0.46570253,0.46570253
0.46599472,0.46599472
0.46101403,0.46101403
0.51369655,0.51369655
0.47477087,0.47477087
0.43382117,0.43382117
0.5174182,0.5174182
0.4966666,0.4966666
0.4317085,0.4317085
0.51538354,0.51538354
0.509155,0.509155
0.48372,0.48372
0.49393564,0.49393564
0.5052875,0.5052875
0.5218208,0.5218208
0.4782885,0.4782885
0.51730275,0.51730275
0.45901132,0.45901132
0.47598767,0.47598767
0.49682513,0.49682513
0.49423546,0.49423546
0.41089398,0.41089398
0.46728703,0.46728703
0.46040893,0.46040893
0.50216144,0.50216144
0.52403855,0.52403855
0.4792192,0.4792192
0.4480439,0.4480439
0.54361874,0.54361874
0.5095668,0.5095668
0.5930631,0.5930631
0.415259,0.415259
0.43201566,0.43201566
0.41104364,0.41104364
0.44838604,0.44838604
0.4784152,0.4784152
0.4974276,0.4974276
0.46606624,0.46606624
0.5078299,0.5078299
0.5066281,0.5066281
0.5191239,0.5191239
0.44092286,0.44092286
0.49578658,0.49578658
0.509942,0.509942
0.4900799,0.4900799
0.49562597,0.49562597
0.4660422,0.4660422
0.52033365,0.52033365
0.5113882,0.5113882
0.46119973,0.46119973
0.48182034,0.48182034
0.44281974,0.44281974
0.48936406,0.48936406
0.4879732,0.4879732
0.40319628,0.40319628
0.50556237,0.50556237
0.40953356,0.40953356
0.50378394,0.50378394
0.45611355,0.45611355
0.4490535,0.4490535
0.4573728,0.4573728
0.47282723,0.47282723
0.49882108,0.49882108
0.4437993,0.4437993
0.4815822,0.4815822
0.45097062,0.45097062
0.46210033,0.46210033
0.46024367,0.46024367
0.552713,0.552713
0.46538988,0.46538988
0.40891474,0.40891474
0.50466967,0.50466967
0.4370587,0.4370587
0.52478516,0.52478516
0.5542371,0.5542371
0.5040598,0.5040598
0.48157623,0.48157623
0.42293087,0.42293087
0.40667647,0.40667647
0.41478962,0.41478962
0.43661132,0.43661132
0.45134196,0.45134196
0.44065922,0.44065922
0.468182,0.468182
0.47480637,0.47480637
0.48068035,0.48068035
0.44268268,0.44268268
0.47554383,0.47554383
0.52282286,0.52282286
0.50372106,0.50372106
0.5125977,0.5125977
0.516135,0.516135
0.52623576,0.52623576
0.49568984,0.49568984
0.5424637,0.5424637
0.53363913,0.53363913
0.4818279,0.4818279
0.4730758,0.4730758
0.53344464,0.53344464
0.52323085,0.52323085
0.487089,0.487089
0.54203117,0.54203117
0.5043626,0.5043626
0.48051995,0.48051995
0.4609584,0.4609584
0.5087967,0.5087967
0.43684733,0.43684733
0.44018918,0.44018918
0.47594506,0.47594506
0.4578049,0.4578049
0.43911144,0.43911144
0.48173392,0.48173392
0.5344338,0.5344338
0.5210978,0.5210978
0.5246225,0.5246225
0.4127009,0.4127009
0.4376478,0.4376478
0.4566524,0.4566524
0.47115564,0.47115564
0.4643841,0.4643841
0.46912614,0.46912614
0.4876516,0.4876516
0.44992724,0.44992724
0.4266061,0.4266061
0.4880811,0.4880811
0.5432426,0.5432426
0.5247587,0.5247587
0.561358,0.561358
0.49395734,0.49395734
0.52561945,0.52561945
0.50974303,0.50974303
0.5313215,0.5313215
0.48276204,0.48276204
0.560485,0.560485
0.5291231,0.5291231
0.48684615,0.48684615
0.43827316,0.43827316
0.41651767,0.41651767
0.5076599,0.5076599
0.48505908,0.48505908
0.47293335,0.47293335
0.46461934,0.46461934
0.4350396,0.4350396
0.42739487,0.42739487
0.44687477,0.44687477
0.47274134,0.47274134
0.4796486,0.4796486
0.50483346,0.50483346
0.4948486,0.4948486
0.48876345,0.48876345
0.5168456,0.5168456
0.4549111,0.4549111
0.5394152,0.5394152
0.52305967,0.52305967
0.5315115,0.5315115
0.4829743,0.4829743
0.53623873,0.53623873
0.46455353,0.46455353
0.5182307,0.5182307
0.4857918,0.4857918
0.5020914,0.5020914
0.45218635,0.45218635
0.52007437,0.52007437
0.5149881,0.5149881
0.529266,0.529266
0.5138314,0.5138314
0.5151698,0.5151698
0.54990005,0.54990005
0.52767605,0.52767605
0.5452523,0.5452523
0.5402159,0.5402159
0.5400231,0.5400231
0.5411168,0.5411168
0.5389309,0.5389309
0.48329785,0.48329785
0.506629,0.506629
0.51527846,0.51527846
0.45159185,0.45159185
0.53225696,0.53225696
0.4593766,0.4593766
0.47297648,0.47297648
0.4721427,0.4721427
0.524017,0.524017
0.46190262,0.46190262
0.5134737,0.5134737
0.5056569,0.5056569
0.49417442,0.49417442
0.49166396,0.49166396
0.466851,0.466851
0.49664995,0.49664995
0.49053034,0.49053034
0.4704636,0.4704636
0.48777375,0.48777375
0.4972783,0.4972783
0.52100754,0.52100754
0.46709192,0.46709192
0.45449248,0.45449248
0.50413966,0.50413966
0.49191123,0.49191123
0.456305,0.456305
0.5256243,0.5256243
0.49825892,0.49825892
0.54021037,0.54021037
0.4959617,0.4959617
0.51505053,0.51505053
0.4961281,0.4961281
0.5020335,0.5020335
0.46797496,0.46797496
0.50877804,0.50877804
0.47408307,0.47408307
0.471041,0.471041
0.53824365,0.53824365
0.5777249,0.5777249
0.46434793,0.46434793
0.48276305,0.48276305
0.430963,0.430963
0.49663243,0.49663243
0.4211959,0.4211959
0.49202907,0.49202907
0.35645038,0.35645038
0.49119696,0.49119696
0.40791622,0.40791622
0.4152479,0.4152479
0.5211368,0.5211368
0.5127547,0.5127547
0.47737664,0.47737664
0.42516556,0.42516556
0.48420864,0.48420864
0.46820495,0.46820495
0.4648948,0.4648948
0.42341477,0.42341477
0.49679044,0.49679044
0.5195935,0.5195935
0.4391792,0.4391792
0.4315616,0.4315616
0.5418715,0.5418715
0.48333368,0.48333368
0.55095315,0.55095315
0.4736674,0.4736674
0.5075275,0.5075275
0.5124136,0.5124136
0.50179267,0.50179267
0.45228878,0.45228878
0.48093235,0.48093235
0.48182932,0.48182932
0.4689819,0.4689819
0.46838227,0.46838227
0.4776776,0.4776776
0.54848146,0.54848146
0.50563866,0.50563866
0.45413542,0.45413542
0.42560175,0.42560175
0.45796385,0.45796385
0.504546,0.504546
0.47586316,0.47586316
0.49367267,0.49367267
0.46517026,0.46517026
0.43455896,0.43455896
0.4398788,0.4398788
0.4763063,0.4763063
0.49085552,0.49085552
0.49316698,0.49316698
0.5025386,0.5025386
0.46579602,0.46579602
0.49104446,0.49104446
0.45772752,0.45772752
0.46863994,0.46863994
0.41807246,0.41807246
0.46060157,0.46060157
0.41967395,0.41967395
0.4653929,0.4653929
0.47907522,0.47907522
0.49049714,0.49049714
0.4930618,0.4930618
0.43163392,0.43163392
0.44792733,0.44792733
0.44550845,0.44550845
0.39384025,0.39384025
0.46081105,0.46081105
0.42869493,0.42869493
0.5238673,0.5238673
0.4760836,0.4760836
0.5077738,0.5077738
0.5322083,0.5322083
0.57386297,0.57386297
0.40958875,0.40958875
0.483698,0.483698
0.6744328,0.6744328
0.507693,0.507693
0.5366677,0.5366677
0.4776319,0.4776319
0.4239891,0.4239891
0.53701395,0.53701395
0.47362143,0.47362143
0.43037882,0.43037882
0.41307303,0.41307303
0.53718185,0.53718185
0.44484288,0.44484288
0.40273434,0.40273434
0.4885722,0.4885722
0.42299032,0.42299032
0.4942218,0.4942218
0.5281796,0.5281796
0.4929084,0.4929084
0.49203902,0.49203902
0.48308423,0.48308423
0.38997617,0.38997617
0.44994712,0.44994712
0.4426836,0.4426836
0.40510446,0.40510446
0.46349156,0.46349156
0.5040554,0.5040554
0.5379714,0.5379714
0.500159,0.500159
0.44424573,0.44424573
0.4536841,0.4536841
0.42330003,0.42330003
0.4785209,0.4785209
0.49283564,0.49283564
0.514388,0.514388
0.5239892,0.5239892
0.54622006,0.54622006
0.40089747,0.40089747
0.48228544,0.48228544
0.4717657,0.4717657
0.4626888,0.4626888
0.448382,0.448382
0.47701937,0.47701937
0.42755225,0.42755225
0.41676822,0.41676822
0.4063402,0.4063402
0.42254508,0.42254508
0.39607766,0.39607766
0.4955921,0.4955921
0.4446309,0.4446309
0.50315374,0.50315374
0.4880868,0.4880868
0.46538088,0.46538088
0.500389,0.500389
0.532776,0.532776
0.41761342,0.41761342
0.49270302,0.49270302
0.439554,0.439554
0.4826741,0.4826741
0.45538288,0.45538288
0.47344527,0.47344527
0.4805033,0.4805033
0.49815366,0.49815366
0.4461921,0.4461921
0.49328777,0.49328777
0.49293476,0.49293476
0.5147127,0.5147127
0.49337047,0.49337047
0.4960493,0.4960493
0.48754627,0.48754627
0.4961902,0.4961902
0.46107778,0.46107778
0.46431676,0.46431676
0.48334536,0.48334536
0.48717585,0.48717585
0.48044193,0.48044193
0.48126993,0.48126993
0.45586988,0.45586988
0.60011154,0.60011154
0.53707546,0.53707546
0.56756437,0.56756437
0.5036709,0.5036709
0.5408859,0.5408859
0.5051348,0.5051348
0.5248524,0.5248524
0.55595756,0.55595756
0.5087433,0.5087433
0.52074623,0.52074623
0.52016115,0.52016115
0.5017527,0.5017527
0.4795,0.4795
0.54135233,0.54135233
0.48129883,0.48129883
0.5132312,0.5132312
0.47581849,0.47581849
0.496111,0.496111
0.49895126,0.49895126
0.50544643,0.50544643
0.5126629,0.5126629
0.498893,0.498893
0.5575745,0.5575745
0.5286037,0.5286037
0.5181364,0.5181364
0.50517195,0.50517195
0.53330946,0.53330946
0.46714994,0.46714994
0.50443614,0.50443614
0.46048123,0.46048123
0.5151895,0.5151895
0.507167,0.507167
0.47438183,0.47438183
0.5441037,0.5441037
0.50343996,0.50343996
0.538173,0.538173
0.5258206,0.5258206
0.5051248,0.5051248
0.52137065,0.52137065
0.46897754,0.46897754
0.4759849,0.4759849
0.47971085,0.47971085
0.47727257,0.47727257
0.48122886,0.48122886
0.5706537,0.5706537
0.5505805,0.5505805
0.54204214,0.54204214
0.46129355,0.46129355
0.51098734,0.51098734
0.54016167,0.54016167
0.5302402,0.5302402
0.5387144,0.5387144
0.5498952,0.5498952
0.58036584,0.58036584
0.50384086,0.50384086
0.61593294,0.61593294
0.5156247,0.5156247
0.5005756,0.5005756
0.44756964,0.44756964
0.48173177,0.48173177
0.46036306,0.46036306
0.44385746,0.44385746
0.52788025,0.52788025
0.52351546,0.52351546
0.4970177,0.4970177
0.47788098,0.47788098
0.42682883,0.42682883
0.45553303,0.45553303
0.5058283,0.5058283
0.5185489,0.5185489
0.5106262,0.5106262
0.58674324,0.58674324
0.5407938,0.5407938
0.48754838,0.48754838
0.45653525,0.45653525
0.46315676,0.46315676
0.49219564,0.49219564
0.49170414,0.49170414
0.49720135,0.49720135
0.46192858,0.46192858
0.5052144,0.5052144
0.54273635,0.54273635
0.50071025,0.50071025
0.44954556,0.44954556
0.53628707,0.53628707
0.501996,0.501996
0.51203644,0.51203644
0.54403543,0.54403543
0.47600213,0.47600213
0.5061598,0.5061598
0.464435,0.464435
0.4592068,0.4592068
0.5160035,0.5160035
0.42474645,0.42474645
0.4536192,0.4536192
0.4131906,0.4131906
0.47895518,0.47895518
0.45191386,0.45191386
0.38635,0.38635
0.48397768,0.48397768
0.51232845,0.51232845
0.52346045,0.52346045
0.53150105,0.53150105
0.4959736,0.4959736
0.5033816,0.5033816
0.47069016,0.47069016
0.46326342,0.46326342
0.45400777,0.45400777
0.46006182,0.46006182
0.5326249,0.5326249
0.40561768,0.40561768
0.50813925,0.50813925
0.47129357,0.47129357
0.4576012,0.4576012
0.43990347,0.43990347
0.43976066,0.43976066
0.506611,0.506611
0.49529752,0.49529752
0.46708345,0.46708345
0.3624259,0.3624259
0.45768702,0.45768702
0.54530334,0.54530334
0.5173094,0.5173094
0.5155397,0.5155397
0.5212973,0.5212973
0.4893207,0.4893207
0.48910227,0.48910227
0.53266865,0.53266865
0.524484,0.524484
0.4969662,0.4969662
0.5117467,0.5117467
0.55809194,0.55809194
0.52530086,0.52530086
0.5327104,0.5327104
0.48711586,0.48711586
0.4573677,0.4573677
0.5434239,0.5434239
0.504501,0.504501
0.50588995,0.50588995
0.508024,0.508024
0.5267184,0.5267184
0.51521605,0.51521605
0.55507016,0.55507016
0.47932407,0.47932407
0.49537143,0.49537143
0.48730958,0.48730958
0.548678,0.548678
0.535804,0.535804
0.50202656,0.50202656
0.50886124,0.50886124
0.5014457,0.5014457
0.50629044,0.50629044
0.5200368,0.5200368
0.56836116,0.56836116
0.49017727,0.49017727
0.4866796,0.4866796
0.48760962,0.48760962
0.52028996,0.52028996
0.5017169,0.5017169
0.57036144,0.57036144
0.49088433,0.49088433
0.539708,0.539708
0.5331857,0.5331857
0.5214091,0.5214091
0.51181066,0.51181066
0.5036146,0.5036146
0.49969795,0.49969795
0.5376041,0.5376041
0.49086848,0.49086848
0.46643746,0.46643746
0.4803028,0.4803028
0.47687855,0.47687855
0.44380748,0.44380748
0.49636716,0.49636716
0.47112277,0.47112277
0.55524266,0.55524266
0.4869012,0.4869012
0.45467648,0.45467648
0.47081068,0.47081068
0.53816813,0.53816813
0.515534,0.515534
0.4904766,0.4904766
0.51737326,0.51737326
0.5466476,0.5466476
0.46868277,0.46868277
0.48326606,0.48326606
0.47186968,0.47186968
0.4561299,0.4561299
0.49262103,0.49262103
0.46318066,0.46318066
0.4605892,0.4605892
0.507295,0.507295
0.4862959,0.4862959
0.52162826,0.52162826
0.49021238,0.49021238
0.51891875,0.51891875
0.49552292,0.49552292
0.50465894,0.50465894
0.48592147,0.48592147
0.4424966,0.4424966
0.47389725,0.47389725
0.50461304,0.50461304
0.44852743,0.44852743
0.4714526,0.4714526
0.5492775,0.5492775
0.54095304,0.54095304
0.5410403,0.5410403
0.52442646,0.52442646
0.52904326,0.52904326
0.49177885,0.49177885
0.5170442,0.5170442
0.52230954,0.52230954
0.5452709,0.5452709
0.52487826,0.52487826
0.53750855,0.53750855
0.5637839,0.5637839
0.5424514,0.5424514
0.54293287,0.54293287
0.49762496,0.49762496
0.5127361,0.5127361
0.4753838,0.4753838
0.5237566,0.5237566
0.5317773,0.5317773
0.52504706,0.52504706
0.5252302,0.5252302
0.5139356,0.5139356
0.5268372,0.5268372
0.44144624,0.44144624
0.5139176,0.5139176
0.48422346,0.48422346
0.47893256,0.47893256
0.5430162,0.5430162
0.47887197,0.47887197
0.5398768,0.5398768
0.44993088,0.44993088
0.49511352,0.49511352
0.5020286,0.5020286
0.44626456,0.44626456
0.42477357,0.42477357
0.4229981,0.4229981
0.468347,0.468347
0.46984652,0.46984652
0.5368113,0.5368113
0.49279988,0.49279988
0.49456117,0.49456117
0.51680124,0.51680124
0.50837004,0.50837004
0.5027083,0.5027083
0.58145064,0.58145064
0.5289614,0.5289614
0.5668563,0.5668563
0.511681,0.511681
0.4851305,0.4851305
0.51172614,0.51172614
0.5442291,0.5442291
0.59084827,0.59084827
0.54851365,0.54851365
0.46041882,0.46041882
0.51405287,0.51405287
0.45514575,0.45514575
0.45229188,0.45229188
0.48066732,0.48066732
0.49418375,0.49418375
0.5062561,0.5062561
0.51667565,0.51667565
0.4025893,0.4025893
0.51006263,0.51006263
0.49011815,0.49011815
0.45823875,0.45823875
0.4454449,0.4454449
0.4293842,0.4293842
0.42715105,0.42715105
0.44953337,0.44953337
0.605927,0.605927
0.5105293,0.5105293
0.4991775,0.4991775
0.46696094,0.46696094
0.4890533,0.4890533
0.47334984,0.47334984
0.5362801,0.5362801
0.52075315,0.52075315
0.49800262,0.49800262
0.51438767,0.51438767
0.4557458,0.4557458
0.46660456,0.46660456
0.48078537,0.48078537
0.48510417,0.48510417
0.5547715,0.5547715
0.51440537,0.51440537
0.52933913,0.52933913
0.48986018,0.48986018
0.4038477,0.4038477
0.53654146,0.53654146
0.5407396,0.5407396
0.5116505,0.5116505
0.5069512,0.5069512
0.5271093,0.5271093
0.53865767,0.53865767
0.5330041,0.5330041
0.5330797,0.5330797
0.54975045,0.54975045
0.50353026,0.50353026
0.4768377,0.4768377
0.45645604,0.45645604
0.434956,0.434956
0.48536256,0.48536256
0.42311475,0.42311475
0.45933855,0.45933855
0.45544934,0.45544934
0.48417142,0.48417142
0.47481894,0.47481894
0.4682981,0.4682981
0.47044805,0.47044805
0.4593118,0.4593118
0.45713773,0.45713773
0.4505228,0.4505228
0.5528627,0.5528627
0.49115452,0.49115452
0.49559143,0.49559143
0.43885618,0.43885618
0.49566397,0.49566397
0.47084782,0.47084782
0.45339113,0.45339113
0.47407055,0.47407055
0.48231605,0.48231605
0.523863,0.523863
0.55555284,0.55555284
0.47659466,0.47659466
0.5138266,0.5138266
0.4749908,0.4749908
0.5025,0.5025
0.5058406,0.5058406
0.48966143,0.48966143
0.48284233,0.48284233
0.47389877,0.47389877
0.48069894,0.48069894
0.4756721,0.4756721
0.5066265,0.5066265
0.5195187,0.5195187
0.49720487,0.49720487
0.49000216,0.49000216
0.43934673,0.43934673
0.5021327,0.5021327
0.5127082,0.5127082
0.5297329,0.5297329
0.48813492,0.48813492
0.52425873,0.52425873
0.5256458,0.5256458
0.49802414,0.49802414
0.48931012,0.48931012
0.51962703,0.51962703
0.44734076,0.44734076
0.5036034,0.5036034
0.47773638,0.47773638
0.5140334,0.5140334
0.47114286,0.47114286
0.45026988,0.45026988
0.48653847,0.48653847
0.53644603,0.53644603
0.5173359,0.5173359
0.49405053,0.49405053
0.49358737,0.49358737
0.427734,0.427734
0.49631795,0.49631795
0.52412456,0.52412456
0.42292622,0.42292622
0.59904003,0.59904003
0.5496459,0.5496459
0.46551055,0.46551055
0.50726676,0.50726676
0.44134396,0.44134396
0.43201983,0.43201983
0.49691457,0.49691457
0.50073457,0.50073457
0.45910668,0.45910668
0.51083827,0.51083827
0.5025841,0.5025841
0.499285,0.499285
0.5429455,0.5429455
0.5271869,0.5271869
0.51864284,0.51864284
0.48409122,0.48409122
0.4903829,0.4903829
0.5097083,0.5097083
0.51561797,0.51561797
0.50548726,0.50548726
0.5029038,0.5029038
0.48420137,0.48420137
0.4805878,0.4805878
0.46009728,0.46009728
0.455624,0.455624
0.4777927,0.4777927
0.44061992,0.44061992
0.47562158,0.47562158
0.4747933,0.4747933
0.4349373,0.4349373
0.46465948,0.46465948
0.49755335,0.49755335
0.5115524,0.5115524
0.4755642,0.4755642
0.46445745,0.46445745
0.4303891,0.4303891
0.44390777,0.44390777
0.45031723,0.45031723
0.5021683,0.5021683
0.41288522,0.41288522
0.4771369,0.4771369
0.48047855,0.48047855
0.47368407,0.47368407
0.47915867,0.47915867
0.51285994,0.51285994
0.46596894,0.46596894
0.45557168,0.45557168
0.4978181,0.4978181
0.48888716,0.48888716
0.4251057,0.4251057
0.4582443,0.4582443
0.49388623,0.49388623
0.48339716,0.48339716
0.52795416,0.52795416
0.50704473,0.50704473
0.52458644,0.52458644
0.49826202,0.49826202
0.49560958,0.49560958
0.5504799,0.5504799
0.5262807,0.5262807
0.52786404,0.52786404
0.5512216,0.5512216
0.5374832,0.5374832
0.5335227,0.5335227
0.5087916,0.5087916
0.4691172,0.4691172
0.49710506,0.49710506
0.51027066,0.51027066
0.54229844,0.54229844
0.537121,0.537121
0.5050736,0.5050736
0.50525033,0.50525033
0.48092428,0.48092428
0.5193147,0.5193147
0.4862441,0.4862441
0.48281866,0.48281866
0.5307305,0.5307305
0.5020931,0.5020931
0.54429746,0.54429746
0.5135505,0.5135505
0.53170925,0.53170925
0.5255351,0.5255351
0.4750337,0.4750337
0.5328758,0.5328758
0.5433347,0.5433347
0.5560079,0.5560079
0.47066876,0.47066876
0.5187047,0.5187047
0.50119036,0.50119036
0.54177904,0.54177904
0.4738879,0.4738879
0.4850468,0.4850468
0.4936072,0.4936072
0.42848334,0.42848334
0.44567314,0.44567314
0.5253326,0.5253326
0.4704342,0.4704342
0.5020928,0.5020928
0.46757656,0.46757656
0.49676958,0.49676958
0.49955565,0.49955565
0.49990705,0.49990705
0.48611808,0.48611808
0.51888615,0.51888615
0.52000517,0.52000517
0.50194204,0.50194204
0.51958555,0.51958555
0.48001307,0.48001307
0.52098787,0.52098787
0.5346382,0.5346382
0.46296382,0.46296382
0.48682642,0.48682642
0.5027465,0.5027465
0.5080276,0.5080276
0.49962264,0.49962264
0.54384255,0.54384255
0.45141414,0.45141414
0.47936895,0.47936895
0.47427455,0.47427455
0.39026436,0.39026436
0.4998032,0.4998032
0.45706394,0.45706394
0.50419265,0.50419265
0.5002375,0.5002375
0.47278568,0.47278568
0.49395207,0.49395207
0.44670945,0.44670945
0.43294933,0.43294933
0.41706166,0.41706166
0.429528,0.429528
0.45860285,0.45860285
0.4942121,0.4942121
0.46197474,0.46197474
0.51797265,0.51797265
0.4791053,0.4791053
0.4855235,0.4855235
0.49424332,0.49424332
0.5151606,0.5151606
0.46687472,0.46687472
0.54906523,0.54906523
0.5280402,0.5280402
0.4449884,0.4449884
0.49386686,0.49386686
0.49636915,0.49636915
0.48768017,0.48768017
0.5020041,0.5020041
0.47488406,0.47488406
0.4317326,0.4317326
0.45672122,0.45672122
0.48749095,0.48749095
0.50480384,0.50480384
0.49889588,0.49889588
0.53018856,0.53018856
0.44280723,0.44280723
0.5470544,0.5470544
0.4881714,0.4881714
0.50595427,0.50595427
0.48316628,0.48316628
0.52071047,0.52071047
0.50350654,0.50350654
0.44052443,0.44052443
0.5071315,0.5071315
0.49218646,0.49218646
0.46076104,0.46076104
0.5136579,0.5136579
0.45939222,0.45939222
0.53442454,0.53442454
0.5582227,0.5582227
0.4587782,0.4587782
0.44416684,0.44416684
0.47155085,0.47155085
0.5017645,0.5017645
0.49341705,0.49341705
0.49966633,0.49966633
0.51016533,0.51016533
0.49097934,0.49097934
0.5331866,0.5331866
0.43817297,0.43817297
0.5339748,0.5339748
0.5199426,0.5199426
0.5329507,0.5329507
0.4723297,0.4723297
0.5121615,0.5121615
0.52774453,0.52774453
0.47616544,0.47616544
0.49718386,0.49718386
0.48406625,0.48406625
0.46684465,0.46684465
0.45278418,0.45278418
0.4325379,0.4325379
0.45292556,0.45292556
0.44973925,0.44973925
0.45784906,0.45784906
0.46166855,0.46166855
0.4445847,0.4445847
0.47167343,0.47167343
0.42417315,0.42417315
0.46348128,0.46348128
0.51647586,0.51647586
0.49402204,0.49402204
0.48061094,0.48061094
0.43261945,0.43261945
0.47842807,0.47842807
0.5015484,0.5015484
0.49539348,0.49539348
0.4492843,0.4492843
0.5341683,0.5341683
0.46988115,0.46988115
0.48970127,0.48970127
0.4442717,0.4442717
0.42588612,0.42588612
0.48591384,0.48591384
0.4374702,0.4374702
0.44811597,0.44811597
0.45600006,0.45600006
0.44669998,0.44669998
0.45419398,0.45419398
0.47842148,0.47842148
0.5427872,0.5427872
0.43486938,0.43486938
0.44135132,0.44135132
0.42925325,0.42925325
0.49759242,0.49759242
0.47876993,0.47876993
0.5134859,0.5134859
0.52797025,0.52797025
0.53905946,0.53905946
0.5508889,0.5508889
0.5614533,0.5614533
0.45681348,0.45681348
0.5295046,0.5295046
0.55019206,0.55019206
0.48032123,0.48032123
0.4835276,0.4835276
0.506535,0.506535
0.5355134,0.5355134
0.5382232,0.5382232
0.47006226,0.47006226
0.500179,0.500179
0.47443008,0.47443008
0.5205579,0.5205579
0.47217634,0.47217634
0.4915209,0.4915209
0.5693372,0.5693372
0.43641254,0.43641254
0.42811456,0.42811456
0.5133194,0.5133194
0.48987034,0.48987034
0.49886835,0.49886835
0.4706264,0.4706264
0.48500988,0.48500988
0.43475935,0.43475935
0.480949,0.480949
0.48058495,0.48058495
0.47312802,0.47312802
0.41112572,0.41112572
0.474088,0.474088
0.51499313,0.51499313
0.463663,0.463663
0.49898353,0.49898353
0.48337352,0.48337352
0.46576986,0.46576986
0.48103464,0.48103464
0.5005401,0.5005401
0.48253226,0.48253226
0.5415452,0.5415452
0.498626,0.498626
0.53503007,0.53503007
0.52375346,0.52375346
0.5537587,0.5537587
0.47999784,0.47999784
0.49884534,0.49884534
0.50482464,0.50482464
0.49319014,0.49319014
0.47547084,0.47547084
0.48259285,0.48259285
0.48266494,0.48266494
0.51652354,0.51652354
0.5132956,0.5132956
0.5246874,0.5246874
0.5088797,0.5088797
0.49657294,0.49657294
0.42894214,0.42894214
0.5343596,0.5343596
0.51720315,0.51720315
0.51219964,0.51219964
0.47741318,0.47741318
0.5248573,0.5248573
0.45322403,0.45322403
0.53995955,0.53995955
0.5252233,0.5252233
0.44891456,0.44891456
0.4930862,0.4930862
0.5611318,0.5611318
0.50472784,0.50472784
0.51407605,0.51407605
0.47663596,0.47663596
0.44626302,0.44626302
0.5237435,0.5237435
0.47185326,0.47185326
0.46287903,0.46287903
0.49763525,0.49763525
0.5020064,0.5020064
0.47924182,0.47924182
0.4583836,0.4583836
0.52883905,0.52883905
0.4940256,0.4940256
0.5110509,0.5110509
0.46932256,0.46932256
0.507718,0.507718
0.50199693,0.50199693
0.58158904,0.58158904
0.5527574,0.5527574
0.44042093,0.44042093
0.4383462,0.4383462
0.4500557,0.4500557
0.5025348,0.5025348
0.49100825,0.49100825
0.5089948,0.5089948
0.49579015,0.49579015
0.4719076,0.4719076
0.5445155,0.5445155
0.48826647,0.48826647
0.4871401,0.4871401
0.46557453,0.46557453
0.5061154,0.5061154
0.52591133,0.52591133
0.520983,0.520983
0.49039486,0.49039486
0.5248899,0.5248899
0.5165999,0.5165999
0.49402726,0.49402726
0.48510873,0.48510873
0.46974006,0.46974006
0.459032,0.459032
0.3968229,0.3968229
0.497669,0.497669
0.49316472,0.49316472
0.43349513,0.43349513
0.49251235,0.49251235
0.52484375,0.52484375
0.51598823,0.51598823
0.43354475,0.43354475
0.5389239,0.5389239
0.54466975,0.54466975
0.5118422,0.5118422
0.50044173,0.50044173
0.5067019,0.5067019
0.45862204,0.45862204
0.4681326,0.4681326
0.4847799,0.4847799
0.46711186,0.46711186
0.47237253,0.47237253
0.47975898,0.47975898
0.43124977,0.43124977
0.4797635,0.4797635
0.5163728,0.5163728
0.4784556,0.4784556
0.5028141,0.5028141
0.5176445,0.5176445
0.43938646,0.43938646
0.46646875,0.46646875
0.47254726,0.47254726
0.4781982,0.4781982
0.48649913,0.48649913
0.48998713,0.48998713
0.48322758,0.48322758
0.44642907,0.44642907
0.52233124,0.52233124
0.5230409,0.5230409
0.5123414,0.5123414
0.4666686,0.4666686
0.41654783,0.41654783
0.48140725,0.48140725
0.46765682,0.46765682
0.56604046,0.56604046
0.51493704,0.51493704
0.4350471,0.4350471
0.4753774,0.4753774
0.4876631,0.4876631
0.44333363,0.44333363
0.42373377,0.42373377
0.49752647,0.49752647
0.40676847,0.40676847
0.4728161,0.4728161
0.4573544,0.4573544
0.4702569,0.4702569
0.5034399,0.5034399
0.49083525,0.49083525
0.5020052,0.5020052
0.51501477,0.51501477
0.50072294,0.50072294
0.47881657,0.47881657
0.48929885,0.48929885
0.48845246,0.48845246
0.4727312,0.4727312
0.48766956,0.48766956
0.4586836,0.4586836
0.50500655,0.50500655
0.5176209,0.5176209
0.48702842,0.48702842
0.46077132,0.46077132
0.50342333,0.50342333
0.50719726,0.50719726
0.5280694,0.5280694
0.48786724,0.48786724
0.52539605,0.52539605
0.48809558,0.48809558
0.49594957,0.49594957
0.5379039,0.5379039
0.5215747,0.5215747
0.54784274,0.54784274
0.52278656,0.52278656
0.50075024,0.50075024
0.51671875,0.51671875
0.47441941,0.47441941
0.44999537,0.44999537
0.47974262,0.47974262
0.5026836,0.5026836
0.47571346,0.47571346
0.502413,0.502413
0.45633927,0.45633927
0.4948082,0.4948082
0.47967014,0.47967014
0.4049876,0.4049876
0.43370265,0.43370265
0.390929,0.390929
0.44303927,0.44303927
0.4662371,0.4662371
0.513584,0.513584
0.51392627,0.51392627
0.47047096,0.47047096
0.5171589,0.5171589
0.43010005,0.43010005
0.4910687,0.4910687
0.4781206,0.4781206
0.41120267,0.41120267
0.5599491,0.5599491
0.51124793,0.51124793
0.45532295,0.45532295
0.41607603,0.41607603
0.49446356,0.49446356
0.47350478,0.47350478
0.44404164,0.44404164
0.4619994,0.4619994
0.44852117,0.44852117
0.4482998,0.4482998
0.4977814,0.4977814
0.5273721,0.5273721
0.52134335,0.52134335
0.4956885,0.4956885
0.51722085,0.51722085
0.48297596,0.48297596
0.4756881,0.4756881
0.46404088,0.46404088
0.4190625,0.4190625
0.42982164,0.42982164
0.46340492,0.46340492
0.49875513,0.49875513
0.4787499,0.4787499
0.45613378,0.45613378
0.46891287,0.46891287
0.4627164,0.4627164
0.42057893,0.42057893
0.46925846,0.46925846
0.48397028,0.48397028
0.44694218,0.44694218
0.47928566,0.47928566
0.5010379,0.5010379
0.49836338,0.49836338
0.5798393,0.5798393
0.51351076,0.51351076
0.5319191,0.5319191
0.53969204,0.53969204
0.55371535,0.55371535
0.52790785,0.52790785
0.47863922,0.47863922
0.5171118,0.5171118
0.5090345,0.5090345
0.48934263,0.48934263
0.483655,0.483655
0.50452983,0.50452983
0.48265165,0.48265165
0.48940516,0.48940516
0.5477142,0.5477142
0.526184,0.526184
0.5365526,0.5365526
0.44422725,0.44422725
0.43048835,0.43048835
0.50162643,0.50162643
0.5221598,0.5221598
0.432653,0.432653
0.47018614,0.47018614
0.4422783,0.4422783
0.5180019,0.5180019
0.49424323,0.49424323
0.5176128,0.5176128
0.49088916,0.49088916
0.53260964,0.53260964
0.5252093,0.5252093
0.51690173,0.51690173
0.48141176,0.48141176
0.50744593,0.50744593
0.52202255,0.52202255
0.51779056,0.51779056
0.5088192,0.5088192
0.54733557,0.54733557
0.56665057,0.56665057
0.465887,0.465887
0.47643766,0.47643766
0.40560606,0.40560606
0.41494247,0.41494247
0.49096557,0.49096557
0.47223783,0.47223783
0.51324767,0.51324767
0.5047445,0.5047445
0.48721442,0.48721442
0.5220603,0.5220603
0.5179481,0.5179481
0.5201884,0.5201884
0.43168136,0.43168136
0.4586553,0.4586553
0.5256587,0.5256587
0.5201954,0.5201954
0.45189497,0.45189497
0.49944207,0.49944207
0.5140415,0.5140415
0.47328874,0.47328874
0.63500696,0.63500696
0.5424388,0.5424388
0.4906391,0.4906391
0.45815006,0.45815006
0.42684123,0.42684123
0.42047188,0.42047188
0.4952806,0.4952806
0.48325616,0.48325616
0.53787494,0.53787494
0.48408228,0.48408228
0.48524314,0.48524314
0.51037925,0.51037925
0.4390707,0.4390707
0.44590715,0.44590715
0.4367212,0.4367212
0.4661141,0.4661141
0.5082412,0.5082412
0.49372935,0.49372935
0.49186817,0.49186817
0.48435542,0.48435542
0.47380817,0.47380817
0.503532,0.503532
0.4714915,0.4714915
0.43545204,0.43545204
0.46559808,0.46559808
0.4836352,0.4836352
0.4928235,0.4928235
0.48899877,0.48899877
0.52579594,0.52579594
0.44023255,0.44023255
0.43620145,0.43620145
0.53193724,0.53193724
0.45441565,0.45441565
0.48025647,0.48025647
0.46254107,0.46254107
0.43175286,0.43175286
0.5102385,0.5102385
0.4192968,0.4192968
0.5210193,0.5210193
0.5187183,0.5187183
0.42630368,0.42630368
0.52464294,0.52464294
0.5238738,0.5238738
0.46082884,0.46082884
0.46058857,0.46058857
0.4194373,0.4194373
0.49409264,0.49409264
0.463668,0.463668
0.49977002,0.49977002
0.4910334,0.4910334
0.49143738,0.49143738
0.54787487,0.54787487
0.550681,0.550681
0.54862475,0.54862475
0.5592908,0.5592908
0.53175974,0.53175974
0.46290135,0.46290135
0.46595278,0.46595278
0.48264167,0.48264167
0.5049293,0.5049293
0.4840842,0.4840842
0.49388453,0.49388453
0.4548512,0.4548512
0.52932554,0.52932554
0.5229309,0.5229309
0.50853115,0.50853115
0.5262856,0.5262856
0.54535013,0.54535013
0.47988662,0.47988662
0.48813504,0.48813504
0.4763845,0.4763845
0.48326373,0.48326373
0.49627364,0.49627364
0.46384415,0.46384415
0.44364655,0.44364655
0.47900358,0.47900358
0.47879305,0.47879305
0.39373153,0.39373153
0.5245932,0.5245932
0.48767534,0.48767534
0.47445443,0.47445443
0.60272413,0.60272413
0.56412405,0.56412405
0.42834425,0.42834425
0.5363772,0.5363772
0.46558234,0.46558234
0.4557553,0.4557553
0.4712771,0.4712771
0.47622707,0.47622707
0.45417345,0.45417345
0.48078915,0.48078915
0.5189574,0.5189574
0.4582662,0.4582662
0.4255763,0.4255763
0.494265,0.494265
0.47119948,0.47119948
0.45131835,0.45131835
0.48714876,0.48714876
0.5026837,0.5026837
0.49052772,0.49052772
0.4873892,0.4873892
0.50314116,0.50314116
0.50772655,0.50772655
0.4923468,0.4923468
0.47546372,0.47546372
0.50302744,0.50302744
0.46027184,0.46027184
0.4535969,0.4535969
0.47467956,0.47467956
0.44541228,0.44541228
0.49019358,0.49019358
0.5196102,0.5196102
0.5104857,0.5104857
0.4806478,0.4806478
0.44410768,0.44410768
0.417722,0.417722
0.4708529,0.4708529
0.50259465,0.50259465
0.4872999,0.4872999
0.49657792,0.49657792
0.5455992,0.5455992
0.49103886,0.49103886
0.49834907,0.49834907
0.49768513,0.49768513
0.48193306,0.48193306
0.48393768,0.48393768
0.474098,0.474098
0.49708194,0.49708194
0.5012812,0.5012812
0.50666034,0.50666034
0.46039525,0.46039525
0.46484542,0.46484542
0.52131426,0.52131426
0.54280674,0.54280674
0.5704738,0.5704738
0.48807034,0.48807034
0.53265893,0.53265893
0.54176253,0.54176253
0.5531402,0.5531402
0.49231523,0.49231523
0.5072398,0.5072398
0.49790058,0.49790058
0.54655105,0.54655105
0.5145128,0.5145128
0.43074995,0.43074995
0.50970554,0.50970554
0.4748696,0.4748696
0.47863266,0.47863266
0.4690245,0.4690245
0.5207705,0.5207705
0.4569144,0.4569144
0.52366173,0.52366173
0.4543222,0.4543222
0.5039757,0.5039757
0.5259565,0.5259565
0.53150725,0.53150725
0.46988472,0.46988472
0.5084664,0.5084664
0.46720892,0.46720892
0.49956352,0.49956352
0.4689162,0.4689162
0.5124632,0.5124632
0.43631282,0.43631282
0.46725222,0.46725222
0.49376523,0.49376523
0.48422053,0.48422053
0.4581929,0.4581929
0.4842961,0.4842961
0.5325424,0.5325424
0.5579619,0.5579619
0.47273928,0.47273928
0.42117894,0.42117894
0.45520017,0.45520017
0.48189348,0.48189348
0.4904733,0.4904733
0.5345435,0.5345435
0.4430993,0.4430993
0.51171833,0.51171833
0.5080348,0.5080348
0.51632553,0.51632553
0.51371425,0.51371425
0.5132561,0.5132561
0.5046234,0.5046234
0.5115923,0.5115923
0.5161059,0.5161059
0.4919884,0.4919884
0.4990858,0.4990858
0.4870099,0.4870099
0.47717136,0.47717136
0.5531032,0.5531032
0.51778466,0.51778466
0.5223553,0.5223553
0.44133255,0.44133255
0.46888417,0.46888417
0.494517,0.494517
0.5074108,0.5074108
0.48100114,0.48100114
0.4853519,0.4853519
0.48130387,0.48130387
0.43072686,0.43072686
0.48096952,0.48096952
0.5079631,0.5079631
0.51274264,0.51274264
0.49980584,0.49980584
0.53312457,0.53312457
0.5152996,0.5152996
0.4767282,0.4767282
0.4912689,0.4912689
0.49303144,0.49303144
0.56343067,0.56343067
0.5512649,0.5512649
0.5333199,0.5333199
0.5680658,0.5680658
0.5226091,0.5226091
0.503628,0.503628
0.53431994,0.53431994
0.49777082,0.49777082
0.45196366,0.45196366
0.47341058,0.47341058
0.5232637,0.5232637
0.44443798,0.44443798
0.46613744,0.46613744
0.5093914,0.5093914
0.5302253,0.5302253
0.48192203,0.48192203
0.5380538,0.5380538
0.49614832,0.49614832
0.52286005,0.52286005
0.5050737,0.5050737
0.53198564,0.53198564
0.5225482,0.5225482
0.48496133,0.48496133
0.49605092,0.49605092
0.50855756,0.50855756
0.5038611,0.5038611
0.53722864,0.53722864
0.49648532,0.49648532
0.5095432,0.5095432
0.5189033,0.5189033
0.4589147,0.4589147
0.50566864,0.50566864
0.51410675,0.51410675
0.49706453,0.49706453
0.5185499,0.5185499
0.5395798,0.5395798
0.51557636,0.51557636
0.5374902,0.5374902
0.4969617,0.4969617
0.52680254,0.52680254
0.48231632,0.48231632
0.4704041,0.4704041
0.51210624,0.51210624
0.4730271,0.4730271
0.5018811,0.5018811
0.50498015,0.50498015
0.5105836,0.5105836
0.5321869,0.5321869
0.5257726,0.5257726
0.56087214,0.56087214
0.51245785,0.51245785
0.51536244,0.51536244
0.50389105,0.50389105
0.40338823,0.40338823
0.46751106,0.46751106
0.5042715,0.5042715
0.46796325,0.46796325
0.45836037,0.45836037
0.53101856,0.53101856
0.53430915,0.53430915
0.53830945,0.53830945
0.5487131,0.5487131
0.52383196,0.52383196
0.50431854,0.50431854
0.51619273,0.51619273
0.52100486,0.52100486
0.4026069,0.4026069
0.50034654,0.50034654
0.46433708,0.46433708
0.47354966,0.47354966
0.50227016,0.50227016
0.5341694,0.5341694
0.45521936,0.45521936
0.44461024,0.44461024
0.47218046,0.47218046
0.46362507,0.46362507
0.5263315,0.5263315
0.50175285,0.50175285
0.48161605,0.48161605
0.49098518,0.49098518
0.5128503,0.5128503
0.49265647,0.49265647
0.54529744,0.54529744
0.5469585,0.5469585
0.48073184,0.48073184
0.46592262,0.46592262
0.52574885,0.52574885
0.4794076,0.4794076
0.50326204,0.50326204
0.48482957,0.48482957
0.48385525,0.48385525
0.5069738,0.5069738
0.51767397,0.51767397
0.4989949,0.4989949
0.5055381,0.5055381
0.58373976,0.58373976
0.51453054,0.51453054
0.48536053,0.48536053
0.49612644,0.49612644
0.45109153,0.45109153
0.5144085,0.5144085
0.56661123,0.56661123
0.48741144,0.48741144
0.511452,0.511452
0.52903104,0.52903104
0.54541975,0.54541975
0.5801451,0.5801451
0.5650426,0.5650426
0.52626324,0.52626324
0.54199904,0.54199904
0.5336009,0.5336009
0.5021957,0.5021957
0.5052579,0.5052579
0.53596205,0.53596205
0.5030285,0.5030285
0.5229005,0.5229005
0.51364696,0.51364696
0.47912958,0.47912958
0.50126565,0.50126565
0.53124344,0.53124344
0.49857998,0.49857998
0.5525794,0.5525794
0.53219646,0.53219646
0.51342696,0.51342696
0.5260902,0.5260902
0.5085604,0.5085604
0.49685815,0.49685815
0.4876991,0.4876991
0.523904,0.523904
0.52097005,0.52097005
0.5457059,0.5457059
0.5275781,0.5275781
0.49860168,0.49860168
0.52833545,0.52833545
0.49956003,0.49956003
0.5074334,0.5074334
0.45407054,0.45407054
0.4731878,0.4731878
0.49271008,0.49271008
0.5070587,0.5070587
0.49270555,0.49270555
0.5650628,0.5650628
0.47120887,0.47120887
0.5516943,0.5516943
0.5103168,0.5103168
0.49108604,0.49108604
0.52461416,0.52461416
0.5573033,0.5573033
0.5100998,0.5100998
0.5255204,0.5255204
0.49516338,0.49516338
0.50084716,0.50084716
0.54323715,0.54323715
0.49634853,0.49634853
0.5347958,0.5347958
0.5476729,0.5476729
0.452267,0.452267
0.49520385,0.49520385
0.4706141,0.4706141
0.52410144,0.52410144
0.5538174,0.5538174
0.5267056,0.5267056
0.48218653,0.48218653
0.50149864,0.50149864
0.5389394,0.5389394
0.46679828,0.46679828
0.44330963,0.44330963
0.5075033,0.5075033
0.507969,0.507969
0.5181281,0.5181281
0.48832655,0.48832655
0.5468804,0.5468804
0.5251179,0.5251179
0.5447426,0.5447426
0.5460934,0.5460934
0.53615725,0.53615725
0.4770777,0.4770777
0.48969612,0.48969612
0.5081285,0.5081285
0.5376909,0.5376909
0.52693284,0.52693284
0.5172121,0.5172121
0.5395108,0.5395108
0.5329698,0.5329698
0.5224091,0.5224091
0.5622863,0.5622863
0.5410115,0.5410115
0.5229963,0.5229963
0.5167969,0.5167969
0.50011945,0.50011945
0.45261818,0.45261818
0.47356507,0.47356507
0.4229793,0.4229793
0.48458365,0.48458365
0.4515268,0.4515268
0.41954508,0.41954508
0.46885827,0.46885827
0.5114981,0.5114981
0.49556297,0.49556297
0.56034017,0.56034017
0.55971354,0.55971354
0.6197775,0.6197775
0.5124577,0.5124577
0.49418694,0.49418694
0.48218378,0.48218378
0.5410096,0.5410096
0.493583,0.493583
0.5298895,0.5298895
0.50421315,0.50421315
0.50032866,0.50032866
0.51847297,0.51847297
0.53853476,0.53853476
0.48633748,0.48633748
0.5462947,0.5462947
0.4998232,0.4998232
0.4987732,0.4987732
0.5305195,0.5305195
0.5159912,0.5159912
0.4640596,0.4640596
0.48585823,0.48585823
0.52072376,0.52072376
0.46776354,0.46776354
0.46830434,0.46830434
0.4586413,0.4586413
0.4778719,0.4778719
0.5253737,0.5253737
0.49316052,0.49316052
0.45636544,0.45636544
0.47021174,0.47021174
0.5274821,0.5274821
0.5137689,0.5137689
0.5365099,0.5365099
0.50786525,0.50786525
0.52015054,0.52015054
0.54375964,0.54375964
0.48834515,0.48834515
0.46641716,0.46641716
0.53228945,0.53228945
0.5523047,0.5523047
0.6031429,0.6031429
0.5297189,0.5297189
0.5016757,0.5016757
0.52018094,0.52018094
0.57402295,0.57402295
0.5347022,0.5347022
0.49225157,0.49225157
0.49327877,0.49327877
0.5591939,0.5591939
0.51558477,0.51558477
0.49345842,0.49345842
0.47400263,0.47400263
0.44677812,0.44677812
0.4709383,0.4709383
0.45466027,0.45466027
0.5004507,0.5004507
0.4819499,0.4819499
0.5065749,0.5065749
0.4299461,0.4299461
0.49214852,0.49214852
0.5250846,0.5250846
0.48002407,0.48002407
0.458222,0.458222
0.3793411,0.3793411
0.55229527,0.55229527
0.52754486,0.52754486
0.5441114,0.5441114
0.5136261,0.5136261
0.49603882,0.49603882
0.42426097,0.42426097
0.48774284,0.48774284
0.49740493,0.49740493
0.48961473,0.48961473
0.4868213,0.4868213
0.5175571,0.5175571
0.5169873,0.5169873
0.53484213,0.53484213
0.5828108,0.5828108
0.4863841,0.4863841
0.5209679,0.5209679
0.51966745,0.51966745
0.5298151,0.5298151
0.49639004,0.49639004
0.50531906,0.50531906
0.5296048,0.5296048
0.51510555,0.51510555
0.53234315,0.53234315
0.45418036,0.45418036
0.4913338,0.4913338
0.52081174,0.52081174
0.53748244,0.53748244
0.52121544,0.52121544
0.49942878,0.49942878
0.48511896,0.48511896
0.4696147,0.4696147
0.4876909,0.4876909
0.46545056,0.46545056
0.44384408,0.44384408
0.56787103,0.56787103
0.50898945,0.50898945
0.47080517,0.47080517
0.50020856,0.50020856
0.48047042,0.48047042
0.5484578,0.5484578
0.5332358,0.5332358
0.48933932,0.48933932
0.5061832,0.5061832
0.51378095,0.51378095
0.50566113,0.50566113
0.52307516,0.52307516
0.5526925,0.5526925
0.5020132,0.5020132
0.5445106,0.5445106
0.51807857,0.51807857
0.52687,0.52687
0.49032843,0.49032843
0.41134894,0.41134894
0.48408407,0.48408407
0.46411785,0.46411785
0.4376738,0.4376738
0.45451272,0.45451272
0.44453293,0.44453293
0.5030051,0.5030051
0.40860474,0.40860474
0.4481778,0.4481778
0.5103573,0.5103573
0.50055367,0.50055367
0.4756634,0.4756634
0.4685289,0.4685289
0.47012642,0.47012642
0.52451956,0.52451956
0.47730598,0.47730598
0.5016244,0.5016244
0.52768683,0.52768683
0.50343645,0.50343645
0.5198684,0.5198684
0.46177235,0.46177235
0.55654,0.55654
0.49390492,0.49390492
0.52963465,0.52963465
0.51495314,0.51495314
0.54144967,0.54144967
0.48906925,0.48906925
0.57192445,0.57192445
0.5343752,0.5343752
0.5271364,0.5271364
0.49477452,0.49477452
0.5401913,0.5401913
0.5420469,0.5420469
0.5184188,0.5184188
0.5339717,0.5339717
0.49916348,0.49916348
0.5300608,0.5300608
0.505281,0.505281
0.5055303,0.5055303
0.5220222,0.5220222
0.49776274,0.49776274
0.47218463,0.47218463
0.50850654,0.50850654
0.501214,0.501214
0.4894468,0.4894468
0.47302493,0.47302493
0.56930214,0.56930214
0.4546645,0.4546645
0.51662713,0.51662713
0.53363484,0.53363484
0.5254653,0.5254653
0.48737922,0.48737922
0.49122235,0.49122235
0.48892453,0.48892453
0.47101587,0.47101587
0.46949524,0.46949524
0.4565775,0.4565775
0.5367749,0.5367749
0.47628585,0.47628585
0.48457462,0.48457462
0.48220772,0.48220772
0.48287213,0.48287213
0.4908585,0.4908585
0.4921329,0.4921329
0.47366825,0.47366825
0.5069638,0.5069638
0.5166733,0.5166733
0.47499537,0.47499537
0.48793527,0.48793527
0.5174935,0.5174935
0.50552803,0.50552803
0.54365855,0.54365855
0.52442443,0.52442443
0.5361571,0.5361571
0.5308831,0.5308831
0.5196507,0.5196507
0.5085656,0.5085656
0.53406566,0.53406566
0.4739729,0.4739729
0.49792615,0.49792615
0.4685776,0.4685776
0.5337602,0.5337602
0.535148,0.535148
0.49018407,0.49018407
0.44117427,0.44117427
0.47265187,0.47265187
0.5000875,0.5000875
0.5404189,0.5404189
0.52397335,0.52397335
0.5031538,0.5031538
0.48906323,0.48906323
0.51028234,0.51028234
0.48994312,0.48994312
0.4790512,0.4790512
0.5152383,0.5152383
0.50814766,0.50814766
0.5336038,0.5336038
0.4396377,0.4396377
0.5243432,0.5243432
0.4894711,0.4894711
0.5124942,0.5124942
0.52478105,0.52478105
0.54149306,0.54149306
0.50452167,0.50452167
0.5133343,0.5133343
0.41364747,0.41364747
0.4904235,0.4904235
0.49473867,0.49473867
0.51593816,0.51593816
0.47942325,0.47942325
0.51898205,0.51898205
0.52923596,0.52923596
0.5015112,0.5015112
0.4834846,0.4834846
0.52909094,0.52909094
0.47865018,0.47865018
0.46809483,0.46809483
0.5026444,0.5026444
0.5192445,0.5192445
0.4982485,0.4982485
0.5725137,0.5725137
0.50811046,0.50811046
0.455886,0.455886
0.5348474,0.5348474
0.47064462,0.47064462
0.46688017,0.46688017
0.48195362,0.48195362
0.5023943,0.5023943
0.47963083,0.47963083
0.53766847,0.53766847
0.54373324,0.54373324
0.40741926,0.40741926
0.44392723,0.44392723
0.55760163,0.55760163
0.44392207,0.44392207
0.50981414,0.50981414
0.44776896,0.44776896
0.40771523,0.40771523
0.53255284,0.53255284
0.53843945,0.53843945
0.5049579,0.5049579
0.46769473,0.46769473
0.50713634,0.50713634
0.5298731,0.5298731
0.5159184,0.5159184
0.53880274,0.53880274
0.5335565,0.5335565
0.49512294,0.49512294
0.48392713,0.48392713
0.48549578,0.48549578
0.46794716,0.46794716
0.4269075,0.4269075
0.49560872,0.49560872
0.5220461,0.5220461
0.4693615,0.4693615
0.48584715,0.48584715
0.5223959,0.5223959
0.5380803,0.5380803
0.5632223,0.5632223
0.5203971,0.5203971
0.48350677,0.48350677
0.49544135,0.49544135
0.5022486,0.5022486
0.40945843,0.40945843
0.52697337,0.52697337
0.4774495,0.4774495
0.4565052,0.4565052
0.48300606,0.48300606
0.47235093,0.47235093
0.5423129,0.5423129
0.41025537,0.41025537
0.4966806,0.4966806
0.5140149,0.5140149
0.4850931,0.4850931
0.45270228,0.45270228
0.5033955,0.5033955
0.49859345,0.49859345
0.5020109,0.5020109
0.4736299,0.4736299
0.49741876,0.49741876
0.48712078,0.48712078
0.57428855,0.57428855
0.5431855,0.5431855
0.5701591,0.5701591
0.5404606,0.5404606
0.49284467,0.49284467
0.5107534,0.5107534
0.4960955,0.4960955
0.51273274,0.51273274
0.5316133,0.5316133
0.47010842,0.47010842
0.4817294,0.4817294
0.4498427,0.4498427
0.45320496,0.45320496
0.4902176,0.4902176
0.50454664,0.50454664
0.49947888,0.49947888
0.46627384,0.46627384
0.5151643,0.5151643
0.4880539,0.4880539
0.5153416,0.5153416
0.4992834,0.4992834
0.49083018,0.49083018
0.5481831,0.5481831
0.5101883,0.5101883
0.48980126,0.48980126
0.5611925,0.5611925
0.53716666,0.53716666
0.5408629,0.5408629
0.51137733,0.51137733
0.4769765,0.4769765
0.53048396,0.53048396
0.46439603,0.46439603
0.5574684,0.5574684
0.4810325,0.4810325
0.47075996,0.47075996
0.4803837,0.4803837
0.4869989,0.4869989
0.5054336,0.5054336
0.4878546,0.4878546
0.44711247,0.44711247
0.47964546,0.47964546
0.49050325,0.49050325
0.47766164,0.47766164
0.5061203,0.5061203
0.50274193,0.50274193
0.54202324,0.54202324
0.52294606,0.52294606
0.48609635,0.48609635
0.50213534,0.50213534
0.4926405,0.4926405
0.4835036,0.4835036
0.43591297,0.43591297
0.5603187,0.5603187
0.5068988,0.5068988
0.5242915,0.5242915
0.48713243,0.48713243
0.4941166,0.4941166
0.5413061,0.5413061
0.50789994,0.50789994
0.4856095,0.4856095
0.4978199,0.4978199
0.43656054,0.43656054
0.52882886,0.52882886
0.47092524,0.47092524
0.47306734,0.47306734
0.5382084,0.5382084
0.49585503,0.49585503
0.48258397,0.48258397
0.5341104,0.5341104
0.5021684,0.5021684
0.48922768,0.48922768
0.5415862,0.5415862
0.48255005,0.48255005
0.5001928,0.5001928
0.44760445,0.44760445
0.45683604,0.45683604
0.48249903,0.48249903
0.45280024,0.45280024
0.43868944,0.43868944
0.51711255,0.51711255
0.5143546,0.5143546
0.494895,0.494895
0.5288156,0.5288156
0.5192576,0.5192576
0.47387034,0.47387034
0.53171855,0.53171855
0.5303027,0.5303027
0.49453157,0.49453157
0.456026,0.456026
0.4804274,0.4804274
0.4735267,0.4735267
0.44380525,0.44380525
0.53457296,0.53457296
0.44928157,0.44928157
0.48080158,0.48080158
0.52760565,0.52760565
0.5031106,0.5031106
0.55999583,0.55999583
0.5255395,0.5255395
0.53152347,0.53152347
0.546183,0.546183
0.48733392,0.48733392
0.5274913,0.5274913
0.47815582,0.47815582
0.48816895,0.48816895
0.5166771,0.5166771
0.5089887,0.5089887
0.49457672,0.49457672
0.5046281,0.5046281
0.4047094,0.4047094
0.35889617,0.35889617
0.43936673,0.43936673
0.51357895,0.51357895
0.5107668,0.5107668
0.48165146,0.48165146
0.4697612,0.4697612
0.43309128,0.43309128
0.4487542,0.4487542
0.49607044,0.49607044
0.5637085,0.5637085
0.5171189,0.5171189
0.47704723,0.47704723
0.5225364,0.5225364
0.5146265,0.5146265
0.48684204,0.48684204
0.52349067,0.52349067
0.5641126,0.5641126
0.4709215,0.4709215
0.5211234,0.5211234
0.56650865,0.56650865
0.5206922,0.5206922
0.4608959,0.4608959
0.4550093,0.4550093
0.52623075,0.52623075
0.5299377,0.5299377
0.47963977,0.47963977
0.56474894,0.56474894
0.45032004,0.45032004
0.48380497,0.48380497
0.524804,0.524804
0.52349705,0.52349705
0.5150334,0.5150334
0.46888104,0.46888104
0.4689646,0.4689646
0.44393384,0.44393384
0.4319664,0.4319664
0.45340297,0.45340297
0.43243095,0.43243095
0.43191552,0.43191552
0.5050186,0.5050186
0.4876258,0.4876258
0.38859287,0.38859287
0.5184289,0.5184289
0.5468902,0.5468902
0.5498212,0.5498212
0.5543281,0.5543281
0.5581737,0.5581737
0.529007,0.529007
0.5370378,0.5370378
0.5192168,0.5192168
0.43888414,0.43888414
0.46747097,0.46747097
0.47683752,0.47683752
0.46854421,0.46854421
0.49972254,0.49972254
0.4950924,0.4950924
0.48642614,0.48642614
0.4738333,0.4738333
0.4650302,0.4650302
0.54095954,0.54095954
0.50449467,0.50449467
0.5051129,0.5051129
0.50188255,0.50188255
0.5304756,0.5304756
0.5310639,0.5310639
0.4363624,0.4363624
0.4901024,0.4901024
0.437599,0.437599
0.539207,0.539207
0.5150519,0.5150519
0.4799452,0.4799452
0.5149008,0.5149008
0.4863637,0.4863637
0.4450055,0.4450055
0.43797424,0.43797424
0.5107404,0.5107404
0.55427414,0.55427414
0.4287525,0.4287525
0.43950474,0.43950474
0.4965694,0.4965694
0.49087152,0.49087152
0.46104142,0.46104142
0.40852767,0.40852767
0.49469167,0.49469167
0.4113178,0.4113178
0.4901851,0.4901851
0.5132495,0.5132495
0.50930107,0.50930107
0.4808866,0.4808866
0.4706754,0.4706754
0.5098532,0.5098532
0.48398656,0.48398656
0.49670792,0.49670792
0.5200836,0.5200836
0.50358665,0.50358665
0.477492,0.477492
0.49055737,0.49055737
0.44754156,0.44754156
0.50638354,0.50638354
0.51772153,0.51772153
0.5528012,0.5528012
0.49065867,0.49065867
0.43175474,0.43175474
0.4246454,0.4246454
0.50057715,0.50057715
0.470297,0.470297
0.43731004,0.43731004
0.5404461,0.5404461
0.55152714,0.55152714
0.48574495,0.48574495
0.4616906,0.4616906
0.49217132,0.49217132
0.49677837,0.49677837
0.5488632,0.5488632
0.51560706,0.51560706
0.47628757,0.47628757
0.48859844,0.48859844
0.5052905,0.5052905
0.46045485,0.46045485
0.4606945,0.4606945
0.44557297,0.44557297
0.4673002,0.4673002
0.48918226,0.48918226
0.47661135,0.47661135
0.4915097,0.4915097
0.48084384,0.48084384
0.51833,0.51833
0.5084654,0.5084654
0.46029642,0.46029642
0.47242737,0.47242737
0.47854644,0.47854644
0.4529972,0.4529972
0.5352365,0.5352365
0.5139411,0.5139411
0.49992424,0.49992424
0.47676745,0.47676745
0.52055687,0.52055687
0.44060907,0.44060907
0.44366786,0.44366786
0.547916,0.547916
0.53377354,0.53377354
0.57039803,0.57039803
0.58163834,0.58163834
0.5668038,0.5668038
0.5369583,0.5369583
0.5606617,0.5606617
0.5485601,0.5485601
0.5458533,0.5458533
0.5693852,0.5693852
0.56910545,0.56910545
0.56462264,0.56462264
0.52696276,0.52696276
0.48334286,0.48334286
0.5464364,0.5464364
0.46829194,0.46829194
0.5327612,0.5327612
0.5047947,0.5047947
0.51881814,0.51881814
0.5239593,0.5239593
0.4773891,0.4773891
0.47878653,0.47878653
0.5189105,0.5189105
0.5430358,0.5430358
0.47319204,0.47319204
0.5113463,0.5113463
0.46507674,0.46507674
0.5077872,0.5077872
0.45893902,0.45893902
0.49758214,0.49758214
0.5193561,0.5193561
0.53934056,0.53934056
0.5304438,0.5304438
0.4807074,0.4807074
0.48897067,0.48897067
0.47625837,0.47625837
0.48176804,0.48176804
0.528494,0.528494
0.5068834,0.5068834
0.51639473,0.51639473
0.5212712,0.5212712
0.5251402,0.5251402
0.49660715,0.49660715
0.4801239,0.4801239
0.48004887,0.48004887
0.45290652,0.45290652
0.47990263,0.47990263
0.47913986,0.47913986
0.48045516,0.48045516
0.51301795,0.51301795
0.5419129,0.5419129
0.43665934,0.43665934
0.48501852,0.48501852
0.48398355,0.48398355
0.5046464,0.5046464
0.47170514,0.47170514
0.42278767,0.42278767
0.46057183,0.46057183
0.4242585,0.4242585
0.38436162,0.38436162
0.44921806,0.44921806
0.4705459,0.4705459
0.5159748,0.5159748
0.4756125,0.4756125
0.4355812,0.4355812
0.48144606,0.48144606
0.49302688,0.49302688
0.481013,0.481013
0.42393923,0.42393923
0.4751447,0.4751447
0.5146519,0.5146519
0.4717621,0.4717621
0.45109862,0.45109862
0.5013367,0.5013367
0.43355867,0.43355867
0.39165923,0.39165923
0.39979824,0.39979824
0.44900736,0.44900736
0.4731709,0.4731709
0.46844876,0.46844876
0.4886333,0.4886333
0.5543005,0.5543005
0.52042747,0.52042747
0.43877587,0.43877587
0.39530802,0.39530802
0.39567515,0.39567515
0.5182724,0.5182724
0.4677586,0.4677586
0.48772156,0.48772156
0.47364834,0.47364834
0.5048917,0.5048917
0.49844524,0.49844524
0.42640308,0.42640308
0.4960141,0.4960141
0.45193282,0.45193282
0.5129279,0.5129279
0.45125365,0.45125365
0.48849744,0.48849744
0.4883117,0.4883117
0.40038767,0.40038767
0.5101956,0.5101956
0.49395522,0.49395522
0.48902428,0.48902428
0.43082833,0.43082833
0.4854716,0.4854716
0.48737124,0.48737124
0.4931888,0.4931888
0.4887173,0.4887173
0.49785402,0.49785402
0.51807755,0.51807755
0.52427214,0.52427214
0.47563887,0.47563887
0.48515898,0.48515898
0.47241667,0.47241667
0.51104456,0.51104456
0.52141273,0.52141273
0.5344094,0.5344094
0.48859277,0.48859277
0.47058854,0.47058854
0.4711598,0.4711598
0.45924154,0.45924154
0.48560736,0.48560736
0.48723462,0.48723462
0.4645659,0.4645659
0.5005985,0.5005985
0.4859523,0.4859523
0.5085732,0.5085732
0.5277728,0.5277728
0.4743993,0.4743993
0.46433806,0.46433806
0.46537024,0.46537024
0.42854992,0.42854992
0.46602392,0.46602392
0.45080397,0.45080397
0.5321467,0.5321467
0.5502802,0.5502802
0.5376917,0.5376917
0.53773135,0.53773135
0.5531024,0.5531024
0.5567787,0.5567787
0.550743,0.550743
0.55850625,0.55850625
0.48968938,0.48968938
0.49929798,0.49929798
0.50348055,0.50348055
0.53203905,0.53203905
0.43135282,0.43135282
0.5692662,0.5692662
0.46582052,0.46582052
0.48087168,0.48087168
0.52060974,0.52060974
0.5158654,0.5158654
0.507634,0.507634
0.49034417,0.49034417
0.5386179,0.5386179
0.53279376,0.53279376
0.5164779,0.5164779
0.5148108,0.5148108
0.5194929,0.5194929
0.52903545,0.52903545
0.5077458,0.5077458
0.45330834,0.45330834
0.47960404,0.47960404
0.498312,0.498312
0.44951874,0.44951874
0.47972855,0.47972855
0.5184422,0.5184422
0.49799293,0.49799293
0.5361684,0.5361684
0.51953155,0.51953155
0.47060508,0.47060508
0.51662195,0.51662195
0.4927484,0.4927484
0.47177547,0.47177547
0.46266076,0.46266076
0.4465211,0.4465211
0.4947628,0.4947628
0.5684949,0.5684949
0.50676334,0.50676334
0.53158677,0.53158677
0.5008807,0.5008807
0.49081254,0.49081254
0.5340267,0.5340267
0.5372353,0.5372353
0.5452587,0.5452587
0.5243403,0.5243403
0.5074532,0.5074532
0.50359404,0.50359404
0.47718322,0.47718322
0.4977175,0.4977175
0.47553986,0.47553986
0.51278377,0.51278377
0.43210232,0.43210232
0.45860028,0.45860028
0.51936364,0.51936364
0.45132747,0.45132747
0.4554973,0.4554973
0.42705414,0.42705414
0.47029823,0.47029823
0.48980004,0.48980004
0.45584127,0.45584127
0.43234453,0.43234453
0.45878482,0.45878482
0.43182278,0.43182278
0.43764865,0.43764865
0.54041976,0.54041976
0.49393067,0.49393067
0.50293964,0.50293964
0.5285129,0.5285129
0.51182467,0.51182467
0.4923001,0.4923001
0.54564685,0.54564685
0.5002825,0.5002825
0.505109,0.505109
0.52309364,0.52309364
0.51316327,0.51316327
0.53463155,0.53463155
0.49437827,0.49437827
0.43879098,0.43879098
0.5064159,0.5064159
0.5041096,0.5041096
0.45874673,0.45874673
0.44707984,0.44707984
0.40074208,0.40074208
0.44197392,0.44197392
0.4211839,0.4211839
0.4226334,0.4226334
0.47602645,0.47602645
0.51742727,0.51742727
0.48171592,0.48171592
0.49843103,0.49843103
0.5042248,0.5042248
0.5062074,0.5062074
0.5389663,0.5389663
0.51108027,0.51108027
0.5312813,0.5312813
0.46930912,0.46930912
0.4379973,0.4379973
0.44876093,0.44876093
0.48295107,0.48295107
0.47092643,0.47092643
0.5026466,0.5026466
0.51647216,0.51647216
0.5252916,0.5252916
0.5193652,0.5193652
0.49676755,0.49676755
0.47378057,0.47378057
0.53786725,0.53786725
0.54818785,0.54818785
0.50658756,0.50658756
0.5197968,0.5197968
0.46433753,0.46433753
0.47248915,0.47248915
0.50090915,0.50090915
0.43100408,0.43100408
0.4502431,0.4502431
0.5141725,0.5141725
0.46880114,0.46880114
0.48166987,0.48166987
0.49508265,0.49508265
0.4609747,0.4609747
0.44107038,0.44107038
0.46524087,0.46524087
0.5087991,0.5087991
0.49656942,0.49656942
0.48627308,0.48627308
0.47722474,0.47722474
0.50178844,0.50178844
0.4960589,0.4960589
0.45904243,0.45904243
0.49676266,0.49676266
0.46672258,0.46672258
0.5043288,0.5043288
0.47169644,0.47169644
0.48362994,0.48362994
0.5196258,0.5196258
0.50368404,0.50368404
0.4953554,0.4953554
0.4325758,0.4325758
0.48262593,0.48262593
0.45899537,0.45899537
0.45589384,0.45589384
0.47351378,0.47351378
0.46320668,0.46320668
0.5460082,0.5460082
0.52235717,0.52235717
0.540582,0.540582
0.4094029,0.4094029
0.43825015,0.43825015
0.38107166,0.38107166
0.5467306,0.5467306
0.49832988,0.49832988
0.507214,0.507214
0.4711528,0.4711528
0.46703205,0.46703205
0.50479794,0.50479794
0.5157475,0.5157475
0.49351224,0.49351224
0.5758518,0.5758518
0.50050277,0.50050277
0.46713218,0.46713218
0.55237484,0.55237484
0.50355494,0.50355494
0.54739106,0.54739106
0.46856838,0.46856838
0.52153206,0.52153206
0.5293957,0.5293957
0.46005103,0.46005103
0.41540137,0.41540137
0.45962125,0.45962125
0.4626277,0.4626277
0.43155193,0.43155193
0.45003876,0.45003876
0.4921971,0.4921971
0.5310291,0.5310291
0.5019179,0.5019179
0.52390236,0.52390236
0.4831886,0.4831886
0.52835137,0.52835137
0.48313323,0.48313323
0.52596855,0.52596855
0.51217186,0.51217186
0.4163908,0.4163908
0.44897804,0.44897804
0.5321937,0.5321937
0.5559507,0.5559507
0.5520778,0.5520778
0.4383234,0.4383234
0.49478924,0.49478924
0.47137627,0.47137627
0.48011827,0.48011827
0.49340665,0.49340665
0.43037134,0.43037134
0.44712758,0.44712758
0.4836944,0.4836944
0.48582202,0.48582202
0.47947395,0.47947395
0.5130959,0.5130959
0.46696496,0.46696496
0.4721133,0.4721133
0.53532946,0.53532946
0.4814978,0.4814978
0.49623397,0.49623397
0.47290215,0.47290215
0.5420042,0.5420042
0.50715995,0.50715995
0.49382982,0.49382982
0.49289078,0.49289078
0.45368698,0.45368698
0.4867341,0.4867341
0.48988906,0.48988906
0.49255168,0.49255168
0.48324928,0.48324928
0.4992807,0.4992807
0.4783101,0.4783101
0.40229002,0.40229002
0.47467786,0.47467786
0.47668487,0.47668487
0.54249716,0.54249716
0.531809,0.531809
0.50287217,0.50287217
0.52705985,0.52705985
0.52730525,0.52730525
0.47792453,0.47792453
0.5341946,0.5341946
0.47380933,0.47380933
0.5067938,0.5067938
0.4850989,0.4850989
0.5256293,0.5256293
0.50222784,0.50222784
0.54807097,0.54807097
0.49572554,0.49572554
0.53207856,0.53207856
0.4866462,0.4866462
0.47514644,0.47514644
0.50500596,0.50500596
0.519476,0.519476
0.51484966,0.51484966
0.4854857,0.4854857
0.45766827,0.45766827
0.48939702,0.48939702
0.490382,0.490382
0.53426325,0.53426325
0.4948859,0.4948859
0.46910673,0.46910673
0.48908308,0.48908308
0.49396458,0.49396458
0.4751995,0.4751995
0.4629394,0.4629394
0.4446466,0.4446466
0.43532798,0.43532798
0.44685134,0.44685134
0.4536811,0.4536811
0.47571892,0.47571892
0.40933275,0.40933275
0.42700544,0.42700544
0.4167079,0.4167079
0.48445195,0.48445195
0.45713136,0.45713136
0.5138725,0.5138725
0.48620585,0.48620585
0.48330146,0.48330146
0.55952054,0.55952054
0.46858773,0.46858773
0.5261725,0.5261725
0.46361962,0.46361962
0.5112968,0.5112968
0.5024976,0.5024976
0.45419598,0.45419598
0.4503155,0.4503155
0.55486566,0.55486566
0.5139586,0.5139586
0.48844975,0.48844975
0.38145477,0.38145477
0.49509737,0.49509737
0.4477829,0.4477829
0.4178098,0.4178098
0.48989516,0.48989516
0.52617925,0.52617925
0.4765373,0.4765373
0.4147721,0.4147721
0.45250255,0.45250255
0.44097245,0.44097245
0.42355496,0.42355496
0.42073348,0.42073348
0.47946164,0.47946164
0.44079852,0.44079852
0.5085441,0.5085441
0.48472935,0.48472935
0.5342555,0.5342555
0.4411534,0.4411534
0.4254159,0.4254159
0.46625438,0.46625438
0.49707842,0.49707842
0.45238343,0.45238343
0.5335374,0.5335374
0.51738477,0.51738477
0.4378968,0.4378968
0.51120013,0.51120013
0.48802817,0.48802817
0.46462357,0.46462357
0.40266156,0.40266156
0.42218688,0.42218688
0.45824003,0.45824003
0.50899345,0.50899345
0.4748967,0.4748967
0.43172348,0.43172348
0.51080376,0.51080376
0.49216607,0.49216607
0.5164985,0.5164985
0.5111084,0.5111084
0.5498681,0.5498681
0.4265367,0.4265367
0.46849594,0.46849594
0.4154937,0.4154937
0.41779023,0.41779023
0.41967618,0.41967618
0.46357262,0.46357262
0.4423099,0.4423099
0.51590717,0.51590717
0.48436442,0.48436442
0.41785726,0.41785726
0.5317934,0.5317934
0.5196623,0.5196623
0.46303788,0.46303788
0.4445963,0.4445963
0.5486692,0.5486692
0.42866173,0.42866173
0.5222278,0.5222278
0.5002574,0.5002574
0.520616,0.520616
0.51129997,0.51129997
0.51805806,0.51805806
0.48495713,0.48495713
0.50514436,0.50514436
0.5126077,0.5126077
0.49327132,0.49327132
0.48571247,0.48571247
0.49304637,0.49304637
0.49462947,0.49462947
0.47496203,0.47496203
0.49078074,0.49078074
0.46555465,0.46555465
0.47893932,0.47893932
0.47009557,0.47009557
0.47601828,0.47601828
0.48441443,0.48441443
0.46541032,0.46541032
0.38222826,0.38222826
0.5388469,0.5388469
0.5489714,0.5489714
0.48290437,0.48290437
0.50986236,0.50986236
0.50714225,0.50714225
0.54168,0.54168
0.52939266,0.52939266
0.49697006,0.49697006
0.4976675,0.4976675
0.47744367,0.47744367
0.5188515,0.5188515
0.5039696,0.5039696
0.5138942,0.5138942
0.4647085,0.4647085
0.49257684,0.49257684
0.5782541,0.5782541
0.5096395,0.5096395
0.47121477,0.47121477
0.49782893,0.49782893
0.49270156,0.49270156
0.515404,0.515404
0.528399,0.528399
0.48363757,0.48363757
0.4987891,0.4987891
0.5025653,0.5025653
0.51850015,0.51850015
0.48658213,0.48658213
0.5052923,0.5052923
0.4955486,0.4955486
0.44165805,0.44165805
0.4572885,0.4572885
0.5319204,0.5319204
0.508616,0.508616
0.49100745,0.49100745
0.4980447,0.4980447
0.50920415,0.50920415
0.46083218,0.46083218
0.5035574,0.5035574
0.42986956,0.42986956
0.5357584,0.5357584
0.38944033,0.38944033
0.43762806,0.43762806
0.42569908,0.42569908
0.37786764,0.37786764
0.41217083,0.41217083
0.39809105,0.39809105
0.37764016,0.37764016
0.39702174,0.39702174
0.43537807,0.43537807
0.40607336,0.40607336
0.45150748,0.45150748
0.51185167,0.51185167
0.49960494,0.49960494
0.4977839,0.4977839
0.47921303,0.47921303
0.5127858,0.5127858
0.48722824,0.48722824
0.5514368,0.5514368
0.5035905,0.5035905
0.5154825,0.5154825
0.53755033,0.53755033
0.45748106,0.45748106
0.48201144,0.48201144
0.4510816,0.4510816
0.4455823,0.4455823
0.48530835,0.48530835
0.5468249,0.5468249
0.49195692,0.49195692
0.5094616,0.5094616
0.5115204,0.5115204
0.45275646,0.45275646
0.4911543,0.4911543
0.44716445,0.44716445
0.46567884,0.46567884
0.45679548,0.45679548
0.5205086,0.5205086
0.52269953,0.52269953
0.5069435,0.5069435
0.5182271,0.5182271
0.4698755,0.4698755
0.5182102,0.5182102
0.53512436,0.53512436
0.53212416,0.53212416
0.5070879,0.5070879
0.5156515,0.5156515
0.5057723,0.5057723
0.49914908,0.49914908
0.5163041,0.5163041
0.4512359,0.4512359
0.49185768,0.49185768
0.5008088,0.5008088
0.48784706,0.48784706
0.4855895,0.4855895
0.5004126,0.5004126
0.4932269,0.4932269
0.44735694,0.44735694
0.46710506,0.46710506
0.5167849,0.5167849
0.55146223,0.55146223
0.4887629,0.4887629
0.5272192,0.5272192
0.502919,0.502919
0.49471828,0.49471828
0.45102978,0.45102978
0.48392418,0.48392418
0.5345755,0.5345755
0.50785834,0.50785834
0.50184524,0.50184524
0.5530419,0.5530419
0.59521997,0.59521997
0.4203368,0.4203368
0.51191175,0.51191175
0.48630744,0.48630744
0.5197523,0.5197523
0.4881645,0.4881645
0.47969857,0.47969857
0.53124255,0.53124255
0.5540914,0.5540914
0.53710604,0.53710604
0.4590069,0.4590069
0.43871835,0.43871835
0.45143068,0.45143068
0.4974364,0.4974364
0.5241956,0.5241956
0.52537817,0.52537817
0.57121265,0.57121265
0.5023942,0.5023942
0.5079546,0.5079546
0.55197865,0.55197865
0.5490296,0.5490296
0.6226258,0.6226258
0.5421636,0.5421636
0.5057867,0.5057867
0.52360076,0.52360076
0.5055763,0.5055763
0.51567096,0.51567096
0.50202304,0.50202304
0.5347041,0.5347041
0.5309729,0.5309729
0.46020946,0.46020946
0.56223166,0.56223166
0.57857126,0.57857126
0.52177477,0.52177477
0.5370075,0.5370075
0.5256706,0.5256706
0.48644665,0.48644665
0.46381098,0.46381098
0.4772814,0.4772814
0.4860417,0.4860417
0.47468594,0.47468594
0.46172807,0.46172807
0.4856619,0.4856619
0.51111114,0.51111114
0.421359,0.421359
0.48671278,0.48671278
0.4976857,0.4976857
0.4936651,0.4936651
0.48977005,0.48977005
0.47348502,0.47348502
0.5000353,0.5000353
0.457003,0.457003
0.47099945,0.47099945
0.5244148,0.5244148
0.49138537,0.49138537
0.54753906,0.54753906
0.48291743,0.48291743
0.48680863,0.48680863
0.49640852,0.49640852
0.52307963,0.52307963
0.4991206,0.4991206
0.5361682,0.5361682
0.5207529,0.5207529
0.46837652,0.46837652
0.48081058,0.48081058
0.5302879,0.5302879
0.5364626,0.5364626
0.5391645,0.5391645
0.5416945,0.5416945
0.5056848,0.5056848
0.50279814,0.50279814
0.49324098,0.49324098
0.5122536,0.5122536
0.5266766,0.5266766
0.4853346,0.4853346
0.4977036,0.4977036
0.5148367,0.5148367
0.5230955,0.5230955
0.49571756,0.49571756
0.50162965,0.50162965
0.51914626,0.51914626
0.46258613,0.46258613
0.5303988,0.5303988
0.48179427,0.48179427
0.5202331,0.5202331
0.50293785,0.50293785
0.5066754,0.5066754
0.55393595,0.55393595
0.49787155,0.49787155
0.47468656,0.47468656
0.4740846,0.4740846
0.4860602,0.4860602
0.4618298,0.4618298
0.5141108,0.5141108
0.5272454,0.5272454
0.5087473,0.5087473
0.56225437,0.56225437
0.51414347,0.51414347
0.60062563,0.60062563
0.5315241,0.5315241
0.5036662,0.5036662
0.45368874,0.45368874
0.5201608,0.5201608
0.46965608,0.46965608
0.5914634,0.5914634
0.5394417,0.5394417
0.5064861,0.5064861
0.48819026,0.48819026
0.5004469,0.5004469
0.5176439,0.5176439
0.5184763,0.5184763
0.49892238,0.49892238
0.52463406,0.52463406
0.54444367,0.54444367
0.5415839,0.5415839
0.5348445,0.5348445
0.5071844,0.5071844
0.5255308,0.5255308
0.49678007,0.49678007
0.51019853,0.51019853
0.53738874,0.53738874
0.55494195,0.55494195
0.5370336,0.5370336
0.54726183,0.54726183
0.5160604,0.5160604
0.5662021,0.5662021
0.535605,0.535605
0.52071023,0.52071023
0.5162284,0.5162284
0.54655534,0.54655534
0.5088101,0.5088101
0.5323568,0.5323568
0.48479494,0.48479494
0.46983513,0.46983513
0.5207565,0.5207565
0.5323165,0.5323165
0.5170041,0.5170041
0.52919704,0.52919704
0.47938523,0.47938523
0.50187695,0.50187695
0.52569336,0.52569336
0.5321371,0.5321371
0.5253287,0.5253287
0.5048617,0.5048617
0.50191265,0.50191265
0.5231048,0.5231048
0.5010654,0.5010654
0.5321978,0.5321978
0.49732938,0.49732938
0.49273065,0.49273065
0.49711603,0.49711603
0.53316134,0.53316134
0.50974107,0.50974107
0.46442336,0.46442336
0.513321,0.513321
0.46353427,0.46353427
0.48315623,0.48315623
0.4973022,0.4973022
0.50544703,0.50544703
0.517145,0.517145
0.67617446,0.67617446
0.54006934,0.54006934
0.48765764,0.48765764
0.5209339,0.5209339
0.51263666,0.51263666
0.4905724,0.4905724
0.5145361,0.5145361
0.47429064,0.47429064
0.47609147,0.47609147
0.5250649,0.5250649
0.42149577,0.42149577
0.45987475,0.45987475
0.4330604,0.4330604
0.525046,0.525046
0.48395765,0.48395765
0.47661108,0.47661108
0.5284162,0.5284162
0.5201093,0.5201093
0.4921148,0.4921148
0.45914206,0.45914206
0.515593,0.515593
0.55056113,0.55056113
0.5200154,0.5200154
0.5198843,0.5198843
0.5627235,0.5627235
0.49792922,0.49792922
0.48635304,0.48635304
0.5404823,0.5404823
0.45512733,0.45512733
0.44707695,0.44707695
0.49900526,0.49900526
0.4891267,0.4891267
0.4984221,0.4984221
0.5260963,0.5260963
0.5076632,0.5076632
0.5044565,0.5044565
0.50850844,0.50850844
0.5233199,0.5233199
0.49126002,0.49126002
0.5242847,0.5242847
0.49755558,0.49755558
0.49184477,0.49184477
0.49059722,0.49059722
0.45502806,0.45502806
0.49542353,0.49542353
0.50945723,0.50945723
0.47514454,0.47514454
0.48619714,0.48619714
0.424637,0.424637
0.40486717,0.40486717
0.48446056,0.48446056
0.53289163,0.53289163
0.54467446,0.54467446
0.45435214,0.45435214
0.5171087,0.5171087
0.4175123,0.4175123
0.51713514,0.51713514
0.51809686,0.51809686
0.45371446,0.45371446
0.542349,0.542349
0.5064569,0.5064569
0.40922263,0.40922263
0.50982183,0.50982183
0.5367889,0.5367889
0.532067,0.532067
0.5530447,0.5530447
0.4950457,0.4950457
0.4977858,0.4977858
0.47521454,0.47521454
0.4883151,0.4883151
0.5105024,0.5105024
0.48870203,0.48870203
0.47421113,0.47421113
0.529606,0.529606
0.51015925,0.51015925
0.5034925,0.5034925
0.49310413,0.49310413
0.47445035,0.47445035
0.5280452,0.5280452
0.4525517,0.4525517
0.4802937,0.4802937
0.46948755,0.46948755
0.47330314,0.47330314
0.4744909,0.4744909
0.5102795,0.5102795
0.5320052,0.5320052
0.50528234,0.50528234
0.5038186,0.5038186
0.5801149,0.5801149
0.48960432,0.48960432
0.50198686,0.50198686
0.47957945,0.47957945
0.5117507,0.5117507
0.4823471,0.4823471
0.5288566,0.5288566
0.50129044,0.50129044
0.52967656,0.52967656
0.5224281,0.5224281
0.5382294,0.5382294
0.55384165,0.55384165
0.48532107,0.48532107
0.55342764,0.55342764
0.5083336,0.5083336
0.5078348,0.5078348
0.4655206,0.4655206
0.4842145,0.4842145
0.50258833,0.50258833
0.5420249,0.5420249
0.5490189,0.5490189
0.51342046,0.51342046
0.48756018,0.48756018
0.5070647,0.5070647
0.52188194,0.52188194
0.5076034,0.5076034
0.53137857,0.53137857
0.53012526,0.53012526
0.5131908,0.5131908
0.54371774,0.54371774
0.5077693,0.5077693
0.55229574,0.55229574
0.5216421,0.5216421
0.46504596,0.46504596
0.44869918,0.44869918
0.4989658,0.4989658
0.5507345,0.5507345
0.47780013,0.47780013
0.5184351,0.5184351
0.4940549,0.4940549
0.47855642,0.47855642
0.4854529,0.4854529
0.4846491,0.4846491
0.4056059,0.4056059
0.5076987,0.5076987
0.46240842,0.46240842
0.48772725,0.48772725
0.56925374,0.56925374
0.48610327,0.48610327
0.43377033,0.43377033
0.5128782,0.5128782
0.5413619,0.5413619
0.45655274,0.45655274
0.47351614,0.47351614
0.5073349,0.5073349
0.50493294,0.50493294
0.48747507,0.48747507
0.53123134,0.53123134
0.503596,0.503596
0.62306815,0.62306815
0.55677706,0.55677706
0.5404936,0.5404936
0.488598,0.488598
0.444978,0.444978
0.45801896,0.45801896
0.4397166,0.4397166
0.49852857,0.49852857
0.52770615,0.52770615
0.40955666,0.40955666
0.5034434,0.5034434
0.51962733,0.51962733
0.5035115,0.5035115
0.47030336,0.47030336
0.51510733,0.51510733
0.5384023,0.5384023
0.41002133,0.41002133
0.4542946,0.4542946
0.42241672,0.42241672
0.49638543,0.49638543
0.4743837,0.4743837
0.51487166,0.51487166
0.46740118,0.46740118
0.41832623,0.41832623
0.51885325,0.51885325
0.4664143,0.4664143
0.55140954,0.55140954
0.3959447,0.3959447
0.4694264,0.4694264
0.4907408,0.4907408
0.48598155,0.48598155
0.44797245,0.44797245
0.53586394,0.53586394
0.57366264,0.57366264
0.54760313,0.54760313
0.35140792,0.35140792
0.49101686,0.49101686
0.54628414,0.54628414
0.5051937,0.5051937
0.49973226,0.49973226
0.50495565,0.50495565
0.5107097,0.5107097
0.4923873,0.4923873
0.49123654,0.49123654
0.42289945,0.42289945
0.4558148,0.4558148
0.451612,0.451612
0.47281876,0.47281876
0.5201178,0.5201178
0.4829341,0.4829341
0.5233368,0.5233368
0.50257677,0.50257677
0.434659,0.434659
0.4830654,0.4830654
0.42827928,0.42827928
0.41662195,0.41662195
0.45954388,0.45954388
0.4408463,0.4408463
0.48363373,0.48363373
0.51655185,0.51655185
0.4901507,0.4901507
0.4222113,0.4222113
0.50596726,0.50596726
0.49624398,0.49624398
0.4183048,0.4183048
0.44576904,0.44576904
0.430513,0.430513
0.46590495,0.46590495
0.5125189,0.5125189
0.5081693,0.5081693
0.47293606,0.47293606
0.50001097,0.50001097
0.49013132,0.49013132
0.47363362,0.47363362
0.49349108,0.49349108
0.49722835,0.49722835
0.44920972,0.44920972
0.3975156,0.3975156
0.42531314,0.42531314
0.40455076,0.40455076
0.3993321,0.3993321
0.45924467,0.45924467
0.42516446,0.42516446
0.5294564,0.5294564
0.5196873,0.5196873
0.54134816,0.54134816
0.5110166,0.5110166
0.4658842,0.4658842
0.3904121,0.3904121
0.46962085,0.46962085
0.5124275,0.5124275
0.41861692,0.41861692
0.50833833,0.50833833
0.5109876,0.5109876
0.42169112,0.42169112
0.5171682,0.5171682
0.42238078,0.42238078
0.4415635,0.4415635
0.38206688,0.38206688
0.36317524,0.36317524
0.47052595,0.47052595
0.45718458,0.45718458
0.4634656,0.4634656
0.39410937,0.39410937
0.4912567,0.4912567
0.43414336,0.43414336
0.5111742,0.5111742
0.52106476,0.52106476
0.5137615,0.5137615
0.53373486,0.53373486
0.5348302,0.5348302
0.5527562,0.5527562
0.5606727,0.5606727
0.52427983,0.52427983
0.4765401,0.4765401
0.48469546,0.48469546
0.49840936,0.49840936
0.48184994,0.48184994
0.47180626,0.47180626
0.46600696,0.46600696
0.5038174,0.5038174
0.52077335,0.52077335
0.46943963,0.46943963
0.47669703,0.47669703
0.48786107,0.48786107
0.49442056,0.49442056
0.501581,0.501581
0.49448732,0.49448732
0.51703984,0.51703984
0.45820114,0.45820114
0.43283883,0.43283883
0.43283558,0.43283558
0.49637976,0.49637976
0.47883943,0.47883943
0.45530555,0.45530555
0.5843458,0.5843458
0.48121664,0.48121664
0.41948986,0.41948986
0.49890405,0.49890405
0.50247484,0.50247484
0.48918927,0.48918927
0.50679195,0.50679195
0.4761378,0.4761378
0.48798063,0.48798063
0.4758607,0.4758607
0.50586283,0.50586283
0.4580828,0.4580828
0.4218491,0.4218491
0.48054025,0.48054025
0.47871652,0.47871652
0.46565616,0.46565616
0.50344795,0.50344795
0.4662724,0.4662724
0.48702133,0.48702133
0.48659086,0.48659086
0.45945564,0.45945564
0.481298,0.481298
0.40933332,0.40933332
0.46461403,0.46461403
0.46393108,0.46393108
0.41273373,0.41273373
0.45156273,0.45156273
0.46177074,0.46177074
0.4715354,0.4715354
0.46761817,0.46761817
0.43553683,0.43553683
0.47209978,0.47209978
0.47786185,0.47786185
0.42365322,0.42365322
0.48757923,0.48757923
0.49535263,0.49535263
0.47636175,0.47636175
0.4022017,0.4022017
0.41171676,0.41171676
0.41491267,0.41491267
0.5317475,0.5317475
0.4786324,0.4786324
0.54524004,0.54524004
0.44156814,0.44156814
0.495526,0.495526
0.45518082,0.45518082
0.5126527,0.5126527
0.47712556,0.47712556
0.5224147,0.5224147
0.48944274,0.48944274
0.42940253,0.42940253
0.4479451,0.4479451
0.4877533,0.4877533
0.50665116,0.50665116
0.51626295,0.51626295
0.52306,0.52306
0.51612085,0.51612085
0.4801219,0.4801219
0.49568155,0.49568155
0.5321799,0.5321799
0.48842284,0.48842284
0.442059,0.442059
0.47293884,0.47293884
0.4990275,0.4990275
0.49137333,0.49137333
0.43951344,0.43951344
0.4893001,0.4893001
0.5238569,0.5238569
0.5167916,0.5167916
0.49761277,0.49761277
0.49007717,0.49007717
0.49908412,0.49908412
0.51430273,0.51430273
0.4326863,0.4326863
0.4478338,0.4478338
0.4469382,0.4469382
0.5276214,0.5276214
0.42600396,0.42600396
0.55729914,0.55729914
0.47405937,0.47405937
0.52455956,0.52455956
0.446866,0.446866
0.5138779,0.5138779
0.48736653,0.48736653
0.4575019,0.4575019
0.5724416,0.5724416
0.5616993,0.5616993
0.5399624,0.5399624
0.49051523,0.49051523
0.50648874,0.50648874
0.5049134,0.5049134
0.46568453,0.46568453
0.50394666,0.50394666
0.49887198,0.49887198
0.4463553,0.4463553
0.50755966,0.50755966
0.5064662,0.5064662
0.525982,0.525982
0.52684903,0.52684903
0.48734033,0.48734033
0.4910474,0.4910474
0.54222286,0.54222286
0.5092677,0.5092677
0.50201803,0.50201803
0.4845777,0.4845777
0.4839978,0.4839978
0.4538277,0.4538277
0.52254033,0.52254033
0.48321906,0.48321906
0.5244314,0.5244314
0.5230829,0.5230829
0.4931521,0.4931521
0.58995897,0.58995897
0.4693987,0.4693987
0.4850089,0.4850089
0.5002765,0.5002765
0.5143323,0.5143323
0.4891259,0.4891259
0.49188069,0.49188069
0.5322352,0.5322352
0.51878554,0.51878554
0.52230453,0.52230453
0.48696524,0.48696524
0.5037161,0.5037161
0.5191368,0.5191368
0.49432138,0.49432138
0.49966314,0.49966314
0.48015904,0.48015904
0.45923233,0.45923233
0.44075492,0.44075492
0.5021633,0.5021633
0.5065201,0.5065201
0.50498503,0.50498503
0.47347346,0.47347346
0.47374865,0.47374865
0.4883675,0.4883675
0.45409754,0.45409754
0.46677458,0.46677458
0.43052843,0.43052843
0.47016305,0.47016305
0.4810657,0.4810657
0.47557652,0.47557652
0.52640116,0.52640116
0.53057736,0.53057736
0.46423993,0.46423993
0.51432943,0.51432943
0.51736695,0.51736695
0.48154977,0.48154977
0.45836934,0.45836934
0.4268203,0.4268203
0.42318052,0.42318052
0.49067667,0.49067667
0.4859589,0.4859589
0.44898805,0.44898805
0.48386472,0.48386472
0.45108894,0.45108894
0.44209823,0.44209823
0.48113695,0.48113695
0.50418854,0.50418854
0.49573478,0.49573478
0.47601494,0.47601494
0.52105874,0.52105874
0.44035187,0.44035187
0.43459922,0.43459922
0.43197745,0.43197745
0.42591035,0.42591035
0.46209434,0.46209434
0.47251555,0.47251555
0.47679415,0.47679415
0.5159766,0.5159766
0.4403095,0.4403095
0.50963783,0.50963783
0.5511078,0.5511078
0.5651486,0.5651486
0.48342267,0.48342267
0.47750473,0.47750473
0.45787817,0.45787817
0.47864473,0.47864473
0.48003718,0.48003718
0.5202359,0.5202359
0.55449265,0.55449265
0.48978707,0.48978707
0.53609335,0.53609335
0.5278008,0.5278008
0.50754416,0.50754416
0.46452612,0.46452612
0.51175255,0.51175255
0.53542465,0.53542465
0.50047994,0.50047994
0.48400453,0.48400453
0.5710232,0.5710232
0.48609996,0.48609996
0.51295114,0.51295114
0.49878475,0.49878475
0.4736971,0.4736971
0.48633963,0.48633963
0.4822652,0.4822652
0.48330048,0.48330048
0.48937687,0.48937687
0.5018518,0.5018518
0.46048027,0.46048027
0.4445745,0.4445745
0.4809789,0.4809789
0.48352936,0.48352936
0.46778932,0.46778932
0.4624306,0.4624306
0.47537354,0.47537354
0.4390749,0.4390749
0.45516485,0.45516485
0.52794254,0.52794254
0.5317535,0.5317535
0.44454533,0.44454533
0.48043784,0.48043784
0.43947726,0.43947726
0.38261747,0.38261747
0.3712451,0.3712451
0.48252898,0.48252898
0.45957515,0.45957515
0.46489748,0.46489748
0.45979664,0.45979664
0.43810117,0.43810117
0.4251658,0.4251658
0.4760009,0.4760009
0.41253623,0.41253623
0.47822756,0.47822756
0.4332382,0.4332382
0.45660156,0.45660156
0.4336236,0.4336236
0.54863805,0.54863805
0.53131473,0.53131473
0.57202303,0.57202303
0.56651783,0.56651783
0.4632268,0.4632268
0.53938705,0.53938705
0.48953414,0.48953414
0.4297937,0.4297937
0.46049315,0.46049315
0.44596624,0.44596624
0.40166387,0.40166387
0.47603315,0.47603315
0.45196408,0.45196408
0.53344333,0.53344333
0.52345973,0.52345973
0.51827943,0.51827943
0.52646947,0.52646947
0.56310314,0.56310314
0.48742056,0.48742056
0.58435136,0.58435136
0.51662415,0.51662415
0.4813871,0.4813871
0.5707928,0.5707928
0.50889456,0.50889456
0.46657667,0.46657667
0.43202552,0.43202552
0.43886358,0.43886358
0.48209348,0.48209348
0.5180834,0.5180834
0.4008247,0.4008247
0.476802,0.476802
0.47087994,0.47087994
0.47562313,0.47562313
0.5257913,0.5257913
0.4655914,0.4655914
0.39304745,0.39304745
0.47914794,0.47914794
0.4347008,0.4347008
0.45754796,0.45754796
0.40704507,0.40704507
0.40335837,0.40335837
0.44256556,0.44256556
0.4251965,0.4251965
0.50938475,0.50938475
0.4768129,0.4768129
0.46995878,0.46995878
0.44284794,0.44284794
0.4136534,0.4136534
0.38766158,0.38766158
0.42073068,0.42073068
0.46611467,0.46611467
0.44099158,0.44099158
0.5440323,0.5440323
0.4368326,0.4368326
0.5044282,0.5044282
0.53273916,0.53273916
0.51047623,0.51047623
0.53028387,0.53028387
0.5457437,0.5457437
0.5177606,0.5177606
0.51384157,0.51384157
0.4400517,0.4400517
0.39893442,0.39893442
0.5405805,0.5405805
0.56945086,0.56945086
0.5677474,0.5677474
0.53999937,0.53999937
0.5506413,0.5506413
0.55259246,0.55259246
0.45606446,0.45606446
0.4563168,0.4563168
0.45202318,0.45202318
0.4565415,0.4565415
0.40315208,0.40315208
0.530359,0.530359
0.50846606,0.50846606
0.5337392,0.5337392
0.51975656,0.51975656
0.5135538,0.5135538
0.46026757,0.46026757
0.4638459,0.4638459
0.4844669,0.4844669
0.51384455,0.51384455
0.47252876,0.47252876
0.48714313,0.48714313
0.43822208,0.43822208
0.4148978,0.4148978
0.41376248,0.41376248
0.45169175,0.45169175
0.4356183,0.4356183
0.5288794,0.5288794
0.5300011,0.5300011
0.4493012,0.4493012
0.4376888,0.4376888
0.43085417,0.43085417
0.4592401,0.4592401
0.4310557,0.4310557
0.46442756,0.46442756
0.50473714,0.50473714
0.4810356,0.4810356
0.4896645,0.4896645
0.49477693,0.49477693
0.48840258,0.48840258
0.40825027,0.40825027
0.5255296,0.5255296
0.48430198,0.48430198
0.4687148,0.4687148
0.51054657,0.51054657
0.51110774,0.51110774
0.45573094,0.45573094
0.53997236,0.53997236
0.5306193,0.5306193
0.51948863,0.51948863
0.5171926,0.5171926
0.5442453,0.5442453
0.49411607,0.49411607
0.5254216,0.5254216
0.52926797,0.52926797
0.6299734,0.6299734
0.5348782,0.5348782
0.4854906,0.4854906
0.43334773,0.43334773
0.5237451,0.5237451
0.5597634,0.5597634
0.5153313,0.5153313
0.48419744,0.48419744
0.52306366,0.52306366
0.44615704,0.44615704
0.5101566,0.5101566
0.49232256,0.49232256
0.5149189,0.5149189
0.5471415,0.5471415
0.49261954,0.49261954
0.45848817,0.45848817
0.49746746,0.49746746
0.47217765,0.47217765
0.55441535,0.55441535
0.5035837,0.5035837
0.49900743,0.49900743
0.53811675,0.53811675
0.522154,0.522154
0.5289291,0.5289291
0.49630973,0.49630973
0.478881,0.478881
0.47680846,0.47680846
0.50697154,0.50697154
0.47874817,0.47874817
0.49057892,0.49057892
0.51067334,0.51067334
0.53299135,0.53299135
0.5059273,0.5059273
0.53726804,0.53726804
0.45037183,0.45037183
0.48523742,0.48523742
0.45606366,0.45606366
0.53323936,0.53323936
0.5319121,0.5319121
0.5457725,0.5457725
0.50173706,0.50173706
0.48706752,0.48706752
0.50220084,0.50220084
0.4564264,0.4564264
0.4702405,0.4702405
0.48472008,0.48472008
0.4941661,0.4941661
0.5022214,0.5022214
0.47886378,0.47886378
0.48925763,0.48925763
0.43911105,0.43911105
0.4766685,0.4766685
0.52072114,0.52072114
0.4731604,0.4731604
0.39200395,0.39200395
0.49450317,0.49450317
0.51923233,0.51923233
0.46121842,0.46121842
0.4400314,0.4400314
0.41019166,0.41019166
0.47088268,0.47088268
0.47622558,0.47622558
0.3917873,0.3917873
0.48051003,0.48051003
0.45308366,0.45308366
0.5146884,0.5146884
0.48355532,0.48355532
0.4514269,0.4514269
0.5518142,0.5518142
0.4866245,0.4866245
0.5188758,0.5188758
0.5007193,0.5007193
0.44496623,0.44496623
0.48314455,0.48314455
0.50184315,0.50184315
0.56020814,0.56020814
0.559642,0.559642
0.5373249,0.5373249
0.54438967,0.54438967
0.4843151,0.4843151
0.4901137,0.4901137
0.519137,0.519137
0.5476786,0.5476786
0.5265316,0.5265316
0.51063323,0.51063323
0.47636798,0.47636798
0.5051181,0.5051181
0.46548,0.46548
0.5014245,0.5014245
0.5097846,0.5097846
0.56437147,0.56437147
0.46265578,0.46265578
0.47760049,0.47760049
0.5126334,0.5126334
0.5274351,0.5274351
0.51716316,0.51716316
0.50876296,0.50876296
0.5008681,0.5008681
0.4819128,0.4819128
0.4761279,0.4761279
0.48910132,0.48910132
0.46950227,0.46950227
0.5241428,0.5241428
0.5066606,0.5066606
0.5321053,0.5321053
0.5290261,0.5290261
0.48680994,0.48680994
0.4780916,0.4780916
0.46963182,0.46963182
0.50249684,0.50249684
0.50961185,0.50961185
0.5195706,0.5195706
0.58220744,0.58220744
0.42437145,0.42437145
0.39301586,0.39301586
0.4341169,0.4341169
0.51277536,0.51277536
0.5568808,0.5568808
0.5184963,0.5184963
0.46698603,0.46698603
0.40910208,0.40910208
0.5167785,0.5167785
0.5244754,0.5244754
0.4477038,0.4477038
0.41393164,0.41393164
0.417459,0.417459
0.6040761,0.6040761
0.4599339,0.4599339
0.5292593,0.5292593
0.5240311,0.5240311
0.46700743,0.46700743
0.45073605,0.45073605
0.46395665,0.46395665
0.4515976,0.4515976
0.3891256,0.3891256
0.48339853,0.48339853
0.44561145,0.44561145
0.48345625,0.48345625
0.47173005,0.47173005
0.5042756,0.5042756
0.4352695,0.4352695
0.4949,0.4949
0.48609447,0.48609447
0.5142389,0.5142389
0.44943848,0.44943848
0.48505637,0.48505637
0.4487832,0.4487832
0.48159885,0.48159885
0.4807963,0.4807963
0.53929996,0.53929996
0.51076174,0.51076174
0.5441591,0.5441591
0.44758672,0.44758672
0.47815582,0.47815582
0.3995071,0.3995071
0.46079198,0.46079198
0.4729131,0.4729131
0.44094476,0.44094476
0.4490603,0.4490603
0.45433596,0.45433596
0.43292025,0.43292025
0.47272697,0.47272697
0.42710373,0.42710373
0.4585557,0.4585557
0.4788489,0.4788489
0.49780223,0.49780223
0.49037156,0.49037156
0.5109104,0.5109104
0.4852877,0.4852877
0.5421883,0.5421883
0.54125404,0.54125404
0.5237216,0.5237216
0.46259606,0.46259606
0.49602622,0.49602622
0.5150811,0.5150811
0.4520538,0.4520538
0.47982645,0.47982645
0.4845471,0.4845471
0.47500235,0.47500235
0.49724966,0.49724966
0.48754856,0.48754856
0.50435287,0.50435287
0.50848377,0.50848377
0.5122779,0.5122779
0.48044935,0.48044935
0.49812648,0.49812648
0.43593878,0.43593878
0.44085816,0.44085816
0.44957042,0.44957042
0.41301677,0.41301677
0.45431694,0.45431694
0.47779897,0.47779897
0.48892576,0.48892576
0.49777505,0.49777505
0.45133558,0.45133558
0.4636816,0.4636816
0.4286159,0.4286159
0.4379035,0.4379035
0.5156468,0.5156468
0.49852633,0.49852633
0.47173342,0.47173342
0.4703125,0.4703125
0.47901496,0.47901496
0.43055502,0.43055502
0.45015326,0.45015326
0.5489662,0.5489662
0.45586374,0.45586374
0.43307438,0.43307438
0.5384498,0.5384498
0.45848307,0.45848307
0.4876625,0.4876625
0.4619973,0.4619973
0.38728592,0.38728592
0.4016667,0.4016667
0.3825328,0.3825328
0.40066928,0.40066928
0.48838067,0.48838067
0.46102607,0.46102607
0.5287412,0.5287412
0.5029096,0.5029096
0.49124828,0.49124828
0.57387286,0.57387286
0.45751074,0.45751074
0.4092646,0.4092646
0.44464058,0.44464058
0.4266375,0.4266375
0.4677953,0.4677953
0.48065585,0.48065585
0.48849267,0.48849267
0.5049861,0.5049861
0.5224652,0.5224652
0.49526188,0.49526188
0.4650059,0.4650059
0.41827717,0.41827717
0.42347497,0.42347497
0.4466342,0.4466342
0.45469844,0.45469844
0.39596444,0.39596444
0.4580092,0.4580092
0.4130916,0.4130916
0.46136764,0.46136764
0.41969508,0.41969508
0.43528515,0.43528515
0.39526543,0.39526543
0.5055294,0.5055294
0.42454985,0.42454985
0.56126004,0.56126004
0.42554182,0.42554182
0.4150242,0.4150242
0.5306887,0.5306887
0.4969599,0.4969599
0.53057694,0.53057694
0.41391116,0.41391116
0.40468752,0.40468752
0.45685738,0.45685738
0.51429945,0.51429945
0.5468847,0.5468847
0.5317457,0.5317457
0.45636857,0.45636857
0.44887823,0.44887823
0.4790009,0.4790009
0.48602054,0.48602054
0.3991221,0.3991221
0.44558683,0.44558683
0.46623224,0.46623224
0.466835,0.466835
0.46908575,0.46908575
0.46919444,0.46919444
0.4280574,0.4280574
0.39987823,0.39987823
0.41338626,0.41338626
0.46777678,0.46777678
0.42253947,0.42253947
0.46427146,0.46427146
0.42502302,0.42502302
0.405322,0.405322
0.4430358,0.4430358
0.41106564,0.41106564
0.41574234,0.41574234
0.41053838,0.41053838
0.44427136,0.44427136
0.4169368,0.4169368
0.4361499,0.4361499
0.48153692,0.48153692
0.4240859,0.4240859
0.4045619,0.4045619
0.4234236,0.4234236
0.46287784,0.46287784
0.5100428,0.5100428
0.5431651,0.5431651
0.36398676,0.36398676
0.42499724,0.42499724
0.42191353,0.42191353
0.4404067,0.4404067
0.49676204,0.49676204
0.4380884,0.4380884
0.42783007,0.42783007
0.4533372,0.4533372
0.51578486,0.51578486
0.5052691,0.5052691
0.46290615,0.46290615
0.44781044,0.44781044
0.4731022,0.4731022
0.47645798,0.47645798
0.4864727,0.4864727
0.4808875,0.4808875
0.4490473,0.4490473
0.44347206,0.44347206
0.43326774,0.43326774
0.44523895,0.44523895
0.5183305,0.5183305
0.5133512,0.5133512
0.5054962,0.5054962
0.49007455,0.49007455
0.5099561,0.5099561
0.45915392,0.45915392
0.5028621,0.5028621
0.46034467,0.46034467
0.55309546,0.55309546
0.5019211,0.5019211
0.47645327,0.47645327
0.54215884,0.54215884
0.551389,0.551389
0.52894473,0.52894473
0.49589333,0.49589333
0.47405943,0.47405943
0.47810307,0.47810307
0.5012669,0.5012669
0.55119675,0.55119675
0.49671772,0.49671772
0.54124683,0.54124683
0.51081574,0.51081574
0.48964906,0.48964906
0.51004624,0.51004624
0.46955997,0.46955997
0.48442307,0.48442307
0.45103478,0.45103478
0.42964682,0.42964682
0.4300961,0.4300961
0.44364145,0.44364145
0.4294709,0.4294709
0.4406533,0.4406533
0.48275787,0.48275787
0.41075644,0.41075644
0.42392647,0.42392647
0.38230935,0.38230935
0.42416292,0.42416292
0.43587837,0.43587837
0.46352908,0.46352908
0.44739157,0.44739157
0.52716696,0.52716696
0.538379,0.538379
0.5008358,0.5008358
0.5291192,0.5291192
0.4706693,0.4706693
0.46165538,0.46165538
0.4684148,0.4684148
0.4502189,0.4502189
0.39212367,0.39212367
0.4656393,0.4656393
0.49332613,0.49332613
0.4666664,0.4666664
0.49273247,0.49273247
0.47846213,0.47846213
0.50143903,0.50143903
0.47530344,0.47530344
0.4765941,0.4765941
0.45906034,0.45906034
0.49572763,0.49572763
0.5399247,0.5399247
0.5273335,0.5273335
0.47901917,0.47901917
0.51939124,0.51939124
0.47695544,0.47695544
0.46061915,0.46061915
0.46508354,0.46508354
0.48538992,0.48538992
0.44486114,0.44486114
0.48419592,0.48419592
0.481507,0.481507
0.41995713,0.41995713
0.47243786,0.47243786
0.4768717,0.4768717
0.5091954,0.5091954
0.5036033,0.5036033
0.51052463,0.51052463
0.5114427,0.5114427
0.48154506,0.48154506
0.4387048,0.4387048
0.45069715,0.45069715
0.45849368,0.45849368
0.44095114,0.44095114
0.42699072,0.42699072
0.4462309,0.4462309
0.43574855,0.43574855
0.42267522,0.42267522
0.40885678,0.40885678
0.43565202,0.43565202
0.39484698,0.39484698
0.55262846,0.55262846
0.5342959,0.5342959
0.5509073,0.5509073
0.53915346,0.53915346
0.5425497,0.5425497
0.5080295,0.5080295
0.46616596,0.46616596
0.51440763,0.51440763
0.5282471,0.5282471
0.5027396,0.5027396
0.57463706,0.57463706
0.5138049,0.5138049
0.49250042,0.49250042
0.54665834,0.54665834
0.48447332,0.48447332
0.46393344,0.46393344
0.54394007,0.54394007
0.50607246,0.50607246
0.47041032,0.47041032
0.4946975,0.4946975
0.48991844,0.48991844
0.48189408,0.48189408
0.5038892,0.5038892
0.55668694,0.55668694
0.48919696,0.48919696
0.49652228,0.49652228
0.49436668,0.49436668
0.44082242,0.44082242
0.4720179,0.4720179
0.50210905,0.50210905
0.5216578,0.5216578
0.51020145,0.51020145
0.51740795,0.51740795
0.44873005,0.44873005
0.5407849,0.5407849
0.48784944,0.48784944
0.39072156,0.39072156
0.5328725,0.5328725
0.4654369,0.4654369
0.41695714,0.41695714
0.44506872,0.44506872
0.45895883,0.45895883
0.544407,0.544407
0.4401355,0.4401355
0.43582955,0.43582955
0.44175315,0.44175315
0.4655406,0.4655406
0.47697243,0.47697243
0.49490198,0.49490198
0.52543014,0.52543014
0.5058288,0.5058288
0.49406782,0.49406782
0.44475994,0.44475994
0.43670273,0.43670273
0.38752744,0.38752744
0.39473382,0.39473382
0.45064515,0.45064515
0.42495164,0.42495164
0.47838104,0.47838104
0.5201068,0.5201068
0.5566547,0.5566547
0.46317914,0.46317914
0.47668526,0.47668526
0.44287473,0.44287473
0.41279086,0.41279086
0.47556722,0.47556722
0.3742452,0.3742452
0.3895448,0.3895448
0.44185883,0.44185883
0.45431617,0.45431617
0.40150595,0.40150595
0.479485,0.479485
0.40478265,0.40478265
0.44862026,0.44862026
0.49591342,0.49591342
0.49608278,0.49608278
0.4993141,0.4993141
0.5816837,0.5816837
0.41955978,0.41955978
0.44746995,0.44746995
0.5077571,0.5077571
0.45917395,0.45917395
0.47770545,0.47770545
0.5018079,0.5018079
0.48543102,0.48543102
0.48543468,0.48543468
0.4577215,0.4577215
0.4215719,0.4215719
0.5300783,0.5300783
0.42103,0.42103
0.50029624,0.50029624
0.5228923,0.5228923
0.47619945,0.47619945
0.5133289,0.5133289
0.43328956,0.43328956
0.4473804,0.4473804
0.47098067,0.47098067
0.47123846,0.47123846
0.46709117,0.46709117
0.46064046,0.46064046
0.44272217,0.44272217
0.5359581,0.5359581
0.49695766,0.49695766
0.48788166,0.48788166
0.4719067,0.4719067
0.49216136,0.49216136
0.46218795,0.46218795
0.55269665,0.55269665
0.5193028,0.5193028
0.5128076,0.5128076
0.49106655,0.49106655
0.48862234,0.48862234
0.51784223,0.51784223
0.50090015,0.50090015
0.56442374,0.56442374
0.5235774,0.5235774
0.5325947,0.5325947
0.45185593,0.45185593
0.4235292,0.4235292
0.49078754,0.49078754
0.43669373,0.43669373
0.47526702,0.47526702
0.5004096,0.5004096
0.49191186,0.49191186
0.39229733,0.39229733
0.43909287,0.43909287
0.4416433,0.4416433
0.42476577,0.42476577
0.41834205,0.41834205
0.46752992,0.46752992
0.445579,0.445579
0.44899887,0.44899887
0.47580275,0.47580275
0.48040318,0.48040318
0.48091602,0.48091602
0.4401843,0.4401843
0.453609,0.453609
0.5149617,0.5149617
0.46999598,0.46999598
0.45106253,0.45106253
0.44673005,0.44673005
0.33818942,0.33818942
0.32923388,0.32923388
0.3675033,0.3675033
0.43412417,0.43412417
0.4620614,0.4620614
0.4940663,0.4940663
0.49803174,0.49803174
0.4687624,0.4687624
0.52421474,0.52421474
0.5444792,0.5444792
0.4513325,0.4513325
0.49097392,0.49097392
0.5045279,0.5045279
0.526565,0.526565
0.53889817,0.53889817
0.5307964,0.5307964
0.5691978,0.5691978
0.5798606,0.5798606
0.5278795,0.5278795
0.54497755,0.54497755
0.5008845,0.5008845
0.5376152,0.5376152
0.5474811,0.5474811
0.49673694,0.49673694
0.49197862,0.49197862
0.49835452,0.49835452
0.5157327,0.5157327
0.5133242,0.5133242
0.5336013,0.5336013
0.51680547,0.51680547
0.49011993,0.49011993
0.49531484,0.49531484
0.46173912,0.46173912
0.42289165,0.42289165
0.4982796,0.4982796
0.5092639,0.5092639
0.45633382,0.45633382
0.44611585,0.44611585
0.5194239,0.5194239
0.48274577,0.48274577
0.42644444,0.42644444
0.5337043,0.5337043
0.4779875,0.4779875
0.45324948,0.45324948
0.43374467,0.43374467
0.4713284,0.4713284
0.47687852,0.47687852
0.5439634,0.5439634
0.3935465,0.3935465
0.36133683,0.36133683
0.47533342,0.47533342
0.5255321,0.5255321
0.48437154,0.48437154
0.49493366,0.49493366
0.48356226,0.48356226
0.4708207,0.4708207
0.5103966,0.5103966
0.41755417,0.41755417
0.49771133,0.49771133
0.5808252,0.5808252
0.45232514,0.45232514
0.4691411,0.4691411
0.43728238,0.43728238
0.47103202,0.47103202
0.5012112,0.5012112
0.48530564,0.48530564
0.4382473,0.4382473
0.41408837,0.41408837
0.39547148,0.39547148
0.40436357,0.40436357
0.5153928,0.5153928
0.4231729,0.4231729
0.4656202,0.4656202
0.5048968,0.5048968
0.52289295,0.52289295
0.51013017,0.51013017
0.53802806,0.53802806
0.5189584,0.5189584
0.5229948,0.5229948
0.46421427,0.46421427
0.4756489,0.4756489
0.47348475,0.47348475
0.51226026,0.51226026
0.5121524,0.5121524
0.5387703,0.5387703
0.53179634,0.53179634
0.49591416,0.49591416
0.51313835,0.51313835
0.5517799,0.5517799
0.49660578,0.49660578
0.52089334,0.52089334
0.4710896,0.4710896
0.51110137,0.51110137
0.5297712,0.5297712
0.5162215,0.5162215
0.48644137,0.48644137
0.5341229,0.5341229
0.5285977,0.5285977
0.4496153,0.4496153
0.44684762,0.44684762
0.4331793,0.4331793
0.35121322,0.35121322
0.44065434,0.44065434
0.37420973,0.37420973
0.44811106,0.44811106
0.4783249,0.4783249
0.517717,0.517717
0.41734463,0.41734463
0.4321384,0.4321384
0.46093756,0.46093756
0.49979895,0.49979895
0.41067293,0.41067293
0.4467526,0.4467526
0.5705509,0.5705509
0.53364635,0.53364635
0.4321388,0.4321388
0.43215886,0.43215886
0.41079825,0.41079825
0.51502544,0.51502544
0.4760506,0.4760506
0.498894,0.498894
0.53000087,0.53000087
0.59244865,0.59244865
0.5507809,0.5507809
0.49891478,0.49891478
0.5040713,0.5040713
0.37322485,0.37322485
0.374721,0.374721
0.38484102,0.38484102
0.42183855,0.42183855
0.53143096,0.53143096
0.5454241,0.5454241
0.55424213,0.55424213
0.53937334,0.53937334
0.5078867,0.5078867
0.5099282,0.5099282
0.49894974,0.49894974
0.47697002,0.47697002
0.5069305,0.5069305
0.48594326,0.48594326
0.44368273,0.44368273
0.48443362,0.48443362
0.4928702,0.4928702
0.4656214,0.4656214
0.5113884,0.5113884
0.49187112,0.49187112
0.53788644,0.53788644
0.4954443,0.4954443
0.5384265,0.5384265
0.5002924,0.5002924
0.5175957,0.5175957
0.5200516,0.5200516
0.46844593,0.46844593
0.51400065,0.51400065
0.49868432,0.49868432
0.4816509,0.4816509
0.5009756,0.5009756
0.43489584,0.43489584
0.49669027,0.49669027
0.5480121,0.5480121
0.5078188,0.5078188
0.4417785,0.4417785
0.49501237,0.49501237
0.49091625,0.49091625
0.5228391,0.5228391
0.5177245,0.5177245
0.5004081,0.5004081
0.5560439,0.5560439
0.5289186,0.5289186
0.5498067,0.5498067
0.5125642,0.5125642
0.47879404,0.47879404
0.4664251,0.4664251
0.52715003,0.52715003
0.52802664,0.52802664
0.5903868,0.5903868
0.53599936,0.53599936
0.4809657,0.4809657
0.53903186,0.53903186
0.49318883,0.49318883
0.5554142,0.5554142
0.4019929,0.4019929
0.474481,0.474481
0.46498683,0.46498683
0.45385495,0.45385495
0.48077232,0.48077232
0.44298944,0.44298944
0.39062065,0.39062065
0.5055426,0.5055426
0.48909763,0.48909763
0.47128716,0.47128716
0.53867435,0.53867435
0.47256646,0.47256646
0.51618266,0.51618266
0.4422271,0.4422271
0.5183022,0.5183022
0.5003293,0.5003293
0.5071303,0.5071303
0.5142036,0.5142036
0.5354059,0.5354059
0.44974685,0.44974685
0.4495426,0.4495426
0.51941997,0.51941997
0.43925083,0.43925083
0.4337612,0.4337612
0.4868051,0.4868051
0.4583137,0.4583137
0.46777746,0.46777746
0.43303365,0.43303365
0.46766156,0.46766156
0.49265078,0.49265078
0.53127855,0.53127855
0.4839393,0.4839393
0.43389645,0.43389645
0.4665062,0.4665062
0.46717364,0.46717364
0.48990485,0.48990485
0.43226978,0.43226978
0.4454705,0.4454705
0.4618002,0.4618002
0.4760542,0.4760542
0.43409264,0.43409264
0.50538325,0.50538325
0.4789305,0.4789305
0.4718498,0.4718498
0.4938152,0.4938152
0.45331338,0.45331338
0.50872517,0.50872517
0.531123,0.531123
0.5434415,0.5434415
0.54539865,0.54539865
0.5201127,0.5201127
0.524767,0.524767
0.5174809,0.5174809
0.51233137,0.51233137
0.5510998,0.5510998
0.5354588,0.5354588
0.5131209,0.5131209
0.54841745,0.54841745
0.49480253,0.49480253
0.47969997,0.47969997
0.48532912,0.48532912
0.49379683,0.49379683
0.4993212,0.4993212
0.5223756,0.5223756
0.46871218,0.46871218
0.54352057,0.54352057
0.47874442,0.47874442
0.47022653,0.47022653
0.48781857,0.48781857
0.5253333,0.5253333
0.5218327,0.5218327
0.54798,0.54798
0.48743886,0.48743886
0.4970348,0.4970348
0.49355766,0.49355766
0.46294004,0.46294004
0.4327583,0.4327583
0.50763524,0.50763524
0.4626073,0.4626073
0.41841578,0.41841578
0.47304678,0.47304678
0.50658274,0.50658274
0.43389937,0.43389937
0.49481,0.49481
0.5190914,0.5190914
0.5074168,0.5074168
0.51590973,0.51590973
0.5016007,0.5016007
0.54069555,0.54069555
0.46787086,0.46787086
0.4212386,0.4212386
0.44563335,0.44563335
0.47815946,0.47815946
0.47733825,0.47733825
0.51370066,0.51370066
0.5686771,0.5686771
0.5750429,0.5750429
0.41732758,0.41732758
0.47870088,0.47870088
0.5354662,0.5354662
0.5089552,0.5089552
0.4373394,0.4373394
0.45750615,0.45750615
0.4397126,0.4397126
0.41854998,0.41854998
0.42288417,0.42288417
0.43638372,0.43638372
0.5122961,0.5122961
0.52111554,0.52111554
0.5215078,0.5215078
0.5409513,0.5409513
0.51140153,0.51140153
0.5080617,0.5080617
0.4810734,0.4810734
0.54942465,0.54942465
0.4213298,0.4213298
0.46991748,0.46991748
0.508511,0.508511
0.50107896,0.50107896
0.46384317,0.46384317
0.43552616,0.43552616
0.399893,0.399893
0.4906851,0.4906851
0.4355618,0.4355618
0.4516026,0.4516026
0.43803,0.43803
0.51286674,0.51286674
0.42618498,0.42618498
0.4268764,0.4268764
0.46954668,0.46954668
0.51914155,0.51914155
0.46227863,0.46227863
0.5365913,0.5365913
0.42881623,0.42881623
0.5490153,0.5490153
0.58114636,0.58114636
0.47934204,0.47934204
0.48445642,0.48445642
0.4945239,0.4945239
0.47396085,0.47396085
0.46744853,0.46744853
0.5355784,0.5355784
0.5508052,0.5508052
0.49384516,0.49384516
0.4563007,0.4563007
0.44978786,0.44978786
0.42959785,0.42959785
0.44409552,0.44409552
0.53294265,0.53294265
0.5425906,0.5425906
0.47916433,0.47916433
0.49815044,0.49815044
0.45026407,0.45026407
0.4403594,0.4403594
0.42973134,0.42973134
0.3906912,0.3906912
0.49733296,0.49733296
0.49306443,0.49306443
0.48173866,0.48173866
0.46834174,0.46834174
0.5067272,0.5067272
0.50982535,0.50982535
0.5164384,0.5164384
0.5232904,0.5232904
0.48965186,0.48965186
0.5504319,0.5504319
0.41136074,0.41136074
0.42567715,0.42567715
0.45954993,0.45954993
0.48578447,0.48578447
0.4927441,0.4927441
0.47691154,0.47691154
0.4988626,0.4988626
0.5501975,0.5501975
0.458059,0.458059
0.5084331,0.5084331
0.4700465,0.4700465
0.45324314,0.45324314
0.43954003,0.43954003
0.4635928,0.4635928
0.49852642,0.49852642
0.46421263,0.46421263
0.467702,0.467702
0.47835597,0.47835597
0.5005148,0.5005148
0.5163851,0.5163851
0.5195817,0.5195817
0.5196869,0.5196869
0.5331915,0.5331915
0.52300173,0.52300173
0.47687265,0.47687265
0.4907622,0.4907622
0.5241202,0.5241202
0.5030797,0.5030797
0.44363114,0.44363114
0.5441435,0.5441435
0.49481824,0.49481824
0.52529985,0.52529985
0.4919898,0.4919898
0.5527062,0.5527062
0.47911963,0.47911963
0.5292327,0.5292327
0.49732417,0.49732417
0.5049906,0.5049906
0.5462098,0.5462098
0.58702123,0.58702123
0.52744645,0.52744645
0.52413917,0.52413917
0.49519736,0.49519736
0.5081523,0.5081523
0.510032,0.510032
0.4573667,0.4573667
0.5244773,0.5244773
0.4490939,0.4490939
0.37634224,0.37634224
0.40006053,0.40006053
0.42220223,0.42220223
0.45049956,0.45049956
0.45094806,0.45094806
0.43133494,0.43133494
0.46865836,0.46865836
0.38285786,0.38285786
0.38850522,0.38850522
0.5366085,0.5366085
0.56941557,0.56941557
0.48879632,0.48879632
0.51300913,0.51300913
0.5907284,0.5907284
0.5411868,0.5411868
0.5077911,0.5077911
0.5271387,0.5271387
0.4704298,0.4704298
0.5476005,0.5476005
0.50883824,0.50883824
0.5063906,0.5063906
0.5223861,0.5223861
0.52500695,0.52500695
0.49879476,0.49879476
0.5314103,0.5314103
0.4994592,0.4994592
0.5275362,0.5275362
0.52430594,0.52430594
0.53704774,0.53704774
0.49947613,0.49947613
0.504793,0.504793
0.49835163,0.49835163
0.5006501,0.5006501
0.5244649,0.5244649
0.49383882,0.49383882
0.51120466,0.51120466
0.5323696,0.5323696
0.5096427,0.5096427
0.49112183,0.49112183
0.5209466,0.5209466
0.47796196,0.47796196
0.50039387,0.50039387
0.53597546,0.53597546
0.5187058,0.5187058
0.50707185,0.50707185
0.5469291,0.5469291
0.50817,0.50817
0.5031597,0.5031597
0.5644669,0.5644669
0.523846,0.523846
0.46617714,0.46617714
0.5331712,0.5331712
0.5736296,0.5736296
0.50150985,0.50150985
0.57527673,0.57527673
0.50644684,0.50644684
0.4879259,0.4879259
0.5342012,0.5342012
0.52804756,0.52804756
0.46425903,0.46425903
0.46219566,0.46219566
0.46036428,0.46036428
0.43965572,0.43965572
0.43653578,0.43653578
0.45402607,0.45402607
0.4662006,0.4662006
0.51967496,0.51967496
0.52193767,0.52193767
0.5149486,0.5149486
0.5103865,0.5103865
0.5317185,0.5317185
0.54923016,0.54923016
0.51395816,0.51395816
0.5686595,0.5686595
0.508865,0.508865
0.53002477,0.53002477
0.5044643,0.5044643
0.48774487,0.48774487
0.49868903,0.49868903
0.5216525,0.5216525
0.44113395,0.44113395
0.49388185,0.49388185
0.44900107,0.44900107
0.552749,0.552749
0.5181536,0.5181536
0.5134385,0.5134385
0.51212144,0.51212144
0.526739,0.526739
0.5353555,0.5353555
0.4627782,0.4627782
0.5324419,0.5324419
0.5480431,0.5480431
0.5048486,0.5048486
0.5140315,0.5140315
0.5182889,0.5182889
0.4689219,0.4689219
0.44519803,0.44519803
0.47602257,0.47602257
0.4813162,0.4813162
0.525351,0.525351
0.47978726,0.47978726
0.47531608,0.47531608
0.48977718,0.48977718
0.53187513,0.53187513
0.5553026,0.5553026
0.56743085,0.56743085
0.52674645,0.52674645
0.5189999,0.5189999
0.45571026,0.45571026
0.47053078,0.47053078
0.45330966,0.45330966
0.48925063,0.48925063
0.50206083,0.50206083
0.42034832,0.42034832
0.5312611,0.5312611
0.44891977,0.44891977
0.4547705,0.4547705
0.52640396,0.52640396
0.5051844,0.5051844
0.52154374,0.52154374
0.5178611,0.5178611
0.4833311,0.4833311
0.467535,0.467535
0.507794,0.507794
0.54295087,0.54295087
0.5053413,0.5053413
0.526426,0.526426
0.5609889,0.5609889
0.5321663,0.5321663
0.5385451,0.5385451
0.54810566,0.54810566
0.4413906,0.4413906
0.48255083,0.48255083
0.4845489,0.4845489
0.49882567,0.49882567
0.47970593,0.47970593
0.5149063,0.5149063
0.52372944,0.52372944
0.55112374,0.55112374
0.52600646,0.52600646
0.53364646,0.53364646
0.4836608,0.4836608
0.5746513,0.5746513
0.4990805,0.4990805
0.49722138,0.49722138
0.49668705,0.49668705
0.46890542,0.46890542
0.50059056,0.50059056
0.4964924,0.4964924
0.5109072,0.5109072
0.47690618,0.47690618
0.51046586,0.51046586
0.51072514,0.51072514
0.49045104,0.49045104
0.4929663,0.4929663
0.5459121,0.5459121
0.53108484,0.53108484
0.48498473,0.48498473
0.5209812,0.5209812
0.5517938,0.5517938
0.5161729,0.5161729
0.5071618,0.5071618
0.49537885,0.49537885
0.52748376,0.52748376
0.506578,0.506578
0.55637205,0.55637205
0.4811315,0.4811315
0.5013675,0.5013675
0.49761486,0.49761486
0.5363649,0.5363649
0.50583845,0.50583845
0.47380295,0.47380295
0.51316464,0.51316464
0.506212,0.506212
0.55347633,0.55347633
0.5464829,0.5464829
0.48381284,0.48381284
0.49483612,0.49483612
0.53705823,0.53705823
0.52681416,0.52681416
0.48734355,0.48734355
0.44729406,0.44729406
0.5360664,0.5360664
0.5146173,0.5146173
0.44817054,0.44817054
0.46818706,0.46818706
0.54303205,0.54303205
0.5401919,0.5401919
0.45925942,0.45925942
0.5589735,0.5589735
0.579897,0.579897
0.5397716,0.5397716
0.50123507,0.50123507
0.4771225,0.4771225
0.49942464,0.49942464
0.49724272,0.49724272
0.4797063,0.4797063
0.46409863,0.46409863
0.42457268,0.42457268
0.45519271,0.45519271
0.46577013,0.46577013
0.51690704,0.51690704
0.5200326,0.5200326
0.48459983,0.48459983
0.46847504,0.46847504
0.5243769,0.5243769
0.53205234,0.53205234
0.45038512,0.45038512
0.44920328,0.44920328
0.47723305,0.47723305
0.5102066,0.5102066
0.4864069,0.4864069
0.47963622,0.47963622
0.47648245,0.47648245
0.4795325,0.4795325
0.51314694,0.51314694
0.4534894,0.4534894
0.5246049,0.5246049
0.54651254,0.54651254
0.4592597,0.4592597
0.4353001,0.4353001
0.42856708,0.42856708
0.53063667,0.53063667
0.5204558,0.5204558
0.4943328,0.4943328
0.5037033,0.5037033
0.4578474,0.4578474
0.4671499,0.4671499
0.4858756,0.4858756
0.5064396,0.5064396
0.4918602,0.4918602
0.50157297,0.50157297
0.4306756,0.4306756
0.43821654,0.43821654
0.48133555,0.48133555
0.46057883,0.46057883
0.48930427,0.48930427
0.5185105,0.5185105
0.4693688,0.4693688
0.4481559,0.4481559
0.50635034,0.50635034
0.46681806,0.46681806
0.4604376,0.4604376
0.52725995,0.52725995
0.46182352,0.46182352
0.5261069,0.5261069
0.44732246,0.44732246
0.48167995,0.48167995
0.46974877,0.46974877
0.43130368,0.43130368
0.48715037,0.48715037
0.5136748,0.5136748
0.50969464,0.50969464
0.42911837,0.42911837
0.45681718,0.45681718
0.48953462,0.48953462
0.5356469,0.5356469
0.5036727,0.5036727
0.46903172,0.46903172
0.42769086,0.42769086
0.44520214,0.44520214
0.46569768,0.46569768
0.4909123,0.4909123
0.41782868,0.41782868
0.51914394,0.51914394
0.47105077,0.47105077
0.5025482,0.5025482
0.42283064,0.42283064
0.4004656,0.4004656
0.44847474,0.44847474
0.4480235,0.4480235
0.48173368,0.48173368
0.5070326,0.5070326
0.48118356,0.48118356
0.44174382,0.44174382
0.51891214,0.51891214
0.5064954,0.5064954
0.5041509,0.5041509
0.49169508,0.49169508
0.5019424,0.5019424
0.46743417,0.46743417
0.52185464,0.52185464
0.48849213,0.48849213
0.4550368,0.4550368
0.46939814,0.46939814
0.48164544,0.48164544
0.5224854,0.5224854
0.5302884,0.5302884
0.5053928,0.5053928
0.4824878,0.4824878
0.49591354,0.49591354
0.46812567,0.46812567
0.507034,0.507034
0.5440544,0.5440544
0.48561367,0.48561367
0.50176394,0.50176394
0.5463681,0.5463681
0.5657147,0.5657147
0.5345017,0.5345017
0.5154376,0.5154376
0.50393885,0.50393885
0.4973006,0.4973006
0.50463766,0.50463766
0.5153658,0.5153658
0.51247865,0.51247865
0.53147465,0.53147465
0.56339157,0.56339157
0.50506973,0.50506973
0.44090083,0.44090083
0.4806707,0.4806707
0.4690605,0.4690605
0.46728852,0.46728852
0.5502866,0.5502866
0.4694511,0.4694511
0.5124247,0.5124247
0.543095,0.543095
0.5219706,0.5219706
0.46846935,0.46846935
0.46534064,0.46534064
0.4991256,0.4991256
0.57582676,0.57582676
0.5555794,0.5555794
0.519415,0.519415
0.53968346,0.53968346
0.47527626,0.47527626
0.45711884,0.45711884
0.46029732,0.46029732
0.45655182,0.45655182
0.5497618,0.5497618
0.49800855,0.49800855
0.503943,0.503943
0.46786308,0.46786308
0.4772707,0.4772707
0.47210547,0.47210547
0.437409,0.437409
0.4388833,0.4388833
0.45528978,0.45528978
0.46597943,0.46597943
0.4690362,0.4690362
0.45621628,0.45621628
0.47945026,0.47945026
0.4850507,0.4850507
0.50489867,0.50489867
0.43813655,0.43813655
0.5909326,0.5909326
0.50254613,0.50254613
0.46804032,0.46804032
0.47439831,0.47439831
0.508624,0.508624
0.49504107,0.49504107
0.47237906,0.47237906
0.48254374,0.48254374
0.5201131,0.5201131
0.4931622,0.4931622
0.5323473,0.5323473
0.5123583,0.5123583
0.5450745,0.5450745
0.50132245,0.50132245
0.47739628,0.47739628
0.48056847,0.48056847
0.5335147,0.5335147
0.4764802,0.4764802
0.42236272,0.42236272
0.46590766,0.46590766
0.46727398,0.46727398
0.53650564,0.53650564
0.45116583,0.45116583
0.4848098,0.4848098
0.46419868,0.46419868
0.48102424,0.48102424
0.4823775,0.4823775
0.4949541,0.4949541
0.5072517,0.5072517
0.509828,0.509828
0.48353696,0.48353696
0.5081296,0.5081296
0.51494026,0.51494026
0.53079414,0.53079414
0.49047127,0.49047127
0.5032061,0.5032061
0.49979243,0.49979243
0.4715231,0.4715231
0.44291067,0.44291067
0.5052175,0.5052175
0.42851496,0.42851496
0.50378156,0.50378156
0.4416765,0.4416765
0.5518973,0.5518973
0.489593,0.489593
0.42201582,0.42201582
0.4433602,0.4433602
0.48004714,0.48004714
0.46850324,0.46850324
0.4819416,0.4819416
0.51266927,0.51266927
0.50936073,0.50936073
0.49660435,0.49660435
0.4650352,0.4650352
0.52541196,0.52541196
0.50599277,0.50599277
0.52613795,0.52613795
0.5227623,0.5227623
0.47489032,0.47489032
0.48957115,0.48957115
0.5490493,0.5490493
0.48930246,0.48930246
0.5336811,0.5336811
0.53028923,0.53028923
0.516668,0.516668
0.5090813,0.5090813
0.5523235,0.5523235
0.5164692,0.5164692
0.46013963,0.46013963
0.4733879,0.4733879
0.53062785,0.53062785
0.41984692,0.41984692
0.5022379,0.5022379
0.45663348,0.45663348
0.46207616,0.46207616
0.50496984,0.50496984
0.4491139,0.4491139
0.43254507,0.43254507
0.46586064,0.46586064
0.40846503,0.40846503
0.5187375,0.5187375
0.4594423,0.4594423
0.48205099,0.48205099
0.4892428,0.4892428
0.5040532,0.5040532
0.47350687,0.47350687
0.41603717,0.41603717
0.41221368,0.41221368
0.43479013,0.43479013
0.45597276,0.45597276
0.48239228,0.48239228
0.51131976,0.51131976
0.5009404,0.5009404
0.5098684,0.5098684
0.47806296,0.47806296
0.49372652,0.49372652
0.5019922,0.5019922
0.504216,0.504216
0.5016637,0.5016637
0.46200284,0.46200284
0.48899484,0.48899484
0.50319576,0.50319576
0.50104266,0.50104266
0.48400313,0.48400313
0.52503234,0.52503234
0.5301204,0.5301204
0.5551484,0.5551484
0.5306963,0.5306963
0.5150651,0.5150651
0.509153,0.509153
0.48968336,0.48968336
0.49972308,0.49972308
0.48868278,0.48868278
0.48503157,0.48503157
0.52216804,0.52216804
0.53386945,0.53386945
0.5049194,0.5049194
0.4637989,0.4637989
0.5156203,0.5156203
0.4967083,0.4967083
0.4542249,0.4542249
0.5404008,0.5404008
0.5332594,0.5332594
0.46771303,0.46771303
0.53659624,0.53659624
0.46332148,0.46332148
0.47251672,0.47251672
0.5114668,0.5114668
0.49189517,0.49189517
0.4938354,0.4938354
0.52967227,0.52967227
0.53276044,0.53276044
0.49111715,0.49111715
0.5075769,0.5075769
0.5268767,0.5268767
0.53762066,0.53762066
0.4964839,0.4964839
0.44448224,0.44448224
0.49852914,0.49852914
0.45643958,0.45643958
0.44278368,0.44278368
0.4650058,0.4650058
0.5133364,0.5133364
0.45285365,0.45285365
0.49504024,0.49504024
0.5006516,0.5006516
0.50101763,0.50101763
0.52154005,0.52154005
0.5460308,0.5460308
0.53678495,0.53678495
0.53893626,0.53893626
0.53212947,0.53212947
0.50454545,0.50454545
0.40337312,0.40337312
0.44061,0.44061
0.4830179,0.4830179
0.46284416,0.46284416
0.51707333,0.51707333
0.5060009,0.5060009
0.47350162,0.47350162
0.47352898,0.47352898
0.39017022,0.39017022
0.49440768,0.49440768
0.43742123,0.43742123
0.4886808,0.4886808
0.449039,0.449039
0.43964973,0.43964973
0.44411418,0.44411418
0.4323891,0.4323891
0.46815762,0.46815762
0.5495211,0.5495211
0.5313406,0.5313406
0.5193111,0.5193111
0.5307793,0.5307793
0.516398,0.516398
0.4673297,0.4673297
0.53518605,0.53518605
0.5053898,0.5053898
0.48564965,0.48564965
0.5003246,0.5003246
0.47614548,0.47614548
0.5660164,0.5660164
0.5003466,0.5003466
0.5299924,0.5299924
0.48164985,0.48164985
0.5000046,0.5000046
0.5150942,0.5150942
0.47293755,0.47293755
0.509039,0.509039
0.46403992,0.46403992
0.46674672,0.46674672
0.47150323,0.47150323
0.5276102,0.5276102
0.47179654,0.47179654
0.4133885,0.4133885
0.53555447,0.53555447
0.56460214,0.56460214
0.47050443,0.47050443
0.511763,0.511763
0.512336,0.512336
0.54365426,0.54365426
0.5723675,0.5723675
0.46722904,0.46722904
0.4859421,0.4859421
0.49045432,0.49045432
0.4605729,0.4605729
0.5035178,0.5035178
0.5053163,0.5053163
0.48996568,0.48996568
0.3986282,0.3986282
0.40560174,0.40560174
0.40423462,0.40423462
0.3788263,0.3788263
0.41735652,0.41735652
0.368371,0.368371
0.42743373,0.42743373
0.47633904,0.47633904
0.48653182,0.48653182
0.5465454,0.5465454
0.504942,0.504942
0.44895998,0.44895998
0.53229797,0.53229797
0.5018137,0.5018137
0.46283248,0.46283248
0.4721484,0.4721484
0.47062573,0.47062573
0.47435293,0.47435293
0.46013516,0.46013516
0.4938713,0.4938713
0.50631183,0.50631183
0.47317562,0.47317562
0.47805488,0.47805488
0.51176786,0.51176786
0.5116437,0.5116437
0.49532324,0.49532324
0.49938816,0.49938816
0.5141944,0.5141944
0.5001752,0.5001752
0.5252139,0.5252139
0.49814367,0.49814367
0.5090839,0.5090839
0.52899194,0.52899194
0.47486183,0.47486183
0.4670735,0.4670735
0.47070476,0.47070476
0.4673207,0.4673207
0.45640957,0.45640957
0.4647375,0.4647375
0.4670943,0.4670943
0.46673334,0.46673334
0.49794844,0.49794844
0.43556106,0.43556106
0.45486605,0.45486605
0.4171073,0.4171073
0.52393836,0.52393836
0.45877877,0.45877877
0.44622675,0.44622675
0.40178707,0.40178707
0.46881923,0.46881923
0.4546638,0.4546638
0.45427823,0.45427823
0.51041913,0.51041913
0.48286456,0.48286456
0.50631946,0.50631946
0.45639068,0.45639068
0.4363952,0.4363952
0.48572358,0.48572358
0.44970757,0.44970757
0.46953413,0.46953413
0.5071826,0.5071826
0.50416553,0.50416553
0.45621336,0.45621336
0.49263415,0.49263415
0.48051137,0.48051137
0.5799327,0.5799327
0.5255289,0.5255289
0.4842157,0.4842157
0.48198128,0.48198128
0.4943577,0.4943577
0.4199823,0.4199823
0.4987729,0.4987729
0.5146403,0.5146403
0.5066431,0.5066431
0.5748696,0.5748696
0.4914456,0.4914456
0.505264,0.505264
0.5522267,0.5522267
0.4837639,0.4837639
0.45788905,0.45788905
0.43154976,0.43154976
0.48909542,0.48909542
0.48865053,0.48865053
0.49213254,0.49213254
0.4753832,0.4753832
0.50411534,0.50411534
0.56404626,0.56404626
0.5227575,0.5227575
0.5230135,0.5230135
0.46482944,0.46482944
0.46405604,0.46405604
0.54790634,0.54790634
0.52017224,0.52017224
0.4761922,0.4761922
0.46513936,0.46513936
0.4677414,0.4677414
0.5079972,0.5079972
0.5197554,0.5197554
0.5094049,0.5094049
0.51083875,0.51083875
0.504188,0.504188
0.4465668,0.4465668
0.5039767,0.5039767
0.48327583,0.48327583
0.52926046,0.52926046
0.5581251,0.5581251
0.5997781,0.5997781
0.47115374,0.47115374
0.49120617,0.49120617
0.45806667,0.45806667
0.51537746,0.51537746
0.48172882,0.48172882
0.43884003,0.43884003
0.46551582,0.46551582
0.46878996,0.46878996
0.5092912,0.5092912
0.5237072,0.5237072
0.5400373,0.5400373
0.5221306,0.5221306
0.5336756,0.5336756
0.51547664,0.51547664
0.470906,0.470906
0.5235174,0.5235174
0.5101318,0.5101318
0.48381963,0.48381963
0.49214625,0.49214625
0.49859574,0.49859574
0.55432004,0.55432004
0.54579777,0.54579777
0.55819756,0.55819756
0.556272,0.556272
0.48699516,0.48699516
0.54235256,0.54235256
0.5508082,0.5508082
0.5624058,0.5624058
0.5083883,0.5083883
0.49976307,0.49976307
0.5466312,0.5466312
0.51078296,0.51078296
0.5165642,0.5165642
0.5174588,0.5174588
0.552497,0.552497
0.4943037,0.4943037
0.5306043,0.5306043
0.5115591,0.5115591
0.51871735,0.51871735
0.47776842,0.47776842
0.5273965,0.5273965
0.4710073,0.4710073
0.49083963,0.49083963
0.48277217,0.48277217
0.4743756,0.4743756
0.5178184,0.5178184
0.50308514,0.50308514
0.5196749,0.5196749
0.51693565,0.51693565
0.52561855,0.52561855
0.5361091,0.5361091
0.4620177,0.4620177
0.49111396,0.49111396
0.5073877,0.5073877
0.46516222,0.46516222
0.5021208,0.5021208
0.50067353,0.50067353
0.4875224,0.4875224
0.49661815,0.49661815
0.49670795,0.49670795
0.49090287,0.49090287
0.50427455,0.50427455
0.5065645,0.5065645
0.53261197,0.53261197
0.5184588,0.5184588
0.5111608,0.5111608
0.5256808,0.5256808
0.44318196,0.44318196
0.47522295,0.47522295
0.49472314,0.49472314
0.48613262,0.48613262
0.4663193,0.4663193
0.47443074,0.47443074
0.47408235,0.47408235
0.5145479,0.5145479
0.5401634,0.5401634
0.4988437,0.4988437
0.44016615,0.44016615
0.5649142,0.5649142
0.43847936,0.43847936
0.49762443,0.49762443
0.50793004,0.50793004
0.4996014,0.4996014
0.5155858,0.5155858
0.53420764,0.53420764
0.48337016,0.48337016
0.43794897,0.43794897
0.49843737,0.49843737
0.5499396,0.5499396
0.50929075,0.50929075
0.47830102,0.47830102
0.4867588,0.4867588
0.5100839,0.5100839
0.52610195,0.52610195
0.5198794,0.5198794
0.5032602,0.5032602
0.48977613,0.48977613
0.50441515,0.50441515
0.5028429,0.5028429
0.48275355,0.48275355
0.48834682,0.48834682
0.49922884,0.49922884
0.51429987,0.51429987
0.52203345,0.52203345
0.46878174,0.46878174
0.47481242,0.47481242
0.5809007,0.5809007
0.49485222,0.49485222
0.5646139,0.5646139
0.5503284,0.5503284
0.53983897,0.53983897
0.51210207,0.51210207
0.4949161,0.4949161
0.44882998,0.44882998
0.5029548,0.5029548
0.50069475,0.50069475
0.4646866,0.4646866
0.4918682,0.4918682
0.5237331,0.5237331
0.5110974,0.5110974
0.5318582,0.5318582
0.45789894,0.45789894
0.53008354,0.53008354
0.49289355,0.49289355
0.46456906,0.46456906
0.46497038,0.46497038
0.51577693,0.51577693
0.5018433,0.5018433
0.49451044,0.49451044
0.48043692,0.48043692
0.4944477,0.4944477
0.4621563,0.4621563
0.4572318,0.4572318
0.5433845,0.5433845
0.4556945,0.4556945
0.46997166,0.46997166
0.4944147,0.4944147
0.5317064,0.5317064
0.4860809,0.4860809
0.5142996,0.5142996
0.5068576,0.5068576
0.5098353,0.5098353
0.5050129,0.5050129
0.4975427,0.4975427
0.620543,0.620543
0.54003155,0.54003155
0.5130402,0.5130402
0.52146274,0.52146274
0.4733273,0.4733273
0.5136794,0.5136794
0.46607628,0.46607628
0.51691407,0.51691407
0.53006536,0.53006536
0.48375055,0.48375055
0.549654,0.549654
0.55729383,0.55729383
0.4713535,0.4713535
0.46610805,0.46610805
0.4902839,0.4902839
0.5010407,0.5010407
0.49415892,0.49415892
0.5334832,0.5334832
0.46903545,0.46903545
0.4257546,0.4257546
0.49265173,0.49265173
0.48392776,0.48392776
0.5108783,0.5108783
0.51979214,0.51979214
0.48023602,0.48023602
0.53426784,0.53426784
0.5106136,0.5106136
0.5281508,0.5281508
0.5085852,0.5085852
0.49776164,0.49776164
0.43509698,0.43509698
0.493795,0.493795
0.51414615,0.51414615
0.48365214,0.48365214
0.4877042,0.4877042
0.5124705,0.5124705
0.5029456,0.5029456
0.5275743,0.5275743
0.4679525,0.4679525
0.48718876,0.48718876
0.49484012,0.49484012
0.48052236,0.48052236
0.47761324,0.47761324
0.5157734,0.5157734
0.48341456,0.48341456
0.4582127,0.4582127
0.54645723,0.54645723
0.45838845,0.45838845
0.528915,0.528915
0.488037,0.488037
0.46620694,0.46620694
0.48140422,0.48140422
0.5113752,0.5113752
0.4730167,0.4730167
0.48201373,0.48201373
0.47096822,0.47096822
0.49409896,0.49409896
0.43280905,0.43280905
0.42675832,0.42675832
0.49827608,0.49827608
0.44103628,0.44103628
0.4913557,0.4913557
0.50578296,0.50578296
0.5423815,0.5423815
0.4626698,0.4626698
0.5059591,0.5059591
0.47224075,0.47224075
0.52187705,0.52187705
0.4856668,0.4856668
0.5153794,0.5153794
0.49594516,0.49594516
0.47554573,0.47554573
0.46232107,0.46232107
0.4951746,0.4951746
0.52341455,0.52341455
0.58967686,0.58967686
0.51849526,0.51849526
0.4870326,0.4870326
0.48675406,0.48675406
0.47050926,0.47050926
0.45753735,0.45753735
0.4954395,0.4954395
0.501439,0.501439
0.45151314,0.45151314
0.4927868,0.4927868
0.5133236,0.5133236
0.5481182,0.5481182
0.5035576,0.5035576
0.47229025,0.47229025
0.47542346,0.47542346
0.51736385,0.51736385
0.53207827,0.53207827
0.5041409,0.5041409
0.48927408,0.48927408
0.573917,0.573917
0.5143329,0.5143329
0.5382051,0.5382051
0.56818527,0.56818527
0.50818396,0.50818396
0.4392234,0.4392234
0.50394595,0.50394595
0.4774355,0.4774355
0.54024565,0.54024565
0.5047716,0.5047716
0.51888007,0.51888007
0.50594926,0.50594926
0.5011276,0.5011276
0.50326663,0.50326663
0.4515936,0.4515936
0.49317104,0.49317104
0.4984861,0.4984861
0.47625732,0.47625732
0.4999142,0.4999142
0.47756556,0.47756556
0.4890033,0.4890033
0.4487971,0.4487971
0.44358236,0.44358236
0.5218488,0.5218488
0.48922923,0.48922923
0.46049884,0.46049884
0.5418616,0.5418616
0.5005803,0.5005803
0.5213883,0.5213883
0.52054,0.52054
0.5262088,0.5262088
0.5203353,0.5203353
0.4503545,0.4503545
0.48925373,0.48925373
0.5481614,0.5481614
0.40466943,0.40466943
0.49036825,0.49036825
0.54135776,0.54135776
0.66350657,0.66350657
0.44536045,0.44536045
0.44454712,0.44454712
0.4578662,0.4578662
0.45170677,0.45170677
0.48739085,0.48739085
0.4919341,0.4919341
0.42895395,0.42895395
0.43410635,0.43410635
0.5033953,0.5033953
0.46583977,0.46583977
0.45111886,0.45111886
0.47309747,0.47309747
0.5102575,0.5102575
0.49870896,0.49870896
0.4352145,0.4352145
0.5089422,0.5089422
0.5071114,0.5071114
0.6362407,0.6362407
0.5596384,0.5596384
0.55314624,0.55314624
0.4857718,0.4857718
0.47174174,0.47174174
0.49303618,0.49303618
0.5046003,0.5046003
0.55123955,0.55123955
0.53653836,0.53653836
0.4279141,0.4279141
0.4629202,0.4629202
0.4240151,0.4240151
0.45955142,0.45955142
0.5193102,0.5193102
0.53043497,0.53043497
0.5723734,0.5723734
0.46889192,0.46889192
0.5063367,0.5063367
0.51456743,0.51456743
0.5189513,0.5189513
0.4352262,0.4352262
0.46076477,0.46076477
0.47201732,0.47201732
0.48313716,0.48313716
0.5030884,0.5030884
0.5093442,0.5093442
0.5411505,0.5411505
0.49851862,0.49851862
0.5151118,0.5151118
0.48617232,0.48617232
0.5035435,0.5035435
0.4939693,0.4939693
0.47901297,0.47901297
0.4974317,0.4974317
0.47927594,0.47927594
0.46101797,0.46101797
0.45473102,0.45473102
0.43871838,0.43871838
0.4841018,0.4841018
0.49401793,0.49401793
0.5227672,0.5227672
0.4800506,0.4800506
0.49468446,0.49468446
0.48041317,0.48041317
0.5210278,0.5210278
0.47048083,0.47048083
0.55009633,0.55009633
0.4795909,0.4795909
0.5281572,0.5281572
0.4107096,0.4107096
0.5299149,0.5299149
0.50801945,0.50801945
0.53074336,0.53074336
0.5210187,0.5210187
0.51492184,0.51492184
0.5258382,0.5258382
0.51811075,0.51811075
0.5086718,0.5086718
0.47291365,0.47291365
0.49047777,0.49047777
0.50634223,0.50634223
0.51437014,0.51437014
0.5141686,0.5141686
0.5537394,0.5537394
0.48577675,0.48577675
0.48189706,0.48189706
0.50605357,0.50605357
0.50424147,0.50424147
0.5149991,0.5149991
0.51385665,0.51385665
0.47726232,0.47726232
0.4672351,0.4672351
0.4257744,0.4257744
0.40486762,0.40486762
0.47938758,0.47938758
0.49200842,0.49200842
0.48572224,0.48572224
0.53935295,0.53935295
0.43161806,0.43161806
0.42470494,0.42470494
0.4933697,0.4933697
0.48884553,0.48884553
0.4572201,0.4572201
0.46179485,0.46179485
0.5204708,0.5204708
0.50175077,0.50175077
0.5710104,0.5710104
0.5410439,0.5410439
0.47475925,0.47475925
0.53410476,0.53410476
0.47607008,0.47607008
0.46925446,0.46925446
0.5182763,0.5182763
0.47845674,0.47845674
0.51448095,0.51448095
0.47792867,0.47792867
0.52201307,0.52201307
0.4408401,0.4408401
0.5378505,0.5378505
0.5315435,0.5315435
0.5351896,0.5351896
0.5102799,0.5102799
0.47803655,0.47803655
0.44304305,0.44304305
0.47366667,0.47366667
0.4857546,0.4857546
0.49972412,0.49972412
0.49608344,0.49608344
0.503851,0.503851
0.5040707,0.5040707
0.5023507,0.5023507
0.5192051,0.5192051
0.50921166,0.50921166
0.46804714,0.46804714
0.4970821,0.4970821
0.48650458,0.48650458
0.475116,0.475116
0.45862097,0.45862097
0.4466532,0.4466532
0.44299987,0.44299987
0.5490681,0.5490681
0.5020452,0.5020452
0.48894635,0.48894635
0.4653466,0.4653466
0.47586703,0.47586703
0.45985678,0.45985678
0.47490504,0.47490504
0.49348545,0.49348545
0.5055258,0.5055258
0.46448562,0.46448562
0.48589373,0.48589373
0.5339747,0.5339747
0.46750993,0.46750993
0.5172418,0.5172418
0.44421127,0.44421127
0.5147111,0.5147111
0.4366456,0.4366456
0.4730758,0.4730758
0.50179946,0.50179946
0.5135333,0.5135333
0.44453314,0.44453314
0.49231622,0.49231622
0.4731742,0.4731742
0.45490527,0.45490527
0.5600172,0.5600172
0.44358128,0.44358128
0.48179623,0.48179623
0.45932946,0.45932946
0.5200913,0.5200913
0.5224588,0.5224588
0.5330177,0.5330177
0.5225952,0.5225952
0.49457684,0.49457684
0.54958445,0.54958445
0.40212804,0.40212804
0.39251283,0.39251283
0.4969022,0.4969022
0.49223962,0.49223962
0.46392325,0.46392325
0.4689991,0.4689991
0.4622377,0.4622377
0.44670635,0.44670635
0.4274137,0.4274137
0.4362032,0.4362032
0.43745258,0.43745258
0.42353877,0.42353877
0.4336686,0.4336686
0.47301194,0.47301194
0.58344215,0.58344215
0.5656045,0.5656045
0.5492805,0.5492805
0.4774045,0.4774045
0.4881692,0.4881692
0.5020735,0.5020735
0.44656187,0.44656187
0.48417404,0.48417404
0.47335905,0.47335905
0.46186793,0.46186793
0.44241217,0.44241217
0.4392472,0.4392472
0.42711323,0.42711323
0.41722727,0.41722727
0.4469179,0.4469179
0.44298124,0.44298124
0.5326178,0.5326178
0.5238427,0.5238427
0.49607176,0.49607176
0.49954876,0.49954876
0.52197945,0.52197945
0.44317052,0.44317052
0.46884933,0.46884933
0.45006457,0.45006457
0.5021103,0.5021103
0.4425108,0.4425108
0.461772,0.461772
0.4788758,0.4788758
0.45761648,0.45761648
0.3978814,0.3978814
0.4450599,0.4450599
0.50417596,0.50417596
0.4617912,0.4617912
0.42468694,0.42468694
0.47026005,0.47026005
0.41521603,0.41521603
0.4516165,0.4516165
0.4796737,0.4796737
0.46854416,0.46854416
0.4447957,0.4447957
0.48488373,0.48488373
0.4845909,0.4845909
0.5538008,0.5538008
0.50613976,0.50613976
0.48392695,0.48392695
0.49048886,0.49048886
0.46165603,0.46165603
0.47796443,0.47796443
0.44842234,0.44842234
0.46574923,0.46574923
0.48329613,0.48329613
0.42368233,0.42368233
0.49871072,0.49871072
0.47301868,0.47301868
0.4834366,0.4834366
0.47155958,0.47155958
0.45956004,0.45956004
0.47589186,0.47589186
0.471775,0.471775
0.4539062,0.4539062
0.51563513,0.51563513
0.54592514,0.54592514
0.5126387,0.5126387
0.4642525,0.4642525
0.53226256,0.53226256
0.5140585,0.5140585
0.4644789,0.4644789
0.4928853,0.4928853
0.48972592,0.48972592
0.45849317,0.45849317
0.44966108,0.44966108
0.4922033,0.4922033
0.55763876,0.55763876
0.46153113,0.46153113
0.48515472,0.48515472
0.4597574,0.4597574
0.46479273,0.46479273
0.46686336,0.46686336
0.52707744,0.52707744
0.53232676,0.53232676
0.51295185,0.51295185
0.61359173,0.61359173
0.4922751,0.4922751
0.37970656,0.37970656
0.5140261,0.5140261
0.5048118,0.5048118
0.46767402,0.46767402
0.45025927,0.45025927
0.4806081,0.4806081
0.38759232,0.38759232
0.42734376,0.42734376
0.49291876,0.49291876
0.49954936,0.49954936
0.48355097,0.48355097
0.480158,0.480158
0.45981807,0.45981807
0.42670202,0.42670202
0.41959003,0.41959003
0.4910411,0.4910411
0.46947908,0.46947908
0.4991074,0.4991074
0.5319201,0.5319201
0.49104136,0.49104136
0.5009359,0.5009359
0.49940354,0.49940354
0.46746522,0.46746522
0.5065286,0.5065286
0.5137318,0.5137318
0.52809876,0.52809876
0.4479005,0.4479005
0.49900654,0.49900654
0.49114138,0.49114138
0.4980096,0.4980096
0.51299953,0.51299953
0.5055689,0.5055689
0.45055583,0.45055583
0.48549107,0.48549107
0.4796698,0.4796698
0.4873315,0.4873315
0.51618636,0.51618636
0.5400777,0.5400777
0.51412183,0.51412183
0.49287695,0.49287695
0.4922173,0.4922173
0.5491512,0.5491512
0.46660864,0.46660864
0.5344307,0.5344307
0.59248847,0.59248847
0.443003,0.443003
0.47488034,0.47488034
0.52406454,0.52406454
0.53160113,0.53160113
0.40762958,0.40762958
0.44146004,0.44146004
0.46223283,0.46223283
0.4947266,0.4947266
0.44901118,0.44901118
0.5292412,0.5292412
0.50199836,0.50199836
0.45683074,0.45683074
0.45719054,0.45719054
0.4495371,0.4495371
0.43696442,0.43696442
0.444755,0.444755
0.47196534,0.47196534
0.47580823,0.47580823
0.44853556,0.44853556
0.4467624,0.4467624
0.4841335,0.4841335
0.5146966,0.5146966
0.52904075,0.52904075
0.49672288,0.49672288
0.45407295,0.45407295
0.54594916,0.54594916
0.527114,0.527114
0.5220984,0.5220984
0.51293993,0.51293993
0.50206363,0.50206363
0.48624378,0.48624378
0.42428282,0.42428282
0.45130602,0.45130602
0.43843046,0.43843046
0.46192738,0.46192738
0.5686663,0.5686663
0.5434222,0.5434222
0.5408963,0.5408963
0.54797786,0.54797786
0.5366094,0.5366094
0.53603774,0.53603774
0.5285295,0.5285295
0.53945136,0.53945136
0.5662129,0.5662129
0.54579854,0.54579854
0.56965816,0.56965816
0.51130617,0.51130617
0.49473736,0.49473736
0.5400251,0.5400251
0.47667664,0.47667664
0.45655215,0.45655215
0.49452516,0.49452516
0.4762298,0.4762298
0.57955974,0.57955974
0.54876494,0.54876494
0.53968245,0.53968245
0.49505007,0.49505007
0.48776963,0.48776963
0.4584307,0.4584307
0.4679615,0.4679615
0.49995336,0.49995336
0.515499,0.515499
0.44943678,0.44943678
0.42311537,0.42311537
0.46813715,0.46813715
0.47805777,0.47805777
0.5006796,0.5006796
0.46128857,0.46128857
0.476141,0.476141
0.4917273,0.4917273
0.49357548,0.49357548
0.4849981,0.4849981
0.49354857,0.49354857
0.54093975,0.54093975
0.5904543,0.5904543
0.49041036,0.49041036
0.4463394,0.4463394
0.3966617,0.3966617
0.49380454,0.49380454
0.4282025,0.4282025
0.44055775,0.44055775
0.45167038,0.45167038
0.41778198,0.41778198
0.4245874,0.4245874
0.40779614,0.40779614
0.55294687,0.55294687
0.46496582,0.46496582
0.59215474,0.59215474
0.46760872,0.46760872
0.48699662,0.48699662
0.45768723,0.45768723
0.4749637,0.4749637
0.6985078,0.6985078
0.44959447,0.44959447
0.4758741,0.4758741
0.4677063,0.4677063
0.4806429,0.4806429
0.5012881,0.5012881
0.46535876,0.46535876
0.48321095,0.48321095
0.52277243,0.52277243
0.48421124,0.48421124
0.48006517,0.48006517
0.51792383,0.51792383
0.5031126,0.5031126
0.4873889,0.4873889
0.5431137,0.5431137
0.47650337,0.47650337
0.49528947,0.49528947
0.48036328,0.48036328
0.48070168,0.48070168
0.50460005,0.50460005
0.4844344,0.4844344
0.47818545,0.47818545
0.60710365,0.60710365
0.49812993,0.49812993
0.47220674,0.47220674
0.48585466,0.48585466
0.4966608,0.4966608
0.5331578,0.5331578
0.50411266,0.50411266
0.5101032,0.5101032
0.5087496,0.5087496
0.4562371,0.4562371
0.47836855,0.47836855
0.5534451,0.5534451
0.48536268,0.48536268
0.5441916,0.5441916
0.51873857,0.51873857
0.4687323,0.4687323
0.45871267,0.45871267
0.4422058,0.4422058
0.5352462,0.5352462
0.5023808,0.5023808
0.5193992,0.5193992
0.43813473,0.43813473
0.48145244,0.48145244
0.51390755,0.51390755
0.47784796,0.47784796
0.49524933,0.49524933
0.52639574,0.52639574
0.53113794,0.53113794
0.5200976,0.5200976
0.5586826,0.5586826
0.54512197,0.54512197
0.5529725,0.5529725
0.52160984,0.52160984
0.5128186,0.5128186
0.48560122,0.48560122
0.48141843,0.48141843
0.4705843,0.4705843
0.4646213,0.4646213
0.4658821,0.4658821
0.51247996,0.51247996
0.5078203,0.5078203
0.45825154,0.45825154
0.4606671,0.4606671
0.5110816,0.5110816
0.5311473,0.5311473
0.38534752,0.38534752
0.51980317,0.51980317
0.5316226,0.5316226
0.5386021,0.5386021
0.52387416,0.52387416
0.4759294,0.4759294
0.51857746,0.51857746
0.47575453,0.47575453
0.4685558,0.4685558
0.4817831,0.4817831
0.5046693,0.5046693
0.5137583,0.5137583
0.4569666,0.4569666
0.49861172,0.49861172
0.4847122,0.4847122
0.4837512,0.4837512
0.4978674,0.4978674
0.49317318,0.49317318
0.4717877,0.4717877
0.48437908,0.48437908
0.47175625,0.47175625
0.48417148,0.48417148
0.51475775,0.51475775
0.55109364,0.55109364
0.4935151,0.4935151
0.49126366,0.49126366
0.48625195,0.48625195
0.5248872,0.5248872
0.4965502,0.4965502
0.51284987,0.51284987
0.5052015,0.5052015
0.492959,0.492959
0.5275447,0.5275447
0.48977596,0.48977596
0.5040282,0.5040282
0.5409883,0.5409883
0.5547565,0.5547565
0.5581605,0.5581605
0.48387998,0.48387998
0.5147839,0.5147839
0.5047128,0.5047128
0.52863115,0.52863115
0.45681143,0.45681143
0.47891942,0.47891942
0.47414464,0.47414464
0.45605645,0.45605645
0.4466969,0.4466969
0.41920033,0.41920033
0.38328308,0.38328308
0.41178155,0.41178155
0.4910331,0.4910331
0.50134283,0.50134283
0.49273404,0.49273404
0.5188221,0.5188221
0.50659704,0.50659704
0.55021316,0.55021316
0.51056117,0.51056117
0.43990454,0.43990454
0.4732764,0.4732764
0.4741431,0.4741431
0.46566054,0.46566054
0.47636968,0.47636968
0.49483296,0.49483296
0.5328078,0.5328078
0.5015074,0.5015074
0.5114299,0.5114299
0.47552264,0.47552264
0.4954078,0.4954078
0.4759856,0.4759856
0.50538063,0.50538063
0.46912166,0.46912166
0.5469315,0.5469315
0.4856412,0.4856412
0.532583,0.532583
0.5052986,0.5052986
0.47440168,0.47440168
0.48980996,0.48980996
0.5141574,0.5141574
0.54163533,0.54163533
0.4649159,0.4649159
0.46994585,0.46994585
0.49453947,0.49453947
0.48531145,0.48531145
0.48650327,0.48650327
0.500626,0.500626
0.53497875,0.53497875
0.50858533,0.50858533
0.49290794,0.49290794
0.5018648,0.5018648
0.45626482,0.45626482
0.5396832,0.5396832
0.53652763,0.53652763
0.45680767,0.45680767
0.49373955,0.49373955
0.47347075,0.47347075
0.50467795,0.50467795
0.4817384,0.4817384
0.53900504,0.53900504
0.50747156,0.50747156
0.50738853,0.50738853
0.49737117,0.49737117
0.5329505,0.5329505
0.5262793,0.5262793
0.4797478,0.4797478
0.47202682,0.47202682
0.46075687,0.46075687
0.44640568,0.44640568
0.5364123,0.5364123
0.4929832,0.4929832
0.5219965,0.5219965
0.53297794,0.53297794
0.45224965,0.45224965
0.46009958,0.46009958
0.42213035,0.42213035
0.5230941,0.5230941
0.44545552,0.44545552
0.5062637,0.5062637
0.5413126,0.5413126
0.4301008,0.4301008
0.43136927,0.43136927
0.48932138,0.48932138
0.5207796,0.5207796
0.5802622,0.5802622
0.4852901,0.4852901
0.5057228,0.5057228
0.532141,0.532141
0.5124622,0.5124622
0.5283217,0.5283217
0.52252966,0.52252966
0.46918496,0.46918496
0.4770363,0.4770363
0.5150956,0.5150956
0.47009456,0.47009456
0.50950557,0.50950557
0.45521963,0.45521963
0.44713354,0.44713354
0.5148643,0.5148643
0.5341943,0.5341943
0.4935307,0.4935307
0.5303658,0.5303658
0.50186133,0.50186133
0.4837945,0.4837945
0.46970692,0.46970692
0.5171084,0.5171084
0.49658912,0.49658912
0.50633174,0.50633174
0.49945894,0.49945894
0.51970637,0.51970637
0.49382266,0.49382266
0.4892015,0.4892015
0.500151,0.500151
0.48992452,0.48992452
0.48854482,0.48854482
0.49023318,0.49023318
0.4434354,0.4434354
0.4593936,0.4593936
0.47812808,0.47812808
0.4680541,0.4680541
0.4637196,0.4637196
0.49145338,0.49145338
0.46861544,0.46861544
0.4786245,0.4786245
0.47084615,0.47084615
0.46931288,0.46931288
0.5240594,0.5240594
0.48999366,0.48999366
0.46275175,0.46275175
0.5100983,0.5100983
0.5072778,0.5072778
0.50833845,0.50833845
0.48780409,0.48780409
0.47683722,0.47683722
0.5214761,0.5214761
0.51058084,0.51058084
0.52865493,0.52865493
0.6057069,0.6057069
0.56870234,0.56870234
0.50450385,0.50450385
0.49494234,0.49494234
0.47397903,0.47397903
0.4943606,0.4943606
0.5321468,0.5321468
0.46358243,0.46358243
0.5541687,0.5541687
0.51822186,0.51822186
0.48242712,0.48242712
0.4966627,0.4966627
0.5278367,0.5278367
0.55124474,0.55124474
0.53028417,0.53028417
0.52354807,0.52354807
0.4968936,0.4968936
0.48142004,0.48142004
0.5091021,0.5091021
0.5100203,0.5100203
0.49803978,0.49803978
0.53024936,0.53024936
0.5469225,0.5469225
0.51466423,0.51466423
0.54982805,0.54982805
0.49017695,0.49017695
0.5009119,0.5009119
0.5609839,0.5609839
0.47787365,0.47787365
0.5087329,0.5087329
0.5123064,0.5123064
0.48279876,0.48279876
0.4648872,0.4648872
0.54486424,0.54486424
0.5485872,0.5485872
0.49058047,0.49058047
0.5134176,0.5134176
0.49836633,0.49836633
0.54610944,0.54610944
0.47023112,0.47023112
0.49910963,0.49910963
0.4937953,0.4937953
0.51145035,0.51145035
0.4876223,0.4876223
0.47482005,0.47482005
0.5047626,0.5047626
0.4737681,0.4737681
0.5372018,0.5372018
0.47118804,0.47118804
0.47611848,0.47611848
0.5343241,0.5343241
0.5419354,0.5419354
0.53448796,0.53448796
0.5408919,0.5408919
0.5514243,0.5514243
0.52861285,0.52861285
0.5551461,0.5551461
0.5109542,0.5109542
0.52376866,0.52376866
0.5281181,0.5281181
0.43824974,0.43824974
0.5239694,0.5239694
0.4742218,0.4742218
0.53640306,0.53640306
0.52078986,0.52078986
0.46194342,0.46194342
0.5134258,0.5134258
0.5374565,0.5374565
0.48909438,0.48909438
0.56936395,0.56936395
0.53387415,0.53387415
0.49431536,0.49431536
0.50777817,0.50777817
0.50286627,0.50286627
0.5049411,0.5049411
0.5497165,0.5497165
0.53044975,0.53044975
0.49311614,0.49311614
0.45694694,0.45694694
0.4975081,0.4975081
0.5287977,0.5287977
0.547811,0.547811
0.5057462,0.5057462
0.54747826,0.54747826
0.55114704,0.55114704
0.4876603,0.4876603
0.47250733,0.47250733
0.55373544,0.55373544
0.47724253,0.47724253
0.5126081,0.5126081
0.46542624,0.46542624
0.5579561,0.5579561
0.51587814,0.51587814
0.5010757,0.5010757
0.49637553,0.49637553
0.50856215,0.50856215
0.48209047,0.48209047
0.46849844,0.46849844
0.51759213,0.51759213
0.5020474,0.5020474
0.49510404,0.49510404
0.5114185,0.5114185
0.5395334,0.5395334
0.5237634,0.5237634
0.49580145,0.49580145
0.48570693,0.48570693
0.43096164,0.43096164
0.5437648,0.5437648
0.5393893,0.5393893
0.43546396,0.43546396
0.47730696,0.47730696
0.5032882,0.5032882
0.508382,0.508382
0.47537592,0.47537592
0.4417554,0.4417554
0.4890727,0.4890727
0.4859373,0.4859373
0.485712,0.485712
0.57451224,0.57451224
0.52632076,0.52632076
0.52106243,0.52106243
0.51079226,0.51079226
0.4936977,0.4936977
0.47892317,0.47892317
0.49621648,0.49621648
0.55480784,0.55480784
0.49529266,0.49529266
0.5261979,0.5261979
0.53508365,0.53508365
0.5412567,0.5412567
0.47163868,0.47163868
0.53625596,0.53625596
0.47385737,0.47385737
0.5095561,0.5095561
0.5564804,0.5564804
0.4993662,0.4993662
0.5093836,0.5093836
0.49705756,0.49705756
0.49234086,0.49234086
0.48983973,0.48983973
0.48927113,0.48927113
0.47809386,0.47809386
0.4684977,0.4684977
0.5625585,0.5625585
0.54068714,0.54068714
0.5039968,0.5039968
0.483457,0.483457
0.52643055,0.52643055
0.48287526,0.48287526
0.43736824,0.43736824
0.4235557,0.4235557
0.4910941,0.4910941
0.48132163,0.48132163
0.4779591,0.4779591
0.46620315,0.46620315
0.53308654,0.53308654
0.5471466,0.5471466
0.5166753,0.5166753
0.51528585,0.51528585
0.49387008,0.49387008
0.51478904,0.51478904
0.5052695,0.5052695
0.5450287,0.5450287
0.5241855,0.5241855
0.53977877,0.53977877
0.5316301,0.5316301
0.45897722,0.45897722
0.4722515,0.4722515
0.44159195,0.44159195
0.48038477,0.48038477
0.4705174,0.4705174
0.51376635,0.51376635
0.4886323,0.4886323
0.51432365,0.51432365
0.5170043,0.5170043
0.47941935,0.47941935
0.5395851,0.5395851
0.5314198,0.5314198
0.49916768,0.49916768
0.4882544,0.4882544
0.4982804,0.4982804
0.5501077,0.5501077
0.49496362,0.49496362
0.50268704,0.50268704
0.55550605,0.55550605
0.52466947,0.52466947
0.5492122,0.5492122
0.5201352,0.5201352
0.49712664,0.49712664
0.50834227,0.50834227
0.52177197,0.52177197
0.48543498,0.48543498
0.553366,0.553366
0.53578484,0.53578484
0.5144618,0.5144618
0.54546255,0.54546255
0.50376165,0.50376165
0.4493343,0.4493343
0.52665955,0.52665955
0.53932106,0.53932106
0.50243187,0.50243187
0.5351575,0.5351575
0.52582127,0.52582127
0.541391,0.541391
0.5370939,0.5370939
0.53007054,0.53007054
0.52203846,0.52203846
0.4808638,0.4808638
0.4944313,0.4944313
0.5111458,0.5111458
0.4733966,0.4733966
0.4937714,0.4937714
0.525143,0.525143
0.50735295,0.50735295
0.4959632,0.4959632
0.5471067,0.5471067
0.53699785,0.53699785
0.5287897,0.5287897
0.56962866,0.56962866
0.558928,0.558928
0.4729694,0.4729694
0.49460122,0.49460122
0.4844194,0.4844194
0.53033245,0.53033245
0.48943058,0.48943058
0.504488,0.504488
0.4897783,0.4897783
0.4964442,0.4964442
0.53079927,0.53079927
0.51448435,0.51448435
0.50414455,0.50414455
0.53855747,0.53855747
0.46929538,0.46929538
0.51009256,0.51009256
0.47861266,0.47861266
0.5047636,0.5047636
0.5492805,0.5492805
0.5160815,0.5160815
0.55945754,0.55945754
0.48542616,0.48542616
0.5174749,0.5174749
0.52482575,0.52482575
0.50336266,0.50336266
0.4868904,0.4868904
0.54684764,0.54684764
0.5656414,0.5656414
0.5020327,0.5020327
0.54458445,0.54458445
0.50203854,0.50203854
0.55223966,0.55223966
0.5249777,0.5249777
0.54107636,0.54107636
0.4714426,0.4714426
0.51940566,0.51940566
0.5163675,0.5163675
0.50500715,0.50500715
0.5084387,0.5084387
0.5141158,0.5141158
0.48127294,0.48127294
0.50623983,0.50623983
0.51234174,0.51234174
0.5187877,0.5187877
0.49240214,0.49240214
0.53130937,0.53130937
0.5512223,0.5512223
0.551785,0.551785
0.5445243,0.5445243
0.50328964,0.50328964
0.5443718,0.5443718
0.5576479,0.5576479
0.4941036,0.4941036
0.50572836,0.50572836
0.4882888,0.4882888
0.54124504,0.54124504
0.5166954,0.5166954
0.5186957,0.5186957
0.5729306,0.5729306
0.51881206,0.51881206
0.52593815,0.52593815
0.55364716,0.55364716
0.5234926,0.5234926
0.57236487,0.57236487
0.5324203,0.5324203
0.4908495,0.4908495
0.5796025,0.5796025
0.583523,0.583523
0.5236831,0.5236831
0.61314726,0.61314726
0.38024175,0.38024175
0.52045214,0.52045214
0.48859164,0.48859164
0.51379555,0.51379555
0.5385578,0.5385578
0.5922292,0.5922292
0.56444407,0.56444407
0.56606996,0.56606996
0.5169978,0.5169978
0.5135015,0.5135015
0.5513054,0.5513054
0.52299374,0.52299374
0.5274456,0.5274456
0.49862775,0.49862775
0.5410386,0.5410386
0.53543395,0.53543395
0.4338189,0.4338189
0.5433246,0.5433246
0.41651416,0.41651416
0.5301155,0.5301155
0.4848603,0.4848603
0.49135044,0.49135044
0.4935841,0.4935841
0.5174326,0.5174326
0.5335094,0.5335094
0.46898296,0.46898296
0.4793968,0.4793968
0.47276476,0.47276476
0.47187296,0.47187296
0.44138056,0.44138056
0.5024741,0.5024741
0.41621706,0.41621706
0.46051753,0.46051753
0.4479539,0.4479539
0.4724171,0.4724171
0.5143498,0.5143498
0.43539125,0.43539125
0.53176063,0.53176063
0.5068692,0.5068692
0.52783996,0.52783996
0.5247949,0.5247949
0.51897216,0.51897216
0.46250063,0.46250063
0.4888929,0.4888929
0.4815137,0.4815137
0.5121944,0.5121944
0.4812816,0.4812816
0.4937153,0.4937153
0.56676406,0.56676406
0.49056262,0.49056262
0.45364708,0.45364708
0.4909368,0.4909368
0.4753451,0.4753451
0.4199818,0.4199818
0.5177916,0.5177916
0.472563,0.472563
0.46418142,0.46418142
0.4229513,0.4229513
0.4519398,0.4519398
0.5018544,0.5018544
0.51897377,0.51897377
0.6402062,0.6402062
0.4961497,0.4961497
0.4235937,0.4235937
0.47458175,0.47458175
0.45060766,0.45060766
0.5153278,0.5153278
0.52234745,0.52234745
0.4652426,0.4652426
0.43383798,0.43383798
0.46569788,0.46569788
0.47548872,0.47548872
0.4540118,0.4540118
0.4253437,0.4253437
0.542737,0.542737
0.49403298,0.49403298
0.5135705,0.5135705
0.4818962,0.4818962
0.46017015,0.46017015
0.5002968,0.5002968
0.46061343,0.46061343
0.51079077,0.51079077
0.50238025,0.50238025
0.51261413,0.51261413
0.48243386,0.48243386
0.5389832,0.5389832
0.48547283,0.48547283
0.48785812,0.48785812
0.5116016,0.5116016
0.45947605,0.45947605
0.52186066,0.52186066
0.5057106,0.5057106
0.48784626,0.48784626
0.49422002,0.49422002
0.5028159,0.5028159
0.4811226,0.4811226
0.5081333,0.5081333
0.51576495,0.51576495
0.4815063,0.4815063
0.44458807,0.44458807
0.4835236,0.4835236
0.43912208,0.43912208
0.48858443,0.48858443
0.44315735,0.44315735
0.49166158,0.49166158
0.45021674,0.45021674
0.4756392,0.4756392
0.500781,0.500781
0.4926075,0.4926075
0.43419528,0.43419528
0.4852751,0.4852751
0.44960788,0.44960788
0.4647003,0.4647003
0.42394325,0.42394325
0.45125952,0.45125952
0.45228472,0.45228472
0.49203703,0.49203703
0.52036875,0.52036875
0.49154827,0.49154827
0.38980907,0.38980907
0.41113,0.41113
0.49920794,0.49920794
0.49215934,0.49215934
0.49300086,0.49300086
0.50654006,0.50654006
0.50653493,0.50653493
0.44028458,0.44028458
0.46597475,0.46597475
0.50100845,0.50100845
0.5170409,0.5170409
0.49742305,0.49742305
0.5405562,0.5405562
0.46027514,0.46027514
0.45681944,0.45681944
0.43388444,0.43388444
0.40142512,0.40142512
0.46429074,0.46429074
0.50326025,0.50326025
0.4269112,0.4269112
0.47357622,0.47357622
0.3839712,0.3839712
0.39629543,0.39629543
0.3990527,0.3990527
0.43501765,0.43501765
0.50200677,0.50200677
0.40070802,0.40070802
0.4690905,0.4690905
0.40750304,0.40750304
0.46217483,0.46217483
0.4090865,0.4090865
0.38463113,0.38463113
0.42319217,0.42319217
0.4311761,0.4311761
0.39187846,0.39187846
0.43194103,0.43194103
0.42801425,0.42801425
0.40793914,0.40793914
0.48375934,0.48375934
0.3737494,0.3737494
0.45873898,0.45873898
0.48304647,0.48304647
0.5062014,0.5062014
0.44529164,0.44529164
0.47541615,0.47541615
0.43100226,0.43100226
0.49942482,0.49942482
0.47145408,0.47145408
0.48922294,0.48922294
0.50428516,0.50428516
0.45614436,0.45614436
0.46418205,0.46418205
0.4233572,0.4233572
0.5081926,0.5081926
0.47799835,0.47799835
0.5056471,0.5056471
0.41912073,0.41912073
0.47307658,0.47307658
0.52000034,0.52000034
0.47614568,0.47614568
0.4525893,0.4525893
0.47867602,0.47867602
0.5068499,0.5068499
0.56696177,0.56696177
0.46280992,0.46280992
0.53011566,0.53011566
0.45985076,0.45985076
0.44721743,0.44721743
0.47472125,0.47472125
0.4721356,0.4721356
0.48757398,0.48757398
0.49658957,0.49658957
0.5052732,0.5052732
0.51238406,0.51238406
0.55499876,0.55499876
0.50749564,0.50749564
0.50195765,0.50195765
0.4469525,0.4469525
0.46636227,0.46636227
0.5348584,0.5348584
0.5178427,0.5178427
0.48594686,0.48594686
0.48698992,0.48698992
0.50968194,0.50968194
0.4818119,0.4818119
0.47032195,0.47032195
0.5167358,0.5167358
0.48579058,0.48579058
0.49948025,0.49948025
0.4686127,0.4686127
0.5307085,0.5307085
0.514904,0.514904
0.52956444,0.52956444
0.5067844,0.5067844
0.5064114,0.5064114
0.50939983,0.50939983
0.40137354,0.40137354
0.41695505,0.41695505
0.400416,0.400416
0.45104608,0.45104608
0.45776302,0.45776302
0.46725217,0.46725217
0.4451603,0.4451603
0.4615187,0.4615187
0.44693917,0.44693917
0.5134933,0.5134933
0.49494264,0.49494264
0.5084785,0.5084785
0.4876377,0.4876377
0.44225743,0.44225743
0.47808516,0.47808516
0.4624553,0.4624553
0.48912457,0.48912457
0.47192174,0.47192174
0.4903667,0.4903667
0.5528185,0.5528185
0.5532371,0.5532371
0.5081021,0.5081021
0.51047486,0.51047486
0.5050299,0.5050299
0.46101692,0.46101692
0.46467274,0.46467274
0.50496095,0.50496095
0.492474,0.492474
0.49845403,0.49845403
0.51066333,0.51066333
0.45203248,0.45203248
0.501188,0.501188
0.6068679,0.6068679
0.45865571,0.45865571
0.4743928,0.4743928
0.4225604,0.4225604
0.42852312,0.42852312
0.40857252,0.40857252
0.4619128,0.4619128
0.43179408,0.43179408
0.48550326,0.48550326
0.49121144,0.49121144
0.5196905,0.5196905
0.52143174,0.52143174
0.50715286,0.50715286
0.4907315,0.4907315
0.4456248,0.4456248
0.5097059,0.5097059
0.53476894,0.53476894
0.45823333,0.45823333
0.43005586,0.43005586
0.44983456,0.44983456
0.42055294,0.42055294
0.49036175,0.49036175
0.5368733,0.5368733
0.45171842,0.45171842
0.43557873,0.43557873
0.4937819,0.4937819
0.49938223,0.49938223
0.51596797,0.51596797
0.50121903,0.50121903
0.53709644,0.53709644
0.49760604,0.49760604
0.49846753,0.49846753
0.52722967,0.52722967
0.4927007,0.4927007
0.42756772,0.42756772
0.43626463,0.43626463
0.44654855,0.44654855
0.45884869,0.45884869
0.4741801,0.4741801
0.48520106,0.48520106
0.51283723,0.51283723
0.49769604,0.49769604
0.4762121,0.4762121
0.5276004,0.5276004
0.53677726,0.53677726
0.51947105,0.51947105
0.53035873,0.53035873
0.50213426,0.50213426
0.5297616,0.5297616
0.5502683,0.5502683
0.4810106,0.4810106
0.54640585,0.54640585
0.50322586,0.50322586
0.4786382,0.4786382
0.5115867,0.5115867
0.48755068,0.48755068
0.46167794,0.46167794
0.47680512,0.47680512
0.4152689,0.4152689
0.52286595,0.52286595
0.48495713,0.48495713
0.47930208,0.47930208
0.4839824,0.4839824
0.46245897,0.46245897
0.4327626,0.4327626
0.50506335,0.50506335
0.48883668,0.48883668
0.5318573,0.5318573
0.51911944,0.51911944
0.5318946,0.5318946
0.489053,0.489053
0.50783235,0.50783235
0.50896484,0.50896484
0.5274229,0.5274229
0.50487566,0.50487566
0.5224863,0.5224863
0.50672334,0.50672334
0.5802146,0.5802146
0.5448008,0.5448008
0.518295,0.518295
0.5452572,0.5452572
0.42001134,0.42001134
0.47515315,0.47515315
0.38833562,0.38833562
0.41533077,0.41533077
0.50731796,0.50731796
0.50345534,0.50345534
0.46562293,0.46562293
0.5113405,0.5113405
0.5514154,0.5514154
0.4731839,0.4731839
0.49649158,0.49649158
0.54817826,0.54817826
0.44038528,0.44038528
0.41259092,0.41259092
0.46000335,0.46000335
0.52010864,0.52010864
0.515496,0.515496
0.5303295,0.5303295
0.4525952,0.4525952
0.42348856,0.42348856
0.4643592,0.4643592
0.52479553,0.52479553
0.49133256,0.49133256
0.46890444,0.46890444
0.45579252,0.45579252
0.50767535,0.50767535
0.4528582,0.4528582
0.4765055,0.4765055
0.4912619,0.4912619
0.4401275,0.4401275
0.4548646,0.4548646
0.379038,0.379038
0.44199175,0.44199175
0.39953542,0.39953542
0.3453261,0.3453261
0.44751278,0.44751278
0.4551695,0.4551695
0.5143517,0.5143517
0.42460135,0.42460135
0.5112483,0.5112483
0.50408405,0.50408405
0.48016438,0.48016438
0.5229104,0.5229104
0.4895436,0.4895436
0.51043487,0.51043487
0.4956059,0.4956059
0.52963614,0.52963614
0.4820917,0.4820917
0.3991153,0.3991153
0.4773377,0.4773377
0.47554114,0.47554114
0.4330861,0.4330861
0.48768958,0.48768958
0.46064278,0.46064278
0.526847,0.526847
0.62158954,0.62158954
0.49822548,0.49822548
0.53353775,0.53353775
0.59366953,0.59366953
0.45921412,0.45921412
0.5008715,0.5008715
0.47276455,0.47276455
0.49012065,0.49012065
0.49742618,0.49742618
0.46379265,0.46379265
0.40797982,0.40797982
0.4420768,0.4420768
0.46248478,0.46248478
0.5485329,0.5485329
0.3937441,0.3937441
0.47638676,0.47638676
0.5050313,0.5050313
0.5356067,0.5356067
0.60746384,0.60746384
0.5541033,0.5541033
0.51219124,0.51219124
0.54875034,0.54875034
0.5658689,0.5658689
0.5409386,0.5409386
0.4532675,0.4532675
0.5219742,0.5219742
0.48230293,0.48230293
0.47370243,0.47370243
0.5599448,0.5599448
0.46348175,0.46348175
0.45296904,0.45296904
0.381396,0.381396
0.49083894,0.49083894
0.44069007,0.44069007
0.46612528,0.46612528
0.48882112,0.48882112
0.52415997,0.52415997
0.4497372,0.4497372
0.4393171,0.4393171
0.51773113,0.51773113
0.4851575,0.4851575
0.3841024,0.3841024
0.47464558,0.47464558
0.4531887,0.4531887
0.46448374,0.46448374
0.4660734,0.4660734
0.46981734,0.46981734
0.43992501,0.43992501
0.52627766,0.52627766
0.541947,0.541947
0.55559236,0.55559236
0.5028695,0.5028695
0.44000897,0.44000897
0.4668265,0.4668265
0.5566735,0.5566735
0.4503299,0.4503299
0.39638135,0.39638135
0.43981734,0.43981734
0.4424003,0.4424003
0.4719246,0.4719246
0.4482659,0.4482659
0.44990316,0.44990316
0.45146954,0.45146954
0.45400062,0.45400062
0.46207702,0.46207702
0.4749839,0.4749839
0.5083352,0.5083352
0.52847886,0.52847886
0.49528655,0.49528655
0.48889235,0.48889235
0.5389017,0.5389017
0.49993482,0.49993482
0.44814843,0.44814843
0.5190485,0.5190485
0.5128056,0.5128056
0.37801668,0.37801668
0.48108596,0.48108596
0.46284273,0.46284273
0.42731804,0.42731804
0.50092393,0.50092393
0.49821964,0.49821964
0.50071305,0.50071305
0.49404773,0.49404773
0.43420196,0.43420196
0.3929262,0.3929262
0.3914611,0.3914611
0.42521974,0.42521974
0.46061534,0.46061534
0.4403043,0.4403043
0.43692893,0.43692893
0.44432518,0.44432518
0.456436,0.456436
0.45485726,0.45485726
0.4720945,0.4720945
0.46212593,0.46212593
0.45836356,0.45836356
0.5044361,0.5044361
0.52122223,0.52122223
0.48498854,0.48498854
0.5065642,0.5065642
0.5451154,0.5451154
0.47273666,0.47273666
0.47918555,0.47918555
0.45682746,0.45682746
0.5007239,0.5007239
0.5175056,0.5175056
0.54702324,0.54702324
0.46200457,0.46200457
0.52568364,0.52568364
0.5134855,0.5134855
0.46569023,0.46569023
0.5061156,0.5061156
0.45908013,0.45908013
0.4844054,0.4844054
0.54736745,0.54736745
0.48359972,0.48359972
0.49303266,0.49303266
0.48939544,0.48939544
0.44505614,0.44505614
0.43982327,0.43982327
0.4828025,0.4828025
0.54019505,0.54019505
0.5280428,0.5280428
0.49498186,0.49498186
0.502236,0.502236
0.5000797,0.5000797
0.5360607,0.5360607
0.44308057,0.44308057
0.5068894,0.5068894
0.52160954,0.52160954
0.48452327,0.48452327
0.5780565,0.5780565
0.42019805,0.42019805
0.33948556,0.33948556
0.51020366,0.51020366
0.5113431,0.5113431
0.48053503,0.48053503
0.4695427,0.4695427
0.523728,0.523728
0.40397692,0.40397692
0.41182765,0.41182765
0.4688352,0.4688352
0.45418325,0.45418325
0.51163965,0.51163965
0.49646825,0.49646825
0.39727196,0.39727196
0.4844731,0.4844731
0.4410974,0.4410974
0.4953027,0.4953027
0.48207703,0.48207703
0.47419196,0.47419196
0.45232093,0.45232093
0.45926693,0.45926693
0.47274244,0.47274244
0.4932779,0.4932779
0.46013907,0.46013907
0.3966752,0.3966752
0.4831596,0.4831596
0.5073631,0.5073631
0.45795754,0.45795754
0.4437963,0.4437963
0.4631944,0.4631944
0.42245635,0.42245635
0.41568893,0.41568893
0.43025884,0.43025884
0.44365704,0.44365704
0.44286847,0.44286847
0.41426873,0.41426873
0.426579,0.426579
0.46970272,0.46970272
0.4438506,0.4438506
0.45385092,0.45385092
0.44606978,0.44606978
0.45718148,0.45718148
0.39230067,0.39230067
0.3805311,0.3805311
0.46893203,0.46893203
0.5425456,0.5425456
0.5638536,0.5638536
0.55995387,0.55995387
0.49066025,0.49066025
0.41542014,0.41542014
0.489125,0.489125
0.56830955,0.56830955
0.43600136,0.43600136
0.51063854,0.51063854
0.56397414,0.56397414
0.46886268,0.46886268
0.48542333,0.48542333
0.38878503,0.38878503
0.50373656,0.50373656
0.59338194,0.59338194
0.5235019,0.5235019
0.57422996,0.57422996
0.44981128,0.44981128
0.45460314,0.45460314
0.47799534,0.47799534
0.5231782,0.5231782
0.51755995,0.51755995
0.61258143,0.61258143
0.50962573,0.50962573
0.4598206,0.4598206
0.45332715,0.45332715
0.4018349,0.4018349
0.5100474,0.5100474
0.484018,0.484018
0.43710145,0.43710145
0.5150119,0.5150119
0.44746977,0.44746977
0.49892342,0.49892342
0.52314067,0.52314067
0.5707714,0.5707714
0.48264354,0.48264354
0.5584274,0.5584274
0.46618745,0.46618745
0.47267303,0.47267303
0.48888028,0.48888028
0.5570649,0.5570649
0.4866066,0.4866066
0.5105736,0.5105736
0.49199468,0.49199468
0.53993124,0.53993124
0.53691727,0.53691727
0.49337986,0.49337986
0.4557574,0.4557574
0.5601003,0.5601003
0.48802978,0.48802978
0.4618926,0.4618926
0.4887316,0.4887316
0.47889495,0.47889495
0.4189687,0.4189687
0.41216752,0.41216752
0.43425265,0.43425265
0.39405987,0.39405987
0.5527917,0.5527917
0.43771154,0.43771154
0.44529173,0.44529173
0.45700455,0.45700455
0.41616455,0.41616455
0.43959582,0.43959582
0.4479082,0.4479082
0.47593433,0.47593433
0.49811497,0.49811497
0.526854,0.526854
0.4932587,0.4932587
0.45873377,0.45873377
0.56572086,0.56572086
0.5672052,0.5672052
0.44491506,0.44491506
0.47359237,0.47359237
0.40857872,0.40857872
0.46992242,0.46992242
0.48639372,0.48639372
0.50424385,0.50424385
0.5207024,0.5207024
0.5185104,0.5185104
0.48876145,0.48876145
0.48788822,0.48788822
0.55735576,0.55735576
0.5460387,0.5460387
0.52315265,0.52315265
0.4755322,0.4755322
0.50801814,0.50801814
0.5394152,0.5394152
0.52324605,0.52324605
0.40371168,0.40371168
0.45036975,0.45036975
0.48177996,0.48177996
0.4752354,0.4752354
0.47416916,0.47416916
0.5181921,0.5181921
0.5106789,0.5106789
0.51720333,0.51720333
0.5417973,0.5417973
0.5158333,0.5158333
0.50163937,0.50163937
0.5114552,0.5114552
0.45369554,0.45369554
0.45311502,0.45311502
0.51784724,0.51784724
0.49575183,0.49575183
0.5115489,0.5115489
0.40591106,0.40591106
0.3973025,0.3973025
0.4488779,0.4488779
0.4838359,0.4838359
0.41627258,0.41627258
0.44281986,0.44281986
0.42066076,0.42066076
0.47230858,0.47230858
0.5236536,0.5236536
0.48046398,0.48046398
0.514227,0.514227
0.5655136,0.5655136
0.43197173,0.43197173
0.48309708,0.48309708
0.5449121,0.5449121
0.58175355,0.58175355
0.5224684,0.5224684
0.45934618,0.45934618
0.5269527,0.5269527
0.53031075,0.53031075
0.47869894,0.47869894
0.49630284,0.49630284
0.4614532,0.4614532
0.41016087,0.41016087
0.49261075,0.49261075
0.524128,0.524128
0.4387059,0.4387059
0.50897163,0.50897163
0.5102291,0.5102291
0.48402157,0.48402157
0.48676366,0.48676366
0.4673148,0.4673148
0.44909653,0.44909653
0.48571482,0.48571482
0.5289,0.5289
0.4106144,0.4106144
0.5178515,0.5178515
0.4548917,0.4548917
0.54427016,0.54427016
0.5090844,0.5090844
0.4995469,0.4995469
0.5290398,0.5290398
0.5013384,0.5013384
0.5351688,0.5351688
0.5494897,0.5494897
0.46027797,0.46027797
0.5485966,0.5485966
0.5525053,0.5525053
0.4999189,0.4999189
0.52612865,0.52612865
0.5464925,0.5464925
0.5396591,0.5396591
0.4940238,0.4940238
0.5303118,0.5303118
0.4673551,0.4673551
0.49132687,0.49132687
0.4831725,0.4831725
0.5288243,0.5288243
0.46758506,0.46758506
0.50681806,0.50681806
0.51346624,0.51346624
0.5164815,0.5164815
0.5329569,0.5329569
0.48678875,0.48678875
0.52636516,0.52636516
0.5216671,0.5216671
0.5066807,0.5066807
0.55113184,0.55113184
0.516521,0.516521
0.5082113,0.5082113
0.5482611,0.5482611
0.5021728,0.5021728
0.47817343,0.47817343
0.40796235,0.40796235
0.4365934,0.4365934
0.50936884,0.50936884
0.4185223,0.4185223
0.42393228,0.42393228
0.42965654,0.42965654
0.4685294,0.4685294
0.42787102,0.42787102
0.41915554,0.41915554
0.47923762,0.47923762
0.4641375,0.4641375
0.45843762,0.45843762
0.4198379,0.4198379
0.47922882,0.47922882
0.49650687,0.49650687
0.5166107,0.5166107
0.46846315,0.46846315
0.4368995,0.4368995
0.48239288,0.48239288
0.4833489,0.4833489
0.4798674,0.4798674
0.49862275,0.49862275
0.49154302,0.49154302
0.43279505,0.43279505
0.52476895,0.52476895
0.49066252,0.49066252
0.4817614,0.4817614
0.44656494,0.44656494
0.43646485,0.43646485
0.49091092,0.49091092
0.45596135,0.45596135
0.5732484,0.5732484
0.52040464,0.52040464
0.43227896,0.43227896
0.4410481,0.4410481
0.44346794,0.44346794
0.4346139,0.4346139
0.4607663,0.4607663
0.48680422,0.48680422
0.44212192,0.44212192
0.44731033,0.44731033
0.4462556,0.4462556
0.39089277,0.39089277
0.48167953,0.48167953
0.42830157,0.42830157
0.40038285,0.40038285
0.4431477,0.4431477
0.4967214,0.4967214
0.4984576,0.4984576
0.51214767,0.51214767
0.4605007,0.4605007
0.4626726,0.4626726
0.49225217,0.49225217
0.44751462,0.44751462
0.50786686,0.50786686
0.51407766,0.51407766
0.5513225,0.5513225
0.41005996,0.41005996
0.39185905,0.39185905
0.43171147,0.43171147
0.47843263,0.47843263
0.4764845,0.4764845
0.5605652,0.5605652
0.48747325,0.48747325
0.52547956,0.52547956
0.5282873,0.5282873
0.51930374,0.51930374
0.5081786,0.5081786
0.51877964,0.51877964
0.46569523,0.46569523
0.5095414,0.5095414
0.41549164,0.41549164
0.5017362,0.5017362
0.5023739,0.5023739
0.54882365,0.54882365
0.47848618,0.47848618
0.44849113,0.44849113
0.45641482,0.45641482
0.47471258,0.47471258
0.506926,0.506926
0.5253265,0.5253265
0.46267733,0.46267733
0.4772252,0.4772252
0.5060516,0.5060516
0.55337125,0.55337125
0.49300316,0.49300316
0.45208022,0.45208022
0.42256916,0.42256916
0.47614577,0.47614577
0.4817355,0.4817355
0.44971135,0.44971135
0.4293672,0.4293672
0.44845948,0.44845948
0.44954112,0.44954112
0.46352598,0.46352598
0.51967275,0.51967275
0.5103988,0.5103988
0.5127477,0.5127477
0.4870256,0.4870256
0.4651416,0.4651416
0.532164,0.532164
0.52582115,0.52582115
0.5300159,0.5300159
0.5058112,0.5058112
0.4892376,0.4892376
0.45217386,0.45217386
0.4217549,0.4217549
0.4358624,0.4358624
0.49935958,0.49935958
0.46005654,0.46005654
0.4654653,0.4654653
0.49351677,0.49351677
0.50340724,0.50340724
0.50014824,0.50014824
0.5018532,0.5018532
0.51580733,0.51580733
0.52433354,0.52433354
0.5181725,0.5181725
0.50972295,0.50972295
0.49081138,0.49081138
0.48221996,0.48221996
0.48050126,0.48050126
0.42987528,0.42987528
0.47842845,0.47842845
0.5195123,0.5195123
0.4596444,0.4596444
0.45643365,0.45643365
0.41874415,0.41874415
0.46959153,0.46959153
0.44282895,0.44282895
0.4436918,0.4436918
0.48427773,0.48427773
0.46877724,0.46877724
0.46700397,0.46700397
0.44636545,0.44636545
0.47679374,0.47679374
0.5094421,0.5094421
0.520612,0.520612
0.5078165,0.5078165
0.52009684,0.52009684
0.46743357,0.46743357
0.4926969,0.4926969
0.47143084,0.47143084
0.49147415,0.49147415
0.4944338,0.4944338
0.46673468,0.46673468
0.4588369,0.4588369
0.5102787,0.5102787
0.48585558,0.48585558
0.49219763,0.49219763
0.46095315,0.46095315
0.49386206,0.49386206
0.4101414,0.4101414
0.47555545,0.47555545
0.48545268,0.48545268
0.45034954,0.45034954
0.42505285,0.42505285
0.43814978,0.43814978
0.48312303,0.48312303
0.4135547,0.4135547
0.50121534,0.50121534
0.5038474,0.5038474
0.5205334,0.5205334
0.5264561,0.5264561
0.5517197,0.5517197
0.4915118,0.4915118
0.47351947,0.47351947
0.4898284,0.4898284
0.49946573,0.49946573
0.5144985,0.5144985
0.51743054,0.51743054
0.5162668,0.5162668
0.50777304,0.50777304
0.40212086,0.40212086
0.5571194,0.5571194
0.5695608,0.5695608
0.5243993,0.5243993
0.5002338,0.5002338
0.5239963,0.5239963
0.4891627,0.4891627
0.46381488,0.46381488
0.48063585,0.48063585
0.5100081,0.5100081
0.5546457,0.5546457
0.51205474,0.51205474
0.5122099,0.5122099
0.47442317,0.47442317
0.46244565,0.46244565
0.52325046,0.52325046
0.5709116,0.5709116
0.52231336,0.52231336
0.5132396,0.5132396
0.5517569,0.5517569
0.47579283,0.47579283
0.5071512,0.5071512
0.5070193,0.5070193
0.49652404,0.49652404
0.520081,0.520081
0.5136261,0.5136261
0.5547123,0.5547123
0.49102476,0.49102476
0.51496315,0.51496315
0.5294229,0.5294229
0.49931493,0.49931493
0.48322013,0.48322013
0.5055881,0.5055881
0.5161759,0.5161759
0.5338509,0.5338509
0.5025479,0.5025479
0.44826895,0.44826895
0.5071671,0.5071671
0.5142624,0.5142624
0.6194239,0.6194239
0.54467946,0.54467946
0.5483161,0.5483161
0.55670595,0.55670595
0.4887713,0.4887713
0.46038726,0.46038726
0.51962197,0.51962197
0.55777323,0.55777323
0.49932823,0.49932823
0.47580084,0.47580084
0.496616,0.496616
0.51028866,0.51028866
0.5086965,0.5086965
0.48979878,0.48979878
0.430436,0.430436
0.5060665,0.5060665
0.52554256,0.52554256
0.52072734,0.52072734
0.5370259,0.5370259
0.55484533,0.55484533
0.5336533,0.5336533
0.51174265,0.51174265
0.49961713,0.49961713
0.4788326,0.4788326
0.46856365,0.46856365
0.5361258,0.5361258
0.50626504,0.50626504
0.5031352,0.5031352
0.4664556,0.4664556
0.478408,0.478408
0.5561585,0.5561585
0.5405239,0.5405239
0.49122033,0.49122033
0.5226638,0.5226638
0.54173696,0.54173696
0.5203466,0.5203466
0.49800938,0.49800938
0.50155455,0.50155455
0.4644937,0.4644937
0.50891227,0.50891227
0.5045464,0.5045464
0.5797998,0.5797998
0.54195803,0.54195803
0.5491147,0.5491147
0.5070294,0.5070294
0.44562557,0.44562557
0.51432985,0.51432985
0.50042033,0.50042033
0.5015071,0.5015071
0.54604685,0.54604685
0.508711,0.508711
0.4778218,0.4778218
0.5590044,0.5590044
0.50867003,0.50867003
0.5212111,0.5212111
0.44626746,0.44626746
0.49786788,0.49786788
0.47434455,0.47434455
0.49378332,0.49378332
0.5322378,0.5322378
0.5346233,0.5346233
0.49749276,0.49749276
0.45955524,0.45955524
0.47190246,0.47190246
0.56207556,0.56207556
0.5027867,0.5027867
0.46643826,0.46643826
0.48202443,0.48202443
0.47614393,0.47614393
0.47464803,0.47464803
0.47651657,0.47651657
0.47274542,0.47274542
0.42617607,0.42617607
0.43768018,0.43768018
0.47181135,0.47181135
0.4579798,0.4579798
0.5095748,0.5095748
0.52545726,0.52545726
0.55517906,0.55517906
0.51425916,0.51425916
0.51786983,0.51786983
0.45545802,0.45545802
0.5525195,0.5525195
0.5527872,0.5527872
0.4948516,0.4948516
0.549908,0.549908
0.51418704,0.51418704
0.53522176,0.53522176
0.53205794,0.53205794
0.5512966,0.5512966
0.5581268,0.5581268
0.5055293,0.5055293
0.52090675,0.52090675
0.52144647,0.52144647
0.48511755,0.48511755
0.5158685,0.5158685
0.5295793,0.5295793
0.56535405,0.56535405
0.46989274,0.46989274
0.5019709,0.5019709
0.5254198,0.5254198
0.48884577,0.48884577
0.5062582,0.5062582
0.548636,0.548636
0.5004182,0.5004182
0.48297262,0.48297262
0.49459675,0.49459675
0.53472114,0.53472114
0.5133893,0.5133893
0.47788167,0.47788167
0.53656185,0.53656185
0.5400485,0.5400485
0.5281105,0.5281105
0.4953414,0.4953414
0.4268895,0.4268895
0.4684863,0.4684863
0.48094425,0.48094425
0.48233706,0.48233706
0.5330581,0.5330581
0.4955199,0.4955199
0.53704,0.53704
0.54278636,0.54278636
0.53291696,0.53291696
0.5387792,0.5387792
0.46308473,0.46308473
0.48541412,0.48541412
0.53266406,0.53266406
0.5126311,0.5126311
0.49993432,0.49993432
0.537092,0.537092
0.5175353,0.5175353
0.5359617,0.5359617
0.4533944,0.4533944
0.45119107,0.45119107
0.5472549,0.5472549
0.5499203,0.5499203
0.5016086,0.5016086
0.5086925,0.5086925
0.5179904,0.5179904
0.48528576,0.48528576
0.48084155,0.48084155
0.4262658,0.4262658
0.5427755,0.5427755
0.5651582,0.5651582
0.4651377,0.4651377
0.55134934,0.55134934
0.53811455,0.53811455
0.5061616,0.5061616
0.49291918,0.49291918
0.5142168,0.5142168
0.49719062,0.49719062
0.525497,0.525497
0.51374733,0.51374733
0.4965364,0.4965364
0.533678,0.533678
0.53699106,0.53699106
0.52796924,0.52796924
0.44663787,0.44663787
0.5076938,0.5076938
0.52965903,0.52965903
0.5337476,0.5337476
0.5280863,0.5280863
0.50482184,0.50482184
0.5335825,0.5335825
0.47921318,0.47921318
0.49954793,0.49954793
0.53362584,0.53362584
0.51254964,0.51254964
0.5271763,0.5271763
0.47827366,0.47827366
0.44109866,0.44109866
0.47974715,0.47974715
0.4985568,0.4985568
0.48892856,0.48892856
0.48588726,0.48588726
0.5065227,0.5065227
0.45927823,0.45927823
0.49762794,0.49762794
0.494136,0.494136
0.513193,0.513193
0.5252215,0.5252215
0.49838838,0.49838838
0.3837413,0.3837413
0.37513724,0.37513724
0.46863803,0.46863803
0.39852527,0.39852527
0.38932618,0.38932618
0.425679,0.425679
0.43298715,0.43298715
0.4335584,0.4335584
0.47916135,0.47916135
0.4688866,0.4688866
0.45125917,0.45125917
0.410192,0.410192
0.38886493,0.38886493
0.4305419,0.4305419
0.42730618,0.42730618
0.48323506,0.48323506
0.5008561,0.5008561
0.4958554,0.4958554
0.49585575,0.49585575
0.45348293,0.45348293
0.49356505,0.49356505
0.50927985,0.50927985
0.51050264,0.51050264
0.52682406,0.52682406
0.5195521,0.5195521
0.5683878,0.5683878
0.5309348,0.5309348
0.5202481,0.5202481
0.51342946,0.51342946
0.46902865,0.46902865
0.4627445,0.4627445
0.45199442,0.45199442
0.4752364,0.4752364
0.4795351,0.4795351
0.5041306,0.5041306
0.5201669,0.5201669
0.48447928,0.48447928
0.47863132,0.47863132
0.49169356,0.49169356
0.47598717,0.47598717
0.5113797,0.5113797
0.41364613,0.41364613
0.41461876,0.41461876
0.46403623,0.46403623
0.50908357,0.50908357
0.48159525,0.48159525
0.5916436,0.5916436
0.5042555,0.5042555
0.5221278,0.5221278
0.45142505,0.45142505
0.46812654,0.46812654
0.5071188,0.5071188
0.44668552,0.44668552
0.50011504,0.50011504
0.52321225,0.52321225
0.56191075,0.56191075
0.5415805,0.5415805
0.48196936,0.48196936
0.528373,0.528373
0.5008716,0.5008716
0.5081247,0.5081247
0.5018808,0.5018808
0.49773607,0.49773607
0.43400168,0.43400168
0.50240374,0.50240374
0.49260744,0.49260744
0.48695928,0.48695928
0.4798226,0.4798226
0.49705952,0.49705952
0.52059984,0.52059984
0.5181262,0.5181262
0.4695827,0.4695827
0.5059924,0.5059924
0.5215221,0.5215221
0.52984333,0.52984333
0.46178287,0.46178287
0.5109129,0.5109129
0.5203333,0.5203333
0.50557905,0.50557905
0.49764237,0.49764237
0.5036882,0.5036882
0.5646877,0.5646877
0.49851617,0.49851617
0.5087554,0.5087554
0.5073386,0.5073386
0.47818956,0.47818956
0.4683487,0.4683487
0.44777048,0.44777048
0.4966627,0.4966627
0.48982206,0.48982206
0.45126367,0.45126367
0.4994845,0.4994845
0.48147035,0.48147035
0.501545,0.501545
0.47498193,0.47498193
0.519208,0.519208
0.52835304,0.52835304
0.48826334,0.48826334
0.5428103,0.5428103
0.5257335,0.5257335
0.48461425,0.48461425
0.47687015,0.47687015
0.45404282,0.45404282
0.5217232,0.5217232
0.539904,0.539904
0.48546788,0.48546788
0.47367105,0.47367105
0.55789024,0.55789024
0.48362386,0.48362386
0.5355031,0.5355031
0.50710416,0.50710416
0.55584913,0.55584913
0.4558432,0.4558432
0.49854395,0.49854395
0.52696574,0.52696574
0.5241687,0.5241687
0.48904628,0.48904628
0.43868575,0.43868575
0.4655158,0.4655158
0.49387372,0.49387372
0.4716029,0.4716029
0.50327706,0.50327706
0.5101386,0.5101386
0.4724664,0.4724664
0.4871937,0.4871937
0.5225627,0.5225627
0.4716494,0.4716494
0.5107143,0.5107143
0.51776904,0.51776904
0.5188304,0.5188304
0.51818675,0.51818675
0.5500256,0.5500256
0.5330471,0.5330471
0.51816654,0.51816654
0.50626886,0.50626886
0.47420466,0.47420466
0.47856063,0.47856063
0.52120095,0.52120095
0.47948852,0.47948852
0.45131972,0.45131972
0.51255494,0.51255494
0.4915008,0.4915008
0.49752477,0.49752477
0.5068814,0.5068814
0.53866553,0.53866553
0.44566825,0.44566825
0.53808,0.53808
0.5738848,0.5738848
0.49626717,0.49626717
0.53756195,0.53756195
0.48711354,0.48711354
0.51124763,0.51124763
0.47441235,0.47441235
0.4515696,0.4515696
0.5141321,0.5141321
0.513803,0.513803
0.49325898,0.49325898
0.5644601,0.5644601
0.5318916,0.5318916
0.5358929,0.5358929
0.5119084,0.5119084
0.50155467,0.50155467
0.48236665,0.48236665
0.5362279,0.5362279
0.4767615,0.4767615
0.539322,0.539322
0.48152173,0.48152173
0.4807082,0.4807082
0.46437657,0.46437657
0.48858416,0.48858416
0.5263052,0.5263052
0.50460076,0.50460076
0.45675296,0.45675296
0.5061941,0.5061941
0.45861012,0.45861012
0.47148702,0.47148702
0.46113354,0.46113354
0.43118533,0.43118533
0.5131494,0.5131494
0.5152702,0.5152702
0.44904932,0.44904932
0.51884323,0.51884323
0.4997964,0.4997964
0.49445426,0.49445426
0.54306436,0.54306436
0.46138638,0.46138638
0.51593685,0.51593685
0.53102005,0.53102005
0.5454446,0.5454446
0.5269209,0.5269209
0.4586582,0.4586582
0.49118415,0.49118415
0.55440974,0.55440974
0.54006356,0.54006356
0.5066163,0.5066163
0.49701935,0.49701935
0.49179938,0.49179938
0.5253834,0.5253834
0.50663203,0.50663203
0.51317936,0.51317936
0.5163661,0.5163661
0.48618227,0.48618227
0.4819244,0.4819244
0.5107496,0.5107496
0.5083923,0.5083923
0.4850396,0.4850396
0.5048344,0.5048344
0.48816147,0.48816147
0.5232075,0.5232075
0.54039663,0.54039663
0.56115115,0.56115115
0.55256075,0.55256075
0.5026948,0.5026948
0.42330912,0.42330912
0.46671525,0.46671525
0.49601442,0.49601442
0.47456393,0.47456393
0.5351939,0.5351939
0.4874885,0.4874885
0.5150366,0.5150366
0.4782305,0.4782305
0.48333648,0.48333648
0.5021167,0.5021167
0.50142145,0.50142145
0.44606513,0.44606513
0.3956848,0.3956848
0.48030764,0.48030764
0.53086096,0.53086096
0.4496517,0.4496517
0.4906913,0.4906913
0.5106614,0.5106614
0.48458114,0.48458114
0.46433106,0.46433106
0.43259662,0.43259662
0.4606219,0.4606219
0.45555016,0.45555016
0.4496993,0.4496993
0.4608242,0.4608242
0.46034178,0.46034178
0.5090731,0.5090731
0.49124885,0.49124885
0.42158875,0.42158875
0.45932284,0.45932284
0.52956146,0.52956146
0.5238,0.5238
0.5402963,0.5402963
0.45096332,0.45096332
0.4372433,0.4372433
0.45272583,0.45272583
0.4228009,0.4228009
0.4506039,0.4506039
0.50126404,0.50126404
0.5220133,0.5220133
0.4975347,0.4975347
0.5102274,0.5102274
0.5298716,0.5298716
0.5124667,0.5124667
0.49948826,0.49948826
0.42149228,0.42149228
0.41189963,0.41189963
0.51950514,0.51950514
0.5014008,0.5014008
0.4474899,0.4474899
0.5158774,0.5158774
0.49922857,0.49922857
0.4707568,0.4707568
0.5552459,0.5552459
0.4627006,0.4627006
0.4778972,0.4778972
0.43226117,0.43226117
0.51163965,0.51163965
0.48289284,0.48289284
0.46032074,0.46032074
0.530733,0.530733
0.54144096,0.54144096
0.46434942,0.46434942
0.4567553,0.4567553
0.54853415,0.54853415
0.5607531,0.5607531
0.480119,0.480119
0.47103956,0.47103956
0.48098305,0.48098305
0.4473733,0.4473733
0.5530164,0.5530164
0.51652944,0.51652944
0.53568214,0.53568214
0.5465129,0.5465129
0.54459596,0.54459596
0.47013584,0.47013584
0.46254995,0.46254995
0.48018846,0.48018846
0.5397049,0.5397049
0.54686433,0.54686433
0.54016554,0.54016554
0.45431593,0.45431593
0.521435,0.521435
0.5141939,0.5141939
0.501428,0.501428
0.4522418,0.4522418
0.4830683,0.4830683
0.53350407,0.53350407
0.52820694,0.52820694
0.54018074,0.54018074
0.5099305,0.5099305
0.4793346,0.4793346
0.44505274,0.44505274
0.44503003,0.44503003
0.43723363,0.43723363
0.47188473,0.47188473
0.3710391,0.3710391
0.47704765,0.47704765
0.4542331,0.4542331
0.42350844,0.42350844
0.43133247,0.43133247
0.42262003,0.42262003
0.41348422,0.41348422
0.56542546,0.56542546
0.4729444,0.4729444
0.4659063,0.4659063
0.5375292,0.5375292
0.516307,0.516307
0.38725263,0.38725263
0.41463628,0.41463628
0.44390836,0.44390836
0.45668396,0.45668396
0.5554708,0.5554708
0.435343,0.435343
0.48226145,0.48226145
0.46511987,0.46511987
0.50368226,0.50368226
0.41609967,0.41609967
0.49388418,0.49388418
0.45750427,0.45750427
0.4987098,0.4987098
0.5215676,0.5215676
0.42516235,0.42516235
0.4523837,0.4523837
0.4247958,0.4247958
0.4359374,0.4359374
0.41491333,0.41491333
0.44832343,0.44832343
0.45884344,0.45884344
0.46649614,0.46649614
0.41462258,0.41462258
0.49751076,0.49751076
0.49106312,0.49106312
0.4790304,0.4790304
0.48835632,0.48835632
0.51582074,0.51582074
0.47240824,0.47240824
0.45306033,0.45306033
0.4582478,0.4582478
0.5071835,0.5071835
0.56015766,0.56015766
0.52265763,0.52265763
0.46439436,0.46439436
0.5072787,0.5072787
0.58353764,0.58353764
0.51615894,0.51615894
0.5402279,0.5402279
0.50552034,0.50552034
0.49026406,0.49026406
0.4758076,0.4758076
0.5190807,0.5190807
0.5012076,0.5012076
0.513423,0.513423
0.50443166,0.50443166
0.5465233,0.5465233
0.5137118,0.5137118
0.5021994,0.5021994
0.537612,0.537612
0.5113465,0.5113465
0.45992124,0.45992124
0.4594768,0.4594768
0.53830224,0.53830224
0.56241965,0.56241965
0.45601678,0.45601678
0.481137,0.481137
0.4457384,0.4457384
0.49675703,0.49675703
0.46986112,0.46986112
0.5094384,0.5094384
0.50465804,0.50465804
0.49036792,0.49036792
0.52586603,0.52586603
0.51067024,0.51067024
0.48151386,0.48151386
0.45630258,0.45630258
0.47785482,0.47785482
0.52262485,0.52262485
0.5197421,0.5197421
0.54669446,0.54669446
0.4589249,0.4589249
0.38766,0.38766
0.49223515,0.49223515
0.42789927,0.42789927
0.48031753,0.48031753
0.45990553,0.45990553
0.47464016,0.47464016
0.50267786,0.50267786
0.44338503,0.44338503
0.5164887,0.5164887
0.5336005,0.5336005
0.5172961,0.5172961
0.47359148,0.47359148
0.51751137,0.51751137
0.50716645,0.50716645
0.46669143,0.46669143
0.490938,0.490938
0.51930344,0.51930344
0.475821,0.475821
0.49748346,0.49748346
0.486995,0.486995
0.480364,0.480364
0.48913488,0.48913488
0.49740914,0.49740914
0.50459176,0.50459176
0.50416017,0.50416017
0.45149758,0.45149758
0.51152575,0.51152575
0.4161259,0.4161259
0.48223814,0.48223814
0.4952677,0.4952677
0.5398109,0.5398109
0.5081315,0.5081315
0.5359554,0.5359554
0.48172534,0.48172534
0.4641001,0.4641001
0.48728493,0.48728493
0.45902443,0.45902443
0.5273655,0.5273655
0.39823225,0.39823225
0.42313966,0.42313966
0.3963438,0.3963438
0.4212496,0.4212496
0.54559404,0.54559404
0.50196385,0.50196385
0.38352734,0.38352734
0.4423339,0.4423339
0.5358708,0.5358708
0.49322736,0.49322736
0.4763974,0.4763974
0.48000613,0.48000613
0.42662504,0.42662504
0.43488133,0.43488133
0.47303164,0.47303164
0.50686234,0.50686234
0.45994753,0.45994753
0.46370453,0.46370453
0.47217584,0.47217584
0.5351836,0.5351836
0.4671849,0.4671849
0.47881836,0.47881836
0.4640449,0.4640449
0.5190828,0.5190828
0.5172082,0.5172082
0.5316784,0.5316784
0.56186545,0.56186545
0.49404755,0.49404755
0.50123084,0.50123084
0.54421675,0.54421675
0.5170543,0.5170543
0.5043741,0.5043741
0.51319265,0.51319265
0.5080781,0.5080781
0.50850296,0.50850296
0.48688495,0.48688495
0.569337,0.569337
0.48939195,0.48939195
0.47548345,0.47548345
0.5028544,0.5028544
0.50301737,0.50301737
0.50626916,0.50626916
0.47141162,0.47141162
0.47021753,0.47021753
0.5288614,0.5288614
0.45803252,0.45803252
0.47926232,0.47926232
0.510758,0.510758
0.51229966,0.51229966
0.47909895,0.47909895
0.50998795,0.50998795
0.569748,0.569748
0.49347365,0.49347365
0.49944142,0.49944142
0.505993,0.505993
0.53863555,0.53863555
0.49801752,0.49801752
0.56779575,0.56779575
0.5339497,0.5339497
0.52129346,0.52129346
0.48746997,0.48746997
0.57648104,0.57648104
0.51342344,0.51342344
0.5441896,0.5441896
0.5250808,0.5250808
0.5369807,0.5369807
0.51534337,0.51534337
0.5320207,0.5320207
0.5127585,0.5127585
0.53318477,0.53318477
0.53247756,0.53247756
0.5243369,0.5243369
0.49465546,0.49465546
0.5388406,0.5388406
0.483295,0.483295
0.54396635,0.54396635
0.50857073,0.50857073
0.51551116,0.51551116
0.49080795,0.49080795
0.49032742,0.49032742
0.48787382,0.48787382
0.5005335,0.5005335
0.52691007,0.52691007
0.52827144,0.52827144
0.5720251,0.5720251
0.5305547,0.5305547
0.51740843,0.51740843
0.5314682,0.5314682
0.45911178,0.45911178
0.49081752,0.49081752
0.42045408,0.42045408
0.46287417,0.46287417
0.3986439,0.3986439
0.43924633,0.43924633
0.4614782,0.4614782
0.54925495,0.54925495
0.5105886,0.5105886
0.40576142,0.40576142
0.52177054,0.52177054
0.48037735,0.48037735
0.40830535,0.40830535
0.41393778,0.41393778
0.4803513,0.4803513
0.44496176,0.44496176
0.4516074,0.4516074
0.44908658,0.44908658
0.45516208,0.45516208
0.3933076,0.3933076
0.45572478,0.45572478
0.49228474,0.49228474
0.48635012,0.48635012
0.5467392,0.5467392
0.5213699,0.5213699
0.4172859,0.4172859
0.43448532,0.43448532
0.4615373,0.4615373
0.49575394,0.49575394
0.47153214,0.47153214
0.45420846,0.45420846
0.4850849,0.4850849
0.46482387,0.46482387
0.46487954,0.46487954
0.43599975,0.43599975
0.4056753,0.4056753
0.4262138,0.4262138
0.42090344,0.42090344
0.36495245,0.36495245
0.46146455,0.46146455
0.4934728,0.4934728
0.53127563,0.53127563
0.44382763,0.44382763
0.4712122,0.4712122
0.54317534,0.54317534
0.5089794,0.5089794
0.5529071,0.5529071
0.535742,0.535742
0.49847564,0.49847564
0.4921253,0.4921253
0.51835656,0.51835656
0.5407921,0.5407921
0.5240616,0.5240616
0.54072094,0.54072094
0.5013311,0.5013311
0.51486903,0.51486903
0.51792526,0.51792526
0.45548043,0.45548043
0.48424652,0.48424652
0.43980595,0.43980595
0.35337064,0.35337064
0.46373022,0.46373022
0.49470654,0.49470654
0.4931927,0.4931927
0.49626914,0.49626914
0.48134288,0.48134288
0.49170923,0.49170923
0.49656877,0.49656877
0.4907388,0.4907388
0.4877284,0.4877284
0.48631504,0.48631504
0.44231805,0.44231805
0.51679206,0.51679206
0.53836733,0.53836733
0.46604043,0.46604043
0.48235956,0.48235956
0.48461947,0.48461947
0.49548078,0.49548078
0.49829978,0.49829978
0.43213975,0.43213975
0.49756017,0.49756017
0.41232103,0.41232103
0.39126503,0.39126503
0.43783852,0.43783852
0.46171325,0.46171325
0.50120956,0.50120956
0.43070546,0.43070546
0.50602585,0.50602585
0.47831896,0.47831896
0.53591424,0.53591424
0.44143283,0.44143283
0.4324099,0.4324099
0.4423861,0.4423861
0.48993486,0.48993486
0.46582857,0.46582857
0.5315494,0.5315494
0.47049764,0.47049764
0.45238492,0.45238492
0.49957195,0.49957195
0.48692852,0.48692852
0.5001077,0.5001077
0.45238668,0.45238668
0.37424463,0.37424463
0.4922272,0.4922272
0.507411,0.507411
0.4589526,0.4589526
0.40081713,0.40081713
0.4864938,0.4864938
0.5673092,0.5673092
0.5623573,0.5623573
0.55256027,0.55256027
0.54794914,0.54794914
0.49932104,0.49932104
0.51266503,0.51266503
0.54220295,0.54220295
0.54066414,0.54066414
0.4776559,0.4776559
0.4647353,0.4647353
0.49235356,0.49235356
0.43920177,0.43920177
0.5959875,0.5959875
0.5228536,0.5228536
0.48827213,0.48827213
0.54220897,0.54220897
0.43206957,0.43206957
0.45748305,0.45748305
0.578762,0.578762
0.47840706,0.47840706
0.47747663,0.47747663
0.46384454,0.46384454
0.49670094,0.49670094
0.48386908,0.48386908
0.5876809,0.5876809
0.5243007,0.5243007
0.47835606,0.47835606
0.5121464,0.5121464
0.515533,0.515533
0.48758274,0.48758274
0.47895795,0.47895795
0.4352814,0.4352814
0.4660442,0.4660442
0.48908857,0.48908857
0.55453265,0.55453265
0.514602,0.514602
0.5341806,0.5341806
0.51021445,0.51021445
0.5492189,0.5492189
0.52762526,0.52762526
0.54931545,0.54931545
0.49885067,0.49885067
0.45748425,0.45748425
0.43970785,0.43970785
0.5220315,0.5220315
0.47938055,0.47938055
0.54038024,0.54038024
0.5229211,0.5229211
0.5594165,0.5594165
0.5285973,0.5285973
0.5161683,0.5161683
0.52577,0.52577
0.49878356,0.49878356
0.5415469,0.5415469
0.4737372,0.4737372
0.5116589,0.5116589
0.4714524,0.4714524
0.48746136,0.48746136
0.4396738,0.4396738
0.53866595,0.53866595
0.49026674,0.49026674
0.41770175,0.41770175
0.38464502,0.38464502
0.38464502,0.38464502
0.38464502,0.38464502
0.38464502,0.38464502
0.38464502,0.38464502
0.3832233,0.3832233
0.53164786,0.53164786
0.39976504,0.39976504
0.38312256,0.38312256
0.4907469,0.4907469
0.5085006,0.5085006
0.50571173,0.50571173
0.51819676,0.51819676
0.48525795,0.48525795
0.5436444,0.5436444
0.5335177,0.5335177
0.61679393,0.61679393
0.5178278,0.5178278
0.5451021,0.5451021
0.52165484,0.52165484
0.45395246,0.45395246
0.49574447,0.49574447
0.5159936,0.5159936
0.50689286,0.50689286
0.48269865,0.48269865
0.46326885,0.46326885
0.4959995,0.4959995
0.51763004,0.51763004
0.50710016,0.50710016
0.5100828,0.5100828
0.56797355,0.56797355
0.44790533,0.44790533
0.5053177,0.5053177
0.4813635,0.4813635
0.5219556,0.5219556
0.5294782,0.5294782
0.51458836,0.51458836
0.49264753,0.49264753
0.479282,0.479282
0.43794778,0.43794778
0.44945535,0.44945535
0.44437847,0.44437847
0.502226,0.502226
0.49553356,0.49553356
0.49593845,0.49593845
0.47809032,0.47809032
0.49518305,0.49518305
0.49633047,0.49633047
0.45325828,0.45325828
0.47415766,0.47415766
0.5061,0.5061
0.42010656,0.42010656
0.4291533,0.4291533
0.4595539,0.4595539
0.46408233,0.46408233
0.44564638,0.44564638
0.4451096,0.4451096
0.4902147,0.4902147
0.50441813,0.50441813
0.5052335,0.5052335
0.5038226,0.5038226
0.4806297,0.4806297
0.4748535,0.4748535
0.49820098,0.49820098
0.45737562,0.45737562
0.47249496,0.47249496
0.46717453,0.46717453
0.4680527,0.4680527
0.49185085,0.49185085
0.52205694,0.52205694
0.4990192,0.4990192
0.5615771,0.5615771
0.47457823,0.47457823
0.46766892,0.46766892
0.4697572,0.4697572
0.52097476,0.52097476
0.4848765,0.4848765
0.4544719,0.4544719
0.44893998,0.44893998
0.42477253,0.42477253
0.48774523,0.48774523
0.46117374,0.46117374
0.5300685,0.5300685
0.55216974,0.55216974
0.43789977,0.43789977
0.51230013,0.51230013
0.44929227,0.44929227
0.44739243,0.44739243
0.41426498,0.41426498
0.46065152,0.46065152
0.5368098,0.5368098
0.4722325,0.4722325
0.5091023,0.5091023
0.5030475,0.5030475
0.52821565,0.52821565
0.5356725,0.5356725
0.52360445,0.52360445
0.43435186,0.43435186
0.4922899,0.4922899
0.54902947,0.54902947
0.49920103,0.49920103
0.5507858,0.5507858
0.53751427,0.53751427
0.4783872,0.4783872
0.5017231,0.5017231
0.5384649,0.5384649
0.4913795,0.4913795
0.5357884,0.5357884
0.5254246,0.5254246
0.5506705,0.5506705
0.555249,0.555249
0.55329525,0.55329525
0.52995086,0.52995086
0.53004575,0.53004575
0.53782594,0.53782594
0.53726065,0.53726065
0.52553535,0.52553535
0.46443942,0.46443942
0.4275956,0.4275956
0.46803275,0.46803275
0.4532527,0.4532527
0.46868145,0.46868145
0.43167016,0.43167016
0.52824694,0.52824694
0.4878233,0.4878233
0.50398004,0.50398004
0.47957137,0.47957137
0.4848719,0.4848719
0.5162064,0.5162064
0.618761,0.618761
0.5552226,0.5552226
0.5097343,0.5097343
0.5211099,0.5211099
0.45652473,0.45652473
0.52819234,0.52819234
0.45454043,0.45454043
0.42897305,0.42897305
0.48760325,0.48760325
0.50390244,0.50390244
0.5204861,0.5204861
0.4997602,0.4997602
0.46520174,0.46520174
0.5056608,0.5056608
0.56682867,0.56682867
0.5024309,0.5024309
0.5570324,0.5570324
0.48286927,0.48286927
0.5149904,0.5149904
0.5346342,0.5346342
0.5236315,0.5236315
0.5044309,0.5044309
0.5358014,0.5358014
0.5520928,0.5520928
0.5311637,0.5311637
0.55114657,0.55114657
0.4977891,0.4977891
0.49077532,0.49077532
0.49611208,0.49611208
0.5204604,0.5204604
0.48191965,0.48191965
0.4959278,0.4959278
0.5256885,0.5256885
0.5110283,0.5110283
0.54580843,0.54580843
0.48724094,0.48724094
0.52010167,0.52010167
0.5299604,0.5299604
0.4972544,0.4972544
0.5024818,0.5024818
0.50764835,0.50764835
0.5454466,0.5454466
0.49680033,0.49680033
0.50089693,0.50089693
0.5892362,0.5892362
0.5220145,0.5220145
0.53585607,0.53585607
0.5149716,0.5149716
0.5039554,0.5039554
0.5360294,0.5360294
0.5112511,0.5112511
0.48889592,0.48889592
0.5229703,0.5229703
0.47777537,0.47777537
0.4942781,0.4942781
0.5182806,0.5182806
0.5455644,0.5455644
0.50887734,0.50887734
0.49674448,0.49674448
0.49887523,0.49887523
0.51555914,0.51555914
0.41737893,0.41737893
0.5820064,0.5820064
0.45731086,0.45731086
0.5200041,0.5200041
0.46635872,0.46635872
0.45821264,0.45821264
0.49377933,0.49377933
0.5364536,0.5364536
0.43692482,0.43692482
0.46038428,0.46038428
0.42188936,0.42188936
0.5037276,0.5037276
0.531701,0.531701
0.5098049,0.5098049
0.42451662,0.42451662
0.518642,0.518642
0.5225047,0.5225047
0.4830741,0.4830741
0.3876242,0.3876242
0.46171266,0.46171266
0.46478704,0.46478704
0.45445138,0.45445138
0.45122147,0.45122147
0.4744055,0.4744055
0.44253078,0.44253078
0.48182994,0.48182994
0.49911138,0.49911138
0.5013233,0.5013233
0.5012945,0.5012945
0.49797952,0.49797952
0.49979654,0.49979654
0.5128275,0.5128275
0.48713443,0.48713443
0.4867676,0.4867676
0.47028428,0.47028428
0.42638615,0.42638615
0.42101556,0.42101556
0.40980026,0.40980026
0.50813276,0.50813276
0.55646616,0.55646616
0.417853,0.417853
0.41524523,0.41524523
0.4541953,0.4541953
0.43192732,0.43192732
0.6264145,0.6264145
0.4783411,0.4783411
0.50424004,0.50424004
0.53057784,0.53057784
0.5318563,0.5318563
0.40385085,0.40385085
0.44551265,0.44551265
0.46586186,0.46586186
0.46678028,0.46678028
0.46964586,0.46964586
0.4918225,0.4918225
0.4698796,0.4698796
0.48471254,0.48471254
0.40885237,0.40885237
0.43429324,0.43429324
0.49380505,0.49380505
0.46213517,0.46213517
0.45602322,0.45602322
0.47296613,0.47296613
0.5002165,0.5002165
0.48380572,0.48380572
0.521864,0.521864
0.41095173,0.41095173
0.49777582,0.49777582
0.5389767,0.5389767
0.5302894,0.5302894
0.45672637,0.45672637
0.4323603,0.4323603
0.45933393,0.45933393
0.46052322,0.46052322
0.46899414,0.46899414
0.51821375,0.51821375
0.46581584,0.46581584
0.45476273,0.45476273
0.47148305,0.47148305
0.47090164,0.47090164
0.44169867,0.44169867
0.46299428,0.46299428
0.47574654,0.47574654
0.4734698,0.4734698
0.50445646,0.50445646
0.52079713,0.52079713
0.5395329,0.5395329
0.47919762,0.47919762
0.43773502,0.43773502
0.41666153,0.41666153
0.45230097,0.45230097
0.43869403,0.43869403
0.48411167,0.48411167
0.52980006,0.52980006
0.43949255,0.43949255
0.41076106,0.41076106
0.41140696,0.41140696
0.46039107,0.46039107
0.47821134,0.47821134
0.50191337,0.50191337
0.46902165,0.46902165
0.62904876,0.62904876
0.5298792,0.5298792
0.5637742,0.5637742
0.552046,0.552046
0.52274853,0.52274853
0.55330396,0.55330396
0.52986985,0.52986985
0.49232784,0.49232784
0.43510672,0.43510672
0.45930225,0.45930225
0.44166052,0.44166052
0.45988485,0.45988485
0.5327427,0.5327427
0.5105553,0.5105553
0.48794422,0.48794422
0.39471373,0.39471373
0.38453686,0.38453686
0.39545563,0.39545563
0.4878671,0.4878671
0.5526619,0.5526619
0.45923927,0.45923927
0.46561134,0.46561134
0.46802238,0.46802238
0.47958258,0.47958258
0.46697477,0.46697477
0.45878914,0.45878914
0.4911785,0.4911785
0.4947798,0.4947798
0.503039,0.503039
0.48755947,0.48755947
0.5265398,0.5265398
0.49816707,0.49816707
0.5485261,0.5485261
0.5414379,0.5414379
0.50931644,0.50931644
0.51254994,0.51254994
0.55147743,0.55147743
0.49920538,0.49920538
0.5666282,0.5666282
0.50972563,0.50972563
0.4801026,0.4801026
0.53878355,0.53878355
0.5856267,0.5856267
0.5359287,0.5359287
0.5242082,0.5242082
0.49822173,0.49822173
0.5690058,0.5690058
0.44212437,0.44212437
0.5345762,0.5345762
0.5801302,0.5801302
0.54975903,0.54975903
0.45350045,0.45350045
0.5295343,0.5295343
0.5159618,0.5159618
0.55566466,0.55566466
0.58854544,0.58854544
0.50198025,0.50198025
0.5095483,0.5095483
0.54512274,0.54512274
0.53392184,0.53392184
0.5155869,0.5155869
0.4967158,0.4967158
0.5625735,0.5625735
0.5201743,0.5201743
0.48871183,0.48871183
0.5676453,0.5676453
0.513814,0.513814
0.48185265,0.48185265
0.48847896,0.48847896
0.5566852,0.5566852
0.50933135,0.50933135
0.44732088,0.44732088
0.4282815,0.4282815
0.40397194,0.40397194
0.38157168,0.38157168
0.55534065,0.55534065
0.49300924,0.49300924
0.39256483,0.39256483
0.5043274,0.5043274
0.48930803,0.48930803
0.55972916,0.55972916
0.5451004,0.5451004
0.52897865,0.52897865
0.55325764,0.55325764
0.51286906,0.51286906
0.48924923,0.48924923
0.56010044,0.56010044
0.52831876,0.52831876
0.4981973,0.4981973
0.5262502,0.5262502
0.5301998,0.5301998
0.4959119,0.4959119
0.56345135,0.56345135
0.52957904,0.52957904
0.5215827,0.5215827
0.54793125,0.54793125
0.5035811,0.5035811
0.50957054,0.50957054
0.4775045,0.4775045
0.4480895,0.4480895
0.4431301,0.4431301
0.462401,0.462401
0.4659265,0.4659265
0.46702263,0.46702263
0.56047773,0.56047773
0.5475731,0.5475731
0.4808382,0.4808382
0.44985202,0.44985202
0.47897854,0.47897854
0.44402522,0.44402522
0.4741216,0.4741216
0.4799563,0.4799563
0.5119777,0.5119777
0.4870172,0.4870172
0.47978786,0.47978786
0.44524306,0.44524306
0.49440318,0.49440318
0.5004697,0.5004697
0.4432166,0.4432166
0.48350915,0.48350915
0.55428445,0.55428445
0.48466733,0.48466733
0.503911,0.503911
0.45956567,0.45956567
0.47200388,0.47200388
0.5015191,0.5015191
0.402046,0.402046
0.45620587,0.45620587
0.43021038,0.43021038
0.44340208,0.44340208
0.4324437,0.4324437
0.44975835,0.44975835
0.48001233,0.48001233
0.45950475,0.45950475
0.46586838,0.46586838
0.4707549,0.4707549
0.47761363,0.47761363
0.49517205,0.49517205
0.44646692,0.44646692
0.4971447,0.4971447
0.4919362,0.4919362
0.51695776,0.51695776
0.5416224,0.5416224
0.5182179,0.5182179
0.5032722,0.5032722
0.5209328,0.5209328
0.5210327,0.5210327
0.517303,0.517303
0.5116476,0.5116476
0.49822208,0.49822208
0.4804594,0.4804594
0.50557077,0.50557077
0.55679226,0.55679226
0.4964114,0.4964114
0.49042323,0.49042323
0.5595273,0.5595273
0.5131161,0.5131161
0.5033344,0.5033344
0.5106979,0.5106979
0.5149213,0.5149213
0.60542303,0.60542303
0.4903577,0.4903577
0.4126391,0.4126391
0.44522223,0.44522223
0.47276378,0.47276378
0.4347956,0.4347956
0.46818197,0.46818197
0.40173072,0.40173072
0.42625213,0.42625213
0.44036663,0.44036663
0.43263346,0.43263346
0.4731899,0.4731899
0.47280908,0.47280908
0.471163,0.471163
0.50440085,0.50440085
0.4349517,0.4349517
0.5125492,0.5125492
0.4751704,0.4751704
0.48828876,0.48828876
0.43820453,0.43820453
0.4719813,0.4719813
0.4915482,0.4915482
0.3917433,0.3917433
0.5174074,0.5174074
0.46398056,0.46398056
0.45860383,0.45860383
0.46507266,0.46507266
0.4641034,0.4641034
0.47523022,0.47523022
0.46774116,0.46774116
0.4457782,0.4457782
0.48536593,0.48536593
0.3968842,0.3968842
0.45974097,0.45974097
0.4488443,0.4488443
0.43758678,0.43758678
0.4753646,0.4753646
0.50197464,0.50197464
0.4852822,0.4852822
0.5081634,0.5081634
0.54710245,0.54710245
0.54585725,0.54585725
0.4778068,0.4778068
0.5078543,0.5078543
0.517007,0.517007
0.5575053,0.5575053
0.5183363,0.5183363
0.5291973,0.5291973
0.5291752,0.5291752
0.49832955,0.49832955
0.50141656,0.50141656
0.38577738,0.38577738
0.5443246,0.5443246
0.5570901,0.5570901
0.52085745,0.52085745
0.48510885,0.48510885
0.47116807,0.47116807
0.48430583,0.48430583
0.46174103,0.46174103
0.49766865,0.49766865
0.46577835,0.46577835
0.4931942,0.4931942
0.5160414,0.5160414
0.5205711,0.5205711
0.43424952,0.43424952
0.558296,0.558296
0.5284853,0.5284853
0.5060443,0.5060443
0.45974916,0.45974916
0.5090706,0.5090706
0.51002175,0.51002175
0.47926527,0.47926527
0.59002256,0.59002256
0.4700016,0.4700016
0.53196406,0.53196406
0.4653774,0.4653774
0.50704694,0.50704694
0.48674318,0.48674318
0.4659383,0.4659383
0.44382444,0.44382444
0.54067147,0.54067147
0.49066705,0.49066705
0.45978048,0.45978048
0.5225717,0.5225717
0.5253165,0.5253165
0.5092397,0.5092397
0.52547395,0.52547395
0.47350958,0.47350958
0.42864782,0.42864782
0.48491764,0.48491764
0.50284,0.50284
0.5847598,0.5847598
0.50795454,0.50795454
0.42307436,0.42307436
0.46598977,0.46598977
0.5483513,0.5483513
0.5562488,0.5562488
0.54170936,0.54170936
0.4277515,0.4277515
0.50217056,0.50217056
0.50265384,0.50265384
0.44929072,0.44929072
0.51626915,0.51626915
0.54783595,0.54783595
0.5308435,0.5308435
0.41698912,0.41698912
0.43862778,0.43862778
0.4481646,0.4481646
0.47652644,0.47652644
0.4525242,0.4525242
0.43475524,0.43475524
0.4247894,0.4247894
0.48851535,0.48851535
0.39314735,0.39314735
0.48900545,0.48900545
0.44578975,0.44578975
0.33564553,0.33564553
0.365555,0.365555
0.478489,0.478489
0.5178196,0.5178196
0.5131233,0.5131233
0.50881535,0.50881535
0.5159482,0.5159482
0.4806772,0.4806772
0.42627856,0.42627856
0.41653824,0.41653824
0.47582856,0.47582856
0.42032453,0.42032453
0.44984734,0.44984734
0.44684294,0.44684294
0.46682948,0.46682948
0.4871462,0.4871462
0.52025557,0.52025557
0.4627656,0.4627656
0.5440535,0.5440535
0.49426827,0.49426827
0.5355057,0.5355057
0.45762345,0.45762345
0.5668988,0.5668988
0.45852467,0.45852467
0.5197616,0.5197616
0.50136167,0.50136167
0.4261918,0.4261918
0.43205526,0.43205526
0.4976837,0.4976837
0.47069412,0.47069412
0.4882454,0.4882454
0.48544618,0.48544618
0.44933873,0.44933873
0.40502936,0.40502936
0.5271418,0.5271418
0.50553364,0.50553364
0.40511772,0.40511772
0.45022428,0.45022428
0.47980997,0.47980997
0.5130734,0.5130734
0.5211383,0.5211383
0.4258658,0.4258658
0.4636906,0.4636906
0.52546453,0.52546453
0.38133982,0.38133982
0.5460072,0.5460072
0.49042743,0.49042743
0.48338386,0.48338386
0.5061072,0.5061072
0.433,0.433
0.50681853,0.50681853
0.46417153,0.46417153
0.50149065,0.50149065
0.5092316,0.5092316
0.48729476,0.48729476
0.50648695,0.50648695
0.49054953,0.49054953
0.5493337,0.5493337
0.47706467,0.47706467
0.5259378,0.5259378
0.54018027,0.54018027
0.49550822,0.49550822
0.5739099,0.5739099
0.5283316,0.5283316
0.5436104,0.5436104
0.52160305,0.52160305
0.5189744,0.5189744
0.50408274,0.50408274
0.4771832,0.4771832
0.487599,0.487599
0.39928195,0.39928195
0.43044385,0.43044385
0.4172134,0.4172134
0.46914998,0.46914998
0.4682068,0.4682068
0.47685215,0.47685215
0.48495245,0.48495245
0.4577169,0.4577169
0.44336212,0.44336212
0.4479692,0.4479692
0.47537047,0.47537047
0.4908987,0.4908987
0.48601916,0.48601916
0.4859882,0.4859882
0.51233315,0.51233315
0.48871127,0.48871127
0.4821618,0.4821618
0.5673708,0.5673708
0.5104032,0.5104032
0.5301818,0.5301818
0.50968444,0.50968444
0.45605186,0.45605186
0.5118416,0.5118416
0.52502,0.52502
0.47037673,0.47037673
0.46267834,0.46267834
0.50050867,0.50050867
0.45874947,0.45874947
0.4274646,0.4274646
0.39523384,0.39523384
0.45369068,0.45369068
0.42724782,0.42724782
0.39473286,0.39473286
0.4955589,0.4955589
0.47116455,0.47116455
0.48453277,0.48453277
0.4315795,0.4315795
0.47337496,0.47337496
0.46031168,0.46031168
0.4910042,0.4910042
0.51341397,0.51341397
0.4451287,0.4451287
0.5053837,0.5053837
0.502334,0.502334
0.5304629,0.5304629
0.4262134,0.4262134
0.46796942,0.46796942
0.5490749,0.5490749
0.5025348,0.5025348
0.5147327,0.5147327
0.46058664,0.46058664
0.45855045,0.45855045
0.53284603,0.53284603
0.5514024,0.5514024
0.4910069,0.4910069
0.42348963,0.42348963
0.42703372,0.42703372
0.42412776,0.42412776
0.51591986,0.51591986
0.4751759,0.4751759
0.43865132,0.43865132
0.4812677,0.4812677
0.48015514,0.48015514
0.44918102,0.44918102
0.48096776,0.48096776
0.48841986,0.48841986
0.44486558,0.44486558
0.466731,0.466731
0.47494942,0.47494942
0.42645633,0.42645633
0.40412453,0.40412453
0.42536777,0.42536777
0.34679934,0.34679934
0.36066598,0.36066598
0.40603146,0.40603146
0.47463122,0.47463122
0.49246842,0.49246842
0.43535614,0.43535614
0.54053336,0.54053336
0.4878,0.4878
0.471105,0.471105
0.48628557,0.48628557
0.50746673,0.50746673
0.52558106,0.52558106
0.5563706,0.5563706
0.45522702,0.45522702
0.49247706,0.49247706
0.47096315,0.47096315
0.5320089,0.5320089
0.4785077,0.4785077
0.5360289,0.5360289
0.55180436,0.55180436
0.5485289,0.5485289
0.5416747,0.5416747
0.53850883,0.53850883
0.5288929,0.5288929
0.38759178,0.38759178
0.45846632,0.45846632
0.4599708,0.4599708
0.5225093,0.5225093
0.5241497,0.5241497
0.47434962,0.47434962
0.5236966,0.5236966
0.5080017,0.5080017
0.47541422,0.47541422
0.5115226,0.5115226
0.42349648,0.42349648
0.5427822,0.5427822
0.53775144,0.53775144
0.4744225,0.4744225
0.39203545,0.39203545
0.54832923,0.54832923
0.5208051,0.5208051
0.5059184,0.5059184
0.5222482,0.5222482
0.4930041,0.4930041
0.4844021,0.4844021
0.4870436,0.4870436
0.4963463,0.4963463
0.5048146,0.5048146
0.48803115,0.48803115
0.50229985,0.50229985
0.45914006,0.45914006
0.51178473,0.51178473
0.50728184,0.50728184
0.44845948,0.44845948
0.44817415,0.44817415
0.4233573,0.4233573
0.4506353,0.4506353
0.44841447,0.44841447
0.52085775,0.52085775
0.45599434,0.45599434
0.4468878,0.4468878
0.51284474,0.51284474
0.5045557,0.5045557
0.4998466,0.4998466
0.4634052,0.4634052
0.515626,0.515626
0.47619906,0.47619906
0.5195624,0.5195624
0.507796,0.507796
0.48912218,0.48912218
0.36689138,0.36689138
0.44954383,0.44954383
0.46880913,0.46880913
0.4764017,0.4764017
0.45248008,0.45248008
0.4429603,0.4429603
0.4281735,0.4281735
0.38382748,0.38382748
0.41399816,0.41399816
0.4307575,0.4307575
0.4244966,0.4244966
0.47923908,0.47923908
0.46974966,0.46974966
0.5057274,0.5057274
0.47299853,0.47299853
0.46678743,0.46678743
0.5282452,0.5282452
0.5269961,0.5269961
0.5244037,0.5244037
0.5279426,0.5279426
0.55127335,0.55127335
0.52854997,0.52854997
0.47916064,0.47916064
0.5254709,0.5254709
0.49725673,0.49725673
0.51071644,0.51071644
0.5316541,0.5316541
0.48685253,0.48685253
0.49210954,0.49210954
0.48093116,0.48093116
0.43978283,0.43978283
0.47944304,0.47944304
0.44721872,0.44721872
0.5409482,0.5409482
0.5120537,0.5120537
0.4692202,0.4692202
0.48873547,0.48873547
0.54635257,0.54635257
0.49731165,0.49731165
0.4400362,0.4400362
0.3929071,0.3929071
0.3925184,0.3925184
0.3482564,0.3482564
0.3634611,0.3634611
0.40369993,0.40369993
0.49117592,0.49117592
0.40145722,0.40145722
0.41188338,0.41188338
0.43584207,0.43584207
0.4851262,0.4851262
0.4505336,0.4505336
0.4513443,0.4513443
0.47103068,0.47103068
0.4989233,0.4989233
0.4678997,0.4678997
0.4804839,0.4804839
0.4411643,0.4411643
0.41202873,0.41202873
0.4390263,0.4390263
0.43892246,0.43892246
0.4799788,0.4799788
0.5076583,0.5076583
0.5284114,0.5284114
0.5218928,0.5218928
0.5867111,0.5867111
0.41008726,0.41008726
0.49422354,0.49422354
0.5355754,0.5355754
0.41029507,0.41029507
0.51919377,0.51919377
0.44746584,0.44746584
0.4346152,0.4346152
0.40092233,0.40092233
0.5046344,0.5046344
0.4910269,0.4910269
0.4133042,0.4133042
0.4725081,0.4725081
0.48901722,0.48901722
0.3882032,0.3882032
0.43562385,0.43562385
0.48313278,0.48313278
0.4543216,0.4543216
0.43682525,0.43682525
0.46866494,0.46866494
0.5489306,0.5489306
0.5652962,0.5652962
0.44589671,0.44589671
0.4609328,0.4609328
0.5206727,0.5206727
0.49655697,0.49655697
0.4353858,0.4353858
0.5724178,0.5724178
0.46664116,0.46664116
0.4861907,0.4861907
0.4687691,0.4687691
0.44776702,0.44776702
0.5949048,0.5949048
0.44598955,0.44598955
0.504976,0.504976
0.49057832,0.49057832
0.44127086,0.44127086
0.5237341,0.5237341
0.52794445,0.52794445
0.5188069,0.5188069
0.4977594,0.4977594
0.50602996,0.50602996
0.5336906,0.5336906
0.53268284,0.53268284
0.525026,0.525026
0.4271261,0.4271261
0.4170891,0.4170891
0.5226721,0.5226721
0.52115464,0.52115464
0.47808522,0.47808522
0.4212682,0.4212682
0.5196918,0.5196918
0.5297119,0.5297119
0.53094655,0.53094655
0.46742758,0.46742758
0.48744735,0.48744735
0.5006709,0.5006709
0.49947453,0.49947453
0.4354157,0.4354157
0.42431086,0.42431086
0.45144618,0.45144618
0.44912267,0.44912267
0.46327144,0.46327144
0.42808107,0.42808107
0.49260446,0.49260446
0.5217877,0.5217877
0.51608783,0.51608783
0.48167607,0.48167607
0.4977841,0.4977841
0.5481836,0.5481836
0.48509645,0.48509645
0.4735816,0.4735816
0.4240123,0.4240123
0.39468762,0.39468762
0.5074492,0.5074492
0.5070888,0.5070888
0.5014302,0.5014302
0.49824739,0.49824739
0.49878174,0.49878174
0.52159756,0.52159756
0.5599016,0.5599016
0.5008758,0.5008758
0.4692569,0.4692569
0.4283361,0.4283361
0.5614451,0.5614451
0.46409974,0.46409974
0.51124984,0.51124984
0.5154995,0.5154995
0.49548042,0.49548042
0.47623572,0.47623572
0.4427799,0.4427799
0.49429572,0.49429572
0.49880537,0.49880537
0.44319418,0.44319418
0.44758803,0.44758803
0.4505411,0.4505411
0.5016148,0.5016148
0.45826605,0.45826605
0.41313234,0.41313234
0.39948487,0.39948487
0.47276965,0.47276965
0.43496478,0.43496478
0.49492493,0.49492493
0.44209266,0.44209266
0.4390012,0.4390012
0.46690044,0.46690044
0.49862215,0.49862215
0.4793913,0.4793913
0.59059095,0.59059095
0.4126005,0.4126005
0.45942745,0.45942745
0.41600904,0.41600904
0.43461007,0.43461007
0.44217613,0.44217613
0.46467742,0.46467742
0.4468094,0.4468094
0.4744892,0.4744892
0.46119976,0.46119976
0.42982095,0.42982095
0.39454526,0.39454526
0.45147774,0.45147774
0.4149302,0.4149302
0.4370734,0.4370734
0.42523953,0.42523953
0.45688173,0.45688173
0.473435,0.473435
0.4978406,0.4978406
0.46564993,0.46564993
0.4058654,0.4058654
0.4519889,0.4519889
0.53071177,0.53071177
0.46615687,0.46615687
0.5107043,0.5107043
0.5251566,0.5251566
0.5518667,0.5518667
0.5028031,0.5028031
0.4995463,0.4995463
0.54038465,0.54038465
0.53020215,0.53020215
0.5105192,0.5105192
0.48869088,0.48869088
0.47121984,0.47121984
0.47978333,0.47978333
0.517149,0.517149
0.5543256,0.5543256
0.5442191,0.5442191
0.47589025,0.47589025
0.50149983,0.50149983
0.47503662,0.47503662
0.49425155,0.49425155
0.5103352,0.5103352
0.5012967,0.5012967
0.5193358,0.5193358
0.49580058,0.49580058
0.53561705,0.53561705
0.55765414,0.55765414
0.5381941,0.5381941
0.52964765,0.52964765
0.43764055,0.43764055
0.4706643,0.4706643
0.50857806,0.50857806
0.4251356,0.4251356
0.51848996,0.51848996
0.4969262,0.4969262
0.47527164,0.47527164
0.5185022,0.5185022
0.4672857,0.4672857
0.47109827,0.47109827
0.42674834,0.42674834
0.4949872,0.4949872
0.4521605,0.4521605
0.47275025,0.47275025
0.49966702,0.49966702
0.5103781,0.5103781
0.5298078,0.5298078
0.47398323,0.47398323
0.46825725,0.46825725
0.43035385,0.43035385
0.44946408,0.44946408
0.47993287,0.47993287
0.45930707,0.45930707
0.5007832,0.5007832
0.53062725,0.53062725
0.5251514,0.5251514
0.5369209,0.5369209
0.53182936,0.53182936
0.47740474,0.47740474
0.46027836,0.46027836
0.49455488,0.49455488
0.39027575,0.39027575
0.4241601,0.4241601
0.5209394,0.5209394
0.46020666,0.46020666
0.44025868,0.44025868
0.44248608,0.44248608
0.47733095,0.47733095
0.44953197,0.44953197
0.44633073,0.44633073
0.44768506,0.44768506
0.39569017,0.39569017
0.48218545,0.48218545
0.40526164,0.40526164
0.45633838,0.45633838
0.44786555,0.44786555
0.5087858,0.5087858
0.5259904,0.5259904
0.5423608,0.5423608
0.46339688,0.46339688
0.5275419,0.5275419
0.47722355,0.47722355
0.4257487,0.4257487
0.425035,0.425035
0.46369824,0.46369824
0.43708277,0.43708277
0.46692228,0.46692228
0.5325837,0.5325837
0.43825158,0.43825158
0.42714775,0.42714775
0.4537049,0.4537049
0.40911797,0.40911797
0.40830916,0.40830916
0.46139216,0.46139216
0.47551578,0.47551578
0.5107017,0.5107017
0.54908717,0.54908717
0.5199129,0.5199129
0.48626122,0.48626122
0.49619326,0.49619326
0.4783722,0.4783722
0.54290086,0.54290086
0.5752557,0.5752557
0.5918553,0.5918553
0.5290972,0.5290972
0.4761993,0.4761993
0.57942605,0.57942605
0.54746354,0.54746354
0.5624706,0.5624706
0.5439585,0.5439585
0.5507959,0.5507959
0.55447346,0.55447346
0.466571,0.466571
0.4745976,0.4745976
0.4806014,0.4806014
0.47462317,0.47462317
0.483982,0.483982
0.4411711,0.4411711
0.46471056,0.46471056
0.48792747,0.48792747
0.5193695,0.5193695
0.42044544,0.42044544
0.47470638,0.47470638
0.43649516,0.43649516
0.5773246,0.5773246
0.5201968,0.5201968
0.5046892,0.5046892
0.44478995,0.44478995
0.45594093,0.45594093
0.40879634,0.40879634
0.49201566,0.49201566
0.4704982,0.4704982
0.4848885,0.4848885
0.50452965,0.50452965
0.48572156,0.48572156
0.37141094,0.37141094
0.44640037,0.44640037
0.4176194,0.4176194
0.4344726,0.4344726
0.41775677,0.41775677
0.42205638,0.42205638
0.44550508,0.44550508
0.5367505,0.5367505
0.49554458,0.49554458
0.50800246,0.50800246
0.5129223,0.5129223
0.48268622,0.48268622
0.41462094,0.41462094
0.46488318,0.46488318
0.4759336,0.4759336
0.47681957,0.47681957
0.41570282,0.41570282
0.4238617,0.4238617
0.40634876,0.40634876
0.44277102,0.44277102
0.41551107,0.41551107
0.52094805,0.52094805
0.485329,0.485329
0.3968728,0.3968728
0.39917186,0.39917186
0.40530267,0.40530267
0.5104043,0.5104043
0.4691909,0.4691909
0.46654323,0.46654323
0.52131736,0.52131736
0.45276415,0.45276415
0.42296296,0.42296296
0.46141472,0.46141472
0.4705995,0.4705995
0.48591706,0.48591706
0.5027139,0.5027139
0.43123856,0.43123856
0.46410653,0.46410653
0.42005557,0.42005557
0.47673428,0.47673428
0.5259466,0.5259466
0.51432365,0.51432365
0.51488733,0.51488733
0.51075315,0.51075315
0.48466894,0.48466894
0.47119182,0.47119182
0.5178763,0.5178763
0.48015222,0.48015222
0.53119045,0.53119045
0.52205163,0.52205163
0.5134035,0.5134035
0.52825177,0.52825177
0.51075476,0.51075476
0.49040478,0.49040478
0.44370127,0.44370127
0.47350514,0.47350514
0.46205485,0.46205485
0.50201446,0.50201446
0.5082465,0.5082465
0.5430043,0.5430043
0.5243839,0.5243839
0.5014691,0.5014691
0.5209876,0.5209876
0.5318351,0.5318351
0.47290465,0.47290465
0.5470042,0.5470042
0.52469087,0.52469087
0.44876057,0.44876057
0.5150306,0.5150306
0.5173712,0.5173712
0.46790385,0.46790385
0.4599864,0.4599864
0.53187704,0.53187704
0.47858548,0.47858548
0.5105726,0.5105726
0.46328336,0.46328336
0.51664215,0.51664215
0.5429618,0.5429618
0.54909205,0.54909205
0.51255727,0.51255727
0.55950403,0.55950403
0.47707123,0.47707123
0.4996272,0.4996272
0.5265102,0.5265102
0.54771966,0.54771966
0.51609486,0.51609486
0.5089463,0.5089463
0.48282695,0.48282695
0.52752477,0.52752477
0.44977972,0.44977972
0.5289949,0.5289949
0.5287047,0.5287047
0.50971496,0.50971496
0.52833915,0.52833915
0.5302049,0.5302049
0.494037,0.494037
0.4783818,0.4783818
0.53447276,0.53447276
0.48976678,0.48976678
0.54665005,0.54665005
0.52238166,0.52238166
0.5021641,0.5021641
0.51604104,0.51604104
0.46078944,0.46078944
0.5236119,0.5236119
0.509783,0.509783
0.529456,0.529456
0.47843167,0.47843167
0.6146405,0.6146405
0.55606276,0.55606276
0.53996515,0.53996515
0.52046156,0.52046156
0.48379773,0.48379773
0.4799427,0.4799427
0.50325686,0.50325686
0.4987529,0.4987529
0.53314316,0.53314316
0.49628246,0.49628246
0.5526754,0.5526754
0.51784086,0.51784086
0.5214882,0.5214882
0.4748155,0.4748155
0.5400596,0.5400596
0.5057097,0.5057097
0.4856606,0.4856606
0.507947,0.507947
0.51784307,0.51784307
0.51252776,0.51252776
0.4915584,0.4915584
0.47681522,0.47681522
0.45467907,0.45467907
0.5114788,0.5114788
0.5075866,0.5075866
0.53197825,0.53197825
0.49324542,0.49324542
0.5042914,0.5042914
0.5585156,0.5585156
0.54143906,0.54143906
0.49353975,0.49353975
0.48600572,0.48600572
0.5112241,0.5112241
0.49227157,0.49227157
0.49225852,0.49225852
0.48607314,0.48607314
0.47355318,0.47355318
0.49238282,0.49238282
0.5169711,0.5169711
0.47334677,0.47334677
0.47256532,0.47256532
0.50104064,0.50104064
0.5178361,0.5178361
0.50063825,0.50063825
0.4607006,0.4607006
0.52186894,0.52186894
0.45580295,0.45580295
0.5106109,0.5106109
0.5221302,0.5221302
0.4791014,0.4791014
0.49872324,0.49872324
0.466118,0.466118
0.45817438,0.45817438
0.53129923,0.53129923
0.51294804,0.51294804
0.53999275,0.53999275
0.56970334,0.56970334
0.5020697,0.5020697
0.53993195,0.53993195
0.5487043,0.5487043
0.51395357,0.51395357
0.4934729,0.4934729
0.45044786,0.45044786
0.52565783,0.52565783
0.5172969,0.5172969
0.4909463,0.4909463
0.50667256,0.50667256
0.5055433,0.5055433
0.5646851,0.5646851
0.51730585,0.51730585
0.4986848,0.4986848
0.5649778,0.5649778
0.5467695,0.5467695
0.51844335,0.51844335
0.56621444,0.56621444
0.50307935,0.50307935
0.50031483,0.50031483
0.49141216,0.49141216
0.50021046,0.50021046
0.46689874,0.46689874
0.5171906,0.5171906
0.48933417,0.48933417
0.5186583,0.5186583
0.48840827,0.48840827
0.5121614,0.5121614
0.48928428,0.48928428
0.49981192,0.49981192
0.4689725,0.4689725
0.5728683,0.5728683
0.4922347,0.4922347
0.52665305,0.52665305
0.5251676,0.5251676
0.57380545,0.57380545
0.5245956,0.5245956
0.51567054,0.51567054
0.53319484,0.53319484
0.49563995,0.49563995
0.48385048,0.48385048
0.52845734,0.52845734
0.44408306,0.44408306
0.5079495,0.5079495
0.5752685,0.5752685
0.5132811,0.5132811
0.56041056,0.56041056
0.5284261,0.5284261
0.519609,0.519609
0.47993737,0.47993737
0.530233,0.530233
0.48961815,0.48961815
0.49008408,0.49008408
0.48183408,0.48183408
0.49040276,0.49040276
0.48381665,0.48381665
0.47536385,0.47536385
0.49600878,0.49600878
0.5200964,0.5200964
0.4568666,0.4568666
0.5320376,0.5320376
0.5340781,0.5340781
0.50430787,0.50430787
0.53995585,0.53995585
0.53124696,0.53124696
0.48571572,0.48571572
0.49840355,0.49840355
0.47732836,0.47732836
0.5281913,0.5281913
0.55214447,0.55214447
0.4866164,0.4866164
0.49369466,0.49369466
0.49415746,0.49415746
0.54392374,0.54392374
0.5188702,0.5188702
0.47715208,0.47715208
0.45212758,0.45212758
0.47541308,0.47541308
0.47091398,0.47091398
0.48123693,0.48123693
0.43045422,0.43045422
0.37821847,0.37821847
0.45715642,0.45715642
0.49824497,0.49824497
0.50771356,0.50771356
0.47266138,0.47266138
0.53112304,0.53112304
0.5161719,0.5161719
0.54559755,0.54559755
0.52793974,0.52793974
0.51018953,0.51018953
0.5005707,0.5005707
0.4637375,0.4637375
0.52333415,0.52333415
0.54030675,0.54030675
0.53532636,0.53532636
0.56407917,0.56407917
0.49687392,0.49687392
0.48371235,0.48371235
0.5339362,0.5339362
0.5328993,0.5328993
0.48052958,0.48052958
0.50885034,0.50885034
0.46329543,0.46329543
0.52689224,0.52689224
0.5197613,0.5197613
0.48888388,0.48888388
0.5289254,0.5289254
0.54470205,0.54470205
0.5141252,0.5141252
0.49036816,0.49036816
0.5027651,0.5027651
0.5296583,0.5296583
0.44554535,0.44554535
0.42087436,0.42087436
0.43904883,0.43904883
0.5144324,0.5144324
0.5470451,0.5470451
0.5268439,0.5268439
0.51927584,0.51927584
0.55301136,0.55301136
0.5127435,0.5127435
0.49765366,0.49765366
0.5196361,0.5196361
0.5287374,0.5287374
0.47263455,0.47263455
0.51219374,0.51219374
0.50629354,0.50629354
0.47404897,0.47404897
0.50091004,0.50091004
0.40833688,0.40833688
0.4421096,0.4421096
0.47291172,0.47291172
0.4774997,0.4774997
0.4058535,0.4058535
0.5163183,0.5163183
0.48828426,0.48828426
0.5144749,0.5144749
0.519594,0.519594
0.475794,0.475794
0.48010787,0.48010787
0.44115877,0.44115877
0.4383493,0.4383493
0.72930336,0.72930336
0.49078694,0.49078694
0.48306832,0.48306832
0.50375617,0.50375617
0.44055748,0.44055748
0.4566332,0.4566332
0.4459673,0.4459673
0.5096803,0.5096803
0.5113989,0.5113989
0.4819832,0.4819832
0.46337348,0.46337348
0.49855053,0.49855053
0.4564677,0.4564677
0.4441377,0.4441377
0.4603666,0.4603666
0.48759708,0.48759708
0.481609,0.481609
0.48214307,0.48214307
0.5133961,0.5133961
0.4710973,0.4710973
0.48343268,0.48343268
0.4740293,0.4740293
0.45601627,0.45601627
0.4732513,0.4732513
0.4884755,0.4884755
0.47249413,0.47249413
0.47933796,0.47933796
0.44597712,0.44597712
0.4769527,0.4769527
0.49475658,0.49475658
0.5197035,0.5197035
0.5329716,0.5329716
0.56276697,0.56276697
0.42765027,0.42765027
0.4022646,0.4022646
0.4797609,0.4797609
0.47992104,0.47992104
0.5401235,0.5401235
0.5464375,0.5464375
0.61144346,0.61144346
0.42571446,0.42571446
0.5118913,0.5118913
0.46865246,0.46865246
0.5033657,0.5033657
0.4445035,0.4445035
0.5345709,0.5345709
0.46929076,0.46929076
0.46851504,0.46851504
0.54336816,0.54336816
0.5365676,0.5365676
0.50577396,0.50577396
0.51827425,0.51827425
0.52790034,0.52790034
0.46034762,0.46034762
0.48312977,0.48312977
0.5525407,0.5525407
0.5538728,0.5538728
0.42251724,0.42251724
0.46657863,0.46657863
0.48988476,0.48988476
0.5207744,0.5207744
0.5192854,0.5192854
0.51034516,0.51034516
0.513005,0.513005
0.50675136,0.50675136
0.5171617,0.5171617
0.47980312,0.47980312
0.47452366,0.47452366
0.4970406,0.4970406
0.54310805,0.54310805
0.49480346,0.49480346
0.56363773,0.56363773
0.47112834,0.47112834
0.4560338,0.4560338
0.46190938,0.46190938
0.52727973,0.52727973
0.53807956,0.53807956
0.52031946,0.52031946
0.49297652,0.49297652
0.5105696,0.5105696
0.50874895,0.50874895
0.4980882,0.4980882
0.46267328,0.46267328
0.46613562,0.46613562
0.37991434,0.37991434
0.47921574,0.47921574
0.51711327,0.51711327
0.47175995,0.47175995
0.48667142,0.48667142
0.51019526,0.51019526
0.54537064,0.54537064
0.43549508,0.43549508
0.5107989,0.5107989
0.44950512,0.44950512
0.4435452,0.4435452
0.44622916,0.44622916
0.4845919,0.4845919
0.42778286,0.42778286
0.5688987,0.5688987
0.4793355,0.4793355
0.39565513,0.39565513
0.55835336,0.55835336
0.56615376,0.56615376
0.5321279,0.5321279
0.54474854,0.54474854
0.48331475,0.48331475
0.45291844,0.45291844
0.46026477,0.46026477
0.41992733,0.41992733
0.5179011,0.5179011
0.5064842,0.5064842
0.5076483,0.5076483
0.4628255,0.4628255
0.5392287,0.5392287
0.53541905,0.53541905
0.5377142,0.5377142
0.42979118,0.42979118
0.5016026,0.5016026
0.56017643,0.56017643
0.47882938,0.47882938
0.4947182,0.4947182
0.48764926,0.48764926
0.49539828,0.49539828
0.46289983,0.46289983
0.3467725,0.3467725
0.41369137,0.41369137
0.51335883,0.51335883
0.5111117,0.5111117
0.5210336,0.5210336
0.5145454,0.5145454
0.4993502,0.4993502
0.46445808,0.46445808
0.46100506,0.46100506
0.4350213,0.4350213
0.52380496,0.52380496
0.44949394,0.44949394
0.48232797,0.48232797
0.47093332,0.47093332
0.51563954,0.51563954
0.49316406,0.49316406
0.42750832,0.42750832
0.57378393,0.57378393
0.47163618,0.47163618
0.44934586,0.44934586
0.4246528,0.4246528
0.47540647,0.47540647
0.4832845,0.4832845
0.45253566,0.45253566
0.43282866,0.43282866
0.40991694,0.40991694
0.3755523,0.3755523
0.50544375,0.50544375
0.5394076,0.5394076
0.45135555,0.45135555
0.47683007,0.47683007
0.5069779,0.5069779
0.43983674,0.43983674
0.4909057,0.4909057
0.49628633,0.49628633
0.49473178,0.49473178
0.5573124,0.5573124
0.48904538,0.48904538
0.45051283,0.45051283
0.4625474,0.4625474
0.51485956,0.51485956
0.467923,0.467923
0.49870893,0.49870893
0.45316505,0.45316505
0.431243,0.431243
0.44248444,0.44248444
0.5599805,0.5599805
0.554864,0.554864
0.5468576,0.5468576
0.5526906,0.5526906
0.58402663,0.58402663
0.5549482,0.5549482
0.49424598,0.49424598
0.48669162,0.48669162
0.48714128,0.48714128
0.5070702,0.5070702
0.51116806,0.51116806
0.46150842,0.46150842
0.46922293,0.46922293
0.51182306,0.51182306
0.4997488,0.4997488
0.43466252,0.43466252
0.5127413,0.5127413
0.5156343,0.5156343
0.5174268,0.5174268
0.47595224,0.47595224
0.47534525,0.47534525
0.5029717,0.5029717
0.5115774,0.5115774
0.49375916,0.49375916
0.460962,0.460962
0.45564255,0.45564255
0.5010411,0.5010411
0.46501267,0.46501267
0.44669038,0.44669038
0.4581323,0.4581323
0.49799538,0.49799538
0.48128775,0.48128775
0.47042623,0.47042623
0.46170706,0.46170706
0.46041986,0.46041986
0.46174064,0.46174064
0.44128695,0.44128695
0.46737096,0.46737096
0.47573778,0.47573778
0.47508964,0.47508964
0.4633218,0.4633218
0.47915483,0.47915483
0.47463802,0.47463802
0.46791914,0.46791914
0.4546048,0.4546048
0.4345117,0.4345117
0.43334058,0.43334058
0.5156847,0.5156847
0.46005625,0.46005625
0.50585854,0.50585854
0.45121947,0.45121947
0.43151844,0.43151844
0.51841575,0.51841575
0.44609892,0.44609892
0.42926148,0.42926148
0.5128439,0.5128439
0.5004219,0.5004219
0.46361554,0.46361554
0.44939512,0.44939512
0.47460112,0.47460112
0.4919801,0.4919801
0.46679926,0.46679926
0.4793617,0.4793617
0.49740434,0.49740434
0.49311608,0.49311608
0.44361526,0.44361526
0.44597554,0.44597554
0.52295536,0.52295536
0.48949713,0.48949713
0.5039192,0.5039192
0.48191497,0.48191497
0.47615337,0.47615337
0.4899176,0.4899176
0.51804507,0.51804507
0.50688314,0.50688314
0.46813747,0.46813747
0.45450762,0.45450762
0.47226736,0.47226736
0.5560968,0.5560968
0.5542192,0.5542192
0.43514267,0.43514267
0.5096573,0.5096573
0.4185184,0.4185184
0.51039135,0.51039135
0.50503004,0.50503004
0.47386456,0.47386456
0.4746221,0.4746221
0.47686234,0.47686234
0.51528555,0.51528555
0.5605821,0.5605821
0.42361414,0.42361414
0.46919692,0.46919692
0.44948438,0.44948438
0.45990536,0.45990536
0.44473502,0.44473502
0.50152975,0.50152975
0.5187767,0.5187767
0.4220631,0.4220631
0.51245517,0.51245517
0.50818205,0.50818205
0.4926751,0.4926751
0.45518827,0.45518827
0.46948296,0.46948296
0.49704957,0.49704957
0.48950827,0.48950827
0.46462542,0.46462542
0.4878341,0.4878341
0.46636125,0.46636125
0.42580488,0.42580488
0.47707075,0.47707075
0.5232494,0.5232494
0.50007623,0.50007623
0.5158983,0.5158983
0.48801246,0.48801246
0.51184726,0.51184726
0.4828762,0.4828762
0.5171807,0.5171807
0.48348632,0.48348632
0.38667324,0.38667324
0.45755658,0.45755658
0.49327403,0.49327403
0.4830612,0.4830612
0.46623883,0.46623883
0.4318729,0.4318729
0.44331798,0.44331798
0.45999503,0.45999503
0.46180972,0.46180972
0.46542025,0.46542025
0.47855744,0.47855744
0.48906308,0.48906308
0.49801,0.49801
0.48282325,0.48282325
0.5054054,0.5054054
0.49487117,0.49487117
0.4923993,0.4923993
0.52982545,0.52982545
0.52317303,0.52317303
0.5218558,0.5218558
0.5110181,0.5110181
0.47141847,0.47141847
0.48372236,0.48372236
0.491105,0.491105
0.48203006,0.48203006
0.462704,0.462704
0.5012679,0.5012679
0.4838341,0.4838341
0.48687166,0.48687166
0.497575,0.497575
0.4460162,0.4460162
0.5040671,0.5040671
0.5837524,0.5837524
0.56167036,0.56167036
0.5427444,0.5427444
0.5235023,0.5235023
0.462386,0.462386
0.48514956,0.48514956
0.5182541,0.5182541
0.5372723,0.5372723
0.4800171,0.4800171
0.5202637,0.5202637
0.4732425,0.4732425
0.39994717,0.39994717
0.5082821,0.5082821
0.53030634,0.53030634
0.5021162,0.5021162
0.5410848,0.5410848
0.56126213,0.56126213
0.53084123,0.53084123
0.42799422,0.42799422
0.3712254,0.3712254
0.46442187,0.46442187
0.46657556,0.46657556
0.4520903,0.4520903
0.48169565,0.48169565
0.4488141,0.4488141
0.49416617,0.49416617
0.41102082,0.41102082
0.43222773,0.43222773
0.48319843,0.48319843
0.37596992,0.37596992
0.4950548,0.4950548
0.49173263,0.49173263
0.45486268,0.45486268
0.47017863,0.47017863
0.43951073,0.43951073
0.47496444,0.47496444
0.4636536,0.4636536
0.44793373,0.44793373
0.4579279,0.4579279
0.49805903,0.49805903
0.5078798,0.5078798
0.5063405,0.5063405
0.4786535,0.4786535
0.46273795,0.46273795
0.46724862,0.46724862
0.49664518,0.49664518
0.5067149,0.5067149
0.49804777,0.49804777
0.51461744,0.51461744
0.48861235,0.48861235
0.4674851,0.4674851
0.45832774,0.45832774
0.4666851,0.4666851
0.50317365,0.50317365
0.49823892,0.49823892
0.49727458,0.49727458
0.49485326,0.49485326
0.5075805,0.5075805
0.49359143,0.49359143
0.4847534,0.4847534
0.46938232,0.46938232
0.5153945,0.5153945
0.50305563,0.50305563
0.5652831,0.5652831
0.5322529,0.5322529
0.42366812,0.42366812
0.43492877,0.43492877
0.46767238,0.46767238
0.4898272,0.4898272
0.45095962,0.45095962
0.4549773,0.4549773
0.5058426,0.5058426
0.51416576,0.51416576
0.53357446,0.53357446
0.466543,0.466543
0.53451014,0.53451014
0.50328904,0.50328904
0.5164219,0.5164219
0.4660579,0.4660579
0.4928507,0.4928507
0.46850193,0.46850193
0.4638351,0.4638351
0.4258515,0.4258515
0.44756728,0.44756728
0.51761097,0.51761097
0.5141702,0.5141702
0.46332118,0.46332118
0.45024917,0.45024917
0.46941438,0.46941438
0.42745963,0.42745963
0.4886778,0.4886778
0.3827205,0.3827205
0.43407553,0.43407553
0.3500947,0.3500947
0.4333042,0.4333042
0.47448763,0.47448763
0.5277906,0.5277906
0.49264607,0.49264607
0.48035058,0.48035058
0.4234218,0.4234218
0.4314431,0.4314431
0.5583764,0.5583764
0.4424276,0.4424276
0.5053124,0.5053124
0.5333295,0.5333295
0.4525526,0.4525526
0.42995515,0.42995515
0.42967072,0.42967072
0.4450948,0.4450948
0.47313258,0.47313258
0.4857643,0.4857643
0.5376216,0.5376216
0.52391404,0.52391404
0.53147584,0.53147584
0.53190964,0.53190964
0.4866612,0.4866612
0.48509458,0.48509458
0.43569043,0.43569043
0.5173722,0.5173722
0.52403104,0.52403104
0.5268117,0.5268117
0.49342734,0.49342734
0.50364304,0.50364304
0.40711254,0.40711254
0.38394937,0.38394937
0.40760335,0.40760335
0.49806336,0.49806336
0.42006207,0.42006207
0.4801967,0.4801967
0.48717654,0.48717654
0.4980523,0.4980523
0.5044037,0.5044037
0.47138333,0.47138333
0.40299782,0.40299782
0.4505775,0.4505775
0.4167813,0.4167813
0.35710624,0.35710624
0.4793476,0.4793476
0.3882403,0.3882403
0.443332,0.443332
0.48505214,0.48505214
0.46334207,0.46334207
0.5010059,0.5010059
0.44006288,0.44006288
0.49772587,0.49772587
0.40266147,0.40266147
0.42486313,0.42486313
0.4813485,0.4813485
0.46413234,0.46413234
0.48111704,0.48111704
0.4242344,0.4242344
0.48016027,0.48016027
0.44767353,0.44767353
0.48756638,0.48756638
0.52765316,0.52765316
0.5350018,0.5350018
0.54254603,0.54254603
0.5228256,0.5228256
0.44193557,0.44193557
0.45047772,0.45047772
0.42118952,0.42118952
0.46259406,0.46259406
0.5301608,0.5301608
0.5068809,0.5068809
0.48254448,0.48254448
0.5110547,0.5110547
0.47786397,0.47786397
0.51442164,0.51442164
0.49620515,0.49620515
0.46626505,0.46626505
0.53461576,0.53461576
0.5126622,0.5126622
0.50757587,0.50757587
0.40735605,0.40735605
0.44934192,0.44934192
0.46308604,0.46308604
0.47577623,0.47577623
0.48433188,0.48433188
0.504225,0.504225
0.49180123,0.49180123
0.5338277,0.5338277
0.48668322,0.48668322
0.50460815,0.50460815
0.4890779,0.4890779
0.4760077,0.4760077
0.50835556,0.50835556
0.41647515,0.41647515
0.44770557,0.44770557
0.4395349,0.4395349
0.5589215,0.5589215
0.4885381,0.4885381
0.49384722,0.49384722
0.5107619,0.5107619
0.46673387,0.46673387
0.50776154,0.50776154
0.47261545,0.47261545
0.50036496,0.50036496
0.5175495,0.5175495
0.5119123,0.5119123
0.5230272,0.5230272
0.51136017,0.51136017
0.47186682,0.47186682
0.4953628,0.4953628
0.5229843,0.5229843
0.5245172,0.5245172
0.46842167,0.46842167
0.54103255,0.54103255
0.5198464,0.5198464
0.49491212,0.49491212
0.48879728,0.48879728
0.45550114,0.45550114
0.49639368,0.49639368
0.5204173,0.5204173
0.48605454,0.48605454
0.4706575,0.4706575
0.51044744,0.51044744
0.52706987,0.52706987
0.48750946,0.48750946
0.48210457,0.48210457
0.514168,0.514168
0.5109203,0.5109203
0.46895257,0.46895257
0.44366452,0.44366452
0.46595737,0.46595737
0.5274245,0.5274245
0.5014307,0.5014307
0.5145712,0.5145712
0.48560542,0.48560542
0.5233075,0.5233075
0.4341785,0.4341785
0.4888651,0.4888651
0.5216057,0.5216057
0.5203167,0.5203167
0.5310798,0.5310798
0.51715744,0.51715744
0.5106636,0.5106636
0.49534756,0.49534756
0.46095723,0.46095723
0.48381808,0.48381808
0.44047096,0.44047096
0.48338574,0.48338574
0.43460992,0.43460992
0.45548934,0.45548934
0.4946996,0.4946996
0.5039755,0.5039755
0.569868,0.569868
0.47031525,0.47031525
0.48121637,0.48121637
0.48503298,0.48503298
0.40131915,0.40131915
0.56477165,0.56477165
0.50857747,0.50857747
0.5029026,0.5029026
0.5263152,0.5263152
0.47261456,0.47261456
0.5008805,0.5008805
0.49863443,0.49863443
0.49865,0.49865
0.54920226,0.54920226
0.5365119,0.5365119
0.46611664,0.46611664
0.47474605,0.47474605
0.42472887,0.42472887
0.53104043,0.53104043
0.48190966,0.48190966
0.511835,0.511835
0.5066945,0.5066945
0.39563078,0.39563078
0.47748673,0.47748673
0.42226762,0.42226762
0.5122863,0.5122863
0.43106228,0.43106228
0.46025744,0.46025744
0.50555146,0.50555146
0.47751856,0.47751856
0.6592231,0.6592231
0.5346348,0.5346348
0.5182206,0.5182206
0.49024183,0.49024183
0.45333746,0.45333746
0.58085793,0.58085793
0.4429831,0.4429831
0.48505834,0.48505834
0.50203323,0.50203323
0.49745607,0.49745607
0.47235316,0.47235316
0.47475907,0.47475907
0.4683339,0.4683339
0.468752,0.468752
0.46951464,0.46951464
0.43776622,0.43776622
0.42963064,0.42963064
0.37140742,0.37140742
0.5176968,0.5176968
0.438815,0.438815
0.51780504,0.51780504
0.5543758,0.5543758
0.5042489,0.5042489
0.5395322,0.5395322
0.54114234,0.54114234
0.50690746,0.50690746
0.472529,0.472529
0.5397786,0.5397786
0.46713907,0.46713907
0.4649693,0.4649693
0.4828154,0.4828154
0.47365057,0.47365057
0.48130593,0.48130593
0.4506208,0.4506208
0.5097127,0.5097127
0.53593886,0.53593886
0.49460357,0.49460357
0.40927032,0.40927032
0.5111319,0.5111319
0.5235176,0.5235176
0.52444994,0.52444994
0.54383093,0.54383093
0.5103509,0.5103509
0.52858716,0.52858716
0.5365354,0.5365354
0.53878427,0.53878427
0.50763166,0.50763166
0.49351794,0.49351794
0.45560747,0.45560747
0.46110424,0.46110424
0.44377774,0.44377774
0.3849175,0.3849175
0.41844058,0.41844058
0.38889435,0.38889435
0.39540502,0.39540502
0.5111346,0.5111346
0.49853987,0.49853987
0.51075256,0.51075256
0.4996741,0.4996741
0.5018443,0.5018443
0.48909238,0.48909238
0.46786025,0.46786025
0.42885527,0.42885527
0.419159,0.419159
0.48517284,0.48517284
0.46242926,0.46242926
0.4480535,0.4480535
0.49328378,0.49328378
0.55968523,0.55968523
0.51599497,0.51599497
0.5339874,0.5339874
0.5141804,0.5141804
0.5274986,0.5274986
0.5533557,0.5533557
0.5234049,0.5234049
0.48287067,0.48287067
0.494729,0.494729
0.5002477,0.5002477
0.5185232,0.5185232
0.48492193,0.48492193
0.5237135,0.5237135
0.4899311,0.4899311
0.5334662,0.5334662
0.50338477,0.50338477
0.49076384,0.49076384
0.47546571,0.47546571
0.4823983,0.4823983
0.4783878,0.4783878
0.51014584,0.51014584
0.518175,0.518175
0.5438836,0.5438836
0.48145965,0.48145965
0.49314174,0.49314174
0.53088623,0.53088623
0.5326035,0.5326035
0.4941188,0.4941188
0.49629807,0.49629807
0.52298856,0.52298856
0.44608587,0.44608587
0.5332613,0.5332613
0.4922635,0.4922635
0.45188117,0.45188117
0.47931233,0.47931233
0.51626164,0.51626164
0.54016966,0.54016966
0.5115277,0.5115277
0.4817424,0.4817424
0.5101535,0.5101535
0.5444471,0.5444471
0.5399329,0.5399329
0.5101121,0.5101121
0.45948434,0.45948434
0.44407853,0.44407853
0.503334,0.503334
0.5011729,0.5011729
0.560993,0.560993
0.4836574,0.4836574
0.48896998,0.48896998
0.48102465,0.48102465
0.48015308,0.48015308
0.46469155,0.46469155
0.48746425,0.48746425
0.53347415,0.53347415
0.457273,0.457273
0.50225073,0.50225073
0.44216213,0.44216213
0.460206,0.460206
0.47621885,0.47621885
0.50691456,0.50691456
0.52953327,0.52953327
0.4702765,0.4702765
0.46831378,0.46831378
0.52313316,0.52313316
0.49907777,0.49907777
0.52110195,0.52110195
0.54278946,0.54278946
0.5621573,0.5621573
0.52579373,0.52579373
0.5216397,0.5216397
0.55116016,0.55116016
0.5118522,0.5118522
0.45041198,0.45041198
0.446745,0.446745
0.5201917,0.5201917
0.5063099,0.5063099
0.5537239,0.5537239
0.51634085,0.51634085
0.49109134,0.49109134
0.5188195,0.5188195
0.53338414,0.53338414
0.5048398,0.5048398
0.52919155,0.52919155
0.4880992,0.4880992
0.5549057,0.5549057
0.51544607,0.51544607
0.5611157,0.5611157
0.5400469,0.5400469
0.5031437,0.5031437
0.42514917,0.42514917
0.5141332,0.5141332
0.50016445,0.50016445
0.52477884,0.52477884
0.5271662,0.5271662
0.5072759,0.5072759
0.52621585,0.52621585
0.5560243,0.5560243
0.5139833,0.5139833
0.47669336,0.47669336
0.4789224,0.4789224
0.5047277,0.5047277
0.53164226,0.53164226
0.5614149,0.5614149
0.5308428,0.5308428
0.50487727,0.50487727
0.47036362,0.47036362
0.50313884,0.50313884
0.5028542,0.5028542
0.49099654,0.49099654
0.48162916,0.48162916
0.51754206,0.51754206
0.52627105,0.52627105
0.4791812,0.4791812
0.54243946,0.54243946
0.5152416,0.5152416
0.5021714,0.5021714
0.53559244,0.53559244
0.5014688,0.5014688
0.44164708,0.44164708
0.50784034,0.50784034
0.5104172,0.5104172
0.48794618,0.48794618
0.4973076,0.4973076
0.5011433,0.5011433
0.548918,0.548918
0.52588373,0.52588373
0.4671881,0.4671881
0.4852901,0.4852901
0.506963,0.506963
0.471779,0.471779
0.5232886,0.5232886
0.54391974,0.54391974
0.50155866,0.50155866
0.47778612,0.47778612
0.47529852,0.47529852
0.49803814,0.49803814
0.3904043,0.3904043
0.4518058,0.4518058
0.4464388,0.4464388
0.48492265,0.48492265
0.50811625,0.50811625
0.48540333,0.48540333
0.49756712,0.49756712
0.44149503,0.44149503
0.4616153,0.4616153
0.44232222,0.44232222
0.41113263,0.41113263
0.45094562,0.45094562
0.45211446,0.45211446
0.4505156,0.4505156
0.42794687,0.42794687
0.46054593,0.46054593
0.47271872,0.47271872
0.53500545,0.53500545
0.44034496,0.44034496
0.51200235,0.51200235
0.50133497,0.50133497
0.53421414,0.53421414
0.46670744,0.46670744
0.46995464,0.46995464
0.5368616,0.5368616
0.5209626,0.5209626
0.4993794,0.4993794
0.4413584,0.4413584
0.5040793,0.5040793
0.48578116,0.48578116
0.50433856,0.50433856
0.46337458,0.46337458
0.5086231,0.5086231
0.48571506,0.48571506
0.47583273,0.47583273
0.5301516,0.5301516
0.46291167,0.46291167
0.49511456,0.49511456
0.5089281,0.5089281
0.4281615,0.4281615
0.4316225,0.4316225
0.45194873,0.45194873
0.43062782,0.43062782
0.51325345,0.51325345
0.40886042,0.40886042
0.45705736,0.45705736
0.5067641,0.5067641
0.52519536,0.52519536
0.5261298,0.5261298
0.4834459,0.4834459
0.48781553,0.48781553
0.42293775,0.42293775
0.4844084,0.4844084
0.48888445,0.48888445
0.4470966,0.4470966
0.47130406,0.47130406
0.43189305,0.43189305
0.46649805,0.46649805
0.43642458,0.43642458
0.5084936,0.5084936
0.4410401,0.4410401
0.47043547,0.47043547
0.4152899,0.4152899
0.48830512,0.48830512
0.47921228,0.47921228
0.5320081,0.5320081
0.5002879,0.5002879
0.49140355,0.49140355
0.47559032,0.47559032
0.46322593,0.46322593
0.5267181,0.5267181
0.45604745,0.45604745
0.43157485,0.43157485
0.5168954,0.5168954
0.4953495,0.4953495
0.53569734,0.53569734
0.4839672,0.4839672
0.53513473,0.53513473
0.4968203,0.4968203
0.51703465,0.51703465
0.5014258,0.5014258
0.45344985,0.45344985
0.46979022,0.46979022
0.48543906,0.48543906
0.51081336,0.51081336
0.4585734,0.4585734
0.495388,0.495388
0.49212274,0.49212274
0.49458775,0.49458775
0.4544151,0.4544151
0.48206818,0.48206818
0.5158853,0.5158853
0.47305405,0.47305405
0.5204782,0.5204782
0.51941025,0.51941025
0.4779938,0.4779938
0.526631,0.526631
0.5930705,0.5930705
0.5879049,0.5879049
0.5327097,0.5327097
0.51910466,0.51910466
0.47916135,0.47916135
0.55692923,0.55692923
0.568477,0.568477
0.51938224,0.51938224
0.48366392,0.48366392
0.5028279,0.5028279
0.4055136,0.4055136
0.5224841,0.5224841
0.6380348,0.6380348
0.5169771,0.5169771
0.47858906,0.47858906
0.48193708,0.48193708
0.53987235,0.53987235
0.55609727,0.55609727
0.53139484,0.53139484
0.5231581,0.5231581
0.5104466,0.5104466
0.47670147,0.47670147
0.46893463,0.46893463
0.5219284,0.5219284
0.4213165,0.4213165
0.45522422,0.45522422
0.4532276,0.4532276
0.37770557,0.37770557
0.52192086,0.52192086
0.5250317,0.5250317
0.4787306,0.4787306
0.4888911,0.4888911
0.40291256,0.40291256
0.533311,0.533311
0.5549886,0.5549886
0.51246315,0.51246315
0.53177446,0.53177446
0.48546803,0.48546803
0.48408085,0.48408085
0.49698216,0.49698216
0.45642155,0.45642155
0.43413642,0.43413642
0.45007873,0.45007873
0.47273073,0.47273073
0.46337426,0.46337426
0.47489655,0.47489655
0.47754017,0.47754017
0.45942718,0.45942718
0.5081958,0.5081958
0.4278228,0.4278228
0.4804791,0.4804791
0.46097094,0.46097094
0.4468152,0.4468152
0.4939058,0.4939058
0.47315317,0.47315317
0.46650898,0.46650898
0.48553482,0.48553482
0.47171444,0.47171444
0.5249541,0.5249541
0.5133549,0.5133549
0.51020116,0.51020116
0.5386478,0.5386478
0.47955862,0.47955862
0.45569625,0.45569625
0.49611896,0.49611896
0.46824965,0.46824965
0.5058577,0.5058577
0.47335953,0.47335953
0.47453913,0.47453913
0.54238904,0.54238904
0.52409697,0.52409697
0.49878553,0.49878553
0.5224468,0.5224468
0.5222941,0.5222941
0.5233144,0.5233144
0.4801098,0.4801098
0.53743637,0.53743637
0.48291656,0.48291656
0.47365516,0.47365516
0.4809075,0.4809075
0.47975466,0.47975466
0.539825,0.539825
0.570744,0.570744
0.5573233,0.5573233
0.5086816,0.5086816
0.54118365,0.54118365
0.50639683,0.50639683
0.5092489,0.5092489
0.4850038,0.4850038
0.5108192,0.5108192
0.45316797,0.45316797
0.5568972,0.5568972
0.48088208,0.48088208
0.4822472,0.4822472
0.5471751,0.5471751
0.48094526,0.48094526
0.48504168,0.48504168
0.46104068,0.46104068
0.43024865,0.43024865
0.44253224,0.44253224
0.48255274,0.48255274
0.47842154,0.47842154
0.46772754,0.46772754
0.45682916,0.45682916
0.48429167,0.48429167
0.49320242,0.49320242
0.43328062,0.43328062
0.43324476,0.43324476
0.44208363,0.44208363
0.50101835,0.50101835
0.49570546,0.49570546
0.51379186,0.51379186
0.47514895,0.47514895
0.45397258,0.45397258
0.50801724,0.50801724
0.48072943,0.48072943
0.490428,0.490428
0.48428795,0.48428795
0.48591793,0.48591793
0.5122988,0.5122988
0.46993917,0.46993917
0.46115664,0.46115664
0.46670642,0.46670642
0.4874248,0.4874248
0.47816926,0.47816926
0.47105104,0.47105104
0.5315951,0.5315951
0.4727642,0.4727642
0.48259693,0.48259693
0.49051878,0.49051878
0.52468014,0.52468014
0.5237182,0.5237182
0.48626807,0.48626807
0.5325723,0.5325723
0.5039379,0.5039379
0.49521106,0.49521106
0.5029459,0.5029459
0.5094646,0.5094646
0.4902933,0.4902933
0.4878123,0.4878123
0.48275736,0.48275736
0.50596255,0.50596255
0.49169627,0.49169627
0.4812998,0.4812998
0.48809335,0.48809335
0.5328658,0.5328658
0.5360195,0.5360195
0.47794253,0.47794253
0.53339374,0.53339374
0.49331686,0.49331686
0.5195235,0.5195235
0.48080805,0.48080805
0.49361977,0.49361977
0.511705,0.511705
0.49537686,0.49537686
0.49505156,0.49505156
0.50447977,0.50447977
0.4549857,0.4549857
0.5371047,0.5371047
0.42928702,0.42928702
0.515524,0.515524
0.50993913,0.50993913
0.44549263,0.44549263
0.4719588,0.4719588
0.43180397,0.43180397
0.5039498,0.5039498
0.47679508,0.47679508
0.52201617,0.52201617
0.47321248,0.47321248
0.48498696,0.48498696
0.4728586,0.4728586
0.46917874,0.46917874
0.45311478,0.45311478
0.45947602,0.45947602
0.4532076,0.4532076
0.433029,0.433029
0.44230625,0.44230625
0.45010525,0.45010525
0.4745171,0.4745171
0.46437413,0.46437413
0.52195275,0.52195275
0.46706116,0.46706116
0.48226333,0.48226333
0.4531601,0.4531601
0.3904625,0.3904625
0.48311493,0.48311493
0.48479205,0.48479205
0.47874096,0.47874096
0.48295033,0.48295033
0.43472847,0.43472847
0.50170106,0.50170106
0.48696572,0.48696572
0.49854997,0.49854997
0.5064869,0.5064869
0.4873476,0.4873476
0.4619375,0.4619375
0.4432172,0.4432172
0.49751636,0.49751636
0.44413605,0.44413605
0.4885597,0.4885597
0.48931864,0.48931864
0.50657624,0.50657624
0.5007614,0.5007614
0.48325607,0.48325607
0.4728187,0.4728187
0.49923018,0.49923018
0.51670676,0.51670676
0.4905035,0.4905035
0.44230777,0.44230777
0.50657326,0.50657326
0.4554478,0.4554478
0.45239428,0.45239428
0.5128006,0.5128006
0.47822827,0.47822827
0.47704172,0.47704172
0.543906,0.543906
0.5092043,0.5092043
0.54056674,0.54056674
0.5345037,0.5345037
0.5261885,0.5261885
0.5343628,0.5343628
0.4657052,0.4657052
0.49369156,0.49369156
0.539175,0.539175
0.491375,0.491375
0.50087905,0.50087905
0.4537647,0.4537647
0.4948103,0.4948103
0.46304843,0.46304843
0.53035194,0.53035194
0.47882956,0.47882956
0.47755945,0.47755945
0.54081637,0.54081637
0.5198806,0.5198806
0.5569844,0.5569844
0.5461326,0.5461326
0.5465414,0.5465414
0.5070901,0.5070901
0.527539,0.527539
0.49968413,0.49968413
0.4843853,0.4843853
0.49540168,0.49540168
0.5319279,0.5319279
0.43852228,0.43852228
0.49502778,0.49502778
0.48018858,0.48018858
0.47776917,0.47776917
0.52473646,0.52473646
0.51873356,0.51873356
0.55511504,0.55511504
0.5179649,0.5179649
0.4655534,0.4655534
0.38464502,0.38464502
0.38464502,0.38464502
0.38464502,0.38464502
0.38464502,0.38464502
0.38464502,0.38464502
0.38464502,0.38464502
0.41248247,0.41248247
0.5394378,0.5394378
0.49233523,0.49233523
0.48638436,0.48638436
0.46672744,0.46672744
0.5241948,0.5241948
0.52445006,0.52445006
0.5621639,0.5621639
0.47352988,0.47352988
0.49989346,0.49989346
0.5131883,0.5131883
0.55420655,0.55420655
0.514928,0.514928
0.49585578,0.49585578
0.48241225,0.48241225
0.51808846,0.51808846
0.57078457,0.57078457
0.42622817,0.42622817
0.52438235,0.52438235
0.5597116,0.5597116
0.5212665,0.5212665
0.44300753,0.44300753
0.4807943,0.4807943
0.49619913,0.49619913
0.51126236,0.51126236
0.46339703,0.46339703
0.4973375,0.4973375
0.46373716,0.46373716
0.47820953,0.47820953
0.5028699,0.5028699
0.5294354,0.5294354
0.47871128,0.47871128
0.47657958,0.47657958
0.5729833,0.5729833
0.518409,0.518409
0.48326954,0.48326954
0.54493725,0.54493725
0.5380282,0.5380282
0.4966063,0.4966063
0.46702045,0.46702045
0.47473362,0.47473362
0.522524,0.522524
0.51489043,0.51489043
0.46721557,0.46721557
0.5204539,0.5204539
0.5063723,0.5063723
0.5190254,0.5190254
0.4805039,0.4805039
0.55422515,0.55422515
0.5062102,0.5062102
0.49599046,0.49599046
0.5146441,0.5146441
0.5274155,0.5274155
0.4781405,0.4781405
0.54164606,0.54164606
0.47429937,0.47429937
0.5312726,0.5312726
0.51394427,0.51394427
0.52902347,0.52902347
0.49493685,0.49493685
0.508569,0.508569
0.50719965,0.50719965
0.44705632,0.44705632
0.49090102,0.49090102
0.4927176,0.4927176
0.5044322,0.5044322
0.53232765,0.53232765
0.47372723,0.47372723
0.52624714,0.52624714
0.49180803,0.49180803
0.5100293,0.5100293
0.5316471,0.5316471
0.5198913,0.5198913
0.45450518,0.45450518
0.48839572,0.48839572
0.50652725,0.50652725
0.46007168,0.46007168
0.4944244,0.4944244
0.5405896,0.5405896
0.52732116,0.52732116
0.5140438,0.5140438
0.5025403,0.5025403
0.49212757,0.49212757
0.46544343,0.46544343
0.516846,0.516846
0.5026103,0.5026103
0.47053173,0.47053173
0.4549279,0.4549279
0.5485854,0.5485854
0.4910597,0.4910597
0.46668026,0.46668026
0.4941404,0.4941404
0.52753687,0.52753687
0.5067335,0.5067335
0.51782477,0.51782477
0.5639949,0.5639949
0.5010543,0.5010543
0.51204634,0.51204634
0.51535356,0.51535356
0.5303893,0.5303893
0.48706788,0.48706788
0.4630682,0.4630682
0.5349973,0.5349973
0.501952,0.501952
0.5113376,0.5113376
0.4555289,0.4555289
0.43652046,0.43652046
0.49597847,0.49597847
0.4370478,0.4370478
0.47568154,0.47568154
0.4711648,0.4711648
0.49228543,0.49228543
0.5107187,0.5107187
0.49189737,0.49189737
0.5120435,0.5120435
0.5428485,0.5428485
0.5358248,0.5358248
0.5424026,0.5424026
0.48485145,0.48485145
0.46580476,0.46580476
0.46787784,0.46787784
0.46408072,0.46408072
0.49591556,0.49591556
0.46392933,0.46392933
0.48900363,0.48900363
0.49506465,0.49506465
0.48380917,0.48380917
0.51346827,0.51346827
0.5125393,0.5125393
0.5199672,0.5199672
0.49786243,0.49786243
0.4915948,0.4915948
0.58128804,0.58128804
0.57821923,0.57821923
0.5842742,0.5842742
0.50535756,0.50535756
0.509449,0.509449
0.49972332,0.49972332
0.51748836,0.51748836
0.5138462,0.5138462
0.46988854,0.46988854
0.44184977,0.44184977
0.5223889,0.5223889
0.51224315,0.51224315
0.5028688,0.5028688
0.530874,0.530874
0.52652735,0.52652735
0.51189476,0.51189476
0.54668665,0.54668665
0.49574688,0.49574688
0.52699864,0.52699864
0.4880014,0.4880014
0.49028033,0.49028033
0.52463454,0.52463454
0.54058087,0.54058087
0.5259304,0.5259304
0.5575171,0.5575171
0.4659566,0.4659566
0.52416253,0.52416253
0.52451754,0.52451754
0.50062436,0.50062436
0.49883133,0.49883133
0.5211592,0.5211592
0.5363879,0.5363879
0.5018076,0.5018076
0.4778723,0.4778723
0.4963004,0.4963004
0.49007884,0.49007884
0.49199003,0.49199003
0.4518584,0.4518584
0.42363578,0.42363578
0.42941025,0.42941025
0.464902,0.464902
0.47741836,0.47741836
0.49731922,0.49731922
0.44203404,0.44203404
0.4393634,0.4393634
0.44832346,0.44832346
0.42414165,0.42414165
0.51646066,0.51646066
0.5010303,0.5010303
0.45648387,0.45648387
0.44200143,0.44200143
0.51261437,0.51261437
0.47409979,0.47409979
0.55414116,0.55414116
0.40908667,0.40908667
0.39538395,0.39538395
0.45504925,0.45504925
0.43885016,0.43885016
0.44154117,0.44154117
0.45564446,0.45564446
0.4973814,0.4973814
0.42760614,0.42760614
0.39871636,0.39871636
0.47695905,0.47695905
0.3411713,0.3411713
0.43046036,0.43046036
0.48174682,0.48174682
0.48436365,0.48436365
0.5099546,0.5099546
0.5056796,0.5056796
0.48019832,0.48019832
0.48704913,0.48704913
0.45028424,0.45028424
0.4171551,0.4171551
0.41297665,0.41297665
0.42308345,0.42308345
0.45731404,0.45731404
0.4498919,0.4498919
0.44284332,0.44284332
0.4496098,0.4496098
0.5125483,0.5125483
0.431162,0.431162
0.4185595,0.4185595
0.48768646,0.48768646
0.4850357,0.4850357
0.4320331,0.4320331
0.48783216,0.48783216
0.49830595,0.49830595
0.4962486,0.4962486
0.5144583,0.5144583
0.41555876,0.41555876
0.4113146,0.4113146
0.4474062,0.4474062
0.37221965,0.37221965
0.43806842,0.43806842
0.41889268,0.41889268
0.4410301,0.4410301
0.4778932,0.4778932
0.4836686,0.4836686
0.45706764,0.45706764
0.43205923,0.43205923
0.42377502,0.42377502
0.47999528,0.47999528
0.5039691,0.5039691
0.5136232,0.5136232
0.43640718,0.43640718
0.5131135,0.5131135
0.47409835,0.47409835
0.41856775,0.41856775
0.4256469,0.4256469
0.42432866,0.42432866
0.44003966,0.44003966
0.6206433,0.6206433
0.53981864,0.53981864
0.419427,0.419427
0.4422896,0.4422896
0.41314355,0.41314355
0.4829645,0.4829645
0.5304281,0.5304281
0.5233068,0.5233068
0.49685684,0.49685684
0.4914297,0.4914297
0.47271547,0.47271547
0.49437243,0.49437243
0.46270674,0.46270674
0.44022164,0.44022164
0.41760573,0.41760573
0.36446115,0.36446115
0.5003044,0.5003044
0.4989301,0.4989301
0.5279649,0.5279649
0.52771246,0.52771246
0.47930536,0.47930536
0.51258296,0.51258296
0.51104856,0.51104856
0.46307614,0.46307614
0.5510985,0.5510985
0.4868296,0.4868296
0.4836769,0.4836769
0.515338,0.515338
0.50915176,0.50915176
0.4965974,0.4965974
0.5013413,0.5013413
0.5631243,0.5631243
0.52392256,0.52392256
0.5458791,0.5458791
0.4960149,0.4960149
0.5003787,0.5003787
0.5612415,0.5612415
0.5510767,0.5510767
0.52439725,0.52439725
0.52074224,0.52074224
0.5002536,0.5002536
0.4744023,0.4744023
0.5171019,0.5171019
0.48653734,0.48653734
0.49314988,0.49314988
0.4969686,0.4969686
0.47095963,0.47095963
0.48955196,0.48955196
0.4992708,0.4992708
0.488645,0.488645
0.509342,0.509342
0.5051358,0.5051358
0.49091226,0.49091226
0.48299405,0.48299405
0.4799476,0.4799476
0.5095638,0.5095638
0.49499133,0.49499133
0.4863794,0.4863794
0.4714956,0.4714956
0.5395343,0.5395343
0.5220535,0.5220535
0.5756934,0.5756934
0.52863705,0.52863705
0.5329116,0.5329116
0.5012202,0.5012202
0.5194017,0.5194017
0.41522774,0.41522774
0.49457237,0.49457237
0.45462498,0.45462498
0.48563722,0.48563722
0.49002922,0.49002922
0.48700848,0.48700848
0.43613896,0.43613896
0.45407757,0.45407757
0.50617015,0.50617015
0.42613328,0.42613328
0.43384603,0.43384603
0.56902933,0.56902933
0.47919875,0.47919875
0.4784331,0.4784331
0.48183182,0.48183182
0.5284179,0.5284179
0.46975964,0.46975964
0.45256034,0.45256034
0.43831885,0.43831885
0.50340956,0.50340956
0.6111719,0.6111719
0.5249918,0.5249918
0.44519,0.44519
0.42610797,0.42610797
0.4514032,0.4514032
0.3813668,0.3813668
0.48330784,0.48330784
0.50070304,0.50070304
0.48585877,0.48585877
0.42181197,0.42181197
0.49410945,0.49410945
0.46289268,0.46289268
0.45083418,0.45083418
0.47612342,0.47612342
0.51483804,0.51483804
0.49573043,0.49573043
0.47503966,0.47503966
0.49529678,0.49529678
0.4656715,0.4656715
0.43562624,0.43562624
0.5501626,0.5501626
0.5262808,0.5262808
0.47671908,0.47671908
0.6501372,0.6501372
0.55124396,0.55124396
0.5139583,0.5139583
0.50149024,0.50149024
0.5525491,0.5525491
0.5458957,0.5458957
0.45117298,0.45117298
0.46975702,0.46975702
0.40530077,0.40530077
0.43600377,0.43600377
0.46290556,0.46290556
0.46694797,0.46694797
0.46225396,0.46225396
0.47185233,0.47185233
0.504162,0.504162
0.48866746,0.48866746
0.5056704,0.5056704
0.50351286,0.50351286
0.5713021,0.5713021
0.51161546,0.51161546
0.52132183,0.52132183
0.49877033,0.49877033
0.53263354,0.53263354
0.5342892,0.5342892
0.50855315,0.50855315
0.5051624,0.5051624
0.49856186,0.49856186
0.51572275,0.51572275
0.4755975,0.4755975
0.493418,0.493418
0.48906517,0.48906517
0.49784577,0.49784577
0.52297676,0.52297676
0.48031694,0.48031694
0.53297335,0.53297335
0.524878,0.524878
0.51912594,0.51912594
0.52582586,0.52582586
0.4983947,0.4983947
0.4245369,0.4245369
0.5235771,0.5235771
0.43020552,0.43020552
0.48014516,0.48014516
0.4533968,0.4533968
0.4347649,0.4347649
0.49393538,0.49393538
0.43271458,0.43271458
0.4410388,0.4410388
0.44993478,0.44993478
0.51979256,0.51979256
0.521162,0.521162
0.5263249,0.5263249
0.4572029,0.4572029
0.49538794,0.49538794
0.47985122,0.47985122
0.4979263,0.4979263
0.37150404,0.37150404
0.46184522,0.46184522
0.5177964,0.5177964
0.49030542,0.49030542
0.52892375,0.52892375
0.5092382,0.5092382
0.52822185,0.52822185
0.48126653,0.48126653
0.531122,0.531122
0.5496754,0.5496754
0.5123784,0.5123784
0.4957106,0.4957106
0.5400955,0.5400955
0.4666625,0.4666625
0.4717764,0.4717764
0.45446637,0.45446637
0.45346665,0.45346665
0.50460196,0.50460196
0.47696695,0.47696695
0.5027825,0.5027825
0.4938866,0.4938866
0.49850333,0.49850333
0.5076342,0.5076342
0.4640207,0.4640207
0.46205282,0.46205282
0.49538165,0.49538165
0.59585094,0.59585094
0.47080347,0.47080347
0.49733323,0.49733323
0.524896,0.524896
0.4829571,0.4829571
0.48838812,0.48838812
0.48375005,0.48375005
0.5016341,0.5016341
0.5067857,0.5067857
0.5288034,0.5288034
0.5038945,0.5038945
0.49439624,0.49439624
0.4470408,0.4470408
0.45113927,0.45113927
0.44216728,0.44216728
0.4265597,0.4265597
0.49815148,0.49815148
0.4475598,0.4475598
0.41470313,0.41470313
0.52617294,0.52617294
0.45423386,0.45423386
0.51896805,0.51896805
0.5040026,0.5040026
0.48755693,0.48755693
0.48871598,0.48871598
0.5417201,0.5417201
0.42901832,0.42901832
0.48081985,0.48081985
0.48857394,0.48857394
0.5108967,0.5108967
0.4917294,0.4917294
0.45583498,0.45583498
0.51185906,0.51185906
0.50548595,0.50548595
0.5155977,0.5155977
0.41998932,0.41998932
0.47686517,0.47686517
0.43402618,0.43402618
0.48852307,0.48852307
0.47421205,0.47421205
0.43751475,0.43751475
0.38621247,0.38621247
0.5001157,0.5001157
0.5061988,0.5061988
0.43907112,0.43907112
0.48214033,0.48214033
0.5334941,0.5334941
0.47173977,0.47173977
0.5096797,0.5096797
0.48671708,0.48671708
0.49518725,0.49518725
0.486141,0.486141
0.4301505,0.4301505
0.4796664,0.4796664
0.498854,0.498854
0.53454113,0.53454113
0.54073596,0.54073596
0.4613264,0.4613264
0.5152973,0.5152973
0.46010846,0.46010846
0.5117213,0.5117213
0.4711503,0.4711503
0.49808258,0.49808258
0.5174292,0.5174292
0.55901116,0.55901116
0.543629,0.543629
0.49797556,0.49797556
0.53924465,0.53924465
0.54322547,0.54322547
0.5231911,0.5231911
0.54941255,0.54941255
0.48399252,0.48399252
0.51489514,0.51489514
0.53847724,0.53847724
0.47480935,0.47480935
0.45751828,0.45751828
0.4614815,0.4614815
0.5069954,0.5069954
0.49791247,0.49791247
0.52928674,0.52928674
0.5496654,0.5496654
0.5024972,0.5024972
0.48671314,0.48671314
0.5006152,0.5006152
0.46359238,0.46359238
0.51846546,0.51846546
0.5130429,0.5130429
0.55297256,0.55297256
0.47915,0.47915
0.48476925,0.48476925
0.498682,0.498682
0.5111567,0.5111567
0.5095935,0.5095935
0.44590577,0.44590577
0.47341168,0.47341168
0.44250736,0.44250736
0.45941362,0.45941362
0.50354916,0.50354916
0.4398822,0.4398822
0.50927484,0.50927484
0.515517,0.515517
0.5322132,0.5322132
0.5347369,0.5347369
0.5087894,0.5087894
0.53529036,0.53529036
0.5273613,0.5273613
0.52898735,0.52898735
0.527406,0.527406
0.51750475,0.51750475
0.5077725,0.5077725
0.5004747,0.5004747
0.4504875,0.4504875
0.42766938,0.42766938
0.48158193,0.48158193
0.48617995,0.48617995
0.54407525,0.54407525
0.55282784,0.55282784
0.51999176,0.51999176
0.46781486,0.46781486
0.44656873,0.44656873
0.44647142,0.44647142
0.4724441,0.4724441
0.46370935,0.46370935
0.53300095,0.53300095
0.45799327,0.45799327
0.48116612,0.48116612
0.56456137,0.56456137
0.5137897,0.5137897
0.52590024,0.52590024
0.5492061,0.5492061
0.49317425,0.49317425
0.5045593,0.5045593
0.4992744,0.4992744
0.48695266,0.48695266
0.52942085,0.52942085
0.561326,0.561326
0.556481,0.556481
0.46250755,0.46250755
0.52290434,0.52290434
0.4667245,0.4667245
0.53193134,0.53193134
0.50692034,0.50692034
0.47295234,0.47295234
0.52345335,0.52345335
0.49246258,0.49246258
0.5085837,0.5085837
0.52270865,0.52270865
0.5297678,0.5297678
0.46833223,0.46833223
0.41811317,0.41811317
0.4350102,0.4350102
0.43883097,0.43883097
0.5015756,0.5015756
0.50255895,0.50255895
0.48406014,0.48406014
0.49818534,0.49818534
0.5015918,0.5015918
0.5052389,0.5052389
0.528319,0.528319
0.47692147,0.47692147
0.4992297,0.4992297
0.48348513,0.48348513
0.47854626,0.47854626
0.4823945,0.4823945
0.49143833,0.49143833
0.4818841,0.4818841
0.47573617,0.47573617
0.4858734,0.4858734
0.47277597,0.47277597
0.49803632,0.49803632
0.49070436,0.49070436
0.5143006,0.5143006
0.46396104,0.46396104
0.46378884,0.46378884
0.45245105,0.45245105
0.5197968,0.5197968
0.45759186,0.45759186
0.47948208,0.47948208
0.48939258,0.48939258
0.49108633,0.49108633
0.46100527,0.46100527
0.4468451,0.4468451
0.47840363,0.47840363
0.49868482,0.49868482
0.5016854,0.5016854
0.49486426,0.49486426
0.48681036,0.48681036
0.4749239,0.4749239
0.45734134,0.45734134
0.5082353,0.5082353
0.46386704,0.46386704
0.49893317,0.49893317
0.5318207,0.5318207
0.47351435,0.47351435
0.46099752,0.46099752
0.5198485,0.5198485
0.5047988,0.5047988
0.4951179,0.4951179
0.48808458,0.48808458
0.5208952,0.5208952
0.46408054,0.46408054
0.46662349,0.46662349
0.46963787,0.46963787
0.48811448,0.48811448
0.4461715,0.4461715
0.4643477,0.4643477
0.5247361,0.5247361
0.51349956,0.51349956
0.5231239,0.5231239
0.5302472,0.5302472
0.523081,0.523081
0.51668525,0.51668525
0.5359497,0.5359497
0.51893824,0.51893824
0.4773729,0.4773729
0.47631928,0.47631928
0.47662005,0.47662005
0.47650582,0.47650582
0.48899308,0.48899308
0.49421585,0.49421585
0.5116761,0.5116761
0.5328739,0.5328739
0.50924003,0.50924003
0.47537842,0.47537842
0.51428056,0.51428056
0.5186239,0.5186239
0.56815773,0.56815773
0.49173093,0.49173093
0.48656282,0.48656282
0.5408991,0.5408991
0.56511307,0.56511307
0.5025909,0.5025909
0.47428286,0.47428286
0.40981302,0.40981302
0.45758113,0.45758113
0.5299577,0.5299577
0.53287596,0.53287596
0.5109484,0.5109484
0.42667654,0.42667654
0.45282593,0.45282593
0.45719013,0.45719013
0.47942173,0.47942173
0.5594485,0.5594485
0.41255903,0.41255903
0.4430987,0.4430987
0.5312741,0.5312741
0.48382953,0.48382953
0.4896002,0.4896002
0.49596927,0.49596927
0.5401981,0.5401981
0.536447,0.536447
0.51341623,0.51341623
0.5198961,0.5198961
0.5346843,0.5346843
0.5264608,0.5264608
0.4220169,0.4220169
0.40601352,0.40601352
0.44495276,0.44495276
0.4696708,0.4696708
0.4439029,0.4439029
0.42905998,0.42905998
0.4036673,0.4036673
0.4426163,0.4426163
0.43269908,0.43269908
0.4405826,0.4405826
0.4729463,0.4729463
0.5314083,0.5314083
0.5294492,0.5294492
0.5164115,0.5164115
0.5350347,0.5350347
0.45625526,0.45625526
0.4614262,0.4614262
0.4821513,0.4821513
0.497791,0.497791
0.51501805,0.51501805
0.4773887,0.4773887
0.48370266,0.48370266
0.45638034,0.45638034
0.5036608,0.5036608
0.50171846,0.50171846
0.48665538,0.48665538
0.53088754,0.53088754
0.49879298,0.49879298
0.44967392,0.44967392
0.49607998,0.49607998
0.49615297,0.49615297
0.5018659,0.5018659
0.52989024,0.52989024
0.4550536,0.4550536
0.52250654,0.52250654
0.509522,0.509522
0.49068466,0.49068466
0.483694,0.483694
0.51869816,0.51869816
0.44907004,0.44907004
0.4813402,0.4813402
0.50130117,0.50130117
0.5038992,0.5038992
0.5126402,0.5126402
0.48536068,0.48536068
0.5155586,0.5155586
0.48974165,0.48974165
0.49131826,0.49131826
0.45759007,0.45759007
0.4900913,0.4900913
0.47977948,0.47977948
0.51158935,0.51158935
0.43113062,0.43113062
0.47861877,0.47861877
0.5310209,0.5310209
0.47298807,0.47298807
0.49266857,0.49266857
0.5642729,0.5642729
0.42884538,0.42884538
0.54578567,0.54578567
0.49973702,0.49973702
0.4726722,0.4726722
0.46348637,0.46348637
0.49154264,0.49154264
0.48631853,0.48631853
0.49613857,0.49613857
0.4594614,0.4594614
0.47066706,0.47066706
0.5365063,0.5365063
0.4934707,0.4934707
0.50251883,0.50251883
0.50887954,0.50887954
0.47729892,0.47729892
0.5288766,0.5288766
0.49047038,0.49047038
0.4879271,0.4879271
0.46749666,0.46749666
0.49011534,0.49011534
0.463717,0.463717
0.4662238,0.4662238
0.4904657,0.4904657
0.49886748,0.49886748
0.48706472,0.48706472
0.4926574,0.4926574
0.49280947,0.49280947
0.4911014,0.4911014
0.56994563,0.56994563
0.5344761,0.5344761
0.5214884,0.5214884
0.54804426,0.54804426
0.522323,0.522323
0.52271134,0.52271134
0.4626439,0.4626439
0.45059645,0.45059645
0.4831638,0.4831638
0.4873453,0.4873453
0.5154395,0.5154395
0.48235193,0.48235193
0.5163996,0.5163996
0.5239311,0.5239311
0.5224737,0.5224737
0.47290593,0.47290593
0.506909,0.506909
0.5026016,0.5026016
0.46286312,0.46286312
0.5274515,0.5274515
0.49405622,0.49405622
0.54505664,0.54505664
0.4624475,0.4624475
0.49559367,0.49559367
0.52270395,0.52270395
0.5392475,0.5392475
0.49280852,0.49280852
0.49685007,0.49685007
0.44997132,0.44997132
0.5220546,0.5220546
0.5285286,0.5285286
0.46795848,0.46795848
0.55104333,0.55104333
0.48561907,0.48561907
0.47458884,0.47458884
0.477244,0.477244
0.44105554,0.44105554
0.44368613,0.44368613
0.4623082,0.4623082
0.4674136,0.4674136
0.4885709,0.4885709
0.47700733,0.47700733
0.45613962,0.45613962
0.4933262,0.4933262
0.49082598,0.49082598
0.4845141,0.4845141
0.44712088,0.44712088
0.45076358,0.45076358
0.44822982,0.44822982
0.4524424,0.4524424
0.43967575,0.43967575
0.4205449,0.4205449
0.53845155,0.53845155
0.53093827,0.53093827
0.54153204,0.54153204
0.48787564,0.48787564
0.525195,0.525195
0.525172,0.525172
0.54032254,0.54032254
0.53669184,0.53669184
0.48399094,0.48399094
0.4659553,0.4659553
0.48806223,0.48806223
0.524675,0.524675
0.49877757,0.49877757
0.5066834,0.5066834
0.50602835,0.50602835
0.4931922,0.4931922
0.5353173,0.5353173
0.5111312,0.5111312
0.46605358,0.46605358
0.49251115,0.49251115
0.47580385,0.47580385
0.5035906,0.5035906
0.50874275,0.50874275
0.52059597,0.52059597
0.45577922,0.45577922
0.4833506,0.4833506
0.5281427,0.5281427
0.46986014,0.46986014
0.561164,0.561164
0.43767613,0.43767613
0.45377645,0.45377645
0.4529019,0.4529019
0.4376952,0.4376952
0.539372,0.539372
0.49602792,0.49602792
0.4897263,0.4897263
0.472109,0.472109
0.46234366,0.46234366
0.520934,0.520934
0.48714182,0.48714182
0.51113975,0.51113975
0.50731105,0.50731105
0.51404375,0.51404375
0.51380885,0.51380885
0.5445962,0.5445962
0.53255653,0.53255653
0.48640534,0.48640534
0.43660536,0.43660536
0.43639302,0.43639302
0.4813547,0.4813547
0.4647361,0.4647361
0.45130014,0.45130014
0.496321,0.496321
0.4279769,0.4279769
0.43409932,0.43409932
0.44477308,0.44477308
0.45121908,0.45121908
0.48534527,0.48534527
0.42796114,0.42796114
0.3904207,0.3904207
0.44841382,0.44841382
0.49006164,0.49006164
0.5805256,0.5805256
0.41312256,0.41312256
0.4913903,0.4913903
0.48330778,0.48330778
0.48310214,0.48310214
0.44745255,0.44745255
0.4774989,0.4774989
0.502053,0.502053
0.47337422,0.47337422
0.46604112,0.46604112
0.46749315,0.46749315
0.48054057,0.48054057
0.44724667,0.44724667
0.4301102,0.4301102
0.53072447,0.53072447
0.5081953,0.5081953
0.4489778,0.4489778
0.42133242,0.42133242
0.46925744,0.46925744
0.515258,0.515258
0.4622932,0.4622932
0.47213548,0.47213548
0.5061629,0.5061629
0.52330464,0.52330464
0.52239656,0.52239656
0.5499381,0.5499381
0.4666817,0.4666817
0.46736586,0.46736586
0.488211,0.488211
0.43223307,0.43223307
0.47881475,0.47881475
0.54311574,0.54311574
0.5602635,0.5602635
0.47759497,0.47759497
0.43417296,0.43417296
0.5081348,0.5081348
0.46463454,0.46463454
0.42127845,0.42127845
0.49745673,0.49745673
0.5223037,0.5223037
0.5435721,0.5435721
0.5482454,0.5482454
0.56315297,0.56315297
0.45436305,0.45436305
0.44526762,0.44526762
0.38372675,0.38372675
0.51903516,0.51903516
0.5292317,0.5292317
0.5054791,0.5054791
0.5326289,0.5326289
0.53970504,0.53970504
0.5163914,0.5163914
0.4726751,0.4726751
0.44474888,0.44474888
0.51424366,0.51424366
0.49721226,0.49721226
0.5388661,0.5388661
0.44234324,0.44234324
0.43234515,0.43234515
0.433216,0.433216
0.45704138,0.45704138
0.46539506,0.46539506
0.46205732,0.46205732
0.46853083,0.46853083
0.3996696,0.3996696
0.49468458,0.49468458
0.47914004,0.47914004
0.46389404,0.46389404
0.5241666,0.5241666
0.4888099,0.4888099
0.51283395,0.51283395
0.49699014,0.49699014
0.540918,0.540918
0.47405943,0.47405943
0.50589854,0.50589854
0.51897734,0.51897734
0.5022797,0.5022797
0.5338266,0.5338266
0.4844941,0.4844941
0.48917568,0.48917568
0.48799872,0.48799872
0.5599278,0.5599278
0.5404538,0.5404538
0.53378713,0.53378713
0.49100208,0.49100208
0.5033268,0.5033268
0.4643122,0.4643122
0.5133278,0.5133278
0.47673818,0.47673818
0.470828,0.470828
0.5200022,0.5200022
0.42571798,0.42571798
0.41627237,0.41627237
0.49368772,0.49368772
0.44711447,0.44711447
0.5133609,0.5133609
0.5017262,0.5017262
0.43145436,0.43145436
0.47323257,0.47323257
0.5011337,0.5011337
0.5217736,0.5217736
0.47067565,0.47067565
0.47397268,0.47397268
0.4589035,0.4589035
0.4746806,0.4746806
0.43453276,0.43453276
0.4351339,0.4351339
0.46259582,0.46259582
0.41897732,0.41897732
0.46120775,0.46120775
0.47128347,0.47128347
0.44925627,0.44925627
0.51607877,0.51607877
0.5324918,0.5324918
0.5007916,0.5007916
0.47523382,0.47523382
0.4415574,0.4415574
0.44711053,0.44711053
0.48609784,0.48609784
0.53009135,0.53009135
0.5084989,0.5084989
0.48763758,0.48763758
0.5224972,0.5224972
0.51360106,0.51360106
0.49911293,0.49911293
0.53113955,0.53113955
0.46612477,0.46612477
0.5121493,0.5121493
0.46342215,0.46342215
0.5239825,0.5239825
0.48755208,0.48755208
0.52104074,0.52104074
0.49384493,0.49384493
0.5230839,0.5230839
0.4228422,0.4228422
0.4179222,0.4179222
0.46759963,0.46759963
0.53527075,0.53527075
0.54730976,0.54730976
0.51993597,0.51993597
0.48978928,0.48978928
0.49000135,0.49000135
0.47141626,0.47141626
0.46250302,0.46250302
0.5323098,0.5323098
0.5403869,0.5403869
0.49872097,0.49872097
0.47236857,0.47236857
0.44052824,0.44052824
0.46131516,0.46131516
0.46595618,0.46595618
0.4893196,0.4893196
0.49326885,0.49326885
0.41909838,0.41909838
0.50270355,0.50270355
0.52102506,0.52102506
0.6066894,0.6066894
0.45934242,0.45934242
0.4942791,0.4942791
0.45841587,0.45841587
0.5230507,0.5230507
0.52180463,0.52180463
0.44281656,0.44281656
0.49598646,0.49598646
0.51993555,0.51993555
0.52901083,0.52901083
0.5208023,0.5208023
0.53674954,0.53674954
0.44695443,0.44695443
0.48326367,0.48326367
0.41713238,0.41713238
0.48552984,0.48552984
0.49339172,0.49339172
0.44170165,0.44170165
0.48004282,0.48004282
0.5141246,0.5141246
0.44122815,0.44122815
0.46261427,0.46261427
0.4934352,0.4934352
0.49175313,0.49175313
0.47545812,0.47545812
0.48912004,0.48912004
0.51307523,0.51307523
0.4743935,0.4743935
0.4752459,0.4752459
0.5485134,0.5485134
0.50958055,0.50958055
0.44965893,0.44965893
0.47880214,0.47880214
0.4884129,0.4884129
0.4529759,0.4529759
0.4504601,0.4504601
0.5171743,0.5171743
0.5209543,0.5209543
0.452007,0.452007
0.49340788,0.49340788
0.51402265,0.51402265
0.50385153,0.50385153
0.46500137,0.46500137
0.5125045,0.5125045
0.4592131,0.4592131
0.527059,0.527059
0.47712007,0.47712007
0.47867826,0.47867826
0.47281575,0.47281575
0.49487168,0.49487168
0.52386135,0.52386135
0.48498192,0.48498192
0.49148437,0.49148437
0.5034132,0.5034132
0.54598886,0.54598886
0.45519367,0.45519367
0.43955114,0.43955114
0.5545978,0.5545978
0.49135175,0.49135175
0.4911418,0.4911418
0.5111246,0.5111246
0.5348012,0.5348012
0.5226438,0.5226438
0.49610826,0.49610826
0.53764206,0.53764206
0.43980965,0.43980965
0.45374084,0.45374084
0.47542492,0.47542492
0.47276178,0.47276178
0.5041578,0.5041578
0.5104225,0.5104225
0.4498767,0.4498767
0.44200397,0.44200397
0.46878323,0.46878323
0.4798281,0.4798281
0.49128196,0.49128196
0.4915529,0.4915529
0.46879652,0.46879652
0.4614379,0.4614379
0.45746922,0.45746922
0.42188677,0.42188677
0.42884037,0.42884037
0.39870113,0.39870113
0.45791957,0.45791957
0.42701432,0.42701432
0.5139104,0.5139104
0.4521442,0.4521442
0.5100387,0.5100387
0.45344165,0.45344165
0.49292296,0.49292296
0.48849845,0.48849845
0.48591644,0.48591644
0.51586014,0.51586014
0.49723208,0.49723208
0.47998706,0.47998706
0.5014064,0.5014064
0.50767446,0.50767446
0.49916622,0.49916622
0.49542838,0.49542838
0.46921057,0.46921057
0.5627592,0.5627592
0.48629302,0.48629302
0.55571985,0.55571985
0.51213187,0.51213187
0.5018961,0.5018961
0.43516028,0.43516028
0.515433,0.515433
0.4693829,0.4693829
0.49747524,0.49747524
0.50307804,0.50307804
0.53490937,0.53490937
0.47910428,0.47910428
0.5310023,0.5310023
0.48849082,0.48849082
0.5223871,0.5223871
0.4844368,0.4844368
0.49643835,0.49643835
0.48975,0.48975
0.50102174,0.50102174
0.46955484,0.46955484
0.40451816,0.40451816
0.4195644,0.4195644
0.52025795,0.52025795
0.43215692,0.43215692
0.52847713,0.52847713
0.49760735,0.49760735
0.44003624,0.44003624
0.43769592,0.43769592
0.48815784,0.48815784
0.554263,0.554263
0.49530333,0.49530333
0.4699695,0.4699695
0.49812916,0.49812916
0.4676565,0.4676565
0.48443496,0.48443496
0.5627755,0.5627755
0.48988846,0.48988846
0.5155561,0.5155561
0.50161296,0.50161296
0.47073096,0.47073096
0.49439615,0.49439615
0.46484303,0.46484303
0.5086842,0.5086842
0.46617085,0.46617085
0.51806635,0.51806635
0.47865883,0.47865883
0.4743818,0.4743818
0.46119136,0.46119136
0.43884534,0.43884534
0.4125864,0.4125864
0.46319064,0.46319064
0.4891813,0.4891813
0.4777888,0.4777888
0.45284328,0.45284328
0.5209444,0.5209444
0.48053953,0.48053953
0.44538048,0.44538048
0.47801214,0.47801214
0.47856522,0.47856522
0.5251619,0.5251619
0.5303242,0.5303242
0.43932426,0.43932426
0.49421427,0.49421427
0.51173097,0.51173097
0.4815349,0.4815349
0.4187145,0.4187145
0.49371845,0.49371845
0.66142416,0.66142416
0.48401308,0.48401308
0.5388654,0.5388654
0.53490597,0.53490597
0.48979077,0.48979077
0.46184567,0.46184567
0.4988487,0.4988487
0.5158005,0.5158005
0.48528805,0.48528805
0.46389893,0.46389893
0.5202789,0.5202789
0.51668507,0.51668507
0.5049851,0.5049851
0.45985073,0.45985073
0.4198765,0.4198765
0.48362625,0.48362625
0.538042,0.538042
0.5346732,0.5346732
0.47372052,0.47372052
0.5177101,0.5177101
0.5036736,0.5036736
0.52012134,0.52012134
0.5323681,0.5323681
0.5385924,0.5385924
0.5645136,0.5645136
0.5305589,0.5305589
0.48043463,0.48043463
0.4639127,0.4639127
0.50147724,0.50147724
0.50584143,0.50584143
0.5077875,0.5077875
0.5012928,0.5012928
0.5250677,0.5250677
0.48290524,0.48290524
0.46597838,0.46597838
0.53570837,0.53570837
0.44136623,0.44136623
0.44741496,0.44741496
0.48581487,0.48581487
0.5063192,0.5063192
0.5157971,0.5157971
0.516698,0.516698
0.48845208,0.48845208
0.49647188,0.49647188
0.5168682,0.5168682
0.52302295,0.52302295
0.51389426,0.51389426
0.4889848,0.4889848
0.4948557,0.4948557
0.5252924,0.5252924
0.48969322,0.48969322
0.50930816,0.50930816
0.49251258,0.49251258
0.5218359,0.5218359
0.5008178,0.5008178
0.48119265,0.48119265
0.45820662,0.45820662
0.4997047,0.4997047
0.4865765,0.4865765
0.50814736,0.50814736
0.5205534,0.5205534
0.46321326,0.46321326
0.45612705,0.45612705
0.4331212,0.4331212
0.4377802,0.4377802
0.45246994,0.45246994
0.528436,0.528436
0.50039893,0.50039893
0.4689497,0.4689497
0.51865464,0.51865464
0.45795166,0.45795166
0.44909498,0.44909498
0.47844312,0.47844312
0.45995742,0.45995742
0.48397204,0.48397204
0.4597277,0.4597277
0.49123082,0.49123082
0.47155276,0.47155276
0.49503216,0.49503216
0.5023255,0.5023255
0.5006152,0.5006152
0.4753056,0.4753056
0.4407654,0.4407654
0.4701278,0.4701278
0.41938624,0.41938624
0.476476,0.476476
0.50211513,0.50211513
0.51423866,0.51423866
0.46883848,0.46883848
0.46035948,0.46035948
0.50712377,0.50712377
0.5182515,0.5182515
0.48042998,0.48042998
0.49559733,0.49559733
0.47992203,0.47992203
0.48046458,0.48046458
0.48867583,0.48867583
0.46132946,0.46132946
0.47417012,0.47417012
0.5160249,0.5160249
0.40057868,0.40057868
0.43244532,0.43244532
0.46974972,0.46974972
0.4253984,0.4253984
0.4755193,0.4755193
0.45677552,0.45677552
0.48177007,0.48177007
0.48666725,0.48666725
0.41393524,0.41393524
0.5421298,0.5421298
0.57771885,0.57771885
0.46272367,0.46272367
0.4947505,0.4947505
0.4641734,0.4641734
0.56076825,0.56076825
0.5456059,0.5456059
0.4914197,0.4914197
0.493278,0.493278
0.51858073,0.51858073
0.49580488,0.49580488
0.46828824,0.46828824
0.47591358,0.47591358
0.52503765,0.52503765
0.5235377,0.5235377
0.50047874,0.50047874
0.4740828,0.4740828
0.4833122,0.4833122
0.47959343,0.47959343
0.46490064,0.46490064
0.48624074,0.48624074
0.5151221,0.5151221
0.4578137,0.4578137
0.47402638,0.47402638
0.48283657,0.48283657
0.46326506,0.46326506
0.5059634,0.5059634
0.5321847,0.5321847
0.47988877,0.47988877
0.5122108,0.5122108
0.531433,0.531433
0.4429854,0.4429854
0.5056028,0.5056028
0.45006794,0.45006794
0.4460231,0.4460231
0.47996217,0.47996217
0.5020128,0.5020128
0.5032686,0.5032686
0.48416874,0.48416874
0.502037,0.502037
0.49144766,0.49144766
0.45395213,0.45395213
0.44848466,0.44848466
0.4793991,0.4793991
0.461157,0.461157
0.481275,0.481275
0.4449475,0.4449475
0.4065634,0.4065634
0.5063686,0.5063686
0.47173762,0.47173762
0.5088855,0.5088855
0.48646218,0.48646218
0.50117826,0.50117826
0.5173026,0.5173026
0.45447963,0.45447963
0.5082143,0.5082143
0.49641714,0.49641714
0.48966202,0.48966202
0.5608944,0.5608944
0.4569159,0.4569159
0.51810783,0.51810783
0.49993464,0.49993464
0.5310558,0.5310558
0.5332241,0.5332241
0.50999874,0.50999874
0.4932429,0.4932429
0.47489348,0.47489348
0.44195566,0.44195566
0.47678626,0.47678626
0.4826,0.4826
0.51092684,0.51092684
0.41840997,0.41840997
0.4357064,0.4357064
0.55844694,0.55844694
0.49387106,0.49387106
0.50219405,0.50219405
0.47266778,0.47266778
0.45430043,0.45430043
0.4856939,0.4856939
0.49526852,0.49526852
0.45408863,0.45408863
0.45257333,0.45257333
0.48563334,0.48563334
0.475346,0.475346
0.4437959,0.4437959
0.51596636,0.51596636
0.5184173,0.5184173
0.46946654,0.46946654
0.5605503,0.5605503
0.5438528,0.5438528
0.53883004,0.53883004
0.54144955,0.54144955
0.52504313,0.52504313
0.5165203,0.5165203
0.54046136,0.54046136
0.48351946,0.48351946
0.47936234,0.47936234
0.4379291,0.4379291
0.44063917,0.44063917
0.5268176,0.5268176
0.49218205,0.49218205
0.491406,0.491406
0.50105196,0.50105196
0.505393,0.505393
0.42400464,0.42400464
0.42074528,0.42074528
0.44543648,0.44543648
0.45322797,0.45322797
0.524785,0.524785
0.4926033,0.4926033
0.5032747,0.5032747
0.48291576,0.48291576
0.49335712,0.49335712
0.48178628,0.48178628
0.41957155,0.41957155
0.44687805,0.44687805
0.4912199,0.4912199
0.476942,0.476942
0.48439834,0.48439834
0.48533237,0.48533237
0.5443647,0.5443647
0.45591667,0.45591667
0.4403021,0.4403021
0.42938498,0.42938498
0.43817183,0.43817183
0.4250288,0.4250288
0.4610723,0.4610723
0.4042855,0.4042855
0.3959904,0.3959904
0.5004126,0.5004126
0.40584758,0.40584758
0.45300037,0.45300037
0.46038342,0.46038342
0.4917332,0.4917332
0.48611638,0.48611638
0.46934992,0.46934992
0.46538895,0.46538895
0.45082647,0.45082647
0.4272132,0.4272132
0.4884158,0.4884158
0.43628865,0.43628865
0.44886142,0.44886142
0.4998833,0.4998833
0.43969408,0.43969408
0.46261302,0.46261302
0.43434167,0.43434167
0.43797702,0.43797702
0.46796182,0.46796182
0.470808,0.470808
0.51564187,0.51564187
0.49174938,0.49174938
0.49016884,0.49016884
0.4913481,0.4913481
0.4777871,0.4777871
0.45408055,0.45408055
0.49750382,0.49750382
0.5249121,0.5249121
0.5076626,0.5076626
0.4379143,0.4379143
0.38649514,0.38649514
0.48694545,0.48694545
0.5201616,0.5201616
0.46455246,0.46455246
0.4461099,0.4461099
0.48994327,0.48994327
0.47773817,0.47773817
0.47668928,0.47668928
0.50932443,0.50932443
0.5141444,0.5141444
0.5193028,0.5193028
0.48210075,0.48210075
0.48812953,0.48812953
0.4868557,0.4868557
0.44651648,0.44651648
0.51868004,0.51868004
0.54164046,0.54164046
0.49990335,0.49990335
0.4878066,0.4878066
0.4286641,0.4286641
0.45404544,0.45404544
0.42929205,0.42929205
0.4352879,0.4352879
0.42400718,0.42400718
0.4680973,0.4680973
0.4604609,0.4604609
0.4965057,0.4965057
0.42215374,0.42215374
0.45906538,0.45906538
0.46170607,0.46170607
0.46850246,0.46850246
0.41195855,0.41195855
0.49080867,0.49080867
0.47074434,0.47074434
0.5227284,0.5227284
0.5122283,0.5122283
0.48662615,0.48662615
0.540956,0.540956
0.48965847,0.48965847
0.4504193,0.4504193
0.44972894,0.44972894
0.47354802,0.47354802
0.51998454,0.51998454
0.46342665,0.46342665
0.4554564,0.4554564
0.4977937,0.4977937
0.44261146,0.44261146
0.5220031,0.5220031
0.54102594,0.54102594
0.5615885,0.5615885
0.56040883,0.56040883
0.5035291,0.5035291
0.5148397,0.5148397
0.5001359,0.5001359
0.4508663,0.4508663
0.45085195,0.45085195
0.40845308,0.40845308
0.4488776,0.4488776
0.4510728,0.4510728
0.45630327,0.45630327
0.5117996,0.5117996
0.52282983,0.52282983
0.46529847,0.46529847
0.46713614,0.46713614
0.50741,0.50741
0.5084686,0.5084686
0.4573079,0.4573079
0.4863836,0.4863836
0.5085909,0.5085909
0.55989873,0.55989873
0.48943684,0.48943684
0.5179232,0.5179232
0.50227976,0.50227976
0.49805015,0.49805015
0.52051747,0.52051747
0.5618918,0.5618918
0.5005997,0.5005997
0.5327132,0.5327132
0.5337601,0.5337601
0.49243033,0.49243033
0.5366418,0.5366418
0.5182565,0.5182565
0.5205596,0.5205596
0.49837857,0.49837857
0.4679331,0.4679331
0.5304706,0.5304706
0.43406335,0.43406335
0.5227353,0.5227353
0.54077506,0.54077506
0.53971756,0.53971756
0.4631771,0.4631771
0.43019658,0.43019658
0.44231394,0.44231394
0.4846245,0.4846245
0.5178779,0.5178779
0.5375888,0.5375888
0.53154486,0.53154486
0.48050883,0.48050883
0.4187822,0.4187822
0.5173366,0.5173366
0.48741207,0.48741207
0.49328297,0.49328297
0.43425825,0.43425825
0.49004135,0.49004135
0.5020792,0.5020792
0.46956122,0.46956122
0.52141786,0.52141786
0.4905059,0.4905059
0.49335232,0.49335232
0.50130045,0.50130045
0.53436,0.53436
0.5233941,0.5233941
0.46220294,0.46220294
0.4625983,0.4625983
0.51235455,0.51235455
0.4944059,0.4944059
0.4025701,0.4025701
0.45618144,0.45618144
0.4769653,0.4769653
0.46685874,0.46685874
0.4235042,0.4235042
0.46585447,0.46585447
0.48696485,0.48696485
0.5161294,0.5161294
0.49157688,0.49157688
0.5038807,0.5038807
0.44822618,0.44822618
0.4264316,0.4264316
0.55099726,0.55099726
0.4600652,0.4600652
0.52425677,0.52425677
0.5268175,0.5268175
0.55589646,0.55589646
0.50051194,0.50051194
0.4602644,0.4602644
0.48005882,0.48005882
0.4238539,0.4238539
0.48796406,0.48796406
0.46835324,0.46835324
0.49472824,0.49472824
0.5362772,0.5362772
0.4914514,0.4914514
0.5535805,0.5535805
0.50933874,0.50933874
0.47819087,0.47819087
0.44290927,0.44290927
0.4531277,0.4531277
0.46084222,0.46084222
0.42820424,0.42820424
0.46190825,0.46190825
0.4971545,0.4971545
0.47384194,0.47384194
0.44491938,0.44491938
0.50649834,0.50649834
0.5341862,0.5341862
0.54207057,0.54207057
0.49335596,0.49335596
0.48921221,0.48921221
0.46256557,0.46256557
0.4625215,0.4625215
0.5219382,0.5219382
0.51418936,0.51418936
0.49691188,0.49691188
0.53229266,0.53229266
0.50129306,0.50129306
0.5111297,0.5111297
0.46808192,0.46808192
0.5025933,0.5025933
0.50541115,0.50541115
0.47019628,0.47019628
0.48007137,0.48007137
0.46590516,0.46590516
0.4553973,0.4553973
0.51022106,0.51022106
0.5074192,0.5074192
0.5001729,0.5001729
0.47745234,0.47745234
0.4448898,0.4448898
0.46534553,0.46534553
0.5163185,0.5163185
0.51685613,0.51685613
0.47231087,0.47231087
0.43838242,0.43838242
0.5008473,0.5008473
0.51503754,0.51503754
0.48005572,0.48005572
0.547477,0.547477
0.5272699,0.5272699
0.48088032,0.48088032
0.50674844,0.50674844
0.53827316,0.53827316
0.48596865,0.48596865
0.50121474,0.50121474
0.49195102,0.49195102
0.50597256,0.50597256
0.48687914,0.48687914
0.50681865,0.50681865
0.50074863,0.50074863
0.5153416,0.5153416
0.5219722,0.5219722
0.45132536,0.45132536
0.516822,0.516822
0.500105,0.500105
0.4993966,0.4993966
0.45827296,0.45827296
0.5460009,0.5460009
0.49551636,0.49551636
0.50023663,0.50023663
0.47024402,0.47024402
0.5228613,0.5228613
0.43252066,0.43252066
0.50392246,0.50392246
0.4969889,0.4969889
0.5124905,0.5124905
0.48706463,0.48706463
0.49688098,0.49688098
0.4794867,0.4794867
0.4429172,0.4429172
0.4946339,0.4946339
0.51766336,0.51766336
0.5041782,0.5041782
0.43336502,0.43336502
0.4199954,0.4199954
0.4909377,0.4909377
0.51953506,0.51953506
0.52347976,0.52347976
0.46521708,0.46521708
0.45196402,0.45196402
0.46271944,0.46271944
0.4759179,0.4759179
0.4408417,0.4408417
0.42292503,0.42292503
0.439152,0.439152
0.45038077,0.45038077
0.46767122,0.46767122
0.4652387,0.4652387
0.46585026,0.46585026
0.5334435,0.5334435
0.60461587,0.60461587
0.52364206,0.52364206
0.43857405,0.43857405
0.47048408,0.47048408
0.48157528,0.48157528
0.476992,0.476992
0.51728207,0.51728207
0.4942329,0.4942329
0.5235666,0.5235666
0.4683473,0.4683473
0.4871601,0.4871601
0.5082799,0.5082799
0.50737303,0.50737303
0.49784938,0.49784938
0.46437055,0.46437055
0.45957094,0.45957094
0.52710885,0.52710885
0.44754636,0.44754636
0.48765054,0.48765054
0.45998055,0.45998055
0.5133435,0.5133435
0.48847872,0.48847872
0.41013682,0.41013682
0.44175586,0.44175586
0.50010043,0.50010043
0.47832108,0.47832108
0.49119577,0.49119577
0.42559278,0.42559278
0.52705944,0.52705944
0.51506925,0.51506925
0.5374312,0.5374312
0.53547925,0.53547925
0.47897485,0.47897485
0.4529253,0.4529253
0.4447814,0.4447814
0.51164377,0.51164377
0.40229425,0.40229425
0.47519973,0.47519973
0.5005643,0.5005643
0.5029703,0.5029703
0.47652128,0.47652128
0.42248788,0.42248788
0.5435548,0.5435548
0.4848838,0.4848838
0.5129168,0.5129168
0.5055557,0.5055557
0.49894363,0.49894363
0.53547484,0.53547484
0.49284863,0.49284863
0.48739588,0.48739588
0.5221348,0.5221348
0.47845992,0.47845992
0.37005112,0.37005112
0.4138386,0.4138386
0.4676934,0.4676934
0.55322856,0.55322856
0.45786086,0.45786086
0.4311719,0.4311719
0.46284002,0.46284002
0.5199364,0.5199364
0.5254844,0.5254844
0.51136065,0.51136065
0.5008176,0.5008176
0.53496265,0.53496265
0.48395973,0.48395973
0.41284227,0.41284227
0.4826202,0.4826202
0.54558766,0.54558766
0.5369735,0.5369735
0.5677096,0.5677096
0.5118995,0.5118995
0.5511986,0.5511986
0.52577984,0.52577984
0.48627272,0.48627272
0.50927764,0.50927764
0.44573468,0.44573468
0.5186181,0.5186181
0.4774458,0.4774458
0.49948308,0.49948308
0.54964054,0.54964054
0.4685506,0.4685506
0.48592237,0.48592237
0.45239717,0.45239717
0.49144408,0.49144408
0.47364244,0.47364244
0.51591355,0.51591355
0.47662544,0.47662544
0.5080336,0.5080336
0.48840746,0.48840746
0.49455252,0.49455252
0.45861453,0.45861453
0.4986633,0.4986633
0.45808753,0.45808753
0.50599,0.50599
0.50524753,0.50524753
0.4952135,0.4952135
0.49813524,0.49813524
0.5166707,0.5166707
0.5193832,0.5193832
0.49876717,0.49876717
0.48013452,0.48013452
0.4314769,0.4314769
0.4477172,0.4477172
0.44400477,0.44400477
0.45138067,0.45138067
0.44827777,0.44827777
0.5185822,0.5185822
0.4580916,0.4580916
0.48243308,0.48243308
0.5039837,0.5039837
0.55569607,0.55569607
0.48495203,0.48495203
0.41871315,0.41871315
0.44189334,0.44189334
0.4723449,0.4723449
0.44500768,0.44500768
0.49441558,0.49441558
0.4702763,0.4702763
0.5552091,0.5552091
0.44750255,0.44750255
0.45790315,0.45790315
0.51982474,0.51982474
0.50901526,0.50901526
0.46238768,0.46238768
0.45233777,0.45233777
0.46541813,0.46541813
0.48737076,0.48737076
0.5470971,0.5470971
0.49859473,0.49859473
0.45955995,0.45955995
0.47630703,0.47630703
0.49307767,0.49307767
0.4733186,0.4733186
0.47787848,0.47787848
0.48179844,0.48179844
0.47471508,0.47471508
0.429505,0.429505
0.43925625,0.43925625
0.43048277,0.43048277
0.4239109,0.4239109
0.46240857,0.46240857
0.44566855,0.44566855
0.5382045,0.5382045
0.5485483,0.5485483
0.5497366,0.5497366
0.5084853,0.5084853
0.5097226,0.5097226
0.45039317,0.45039317
0.4894363,0.4894363
0.5140775,0.5140775
0.5247884,0.5247884
0.49654904,0.49654904
0.5359589,0.5359589
0.5176119,0.5176119
0.5129259,0.5129259
0.48001468,0.48001468
0.5179671,0.5179671
0.5089274,0.5089274
0.45721546,0.45721546
0.5133623,0.5133623
0.467986,0.467986
0.43873307,0.43873307
0.43836486,0.43836486
0.5159551,0.5159551
0.46121773,0.46121773
0.4373854,0.4373854
0.4931903,0.4931903
0.4434238,0.4434238
0.47267312,0.47267312
0.4925924,0.4925924
0.47989568,0.47989568
0.4605351,0.4605351
0.5247747,0.5247747
0.5104939,0.5104939
0.50395477,0.50395477
0.5115073,0.5115073
0.483386,0.483386
0.47599405,0.47599405
0.482667,0.482667
0.52960336,0.52960336
0.5273166,0.5273166
0.5003656,0.5003656
0.5157018,0.5157018
0.46157014,0.46157014
0.5612387,0.5612387
0.5400013,0.5400013
0.49445742,0.49445742
0.54419607,0.54419607
0.5697307,0.5697307
0.5424415,0.5424415
0.52632684,0.52632684
0.62829393,0.62829393
0.60128665,0.60128665
0.5749176,0.5749176
0.54156923,0.54156923
0.5805266,0.5805266
0.57209784,0.57209784
0.51702654,0.51702654
0.507134,0.507134
0.512212,0.512212
0.51994556,0.51994556
0.45540732,0.45540732
0.51695496,0.51695496
0.49896172,0.49896172
0.47888747,0.47888747
0.47319487,0.47319487
0.5549936,0.5549936
0.48448908,0.48448908
0.5194456,0.5194456
0.6287737,0.6287737
0.49003395,0.49003395
0.43825808,0.43825808
0.44959545,0.44959545
0.47000486,0.47000486
0.48011667,0.48011667
0.49558422,0.49558422
0.5244409,0.5244409
0.466453,0.466453
0.48203927,0.48203927
0.4393345,0.4393345
0.477487,0.477487
0.4828172,0.4828172
0.5062236,0.5062236
0.47826692,0.47826692
0.44920006,0.44920006
0.4348427,0.4348427
0.41795465,0.41795465
0.4819096,0.4819096
0.4688793,0.4688793
0.45087436,0.45087436
0.50308543,0.50308543
0.56208867,0.56208867
0.49836227,0.49836227
0.5190129,0.5190129
0.45511502,0.45511502
0.5863488,0.5863488
0.52815795,0.52815795
0.5618304,0.5618304
0.44522256,0.44522256
0.47778368,0.47778368
0.49691245,0.49691245
0.49969557,0.49969557
0.5189234,0.5189234
0.48219794,0.48219794
0.5084731,0.5084731
0.5186373,0.5186373
0.5293039,0.5293039
0.4755078,0.4755078
0.5045643,0.5045643
0.47587204,0.47587204
0.43960893,0.43960893
0.47893324,0.47893324
0.4098562,0.4098562
0.42297465,0.42297465
0.41984037,0.41984037
0.39092678,0.39092678
0.40146443,0.40146443
0.42444265,0.42444265
0.46505657,0.46505657
0.44485834,0.44485834
0.4417782,0.4417782
0.49287763,0.49287763
0.45054668,0.45054668
0.4225648,0.4225648
0.51001513,0.51001513
0.5071153,0.5071153
0.4656995,0.4656995
0.4163932,0.4163932
0.51032776,0.51032776
0.49593732,0.49593732
0.47096962,0.47096962
0.47710383,0.47710383
0.4679203,0.4679203
0.5138178,0.5138178
0.4913287,0.4913287
0.50175834,0.50175834
0.46235383,0.46235383
0.48160255,0.48160255
0.4783187,0.4783187
0.48016655,0.48016655
0.43713945,0.43713945
0.44201672,0.44201672
0.5378144,0.5378144
0.53199893,0.53199893
0.5356826,0.5356826
0.5246856,0.5246856
0.45959252,0.45959252
0.4370485,0.4370485
0.52496237,0.52496237
0.5148899,0.5148899
0.52321804,0.52321804
0.4841452,0.4841452
0.49376664,0.49376664
0.50544786,0.50544786
0.47785544,0.47785544
0.49949768,0.49949768
0.47503957,0.47503957
0.45566863,0.45566863
0.46633348,0.46633348
0.5088689,0.5088689
0.47889826,0.47889826
0.47265336,0.47265336
0.5446422,0.5446422
0.45679715,0.45679715
0.49437726,0.49437726
0.52456677,0.52456677
0.44589618,0.44589618
0.4949815,0.4949815
0.44771227,0.44771227
0.50536263,0.50536263
0.46859732,0.46859732
0.5024491,0.5024491
0.5012497,0.5012497
0.48815548,0.48815548
0.47959575,0.47959575
0.5097145,0.5097145
0.46424505,0.46424505
0.49920064,0.49920064
0.49399674,0.49399674
0.46824726,0.46824726
0.46429616,0.46429616
0.47837526,0.47837526
0.4629323,0.4629323
0.48620436,0.48620436
0.4376896,0.4376896
0.46162677,0.46162677
0.48998794,0.48998794
0.45541713,0.45541713
0.48037285,0.48037285
0.45792162,0.45792162
0.5365479,0.5365479
0.54555917,0.54555917
0.49599144,0.49599144
0.45763996,0.45763996
0.48804456,0.48804456
0.48372814,0.48372814
0.4599376,0.4599376
0.4469125,0.4469125
0.44726896,0.44726896
0.41725057,0.41725057
0.46399248,0.46399248
0.5106209,0.5106209
0.49437866,0.49437866
0.37256446,0.37256446
0.5204855,0.5204855
0.5227871,0.5227871
0.5423792,0.5423792
0.5503271,0.5503271
0.44048625,0.44048625
0.5671931,0.5671931
0.53236043,0.53236043
0.541998,0.541998
0.53056127,0.53056127
0.46807817,0.46807817
0.45390984,0.45390984
0.45957977,0.45957977
0.46914667,0.46914667
0.4760999,0.4760999
0.45979044,0.45979044
0.46367165,0.46367165
0.518528,0.518528
0.47032082,0.47032082
0.50500417,0.50500417
0.5163015,0.5163015
0.5030037,0.5030037
0.48163232,0.48163232
0.44293573,0.44293573
0.5036379,0.5036379
0.52494615,0.52494615
0.48783988,0.48783988
0.52294844,0.52294844
0.55303764,0.55303764
0.51514107,0.51514107
0.4949209,0.4949209
0.50680393,0.50680393
0.47811306,0.47811306
0.5946045,0.5946045
0.56958055,0.56958055
0.47300732,0.47300732
0.472827,0.472827
0.48896155,0.48896155
0.48796546,0.48796546
0.51808685,0.51808685
0.4600979,0.4600979
0.45585173,0.45585173
0.5091067,0.5091067
0.4815093,0.4815093
0.5008293,0.5008293
0.4684817,0.4684817
0.45011374,0.45011374
0.4640279,0.4640279
0.47899857,0.47899857
0.503224,0.503224
0.5477153,0.5477153
0.52044153,0.52044153
0.50630516,0.50630516
0.49802166,0.49802166
0.4656013,0.4656013
0.5122016,0.5122016
0.53628355,0.53628355
0.5004507,0.5004507
0.45201898,0.45201898
0.41037607,0.41037607
0.43677786,0.43677786
0.54678494,0.54678494
0.45783994,0.45783994
0.48425013,0.48425013
0.43599412,0.43599412
0.45971462,0.45971462
0.48605594,0.48605594
0.4279389,0.4279389
0.48756084,0.48756084
0.5278182,0.5278182
0.5175694,0.5175694
0.5314018,0.5314018
0.48966718,0.48966718
0.46359807,0.46359807
0.47467452,0.47467452
0.44170758,0.44170758
0.47324982,0.47324982
0.4451107,0.4451107
0.5030566,0.5030566
0.50117207,0.50117207
0.47963193,0.47963193
0.5132504,0.5132504
0.47679198,0.47679198
0.5099995,0.5099995
0.49315685,0.49315685
0.4371655,0.4371655
0.48479152,0.48479152
0.48493233,0.48493233
0.4555867,0.4555867
0.46962348,0.46962348
0.5177805,0.5177805
0.4450616,0.4450616
0.4557305,0.4557305
0.47446325,0.47446325
0.45853028,0.45853028
0.5088915,0.5088915
0.52502835,0.52502835
0.58212864,0.58212864
0.4957722,0.4957722
0.51053345,0.51053345
0.5255063,0.5255063
0.44530794,0.44530794
0.49929592,0.49929592
0.5114605,0.5114605
0.5156802,0.5156802
0.3930244,0.3930244
0.48177078,0.48177078
0.47844794,0.47844794
0.5265881,0.5265881
0.4652987,0.4652987
0.44022667,0.44022667
0.51901436,0.51901436
0.47341704,0.47341704
0.5070873,0.5070873
0.51471543,0.51471543
0.5190387,0.5190387
0.49418667,0.49418667
0.5070763,0.5070763
0.505953,0.505953
0.5045554,0.5045554
0.47712007,0.47712007
0.41797552,0.41797552
0.5818169,0.5818169
0.5075424,0.5075424
0.54458404,0.54458404
0.5439958,0.5439958
0.47940734,0.47940734
0.5092346,0.5092346
0.56429327,0.56429327
0.54784095,0.54784095
0.5279109,0.5279109
0.51669383,0.51669383
0.48557982,0.48557982
0.49426904,0.49426904
0.52437466,0.52437466
0.5111655,0.5111655
0.50650996,0.50650996
0.46999106,0.46999106
0.48340645,0.48340645
0.5165302,0.5165302
0.51140344,0.51140344
0.4753238,0.4753238
0.49374244,0.49374244
0.49803194,0.49803194
0.5555257,0.5555257
0.5504975,0.5504975
0.42393345,0.42393345
0.45673478,0.45673478
0.5248799,0.5248799
0.50514126,0.50514126
0.5298795,0.5298795
0.5220143,0.5220143
0.53167444,0.53167444
0.5231458,0.5231458
0.49873808,0.49873808
0.503038,0.503038
0.48834816,0.48834816
0.48870775,0.48870775
0.4715416,0.4715416
0.4890644,0.4890644
0.45879477,0.45879477
0.46554825,0.46554825
0.49203464,0.49203464
0.4953167,0.4953167
0.4658705,0.4658705
0.45921096,0.45921096
0.45590883,0.45590883
0.44871563,0.44871563
0.5222497,0.5222497
0.52156556,0.52156556
0.52555585,0.52555585
0.49254254,0.49254254
0.49550042,0.49550042
0.5155602,0.5155602
0.5523549,0.5523549
0.51955855,0.51955855
0.51119816,0.51119816
0.47009468,0.47009468
0.46946952,0.46946952
0.5385114,0.5385114
0.4904447,0.4904447
0.51136607,0.51136607
0.485614,0.485614
0.5639995,0.5639995
0.4698435,0.4698435
0.54213285,0.54213285
0.496982,0.496982
0.47296962,0.47296962
0.49863675,0.49863675
0.50856483,0.50856483
0.51856124,0.51856124
0.57511324,0.57511324
0.51399714,0.51399714
0.49163988,0.49163988
0.4850925,0.4850925
0.51918834,0.51918834
0.5237655,0.5237655
0.50359374,0.50359374
0.44304362,0.44304362
0.45272097,0.45272097
0.53353876,0.53353876
0.50120926,0.50120926
0.520188,0.520188
0.56077707,0.56077707
0.4236682,0.4236682
0.4322944,0.4322944
0.4451594,0.4451594
0.45243862,0.45243862
0.45705852,0.45705852
0.5108132,0.5108132
0.4813817,0.4813817
0.4847197,0.4847197
0.48326305,0.48326305
0.4293717,0.4293717
0.49892855,0.49892855
0.49874303,0.49874303
0.5128562,0.5128562
0.53197604,0.53197604
0.5720787,0.5720787
0.5386362,0.5386362
0.45894906,0.45894906
0.538095,0.538095
0.4997674,0.4997674
0.50229186,0.50229186
0.4964374,0.4964374
0.51011914,0.51011914
0.5305048,0.5305048
0.45506918,0.45506918
0.4805155,0.4805155
0.42840272,0.42840272
0.44763538,0.44763538
0.4220488,0.4220488
0.42769215,0.42769215
0.49254748,0.49254748
0.4977151,0.4977151
0.5047686,0.5047686
0.55107653,0.55107653
0.5282895,0.5282895
0.45054442,0.45054442
0.49912092,0.49912092
0.46396923,0.46396923
0.5014165,0.5014165
0.4457155,0.4457155
0.50599885,0.50599885
0.5092274,0.5092274
0.49980336,0.49980336
0.5016792,0.5016792
0.47356525,0.47356525
0.46977934,0.46977934
0.48821208,0.48821208
0.50288725,0.50288725
0.502539,0.502539
0.44659406,0.44659406
0.479251,0.479251
0.4634059,0.4634059
0.4806772,0.4806772
0.49649447,0.49649447
0.49399814,0.49399814
0.4788229,0.4788229
0.44609362,0.44609362
0.47720817,0.47720817
0.5069732,0.5069732
0.45654923,0.45654923
0.47414002,0.47414002
0.463826,0.463826
0.45887685,0.45887685
0.46495858,0.46495858
0.42924348,0.42924348
0.3825933,0.3825933
0.48078954,0.48078954
0.4497426,0.4497426
0.52250093,0.52250093
0.49292216,0.49292216
0.57559407,0.57559407
0.5137797,0.5137797
0.45198563,0.45198563
0.45717466,0.45717466
0.50124115,0.50124115
0.47250625,0.47250625
0.49506474,0.49506474
0.488056,0.488056
0.5064865,0.5064865
0.46702048,0.46702048
0.49213937,0.49213937
0.5130706,0.5130706
0.48004708,0.48004708
0.5569432,0.5569432
0.5195619,0.5195619
0.5175015,0.5175015
0.49445596,0.49445596
0.45440674,0.45440674
0.46517026,0.46517026
0.46917838,0.46917838
0.48732442,0.48732442
0.48931873,0.48931873
0.5213145,0.5213145
0.46935755,0.46935755
0.45462376,0.45462376
0.5089399,0.5089399
0.5296368,0.5296368
0.4808488,0.4808488
0.49732926,0.49732926
0.46076044,0.46076044
0.4683549,0.4683549
0.4880998,0.4880998
0.52592796,0.52592796
0.5200339,0.5200339
0.5395168,0.5395168
0.510688,0.510688
0.46756747,0.46756747
0.5257578,0.5257578
0.46982658,0.46982658
0.48963723,0.48963723
0.4453871,0.4453871
0.50808734,0.50808734
0.52927244,0.52927244
0.4883702,0.4883702
0.51626056,0.51626056
0.4998249,0.4998249
0.49901167,0.49901167
0.5324474,0.5324474
0.47982797,0.47982797
0.51891136,0.51891136
0.51242965,0.51242965
0.47363782,0.47363782
0.5009593,0.5009593
0.47754344,0.47754344
0.42453468,0.42453468
0.5013441,0.5013441
0.49052158,0.49052158
0.46723446,0.46723446
0.50827414,0.50827414
0.48260713,0.48260713
0.46415848,0.46415848
0.4997536,0.4997536
0.44310582,0.44310582
0.5042797,0.5042797
0.49359408,0.49359408
0.47614545,0.47614545
0.47744948,0.47744948
0.45466328,0.45466328
0.48446417,0.48446417
0.5143597,0.5143597
0.4713141,0.4713141
0.51577985,0.51577985
0.46497512,0.46497512
0.5412696,0.5412696
0.48247743,0.48247743
0.48949605,0.48949605
0.499009,0.499009
0.52978307,0.52978307
0.46288842,0.46288842
0.508483,0.508483
0.50768787,0.50768787
0.46374017,0.46374017
0.48554736,0.48554736
0.5172096,0.5172096
0.4696981,0.4696981
0.50706613,0.50706613
0.5040591,0.5040591
0.5308573,0.5308573
0.5203993,0.5203993
0.53585076,0.53585076
0.5080984,0.5080984
0.47971895,0.47971895
0.51966405,0.51966405
0.49342278,0.49342278
0.4497989,0.4497989
0.5360089,0.5360089
0.46859115,0.46859115
0.52612805,0.52612805
0.46246475,0.46246475
0.47386143,0.47386143
0.54079646,0.54079646
0.48555967,0.48555967
0.4457636,0.4457636
0.50793785,0.50793785
0.46534416,0.46534416
0.45746845,0.45746845
0.4912871,0.4912871
0.500033,0.500033
0.48657897,0.48657897
0.5009726,0.5009726
0.53026927,0.53026927
0.5272729,0.5272729
0.51180845,0.51180845
0.51544255,0.51544255
0.5403349,0.5403349
0.53651816,0.53651816
0.50263107,0.50263107
0.5070288,0.5070288
0.4653201,0.4653201
0.51728135,0.51728135
0.4645879,0.4645879
0.4527767,0.4527767
0.48081085,0.48081085
0.4667206,0.4667206
0.45585293,0.45585293
0.53607005,0.53607005
0.46735388,0.46735388
0.4641069,0.4641069
0.5136984,0.5136984
0.4737075,0.4737075
0.5012368,0.5012368
0.52021134,0.52021134
0.55476624,0.55476624
0.45891017,0.45891017
0.51029754,0.51029754
0.5263123,0.5263123
0.4853367,0.4853367
0.50762844,0.50762844
0.46191642,0.46191642
0.49742684,0.49742684
0.53057706,0.53057706
0.5506732,0.5506732
0.56051534,0.56051534
0.46565077,0.46565077
0.49332967,0.49332967
0.58145404,0.58145404
0.50940144,0.50940144
0.521879,0.521879
0.48623946,0.48623946
0.48139358,0.48139358
0.45424348,0.45424348
0.49912092,0.49912092
0.47532496,0.47532496
0.46283886,0.46283886
0.46819276,0.46819276
0.4785736,0.4785736
0.4270221,0.4270221
0.47888792,0.47888792
0.46500054,0.46500054
0.49905428,0.49905428
0.571853,0.571853
0.5330533,0.5330533
0.53838223,0.53838223
0.4754368,0.4754368
0.49701533,0.49701533
0.5317593,0.5317593
0.4907617,0.4907617
0.52147365,0.52147365
0.5079789,0.5079789
0.49466014,0.49466014
0.512912,0.512912
0.54160315,0.54160315
0.4960062,0.4960062
0.5157429,0.5157429
0.5323858,0.5323858
0.532746,0.532746
0.48739722,0.48739722
0.51612514,0.51612514
0.45398378,0.45398378
0.47672662,0.47672662
0.49550462,0.49550462
0.55040187,0.55040187
0.48094088,0.48094088
0.52916825,0.52916825
0.48993844,0.48993844
0.48837325,0.48837325
0.5160293,0.5160293
0.5088999,0.5088999
0.44431227,0.44431227
0.49790472,0.49790472
0.5060066,0.5060066
0.5256161,0.5256161
0.46885222,0.46885222
0.50747657,0.50747657
0.50712395,0.50712395
0.4867897,0.4867897
0.49662864,0.49662864
0.44781753,0.44781753
0.50546074,0.50546074
0.49694058,0.49694058
0.47711304,0.47711304
0.46614313,0.46614313
0.49925962,0.49925962
0.46391937,0.46391937
0.4834764,0.4834764
0.4784993,0.4784993
0.50212425,0.50212425
0.52111703,0.52111703
0.5181056,0.5181056
0.51854014,0.51854014
0.4323258,0.4323258
0.41919672,0.41919672
0.4758151,0.4758151
0.45678744,0.45678744
0.55399716,0.55399716
0.46839178,0.46839178
0.4642104,0.4642104
0.5207208,0.5207208
0.51103485,0.51103485
0.48102024,0.48102024
0.48682138,0.48682138
0.5080058,0.5080058
0.5423925,0.5423925
0.518731,0.518731
0.47055927,0.47055927
0.45948496,0.45948496
0.39464322,0.39464322
0.46557638,0.46557638
0.52602756,0.52602756
0.47595853,0.47595853
0.45582962,0.45582962
0.46551687,0.46551687
0.45761868,0.45761868
0.5098505,0.5098505
0.41684613,0.41684613
0.50183874,0.50183874
0.5427877,0.5427877
0.42937666,0.42937666
0.50348514,0.50348514
0.47498146,0.47498146
0.48549423,0.48549423
0.5504608,0.5504608
0.48800653,0.48800653
0.48837534,0.48837534
0.493631,0.493631
0.47777283,0.47777283
0.54485863,0.54485863
0.49707165,0.49707165
0.4742628,0.4742628
0.4728917,0.4728917
0.47533345,0.47533345
0.4205334,0.4205334
0.47936526,0.47936526
0.48196444,0.48196444
0.4475271,0.4475271
0.44628394,0.44628394
0.5611559,0.5611559
0.53824997,0.53824997
0.5083288,0.5083288
0.5132174,0.5132174
0.48435992,0.48435992
0.4654452,0.4654452
0.5388884,0.5388884
0.5149769,0.5149769
0.4595856,0.4595856
0.38968977,0.38968977
0.5108172,0.5108172
0.4797765,0.4797765
0.53461456,0.53461456
0.50991756,0.50991756
0.47367403,0.47367403
0.5138709,0.5138709
0.464295,0.464295
0.45065138,0.45065138
0.45400548,0.45400548
0.4875189,0.4875189
0.46295717,0.46295717
0.51864976,0.51864976
0.5012927,0.5012927
0.47956616,0.47956616
0.47232056,0.47232056
0.45727494,0.45727494
0.49061707,0.49061707
0.51174253,0.51174253
0.46824288,0.46824288
0.49496722,0.49496722
0.48081398,0.48081398
0.4896929,0.4896929
0.4893174,0.4893174
0.4921437,0.4921437
0.4599466,0.4599466
0.4551223,0.4551223
0.424828,0.424828
0.47081554,0.47081554
0.5361645,0.5361645
0.52044165,0.52044165
0.53175163,0.53175163
0.5184044,0.5184044
0.48880327,0.48880327
0.48499706,0.48499706
0.49868995,0.49868995
0.54520667,0.54520667
0.54308766,0.54308766
0.49394023,0.49394023
0.5300583,0.5300583
0.5814893,0.5814893
0.4653359,0.4653359
0.5088151,0.5088151
0.5178981,0.5178981
0.51167065,0.51167065
0.5066432,0.5066432
0.49566606,0.49566606
0.49688742,0.49688742
0.5270509,0.5270509
0.54384017,0.54384017
0.51245457,0.51245457
0.50840896,0.50840896
0.4828323,0.4828323
0.50749284,0.50749284
0.4972314,0.4972314
0.54563093,0.54563093
0.50874174,0.50874174
0.50271016,0.50271016
0.46768704,0.46768704
0.5232441,0.5232441
0.5405716,0.5405716
0.5226527,0.5226527
0.523925,0.523925
0.50308174,0.50308174
0.49420965,0.49420965
0.53549105,0.53549105
0.57105523,0.57105523
0.49091864,0.49091864
0.4511429,0.4511429
0.49174282,0.49174282
0.4713198,0.4713198
0.5167395,0.5167395
0.51092416,0.51092416
0.53785545,0.53785545
0.47051764,0.47051764
0.46066743,0.46066743
0.5060776,0.5060776
0.45335948,0.45335948
0.48172492,0.48172492
0.48431927,0.48431927
0.47413468,0.47413468
0.48708123,0.48708123
0.4693358,0.4693358
0.44477552,0.44477552
0.46259496,0.46259496
0.4262621,0.4262621
0.41782802,0.41782802
0.49289402,0.49289402
0.52032524,0.52032524
0.5224809,0.5224809
0.47178933,0.47178933
0.5188682,0.5188682
0.50323343,0.50323343
0.5175549,0.5175549
0.46434167,0.46434167
0.48176724,0.48176724
0.45510396,0.45510396
0.51039666,0.51039666
0.5581016,0.5581016
0.5066644,0.5066644
0.5198878,0.5198878
0.45922676,0.45922676
0.5113216,0.5113216
0.43010333,0.43010333
0.48608312,0.48608312
0.50421137,0.50421137
0.5197555,0.5197555
0.53149277,0.53149277
0.51867944,0.51867944
0.46213996,0.46213996
0.45507103,0.45507103
0.44830787,0.44830787
0.4522139,0.4522139
0.48543626,0.48543626
0.45370263,0.45370263
0.5093073,0.5093073
0.46347478,0.46347478
0.4988239,0.4988239
0.478341,0.478341
0.45007434,0.45007434
0.51495427,0.51495427
0.46838903,0.46838903
0.47709525,0.47709525
0.4795283,0.4795283
0.52975637,0.52975637
0.50173545,0.50173545
0.5039257,0.5039257
0.5043737,0.5043737
0.53783864,0.53783864
0.5299478,0.5299478
0.5009145,0.5009145
0.54519683,0.54519683
0.53398037,0.53398037
0.48911592,0.48911592
0.4838074,0.4838074
0.5157119,0.5157119
0.58192205,0.58192205
0.49387422,0.49387422
0.5179832,0.5179832
0.49764797,0.49764797
0.5079967,0.5079967
0.47946504,0.47946504
0.5034573,0.5034573
0.48803386,0.48803386
0.52456445,0.52456445
0.47858974,0.47858974
0.46668234,0.46668234
0.4994206,0.4994206
0.50079566,0.50079566
0.4938784,0.4938784
0.5040968,0.5040968
0.48665664,0.48665664
0.51648146,0.51648146
0.50055593,0.50055593
0.47142243,0.47142243
0.54227126,0.54227126
0.46043912,0.46043912
0.46732935,0.46732935
0.5401441,0.5401441
0.51231086,0.51231086
0.52479726,0.52479726
0.49539635,0.49539635
0.53752494,0.53752494
0.5164175,0.5164175
0.5225921,0.5225921
0.50125754,0.50125754
0.51791257,0.51791257
0.55314183,0.55314183
0.4871106,0.4871106
0.5025529,0.5025529
0.48077735,0.48077735
0.49589297,0.49589297
0.49273694,0.49273694
0.4862917,0.4862917
0.4599228,0.4599228
0.46867314,0.46867314
0.4851036,0.4851036
0.49604625,0.49604625
0.47045532,0.47045532
0.5052902,0.5052902
0.44946197,0.44946197
0.44822687,0.44822687
0.5068888,0.5068888
0.45564127,0.45564127
0.55953276,0.55953276
0.51974124,0.51974124
0.46298283,0.46298283
0.47315672,0.47315672
0.45480812,0.45480812
0.49890396,0.49890396
0.5013063,0.5013063
0.5172345,0.5172345
0.47724923,0.47724923
0.44887358,0.44887358
0.52621645,0.52621645
0.47745043,0.47745043
0.4720802,0.4720802
0.5202201,0.5202201
0.5422125,0.5422125
0.49340907,0.49340907
0.5026966,0.5026966
0.462943,0.462943
0.46892217,0.46892217
0.51800346,0.51800346
0.47683585,0.47683585
0.5296812,0.5296812
0.48557025,0.48557025
0.4997913,0.4997913
0.5103827,0.5103827
0.4279317,0.4279317
0.5146052,0.5146052
0.49772626,0.49772626
0.57228684,0.57228684
0.5562298,0.5562298
0.47442463,0.47442463
0.5307304,0.5307304
0.45742378,0.45742378
0.47010088,0.47010088
0.4358457,0.4358457
0.5386486,0.5386486
0.4486114,0.4486114
0.43386957,0.43386957
0.5309921,0.5309921
0.50668836,0.50668836
0.5041646,0.5041646
0.42474788,0.42474788
0.4564521,0.4564521
0.46405905,0.46405905
0.49596667,0.49596667
0.4955217,0.4955217
0.44658133,0.44658133
0.5008927,0.5008927
0.46709776,0.46709776
0.4809933,0.4809933
0.45017132,0.45017132
0.49025998,0.49025998
0.4548294,0.4548294
0.51934594,0.51934594
0.46035352,0.46035352
0.54053557,0.54053557
0.4972559,0.4972559
0.49392942,0.49392942
0.5440164,0.5440164
0.5179126,0.5179126
0.47500676,0.47500676
0.46413192,0.46413192
0.48527858,0.48527858
0.4649047,0.4649047
0.4659108,0.4659108
0.5153901,0.5153901
0.4760101,0.4760101
0.50239056,0.50239056
0.52886236,0.52886236
0.45409998,0.45409998
0.4582408,0.4582408
0.42768136,0.42768136
0.42502338,0.42502338
0.4555041,0.4555041
0.45727554,0.45727554
0.4149085,0.4149085
0.41968012,0.41968012
0.48155543,0.48155543
0.5204707,0.5204707
0.46831822,0.46831822
0.52117985,0.52117985
0.48624703,0.48624703
0.47552752,0.47552752
0.49464265,0.49464265
0.47627664,0.47627664
0.46034655,0.46034655
0.4978835,0.4978835
0.43821824,0.43821824
0.5332788,0.5332788
0.50345844,0.50345844
0.45276573,0.45276573
0.448103,0.448103
0.43097878,0.43097878
0.4624357,0.4624357
0.49397612,0.49397612
0.5557549,0.5557549
0.50443304,0.50443304
0.5402265,0.5402265
0.48189613,0.48189613
0.49758628,0.49758628
0.52233255,0.52233255
0.5680561,0.5680561
0.48391712,0.48391712
0.49954918,0.49954918
0.49718577,0.49718577
0.52835953,0.52835953
0.56685936,0.56685936
0.52962303,0.52962303
0.5482879,0.5482879
0.50476265,0.50476265
0.55152345,0.55152345
0.53564316,0.53564316
0.5028581,0.5028581
0.5014168,0.5014168
0.5274778,0.5274778
0.49463034,0.49463034
0.47920015,0.47920015
0.59009653,0.59009653
0.4681347,0.4681347
0.45822608,0.45822608
0.45094168,0.45094168
0.4997445,0.4997445
0.5153553,0.5153553
0.55313253,0.55313253
0.52907807,0.52907807
0.47444242,0.47444242
0.49435404,0.49435404
0.491485,0.491485
0.4769404,0.4769404
0.48949203,0.48949203
0.47567213,0.47567213
0.5190644,0.5190644
0.55255663,0.55255663
0.4779682,0.4779682
0.5353524,0.5353524
0.55778116,0.55778116
0.55563843,0.55563843
0.53306353,0.53306353
0.5551965,0.5551965
0.44553095,0.44553095
0.5250459,0.5250459
0.5474519,0.5474519
0.45792583,0.45792583
0.51298463,0.51298463
0.50873405,0.50873405
0.45253187,0.45253187
0.49456105,0.49456105
0.5504173,0.5504173
0.4910896,0.4910896
0.54370344,0.54370344
0.5501441,0.5501441
0.52590466,0.52590466
0.51510286,0.51510286
0.50974864,0.50974864
0.51465064,0.51465064
0.5065323,0.5065323
0.51180923,0.51180923
0.51258606,0.51258606
0.47071138,0.47071138
0.51888275,0.51888275
0.4912948,0.4912948
0.49608228,0.49608228
0.5143248,0.5143248
0.51311344,0.51311344
0.48959076,0.48959076
0.45515013,0.45515013
0.49794796,0.49794796
0.5086819,0.5086819
0.53090215,0.53090215
0.5454552,0.5454552
0.46973953,0.46973953
0.60210246,0.60210246
0.503901,0.503901
0.54783374,0.54783374
0.44422042,0.44422042
0.51358455,0.51358455
0.53383857,0.53383857
0.46606314,0.46606314
0.5027177,0.5027177
0.5258359,0.5258359
0.50185615,0.50185615
0.5092514,0.5092514
0.5365803,0.5365803
0.4820128,0.4820128
0.55028343,0.55028343
0.5025469,0.5025469
0.4926291,0.4926291
0.5235703,0.5235703
0.51549894,0.51549894
0.46350947,0.46350947
0.44731238,0.44731238
0.49072665,0.49072665
0.49587256,0.49587256
0.5323682,0.5323682
0.49027893,0.49027893
0.5338997,0.5338997
0.5507028,0.5507028
0.50064915,0.50064915
0.513599,0.513599
0.5154771,0.5154771
0.53558314,0.53558314
0.4912096,0.4912096
0.4727244,0.4727244
0.5360929,0.5360929
0.50744045,0.50744045
0.53994936,0.53994936
0.46282458,0.46282458
0.50297606,0.50297606
0.5270282,0.5270282
0.54174477,0.54174477
0.5151466,0.5151466
0.57875437,0.57875437
0.518067,0.518067
0.5151364,0.5151364
0.533247,0.533247
0.51614654,0.51614654
0.54727304,0.54727304
0.5626853,0.5626853
0.5331903,0.5331903
0.54187995,0.54187995
0.5546396,0.5546396
0.5638709,0.5638709
0.5297461,0.5297461
0.4889243,0.4889243
0.55265844,0.55265844
0.50578076,0.50578076
0.46464688,0.46464688
0.49533546,0.49533546
0.48606804,0.48606804
0.56627846,0.56627846
0.5292084,0.5292084
0.4643634,0.4643634
0.5189352,0.5189352
0.5472731,0.5472731
0.56018484,0.56018484
0.52778,0.52778
0.56097996,0.56097996
0.5527348,0.5527348
0.45504668,0.45504668
0.5189707,0.5189707
0.5109518,0.5109518
0.5037397,0.5037397
0.479886,0.479886
0.5022966,0.5022966
0.50037634,0.50037634
0.54085946,0.54085946
0.46944347,0.46944347
0.49971431,0.49971431
0.5197453,0.5197453
0.4960941,0.4960941
0.5186225,0.5186225
0.5099949,0.5099949
0.4788237,0.4788237
0.49691558,0.49691558
0.50883585,0.50883585
0.49783617,0.49783617
0.50127554,0.50127554
0.454465,0.454465
0.48616403,0.48616403
0.49462605,0.49462605
0.50441885,0.50441885
0.47559515,0.47559515
0.54926974,0.54926974
0.46308807,0.46308807
0.43933526,0.43933526
0.4606088,0.4606088
0.5104897,0.5104897
0.4440641,0.4440641
0.51010925,0.51010925
0.535173,0.535173
0.47885028,0.47885028
0.5192918,0.5192918
0.53966016,0.53966016
0.5141308,0.5141308
0.49935812,0.49935812
0.5045996,0.5045996
0.55164474,0.55164474
0.4875807,0.4875807
0.5410058,0.5410058
0.5327335,0.5327335
0.51078916,0.51078916
0.49666953,0.49666953
0.538437,0.538437
0.5044705,0.5044705
0.54879385,0.54879385
0.49946126,0.49946126
0.54576415,0.54576415
0.58511907,0.58511907
0.46877974,0.46877974
0.55831903,0.55831903
0.5675337,0.5675337
0.52323514,0.52323514
0.56554615,0.56554615
0.5239956,0.5239956
0.5868257,0.5868257
0.4963571,0.4963571
0.512421,0.512421
0.5041252,0.5041252
0.54043627,0.54043627
0.5537548,0.5537548
0.5032888,0.5032888
0.5449028,0.5449028
0.52399933,0.52399933
0.49060997,0.49060997
0.5098504,0.5098504
0.48766443,0.48766443
0.53812695,0.53812695
0.48508915,0.48508915
0.48565137,0.48565137
0.5270702,0.5270702
0.5447044,0.5447044
0.5158726,0.5158726
0.5217399,0.5217399
0.52222085,0.52222085
0.49129876,0.49129876
0.54498714,0.54498714
0.5266437,0.5266437
0.5551061,0.5551061
0.540856,0.540856
0.52332145,0.52332145
0.50320625,0.50320625
0.5430228,0.5430228
0.4736476,0.4736476
0.50364316,0.50364316
0.48684517,0.48684517
0.55026555,0.55026555
0.52077276,0.52077276
0.49110314,0.49110314
0.46431795,0.46431795
0.4700397,0.4700397
0.46435714,0.46435714
0.49368566,0.49368566
0.51795846,0.51795846
0.55209357,0.55209357
0.50444484,0.50444484
0.5079569,0.5079569
0.54676896,0.54676896
0.5014376,0.5014376
0.48734385,0.48734385
0.49923012,0.49923012
0.52000225,0.52000225
0.51845306,0.51845306
0.5497796,0.5497796
0.53665096,0.53665096
0.50370044,0.50370044
0.5285562,0.5285562
0.538656,0.538656
0.4713234,0.4713234
0.523852,0.523852
0.54873294,0.54873294
0.49321833,0.49321833
0.45811814,0.45811814
0.51506644,0.51506644
0.48507878,0.48507878
0.55073124,0.55073124
0.52957535,0.52957535
0.5114421,0.5114421
0.50074,0.50074
0.5305685,0.5305685
0.5108014,0.5108014
0.50917387,0.50917387
0.53702056,0.53702056
0.5403895,0.5403895
0.5479751,0.5479751
0.53031695,0.53031695
0.51236564,0.51236564
0.48450735,0.48450735
0.5277558,0.5277558
0.5274808,0.5274808
0.51974046,0.51974046
0.47915462,0.47915462
0.4877831,0.4877831
0.46754244,0.46754244
0.49998397,0.49998397
0.4793262,0.4793262
0.49514753,0.49514753
0.46909866,0.46909866
0.4427066,0.4427066
0.49570942,0.49570942
0.5154391,0.5154391
0.47862333,0.47862333
0.45662707,0.45662707
0.4755013,0.4755013
0.50466365,0.50466365
0.46917704,0.46917704
0.5023658,0.5023658
0.44051105,0.44051105
0.46689114,0.46689114
0.4922022,0.4922022
0.4858755,0.4858755
0.4415068,0.4415068
0.55552614,0.55552614
0.5350871,0.5350871
0.5403695,0.5403695
0.5174257,0.5174257
0.5147567,0.5147567
0.5461976,0.5461976
0.5617052,0.5617052
0.5039377,0.5039377
0.592506,0.592506
0.55651355,0.55651355
0.53900194,0.53900194
0.5357741,0.5357741
0.43593058,0.43593058
0.45278454,0.45278454
0.45175558,0.45175558
0.50525916,0.50525916
0.46960413,0.46960413
0.46690097,0.46690097
0.44680804,0.44680804
0.48322955,0.48322955
0.50516117,0.50516117
0.4932907,0.4932907
0.48651734,0.48651734
0.4706161,0.4706161
0.41622525,0.41622525
0.44184476,0.44184476
0.42146894,0.42146894
0.44672978,0.44672978
0.46013993,0.46013993
0.43830162,0.43830162
0.39218485,0.39218485
0.49071553,0.49071553
0.48077452,0.48077452
0.45025462,0.45025462
0.5161565,0.5161565
0.4405907,0.4405907
0.5061395,0.5061395
0.46018746,0.46018746
0.5029466,0.5029466
0.44962633,0.44962633
0.4085742,0.4085742
0.45018545,0.45018545
0.5714153,0.5714153
0.45277548,0.45277548
0.45233294,0.45233294
0.4191903,0.4191903
0.46870792,0.46870792
0.47304508,0.47304508
0.48576373,0.48576373
0.48665938,0.48665938
0.5013811,0.5013811
0.47658,0.47658
0.4398581,0.4398581
0.43850657,0.43850657
0.41008618,0.41008618
0.45602122,0.45602122
0.55116045,0.55116045
0.46083257,0.46083257
0.5514388,0.5514388
0.44455084,0.44455084
0.51963985,0.51963985
0.54714024,0.54714024
0.54942405,0.54942405
0.5484559,0.5484559
0.6514451,0.6514451
0.4768837,0.4768837
0.43547162,0.43547162
0.37817493,0.37817493
0.51933074,0.51933074
0.55219775,0.55219775
0.461336,0.461336
0.40042925,0.40042925
0.3925362,0.3925362
0.47740108,0.47740108
0.51048666,0.51048666
0.52878666,0.52878666
0.5082931,0.5082931
0.5153713,0.5153713
0.43830702,0.43830702
0.52047235,0.52047235
0.44597504,0.44597504
0.45158708,0.45158708
0.4634395,0.4634395
0.43113083,0.43113083
0.45902094,0.45902094
0.4612224,0.4612224
0.4376215,0.4376215
0.44532654,0.44532654
0.46780667,0.46780667
0.4605476,0.4605476
0.47445711,0.47445711
0.40031084,0.40031084
0.411293,0.411293
0.47708657,0.47708657
0.45637053,0.45637053
0.48937047,0.48937047
0.43220863,0.43220863
0.43888322,0.43888322
0.46806312,0.46806312
0.40167066,0.40167066
0.44098005,0.44098005
0.41326156,0.41326156
0.45182678,0.45182678
0.43957397,0.43957397
0.4841977,0.4841977
0.47800633,0.47800633
0.4585598,0.4585598
0.45921853,0.45921853
0.39907774,0.39907774
0.46013483,0.46013483
0.5667774,0.5667774
0.48126155,0.48126155
0.5091269,0.5091269
0.5470827,0.5470827
0.44389635,0.44389635
0.5076398,0.5076398
0.57773995,0.57773995
0.4657536,0.4657536
0.5190438,0.5190438
0.52120066,0.52120066
0.50367373,0.50367373
0.49708563,0.49708563
0.4996567,0.4996567
0.5821786,0.5821786
0.49207947,0.49207947
0.46328622,0.46328622
0.43014196,0.43014196
0.43364924,0.43364924
0.4156013,0.4156013
0.44415423,0.44415423
0.50684327,0.50684327
0.50900245,0.50900245
0.5201788,0.5201788
0.5587911,0.5587911
0.50248057,0.50248057
0.41059536,0.41059536
0.45384085,0.45384085
0.46686593,0.46686593
0.46872655,0.46872655
0.40840086,0.40840086
0.4352357,0.4352357
0.4681241,0.4681241
0.5025075,0.5025075
0.49600112,0.49600112
0.477254,0.477254
0.475006,0.475006
0.47922963,0.47922963
0.51816624,0.51816624
0.45878813,0.45878813
0.4968002,0.4968002
0.4723801,0.4723801
0.4572539,0.4572539
0.45952505,0.45952505
0.49105385,0.49105385
0.51293814,0.51293814
0.5281601,0.5281601
0.5124024,0.5124024
0.5009251,0.5009251
0.4977347,0.4977347
0.49844092,0.49844092
0.49506465,0.49506465
0.4656443,0.4656443
0.47937953,0.47937953
0.4584193,0.4584193
0.5104511,0.5104511
0.46255112,0.46255112
0.53524995,0.53524995
0.5060436,0.5060436
0.46272653,0.46272653
0.47624984,0.47624984
0.506737,0.506737
0.5257981,0.5257981
0.44873288,0.44873288
0.5048323,0.5048323
0.5211795,0.5211795
0.5160347,0.5160347
0.52098805,0.52098805
0.55396307,0.55396307
0.48373643,0.48373643
0.52243084,0.52243084
0.4624774,0.4624774
0.51114947,0.51114947
0.5737257,0.5737257
0.5153942,0.5153942
0.53800786,0.53800786
0.5105353,0.5105353
0.44635704,0.44635704
0.50751436,0.50751436
0.51008856,0.51008856
0.5180635,0.5180635
0.49590242,0.49590242
0.44698507,0.44698507
0.43380743,0.43380743
0.5155978,0.5155978
0.4392743,0.4392743
0.4487481,0.4487481
0.47801808,0.47801808
0.41422015,0.41422015
0.4510762,0.4510762
0.4608367,0.4608367
0.5556062,0.5556062
0.5320999,0.5320999
0.5204726,0.5204726
0.51850194,0.51850194
0.513289,0.513289
0.51530457,0.51530457
0.4436545,0.4436545
0.4864934,0.4864934
0.49788222,0.49788222
0.4897363,0.4897363
0.5286711,0.5286711
0.4606856,0.4606856
0.53025043,0.53025043
0.47067752,0.47067752
0.4702282,0.4702282
0.45064068,0.45064068
0.45733634,0.45733634
0.50807524,0.50807524
0.5306016,0.5306016
0.53274053,0.53274053
0.5258039,0.5258039
0.5192658,0.5192658
0.46104088,0.46104088
0.465711,0.465711
0.5215244,0.5215244
0.53226554,0.53226554
0.48140514,0.48140514
0.46933168,0.46933168
0.42995504,0.42995504
0.4793846,0.4793846
0.4944869,0.4944869
0.44615027,0.44615027
0.40941516,0.40941516
0.43470922,0.43470922
0.41820455,0.41820455
0.4191644,0.4191644
0.3840829,0.3840829
0.46617147,0.46617147
0.48823816,0.48823816
0.49729994,0.49729994
0.5247046,0.5247046
0.51472175,0.51472175
0.44975844,0.44975844
0.44833776,0.44833776
0.4467258,0.4467258
0.4632672,0.4632672
0.477223,0.477223
0.4580235,0.4580235
0.58882225,0.58882225
0.45713252,0.45713252
0.40889576,0.40889576
0.5452487,0.5452487
0.51357055,0.51357055
0.4724145,0.4724145
0.44761348,0.44761348
0.49615005,0.49615005
0.46845075,0.46845075
0.41998544,0.41998544
0.35376936,0.35376936
0.4811721,0.4811721
0.5532181,0.5532181
0.4574188,0.4574188
0.4696121,0.4696121
0.47538698,0.47538698
0.48791632,0.48791632
0.43279573,0.43279573
0.4961149,0.4961149
0.44535866,0.44535866
0.44056937,0.44056937
0.49803987,0.49803987
0.48589045,0.48589045
0.41560304,0.41560304
0.46417427,0.46417427
0.48635003,0.48635003
0.40506777,0.40506777
0.49777606,0.49777606
0.5346573,0.5346573
0.53747207,0.53747207
0.51138043,0.51138043
0.52805513,0.52805513
0.4862506,0.4862506
0.4357842,0.4357842
0.44005153,0.44005153
0.50327384,0.50327384
0.46836442,0.46836442
0.47589716,0.47589716
0.4681537,0.4681537
0.4454249,0.4454249
0.4369799,0.4369799
0.50316226,0.50316226
0.45900708,0.45900708
0.48430854,0.48430854
0.3935629,0.3935629
0.40507254,0.40507254
0.49639806,0.49639806
0.5117184,0.5117184
0.5220923,0.5220923
0.5454709,0.5454709
0.51821834,0.51821834
0.5261205,0.5261205
0.554185,0.554185
0.44178063,0.44178063
0.45648435,0.45648435
0.47167912,0.47167912
0.4126343,0.4126343
0.46274424,0.46274424
0.47213697,0.47213697
0.46526787,0.46526787
0.42442942,0.42442942
0.54255766,0.54255766
0.5584229,0.5584229
0.54735434,0.54735434
0.50687844,0.50687844
0.42884183,0.42884183
0.52489984,0.52489984
0.52334696,0.52334696
0.4702857,0.4702857
0.4338336,0.4338336
0.48090306,0.48090306
0.49353987,0.49353987
0.4514653,0.4514653
0.52708125,0.52708125
0.50472265,0.50472265
0.49445382,0.49445382
0.46467423,0.46467423
0.46645308,0.46645308
0.48731032,0.48731032
0.4104999,0.4104999
0.48237166,0.48237166
0.43945512,0.43945512
0.46647254,0.46647254
0.4673742,0.4673742
0.4844739,0.4844739
0.45977995,0.45977995
0.41530508,0.41530508
0.4194926,0.4194926
0.48471114,0.48471114
0.4834116,0.4834116
0.48939553,0.48939553
0.47275195,0.47275195
0.4452185,0.4452185
0.44959974,0.44959974
0.5060222,0.5060222
0.54146385,0.54146385
0.46253303,0.46253303
0.4583084,0.4583084
0.4854605,0.4854605
0.5229949,0.5229949
0.47315845,0.47315845
0.47259825,0.47259825
0.47645012,0.47645012
0.44460252,0.44460252
0.49513224,0.49513224
0.48645118,0.48645118
0.47910526,0.47910526
0.54489976,0.54489976
0.39842796,0.39842796
0.47138834,0.47138834
0.5005914,0.5005914
0.44928306,0.44928306
0.5572289,0.5572289
0.5469904,0.5469904
0.44945538,0.44945538
0.4864055,0.4864055
0.5355535,0.5355535
0.52157736,0.52157736
0.43440968,0.43440968
0.39946368,0.39946368
0.42441,0.42441
0.48926798,0.48926798
0.5004665,0.5004665
0.4621696,0.4621696
0.47414652,0.47414652
0.39407304,0.39407304
0.38259932,0.38259932
0.5004907,0.5004907
0.44144893,0.44144893
0.43148488,0.43148488
0.43648323,0.43648323
0.48964956,0.48964956
0.48756176,0.48756176
0.51660424,0.51660424
0.4223804,0.4223804
0.45338815,0.45338815
0.4333039,0.4333039
0.41374895,0.41374895
0.48052058,0.48052058
0.5106565,0.5106565
0.45649427,0.45649427
0.49548194,0.49548194
0.48856816,0.48856816
0.5140661,0.5140661
0.48118854,0.48118854
0.5220609,0.5220609
0.48419347,0.48419347
0.55155736,0.55155736
0.49194977,0.49194977
0.5558188,0.5558188
0.4987438,0.4987438
0.51986825,0.51986825
0.40969464,0.40969464
0.462624,0.462624
0.46964428,0.46964428
0.43163317,0.43163317
0.464649,0.464649
0.5221055,0.5221055
0.48242652,0.48242652
0.5199722,0.5199722
0.5178942,0.5178942
0.4280519,0.4280519
0.48001856,0.48001856
0.46627107,0.46627107
0.475423,0.475423
0.4780206,0.4780206
0.5085382,0.5085382
0.5365896,0.5365896
0.52806675,0.52806675
0.540866,0.540866
0.5453814,0.5453814
0.5455389,0.5455389
0.50912195,0.50912195
0.5095639,0.5095639
0.48465037,0.48465037
0.5206386,0.5206386
0.51314044,0.51314044
0.45667568,0.45667568
0.47890377,0.47890377
0.48571825,0.48571825
0.52811533,0.52811533
0.5199715,0.5199715
0.4149845,0.4149845
0.5003064,0.5003064
0.43625575,0.43625575
0.49239177,0.49239177
0.4971198,0.4971198
0.4563279,0.4563279
0.442083,0.442083
0.43065083,0.43065083
0.4161978,0.4161978
0.4307735,0.4307735
0.5277817,0.5277817
0.51926583,0.51926583
0.5218507,0.5218507
0.49548474,0.49548474
0.470349,0.470349
0.5712264,0.5712264
0.5567547,0.5567547
0.5413528,0.5413528
0.49333835,0.49333835
0.48655465,0.48655465
0.49687067,0.49687067
0.49680322,0.49680322
0.5358471,0.5358471
0.5011321,0.5011321
0.4833959,0.4833959
0.44139844,0.44139844
0.45414287,0.45414287
0.46108425,0.46108425
0.45361462,0.45361462
0.4349287,0.4349287
0.42998806,0.42998806
0.4162794,0.4162794
0.4814376,0.4814376
0.5421194,0.5421194
0.5164817,0.5164817
0.53977466,0.53977466
0.52475655,0.52475655
0.54190415,0.54190415
0.4798841,0.4798841
0.48781127,0.48781127
0.51040196,0.51040196
0.5389793,0.5389793
0.53346276,0.53346276
0.5113289,0.5113289
0.5255315,0.5255315
0.49948892,0.49948892
0.48743019,0.48743019
0.53086954,0.53086954
0.51194763,0.51194763
0.4620659,0.4620659
0.46241143,0.46241143
0.46410877,0.46410877
0.5078394,0.5078394
0.3914766,0.3914766
0.4925656,0.4925656
0.46844032,0.46844032
0.43777698,0.43777698
0.5221032,0.5221032
0.49777645,0.49777645
0.48978677,0.48978677
0.49897125,0.49897125
0.49608478,0.49608478
0.5017643,0.5017643
0.5153657,0.5153657
0.5358937,0.5358937
0.52291065,0.52291065
0.55770636,0.55770636
0.5111415,0.5111415
0.49041498,0.49041498
0.43062237,0.43062237
0.4656333,0.4656333
0.41214672,0.41214672
0.45134667,0.45134667
0.44808027,0.44808027
0.46022293,0.46022293
0.44008708,0.44008708
0.46394542,0.46394542
0.5146503,0.5146503
0.48759335,0.48759335
0.47655967,0.47655967
0.46961224,0.46961224
0.49766496,0.49766496
0.48118743,0.48118743
0.49398118,0.49398118
0.43700933,0.43700933
0.42568648,0.42568648
0.54177165,0.54177165
0.46267813,0.46267813
0.56772447,0.56772447
0.4519779,0.4519779
0.46762207,0.46762207
0.48080954,0.48080954
0.46324623,0.46324623
0.49689975,0.49689975
0.44687736,0.44687736
0.49677116,0.49677116
0.49251777,0.49251777
0.5207039,0.5207039
0.50933903,0.50933903
0.48685703,0.48685703
0.46522593,0.46522593
0.49591455,0.49591455
0.51854855,0.51854855
0.51601225,0.51601225
0.4639294,0.4639294
0.51357967,0.51357967
0.43686762,0.43686762
0.4840622,0.4840622
0.47013488,0.47013488
0.4495777,0.4495777
0.460904,0.460904
0.5343389,0.5343389
0.5526086,0.5526086
0.41129717,0.41129717
0.47407016,0.47407016
0.46082285,0.46082285
0.4619832,0.4619832
0.47001806,0.47001806
0.442713,0.442713
0.47585246,0.47585246
0.5392641,0.5392641
0.5168404,0.5168404
0.5064287,0.5064287
0.52620846,0.52620846
0.5286489,0.5286489
0.40674937,0.40674937
0.47323802,0.47323802
0.44381222,0.44381222
0.48795682,0.48795682
0.5113783,0.5113783
0.5528404,0.5528404
0.5342938,0.5342938
0.49820352,0.49820352
0.4883466,0.4883466
0.53487575,0.53487575
0.49146795,0.49146795
0.47514245,0.47514245
0.49552876,0.49552876
0.48273492,0.48273492
0.5313242,0.5313242
0.47896552,0.47896552
0.5145048,0.5145048
0.5544139,0.5544139
0.48632059,0.48632059
0.49180317,0.49180317
0.49863783,0.49863783
0.5083234,0.5083234
0.4994604,0.4994604
0.47847778,0.47847778
0.44379044,0.44379044
0.4177951,0.4177951
0.4233785,0.4233785
0.50453806,0.50453806
0.48368052,0.48368052
0.50231254,0.50231254
0.52808964,0.52808964
0.45621,0.45621
0.4576989,0.4576989
0.5293435,0.5293435
0.512454,0.512454
0.47796312,0.47796312
0.48472652,0.48472652
0.5196487,0.5196487
0.38259077,0.38259077
0.43292597,0.43292597
0.43491212,0.43491212
0.4367769,0.4367769
0.47360432,0.47360432
0.412762,0.412762
0.4743807,0.4743807
0.5283877,0.5283877
0.44800755,0.44800755
0.5207905,0.5207905
0.45313355,0.45313355
0.46602762,0.46602762
0.5125225,0.5125225
0.44781354,0.44781354
0.42771772,0.42771772
0.4333961,0.4333961
0.51595783,0.51595783
0.43651834,0.43651834
0.46191302,0.46191302
0.46714213,0.46714213
0.4392513,0.4392513
0.40458906,0.40458906
0.42006394,0.42006394
0.42398268,0.42398268
0.45770523,0.45770523
0.4878014,0.4878014
0.47393534,0.47393534
0.5386194,0.5386194
0.4609235,0.4609235
0.45594043,0.45594043
0.49964106,0.49964106
0.46817884,0.46817884
0.4800116,0.4800116
0.49867103,0.49867103
0.41199777,0.41199777
0.41357216,0.41357216
0.46373263,0.46373263
0.52634114,0.52634114
0.50487226,0.50487226
0.5034275,0.5034275
0.5348809,0.5348809
0.5456134,0.5456134
0.543925,0.543925
0.55068207,0.55068207
0.40177745,0.40177745
0.48120648,0.48120648
0.3954143,0.3954143
0.47781405,0.47781405
0.53661734,0.53661734
0.48703912,0.48703912
0.5469116,0.5469116
0.507015,0.507015
0.5061153,0.5061153
0.50710297,0.50710297
0.47666818,0.47666818
0.5092227,0.5092227
0.50098914,0.50098914
0.4878757,0.4878757
0.51419973,0.51419973
0.42649662,0.42649662
0.44990918,0.44990918
0.47823495,0.47823495
0.4661222,0.4661222
0.48746583,0.48746583
0.4635939,0.4635939
0.4591648,0.4591648
0.47829536,0.47829536
0.5091497,0.5091497
0.5041433,0.5041433
0.502277,0.502277
0.4688522,0.4688522
0.47112226,0.47112226
0.4738302,0.4738302
0.49463138,0.49463138
0.45016342,0.45016342
0.5095275,0.5095275
0.50366956,0.50366956
0.43714496,0.43714496
0.3955919,0.3955919
0.521615,0.521615
0.4806587,0.4806587
0.4336376,0.4336376
0.56300783,0.56300783
0.5433772,0.5433772
0.46833768,0.46833768
0.46598774,0.46598774
0.48305917,0.48305917
0.46266952,0.46266952
0.4418251,0.4418251
0.44289652,0.44289652
0.47695535,0.47695535
0.53718114,0.53718114
0.48543346,0.48543346
0.37867746,0.37867746
0.42798063,0.42798063
0.45380533,0.45380533
0.43425724,0.43425724
0.46884292,0.46884292
0.4458957,0.4458957
0.4257113,0.4257113
0.38087046,0.38087046
0.49767995,0.49767995
0.49256554,0.49256554
0.50652355,0.50652355
0.528324,0.528324
0.51031065,0.51031065
0.5046729,0.5046729
0.54317534,0.54317534
0.5301949,0.5301949
0.50174487,0.50174487
0.5033454,0.5033454
0.5406147,0.5406147
0.5124163,0.5124163
0.50320256,0.50320256
0.45863286,0.45863286
0.53702766,0.53702766
0.51335156,0.51335156
0.50959086,0.50959086
0.5228645,0.5228645
0.50721484,0.50721484
0.5000674,0.5000674
0.5428412,0.5428412
0.517966,0.517966
0.50237525,0.50237525
0.47315207,0.47315207
0.5035619,0.5035619
0.49522406,0.49522406
0.4728217,0.4728217
0.56321746,0.56321746
0.5050825,0.5050825
0.53900886,0.53900886
0.5208635,0.5208635
0.5390714,0.5390714
0.47039494,0.47039494
0.419604,0.419604
0.4401736,0.4401736
0.47733834,0.47733834
0.49920937,0.49920937
0.49747163,0.49747163
0.52417487,0.52417487
0.49975425,0.49975425
0.5475664,0.5475664
0.52940655,0.52940655
0.5211052,0.5211052
0.5293067,0.5293067
0.53300506,0.53300506
0.5182038,0.5182038
0.51324326,0.51324326
0.5271709,0.5271709
0.44408655,0.44408655
0.44740692,0.44740692
0.54859954,0.54859954
0.4401503,0.4401503
0.48394632,0.48394632
0.4449763,0.4449763
0.4891746,0.4891746
0.48157343,0.48157343
0.51429456,0.51429456
0.50685215,0.50685215
0.52210826,0.52210826
0.49034634,0.49034634
0.49476507,0.49476507
0.49032333,0.49032333
0.5598251,0.5598251
0.5457994,0.5457994
0.5040147,0.5040147
0.45280352,0.45280352
0.47714338,0.47714338
0.44953546,0.44953546
0.4362786,0.4362786
0.4864053,0.4864053
0.4627166,0.4627166
0.4792222,0.4792222
0.47959754,0.47959754
0.5230577,0.5230577
0.51519704,0.51519704
0.51894724,0.51894724
0.4782972,0.4782972
0.45706227,0.45706227
0.38441983,0.38441983
0.4540081,0.4540081
0.49417815,0.49417815
0.43295008,0.43295008
0.47595605,0.47595605
0.50733566,0.50733566
0.50914305,0.50914305
0.5137789,0.5137789
0.5102948,0.5102948
0.5316603,0.5316603
0.4987621,0.4987621
0.49764073,0.49764073
0.47437322,0.47437322
0.49428543,0.49428543
0.54439026,0.54439026
0.49738327,0.49738327
0.5017424,0.5017424
0.5620038,0.5620038
0.49135116,0.49135116
0.50070506,0.50070506
0.5088636,0.5088636
0.4980515,0.4980515
0.51343894,0.51343894
0.47057956,0.47057956
0.49899712,0.49899712
0.5537149,0.5537149
0.5165267,0.5165267
0.56056273,0.56056273
0.48698857,0.48698857
0.53061837,0.53061837
0.54563195,0.54563195
0.49934167,0.49934167
0.54448265,0.54448265
0.5108193,0.5108193
0.46727133,0.46727133
0.5253245,0.5253245
0.4983078,0.4983078
0.48297635,0.48297635
0.5013967,0.5013967
0.4565268,0.4565268
0.49205297,0.49205297
0.50294805,0.50294805
0.5029601,0.5029601
0.49381268,0.49381268
0.50903153,0.50903153
0.5124881,0.5124881
0.5202375,0.5202375
0.49345464,0.49345464
0.48025522,0.48025522
0.5078742,0.5078742
0.51532274,0.51532274
0.47732186,0.47732186
0.52219397,0.52219397
0.52071166,0.52071166
0.5135997,0.5135997
0.5641938,0.5641938
0.49778453,0.49778453
0.51129687,0.51129687
0.50107276,0.50107276
0.49653393,0.49653393
0.47790042,0.47790042
0.48928756,0.48928756
0.45875284,0.45875284
0.4463825,0.4463825
0.44869056,0.44869056
0.44229183,0.44229183
0.45653215,0.45653215
0.45153764,0.45153764
0.46659598,0.46659598
0.4548378,0.4548378
0.4661022,0.4661022
0.5117243,0.5117243
0.4476047,0.4476047
0.47300604,0.47300604
0.4760556,0.4760556
0.44021744,0.44021744
0.4393423,0.4393423
0.5020814,0.5020814
0.57593673,0.57593673
0.5658903,0.5658903
0.543778,0.543778
0.47903314,0.47903314
0.5047186,0.5047186
0.4681024,0.4681024
0.44367617,0.44367617
0.49561122,0.49561122
0.4614675,0.4614675
0.43117842,0.43117842
0.5113778,0.5113778
0.49889582,0.49889582
0.52829474,0.52829474
0.41444746,0.41444746
0.4813229,0.4813229
0.5122655,0.5122655
0.5180522,0.5180522
0.5770791,0.5770791
0.43101978,0.43101978
0.5393001,0.5393001
0.50720704,0.50720704
0.4958922,0.4958922
0.52862686,0.52862686
0.42682603,0.42682603
0.47491667,0.47491667
0.47770163,0.47770163
0.49220955,0.49220955
0.43819818,0.43819818
0.55251294,0.55251294
0.44541785,0.44541785
0.4779736,0.4779736
0.49326405,0.49326405
0.4840249,0.4840249
0.46660116,0.46660116
0.49163347,0.49163347
0.46946874,0.46946874
0.45396653,0.45396653
0.46864766,0.46864766
0.46121156,0.46121156
0.5549903,0.5549903
0.4849918,0.4849918
0.50739795,0.50739795
0.52473575,0.52473575
0.5209176,0.5209176
0.54514027,0.54514027
0.51669925,0.51669925
0.54821366,0.54821366
0.51828146,0.51828146
0.4673094,0.4673094
0.47792247,0.47792247
0.4921317,0.4921317
0.46434528,0.46434528
0.5092299,0.5092299
0.4984612,0.4984612
0.5048147,0.5048147
0.50171274,0.50171274
0.54615235,0.54615235
0.47492653,0.47492653
0.5199668,0.5199668
0.4603214,0.4603214
0.5191183,0.5191183
0.4952843,0.4952843
0.5139264,0.5139264
0.55436915,0.55436915
0.5129734,0.5129734
0.56589603,0.56589603
0.5343198,0.5343198
0.5035773,0.5035773
0.45867103,0.45867103
0.4548432,0.4548432
0.45897093,0.45897093
0.46013963,0.46013963
0.517548,0.517548
0.47842544,0.47842544
0.49469665,0.49469665
0.48205963,0.48205963
0.4775741,0.4775741
0.5272089,0.5272089
0.46912867,0.46912867
0.5054565,0.5054565
0.48164544,0.48164544
0.41186538,0.41186538
0.49406654,0.49406654
0.45817572,0.45817572
0.46688703,0.46688703
0.52651244,0.52651244
0.53569436,0.53569436
0.5184968,0.5184968
0.5241021,0.5241021
0.44464976,0.44464976
0.4530619,0.4530619
0.40341797,0.40341797
0.4566506,0.4566506
0.4753029,0.4753029
0.5521708,0.5521708
0.55979794,0.55979794
0.5416518,0.5416518
0.56294775,0.56294775
0.46687055,0.46687055
0.488499,0.488499
0.4313632,0.4313632
0.5395373,0.5395373
0.49957776,0.49957776
0.46434018,0.46434018
0.50777996,0.50777996
0.44572124,0.44572124
0.4742275,0.4742275
0.44177815,0.44177815
0.4356981,0.4356981
0.5450489,0.5450489
0.4139396,0.4139396
0.5154772,0.5154772
0.5275599,0.5275599
0.5414762,0.5414762
0.54065305,0.54065305
0.4731633,0.4731633
0.4869357,0.4869357
0.47117904,0.47117904
0.494771,0.494771
0.43642107,0.43642107
0.51509327,0.51509327
0.44469854,0.44469854
0.48502788,0.48502788
0.44211742,0.44211742
0.48186263,0.48186263
0.4957283,0.4957283
0.54978687,0.54978687
0.5533538,0.5533538
0.526889,0.526889
0.5480729,0.5480729
0.541649,0.541649
0.54693466,0.54693466
0.5077986,0.5077986
0.4964638,0.4964638
0.47316933,0.47316933
0.49139977,0.49139977
0.5063932,0.5063932
0.51328385,0.51328385
0.50519735,0.50519735
0.4082071,0.4082071
0.51192516,0.51192516
0.516881,0.516881
0.51433164,0.51433164
0.48739353,0.48739353
0.45784456,0.45784456
0.48446023,0.48446023
0.54663116,0.54663116
0.49165237,0.49165237
0.4832524,0.4832524
0.4875568,0.4875568
0.451557,0.451557
0.47568616,0.47568616
0.50290865,0.50290865
0.48073265,0.48073265
0.46832368,0.46832368
0.50941676,0.50941676
0.48684728,0.48684728
0.5156558,0.5156558
0.4721969,0.4721969
0.5066239,0.5066239
0.4792208,0.4792208
0.46589592,0.46589592
0.4799673,0.4799673
0.530026,0.530026
0.5326989,0.5326989
0.5218496,0.5218496
0.5344534,0.5344534
0.4693785,0.4693785
0.47072002,0.47072002
0.45638356,0.45638356
0.51804584,0.51804584
0.52855504,0.52855504
0.39169598,0.39169598
0.4950317,0.4950317
0.48791683,0.48791683
0.45538193,0.45538193
0.49373028,0.49373028
0.49947548,0.49947548
0.473373,0.473373
0.56450224,0.56450224
0.48366657,0.48366657
0.48921984,0.48921984
0.43735564,0.43735564
0.49152082,0.49152082
0.47364604,0.47364604
0.500716,0.500716
0.495258,0.495258
0.49088332,0.49088332
0.48226914,0.48226914
0.47094417,0.47094417
0.50358814,0.50358814
0.49041405,0.49041405
0.45492604,0.45492604
0.5443011,0.5443011
0.5105254,0.5105254
0.503144,0.503144
0.47590715,0.47590715
0.5033328,0.5033328
0.48464683,0.48464683
0.51647246,0.51647246
0.4642621,0.4642621
0.49566388,0.49566388
0.49707526,0.49707526
0.5314386,0.5314386
0.46715778,0.46715778
0.50774366,0.50774366
0.4821541,0.4821541
0.48483294,0.48483294
0.49289432,0.49289432
0.5042003,0.5042003
0.5422811,0.5422811
0.4807137,0.4807137
0.45722595,0.45722595
0.5018786,0.5018786
0.471088,0.471088
0.4770349,0.4770349
0.4999866,0.4999866
0.4523452,0.4523452
0.4695387,0.4695387
0.49783644,0.49783644
0.47771174,0.47771174
0.4675401,0.4675401
0.44874904,0.44874904
0.50247306,0.50247306
0.5767616,0.5767616
0.5125295,0.5125295
0.57787275,0.57787275
0.5129276,0.5129276
0.5192105,0.5192105
0.5037111,0.5037111
0.53477204,0.53477204
0.5197922,0.5197922
0.53690654,0.53690654
0.45996806,0.45996806
0.5323687,0.5323687
0.4878393,0.4878393
0.54187876,0.54187876
0.54834396,0.54834396
0.47709888,0.47709888
0.48723358,0.48723358
0.49310303,0.49310303
0.51959485,0.51959485
0.5144242,0.5144242
0.51411885,0.51411885
0.47200704,0.47200704
0.49641603,0.49641603
0.48641312,0.48641312
0.48640433,0.48640433
0.5649782,0.5649782
0.5089198,0.5089198
0.4985163,0.4985163
0.47419894,0.47419894
0.49956584,0.49956584
0.5037592,0.5037592
0.5141871,0.5141871
0.50015885,0.50015885
0.52624834,0.52624834
0.520024,0.520024
0.5286787,0.5286787
0.51295793,0.51295793
0.54436773,0.54436773
0.5409155,0.5409155
0.48731786,0.48731786
0.48508787,0.48508787
0.50428486,0.50428486
0.5052416,0.5052416
0.48744962,0.48744962
0.5092309,0.5092309
0.5160458,0.5160458
0.52724594,0.52724594
0.5221867,0.5221867
0.5074061,0.5074061
0.5431288,0.5431288
0.4852902,0.4852902
0.4730325,0.4730325
0.52974993,0.52974993
0.49394155,0.49394155
0.5364427,0.5364427
0.5314915,0.5314915
0.5258146,0.5258146
0.51743466,0.51743466
0.47750366,0.47750366
0.5427258,0.5427258
0.527454,0.527454
0.5114352,0.5114352
0.51892036,0.51892036
0.52381706,0.52381706
0.55717397,0.55717397
0.52495146,0.52495146
0.5085804,0.5085804
0.53387797,0.53387797
0.51501787,0.51501787
0.48897249,0.48897249
0.49918666,0.49918666
0.4621722,0.4621722
0.52809495,0.52809495
0.45061293,0.45061293
0.47311774,0.47311774
0.50461483,0.50461483
0.54678917,0.54678917
0.45859337,0.45859337
0.5011824,0.5011824
0.46799642,0.46799642
0.49776623,0.49776623
0.44028795,0.44028795
0.507475,0.507475
0.48908988,0.48908988
0.48629496,0.48629496
0.53281724,0.53281724
0.5467232,0.5467232
0.51115084,0.51115084
0.4834174,0.4834174
0.50517,0.50517
0.50722003,0.50722003
0.4826388,0.4826388
0.49152166,0.49152166
0.5343504,0.5343504
0.5075366,0.5075366
0.4961282,0.4961282
0.51686174,0.51686174
0.50922775,0.50922775
0.5104802,0.5104802
0.5046197,0.5046197
0.5163647,0.5163647
0.504157,0.504157
0.5135416,0.5135416
0.4769322,0.4769322
0.45194137,0.45194137
0.55608416,0.55608416
0.5279747,0.5279747
0.49298602,0.49298602
0.4895327,0.4895327
0.5538409,0.5538409
0.45346722,0.45346722
0.4894019,0.4894019
0.47272268,0.47272268
0.51170635,0.51170635
0.52817786,0.52817786
0.48534194,0.48534194
0.49622,0.49622
0.5025422,0.5025422
0.52302,0.52302
0.5240185,0.5240185
0.5315814,0.5315814
0.5526676,0.5526676
0.5370099,0.5370099
0.472548,0.472548
0.41278127,0.41278127
0.4806629,0.4806629
0.5002565,0.5002565
0.49616477,0.49616477
0.48359677,0.48359677
0.52288854,0.52288854
0.5252102,0.5252102
0.4856775,0.4856775
0.55962986,0.55962986
0.53131014,0.53131014
0.53550524,0.53550524
0.5571897,0.5571897
0.48584345,0.48584345
0.53709316,0.53709316
0.505013,0.505013
0.48975503,0.48975503
0.48075616,0.48075616
0.5045273,0.5045273
0.5019483,0.5019483
0.50485736,0.50485736
0.501634,0.501634
0.500155,0.500155
0.38002497,0.38002497
0.51204765,0.51204765
0.51350594,0.51350594
0.41458973,0.41458973
0.49368334,0.49368334
0.468132,0.468132
0.4913902,0.4913902
0.47170794,0.47170794
0.45641115,0.45641115
0.45011002,0.45011002
0.435161,0.435161
0.38294172,0.38294172
0.4519623,0.4519623
0.4175692,0.4175692
0.45490873,0.45490873
0.42596668,0.42596668
0.4401485,0.4401485
0.32304913,0.32304913
0.5103595,0.5103595
0.49520525,0.49520525
0.53168297,0.53168297
0.5098066,0.5098066
0.4316832,0.4316832
0.4988435,0.4988435
0.5343023,0.5343023
0.46400443,0.46400443
0.50327975,0.50327975
0.54481137,0.54481137
0.50233996,0.50233996
0.42170843,0.42170843
0.5080378,0.5080378
0.415915,0.415915
0.5496155,0.5496155
0.47779563,0.47779563
0.42626342,0.42626342
0.48215804,0.48215804
0.52579266,0.52579266
0.54440844,0.54440844
0.49034506,0.49034506
0.4568654,0.4568654
0.5048459,0.5048459
0.41868925,0.41868925
0.45874062,0.45874062
0.446947,0.446947
0.47158945,0.47158945
0.35500717,0.35500717
0.34790754,0.34790754
0.4385624,0.4385624
0.3723915,0.3723915
0.44932404,0.44932404
0.44585586,0.44585586
0.49298164,0.49298164
0.53686446,0.53686446
0.49278197,0.49278197
0.5135958,0.5135958
0.48363015,0.48363015
0.5345346,0.5345346
0.46075666,0.46075666
0.478017,0.478017
0.44506097,0.44506097
0.5155465,0.5155465
0.55748534,0.55748534
0.44572014,0.44572014
0.54051465,0.54051465
0.47988322,0.47988322
0.47986218,0.47986218
0.60114115,0.60114115
0.515132,0.515132
0.45239565,0.45239565
0.48846966,0.48846966
0.51016754,0.51016754
0.47373527,0.47373527
0.49649885,0.49649885
0.46399826,0.46399826
0.5465345,0.5465345
0.52843314,0.52843314
0.50049156,0.50049156
0.5361963,0.5361963
0.5123088,0.5123088
0.4725266,0.4725266
0.46639442,0.46639442
0.4391495,0.4391495
0.51063275,0.51063275
0.5224173,0.5224173
0.5041067,0.5041067
0.5290227,0.5290227
0.49733847,0.49733847
0.53957,0.53957
0.47849944,0.47849944
0.49938777,0.49938777
0.48923868,0.48923868
0.51151836,0.51151836
0.4883832,0.4883832
0.5688613,0.5688613
0.5430327,0.5430327
0.4935041,0.4935041
0.47669235,0.47669235
0.5098565,0.5098565
0.45883748,0.45883748
0.48591006,0.48591006
0.5032815,0.5032815
0.5371512,0.5371512
0.50705177,0.50705177
0.4557545,0.4557545
0.5185984,0.5185984
0.50644064,0.50644064
0.5451582,0.5451582
0.48799813,0.48799813
0.48390594,0.48390594
0.49175242,0.49175242
0.4861007,0.4861007
0.48965472,0.48965472
0.5209285,0.5209285
0.551291,0.551291
0.5189844,0.5189844
0.4509983,0.4509983
0.48965833,0.48965833
0.44189376,0.44189376
0.46374562,0.46374562
0.49437287,0.49437287
0.50761735,0.50761735
0.4765035,0.4765035
0.5082444,0.5082444
0.5042329,0.5042329
0.46997213,0.46997213
0.4282376,0.4282376
0.49953276,0.49953276
0.45486507,0.45486507
0.4908021,0.4908021
0.5036599,0.5036599
0.49517798,0.49517798
0.5282721,0.5282721
0.47694603,0.47694603
0.51946574,0.51946574
0.53424436,0.53424436
0.4928064,0.4928064
0.48756486,0.48756486
0.5088321,0.5088321
0.4737395,0.4737395
0.5084766,0.5084766
0.51426643,0.51426643
0.57065755,0.57065755
0.5183953,0.5183953
0.50639784,0.50639784
0.52802235,0.52802235
0.5039752,0.5039752
0.50354296,0.50354296
0.53101414,0.53101414
0.5075086,0.5075086
0.49835035,0.49835035
0.48856866,0.48856866
0.5404311,0.5404311
0.48990613,0.48990613
0.527723,0.527723
0.5295401,0.5295401
0.47983935,0.47983935
0.51957154,0.51957154
0.51976347,0.51976347
0.5333238,0.5333238
0.5002653,0.5002653
0.57461953,0.57461953
0.53440654,0.53440654
0.4623387,0.4623387
0.52189434,0.52189434
0.5009821,0.5009821
0.51805925,0.51805925
0.54055524,0.54055524
0.5087521,0.5087521
0.4885406,0.4885406
0.52171254,0.52171254
0.5776782,0.5776782
0.5058351,0.5058351
0.49549848,0.49549848
0.48491955,0.48491955
0.5274137,0.5274137
0.4947423,0.4947423
0.49628803,0.49628803
0.513338,0.513338
0.496005,0.496005
0.498419,0.498419
0.48454237,0.48454237
0.46742332,0.46742332
0.50536263,0.50536263
0.49140194,0.49140194
0.5428534,0.5428534
0.5061972,0.5061972
0.50615376,0.50615376
0.4869435,0.4869435
0.5246664,0.5246664
0.4638754,0.4638754
0.51941305,0.51941305
0.5395272,0.5395272
0.4894755,0.4894755
0.44852656,0.44852656
0.42327398,0.42327398
0.5307186,0.5307186
0.4960545,0.4960545
0.484241,0.484241
0.5126056,0.5126056
0.49205083,0.49205083
0.5246794,0.5246794
0.49804527,0.49804527
0.5087076,0.5087076
0.51519597,0.51519597
0.5276776,0.5276776
0.50559354,0.50559354
0.4581713,0.4581713
0.54299366,0.54299366
0.49005145,0.49005145
0.49879926,0.49879926
0.4890372,0.4890372
0.49877316,0.49877316
0.51069784,0.51069784
0.47169238,0.47169238
0.4854332,0.4854332
0.5177819,0.5177819
0.514557,0.514557
0.56831044,0.56831044
0.5007136,0.5007136
0.53614604,0.53614604
0.50488156,0.50488156
0.5000759,0.5000759
0.52550185,0.52550185
0.5292734,0.5292734
0.5077178,0.5077178
0.52116644,0.52116644
0.48083308,0.48083308
0.52030903,0.52030903
0.4905449,0.4905449
0.5221399,0.5221399
0.48493546,0.48493546
0.5019064,0.5019064
0.5240268,0.5240268
0.51500714,0.51500714
0.5321301,0.5321301
0.5571179,0.5571179
0.50251865,0.50251865
0.54971725,0.54971725
0.5461111,0.5461111
0.56935275,0.56935275
0.5338947,0.5338947
0.447884,0.447884
0.49683052,0.49683052
0.5032514,0.5032514
0.5167656,0.5167656
0.52202654,0.52202654
0.5352435,0.5352435
0.51291573,0.51291573
0.5234152,0.5234152
0.46272942,0.46272942
0.5140482,0.5140482
0.5413474,0.5413474
0.53108776,0.53108776
0.49201575,0.49201575
0.5047546,0.5047546
0.5332202,0.5332202
0.54476213,0.54476213
0.5092454,0.5092454
0.50292784,0.50292784
0.51715076,0.51715076
0.51873076,0.51873076
0.51987624,0.51987624
0.4996061,0.4996061
0.52474236,0.52474236
0.44374657,0.44374657
0.4237929,0.4237929
0.5249273,0.5249273
0.53601193,0.53601193
0.47194105,0.47194105
0.5172547,0.5172547
0.48277003,0.48277003
0.46880788,0.46880788
0.5432351,0.5432351
0.5025824,0.5025824
0.5430094,0.5430094
0.5029861,0.5029861
0.5640572,0.5640572
0.5313714,0.5313714
0.53665954,0.53665954
0.51141363,0.51141363
0.5314117,0.5314117
0.56998444,0.56998444
0.48859647,0.48859647
0.50968784,0.50968784
0.5639016,0.5639016
0.4387821,0.4387821
0.49118647,0.49118647
0.50141263,0.50141263
0.51719975,0.51719975
0.4805899,0.4805899
0.53114134,0.53114134
0.49875557,0.49875557
0.4930756,0.4930756
0.5570204,0.5570204
0.49143332,0.49143332
0.4923468,0.4923468
0.4506076,0.4506076
0.47222525,0.47222525
0.4255401,0.4255401
0.44910294,0.44910294
0.4667891,0.4667891
0.52048194,0.52048194
0.49059513,0.49059513
0.48920876,0.48920876
0.4976537,0.4976537
0.42976925,0.42976925
0.44693604,0.44693604
0.43585756,0.43585756
0.48056546,0.48056546
0.54999393,0.54999393
0.4636962,0.4636962
0.5160589,0.5160589
0.52946746,0.52946746
0.4283533,0.4283533
0.5209273,0.5209273
0.5183234,0.5183234
0.53037477,0.53037477
0.42885336,0.42885336
0.52270794,0.52270794
0.51710504,0.51710504
0.50597936,0.50597936
0.44135883,0.44135883
0.510005,0.510005
0.5351126,0.5351126
0.4753778,0.4753778
0.4868659,0.4868659
0.43697405,0.43697405
0.5250828,0.5250828
0.5263953,0.5263953
0.51764995,0.51764995
0.52003616,0.52003616
0.43883812,0.43883812
0.44453034,0.44453034
0.42021874,0.42021874
0.44484285,0.44484285
0.48859352,0.48859352
0.43138486,0.43138486
0.469037,0.469037
0.4943449,0.4943449
0.52022827,0.52022827
0.50597286,0.50597286
0.47123164,0.47123164
0.49692693,0.49692693
0.4835994,0.4835994
0.36297736,0.36297736
0.5111992,0.5111992
0.5289542,0.5289542
0.47937167,0.47937167
0.5399793,0.5399793
0.5236344,0.5236344
0.5301186,0.5301186
0.4411289,0.4411289
0.4740442,0.4740442
0.45764267,0.45764267
0.5591873,0.5591873
0.48760083,0.48760083
0.48698547,0.48698547
0.51205957,0.51205957
0.5186797,0.5186797
0.52944136,0.52944136
0.4835231,0.4835231
0.49432448,0.49432448
0.48584837,0.48584837
0.45972183,0.45972183
0.4130829,0.4130829
0.47717205,0.47717205
0.48351893,0.48351893
0.4171722,0.4171722
0.4812149,0.4812149
0.4113664,0.4113664
0.4768434,0.4768434
0.46056208,0.46056208
0.46550912,0.46550912
0.48122105,0.48122105
0.49490264,0.49490264
0.47568431,0.47568431
0.48364332,0.48364332
0.51627713,0.51627713
0.4740124,0.4740124
0.49405307,0.49405307
0.5093617,0.5093617
0.5063378,0.5063378
0.48248154,0.48248154
0.50386214,0.50386214
0.49821913,0.49821913
0.49354482,0.49354482
0.47910368,0.47910368
0.4780682,0.4780682
0.47521567,0.47521567
0.5104872,0.5104872
0.50181234,0.50181234
0.47988018,0.47988018
0.5285197,0.5285197
0.43094552,0.43094552
0.48779896,0.48779896
0.5368741,0.5368741
0.47262812,0.47262812
0.48051384,0.48051384
0.50421655,0.50421655
0.47645342,0.47645342
0.4398067,0.4398067
0.43876994,0.43876994
0.5033407,0.5033407
0.50987035,0.50987035
0.45185095,0.45185095
0.4310028,0.4310028
0.50546515,0.50546515
0.47128206,0.47128206
0.49386793,0.49386793
0.4872709,0.4872709
0.50994825,0.50994825
0.5336776,0.5336776
0.4665285,0.4665285
0.44279855,0.44279855
0.4690087,0.4690087
0.5378032,0.5378032
0.49276602,0.49276602
0.51233494,0.51233494
0.5418951,0.5418951
0.49999937,0.49999937
0.47449335,0.47449335
0.42957494,0.42957494
0.4162428,0.4162428
0.48761642,0.48761642
0.5005676,0.5005676
0.4505042,0.4505042
0.49268016,0.49268016
0.554189,0.554189
0.4942436,0.4942436
0.4353334,0.4353334
0.500442,0.500442
0.533966,0.533966
0.50783,0.50783
0.5637504,0.5637504
0.5024968,0.5024968
0.44476375,0.44476375
0.49729744,0.49729744
0.47320914,0.47320914
0.46216282,0.46216282
0.45269454,0.45269454
0.54781234,0.54781234
0.5055534,0.5055534
0.53254515,0.53254515
0.50424135,0.50424135
0.5274952,0.5274952
0.5077588,0.5077588
0.54371405,0.54371405
0.5464504,0.5464504
0.5493293,0.5493293
0.5135709,0.5135709
0.48139,0.48139
0.44180667,0.44180667
0.42331266,0.42331266
0.42430207,0.42430207
0.44451103,0.44451103
0.49094605,0.49094605
0.4861351,0.4861351
0.46282777,0.46282777
0.50378275,0.50378275
0.5084194,0.5084194
0.49237904,0.49237904
0.5186083,0.5186083
0.51586926,0.51586926
0.4723143,0.4723143
0.51123244,0.51123244
0.47287217,0.47287217
0.50822115,0.50822115
0.50697386,0.50697386
0.5183738,0.5183738
0.47929797,0.47929797
0.49823546,0.49823546
0.5064053,0.5064053
0.49118114,0.49118114
0.571428,0.571428
0.45876,0.45876
0.47622305,0.47622305
0.45250612,0.45250612
0.53497744,0.53497744
0.511677,0.511677
0.49999797,0.49999797
0.49548784,0.49548784
0.46485505,0.46485505
0.4919897,0.4919897
0.436456,0.436456
0.5028496,0.5028496
0.57644796,0.57644796
0.48735768,0.48735768
0.5580351,0.5580351
0.4812744,0.4812744
0.5195997,0.5195997
0.47052583,0.47052583
0.5170411,0.5170411
0.58572674,0.58572674
0.51022255,0.51022255
0.5166228,0.5166228
0.44465515,0.44465515
0.4817975,0.4817975
0.46850607,0.46850607
0.45633847,0.45633847
0.49889463,0.49889463
0.4178288,0.4178288
0.5140609,0.5140609
0.53334486,0.53334486
0.4660808,0.4660808
0.44680518,0.44680518
0.44043145,0.44043145
0.4285502,0.4285502
0.48574322,0.48574322
0.46854344,0.46854344
0.52117693,0.52117693
0.46535754,0.46535754
0.49281043,0.49281043
0.54694784,0.54694784
0.5152501,0.5152501
0.49413517,0.49413517
0.52020437,0.52020437
0.518997,0.518997
0.41787565,0.41787565
0.4761906,0.4761906
0.4435875,0.4435875
0.39586255,0.39586255
0.50892955,0.50892955
0.5010371,0.5010371
0.46616483,0.46616483
0.5203105,0.5203105
0.54077,0.54077
0.53526115,0.53526115
0.39999118,0.39999118
0.48540938,0.48540938
0.49040052,0.49040052
0.4973453,0.4973453
0.5277081,0.5277081
0.4683175,0.4683175
0.4791788,0.4791788
0.4887213,0.4887213
0.4846268,0.4846268
0.5288176,0.5288176
0.46296826,0.46296826
0.47124788,0.47124788
0.50961816,0.50961816
0.53869015,0.53869015
0.5216571,0.5216571
0.52248955,0.52248955
0.52469,0.52469
0.51067424,0.51067424
0.47978213,0.47978213
0.49729908,0.49729908
0.50618756,0.50618756
0.5348159,0.5348159
0.5008293,0.5008293
0.47562096,0.47562096
0.5056903,0.5056903
0.48247913,0.48247913
0.48000568,0.48000568
0.49774763,0.49774763
0.5089638,0.5089638
0.44042447,0.44042447
0.46259308,0.46259308
0.50601274,0.50601274
0.49919823,0.49919823
0.5116887,0.5116887
0.53279155,0.53279155
0.4918716,0.4918716
0.46024525,0.46024525
0.4978653,0.4978653
0.5191842,0.5191842
0.5121828,0.5121828
0.52672607,0.52672607
0.54762906,0.54762906
0.54297346,0.54297346
0.536708,0.536708
0.47340056,0.47340056
0.47650334,0.47650334
0.47750598,0.47750598
0.4761413,0.4761413
0.40884793,0.40884793
0.4969994,0.4969994
0.5184109,0.5184109
0.44160002,0.44160002
0.5000367,0.5000367
0.46605033,0.46605033
0.5188699,0.5188699
0.47064397,0.47064397
0.4601833,0.4601833
0.4119913,0.4119913
0.4365957,0.4365957
0.4460325,0.4460325
0.49281034,0.49281034
0.529564,0.529564
0.53456396,0.53456396
0.5047946,0.5047946
0.49732494,0.49732494
0.50734615,0.50734615
0.51997006,0.51997006
0.52342224,0.52342224
0.47502682,0.47502682
0.46106836,0.46106836
0.45721254,0.45721254
0.46800596,0.46800596
0.47210065,0.47210065
0.47949114,0.47949114
0.4893707,0.4893707
0.49950382,0.49950382
0.522288,0.522288
0.46119875,0.46119875
0.54946905,0.54946905
0.5026112,0.5026112
0.4942337,0.4942337
0.5554623,0.5554623
0.5613026,0.5613026
0.46647966,0.46647966
0.48896524,0.48896524
0.5089918,0.5089918
0.5338527,0.5338527
0.4899358,0.4899358
0.5089573,0.5089573
0.51691526,0.51691526
0.5422902,0.5422902
0.55682904,0.55682904
0.46632606,0.46632606
0.5181436,0.5181436
0.52410907,0.52410907
0.46758845,0.46758845
0.543011,0.543011
0.5024544,0.5024544
0.50167537,0.50167537
0.48450416,0.48450416
0.4832519,0.4832519
0.50834656,0.50834656
0.52019024,0.52019024
0.49108037,0.49108037
0.4575923,0.4575923
0.4916349,0.4916349
0.50098723,0.50098723
0.49204376,0.49204376
0.46599123,0.46599123
0.49422687,0.49422687
0.45343837,0.45343837
0.44280055,0.44280055
0.41110423,0.41110423
0.48621544,0.48621544
0.45900103,0.45900103
0.5219698,0.5219698
0.525342,0.525342
0.4787333,0.4787333
0.5161713,0.5161713
0.5137658,0.5137658
0.5219965,0.5219965
0.4943036,0.4943036
0.5132294,0.5132294
0.49686462,0.49686462
0.5092287,0.5092287
0.49683678,0.49683678
0.4920967,0.4920967
0.49192888,0.49192888
0.47225612,0.47225612
0.4692788,0.4692788
0.47184646,0.47184646
0.47334787,0.47334787
0.5231616,0.5231616
0.52595943,0.52595943
0.49801323,0.49801323
0.49238992,0.49238992
0.52043414,0.52043414
0.5042149,0.5042149
0.5544107,0.5544107
0.51142055,0.51142055
0.5260438,0.5260438
0.5440252,0.5440252
0.46326312,0.46326312
0.44965816,0.44965816
0.48032168,0.48032168
0.52285403,0.52285403
0.5054611,0.5054611
0.436608,0.436608
0.50222665,0.50222665
0.46873423,0.46873423
0.509863,0.509863
0.4367107,0.4367107
0.5167604,0.5167604
0.51631653,0.51631653
0.50831807,0.50831807
0.44866136,0.44866136
0.43481597,0.43481597
0.5106751,0.5106751
0.46303028,0.46303028
0.48562557,0.48562557
0.5202897,0.5202897
0.49228707,0.49228707
0.44483855,0.44483855
0.43797964,0.43797964
0.50744003,0.50744003
0.5008721,0.5008721
0.46756458,0.46756458
0.51460993,0.51460993
0.5127638,0.5127638
0.43231547,0.43231547
0.517609,0.517609
0.45305115,0.45305115
0.49246868,0.49246868
0.5121303,0.5121303
0.43520892,0.43520892
0.46277514,0.46277514
0.5022302,0.5022302
0.4650326,0.4650326
0.4879971,0.4879971
0.44914675,0.44914675
0.45068058,0.45068058
0.4664847,0.4664847
0.4286782,0.4286782
0.42159954,0.42159954
0.4929904,0.4929904
0.46686196,0.46686196
0.37209222,0.37209222
0.46525964,0.46525964
0.5006856,0.5006856
0.5191065,0.5191065
0.5051502,0.5051502
0.5053984,0.5053984
0.49973935,0.49973935
0.4878382,0.4878382
0.45886675,0.45886675
0.51852244,0.51852244
0.48361474,0.48361474
0.47264132,0.47264132
0.49845144,0.49845144
0.5383587,0.5383587
0.49312264,0.49312264
0.4645453,0.4645453
0.47878844,0.47878844
0.48513088,0.48513088
0.49399555,0.49399555
0.5010352,0.5010352
0.45318085,0.45318085
0.4649965,0.4649965
0.46066713,0.46066713
0.49113038,0.49113038
0.51455265,0.51455265
0.48019198,0.48019198
0.48242784,0.48242784
0.4821973,0.4821973
0.5444061,0.5444061
0.48531473,0.48531473
0.5315464,0.5315464
0.4678433,0.4678433
0.46189478,0.46189478
0.4886925,0.4886925
0.45658612,0.45658612
0.4755536,0.4755536
0.49969488,0.49969488
0.5091787,0.5091787
0.4675465,0.4675465
0.49157923,0.49157923
0.4862531,0.4862531
0.53786325,0.53786325
0.51020795,0.51020795
0.48420706,0.48420706
0.5790826,0.5790826
0.4817618,0.4817618
0.46760535,0.46760535
0.5088211,0.5088211
0.49423268,0.49423268
0.52713215,0.52713215
0.5152266,0.5152266
0.44662872,0.44662872
0.50366396,0.50366396
0.5483115,0.5483115
0.47768041,0.47768041
0.4447522,0.4447522
0.44757685,0.44757685
0.49321744,0.49321744
0.47879726,0.47879726
0.4822408,0.4822408
0.43722185,0.43722185
0.42842427,0.42842427
0.4447076,0.4447076
0.39687952,0.39687952
0.3792139,0.3792139
0.38079336,0.38079336
0.43378907,0.43378907
0.5060938,0.5060938
0.46813786,0.46813786
0.37423778,0.37423778
0.5027991,0.5027991
0.49107903,0.49107903
0.42391804,0.42391804
0.5165136,0.5165136
0.53033245,0.53033245
0.54255164,0.54255164
0.56576777,0.56576777
0.5736953,0.5736953
0.49406394,0.49406394
0.5096335,0.5096335
0.5341581,0.5341581
0.5416053,0.5416053
0.54961383,0.54961383
0.50623006,0.50623006
0.496745,0.496745
0.47732738,0.47732738
0.5098606,0.5098606
0.51207715,0.51207715
0.5192046,0.5192046
0.4823849,0.4823849
0.5164976,0.5164976
0.4478217,0.4478217
0.48535585,0.48535585
0.49767315,0.49767315
0.4725341,0.4725341
0.528925,0.528925
0.46522257,0.46522257
0.48077217,0.48077217
0.4782312,0.4782312
0.4518905,0.4518905
0.44897163,0.44897163
0.47423592,0.47423592
0.4748911,0.4748911
0.49989086,0.49989086
0.4210814,0.4210814
0.4851654,0.4851654
0.5171503,0.5171503
0.46574426,0.46574426
0.4459001,0.4459001
0.47913548,0.47913548
0.57241917,0.57241917
0.50315523,0.50315523
0.54294,0.54294
0.54252857,0.54252857
0.5280673,0.5280673
0.48619848,0.48619848
0.52054566,0.52054566
0.57103354,0.57103354
0.5475791,0.5475791
0.48936418,0.48936418
0.5077262,0.5077262
0.50423443,0.50423443
0.49844396,0.49844396
0.4955841,0.4955841
0.39786962,0.39786962
0.47751957,0.47751957
0.46996123,0.46996123
0.45674524,0.45674524
0.48820236,0.48820236
0.5212284,0.5212284
0.45589212,0.45589212
0.39948565,0.39948565
0.5108452,0.5108452
0.50867164,0.50867164
0.4806295,0.4806295
0.50148976,0.50148976
0.45637357,0.45637357
0.51063204,0.51063204
0.47617388,0.47617388
0.41733423,0.41733423
0.42276582,0.42276582
0.52543783,0.52543783
0.4604994,0.4604994
0.5391253,0.5391253
0.4428862,0.4428862
0.52887046,0.52887046
0.483599,0.483599
0.49112394,0.49112394
0.46150887,0.46150887
0.4692923,0.4692923
0.4726184,0.4726184
0.48575434,0.48575434
0.5049884,0.5049884
0.39580464,0.39580464
0.47915584,0.47915584
0.49901965,0.49901965
0.5330097,0.5330097
0.52116174,0.52116174
0.5085352,0.5085352
0.48691997,0.48691997
0.4371884,0.4371884
0.5057095,0.5057095
0.4731323,0.4731323
0.46726483,0.46726483
0.4413747,0.4413747
0.44707307,0.44707307
0.50475806,0.50475806
0.5051531,0.5051531
0.5257528,0.5257528
0.45226488,0.45226488
0.4326834,0.4326834
0.46366853,0.46366853
0.44424075,0.44424075
0.49184462,0.49184462
0.4768795,0.4768795
0.48185915,0.48185915
0.51631033,0.51631033
0.44450352,0.44450352
0.4936068,0.4936068
0.49324918,0.49324918
0.53765893,0.53765893
0.49100184,0.49100184
0.47749147,0.47749147
0.4673671,0.4673671
0.49867335,0.49867335
0.4390011,0.4390011
0.4646369,0.4646369
0.4592286,0.4592286
0.54341954,0.54341954
0.49067062,0.49067062
0.5206016,0.5206016
0.51689357,0.51689357
0.533856,0.533856
0.46689755,0.46689755
0.47539586,0.47539586
0.4919717,0.4919717
0.51839954,0.51839954
0.51900834,0.51900834
0.4913015,0.4913015
0.5582028,0.5582028
0.57749575,0.57749575
0.48494545,0.48494545
0.51042885,0.51042885
0.49932113,0.49932113
0.54986256,0.54986256
0.48169267,0.48169267
0.5323615,0.5323615
0.51025194,0.51025194
0.5008206,0.5008206
0.5201054,0.5201054
0.5350256,0.5350256
0.5635427,0.5635427
0.50357413,0.50357413
0.48059562,0.48059562
0.49723893,0.49723893
0.4841419,0.4841419
0.5742475,0.5742475
0.519914,0.519914
0.5309296,0.5309296
0.53177387,0.53177387
0.43839929,0.43839929
0.49876654,0.49876654
0.5147098,0.5147098
0.4460389,0.4460389
0.48896533,0.48896533
0.47615853,0.47615853
0.48538348,0.48538348
0.46172902,0.46172902
0.4448137,0.4448137
0.4827993,0.4827993
0.46907476,0.46907476
0.48813966,0.48813966
0.47182515,0.47182515
0.4837283,0.4837283
0.5077025,0.5077025
0.49059615,0.49059615
0.47882345,0.47882345
0.47789863,0.47789863
0.5224949,0.5224949
0.53010243,0.53010243
0.4896693,0.4896693
0.5301527,0.5301527
0.52647406,0.52647406
0.49078453,0.49078453
0.50314426,0.50314426
0.5370743,0.5370743
0.45820123,0.45820123
0.47208378,0.47208378
0.5225357,0.5225357
0.5291318,0.5291318
0.5030565,0.5030565
0.5143229,0.5143229
0.46038178,0.46038178
0.5247761,0.5247761
0.45763057,0.45763057
0.53328735,0.53328735
0.50641847,0.50641847
0.45165175,0.45165175
0.530536,0.530536
0.52192247,0.52192247
0.449788,0.449788
0.44202796,0.44202796
0.4823686,0.4823686
0.47469467,0.47469467
0.4552335,0.4552335
0.52352273,0.52352273
0.49141058,0.49141058
0.47070915,0.47070915
0.5116312,0.5116312
0.5262393,0.5262393
0.55710185,0.55710185
0.47809798,0.47809798
0.49271432,0.49271432
0.5393084,0.5393084
0.51828367,0.51828367
0.51660705,0.51660705
0.5037266,0.5037266
0.38813317,0.38813317
0.47636434,0.47636434
0.48789102,0.48789102
0.4771093,0.4771093
0.4713619,0.4713619
0.5287485,0.5287485
0.49003664,0.49003664
0.46656683,0.46656683
0.466481,0.466481
0.4719916,0.4719916
0.48962644,0.48962644
0.49986482,0.49986482
0.4936578,0.4936578
0.47877178,0.47877178
0.51700056,0.51700056
0.5230939,0.5230939
0.48725733,0.48725733
0.4807759,0.4807759
0.49757254,0.49757254
0.4755871,0.4755871
0.48643956,0.48643956
0.47141388,0.47141388
0.517168,0.517168
0.503385,0.503385
0.48877814,0.48877814
0.4726115,0.4726115
0.5065712,0.5065712
0.48659697,0.48659697
0.52543324,0.52543324
0.4911514,0.4911514
0.4906348,0.4906348
0.55012655,0.55012655
0.53361696,0.53361696
0.56084055,0.56084055
0.5048653,0.5048653
0.53163743,0.53163743
0.48570183,0.48570183
0.52450526,0.52450526
0.5295471,0.5295471
0.5743499,0.5743499
0.52408016,0.52408016
0.51726544,0.51726544
0.49649492,0.49649492
0.5118974,0.5118974
0.5260627,0.5260627
0.5084427,0.5084427
0.4932011,0.4932011
0.50467974,0.50467974
0.5183653,0.5183653
0.5045081,0.5045081
0.5140565,0.5140565
0.543482,0.543482
0.48679486,0.48679486
0.49495757,0.49495757
0.47455472,0.47455472
0.51156974,0.51156974
0.46004942,0.46004942
0.4609035,0.4609035
0.4680786,0.4680786
0.5318712,0.5318712
0.47329777,0.47329777
0.5584937,0.5584937
0.5347107,0.5347107
0.48337093,0.48337093
0.49693698,0.49693698
0.5008604,0.5008604
0.48931178,0.48931178
0.513979,0.513979
0.4457139,0.4457139
0.50895566,0.50895566
0.44464657,0.44464657
0.47078586,0.47078586
0.48409355,0.48409355
0.54866177,0.54866177
0.4844729,0.4844729
0.49899888,0.49899888
0.48378396,0.48378396
0.4863366,0.4863366
0.52167,0.52167
0.52277327,0.52277327
0.47908548,0.47908548
0.49994132,0.49994132
0.4973263,0.4973263
0.487173,0.487173
0.460643,0.460643
0.49324676,0.49324676
0.5385507,0.5385507
0.4946383,0.4946383
0.50852484,0.50852484
0.5095028,0.5095028
0.46433544,0.46433544
0.47807896,0.47807896
0.5220926,0.5220926
0.4795537,0.4795537
0.4782904,0.4782904
0.5452853,0.5452853
0.5044456,0.5044456
0.50386864,0.50386864
0.46356305,0.46356305
0.47571397,0.47571397
0.47282735,0.47282735
0.46390098,0.46390098
0.4484612,0.4484612
0.49071306,0.49071306
0.52333564,0.52333564
0.48917207,0.48917207
0.42034763,0.42034763
0.5056768,0.5056768
0.47619691,0.47619691
0.5190561,0.5190561
0.49876952,0.49876952
0.47900605,0.47900605
0.5210837,0.5210837
0.47160164,0.47160164
0.5002622,0.5002622
0.4336449,0.4336449
0.5110026,0.5110026
0.5128088,0.5128088
0.48711056,0.48711056
0.5337155,0.5337155
0.51504797,0.51504797
0.51139987,0.51139987
0.51209664,0.51209664
0.49352053,0.49352053
0.48609722,0.48609722
0.49276993,0.49276993
0.5352351,0.5352351
0.50514215,0.50514215
0.4989676,0.4989676
0.5056983,0.5056983
0.51617813,0.51617813
0.51579237,0.51579237
0.5200949,0.5200949
0.5813368,0.5813368
0.5163859,0.5163859
0.47958612,0.47958612
0.5360754,0.5360754
0.51156926,0.51156926
0.5477254,0.5477254
0.4686522,0.4686522
0.5582805,0.5582805
0.50949764,0.50949764
0.5245626,0.5245626
0.53302395,0.53302395
0.47040328,0.47040328
0.51576805,0.51576805
0.52277255,0.52277255
0.5270677,0.5270677
0.48427364,0.48427364
0.5063688,0.5063688
0.5110752,0.5110752
0.5203858,0.5203858
0.4920865,0.4920865
0.46666312,0.46666312
0.48938972,0.48938972
0.5217497,0.5217497
0.49603128,0.49603128
0.50091964,0.50091964
0.49037075,0.49037075
0.4958473,0.4958473
0.5160893,0.5160893
0.52607656,0.52607656
0.47515863,0.47515863
0.5081665,0.5081665
0.5015893,0.5015893
0.50656754,0.50656754
0.4723066,0.4723066
0.50496817,0.50496817
0.5073172,0.5073172
0.47090772,0.47090772
0.46499276,0.46499276
0.49167988,0.49167988
0.5198022,0.5198022
0.5244335,0.5244335
0.52820486,0.52820486
0.5212519,0.5212519
0.46649495,0.46649495
0.38254187,0.38254187
0.4477484,0.4477484
0.52510554,0.52510554
0.44192117,0.44192117
0.42393875,0.42393875
0.4702708,0.4702708
0.3851979,0.3851979
0.46579704,0.46579704
0.3781693,0.3781693
0.45389175,0.45389175
0.46203128,0.46203128
0.45009723,0.45009723
0.49379644,0.49379644
0.41322252,0.41322252
0.49853435,0.49853435
0.48899308,0.48899308
0.47583434,0.47583434
0.42904466,0.42904466
0.5006861,0.5006861
0.4656827,0.4656827
0.49267915,0.49267915
0.47892517,0.47892517
0.44385782,0.44385782
0.4356102,0.4356102
0.44822943,0.44822943
0.50566447,0.50566447
0.4832184,0.4832184
0.4460311,0.4460311
0.5320298,0.5320298
0.46158826,0.46158826
0.44422156,0.44422156
0.49740446,0.49740446
0.45453563,0.45453563
0.48470935,0.48470935
0.4504079,0.4504079
0.5351412,0.5351412
0.5271336,0.5271336
0.45061085,0.45061085
0.5212322,0.5212322
0.5096754,0.5096754
0.4774614,0.4774614
0.56195664,0.56195664
0.53700227,0.53700227
0.56265146,0.56265146
0.49033958,0.49033958
0.47411522,0.47411522
0.48306653,0.48306653
0.43109167,0.43109167
0.54134357,0.54134357
0.47134992,0.47134992
0.4784964,0.4784964
0.5228901,0.5228901
0.45896843,0.45896843
0.51402956,0.51402956
0.5267328,0.5267328
0.46554023,0.46554023
0.50599176,0.50599176
0.5077692,0.5077692
0.5121777,0.5121777
0.5372062,0.5372062
0.4933433,0.4933433
0.4635645,0.4635645
0.49460006,0.49460006
0.508234,0.508234
0.54637045,0.54637045
0.503778,0.503778
0.52521986,0.52521986
0.52950037,0.52950037
0.49101344,0.49101344
0.52917707,0.52917707
0.50182277,0.50182277
0.500244,0.500244
0.46620265,0.46620265
0.50214195,0.50214195
0.47424662,0.47424662
0.4855461,0.4855461
0.46449974,0.46449974
0.5223408,0.5223408
0.49936023,0.49936023
0.51051736,0.51051736
0.47176662,0.47176662
0.53547543,0.53547543
0.4770587,0.4770587
0.51255566,0.51255566
0.5075747,0.5075747
0.47147283,0.47147283
0.46995404,0.46995404
0.5136054,0.5136054
0.51984197,0.51984197
0.49168023,0.49168023
0.4418672,0.4418672
0.46291646,0.46291646
0.5458007,0.5458007
0.56125045,0.56125045
0.44841942,0.44841942
0.46998367,0.46998367
0.46386617,0.46386617
0.49072728,0.49072728
0.44270515,0.44270515
0.5916635,0.5916635
0.4874835,0.4874835
0.5584568,0.5584568
0.4611223,0.4611223
0.50551033,0.50551033
0.4129291,0.4129291
0.44372493,0.44372493
0.45280105,0.45280105
0.5332377,0.5332377
0.4572653,0.4572653
0.45306665,0.45306665
0.4703535,0.4703535
0.46975428,0.46975428
0.5158667,0.5158667
0.47436026,0.47436026
0.46339226,0.46339226
0.53855824,0.53855824
0.50148827,0.50148827
0.5048845,0.5048845
0.53687096,0.53687096
0.5191247,0.5191247
0.5186963,0.5186963
0.52002203,0.52002203
0.48909333,0.48909333
0.44612762,0.44612762
0.49356067,0.49356067
0.48733744,0.48733744
0.50303805,0.50303805
0.5280989,0.5280989
0.50693357,0.50693357
0.48955545,0.48955545
0.49696562,0.49696562
0.44030175,0.44030175
0.47366107,0.47366107
0.49149173,0.49149173
0.41456547,0.41456547
0.5011299,0.5011299
0.49579296,0.49579296
0.5072938,0.5072938
0.48553446,0.48553446
0.46100372,0.46100372
0.45993617,0.45993617
0.43611103,0.43611103
0.4818624,0.4818624
0.4221353,0.4221353
0.45328477,0.45328477
0.46417972,0.46417972
0.48428512,0.48428512
0.47753984,0.47753984
0.5221088,0.5221088
0.44112343,0.44112343
0.44721043,0.44721043
0.46178424,0.46178424
0.5049389,0.5049389
0.43222764,0.43222764
0.4182751,0.4182751
0.46824136,0.46824136
0.43973246,0.43973246
0.42120853,0.42120853
0.4851423,0.4851423
0.40603113,0.40603113
0.40481266,0.40481266
0.4343755,0.4343755
0.45365593,0.45365593
0.41082388,0.41082388
0.41499928,0.41499928
0.50869983,0.50869983
0.45133618,0.45133618
0.5012151,0.5012151
0.4453508,0.4453508
0.5223096,0.5223096
0.50942475,0.50942475
0.48804963,0.48804963
0.47049963,0.47049963
0.4806005,0.4806005
0.4994301,0.4994301
0.4856809,0.4856809
0.5050912,0.5050912
0.50243765,0.50243765
0.47155997,0.47155997
0.46987045,0.46987045
0.53042746,0.53042746
0.50385684,0.50385684
0.49543136,0.49543136
0.5328708,0.5328708
0.46898058,0.46898058
0.48378843,0.48378843
0.47623208,0.47623208
0.4770724,0.4770724
0.53065443,0.53065443
0.47147834,0.47147834
0.5050092,0.5050092
0.43626067,0.43626067
0.46810856,0.46810856
0.469987,0.469987
0.50376695,0.50376695
0.5227367,0.5227367
0.47881946,0.47881946
0.49762654,0.49762654
0.49430725,0.49430725
0.48531973,0.48531973
0.5249437,0.5249437
0.5029392,0.5029392
0.4551586,0.4551586
0.41381228,0.41381228
0.5230991,0.5230991
0.4272666,0.4272666
0.51067245,0.51067245
0.4895949,0.4895949
0.43377158,0.43377158
0.4574908,0.4574908
0.44340587,0.44340587
0.4450147,0.4450147
0.4222745,0.4222745
0.49695182,0.49695182
0.4991301,0.4991301
0.50705045,0.50705045
0.5205156,0.5205156
0.49133763,0.49133763
0.4922345,0.4922345
0.4750772,0.4750772
0.46200922,0.46200922
0.43362603,0.43362603
0.45857367,0.45857367
0.48468685,0.48468685
0.4659572,0.4659572
0.45662194,0.45662194
0.4535827,0.4535827
0.5234266,0.5234266
0.44047686,0.44047686
0.4693043,0.4693043
0.4908748,0.4908748
0.42116982,0.42116982
0.46826077,0.46826077
0.5128679,0.5128679
0.4906656,0.4906656
0.53075147,0.53075147
0.487127,0.487127
0.46904802,0.46904802
0.47208443,0.47208443
0.43345106,0.43345106
0.45700815,0.45700815
0.46160978,0.46160978
0.5631995,0.5631995
0.5663614,0.5663614
0.48559412,0.48559412
0.47431028,0.47431028
0.542893,0.542893
0.51232237,0.51232237
0.4855483,0.4855483
0.49541226,0.49541226
0.43790177,0.43790177
0.47085404,0.47085404
0.4185538,0.4185538
0.45385575,0.45385575
0.4799112,0.4799112
0.49236548,0.49236548
0.45278698,0.45278698
0.4511476,0.4511476
0.50555986,0.50555986
0.49001664,0.49001664
0.4487635,0.4487635
0.44051492,0.44051492
0.48574686,0.48574686
0.52195084,0.52195084
0.4342161,0.4342161
0.42634514,0.42634514
0.49094445,0.49094445
0.5046912,0.5046912
0.4432717,0.4432717
0.4685801,0.4685801
0.47859898,0.47859898
0.46402863,0.46402863
0.41210327,0.41210327
0.45501766,0.45501766
0.4731978,0.4731978
0.4335174,0.4335174
0.41241392,0.41241392
0.46279922,0.46279922
0.5271249,0.5271249
0.47920847,0.47920847
0.4302416,0.4302416
0.48289695,0.48289695
0.48949426,0.48949426
0.49233803,0.49233803
0.5242914,0.5242914
0.45891392,0.45891392
0.5208047,0.5208047
0.40371302,0.40371302
0.43807483,0.43807483
0.42213506,0.42213506
0.46794805,0.46794805
0.53332764,0.53332764
0.51687783,0.51687783
0.49582082,0.49582082
0.5096117,0.5096117
0.4356537,0.4356537
0.3814302,0.3814302
0.48443586,0.48443586
0.42624786,0.42624786
0.5120465,0.5120465
0.5027367,0.5027367
0.5006639,0.5006639
0.49742344,0.49742344
0.5144596,0.5144596
0.49316868,0.49316868
0.49838117,0.49838117
0.48963502,0.48963502
0.4982872,0.4982872
0.50947684,0.50947684
0.5268389,0.5268389
0.49513295,0.49513295
0.4938861,0.4938861
0.50793374,0.50793374
0.47621635,0.47621635
0.49895155,0.49895155
0.4754236,0.4754236
0.46556854,0.46556854
0.43736508,0.43736508
0.43464208,0.43464208
0.53018165,0.53018165
0.47339088,0.47339088
0.46418798,0.46418798
0.4592917,0.4592917
0.4852044,0.4852044
0.5135894,0.5135894
0.51725376,0.51725376
0.47552976,0.47552976
0.56687665,0.56687665
0.4607371,0.4607371
0.4674036,0.4674036
0.49510682,0.49510682
0.3976595,0.3976595
0.538953,0.538953
0.49694657,0.49694657
0.51115185,0.51115185
0.46180543,0.46180543
0.47381845,0.47381845
0.5003085,0.5003085
0.49791637,0.49791637
0.5129426,0.5129426
0.50833887,0.50833887
0.48645386,0.48645386
0.5657033,0.5657033
0.47495002,0.47495002
0.46901548,0.46901548
0.46345857,0.46345857
0.49283084,0.49283084
0.38423684,0.38423684
0.5784868,0.5784868
0.47595352,0.47595352
0.43517536,0.43517536
0.46135348,0.46135348
0.50704896,0.50704896
0.56106037,0.56106037
0.5694541,0.5694541
0.447962,0.447962
0.5786931,0.5786931
0.54612756,0.54612756
0.55084103,0.55084103
0.4997717,0.4997717
0.5018898,0.5018898
0.42241502,0.42241502
0.4320231,0.4320231
0.46950078,0.46950078
0.45323947,0.45323947
0.4881219,0.4881219
0.46120113,0.46120113
0.4775841,0.4775841
0.45170718,0.45170718
0.43651706,0.43651706
0.448146,0.448146
0.4868472,0.4868472
0.4558851,0.4558851
0.43757275,0.43757275
0.48438165,0.48438165
0.45898852,0.45898852
0.44602412,0.44602412
0.5184487,0.5184487
0.50669366,0.50669366
0.48534697,0.48534697
0.4618795,0.4618795
0.5057736,0.5057736
0.4801241,0.4801241
0.42517552,0.42517552
0.41269836,0.41269836
0.5103136,0.5103136
0.49699607,0.49699607
0.4909838,0.4909838
0.43742326,0.43742326
0.42923626,0.42923626
0.43308395,0.43308395
0.45016378,0.45016378
0.46759987,0.46759987
0.39061102,0.39061102
0.415818,0.415818
0.46786314,0.46786314
0.43284327,0.43284327
0.49774933,0.49774933
0.4631392,0.4631392
0.42696998,0.42696998
0.44529265,0.44529265
0.53700304,0.53700304
0.4957261,0.4957261
0.4466325,0.4466325
0.46834114,0.46834114
0.51974934,0.51974934
0.5191096,0.5191096
0.5165974,0.5165974
0.5095898,0.5095898
0.3963738,0.3963738
0.48029873,0.48029873
0.4433736,0.4433736
0.40790197,0.40790197
0.40363047,0.40363047
0.45772436,0.45772436
0.44970196,0.44970196
0.4724596,0.4724596
0.47505447,0.47505447
0.4813721,0.4813721
0.48295745,0.48295745
0.45011267,0.45011267
0.49401516,0.49401516
0.5095647,0.5095647
0.5222644,0.5222644
0.42540875,0.42540875
0.44823962,0.44823962
0.44664517,0.44664517
0.4335799,0.4335799
0.44810814,0.44810814
0.48207402,0.48207402
0.48309222,0.48309222
0.5196714,0.5196714
0.41594806,0.41594806
0.47546318,0.47546318
0.4656496,0.4656496
0.52311856,0.52311856
0.51316625,0.51316625
0.52297103,0.52297103
0.5141109,0.5141109
0.48619187,0.48619187
0.5199517,0.5199517
0.47712532,0.47712532
0.48098022,0.48098022
0.4577651,0.4577651
0.47646794,0.47646794
0.5069421,0.5069421
0.4767641,0.4767641
0.5145631,0.5145631
0.49805045,0.49805045
0.4956189,0.4956189
0.46241054,0.46241054
0.4949072,0.4949072
0.46583587,0.46583587
0.5049861,0.5049861
0.55004954,0.55004954
0.5471104,0.5471104
0.5396137,0.5396137
0.51225924,0.51225924
0.47747976,0.47747976
0.49532628,0.49532628
0.49322966,0.49322966
0.4949666,0.4949666
0.4378331,0.4378331
0.45597515,0.45597515
0.4977314,0.4977314
0.52971345,0.52971345
0.5371563,0.5371563
0.44230863,0.44230863
0.46999112,0.46999112
0.4637357,0.4637357
0.43459877,0.43459877
0.4987947,0.4987947
0.5167325,0.5167325
0.5074167,0.5074167
0.49267054,0.49267054
0.47986066,0.47986066
0.44052196,0.44052196
0.4436579,0.4436579
0.48221123,0.48221123
0.46023092,0.46023092
0.50445414,0.50445414
0.48452353,0.48452353
0.47151145,0.47151145
0.38526416,0.38526416
0.4624127,0.4624127
0.4379504,0.4379504
0.54214513,0.54214513
0.530969,0.530969
0.48043463,0.48043463
0.56005347,0.56005347
0.55287474,0.55287474
0.46682402,0.46682402
0.50002944,0.50002944
0.51291084,0.51291084
0.50310445,0.50310445
0.46320838,0.46320838
0.43691567,0.43691567
0.50003546,0.50003546
0.4937626,0.4937626
0.5142969,0.5142969
0.50904363,0.50904363
0.44199917,0.44199917
0.45132893,0.45132893
0.47063994,0.47063994
0.51486635,0.51486635
0.52119595,0.52119595
0.4638321,0.4638321
0.447844,0.447844
0.40182835,0.40182835
0.4142505,0.4142505
0.5162474,0.5162474
0.49458867,0.49458867
0.43839177,0.43839177
0.44539315,0.44539315
0.45532528,0.45532528
0.45263916,0.45263916
0.49110734,0.49110734
0.39762697,0.39762697
0.42929068,0.42929068
0.5045737,0.5045737
0.49117365,0.49117365
0.5284089,0.5284089
0.51130885,0.51130885
0.50428414,0.50428414
0.50369954,0.50369954
0.48776954,0.48776954
0.46279457,0.46279457
0.4668384,0.4668384
0.3912846,0.3912846
0.40652016,0.40652016
0.39287582,0.39287582
0.44974166,0.44974166
0.4636233,0.4636233
0.48479998,0.48479998
0.5105489,0.5105489
0.49540883,0.49540883
0.5059466,0.5059466
0.45817643,0.45817643
0.48691857,0.48691857
0.46873817,0.46873817
0.44530392,0.44530392
0.44340304,0.44340304
0.48285636,0.48285636
0.48308566,0.48308566
0.5420013,0.5420013
0.5067667,0.5067667
0.49212718,0.49212718
0.4699372,0.4699372
0.43617,0.43617
0.43104854,0.43104854
0.42044082,0.42044082
0.5585149,0.5585149
0.49731588,0.49731588
0.46645215,0.46645215
0.47953394,0.47953394
0.4900591,0.4900591
0.50306296,0.50306296
0.5573386,0.5573386
0.5783879,0.5783879
0.55127615,0.55127615
0.48718795,0.48718795
0.48268217,0.48268217
0.46341595,0.46341595
0.49440572,0.49440572
0.5310408,0.5310408
0.4611286,0.4611286
0.43933812,0.43933812
0.42903188,0.42903188
0.5246872,0.5246872
0.51468027,0.51468027
0.50795025,0.50795025
0.5492164,0.5492164
0.46970364,0.46970364
0.5168143,0.5168143
0.451044,0.451044
0.48250112,0.48250112
0.4719302,0.4719302
0.50674236,0.50674236
0.5579038,0.5579038
0.5421223,0.5421223
0.5306757,0.5306757
0.46504852,0.46504852
0.5310733,0.5310733
0.50448257,0.50448257
0.49322808,0.49322808
0.46454626,0.46454626
0.51504225,0.51504225
0.4874572,0.4874572
0.47892943,0.47892943
0.5104764,0.5104764
0.47419086,0.47419086
0.5083022,0.5083022
0.5065052,0.5065052
0.51530635,0.51530635
0.51871544,0.51871544
0.5040977,0.5040977
0.41808486,0.41808486
0.43202078,0.43202078
0.45172456,0.45172456
0.5601175,0.5601175
0.49668998,0.49668998
0.52020603,0.52020603
0.4802071,0.4802071
0.57314986,0.57314986
0.5267099,0.5267099
0.45001695,0.45001695
0.5026544,0.5026544
0.5236412,0.5236412
0.5066843,0.5066843
0.4835838,0.4835838
0.4612447,0.4612447
0.44706696,0.44706696
0.46475706,0.46475706
0.46555385,0.46555385
0.44902426,0.44902426
0.45091978,0.45091978
0.4472784,0.4472784
0.54850245,0.54850245
0.55737907,0.55737907
0.5351222,0.5351222
0.49672234,0.49672234
0.50157136,0.50157136
0.45248777,0.45248777
0.47952023,0.47952023
0.49311373,0.49311373
0.4787019,0.4787019
0.54745036,0.54745036
0.5319523,0.5319523
0.50102556,0.50102556
0.5612328,0.5612328
0.49462068,0.49462068
0.51528025,0.51528025
0.5146859,0.5146859
0.51935506,0.51935506
0.51311445,0.51311445
0.49062407,0.49062407
0.49758905,0.49758905
0.47652546,0.47652546
0.48337013,0.48337013
0.43365803,0.43365803
0.4975963,0.4975963
0.5315867,0.5315867
0.5477325,0.5477325
0.501026,0.501026
0.52455914,0.52455914
0.50523335,0.50523335
0.5030933,0.5030933
0.45216256,0.45216256
0.48245904,0.48245904
0.4957954,0.4957954
0.51374465,0.51374465
0.5256733,0.5256733
0.5232615,0.5232615
0.57191414,0.57191414
0.5367841,0.5367841
0.52907777,0.52907777
0.51947284,0.51947284
0.51499015,0.51499015
0.54617554,0.54617554
0.5424254,0.5424254
0.52224773,0.52224773
0.5154791,0.5154791
0.5113445,0.5113445
0.5323048,0.5323048
0.54057634,0.54057634
0.5585635,0.5585635
0.5437045,0.5437045
0.53480643,0.53480643
0.56169176,0.56169176
0.5395082,0.5395082
0.5124614,0.5124614
0.52534366,0.52534366
0.5153274,0.5153274
0.534345,0.534345
0.4980022,0.4980022
0.5262143,0.5262143
0.50888157,0.50888157
0.50781745,0.50781745
0.5498788,0.5498788
0.4854293,0.4854293
0.5465578,0.5465578
0.5388839,0.5388839
0.48654127,0.48654127
0.41508338,0.41508338
0.44007424,0.44007424
0.48720574,0.48720574
0.50435394,0.50435394
0.51306325,0.51306325
0.49388653,0.49388653
0.5621574,0.5621574
0.49465764,0.49465764
0.54525346,0.54525346
0.5055528,0.5055528
0.54784864,0.54784864
0.5293057,0.5293057
0.52213496,0.52213496
0.4984272,0.4984272
0.50969857,0.50969857
0.5025772,0.5025772
0.5559592,0.5559592
0.5415708,0.5415708
0.50061756,0.50061756
0.5496808,0.5496808
0.54685324,0.54685324
0.4636826,0.4636826
0.436224,0.436224
0.49006605,0.49006605
0.5237208,0.5237208
0.5273739,0.5273739
0.45061207,0.45061207
0.49121222,0.49121222
0.4768927,0.4768927
0.45799115,0.45799115
0.5208822,0.5208822
0.4898915,0.4898915
0.44463053,0.44463053
0.44671044,0.44671044
0.51340055,0.51340055
0.500085,0.500085
0.5403807,0.5403807
0.5208968,0.5208968
0.47350872,0.47350872
0.505094,0.505094
0.5269937,0.5269937
0.5018753,0.5018753
0.52637875,0.52637875
0.45298424,0.45298424
0.49390745,0.49390745
0.44004083,0.44004083
0.4708175,0.4708175
0.38662484,0.38662484
0.4376656,0.4376656
0.49278918,0.49278918
0.4103765,0.4103765
0.4872568,0.4872568
0.4483594,0.4483594
0.42162532,0.42162532
0.42400444,0.42400444
0.43877584,0.43877584
0.4911644,0.4911644
0.5107801,0.5107801
0.4983366,0.4983366
0.5167281,0.5167281
0.52449274,0.52449274
0.50020754,0.50020754
0.5278425,0.5278425
0.5571478,0.5571478
0.5271902,0.5271902
0.43417552,0.43417552
0.48992035,0.48992035
0.481273,0.481273
0.5314107,0.5314107
0.5115132,0.5115132
0.56264067,0.56264067
0.51712143,0.51712143
0.51420677,0.51420677
0.5398913,0.5398913
0.4844882,0.4844882
0.50976366,0.50976366
0.55260015,0.55260015
0.5059046,0.5059046
0.47350457,0.47350457
0.48722467,0.48722467
0.5109851,0.5109851
0.51973546,0.51973546
0.57932925,0.57932925
0.42185912,0.42185912
0.45703667,0.45703667
0.51014817,0.51014817
0.43281186,0.43281186
0.511506,0.511506
0.457304,0.457304
0.5098992,0.5098992
0.523129,0.523129
0.51560223,0.51560223
0.4926555,0.4926555
0.51812935,0.51812935
0.54574114,0.54574114
0.50746644,0.50746644
0.5303132,0.5303132
0.48089117,0.48089117
0.47897133,0.47897133
0.52851284,0.52851284
0.4641814,0.4641814
0.52675503,0.52675503
0.47808835,0.47808835
0.52114964,0.52114964
0.45208064,0.45208064
0.47410348,0.47410348
0.49137273,0.49137273
0.46619934,0.46619934
0.5598512,0.5598512
0.50322974,0.50322974
0.47996774,0.47996774
0.50404197,0.50404197
0.50350004,0.50350004
0.5030361,0.5030361
0.5299751,0.5299751
0.4777124,0.4777124
0.44155237,0.44155237
0.43531704,0.43531704
0.47728997,0.47728997
0.4090799,0.4090799
0.49585763,0.49585763
0.44510138,0.44510138
0.46442917,0.46442917
0.45043585,0.45043585
0.47005817,0.47005817
0.4685271,0.4685271
0.47055793,0.47055793
0.5449132,0.5449132
0.5307821,0.5307821
0.5402412,0.5402412
0.492925,0.492925
0.47448206,0.47448206
0.51115257,0.51115257
0.4813967,0.4813967
0.4856721,0.4856721
0.442133,0.442133
0.4968302,0.4968302
0.45746863,0.45746863
0.43605402,0.43605402
0.43662748,0.43662748
0.49952054,0.49952054
0.48806947,0.48806947
0.49122795,0.49122795
0.44464403,0.44464403
0.5031803,0.5031803
0.44384465,0.44384465
0.40684342,0.40684342
0.4837091,0.4837091
0.45729285,0.45729285
0.5641463,0.5641463
0.45935556,0.45935556
0.50784963,0.50784963
0.52605194,0.52605194
0.52056,0.52056
0.51144165,0.51144165
0.5295681,0.5295681
0.49051806,0.49051806
0.492661,0.492661
0.46551347,0.46551347
0.4548159,0.4548159
0.51958513,0.51958513
0.5060684,0.5060684
0.52645385,0.52645385
0.49918666,0.49918666
0.4696105,0.4696105
0.46899703,0.46899703
0.43577743,0.43577743
0.4553865,0.4553865
0.40490684,0.40490684
0.48810652,0.48810652
0.43368602,0.43368602
0.45481366,0.45481366
0.44478574,0.44478574
0.474009,0.474009
0.47143492,0.47143492
0.43034002,0.43034002
0.5444591,0.5444591
0.51671594,0.51671594
0.47794163,0.47794163
0.47386122,0.47386122
0.50723857,0.50723857
0.5017688,0.5017688
0.4624759,0.4624759
0.43473953,0.43473953
0.5190012,0.5190012
0.53782314,0.53782314
0.5806612,0.5806612
0.5118068,0.5118068
0.48816136,0.48816136
0.50160736,0.50160736
0.46048737,0.46048737
0.42461565,0.42461565
0.4717559,0.4717559
0.45909747,0.45909747
0.41241252,0.41241252
0.4681119,0.4681119
0.496327,0.496327
0.520237,0.520237
0.5260391,0.5260391
0.51626045,0.51626045
0.4934858,0.4934858
0.5232738,0.5232738
0.5660023,0.5660023
0.49764925,0.49764925
0.5371888,0.5371888
0.5052898,0.5052898
0.49974135,0.49974135
0.5170908,0.5170908
0.5058832,0.5058832
0.48086905,0.48086905
0.4553817,0.4553817
0.48638636,0.48638636
0.50631356,0.50631356
0.48659924,0.48659924
0.479228,0.479228
0.5122074,0.5122074
0.5226677,0.5226677
0.52574444,0.52574444
0.50318617,0.50318617
0.4788872,0.4788872
0.48510015,0.48510015
0.5010358,0.5010358
0.50902236,0.50902236
0.5382973,0.5382973
0.45381942,0.45381942
0.45965248,0.45965248
0.50634754,0.50634754
0.4988581,0.4988581
0.50673646,0.50673646
0.5358366,0.5358366
0.5007367,0.5007367
0.5141081,0.5141081
0.527793,0.527793
0.51215446,0.51215446
0.5093446,0.5093446
0.50428694,0.50428694
0.49628463,0.49628463
0.43198007,0.43198007
0.48342863,0.48342863
0.50508076,0.50508076
0.4690686,0.4690686
0.5227368,0.5227368
0.4709968,0.4709968
0.52166736,0.52166736
0.47009608,0.47009608
0.4913032,0.4913032
0.50716215,0.50716215
0.4991261,0.4991261
0.5289718,0.5289718
0.5332185,0.5332185
0.5500449,0.5500449
0.49437615,0.49437615
0.50542456,0.50542456
0.5426411,0.5426411
0.5122611,0.5122611
0.5448476,0.5448476
0.48682255,0.48682255
0.52582806,0.52582806
0.44975987,0.44975987
0.54886,0.54886
0.46832073,0.46832073
0.47135508,0.47135508
0.48467615,0.48467615
0.47099274,0.47099274
0.49896407,0.49896407
0.49008372,0.49008372
0.49941045,0.49941045
0.54426193,0.54426193
0.50006384,0.50006384
0.43603918,0.43603918
0.43948713,0.43948713
0.4362399,0.4362399
0.46780756,0.46780756
0.49094632,0.49094632
0.48575214,0.48575214
0.4980595,0.4980595
0.49119106,0.49119106
0.45721462,0.45721462
0.45515853,0.45515853
0.5078964,0.5078964
0.48722404,0.48722404
0.4621962,0.4621962
0.44382346,0.44382346
0.48173377,0.48173377
0.4639194,0.4639194
0.44281444,0.44281444
0.48079523,0.48079523
0.4835485,0.4835485
0.45691985,0.45691985
0.46381944,0.46381944
0.50754124,0.50754124
0.50207305,0.50207305
0.4706943,0.4706943
0.50182486,0.50182486
0.48050693,0.48050693
0.47563145,0.47563145
0.49146995,0.49146995
0.45946768,0.45946768
0.5051684,0.5051684
0.54475754,0.54475754
0.45877782,0.45877782
0.50268036,0.50268036
0.51400375,0.51400375
0.42792457,0.42792457
0.46081874,0.46081874
0.5052764,0.5052764
0.51634276,0.51634276
0.506833,0.506833
0.5003519,0.5003519
0.46902412,0.46902412
0.49683338,0.49683338
0.5601097,0.5601097
0.48331386,0.48331386
0.50066817,0.50066817
0.44345614,0.44345614
0.4958733,0.4958733
0.4896483,0.4896483
0.5110639,0.5110639
0.5268429,0.5268429
0.49426743,0.49426743
0.48937666,0.48937666
0.51252276,0.51252276
0.457355,0.457355
0.45621756,0.45621756
0.5052359,0.5052359
0.49786767,0.49786767
0.45637196,0.45637196
0.4580006,0.4580006
0.5382293,0.5382293
0.53194684,0.53194684
0.51786715,0.51786715
0.48503494,0.48503494
0.4297925,0.4297925
0.5108802,0.5108802
0.43609837,0.43609837
0.44732574,0.44732574
0.4825035,0.4825035
0.5190073,0.5190073
0.4972104,0.4972104
0.42499566,0.42499566
0.5106315,0.5106315
0.47430882,0.47430882
0.4143117,0.4143117
0.4522241,0.4522241
0.49408275,0.49408275
0.45760426,0.45760426
0.4543136,0.4543136
0.4646372,0.4646372
0.46097723,0.46097723
0.4263808,0.4263808
0.4582037,0.4582037
0.43998083,0.43998083
0.51982623,0.51982623
0.43886584,0.43886584
0.47355098,0.47355098
0.470221,0.470221
0.49605322,0.49605322
0.48010865,0.48010865
0.47482428,0.47482428
0.4792318,0.4792318
0.44043472,0.44043472
0.43478447,0.43478447
0.5158638,0.5158638
0.4380642,0.4380642
0.44200045,0.44200045
0.4375693,0.4375693
0.39596626,0.39596626
0.47106782,0.47106782
0.47545072,0.47545072
0.4926689,0.4926689
0.44953743,0.44953743
0.51523876,0.51523876
0.4827391,0.4827391
0.48501217,0.48501217
0.5179905,0.5179905
0.38668332,0.38668332
0.44566062,0.44566062
0.49276534,0.49276534
0.5031236,0.5031236
0.51292306,0.51292306
0.5980268,0.5980268
0.5061223,0.5061223
0.4133738,0.4133738
0.5119705,0.5119705
0.5305969,0.5305969
0.5597047,0.5597047
0.56221664,0.56221664
0.521439,0.521439
0.42078996,0.42078996
0.48463696,0.48463696
0.52639675,0.52639675
0.48594087,0.48594087
0.52004164,0.52004164
0.5478178,0.5478178
0.5366451,0.5366451
0.5088346,0.5088346
0.43919903,0.43919903
0.5127783,0.5127783
0.49239734,0.49239734
0.47645596,0.47645596
0.4961392,0.4961392
0.5348626,0.5348626
0.47205704,0.47205704
0.4780332,0.4780332
0.47699863,0.47699863
0.4832385,0.4832385
0.48977324,0.48977324
0.51033896,0.51033896
0.5015917,0.5015917
0.50419706,0.50419706
0.4665983,0.4665983
0.4996765,0.4996765
0.5057381,0.5057381
0.5456257,0.5456257
0.5504761,0.5504761
0.5449333,0.5449333
0.5442836,0.5442836
0.49401027,0.49401027
0.46909156,0.46909156
0.52037346,0.52037346
0.4513665,0.4513665
0.47011712,0.47011712
0.47183815,0.47183815
0.53343505,0.53343505
0.5311734,0.5311734
0.47339123,0.47339123
0.4969836,0.4969836
0.48109847,0.48109847
0.5139297,0.5139297
0.488638,0.488638
0.5036059,0.5036059
0.48065153,0.48065153
0.54003066,0.54003066
0.51142424,0.51142424
0.49125913,0.49125913
0.60010433,0.60010433
0.49580175,0.49580175
0.5028015,0.5028015
0.4464693,0.4464693
0.44095394,0.44095394
0.48405513,0.48405513
0.4634731,0.4634731
0.53872985,0.53872985
0.56041473,0.56041473
0.4232001,0.4232001
0.5044462,0.5044462
0.41874564,0.41874564
0.5061621,0.5061621
0.47850138,0.47850138
0.43759492,0.43759492
0.44422045,0.44422045
0.51476175,0.51476175
0.53529525,0.53529525
0.565331,0.565331
0.5657248,0.5657248
0.47457922,0.47457922
0.45157066,0.45157066
0.5074449,0.5074449
0.44930202,0.44930202
0.5258322,0.5258322
0.4889044,0.4889044
0.4596447,0.4596447
0.45277324,0.45277324
0.47347966,0.47347966
0.51871955,0.51871955
0.47792572,0.47792572
0.45804748,0.45804748
0.5170798,0.5170798
0.4307082,0.4307082
0.4399883,0.4399883
0.47632277,0.47632277
0.49524137,0.49524137
0.46235767,0.46235767
0.49725044,0.49725044
0.4702975,0.4702975
0.49296314,0.49296314
0.49778318,0.49778318
0.46611497,0.46611497
0.4731364,0.4731364
0.5085272,0.5085272
0.4912394,0.4912394
0.4861936,0.4861936
0.4812938,0.4812938
0.48332596,0.48332596
0.4787879,0.4787879
0.44087386,0.44087386
0.48219386,0.48219386
0.52655756,0.52655756
0.5084582,0.5084582
0.5439287,0.5439287
0.5370149,0.5370149
0.48171756,0.48171756
0.484023,0.484023
0.48018086,0.48018086
0.56757075,0.56757075
0.549458,0.549458
0.52752227,0.52752227
0.54293996,0.54293996
0.5356447,0.5356447
0.5502958,0.5502958
0.50463897,0.50463897
0.54918754,0.54918754
0.48849252,0.48849252
0.50556237,0.50556237
0.44359338,0.44359338
0.49648678,0.49648678
0.45438182,0.45438182
0.5151718,0.5151718
0.45814648,0.45814648
0.51412135,0.51412135
0.49898148,0.49898148
0.4765536,0.4765536
0.4634412,0.4634412
0.53966594,0.53966594
0.516076,0.516076
0.5528783,0.5528783
0.51654625,0.51654625
0.48759428,0.48759428
0.45955756,0.45955756
0.42604408,0.42604408
0.46776795,0.46776795
0.48359084,0.48359084
0.4461101,0.4461101
0.48935613,0.48935613
0.46442157,0.46442157
0.47463855,0.47463855
0.49769577,0.49769577
0.5617901,0.5617901
0.54772174,0.54772174
0.5596417,0.5596417
0.5046792,0.5046792
0.5490276,0.5490276
0.4946752,0.4946752
0.47473547,0.47473547
0.47768366,0.47768366
0.46906307,0.46906307
0.38215813,0.38215813
0.47834718,0.47834718
0.53546387,0.53546387
0.4595284,0.4595284
0.48204252,0.48204252
0.51070666,0.51070666
0.5253482,0.5253482
0.5762515,0.5762515
0.5557006,0.5557006
0.55417824,0.55417824
0.48689574,0.48689574
0.4758358,0.4758358
0.51541406,0.51541406
0.44568974,0.44568974
0.41332155,0.41332155
0.49072596,0.49072596
0.408176,0.408176
0.4401603,0.4401603
0.39391887,0.39391887
0.6830376,0.6830376
0.5509628,0.5509628
0.48449567,0.48449567
0.449699,0.449699
0.445463,0.445463
0.50549126,0.50549126
0.5236963,0.5236963
0.5198979,0.5198979
0.5442175,0.5442175
0.50997037,0.50997037
0.52502525,0.52502525
0.52419937,0.52419937
0.5423988,0.5423988
0.528549,0.528549
0.53878844,0.53878844
0.48027563,0.48027563
0.48502922,0.48502922
0.50024265,0.50024265
0.5196456,0.5196456
0.5542113,0.5542113
0.60571814,0.60571814
0.44308564,0.44308564
0.44414154,0.44414154
0.5105436,0.5105436
0.60358036,0.60358036
0.5559014,0.5559014
0.48252603,0.48252603
0.4560619,0.4560619
0.49540886,0.49540886
0.49145576,0.49145576
0.46663392,0.46663392
0.51832056,0.51832056
0.52216977,0.52216977
0.43590412,0.43590412
0.45007417,0.45007417
0.44785392,0.44785392
0.46977958,0.46977958
0.4609449,0.4609449
0.47151265,0.47151265
0.50485396,0.50485396
0.50822216,0.50822216
0.5391779,0.5391779
0.4956195,0.4956195
0.49124384,0.49124384
0.51720774,0.51720774
0.48471487,0.48471487
0.45515722,0.45515722
0.4147369,0.4147369
0.49849203,0.49849203
0.5665401,0.5665401
0.48827606,0.48827606
0.5292955,0.5292955
0.5325168,0.5325168
0.5145394,0.5145394
0.4926649,0.4926649
0.49630523,0.49630523
0.5298009,0.5298009
0.4993606,0.4993606
0.49452713,0.49452713
0.51633024,0.51633024
0.509374,0.509374
0.5630874,0.5630874
0.4501155,0.4501155
0.45513538,0.45513538
0.5110767,0.5110767
0.41157615,0.41157615
0.5034171,0.5034171
0.5056254,0.5056254
0.5110128,0.5110128
0.527473,0.527473
0.53323466,0.53323466
0.5014695,0.5014695
0.51194924,0.51194924
0.52295536,0.52295536
0.5290437,0.5290437
0.45372984,0.45372984
0.44346935,0.44346935
0.50116134,0.50116134
0.5273063,0.5273063
0.45711336,0.45711336
0.48143724,0.48143724
0.5141529,0.5141529
0.52524453,0.52524453
0.49453416,0.49453416
0.5051511,0.5051511
0.49479622,0.49479622
0.45720577,0.45720577
0.48066384,0.48066384
0.59617394,0.59617394
0.5237938,0.5237938
0.47588983,0.47588983
0.53559744,0.53559744
0.5172169,0.5172169
0.455788,0.455788
0.42137343,0.42137343
0.49998796,0.49998796
0.4532788,0.4532788
0.49034557,0.49034557
0.47029027,0.47029027
0.4350336,0.4350336
0.44364947,0.44364947
0.4605413,0.4605413
0.47789168,0.47789168
0.44520393,0.44520393
0.3458452,0.3458452
0.4520588,0.4520588
0.49886614,0.49886614
0.46224406,0.46224406
0.50005513,0.50005513
0.39313325,0.39313325
0.50015056,0.50015056
0.51199657,0.51199657
0.5149321,0.5149321
0.5334913,0.5334913
0.4833859,0.4833859
0.42826292,0.42826292
0.44336626,0.44336626
0.47641188,0.47641188
0.46843728,0.46843728
0.4663397,0.4663397
0.4592359,0.4592359
0.4909487,0.4909487
0.42846414,0.42846414
0.43608364,0.43608364
0.42331263,0.42331263
0.4374162,0.4374162
0.46262798,0.46262798
0.4072037,0.4072037
0.41330537,0.41330537
0.47395837,0.47395837
0.47766334,0.47766334
0.5245335,0.5245335
0.534423,0.534423
0.5219611,0.5219611
0.4877296,0.4877296
0.50717026,0.50717026
0.5022858,0.5022858
0.49383813,0.49383813
0.467385,0.467385
0.51855445,0.51855445
0.47085032,0.47085032
0.50430626,0.50430626
0.44522128,0.44522128
0.44145057,0.44145057
0.4299001,0.4299001
0.47402748,0.47402748
0.5283555,0.5283555
0.38345465,0.38345465
0.48870364,0.48870364
0.47035152,0.47035152
0.5111929,0.5111929
0.4524302,0.4524302
0.42277777,0.42277777
0.49673542,0.49673542
0.49909747,0.49909747
0.5133823,0.5133823
0.45866588,0.45866588
0.49040684,0.49040684
0.4972703,0.4972703
0.4459207,0.4459207
0.48850816,0.48850816
0.47541055,0.47541055
0.513926,0.513926
0.5062059,0.5062059
0.51119065,0.51119065
0.50138414,0.50138414
0.46757793,0.46757793
0.45992315,0.45992315
0.59397,0.59397
0.48703453,0.48703453
0.45010144,0.45010144
0.4322832,0.4322832
0.5696618,0.5696618
0.46397182,0.46397182
0.5162361,0.5162361
0.50975907,0.50975907
0.516213,0.516213
0.5254774,0.5254774
0.46335492,0.46335492
0.45164737,0.45164737
0.42164108,0.42164108
0.48851788,0.48851788
0.46486297,0.46486297
0.40420172,0.40420172
0.43200535,0.43200535
0.43706027,0.43706027
0.4885956,0.4885956
0.5052856,0.5052856
0.48007983,0.48007983
0.50628155,0.50628155
0.5233531,0.5233531
0.5108044,0.5108044
0.5254769,0.5254769
0.4895971,0.4895971
0.47681522,0.47681522
0.50845593,0.50845593
0.51860416,0.51860416
0.53038883,0.53038883
0.52020067,0.52020067
0.5263363,0.5263363
0.52124584,0.52124584
0.56363934,0.56363934
0.50839937,0.50839937
0.50829595,0.50829595
0.4836258,0.4836258
0.49335894,0.49335894
0.5301763,0.5301763
0.5145031,0.5145031
0.5180932,0.5180932
0.48704714,0.48704714
0.53877705,0.53877705
0.49740276,0.49740276
0.52768475,0.52768475
0.48223552,0.48223552
0.5436246,0.5436246
0.5028526,0.5028526
0.44076118,0.44076118
0.47837916,0.47837916
0.5182036,0.5182036
0.4970789,0.4970789
0.50223374,0.50223374
0.5336062,0.5336062
0.4651159,0.4651159
0.49290442,0.49290442
0.4499603,0.4499603
0.41203392,0.41203392
0.42734173,0.42734173
0.49084002,0.49084002
0.56815743,0.56815743
0.47508007,0.47508007
0.48065728,0.48065728
0.49094787,0.49094787
0.4495462,0.4495462
0.49858725,0.49858725
0.49293154,0.49293154
0.47168288,0.47168288
0.4942829,0.4942829
0.50014204,0.50014204
0.44131696,0.44131696
0.5171671,0.5171671
0.46148106,0.46148106
0.4273182,0.4273182
0.47047508,0.47047508
0.48772684,0.48772684
0.4881041,0.4881041
0.51067245,0.51067245
0.49242982,0.49242982
0.4150095,0.4150095
0.47090775,0.47090775
0.49139214,0.49139214
0.50329655,0.50329655
0.51127523,0.51127523
0.4517816,0.4517816
0.47521347,0.47521347
0.4926372,0.4926372
0.45775306,0.45775306
0.5003223,0.5003223
0.4677213,0.4677213
0.47756442,0.47756442
0.53313756,0.53313756
0.4900659,0.4900659
0.48883924,0.48883924
0.5202049,0.5202049
0.44937253,0.44937253
0.43444857,0.43444857
0.44343102,0.44343102
0.50486606,0.50486606
0.41938508,0.41938508
0.4950658,0.4950658
0.5006294,0.5006294
0.5075016,0.5075016
0.5252762,0.5252762
0.44807062,0.44807062
0.50713426,0.50713426
0.52084494,0.52084494
0.49037147,0.49037147
0.46170124,0.46170124
0.4766404,0.4766404
0.48288214,0.48288214
0.4950986,0.4950986
0.48337582,0.48337582
0.48944476,0.48944476
0.47050604,0.47050604
0.48880634,0.48880634
0.49416822,0.49416822
0.51313794,0.51313794
0.4626005,0.4626005
0.4645048,0.4645048
0.5195535,0.5195535
0.47736546,0.47736546
0.5069709,0.5069709
0.47372392,0.47372392
0.52138174,0.52138174
0.46023908,0.46023908
0.4356323,0.4356323
0.5083992,0.5083992
0.52395177,0.52395177
0.5008624,0.5008624
0.5338485,0.5338485
0.47521907,0.47521907
0.51094806,0.51094806
0.5283689,0.5283689
0.54351926,0.54351926
0.48375675,0.48375675
0.51377034,0.51377034
0.5100798,0.5100798
0.5235,0.5235
0.54618835,0.54618835
0.45853305,0.45853305
0.46366355,0.46366355
0.49840164,0.49840164
0.54042804,0.54042804
0.4840788,0.4840788
0.48893693,0.48893693
0.5348728,0.5348728
0.5167142,0.5167142
0.51713306,0.51713306
0.47386596,0.47386596
0.49519506,0.49519506
0.47988185,0.47988185
0.5228278,0.5228278
0.5027277,0.5027277
0.5161595,0.5161595
0.5328079,0.5328079
0.52908343,0.52908343
0.5245407,0.5245407
0.5041067,0.5041067
0.5346539,0.5346539
0.5413401,0.5413401
0.4976828,0.4976828
0.5210824,0.5210824
0.542489,0.542489
0.53704965,0.53704965
0.5770274,0.5770274
0.5412774,0.5412774
0.5128277,0.5128277
0.5565799,0.5565799
0.54206604,0.54206604
0.52806944,0.52806944
0.49322164,0.49322164
0.5542405,0.5542405
0.5289115,0.5289115
0.55084807,0.55084807
0.49207816,0.49207816
0.5359069,0.5359069
0.54257476,0.54257476
0.5065502,0.5065502
0.47252998,0.47252998
0.46234208,0.46234208
0.49165744,0.49165744
0.4955157,0.4955157
0.50824165,0.50824165
0.51552796,0.51552796
0.4871074,0.4871074
0.51036966,0.51036966
0.5413434,0.5413434
0.5336099,0.5336099
0.50409377,0.50409377
0.5015442,0.5015442
0.4935753,0.4935753
0.4937659,0.4937659
0.48283908,0.48283908
0.53206444,0.53206444
0.4999343,0.4999343
0.4692522,0.4692522
0.48219338,0.48219338
0.5069144,0.5069144
0.5533197,0.5533197
0.52756417,0.52756417
0.48614937,0.48614937
0.54324406,0.54324406
0.55983585,0.55983585
0.5149725,0.5149725
0.56491554,0.56491554
0.55354625,0.55354625
0.5321987,0.5321987
0.50107604,0.50107604
0.51953256,0.51953256
0.55882025,0.55882025
0.5312947,0.5312947
0.46393004,0.46393004
0.5161603,0.5161603
0.44657096,0.44657096
0.48801208,0.48801208
0.46246076,0.46246076
0.49121222,0.49121222
0.50669205,0.50669205
0.4991065,0.4991065
0.5156114,0.5156114
0.52083516,0.52083516
0.4739732,0.4739732
0.5237378,0.5237378
0.55025107,0.55025107
0.5702116,0.5702116
0.5232575,0.5232575
0.4954167,0.4954167
0.5113476,0.5113476
0.48023537,0.48023537
0.49020553,0.49020553
0.46531075,0.46531075
0.46719345,0.46719345
0.4673076,0.4673076
0.45712358,0.45712358
0.42193255,0.42193255
0.38991255,0.38991255
0.44390106,0.44390106
0.43606701,0.43606701
0.4780893,0.4780893
0.46436018,0.46436018
0.4499899,0.4499899
0.5118303,0.5118303
0.5038953,0.5038953
0.54804456,0.54804456
0.45814595,0.45814595
0.51387453,0.51387453
0.4290364,0.4290364
0.42502484,0.42502484
0.42209762,0.42209762
0.41984698,0.41984698
0.468513,0.468513
0.5105569,0.5105569
0.5062742,0.5062742
0.46136355,0.46136355
0.5240551,0.5240551
0.48734102,0.48734102
0.4581743,0.4581743
0.47237733,0.47237733
0.51569307,0.51569307
0.53104764,0.53104764
0.49904084,0.49904084
0.5120624,0.5120624
0.5248226,0.5248226
0.5143476,0.5143476
0.48944294,0.48944294
0.51129043,0.51129043
0.48485672,0.48485672
0.47696784,0.47696784
0.49316755,0.49316755
0.47489575,0.47489575
0.43938628,0.43938628
0.54491735,0.54491735
0.4989451,0.4989451
0.5068864,0.5068864
0.52428603,0.52428603
0.49701416,0.49701416
0.50214887,0.50214887
0.45963484,0.45963484
0.48709995,0.48709995
0.48878887,0.48878887
0.50463384,0.50463384
0.48333412,0.48333412
0.48116624,0.48116624
0.4977039,0.4977039
0.5184662,0.5184662
0.5041207,0.5041207
0.48087636,0.48087636
0.48774725,0.48774725
0.51593244,0.51593244
0.46098956,0.46098956
0.4962802,0.4962802
0.5071696,0.5071696
0.51446766,0.51446766
0.5081127,0.5081127
0.48813483,0.48813483
0.5083727,0.5083727
0.49817187,0.49817187
0.47389796,0.47389796
0.49366537,0.49366537
0.5161883,0.5161883
0.5098861,0.5098861
0.50681275,0.50681275
0.453621,0.453621
0.48386908,0.48386908
0.4864141,0.4864141
0.47465715,0.47465715
0.50373113,0.50373113
0.45238504,0.45238504
0.51956046,0.51956046
0.47978207,0.47978207
0.47685027,0.47685027
0.4853334,0.4853334
0.48822886,0.48822886
0.47980458,0.47980458
0.48073268,0.48073268
0.48280793,0.48280793
0.45730886,0.45730886
0.5229931,0.5229931
0.4977349,0.4977349
0.4724342,0.4724342
0.4663087,0.4663087
0.4971882,0.4971882
0.48910543,0.48910543
0.47776046,0.47776046
0.48796245,0.48796245
0.48068792,0.48068792
0.46869874,0.46869874
0.51270527,0.51270527
0.48557475,0.48557475
0.46265984,0.46265984
0.4919373,0.4919373
0.48380914,0.48380914
0.45106754,0.45106754
0.37593555,0.37593555
0.4641662,0.4641662
0.5381385,0.5381385
0.4751009,0.4751009
0.51705945,0.51705945
0.43027183,0.43027183
0.47918606,0.47918606
0.51010597,0.51010597
0.43041635,0.43041635
0.5041861,0.5041861
0.47902295,0.47902295
0.58664215,0.58664215
0.5252873,0.5252873
0.46089536,0.46089536
0.51691043,0.51691043
0.5465043,0.5465043
0.53836936,0.53836936
0.47834283,0.47834283
0.48277262,0.48277262
0.47114202,0.47114202
0.512656,0.512656
0.5296748,0.5296748
0.5268322,0.5268322
0.47999248,0.47999248
0.519692,0.519692
0.4782032,0.4782032
0.4914771,0.4914771
0.4856915,0.4856915
0.43484697,0.43484697
0.4738155,0.4738155
0.46140823,0.46140823
0.5119712,0.5119712
0.4777977,0.4777977
0.4881634,0.4881634
0.455463,0.455463
0.4952139,0.4952139
0.46718365,0.46718365
0.5597591,0.5597591
0.48873705,0.48873705
0.49182948,0.49182948
0.48841444,0.48841444
0.48980883,0.48980883
0.5057401,0.5057401
0.48685798,0.48685798
0.4301798,0.4301798
0.49500254,0.49500254
0.46340021,0.46340021
0.44418,0.44418
0.48004314,0.48004314
0.54353946,0.54353946
0.44654104,0.44654104
0.49631998,0.49631998
0.5038729,0.5038729
0.45510957,0.45510957
0.51204586,0.51204586
0.453332,0.453332
0.4303758,0.4303758
0.5269231,0.5269231
0.4933042,0.4933042
0.5273862,0.5273862
0.5035626,0.5035626
0.46921572,0.46921572
0.5050332,0.5050332
0.5336067,0.5336067
0.46820328,0.46820328
0.5216827,0.5216827
0.53560394,0.53560394
0.5177851,0.5177851
0.5091239,0.5091239
0.5726587,0.5726587
0.43844754,0.43844754
0.5625115,0.5625115
0.52789223,0.52789223
0.500004,0.500004
0.48467436,0.48467436
0.48344222,0.48344222
0.49002808,0.49002808
0.4816435,0.4816435
0.5643738,0.5643738
0.47949216,0.47949216
0.47810447,0.47810447
0.44081995,0.44081995
0.52394664,0.52394664
0.50920916,0.50920916
0.4993892,0.4993892
0.5014249,0.5014249
0.43956557,0.43956557
0.503641,0.503641
0.46148345,0.46148345
0.54042953,0.54042953
0.48610178,0.48610178
0.46889117,0.46889117
0.5050481,0.5050481
0.5094191,0.5094191
0.51910007,0.51910007
0.39916608,0.39916608
0.4688156,0.4688156
0.49879906,0.49879906
0.5006524,0.5006524
0.51287013,0.51287013
0.47099948,0.47099948
0.5004016,0.5004016
0.5355217,0.5355217
0.5031827,0.5031827
0.48659724,0.48659724
0.48201162,0.48201162
0.50521016,0.50521016
0.5332186,0.5332186
0.4816031,0.4816031
0.44932485,0.44932485
0.4740658,0.4740658
0.42493185,0.42493185
0.37865955,0.37865955
0.40871716,0.40871716
0.45889056,0.45889056
0.4740814,0.4740814
0.5024287,0.5024287
0.47018582,0.47018582
0.5048945,0.5048945
0.5010097,0.5010097
0.44252053,0.44252053
0.52082074,0.52082074
0.4749622,0.4749622
0.45197478,0.45197478
0.5110547,0.5110547
0.4566438,0.4566438
0.4611025,0.4611025
0.47051573,0.47051573
0.4950231,0.4950231
0.43926498,0.43926498
0.48900297,0.48900297
0.4498664,0.4498664
0.4939962,0.4939962
0.45392385,0.45392385
0.47787863,0.47787863
0.4830791,0.4830791
0.4739782,0.4739782
0.4672502,0.4672502
0.4177911,0.4177911
0.4782084,0.4782084
0.50877947,0.50877947
0.50807226,0.50807226
0.49706006,0.49706006
0.45470434,0.45470434
0.46462834,0.46462834
0.48637372,0.48637372
0.48399678,0.48399678
0.54237187,0.54237187
0.49794167,0.49794167
0.4767514,0.4767514
0.49646991,0.49646991
0.5085513,0.5085513
0.5054812,0.5054812
0.47853497,0.47853497
0.49349546,0.49349546
0.5633973,0.5633973
0.5460241,0.5460241
0.49354583,0.49354583
0.5176458,0.5176458
0.56000394,0.56000394
0.51234454,0.51234454
0.51562375,0.51562375
0.47188053,0.47188053
0.49242118,0.49242118
0.5056475,0.5056475
0.5246547,0.5246547
0.527411,0.527411
0.49179947,0.49179947
0.5071953,0.5071953
0.5137272,0.5137272
0.47948706,0.47948706
0.47694862,0.47694862
0.5291506,0.5291506
0.54086703,0.54086703
0.46604356,0.46604356
0.4705752,0.4705752
0.48608613,0.48608613
0.49598268,0.49598268
0.49746668,0.49746668
0.535384,0.535384
0.49202788,0.49202788
0.50519484,0.50519484
0.52908117,0.52908117
0.49056008,0.49056008
0.5103072,0.5103072
0.50766224,0.50766224
0.49910712,0.49910712
0.56244516,0.56244516
0.52857924,0.52857924
0.53144455,0.53144455
0.46778467,0.46778467
0.5078303,0.5078303
0.57865,0.57865
0.5122864,0.5122864
0.4949177,0.4949177
0.5336373,0.5336373
0.4761159,0.4761159
0.51594794,0.51594794
0.51588833,0.51588833
0.5380027,0.5380027
0.5256056,0.5256056
0.55164397,0.55164397
0.4978623,0.4978623
0.47780463,0.47780463
0.49281025,0.49281025
0.5282084,0.5282084
0.49702927,0.49702927
0.48693696,0.48693696
0.5033289,0.5033289
0.46728307,0.46728307
0.5068104,0.5068104
0.52923936,0.52923936
0.5324026,0.5324026
0.49640235,0.49640235
0.51050025,0.51050025
0.4898328,0.4898328
0.5216975,0.5216975
0.55696386,0.55696386
0.42924282,0.42924282
0.50240797,0.50240797
0.5374789,0.5374789
0.4949358,0.4949358
0.49721217,0.49721217
0.4918368,0.4918368
0.47267324,0.47267324
0.552187,0.552187
0.54708505,0.54708505
0.5088385,0.5088385
0.54769045,0.54769045
0.47548386,0.47548386
0.5248239,0.5248239
0.5608481,0.5608481
0.52578217,0.52578217
0.49664107,0.49664107
0.47080138,0.47080138
0.5145275,0.5145275
0.49670538,0.49670538
0.5165201,0.5165201
0.46464393,0.46464393
0.4918096,0.4918096
0.53426653,0.53426653
0.51344955,0.51344955
0.4796244,0.4796244
0.5128586,0.5128586
0.4930402,0.4930402
0.49880186,0.49880186
0.4686611,0.4686611
0.47314024,0.47314024
0.47748274,0.47748274
0.48435313,0.48435313
0.5148126,0.5148126
0.5377589,0.5377589
0.50064266,0.50064266
0.50536686,0.50536686
0.5087086,0.5087086
0.5022322,0.5022322
0.46557158,0.46557158
0.49297777,0.49297777
0.50976956,0.50976956
0.47166705,0.47166705
0.4828218,0.4828218
0.4703703,0.4703703
0.5184765,0.5184765
0.49506706,0.49506706
0.5134492,0.5134492
0.5184484,0.5184484
0.44431648,0.44431648
0.4742311,0.4742311
0.50806546,0.50806546
0.51601726,0.51601726
0.48141515,0.48141515
0.5140448,0.5140448
0.46465966,0.46465966
0.4913201,0.4913201
0.51130074,0.51130074
0.4723779,0.4723779
0.51861286,0.51861286
0.42797455,0.42797455
0.5036655,0.5036655
0.5262054,0.5262054
0.52985466,0.52985466
0.52009785,0.52009785
0.54860365,0.54860365
0.5348214,0.5348214
0.53267485,0.53267485
0.51098377,0.51098377
0.5212868,0.5212868
0.5379603,0.5379603
0.48310217,0.48310217
0.47414348,0.47414348
0.5250137,0.5250137
0.51285946,0.51285946
0.5286475,0.5286475
0.53248405,0.53248405
0.532926,0.532926
0.47685322,0.47685322
0.4866161,0.4866161
0.5095563,0.5095563
0.5553699,0.5553699
0.53018975,0.53018975
0.5200253,0.5200253
0.4805663,0.4805663
0.39024925,0.39024925
0.49596596,0.49596596
0.5392697,0.5392697
0.51386666,0.51386666
0.43537563,0.43537563
0.4549474,0.4549474
0.44210523,0.44210523
0.48964837,0.48964837
0.5238589,0.5238589
0.47080246,0.47080246
0.4879177,0.4879177
0.5417486,0.5417486
0.4898067,0.4898067
0.5026026,0.5026026
0.53086346,0.53086346
0.51773566,0.51773566
0.5262701,0.5262701
0.52724886,0.52724886
0.52663183,0.52663183
0.54586977,0.54586977
0.40249988,0.40249988
0.47976533,0.47976533
0.5122966,0.5122966
0.4507882,0.4507882
0.52448714,0.52448714
0.5265956,0.5265956
0.5100166,0.5100166
0.5040842,0.5040842
0.4828421,0.4828421
0.47286454,0.47286454
0.4977393,0.4977393
0.5142993,0.5142993
0.49376193,0.49376193
0.47631124,0.47631124
0.4580752,0.4580752
0.47993436,0.47993436
0.49040213,0.49040213
0.4519523,0.4519523
0.42344108,0.42344108
0.5095542,0.5095542
0.47962832,0.47962832
0.5084992,0.5084992
0.5145686,0.5145686
0.5307026,0.5307026
0.4931237,0.4931237
0.49461588,0.49461588
0.48867854,0.48867854
0.5318888,0.5318888
0.47580382,0.47580382
0.4520776,0.4520776
0.4628576,0.4628576
0.46136442,0.46136442
0.48276475,0.48276475
0.4739028,0.4739028
0.5090163,0.5090163
0.52592474,0.52592474
0.4372642,0.4372642
0.43842614,0.43842614
0.47548768,0.47548768
0.43747935,0.43747935
0.42973897,0.42973897
0.5345566,0.5345566
0.45983782,0.45983782
0.47776374,0.47776374
0.46487018,0.46487018
0.53046465,0.53046465
0.53317857,0.53317857
0.4460108,0.4460108
0.5150175,0.5150175
0.4683334,0.4683334
0.54635847,0.54635847
0.5127017,0.5127017
0.45966175,0.45966175
0.46695143,0.46695143
0.45820233,0.45820233
0.5478333,0.5478333
0.44996208,0.44996208
0.42778012,0.42778012
0.43481284,0.43481284
0.46471325,0.46471325
0.51402676,0.51402676
0.4328442,0.4328442
0.4938964,0.4938964
0.45078832,0.45078832
0.47426724,0.47426724
0.43686944,0.43686944
0.44357044,0.44357044
0.48409104,0.48409104
0.45804346,0.45804346
0.5596219,0.5596219
0.4819177,0.4819177
0.48227885,0.48227885
0.46708342,0.46708342
0.45538983,0.45538983
0.47509316,0.47509316
0.5279249,0.5279249
0.4575322,0.4575322
0.46149892,0.46149892
0.46781042,0.46781042
0.4584807,0.4584807
0.5232284,0.5232284
0.4561698,0.4561698
0.48830095,0.48830095
0.4649915,0.4649915
0.5074742,0.5074742
0.50135607,0.50135607
0.41037598,0.41037598
0.44206035,0.44206035
0.43368426,0.43368426
0.48506173,0.48506173
0.5042881,0.5042881
0.46178567,0.46178567
0.45674595,0.45674595
0.544805,0.544805
0.5248359,0.5248359
0.44576597,0.44576597
0.49130037,0.49130037
0.45584062,0.45584062
0.46227285,0.46227285
0.5032976,0.5032976
0.49530765,0.49530765
0.50865823,0.50865823
0.55394214,0.55394214
0.5239065,0.5239065
0.5397052,0.5397052
0.5137483,0.5137483
0.53088546,0.53088546
0.48246974,0.48246974
0.535085,0.535085
0.5008004,0.5008004
0.4490768,0.4490768
0.50540864,0.50540864
0.52403396,0.52403396
0.47306594,0.47306594
0.50195295,0.50195295
0.47902948,0.47902948
0.5229302,0.5229302
0.46194437,0.46194437
0.4258489,0.4258489
0.48266205,0.48266205
0.45880252,0.45880252
0.50084555,0.50084555
0.53815025,0.53815025
0.4885977,0.4885977
0.46532407,0.46532407
0.45546988,0.45546988
0.4405227,0.4405227
0.45198214,0.45198214
0.43410048,0.43410048
0.4591813,0.4591813
0.47823167,0.47823167
0.445129,0.445129
0.43701544,0.43701544
0.4923329,0.4923329
0.48833767,0.48833767
0.5174509,0.5174509
0.48647138,0.48647138
0.5019362,0.5019362
0.53486085,0.53486085
0.5221612,0.5221612
0.501479,0.501479
0.47329384,0.47329384
0.44416282,0.44416282
0.5148503,0.5148503
0.46199274,0.46199274
0.49800918,0.49800918
0.49682823,0.49682823
0.51218164,0.51218164
0.50519437,0.50519437
0.55285746,0.55285746
0.4699467,0.4699467
0.49431682,0.49431682
0.49412802,0.49412802
0.476568,0.476568
0.55866295,0.55866295
0.4385297,0.4385297
0.49840435,0.49840435
0.45186892,0.45186892
0.48223588,0.48223588
0.51041156,0.51041156
0.51329255,0.51329255
0.53618556,0.53618556
0.52413756,0.52413756
0.49102548,0.49102548
0.5171828,0.5171828
0.4811757,0.4811757
0.49562064,0.49562064
0.46648553,0.46648553
0.5131068,0.5131068
0.50190955,0.50190955
0.486319,0.486319
0.5111959,0.5111959
0.4761108,0.4761108
0.49353367,0.49353367
0.50901514,0.50901514
0.49042845,0.49042845
0.48536462,0.48536462
0.48031965,0.48031965
0.5026233,0.5026233
0.45931506,0.45931506
0.50301516,0.50301516
0.5448708,0.5448708
0.5461087,0.5461087
0.52572805,0.52572805
0.52302086,0.52302086
0.4680938,0.4680938
0.5009906,0.5009906
0.5296877,0.5296877
0.48902068,0.48902068
0.53225315,0.53225315
0.4780054,0.4780054
0.5223271,0.5223271
0.50274396,0.50274396
0.4961634,0.4961634
0.51684284,0.51684284
0.43139988,0.43139988
0.4675651,0.4675651
0.4154297,0.4154297
0.49820665,0.49820665
0.49099648,0.49099648
0.4603344,0.4603344
0.49383593,0.49383593
0.47600967,0.47600967
0.44630936,0.44630936
0.49697146,0.49697146
0.43584293,0.43584293
0.497616,0.497616
0.48251534,0.48251534
0.5014009,0.5014009
0.5218886,0.5218886
0.5157249,0.5157249
0.4802139,0.4802139
0.5021529,0.5021529
0.490914,0.490914
0.50696886,0.50696886
0.4482747,0.4482747
0.4977739,0.4977739
0.48856807,0.48856807
0.51320595,0.51320595
0.55380976,0.55380976
0.4993917,0.4993917
0.52182555,0.52182555
0.5076639,0.5076639
0.5111421,0.5111421
0.5432588,0.5432588
0.48927632,0.48927632
0.5357892,0.5357892
0.48216054,0.48216054
0.509108,0.509108
0.4844188,0.4844188
0.47174072,0.47174072
0.49246314,0.49246314
0.53725696,0.53725696
0.48044616,0.48044616
0.53276056,0.53276056
0.5150144,0.5150144
0.4980597,0.4980597
0.46080685,0.46080685
0.4906606,0.4906606
0.46984637,0.46984637
0.5310066,0.5310066
0.49887857,0.49887857
0.49387434,0.49387434
0.54395777,0.54395777
0.4778627,0.4778627
0.47297978,0.47297978
0.51056415,0.51056415
0.5171459,0.5171459
0.5318188,0.5318188
0.46113688,0.46113688
0.50322586,0.50322586
0.5221808,0.5221808
0.50934654,0.50934654
0.5549158,0.5549158
0.53208905,0.53208905
0.49288502,0.49288502
0.5026851,0.5026851
0.5345947,0.5345947
0.5271071,0.5271071
0.5366533,0.5366533
0.5250631,0.5250631
0.51393163,0.51393163
0.49145,0.49145
0.49100664,0.49100664
0.47702244,0.47702244
0.4489092,0.4489092
0.54428744,0.54428744
0.46581757,0.46581757
0.48778424,0.48778424
0.51221836,0.51221836
0.48566976,0.48566976
0.48712945,0.48712945
0.4660706,0.4660706
0.45921898,0.45921898
0.46620142,0.46620142
0.5133767,0.5133767
0.4573555,0.4573555
0.5270232,0.5270232
0.49159753,0.49159753
0.49429664,0.49429664
0.49685618,0.49685618
0.48120824,0.48120824
0.4559085,0.4559085
0.4754842,0.4754842
0.4819443,0.4819443
0.5098477,0.5098477
0.47773558,0.47773558
0.489029,0.489029
0.553753,0.553753
0.5126663,0.5126663
0.50726235,0.50726235
0.5314334,0.5314334
0.49251756,0.49251756
0.5225941,0.5225941
0.49730095,0.49730095
0.5335923,0.5335923
0.55806905,0.55806905
0.519779,0.519779
0.47087654,0.47087654
0.54030704,0.54030704
0.45529205,0.45529205
0.5126948,0.5126948
0.5352021,0.5352021
0.49080524,0.49080524
0.4650065,0.4650065
0.53288764,0.53288764
0.58625877,0.58625877
0.4883189,0.4883189
0.46527505,0.46527505
0.51753527,0.51753527
0.51606435,0.51606435
0.499591,0.499591
0.50093853,0.50093853
0.51894164,0.51894164
0.51855695,0.51855695
0.45389682,0.45389682
0.53205526,0.53205526
0.46734485,0.46734485
0.5223878,0.5223878
0.5197341,0.5197341
0.521521,0.521521
0.49552843,0.49552843
0.5242774,0.5242774
0.45042336,0.45042336
0.4567582,0.4567582
0.46486813,0.46486813
0.44360372,0.44360372
0.40802178,0.40802178
0.46649995,0.46649995
0.5124705,0.5124705
0.5294183,0.5294183
0.50953984,0.50953984
0.48685002,0.48685002
0.5056884,0.5056884
0.45635396,0.45635396
0.5646139,0.5646139
0.47795102,0.47795102
0.46943337,0.46943337
0.5180143,0.5180143
0.5021738,0.5021738
0.47328937,0.47328937
0.5287605,0.5287605
0.48140994,0.48140994
0.55733883,0.55733883
0.50022316,0.50022316
0.4524961,0.4524961
0.55677986,0.55677986
0.53005517,0.53005517
0.50591165,0.50591165
0.46123135,0.46123135
0.50613207,0.50613207
0.48942673,0.48942673
0.5037681,0.5037681
0.50417364,0.50417364
0.46786538,0.46786538
0.5106157,0.5106157
0.46010357,0.46010357
0.42047128,0.42047128
0.39790842,0.39790842
0.4722782,0.4722782
0.45390975,0.45390975
0.44494143,0.44494143
0.46938834,0.46938834
0.49192554,0.49192554
0.53717995,0.53717995
0.50630254,0.50630254
0.5220163,0.5220163
0.5583278,0.5583278
0.52627736,0.52627736
0.4839225,0.4839225
0.51375836,0.51375836
0.51464236,0.51464236
0.50938,0.50938
0.52560246,0.52560246
0.4922314,0.4922314
0.53418565,0.53418565
0.48560607,0.48560607
0.4859885,0.4859885
0.5124028,0.5124028
0.45016694,0.45016694
0.44086066,0.44086066
0.5027152,0.5027152
0.5037991,0.5037991
0.4977089,0.4977089
0.5186546,0.5186546
0.45041227,0.45041227
0.48922548,0.48922548
0.5174941,0.5174941
0.51047647,0.51047647
0.45986545,0.45986545
0.47186053,0.47186053
0.51029354,0.51029354
0.4590161,0.4590161
0.5023711,0.5023711
0.50059736,0.50059736
0.5020741,0.5020741
0.5306479,0.5306479
0.5069968,0.5069968
0.48030075,0.48030075
0.4942744,0.4942744
0.5175605,0.5175605
0.46823213,0.46823213
0.49376497,0.49376497
0.4918589,0.4918589
0.47964218,0.47964218
0.5176224,0.5176224
0.49678162,0.49678162
0.5450426,0.5450426
0.51990795,0.51990795
0.5147586,0.5147586
0.50843984,0.50843984
0.4767156,0.4767156
0.5192288,0.5192288
0.46049616,0.46049616
0.49511322,0.49511322
0.50367916,0.50367916
0.45405337,0.45405337
0.4685693,0.4685693
0.44380897,0.44380897
0.45556754,0.45556754
0.47850597,0.47850597
0.47884455,0.47884455
0.5386806,0.5386806
0.5149043,0.5149043
0.4761467,0.4761467
0.44496676,0.44496676
0.477071,0.477071
0.5064782,0.5064782
0.5381129,0.5381129
0.47167143,0.47167143
0.4393961,0.4393961
0.48124516,0.48124516
0.5194735,0.5194735
0.4688512,0.4688512
0.50708723,0.50708723
0.5040487,0.5040487
0.5180483,0.5180483
0.5029583,0.5029583
0.5424913,0.5424913
0.5062247,0.5062247
0.49686316,0.49686316
0.52386594,0.52386594
0.4857538,0.4857538
0.4916697,0.4916697
0.5157087,0.5157087
0.524429,0.524429
0.5683831,0.5683831
0.5322979,0.5322979
0.5283303,0.5283303
0.5143727,0.5143727
0.5150473,0.5150473
0.5005805,0.5005805
0.49350718,0.49350718
0.49598342,0.49598342
0.54253054,0.54253054
0.4745285,0.4745285
0.52850026,0.52850026
0.5248382,0.5248382
0.4528568,0.4528568
0.4680467,0.4680467
0.526675,0.526675
0.4902847,0.4902847
0.5116525,0.5116525
0.57050806,0.57050806
0.5178169,0.5178169
0.51481104,0.51481104
0.50834614,0.50834614
0.47803655,0.47803655
0.50544035,0.50544035
0.510305,0.510305
0.49046966,0.49046966
0.5092203,0.5092203
0.50347173,0.50347173
0.46270147,0.46270147
0.46448404,0.46448404
0.5117381,0.5117381
0.5421182,0.5421182
0.5068606,0.5068606
0.5211891,0.5211891
0.5321803,0.5321803
0.53847545,0.53847545
0.4790074,0.4790074
0.47570562,0.47570562
0.49204987,0.49204987
0.5032541,0.5032541
0.55014193,0.55014193
0.48248547,0.48248547
0.4969833,0.4969833
0.49571118,0.49571118
0.5066226,0.5066226
0.47494578,0.47494578
0.48656484,0.48656484
0.49449953,0.49449953
0.52457935,0.52457935
0.54290724,0.54290724
0.46147352,0.46147352
0.5127365,0.5127365
0.4928111,0.4928111
0.4899111,0.4899111
0.5200878,0.5200878
0.50733757,0.50733757
0.49284637,0.49284637
0.5306208,0.5306208
0.49952978,0.49952978
0.4965633,0.4965633
0.4899321,0.4899321
0.5104425,0.5104425
0.50870585,0.50870585
0.48994228,0.48994228
0.50627476,0.50627476
0.51001275,0.51001275
0.4852668,0.4852668
0.55277294,0.55277294
0.50156903,0.50156903
0.48962888,0.48962888
0.5093938,0.5093938
0.5000061,0.5000061
0.5206197,0.5206197
0.51171964,0.51171964
0.49404764,0.49404764
0.5590151,0.5590151
0.516125,0.516125
0.5417929,0.5417929
0.5438084,0.5438084
0.483842,0.483842
0.49974203,0.49974203
0.56692624,0.56692624
0.493026,0.493026
0.53799856,0.53799856
0.4790778,0.4790778
0.543114,0.543114
0.5227986,0.5227986
0.5349722,0.5349722
0.5156299,0.5156299
0.50264364,0.50264364
0.5161766,0.5161766
0.5068819,0.5068819
0.48940992,0.48940992
0.5175323,0.5175323
0.44306675,0.44306675
0.4324422,0.4324422
0.48545316,0.48545316
0.5068404,0.5068404
0.4882424,0.4882424
0.51746744,0.51746744
0.48318997,0.48318997
0.5276744,0.5276744
0.5366515,0.5366515
0.52573514,0.52573514
0.55452496,0.55452496
0.5026436,0.5026436
0.45099315,0.45099315
0.43627653,0.43627653
0.5584539,0.5584539
0.5114277,0.5114277
0.5109367,0.5109367
0.46163538,0.46163538
0.5359995,0.5359995
0.628239,0.628239
0.5096096,0.5096096
0.4851071,0.4851071
0.56362295,0.56362295
0.5112819,0.5112819
0.52227145,0.52227145
0.49758136,0.49758136
0.5002724,0.5002724
0.541461,0.541461
0.5481126,0.5481126
0.46990508,0.46990508
0.48726642,0.48726642
0.5744789,0.5744789
0.52064097,0.52064097
0.5025704,0.5025704
0.53992844,0.53992844
0.49405515,0.49405515
0.4710946,0.4710946
0.5522377,0.5522377
0.5043593,0.5043593
0.49770612,0.49770612
0.51636195,0.51636195
0.47412306,0.47412306
0.49591273,0.49591273
0.5152615,0.5152615
0.46669394,0.46669394
0.51311946,0.51311946
0.49952608,0.49952608
0.5106052,0.5106052
0.44802454,0.44802454
0.4670489,0.4670489
0.472982,0.472982
0.49938783,0.49938783
0.4611712,0.4611712
0.4754282,0.4754282
0.4742692,0.4742692
0.46089876,0.46089876
0.4914367,0.4914367
0.45109412,0.45109412
0.43346912,0.43346912
0.43836144,0.43836144
0.51046187,0.51046187
0.50360495,0.50360495
0.42981306,0.42981306
0.46330217,0.46330217
0.49507523,0.49507523
0.49488133,0.49488133
0.51286227,0.51286227
0.5416615,0.5416615
0.4544688,0.4544688
0.42955408,0.42955408
0.4432293,0.4432293
0.4947332,0.4947332
0.5338608,0.5338608
0.50109535,0.50109535
0.4913974,0.4913974
0.45233512,0.45233512
0.56316286,0.56316286
0.5313352,0.5313352
0.50182563,0.50182563
0.50245756,0.50245756
0.5529355,0.5529355
0.4941828,0.4941828
0.5169863,0.5169863
0.47319645,0.47319645
0.4772962,0.4772962
0.5077017,0.5077017
0.5462328,0.5462328
0.5041934,0.5041934
0.52182865,0.52182865
0.503855,0.503855
0.50198513,0.50198513
0.4827872,0.4827872
0.5422201,0.5422201
0.49637124,0.49637124
0.4394115,0.4394115
0.49400234,0.49400234
0.4830659,0.4830659
0.4891329,0.4891329
0.4963368,0.4963368
0.48504758,0.48504758
0.50753284,0.50753284
0.5365936,0.5365936
0.49950847,0.49950847
0.46476465,0.46476465
0.5065094,0.5065094
0.50675374,0.50675374
0.48284143,0.48284143
0.4600795,0.4600795
0.4548609,0.4548609
0.45674562,0.45674562
0.43236417,0.43236417
0.47239336,0.47239336
0.47920677,0.47920677
0.464821,0.464821
0.4694643,0.4694643
0.53624856,0.53624856
0.46421352,0.46421352
0.4906256,0.4906256
0.5101603,0.5101603
